benchmark_id,claim,gold_label,label_text,source_dataset,source_report_id,source_claim_cluster,organisation,date_published,verdict_raw,verdict_normalized,source_url
FACTURK-0001,"ABD’de yeni çıkan bir yasa ile, “küçük çocukların aile onayı almadan cinsiyet değiştirmesine” izin verileceği iddia edildi . İddiada “aile onayını alamayan çocukların” trans sığınma evlerine yerleştirileceği gibi ifadeler de yer aldı",0,false,ealtuncu/FACTurk,0963c8536bf8dad0,cluster_2952,Doğruluk Payı,2023-04-27T16:54:07+00:00,Yanlış,False,https://www.dogrulukpayi.com/dogruluk-kontrolu/abd-de-cikan-bir-yasa-cocuklarin-aile-izni-olmadan-cinsiyet-degistirmesine-izin-mi-veriyor
FACTURK-0002,Çeşitli Kodlarla Telefonunuzun Dinlenip Dinlenmediğinin Takibe Alınıp Alınmadığının Öğrenilebileceği,0,false,ealtuncu/FACTurk,d07d986169950a8c,cluster_8081,Malumatfuruş,2021-03-21T00:00:00+00:00,YANLIS,false,https://www.malumatfurus.org/telefonun-dinlenip-dinlenmedigini-anlamanin-yolu/
FACTURK-0003,Çin'in Ay'a götürdüğü pamuk tohumlarının filizlendiği,1,true,ealtuncu/FACTurk,2ba86032abd54321,cluster_14825,Teyit,2019-01-17T00:00:00+00:00,Doğru,True,https://teyit.org/analiz/cinin-aya-goturdugu-pamuk-tohumlarinin-filizlendigi-iddiasi
FACTURK-0004,Galatasaray’ın 2000 yılında aldığı UEFA kupasının dönemin 3 numaralı kupası olduğu ve 2023/2024 sezonunda Fenerbahçe’nin oynadığı Konferans Ligi kupası ile eşdeğer olduğu,0,false,ealtuncu/FACTurk,37f274208041aaa3,cluster_9189,Malumatfuruş,2023-10-07T00:00:00+00:00,YANLIS,false,https://www.malumatfurus.org/uefa-kupasi-kupa-2/
FACTURK-0005,B sınıfı ehliyete sahip olmanın 125 cc’ye kadar olan motosikletleri kullanmak için yeterli olduğu,0,false,ealtuncu/FACTurk,30613203cdeca606,cluster_4116,Doğruluk Payı,2025-04-08T14:57:29+00:00,Kısmen Yanlış,False,https://www.dogrulukpayi.com/dogruluk-kontrolu/b-sinifi-ehliyete-sahip-olmak-125-cc-ye-kadar-olan-motosikletler-kullanmak-icin-yeterli-mi
FACTURK-0006,Videonun Rus arama kurtarma personelinin enkazdan çaldığı paraları gösterdiği,0,false,ealtuncu/FACTurk,76da5625ffdf4640,cluster_623,Doğrula,,Yanlış,False,https://www.dogrula.org/dogrulamalar/videonun-rus-arama-kurtarma-personelinin-enkazdan-caldigi-paralari-gosterdigi-iddiasi/
FACTURK-0007,Bir X hesabı tarafından 21 Nisan 2024 tarihinde paylaşılan videonun Türkiye ile ilişkili olduğu ve 10 bin avronun üstünde döviz girişinden gümrük vergisi alındığı,0,false,ealtuncu/FACTurk,d0d69ce597c5b917,cluster_3548,Doğruluk Payı,2024-04-23T14:26:58+00:00,Yanlış,False,https://www.dogrulukpayi.com/dogruluk-kontrolu/kur-an-i-kerim-icinde-yakalanan-para-goruntuleri-turkiye-yle-mi-iliskili
FACTURK-0008,TRT Haber'in “3 bin yıllık cami restore edildi” başlıklı haber yaptığı,1,true,ealtuncu/FACTurk,b5592b066336fb68,cluster_15101,Teyit,2018-04-23T00:00:00+00:00,Doğru,True,https://teyit.org/analiz/trt-haberin-3-bin-yillik-cami-restore-edildi-baslikli-haber-yaptigi-iddiasi
FACTURK-0009,"Eski Dışişleri Bakanı Tevfik Rüştü Aras, ""Domuz çok güzel bir gıdadır"" dedi",1,true,ealtuncu/FACTurk,f2ff4b138fc504fb,cluster_96,Doğrula,,Doğru,True,https://www.dogrula.org/dogrulamalar/eski-disisleri-bakani-tevfik-rustu-aras-domuz-cok-guzel-bir-gidadir-dedi-mi/
FACTURK-0010,Anadolu Ajansının Taksim'de Doğal Gaz Bulunduğu Yönünde Bir Haber Yayımladığı,0,false,ealtuncu/FACTurk,cfbbcba3f61c5427,cluster_8831,Malumatfuruş,2022-12-31T00:00:00+00:00,YANLIS,false,https://www.malumatfurus.org/taksimde-dogalgaz-bulundu/
FACTURK-0011,Biraz Yorgunum Başlıklı Şiirin Erdem Bayazıt'a Ait Olduğu,0,false,ealtuncu/FACTurk,e844081d07fdef92,cluster_6588,Malumatfuruş,2021-12-06T00:00:00+00:00,YANLIS,false,https://www.malumatfurus.org/biraz-yorgunum-siiri/
FACTURK-0012,İnsan ve nesneleri görünmez yapabilen “Mega Kalkan” gerçek,1,true,ealtuncu/FACTurk,c2862e3be87582fd,cluster_10969,Teyit,2024-04-12T00:00:00+00:00,Doğru,True,https://teyit.org/analiz/insan-ve-nesneleri-gorunmez-yapabilen-mega-kalkan-gercek-mi
FACTURK-0013,"2020 İslamilik Endeksi’ne göre, İslam’a en uygun yaşayan ülkeler sıralamasında Türkiye 100. sırada yer alıyor",1,true,ealtuncu/FACTurk,ffcbd1043ecc9ff0,cluster_1888,Doğruluk Payı,2021-07-27T14:33:15+00:00,Doğru,True,https://www.dogrulukpayi.com/dogruluk-kontrolu/2020-islamilik-endeksi-siralamalarina-yonelik-iddialar
FACTURK-0014,videodaki görüntülerin Sudan İç Savaşı’na ait olduğu,0,false,ealtuncu/FACTurk,4ddb840df4eb8c98,cluster_1522,Doğruluk Payı,2025-11-14T10:37:16+00:00,Kısmen Yanlış,False,https://www.dogrulukpayi.com/dogruluk-kontrolu/videodaki-goruntuler-sudan-ic-savasi-na-mi-ait
FACTURK-0015,Andrew Tate'in Greta Thunberg'e Yanıt Videosunda Görülen Pizza Kutusu Sayesinde Romanya Polisi Tarafından Yakalanabildiği,0,false,ealtuncu/FACTurk,42625883d9495872,cluster_8833,Malumatfuruş,2022-12-31T00:00:00+00:00,YANLIS,false,https://www.malumatfurus.org/andrew-tate-greta-thunberg-pizza/
FACTURK-0016,Diyanetin baldızla zinanın nikaha zarar vermeyeceği fetvası yayınladığı,1,true,ealtuncu/FACTurk,af0b8c55c911b37a,cluster_13002,Teyit,2021-10-22T00:00:00+00:00,Doğru,True,https://teyit.org/analiz/diyanetin-baldizla-zina-nikaha-zarar-vermez-fetvasi-verdigi-iddiasi
FACTURK-0017,445 kg’lık bir adamın X-Ray görünümü görseldeki gibidir,0,false,ealtuncu/FACTurk,62f79904a85b857b,cluster_2201,Doğruluk Payı,2022-01-30T14:57:35+00:00,Yanlış,False,https://www.dogrulukpayi.com/dogruluk-kontrolu/fotograf-445-kg-agirligindaki-bir-adamin-x-ray-goruntusu-mu-gosteriyor
FACTURK-0018,Epstein'i Tel Aviv'de bir berberde gösteren fotoğraf gerçek,0,false,ealtuncu/FACTurk,0f77ea87ba0225fd,cluster_9892,Teyit,2026-02-09T00:00:00+00:00,Yanlış,False,https://teyit.org/analiz/epsteini-tel-avivde-bir-berberde-gosteren-fotograf-gercek-mi
FACTURK-0019,Adana’da 6 milyar dolarlık jelibon bulunduğu,0,false,ealtuncu/FACTurk,db3294b68e6e8574,cluster_12563,Teyit,2022-06-29T00:00:00+00:00,Yanlış,False,https://teyit.org/analiz/adanada-6-milyar-dolarlik-jelibon-bulundugu-iddiasi
FACTURK-0020,Erdoğan’dan Şehirleri Bombalama Talimatı,0,false,ealtuncu/FACTurk,6abf5398a32e7601,cluster_5069,Günün Yalanları,2016-04-07T12:31:59+00:00,Yalan,False,https://gununyalanlari.com/yalan/417-ozgur-gundemin-erdogandan-sehirleri-bombalama-talimati-yalani
FACTURK-0021,Yalancının Mumu YaTSıya Kadar Yanar Atasözünün Doğrusunun YaSSı Adlı Mum Söndürme Aletine Dayanan Yalancının Mumu YaSSıya Kadar Yanar Şeklinde Olduğu,0,false,ealtuncu/FACTurk,4b3ddd951c932a52,cluster_9112,Malumatfuruş,2023-08-02T00:00:00+00:00,YANLIS,false,https://www.malumatfurus.org/yalancinin-mumu-yassiya-kadar-yanar/
FACTURK-0022,"bir araştırmanın pandeminin COVID geçirmeyen kişileri bile 5,5 ay daha hızlı yaşlandırdığı iddia edildi",1,true,ealtuncu/FACTurk,5055873fdbcbda54,cluster_4308,Doğruluk Payı,2025-07-30T15:43:54+00:00,Doğru,True,https://www.dogrulukpayi.com/dogruluk-kontrolu/bir-arastirmaya-gore-pandeminin-covid-gecirmeyen-kisileri-bile-5-5-ay-daha-hizli-yaslandirdigi-iddiasi-dogru-mu
FACTURK-0023,bir kişinin küre şeklindeki bir sanat eserinin içine girerek 50 yıl sonra açılmak üzere kendini müzeye koydurttuğu iddia edildi,0,false,ealtuncu/FACTurk,cb124d969abe1458,cluster_3562,Doğruluk Payı,2024-04-29T10:40:54+00:00,Yanlış,False,https://www.dogrulukpayi.com/dogruluk-kontrolu/video-bir-kisinin-bir-sanat-eseri-icerisinde-kendine-50-yilligina-muzeye-kapattigini-mi-gosteriyor
FACTURK-0024,Ukraynalı Satranç Oyuncusu Anna Muzychuk'un 2017 Yılında Suudi Arabistan'da Düzenlenen Kadınlar Dünya Satranç Şampiyonasını Kadınlara Yöenlik Kısıtlamaları Protesto Ederek Katılmama Kararı Aldığı,1,true,ealtuncu/FACTurk,d224a0e025d2b468,cluster_9244,Malumatfuruş,2023-11-29T00:00:00+00:00,DOGRU,Dogru,https://www.malumatfurus.org/anna-muzychuk-suudi-arabistan-protesto/
FACTURK-0025,"TSK, Kimyasal Silah Kullanıyor",0,false,ealtuncu/FACTurk,fe7c8a1583221348,cluster_5232,Günün Yalanları,2016-08-26T17:27:12+00:00,Yalan,False,https://gununyalanlari.com/yalan/537-pkk-hdpnin-tsk-kimyasal-silah-kullaniyor-iddiasi
FACTURK-0026,Darülaceze'ye nakledilecek depremzede çocuklar için gönüllülere ihtiyaç olduğu,0,false,ealtuncu/FACTurk,644179ee55c2ffa6,cluster_676,Doğrula,2023-02-13T13:38:07+00:00,Yanlış,False,https://www.dogrula.org/dogrulamalar/darulacezeye-nakledilecek-depremzede-cocuklar-icin-gonullulere-ihtiyac-oldugu-iddiasi/
FACTURK-0027,Kanada-Fas maçında TRT spikerinin devre arasında değiştirildiği,1,true,ealtuncu/FACTurk,5af0a485b4a2a751,cluster_12255,Teyit,2022-12-02T00:00:00+00:00,Doğru,True,https://teyit.org/analiz/kanada-fas-macinda-trt-spikerinin-devre-arasinda-degistigi-iddiasi
FACTURK-0028,Videonun Jeffrey Epstein'ın Adasında İşkence Gören Türk Çocuğunun Özür Dilerim Arthur Dediği Ana Ait Olduğu,1,true,ealtuncu/FACTurk,af9eaac37ef0709d,cluster_9289,Malumatfuruş,2024-01-10T00:00:00+00:00,DOGRU,Dogru,https://www.malumatfurus.org/epstein-adasindaki-turk-cocugu/
FACTURK-0029,Utah'da gizemli bir monolit bulunduğu,1,true,ealtuncu/FACTurk,7d609fdb2570e625,cluster_13581,Teyit,2020-11-26T00:00:00+00:00,Doğru,True,https://teyit.org/analiz/utahda-gizemli-bir-monolit-bulundugu-iddiasi
FACTURK-0030,Bir X hesabı tarafından 20 Nisan 2025’te paylaşılan bir gönderide Ataşehir’de AK-47 ile para çekmek isteyen bir kişinin tutuklanıp serbest bırakıldığı,0,false,ealtuncu/FACTurk,d39e43ea7845cd4c,cluster_4151,Doğruluk Payı,2025-04-24T15:36:27+00:00,Yanlış,False,https://www.dogrulukpayi.com/dogruluk-kontrolu/atm-ye-ak-47-ile-gidip-para-ceken-kisinin-serbest-kaldigi-iddiasi-dogru-mu
FACTURK-0031,Bandırma 17 Eylül Üniversitesi'nin Mezuniyet Törenlerinde Topuklu Ayakkabı Giyilmesini Yasakladığı,1,true,ealtuncu/FACTurk,6c488b9e1634d65d,cluster_9465,Malumatfuruş,2024-08-09T00:00:00+00:00,DOGRU,Dogru,https://www.malumatfurus.org/mezuniyet-toreni-topuklu-ayakkabi/
FACTURK-0032,Bitlis'teki cami minaresine AK Parti'nin seçim afişi asıldığı,1,true,ealtuncu/FACTurk,9fff6d8a9070a184,cluster_15051,Teyit,2018-06-11T00:00:00+00:00,Doğru,True,https://teyit.org/analiz/bitlisteki-cami-minaresine-ak-partinin-secim-afisi-asildigi-iddiasi
FACTURK-0033,Shakira'yı Türkiye’de bir markette gösteren fotoğraf gerçek,1,true,ealtuncu/FACTurk,dda0ae9a28b7d6eb,cluster_10371,Teyit,2025-01-15T00:00:00+00:00,Doğru,True,https://teyit.org/analiz/shakirayi-turkiyede-bir-markette-gosteren-fotograf-gercek-mi
FACTURK-0034,"Bir X hesabı tarafından 14 Eylül 2024 tarihinde yapılan video paylaşımında, Bill Gates’in aşılara karşı çıkanları susturmak için yapay zekayı kullanacaklarına dair bir açıklama yaptığı",0,false,ealtuncu/FACTurk,2e0f106d184216b2,cluster_3795,Doğruluk Payı,2024-09-23T12:33:42+00:00,Yanlış,False,https://www.dogrulukpayi.com/dogruluk-kontrolu/bill-gates-asilara-karsi-cikanlari-susturmak-icin-yapay-zekayi-kullanacaklarina-dair-bir-aciklamada-bulundu-mu
FACTURK-0035,Uçağın üzerindeki insanları gösteren fotoğraf gerçek,1,true,ealtuncu/FACTurk,69fe1aa28a68a5d1,cluster_11133,Teyit,2024-01-26T00:00:00+00:00,Doğru,True,https://teyit.org/analiz/ucagin-uzerindeki-insanlari-gosteren-fotograf-gercek-mi
FACTURK-0036,İngiltere’nin hamile ve emziren kadınlar için aşı önerisini kaldırdığı iddia edildi,0,false,ealtuncu/FACTurk,568039d673b3d49a,cluster_2568,Doğruluk Payı,2022-09-13T10:24:50+00:00,Yanlış,False,https://www.dogrulukpayi.com/dogruluk-kontrolu/ingiltere-hamile-kadinlar-icin-asi-onerisini-kaldirdi-mi
FACTURK-0037,"Bir erkeğin EKG kalp monitörünün elektrotlarının göğsü yerine yüzüne yerleştirildiği, saturasyon cihazının parmağına değil burnuna takıldığı görülen görselin Filistin'da kaydedildiği, bu durumun Filistinlilerin sahte yaralı görüntüleri hazırladığını ortaya koyduğu",0,false,ealtuncu/FACTurk,409b6418e13bea14,cluster_5981,Malumatfuruş,2023-11-28T00:00:00+00:00,YANLIS,false,https://www.malumatfurus.org/sahte-yarali/
FACTURK-0038,"Ben Timur zamanında gelseydim, O’nun yaptığı işleri başaramazdım. O, benim zamanımda gelseydi, yaptıklarımdan daha büyüklerini yapardı sözünün Mustafa Kemal Atatürk'e ait olduğu",1,true,ealtuncu/FACTurk,7a84bf64ec06f711,cluster_5707,Malumatfuruş,2025-05-20T00:00:00+00:00,DOGRU,Dogru,https://www.malumatfurus.org/ataturk-timur/
FACTURK-0039,Hırvatistan’da 4 lira 20 kuruşa ev satıldığı,1,true,ealtuncu/FACTurk,0b4b40d67dc5d4d5,cluster_11125,Teyit,2024-01-30T00:00:00+00:00,Doğru,True,https://teyit.org/analiz/hirvatistanda-4-lira-20-kurusa-ev-satildigi-iddiasi
FACTURK-0040,Videodaki şeffaf kanatlı kelebek gerçek,1,true,ealtuncu/FACTurk,f2a3d5447fb7f71d,cluster_11326,Teyit,2023-11-14T00:00:00+00:00,Doğru,True,https://teyit.org/analiz/videodaki-seffaf-kanatli-kelebek-gercek-mi
FACTURK-0041,Fotoğrafın Erdoğan ve Soros'u aynı masada gösterdiği,1,true,ealtuncu/FACTurk,46c69a05ca3bbbf2,cluster_14881,Teyit,2018-11-23T00:00:00+00:00,Doğru,True,https://teyit.org/analiz/fotografin-erdogan-ve-sorosu-ayni-masada-gosterdigi-iddiasi
FACTURK-0042,"Dünyada En Kısa Süre Orucun Tutulduğu Yerin Umman'daki Vakan Köyü Olduğu ve Bu Köyde Günde Sadece 3,5 Saat Oruç Tutulduğu",0,false,ealtuncu/FACTurk,8b8b34f6717ab1e8,cluster_9628,Malumatfuruş,2025-03-16T00:00:00+00:00,YANLIS,false,https://www.malumatfurus.org/en-uzun-sure-oruc-tutan/
FACTURK-0043,"Rus güçlerinin, ele geçirdiği Mariupol şehrine Sovyetler Birliği bayrağı diktiği",0,false,ealtuncu/FACTurk,7ed8ef092118d9d1,cluster_1041,Doğrula,2022-06-13T14:05:41+00:00,Yanlış,False,https://www.dogrula.org/dogrulamalar/rus-guclerinin-ele-gecirdigi-mariupol-sehrine-sovyetler-birligi-bayragi-diktigi-iddiasi/
FACTURK-0044,ki videonun Rusya-Ukrayna çatışmaları sırasında terk edilen bir Rus askeri aracının nasıl kullanılacağını öğreten Ukraynalı bir kadını gösterdiği,0,false,ealtuncu/FACTurk,a6b8b27f2a2a025d,cluster_2261,Doğruluk Payı,2022-03-01T13:53:39+00:00,Yanlış,False,https://www.dogrulukpayi.com/dogruluk-kontrolu/video-terk-edilmis-rus-tanklarinin-nasil-kullanilacagini-ogreten-ukraynali-kadini-mi-gosteriyor
FACTURK-0045,"Video, yüklü kamyonun uçurumdan manevra yaparak kurtulduğu anı mı gösteriyor",0,false,ealtuncu/FACTurk,3d469e3962c821e3,cluster_889,Doğrula,2022-08-29T17:31:09+00:00,Yanlış,False,https://www.dogrula.org/dogrulamalar/kamyon-ucurum/
FACTURK-0046,İstanbul Havalimanı'nın şantiye alanını su bastığı,1,true,ealtuncu/FACTurk,d2448f833e3d4a6f,cluster_14868,Teyit,2018-12-20T00:00:00+00:00,Doğru,True,https://teyit.org/analiz/istanbul-havalimaninin-santiye-alanini-su-bastigi-iddiasi
FACTURK-0047,"Akşam, 'Atatürk Havalimanı güvenli' haberini saldırının ardından kaldırdı",1,true,ealtuncu/FACTurk,0bd85c89fb30ad97,cluster_15570,Teyit,2016-07-01T00:00:00+00:00,Doğru,True,https://teyit.org/analiz/aksam-ataturk-havalimani-guvenli-haberini-saldirinin-ardindan-kaldirdi
FACTURK-0048,Görseldeki burç isimlerinin Osmanlı Devleti’nde kullanıldığı,0,false,ealtuncu/FACTurk,faaabf57b0dd8ca4,cluster_12373,Teyit,2022-10-12T00:00:00+00:00,Yanlış,False,https://teyit.org/analiz/gorseldeki-burc-isimlerinin-osmanli-devletinde-kullanildigi-iddiasi
FACTURK-0049,Epstein ile Suudi Veliaht Prensi Selman'ın fotoğrafı dosyalarda mı yer alıyor,1,true,ealtuncu/FACTurk,b9a9108f16362976,cluster_9906,Teyit,2026-02-05T00:00:00+00:00,Doğru,True,https://teyit.org/analiz/epstein-ile-suudi-veliaht-prensi-selmanin-fotografi-dosyalarda-mi-yer-aliyor
FACTURK-0050,"Bir X hesabı tarafından 20 Kasım 2025 tarihinde paylaşılan gönderide, Ordinaryus Profesör Reşat Kaynar’ın Latife Hanım’ın mektupları hakkındaki itiraflarını gösterdiği iddia edildi",0,false,ealtuncu/FACTurk,5629f3bb935d6a9d,cluster_4485,Doğruluk Payı,2025-11-26T12:44:47+00:00,Yanlış,False,https://www.dogrulukpayi.com/dogruluk-kontrolu/ordinaryus-profesor-resat-kaynar-in-latife-hanim-in-mektuplari-hakkinda-itiraf-aciklamalari-dogru-mu
FACTURK-0051,Koronavirüsün Hiçbir Zaman İzole Edil(e)mediği,0,false,ealtuncu/FACTurk,9b43a6783895ea8a,cluster_8126,Malumatfuruş,2021-06-27T00:00:00+00:00,YANLIS,false,https://www.malumatfurus.org/koronavirus-izole/
FACTURK-0052,Bir Facebook hesabı tarafından 29 Ocak’ta yapılan bir paylaşımda İçecek Sektörü Analisti Garret Nelson’un Coca Cola’nın Türkiye’de satış yapmakta güçlük çektiğini söylediği,1,true,ealtuncu/FACTurk,8b0f70a5c9d9e342,cluster_3418,Doğruluk Payı,2024-01-30T15:22:42+00:00,Doğru,True,https://www.dogrulukpayi.com/dogruluk-kontrolu/icecek-endustrisi-analisti-garrett-nelson-un-coca-cola-nin-turkiye-deki-satislarindaki-dususun-tehlikeye-isaret-ettigini-soyledigi-dogru-mu
FACTURK-0053,Hürriyet gazetesinin Formula 1’in 2025 sezonunun açılış yarışı olan Avustralya Grand Prix'ini büyük hatalarla haberleştirdiği,1,true,ealtuncu/FACTurk,af497a07f6f8f832,cluster_4084,Doğruluk Payı,2025-03-18T11:40:20+00:00,Doğru,True,https://www.dogrulukpayi.com/dogruluk-kontrolu/gorsel-hurriyet-in-formula-1-ile-ilgili-hatali-haberini-mi-gosteriyor
FACTURK-0054,Cheetos’un şeklini maskotunun testislerinden aldığı,0,false,ealtuncu/FACTurk,8674cb842b97d275,cluster_10864,Teyit,2024-06-12T00:00:00+00:00,Yanlış,False,https://teyit.org/analiz/cheetosun-seklini-maskotunun-testislerinden-aldigi-iddiasi
FACTURK-0055,Konya Şeker’in 17 milyar 863 milyon TL borcu var,1,true,ealtuncu/FACTurk,f4cce4155d8d8ad9,cluster_1892,Doğruluk Payı,2021-07-27T14:56:48+00:00,Doğru,True,https://www.dogrulukpayi.com/dogruluk-kontrolu/konya-seker-in-17-milyar-863-milyon-tl-borcu-oldugu-iddiasi
FACTURK-0056,daki Augustus Tapınağı,0,false,ealtuncu/FACTurk,c9bfcfe98209e0d4,cluster_5179,Günün Yalanları,2016-06-21T19:28:05+00:00,Yalan,False,https://gununyalanlari.com/yalan/483-oda-tvnin-hacibayramdaki-augustus-tapinagina-is-makineleri-girdi-yalani
FACTURK-0057,görselde yer alan tablonun Jeffrey Epstein’in 1999 Gölcük Depremi öncesinde İstanbul’a geldiğini gösteren uçuş kayıtları olduğu,0,false,ealtuncu/FACTurk,aa743c34429350a5,cluster_4607,Doğruluk Payı,2026-02-13T16:58:18+00:00,Yanlış,False,https://www.dogrulukpayi.com/dogruluk-kontrolu/gorsel-epstein-in-1999-depremi-oncesi-istanbul-a-geldigini-mi-gosteriyor
FACTURK-0058,Fotoğrafın Köpek ve Çita Hız Yarışına Ait Olduğu,0,false,ealtuncu/FACTurk,9278b3fa20ec9e6b,cluster_9562,Malumatfuruş,2021-01-27T00:00:00+00:00,YANLIS,false,https://www.malumatfurus.org/kopek-cita-yarisi/
FACTURK-0059,Okullarda pandemi nedeniyle resim ve müzik dersleri kaldırılacak,0,false,ealtuncu/FACTurk,10328cc64fb324de,cluster_5470,Günün Yalanları,2020-08-08T11:06:55+00:00,Yalan,False,https://gununyalanlari.com/yalan/2651-okullarda-pandemi-nedeniyle-resim-ve-muzik-dersleri-kaldirilacak-yalani
FACTURK-0060,Lübnan'daki patlamayı IŞİD'in üstlendiği,0,false,ealtuncu/FACTurk,f765bc960697939e,cluster_13844,Teyit,2020-08-04T00:00:00+00:00,Yanlış,False,https://teyit.org/analiz/lubnandaki-patlamayi-isidin-ustlendigi-iddiasi
FACTURK-0061,Fotoğrafın 28 Yıldır Tır Şoförlüğü Yapan Erkeğin Yüzünün İki Yanında Farklı Ölçüde Deformasyona Yol Açan Güneş Yaşlanması Etkisini Gösterdiği,1,true,ealtuncu/FACTurk,1151683eae9a3fb5,cluster_5983,Malumatfuruş,2023-11-29T00:00:00+00:00,DOGRU,Dogru,https://www.malumatfurus.org/gunes-yaslanmasi/
FACTURK-0062,Videoda İsrail'in Gazze'ye Yönelik Saldırılarında Yıkılan Binanın Enkazı Altında Kalan Bebeğin Görüldüğü,0,false,ealtuncu/FACTurk,187c06460378e594,cluster_9525,Malumatfuruş,2024-10-28T00:00:00+00:00,YANLIS,false,https://www.malumatfurus.org/enkaz-altinda-kalan-bebek/
FACTURK-0063,"Linus Pauling, hemoglobin molekülünün değişiminden kaynaklandığı Orak hücre kansızlığının sebebi tespit etti",0,false,ealtuncu/FACTurk,bf8a8df71df57008,cluster_15708,Yalansavar,2015-06-27T08:52:58+00:00,Yanlış,False,https://yalansavar.org/2015/06/27/nobel-hastaligi-baltayi-tasa-vuran-otoriteler/
FACTURK-0064,Görselin ekmek çaldığı iddiasıyla mahkemeye çıkarılan çocuğu gösterdiği,0,false,ealtuncu/FACTurk,d0faf067a26906e0,cluster_12191,Teyit,2022-12-29T00:00:00+00:00,Yanlış,False,https://teyit.org/analiz/gorselin-ekmek-caldigi-iddiasiyla-mahkemeye-cikarilan-cocugu-gosterdigi-iddiasi
FACTURK-0065,İçişleri Bakanlığı logosu bulunan seçim görevlisi kartlarıyla ilgili iddia,1,true,ealtuncu/FACTurk,3a55d57147db443a,cluster_15033,Teyit,2018-06-24T00:00:00+00:00,Doğru,True,https://teyit.org/analiz/icisleri-bakanligi-logosu-bulunan-secim-gorevlisi-kartlariyla-ilgili-iddia
FACTURK-0066,Japonya Osaka’da Hamidiye markalı su satıldığı,1,true,ealtuncu/FACTurk,8c75a93262ce2b8d,cluster_1589,Doğruluk Payı,2021-01-18T13:17:26+00:00,Doğru,True,https://www.dogrulukpayi.com/dogruluk-kontrolu/japonya-osaka-da-hamidiye-markali-su-satildigi-iddiasi
FACTURK-0067,Yunanistan Başbakanı’nın yer aldığı video kaydı 2020'ye ait,0,false,ealtuncu/FACTurk,936b1107ae739e00,cluster_1385,Doğrula,2022-06-17T21:00:23+00:00,Yanlış,False,https://www.dogrula.org/dogrulamalar/yunanistan-basbakaninin-yer-aldigi-video-kaydi-2020ye-ait/
FACTURK-0068,Bir Facebook hesabı tarafından 29 Haziran 2024 tarihinde paylaşılan gönderide boykotlar sebebiyle McDonald’s’ın Mısır’dan çekilme kararı aldığı iddia edildi,0,false,ealtuncu/FACTurk,de2b9351180345b8,cluster_3682,Doğruluk Payı,2024-07-10T15:00:36+00:00,Yanlış,False,https://www.dogrulukpayi.com/dogruluk-kontrolu/mcdonald-s-boykot-sebebiyle-misir-dan-cekiliyor-mu
FACTURK-0069,Yerli tütün kullanımının 14 yıl içinde yüzde 42'den yüzde 12'ye gerilediği,1,true,ealtuncu/FACTurk,1d54656200ec7496,cluster_14960,Teyit,2018-08-21T00:00:00+00:00,Doğru,True,https://teyit.org/analiz/yerli-tutun-kullaniminin-14-yil-icinde-yuzde-42den-yuzde-12ye-geriledigi-iddiasi
FACTURK-0070,Kayanın altındaki binaları gösteren fotoğraf gerçek,1,true,ealtuncu/FACTurk,37a88e6525ddfd07,cluster_10981,Teyit,2024-04-11T00:00:00+00:00,Doğru,True,https://teyit.org/analiz/kayanin-altindaki-binalari-gosteren-fotograf-gercek-mi
FACTURK-0071,Görüntülerin Kahramanmaraş'ta deprem öncesi ve sonrasını gösterdiği,0,false,ealtuncu/FACTurk,3f9dc61f67102eef,cluster_669,Doğrula,2023-02-08T09:12:30+00:00,Yanlış,False,https://www.dogrula.org/dogrulamalar/goruntulerin-kahramanmarasin-deprem-oncesi-ve-sonrasini-gosterdigi-iddiasi/
FACTURK-0072,Görselde yer alan COVID-19 aşılarının etkinlik oranlarının olduğu,1,true,ealtuncu/FACTurk,7502485932eadf09,cluster_1666,Doğruluk Payı,2021-03-01T20:15:53+00:00,Doğru,True,https://www.dogrulukpayi.com/dogruluk-kontrolu/gorselde-yer-alan-covid-19-asilarinin-etkinlik-oranlarinin-oldugu-iddiasi
FACTURK-0073,Yüzü görünen ve elinde kitap tutan bir kadının yer aldığı eser Shamsia Hassani’ye ait,0,false,ealtuncu/FACTurk,77b8e59f207a5fc3,cluster_1977,Doğruluk Payı,2021-09-17T15:18:34+00:00,Yanlış,False,https://www.dogrulukpayi.com/dogruluk-kontrolu/gorselin-afganistanli-grafiti-sanatcisi-shamsia-hassani-ye-ait-bir-calisma-oldugu-iddiasi
FACTURK-0074,"The Matrix filmindeki kodlar, suşi tarifini verir",1,true,ealtuncu/FACTurk,0af373770b2822d1,cluster_1835,Doğruluk Payı,2021-06-23T15:16:43+00:00,Doğru,True,https://www.dogrulukpayi.com/dogruluk-kontrolu/matrix-teki-kodlarin-anlaminin-susi-tarifi-oldugu-iddiasi
FACTURK-0075,Haritanın Üzerine Takip Cihazı Takılan Bir Kartalın 20 Yıllık Göç Rotasını Gösterdiği,0,false,ealtuncu/FACTurk,8ab8c649c8f05add,cluster_9050,Malumatfuruş,2023-06-15T00:00:00+00:00,YANLIS,false,https://www.malumatfurus.org/kus-takip-cihazi/
FACTURK-0076,Ülker'in Coco Star Adlı Ürününde Hindistan Cevizi Yerine Beyazlatılmış Havuç Kullanıldığı,0,false,ealtuncu/FACTurk,ae60962b422e93ef,cluster_8317,Malumatfuruş,2021-02-15T00:00:00+00:00,YANLIS,false,https://www.malumatfurus.org/coco-star-beyazlatilmis-havuc/
FACTURK-0077,"Fotoğraf, Atatürk’ün Selanik'te 1902’de çekilmiş bir fotoğrafıdır",0,false,ealtuncu/FACTurk,5881a10bde7e78e6,cluster_2146,Doğruluk Payı,2021-12-29T10:14:01+00:00,Kısmen Yanlış,False,https://www.dogrulukpayi.com/dogruluk-kontrolu/mustafa-kemal-in-selanik-tren-gari-ndaki-fotografi-1902-yilina-mi-ait
FACTURK-0078,Türkiye’nin internet hızında 103. sırada olduğu,1,true,ealtuncu/FACTurk,3a18afa9218cd707,cluster_1518,Doğrula,2022-07-01T18:41:31+00:00,Doğru,True,https://www.dogrula.org/dogrulamalar/turkiyenin-internet-hizinda-103-sirada-oldugu-iddiasi/
FACTURK-0079,Fotoğrafın Temel Reis Popeye Karakterine İlham Veren Frank Fiegel'a Ait Olduğu,0,false,ealtuncu/FACTurk,d87b75af08ddc6d0,cluster_9271,Malumatfuruş,2023-12-21T00:00:00+00:00,YANLIS,false,https://www.malumatfurus.org/temel-reis-frank-fiegel/
FACTURK-0080,Videonun Almanya'da Nazizm sembolüne boyanmış ABD tanklarını gösterdiği,0,false,ealtuncu/FACTurk,26c5ce9acf5cc46f,cluster_629,Doğrula,2023-03-03T10:17:24+00:00,Yanlış,False,https://www.dogrula.org/dogrulamalar/videonun-almanyada-nazizm-sembolune-boyanmis-abd-tanklarini-gosterdigi-iddiasi/
FACTURK-0081,Videodaki yıldırım görüntüsü gerçek,1,true,ealtuncu/FACTurk,c58f17964da6f114,cluster_11512,Teyit,2023-08-21T00:00:00+00:00,Doğru,True,https://teyit.org/analiz/videodaki-yildirim-goruntusu-gercek-mi
FACTURK-0082,Fotoğraftaki Kişinin Taliban Tarafından Atanan Afganistan'ın Yeni Merkez Bankası Başkanı Olduğu,0,false,ealtuncu/FACTurk,9a27438352f85464,cluster_6647,Malumatfuruş,2021-09-10T00:00:00+00:00,YANLIS,false,https://www.malumatfurus.org/afganistanin-yeni-merkez-bankasi-baskani/
FACTURK-0083,Fotoğraf Brezilya'daki tek bir kaju ağacını mı gösteriyor,1,true,ealtuncu/FACTurk,271227e1c9a4bb37,cluster_11092,Teyit,2024-02-23T00:00:00+00:00,Doğru,True,https://teyit.org/analiz/fotograf-brezilyadaki-tek-bir-kaju-agacini-mi-gosteriyor
FACTURK-0084,"Kaza ve Kader, Talih ve Tesadüf Tabirleri Arapçadır, Türkleri Alakadar Etmez Sözünün Mustafa Kemal Atatürk tarafından dile getirildiği",1,true,ealtuncu/FACTurk,6be2073de51f2ac0,cluster_8889,Malumatfuruş,2023-02-14T00:00:00+00:00,DOGRU,Dogru,https://www.malumatfurus.org/ataturke-atfedilen-kaza-ve-kader-talih-ve-tesaduf-tabirleri-arapcadir-turkleri-alakadar-etmez-sozu/
FACTURK-0085,İngiliz Mareşal Birdwood'un Atatürk'ün cenazesini ayakta selamladığı,1,true,ealtuncu/FACTurk,21d246d6f33c796d,cluster_1672,Doğruluk Payı,2021-03-05T16:35:13+00:00,Doğru,True,https://www.dogrulukpayi.com/dogruluk-kontrolu/ingiliz-maresal-birdwood-un-ataturk-un-cenazesini-ayakta-selamladigi-iddiasi
FACTURK-0086,Konya Tuzlukçu Belediyesi’nin asgari ücreti 4 bin 500 TL yaptığı,1,true,ealtuncu/FACTurk,8c63de25791f2c25,cluster_1550,Doğruluk Payı,2020-12-17T11:46:36+00:00,Doğru,True,https://www.dogrulukpayi.com/dogruluk-kontrolu/konya-tuzlukcu-belediyesi-nin-asgari-ucreti-4-bin-500-tl-yaptigi-iddiasi
FACTURK-0087,Şeffaf ekranlı dizüstü bilgisayar gerçek,1,true,ealtuncu/FACTurk,ed9b70e820c8c3ff,cluster_11060,Teyit,2024-02-29T00:00:00+00:00,Doğru,True,https://teyit.org/analiz/seffaf-ekranli-dizustu-bilgisayar-gercek-mi
FACTURK-0088,Fosforlu kediler gerçek,1,true,ealtuncu/FACTurk,f104d18c75339b96,cluster_11219,Teyit,2023-12-26T00:00:00+00:00,Doğru,True,https://teyit.org/analiz/fosforlu-kediler-gercek-mi
FACTURK-0089,Çin'in Doğu Türkistan politikalarının araştırılması önergesinin AK Parti oylarıyla reddedildiği,1,true,ealtuncu/FACTurk,bc9a8247b4f40e8d,cluster_14358,Teyit,2019-12-24T00:00:00+00:00,Doğru,True,https://teyit.org/analiz/cinin-dogu-turkistan-politikalarinin-arastirilmasi-onergesinin-ak-parti-oylariyla-reddedildigi-iddiasi
FACTURK-0090,TCDD Makinist Alımlarında Erkek Olma Şartı Arıyor,0,false,ealtuncu/FACTurk,2f417dc0d3abb30a,cluster_4731,Günün Yalanları,2017-09-08T09:14:15+00:00,Yalan,False,https://gununyalanlari.com/yalan/639-tcdd-makinist-alimlarinda-erkek-olma-sarti-ariyor-yalani
FACTURK-0091,Görüntülerin Kırşehir'de Diyarbakır Tatlı Salonu'na ismi nedeniyle düzenlenen saldırıyı gösterdiği,1,true,ealtuncu/FACTurk,4a2e0b474808fe6b,cluster_13989,Teyit,2020-06-14T00:00:00+00:00,Doğru,True,https://teyit.org/analiz/goruntulerin-kirsehirde-diyarbakir-tatli-salonuna-ismi-nedeniyle-duzenlenen-saldiriyi-gosterdigi-iddiasi
FACTURK-0092,videonun ölmek istemedikleri için kamplardan kaçan İsrail askerleri olduğu iddia edildi,0,false,ealtuncu/FACTurk,3f5773bf7b5c735f,cluster_3342,Doğruluk Payı,2023-12-14T16:35:33+00:00,Yanlış,False,https://www.dogrulukpayi.com/dogruluk-kontrolu/video-kamplardan-kacan-israil-askerlerini-mi-gosteriyor
FACTURK-0093,2012 Londra Olimpiyatları Açılış Törenindeki Koreografiyle Covid19 Pandemisinin Simgelendiği,0,false,ealtuncu/FACTurk,7abda31927794f4b,cluster_6585,Malumatfuruş,2021-12-04T00:00:00+00:00,YANLIS,false,https://www.malumatfurus.org/2012-londra-olimpiyat-toreni-covid/
FACTURK-0094,Erdoğan'ın yedinci torununun ABD'de doğduğu,0,false,ealtuncu/FACTurk,69b15645f22a9eb7,cluster_14633,Teyit,2019-06-11T00:00:00+00:00,Yanlış,False,https://teyit.org/analiz/erdoganin-7-torununun-abdde-dogdugu-iddiasi
FACTURK-0095,A Haber’in seçim analisti olarak ekrana çıkardığı Kenan Demir'in kebapçı olduğu,1,true,ealtuncu/FACTurk,3f5d94c5b46a260d,cluster_14711,Teyit,2019-04-07T00:00:00+00:00,Doğru,True,https://teyit.org/analiz/a-haberin-secim-analisti-olarak-ekrana-cikardigi-kenan-demirin-kebapci-oldugu-iddiasi
FACTURK-0096,Konya'da ‘chemtrails’ ile havadan zehirleme yapıldığı,0,false,ealtuncu/FACTurk,44fd88c028c3cbaf,cluster_13384,Teyit,2021-03-18T00:00:00+00:00,Yanlış,False,https://teyit.org/analiz/konyada-chemtrails-ile-havadan-zehirleme-yapildigi-iddiasi
FACTURK-0097,Konya Valisi Orhan Toprak'ın çocuklarının isminin Fethullah ve Gülen olduğu,0,false,ealtuncu/FACTurk,fd3181093373697f,cluster_14386,Teyit,2019-11-29T00:00:00+00:00,Yanlış,False,https://teyit.org/analiz/konya-valisi-orhan-toprakin-cocuklarinin-isminin-fethullah-ve-gulen-oldugu-iddiasi
FACTURK-0098,Görseldeki evlerin Suriyeliler için yapıldığı,0,false,ealtuncu/FACTurk,7a47fbd6a73923f9,cluster_1620,Doğruluk Payı,2021-02-04T14:02:47+00:00,Yanlış,False,https://www.dogrulukpayi.com/dogruluk-kontrolu/gorseldeki-evlerin-suriyeliler-icin-yapildigi-iddiasi
FACTURK-0099,"Dudullu-Bostancı metro hattının açılışının yapıldığı 6 Ocak 2023 tarihli törende CHP Genel Başkanı Kemal Kılıçdaroğlu, İYİ Parti Genel Başkanı Meral Akşener, Gelecek Partisi Genel Başkanı Ahmet Davutoğlu, İstanbul Büyükşehir Belediye Başkanı Ekrem İmamoğlu'nun ardında yüklenici firmalar Kolin İnşaat ve Kalyoncu Holding'in flamalarının görüldüğü görselin dijital düzenleme içermediği",0,false,ealtuncu/FACTurk,aa1b156fed6f3166,cluster_8978,Malumatfuruş,2023-04-20T00:00:00+00:00,YANLIŞ,Yanliş,https://www.malumatfurus.org/dudullu-bostanci-metro-hatti-insaat/
FACTURK-0100,Japonya’da el yıkama lavabosu tuvalete takılıdır,1,true,ealtuncu/FACTurk,ed7ec99175d0d1af,cluster_2160,Doğruluk Payı,2022-01-14T16:03:57+00:00,Doğru,True,https://www.dogrulukpayi.com/dogruluk-kontrolu/japonya-da-lavabo-tuvalete-bagli-mi
FACTURK-0101,videonun teknedeki insanların dev dalgalar altında kaldığı anları gösterdiği,0,false,ealtuncu/FACTurk,89a7e62cc1db8080,cluster_4177,Doğruluk Payı,2025-05-13T12:07:01+00:00,Yanlış,False,https://www.dogrulukpayi.com/dogruluk-kontrolu/video-teknedeki-insanlarin-dev-dalgalar-altinda-kaldigi-anlari-mi-gosteriyor
FACTURK-0102,Bill Gates’in fonladığı Dünya Sivrisinek Programı'yla ilgili 'salgın' iddiaları,0,false,ealtuncu/FACTurk,59670b73b348d4f3,cluster_895,Doğrula,,Yanlış,False,https://www.dogrula.org/dogrulamalar/bill-gatesin-fonladigi-dunya-sivrisinek-programiyla-ilgili-salgin-iddialari/
FACTURK-0103,Videodaki Artistik Buz Pateni Performansını Sergileyen Ivan Bukin'in Kör Olduğu Doğru Değil,0,false,ealtuncu/FACTurk,8ad0aa662e5e9928,cluster_6235,Malumatfuruş,2023-01-25T00:00:00+00:00,YANLIS,false,https://www.malumatfurus.org/kor-buz-patencisi/
FACTURK-0104,Videonun Japonya'da görevlilerin yolcuları metroya sığdırmaya çalıştığını gösterdiği,1,true,ealtuncu/FACTurk,19443c089d01ec5a,cluster_15208,Teyit,2017-11-24T00:00:00+00:00,Doğru,True,https://teyit.org/analiz/japonyada-gorevlilerin-yolculari-metroya-sigdirmaya-calistigi-iddiasi
FACTURK-0105,Gana’da sahte ABD Büyükelçiliği açıldığı,1,true,ealtuncu/FACTurk,38bfcd975dedd081,cluster_15504,Teyit,2016-12-05T00:00:00+00:00,Doğru,True,https://teyit.org/analiz/ganada-sahte-abd-buyukelciligi-acildigi-iddiasi
FACTURK-0106,Fotoğrafların Şile’de yaşanan su kesintisini gösterdiği,1,true,ealtuncu/FACTurk,21ace8eb7196d500,cluster_13930,Teyit,2020-07-09T00:00:00+00:00,Doğru,True,https://teyit.org/analiz/fotograflarin-silede-yasanan-su-kesintisini-gosterdigi-iddiasi
FACTURK-0107,2015'te Miss Grand International Beauty Contest yarışmasında Ukrayna’yı temsil eden Anastasiia Lenna’nın Ukrayna ordusuna katıldığı,0,false,ealtuncu/FACTurk,ad00f82d0d8c49fd,cluster_2273,Doğruluk Payı,2022-03-04T16:59:19+00:00,Yanlış,False,https://www.dogrulukpayi.com/dogruluk-kontrolu/ukraynali-model-anastasia-lenna-rusya-ya-karsi-ukrayna-ordusuna-mi-katildi
FACTURK-0108,Videonun iki Türk’ün ABD’de mahkemeye çıktığını gösterdiği,1,true,ealtuncu/FACTurk,ec8e8ae6d67ee7cf,cluster_14680,Teyit,2019-04-25T00:00:00+00:00,Doğru,True,https://teyit.org/analiz/videonun-iki-turkun-abdde-mahkemeye-ciktigini-gosterdigi-iddiasi
FACTURK-0109,Şişli Hamidiye Etfal Hastanesi'nin Dünyanın ilk Çocuk Hastanesi Olduğu,0,false,ealtuncu/FACTurk,21e0ddc6190c9529,cluster_6438,Malumatfuruş,2022-05-29T00:00:00+00:00,YANLIS,false,https://www.malumatfurus.org/dunyanin-ilk-cocuk-hastanesi/
FACTURK-0110,Milano Başkonsolosluğu'nun deprem yardımları için yalnızca Diyanet Vakfı'nı gösterdiği,0,false,ealtuncu/FACTurk,7f3f57c29fe7d0c5,cluster_673,Doğrula,2023-02-13T07:00:15+00:00,Yanlış,False,https://www.dogrula.org/dogrulamalar/milano-baskonsoloslugunun-deprem-yardimlari-icin-yalnizca-diyanet-vakfini-gosterdigi-iddiasi/
FACTURK-0111,Portekiz sokaklarında şarap aktığı,1,true,ealtuncu/FACTurk,d6d2a751bd169b21,cluster_184,Doğrula,2024-08-16T10:06:43+00:00,Doğru,True,https://www.dogrula.org/dogrulamalar/portekiz-sokaklarinda-sarap-aktigi-iddiasi/
FACTURK-0112,trende cinsel ilişkiye giren bir çiftin yer aldığı videonun İngiltere’de çekildiği,0,false,ealtuncu/FACTurk,7820b350a7d0928c,cluster_2637,Doğruluk Payı,2022-10-25T13:26:15+00:00,Yanlış,False,https://www.dogrulukpayi.com/dogruluk-kontrolu/trende-cinsel-iliskiye-giren-kisilerin-videosu-ingiltere-den-mi
FACTURK-0113,Arjantin'de yaşayan 128 yaşındaki adamın Adolf Hitler olduğu,0,false,ealtuncu/FACTurk,bf1a947772897bc0,cluster_15318,Teyit,2017-06-29T00:00:00+00:00,Yanlış,False,https://teyit.org/analiz/arjantinde-yasayan-128-yasindaki-adamin-adolf-hitler-oldugu-iddiasi
FACTURK-0114,Görselin 1947 yılında Yahudilerin Filistin'e varışını gösterdiği,1,true,ealtuncu/FACTurk,f048c92fd4608ceb,cluster_11373,Teyit,2023-10-19T00:00:00+00:00,Doğru,True,https://teyit.org/analiz/gorselin-1947-yilinda-yahudilerin-filistine-varisini-gosterdigi-iddiasi
FACTURK-0115,Fotoğrafın Kıbrıs’ta Türk bayrağıyla poz veren Rum birlikleri gösterdiği,1,true,ealtuncu/FACTurk,122e3edc9aece034,cluster_11481,Teyit,2023-09-11T00:00:00+00:00,Doğru,True,https://teyit.org/analiz/fotografin-kibrista-turk-bayragiyla-poz-veren-rum-birlikleri-gosterdigi-iddiasi
FACTURK-0116,Video aynalı Pele kostümü giyen bir taraftarı mı gösteriyor,1,true,ealtuncu/FACTurk,108ab33a92fa43ed,cluster_11216,Teyit,2023-12-26T00:00:00+00:00,Doğru,True,https://teyit.org/analiz/video-aynali-pele-kostumu-giyen-bir-taraftari-mi-gosteriyor
FACTURK-0117,Aerobik dersi veren kadın Myanmar'daki darbeyi kaydetti,1,true,ealtuncu/FACTurk,b0eb6221e96d3c04,cluster_13451,Teyit,2021-02-03T00:00:00+00:00,Doğru,True,https://teyit.org/analiz/aerobik-dersi-veren-kadin-myanmardaki-darbeyi-kaydetti
FACTURK-0118,Yeniden Refah Partisi Konya Milletvekili Ali Yüksel'in Geçmişte Bir Dönem 3 Eşli Olduğu,1,true,ealtuncu/FACTurk,e672c3af224b0ce0,cluster_9032,Malumatfuruş,2023-06-02T00:00:00+00:00,DOGRU,Dogru,https://www.malumatfurus.org/uc-esli/
FACTURK-0119,Videoda Bir Uçurumun Kenarında Dar Yolda Otomobilin Ters Yöne Çevrildiği Anın Görüntülendiği,0,false,ealtuncu/FACTurk,0c2dc6e27bb981e2,cluster_8396,Malumatfuruş,2022-01-24T00:00:00+00:00,YANLIS,false,https://www.malumatfurus.org/ucurumun-kenarinda-u-donusu-yapan-araba/
FACTURK-0120,Fotoğrafın yerli ve milli RT-1453 adlı uçağı gösterdiği,0,false,ealtuncu/FACTurk,388789a638ed2f92,cluster_13230,Teyit,2021-06-22T00:00:00+00:00,Yanlış,False,https://teyit.org/analiz/fotografin-yerli-ve-milli-rt-1453-adli-ucagi-gosterdigi-iddiasi
FACTURK-0121,"Türkiye Cumhuriyeti Devleti, ben Türk değilim ama, benim de bu topraklarda hakkım var diyenlere haddini bildirmek için kurulmuş bir Türk devletidir sözünün Mustafa Kemal Atatürk'e ait olduğu",0,false,ealtuncu/FACTurk,433b41ca9d8926b4,cluster_8618,Malumatfuruş,2022-07-12T00:00:00+00:00,YANLIS,false,https://www.malumatfurus.org/turkiye-cumhuriyeti-devleti-ben-turk-degilim-ama/
FACTURK-0122,"Bir Twitter hesabı tarafından 20 Ekim 2021 tarihinde paylaşılan videoda, Kuzey Kutbu’ndan çekilen ay görüntülerini gösterdiği iddia edildi",0,false,ealtuncu/FACTurk,3e0c6b4630cb2cab,cluster_2359,Doğruluk Payı,2022-05-09T14:10:48+00:00,Yanlış,False,https://www.dogrulukpayi.com/dogruluk-kontrolu/kuzey-kutbu-nda-cekildigi-iddia-edilen-ay-videosu-gercek-mi
FACTURK-0123,"Enflasyonla mücadele: Kanada, ""vergi tatili"" mi ilan etti",1,true,ealtuncu/FACTurk,dbc45f119e2e7b9e,cluster_10492,Teyit,2024-11-26T00:00:00+00:00,Doğru,True,https://teyit.org/analiz/enflasyonla-mucadele-kanada-vergi-tatili-mi-ilan-etti
FACTURK-0124,videonun İsrail’in Hindistan’daki Büyükelçiliği’ne yapılan saldırıyı gösterdiği,0,false,ealtuncu/FACTurk,4d8a7feae430fa06,cluster_3829,Doğruluk Payı,2024-10-07T14:56:58+00:00,Yanlış,False,https://www.dogrulukpayi.com/dogruluk-kontrolu/video-hindistan-daki-israil-buyukelciligi-ne-yapilan-saldiriyi-mi-gosteriyor
FACTURK-0125,Resmin Bulgar ve Yunan askerleri Türk askerinin fesine haç çizerken gösterdiği,1,true,ealtuncu/FACTurk,9204e968026b59d0,cluster_13913,Teyit,2020-07-15T00:00:00+00:00,Doğru,True,https://teyit.org/analiz/resmin-bulgar-ve-yunan-askerleri-turk-askerinin-fesine-hac-cizerken-gosterdigi-iddiasi
FACTURK-0126,Türkiye Avrupa’nın en büyük plastik çöplüğü haline geldi,1,true,ealtuncu/FACTurk,d5a5d78196006336,cluster_1797,Doğruluk Payı,2021-05-25T15:40:14+00:00,Doğru,True,https://www.dogrulukpayi.com/dogruluk-kontrolu/turkiye-nin-avrupa-nin-en-buyuk-plastik-atik-coplugu-haline-geldigi-iddiasi
FACTURK-0127,Bir De Kuşlar Var Hakim Bey Her Şeyin Başı Onlar Onlar Özgürlüğü Koyuyor İnsanın Kafasına Baksanıza Terörist Terörist Uçuyorlar Dizelerinin Şair Ahmet Arif'e Ait Olduğu,0,false,ealtuncu/FACTurk,a640a96787dd37cc,cluster_6711,Malumatfuruş,2021-06-02T00:00:00+00:00,YANLIS,false,https://www.malumatfurus.org/bir-de-kuslar-var-hakim-bey-her-seyin-basi-onlar-dizelerinin-ahmed-arife-ait-oldugu-iddiasi/
FACTURK-0128,"meyvelerin üzerine yapıştırılan çıkartmalardaki kodların pestisit kullanımı, organik üretim veya genetiği değiştirilmiş olup olmadığını gösterdiği iddia edildi",1,true,ealtuncu/FACTurk,82631467ed7645a7,cluster_3898,Doğruluk Payı,2024-11-27T15:55:58+00:00,Doğru,True,https://www.dogrulukpayi.com/dogruluk-kontrolu/meyve-etiketlerindeki-kodlarin-anlami-hakkindaki-iddialar-dogru-mu
FACTURK-0129,"Simpsonlar'da ""Bir adadaki bazı ürpertici tipler gizlice dünyayı yönetiyor"" yazdığı",1,true,ealtuncu/FACTurk,4fbd3ca3bea304bd,cluster_9904,Teyit,2026-02-05T00:00:00+00:00,Doğru,True,https://teyit.org/analiz/simpsonlarda-bir-adadaki-bazi-urpertici-tipler-gizlice-dunyayi-yonetiyor-yazdigi-iddiasi
FACTURK-0130,Görüntünün hahamların Cumhurbaşkanlığı külliyesinde Cumhurbaşkanı Erdoğan'a dua ettiği ana ait olduğu,1,true,ealtuncu/FACTurk,6ec0958139bf6427,cluster_9455,Malumatfuruş,2024-07-22T00:00:00+00:00,DOGRU,Dogru,https://www.malumatfurus.org/hahamlarin-duasi/
FACTURK-0131,İspanya’nın İsrail ile yaptığı 700 milyon Euroluk silah anlaşmasını iptal ettiği,1,true,ealtuncu/FACTurk,32da6a4f20ebae93,cluster_4386,Doğruluk Payı,2025-09-19T16:20:26+00:00,Doğru,True,https://www.dogrulukpayi.com/dogruluk-kontrolu/ispanya-israil-ile-yaptigi-700-milyon-euroluk-silah-anlasmasini-iptal-mi-etti
FACTURK-0132,1939 Erzincan Depreminde Mahkumların Yardım İçin 1 Günlüğüne Serbest Bırakıldığı,0,false,ealtuncu/FACTurk,8591e5b0811541b8,cluster_7923,Malumatfuruş,2020-11-04T00:00:00+00:00,YANLIS,false,https://www.malumatfurus.org/erzincan-depreminde-mahkumlar-1-gun-serbest-birakildi/
FACTURK-0133,Singapur’da tren camlarının binalara gelince matlaştığı,1,true,ealtuncu/FACTurk,f08d415f8171cf47,cluster_12240,Teyit,2022-12-16T00:00:00+00:00,Doğru,True,https://teyit.org/analiz/singapurda-tren-camlarinin-binalara-gelince-matlastigi-iddiasi
FACTURK-0134,Dünyanın Manyetik Kuzey Kutbu Rusya’ya doğru mu kayıyor,1,true,ealtuncu/FACTurk,80ebe48e8ad06c1c,cluster_10488,Teyit,2024-11-22T00:00:00+00:00,Doğru,True,https://teyit.org/analiz/dunyanin-manyetik-kuzey-kutbu-rusyaya-dogru-mu-kayiyor
FACTURK-0135,Çin’de binanın içinden tren hattı geçtiği,1,true,ealtuncu/FACTurk,82e26854303c1f37,cluster_11676,Teyit,2023-06-26T00:00:00+00:00,Doğru,True,https://teyit.org/analiz/cinde-binanin-icinden-tren-hatti-gectigi-iddiasi
FACTURK-0136,Kümbetin arkasına öğrenci yurdu yapıldığı,1,true,ealtuncu/FACTurk,54cb43ca2794c11c,cluster_15337,Teyit,2017-06-01T00:00:00+00:00,Doğru,True,https://teyit.org/analiz/kumbetin-arkasina-ogrenci-yurdu-yapildigi-iddiasi
FACTURK-0137,Videonun Pençe Kılıç Hava Harekatı'nda bulunan Türk askerini gösterdiği,0,false,ealtuncu/FACTurk,acb35c5821b26ce3,cluster_787,Doğrula,2022-11-21T14:38:02+00:00,Yanlış,False,https://www.dogrula.org/dogrulamalar/videonun-pence-kilic-hava-harekatinda-turk-askerini-gosterdigi-iddiasi/
FACTURK-0138,Fransız Sanofi Firması Tarafından Üretilen 'PLAQUENİL' İsimli İlaç Koronavirüsü Tedavi Ediyor,0,false,ealtuncu/FACTurk,e9dea439b040116b,cluster_4810,Günün Yalanları,2020-03-21T18:45:20+00:00,Yalan,False,https://gununyalanlari.com/yalan/2380-fransiz-sanofi-firmasi-tarafindan-uretilen-plaquenil-isimli-ilac-koronavirusu-tedavi-ediyor-yalani
FACTURK-0139,Nicolas Maduro'nun DEA memuru ile fotoğrafı gerçek,1,true,ealtuncu/FACTurk,92138db2f8488c48,cluster_9960,Teyit,2026-01-06T00:00:00+00:00,Doğru,True,https://teyit.org/analiz/nicolas-maduronun-dea-memuru-ile-fotografi-gercek-mi
FACTURK-0140,Mustafa Kemal Atatürk'ün Sağlığında 19 Mayıs'ın Bayram Olmadığı,0,false,ealtuncu/FACTurk,9d4741b484c9a4b3,cluster_7516,Malumatfuruş,2019-05-30T00:00:00+00:00,YANLIS,false,https://www.malumatfurus.org/mustafa-kemal-ataturk-hayattayken-19-mayisin-bayram-olmadigi-iddiasi/
FACTURK-0141,Yavuz Sultan Selim Köprüsü ve Kuzey Çevre Otoyolu’nun %51’i Çin menşeli şirkete satılıyor,1,true,ealtuncu/FACTurk,ba3b20de177648d5,cluster_1734,Doğruluk Payı,2021-04-15T16:50:04+00:00,Doğru,True,https://www.dogrulukpayi.com/dogruluk-kontrolu/yavuz-sultan-selim-koprusu-ve-kuzey-cevre-otoyolu-nun-51-nin-cin-menseli-sirkete-satilacagi-iddiasi
FACTURK-0142,"Bir X hesabı tarafından 16 Kasım 2024 tarihinde paylaşılan videoda, Husilerin saldırısının ardından Abraham Lincoln adlı ABD’ye ait uçak gemisinin hasar alıp bölgeyi terk ettiği",0,false,ealtuncu/FACTurk,d5458ebaad5b17a3,cluster_3901,Doğruluk Payı,2024-11-27T16:27:40+00:00,Yanlış,False,https://www.dogrulukpayi.com/dogruluk-kontrolu/video-abd-ucak-gemisinin-husiler-tarafindan-vuruldugunu-mu-gosteriyor
FACTURK-0143,Oy pusulaları üzerinde oy kullanılacak ilin isminin yazılı olması gerektiği,1,true,ealtuncu/FACTurk,3dbd0311a9c5e49f,cluster_15048,Teyit,2018-06-23T00:00:00+00:00,Doğru,True,https://teyit.org/analiz/oy-pusulalari-uzerinde-oy-kullanilacak-ilin-isminin-yazili-olmasi-gerektigi-iddiasi
FACTURK-0144,Bir Twitter hesabı tarafından 13 Nisan 2022 tarihinde paylaşılan videonun 2022’ye ait olduğu ve İstanbul halinde sebzelerin çöpe döküldüğünü gösterdiği iddia edildi,0,false,ealtuncu/FACTurk,46ea84f606d76193,cluster_2314,Doğruluk Payı,2022-04-14T16:36:58+00:00,Yanlış,False,https://www.dogrulukpayi.com/dogruluk-kontrolu/istanbul-halinde-sebzelerin-cope-dokuldugunu-gosteren-video-guncel-mi
FACTURK-0145,Fotoğraftaki Protez Diş Görünümlü Flaş Belleğin FETÖ Operasyonları Sırasında Ele Geçirildiği,0,false,ealtuncu/FACTurk,0a05d3c98ede059d,cluster_8057,Malumatfuruş,2021-02-28T00:00:00+00:00,YANLIS,false,https://www.malumatfurus.org/protez-dis-gorunumlu-flas-bellek/
FACTURK-0146,"Bir X hesabının 5 Kasım 2023’te paylaştığı videonun, Dilan Polat ve Engin Polat çiftinin evlerinde bulunan dövizleri gösterdiği iddia edildi",0,false,ealtuncu/FACTurk,a21e0e5dd71df6c0,cluster_3290,Doğruluk Payı,2023-11-07T12:19:37+00:00,Yanlış,False,https://www.dogrulukpayi.com/dogruluk-kontrolu/video-dilan-polat-ve-engin-polat-in-evinde-bulunan-paralari-mi-gosteriyor
FACTURK-0147,"Video, İBB’nin sahip olduğu şu anda kayıp olan atların itlaf edilişini göstermektedir",0,false,ealtuncu/FACTurk,dd37d3091bba7373,cluster_1773,Doğruluk Payı,2021-05-07T13:29:21+00:00,Yanlış,False,https://www.dogrulukpayi.com/dogruluk-kontrolu/videonun-su-anda-kayip-olan-atlarin-ibb-tarafindan-olduruldugunu-gosterdigi-iddiasi
FACTURK-0148,M Özdoğan Günlükleri Adlı Kitapta Necmettin Erbakana Ait Bir Sözün Paylaşıldığı,0,false,ealtuncu/FACTurk,f39789e7e636dd2e,cluster_7847,Malumatfuruş,2020-08-13T00:00:00+00:00,YANLIS,false,https://www.malumatfurus.org/m-ozdogan-gunlukleri-necmettin-erbakan/
FACTURK-0149,Videonun İtalya'da Bir Göçmenin Sokakta Öldürdüğü Kediyi Pişirdiği Ana Ait Olduğu,1,true,ealtuncu/FACTurk,57c6eee028239ecd,cluster_5973,Malumatfuruş,2023-12-08T00:00:00+00:00,DOGRU,Dogru,https://www.malumatfurus.org/kedi-pisirme/
FACTURK-0150,Britney Spears'ın eski eşi Sam Ashgari'nin küçükken hayranı olarak kendisiyle fotoğraf çektirdiği,0,false,ealtuncu/FACTurk,862090f6177c6102,cluster_53,Doğrula,2025-10-14T19:58:12+00:00,Yanlış,False,https://www.dogrula.org/dogrulamalar/britney-spearsin-eski-esi-sam-ashgarinin-kucukken-hayrani-olarak-kendisiyle-fotograf-cektirdigi-iddiasi/
FACTURK-0151,Prof. Dr. Mehmet Ceyhan COVID-19 aşılarının sorumluluğunu almadı,0,false,ealtuncu/FACTurk,5e570d57e842e563,cluster_1884,Doğruluk Payı,2021-07-14T15:22:14+00:00,Yanlış,False,https://www.dogrulukpayi.com/dogruluk-kontrolu/prof-dr-mehmet-ceyhan-in-covid-19-asilarinin-sorumlulugunu-almadigi-iddiasi
FACTURK-0152,Bülent Ecevit'in 1999 Marmara Deprem Bölgesine Ancak 3 Gün Sonra Gidebildiği,0,false,ealtuncu/FACTurk,e6174f32d8efefe3,cluster_8878,Malumatfuruş,2023-08-17T00:00:00+00:00,YANLIS,false,https://www.malumatfurus.org/bulent-ecevit-1999-marmara-depremi/
FACTURK-0153,"Tom Hanks’in mevcut İsrail-Hamas Savaşı sırasında, Filistin’e destek için kefiye taktığı",0,false,ealtuncu/FACTurk,cec26d8ea9beb441,cluster_3643,Doğruluk Payı,2024-06-24T13:37:34+00:00,Yanlış,False,https://www.dogrulukpayi.com/dogruluk-kontrolu/tom-hanks-in-kefiye-taktigi-gorsel-guncel-mi
FACTURK-0154,Biz Tekrar Tekrar Yaptığımız Şeyleriz Demek Ki Mükemmellik Bir Eylem Değil Bir Alışkanlıktır Sözünün Aristoya Ait Olduğu,0,false,ealtuncu/FACTurk,923f134473a95b48,cluster_7802,Malumatfuruş,2020-06-15T00:00:00+00:00,YANLIS,false,https://www.malumatfurus.org/aristonun-biz-tekrar-tekrar-yaptigimiz-seyleriz/
FACTURK-0155,Kahramanmaraş'ta yapılan fuhuş operasyonunda veresiye defterinin ele geçirildiği,1,true,ealtuncu/FACTurk,5e7c025812268a71,cluster_9670,Malumatfuruş,2025-05-23T00:00:00+00:00,DOGRU,Dogru,https://www.malumatfurus.org/fuhus-veresiye/
FACTURK-0156,"Rusya Savunma Bakanı Sergey Şoygu’nun “Sovyetler Birliği Geri Dönecek, hepimiz barış içinde yaşayacağız” dediği iddia edildi",0,false,ealtuncu/FACTurk,8f1ce3719b69678a,cluster_2508,Doğruluk Payı,2022-08-01T16:19:29+00:00,Yanlış,False,https://www.dogrulukpayi.com/dogruluk-kontrolu/rusya-savunma-bakani-sergey-soygu-sovyetler-birligi-geri-donecek-dedi-mi
FACTURK-0157,"İbn Haldun'un Mukaddime adlı eserinde Araplar için hırsız, talan ruhlu, vahşi, kaba, haşin, hırsız, yalancı, uygarlık düşmanı gibi tanımlar kullandığı",1,true,ealtuncu/FACTurk,ea7d95679d647c76,cluster_6092,Malumatfuruş,2023-06-27T00:00:00+00:00,DOGRU,Dogru,https://www.malumatfurus.org/ibn-haldunun-arap-tarifi/
FACTURK-0158,Görselde yer alan haritada Türkiye’deki akraba evliliklerinin oranlarının verildiği,1,true,ealtuncu/FACTurk,c752a97d2b4087ed,cluster_1693,Doğruluk Payı,2021-03-22T17:09:39+00:00,Doğru,True,https://www.dogrulukpayi.com/dogruluk-kontrolu/gorselde-yer-alan-haritada-turkiye-deki-akraba-evliligi-oranlari-verildigi-iddiasi
FACTURK-0159,Rize-Artvin Havalimanı'na 3 milyon yolcu garantisi verildiği,0,false,ealtuncu/FACTurk,7905d10273698b3a,cluster_1003,Doğrula,2022-07-01T11:26:26+00:00,Yanlış,False,https://www.dogrula.org/dogrulamalar/rize-artvin-havalimanina-3-milyon-yolcu-garantisi-verildigi-iddiasi/
FACTURK-0160,Çin Seddi’nin bir bölümü yıkıldı,1,true,ealtuncu/FACTurk,2d66f688bb002b50,cluster_11474,Teyit,2023-09-07T00:00:00+00:00,Doğru,True,https://teyit.org/analiz/cin-seddinin-bir-bolumu-yikildi-mi
FACTURK-0161,Bir Twitter hesabı tarafından 8 Ocak 2023 tarihinde paylaşılan videonun İsrail polisinin Filistinli bir çocuğu boğarak öldürdüğü anı gösterdiği,0,false,ealtuncu/FACTurk,03219c26eeeda3ba,cluster_2768,Doğruluk Payı,2023-01-10T12:46:34+00:00,Yanlış,False,https://www.dogrulukpayi.com/dogruluk-kontrolu/video-israil-polisinin-filistinli-bir-cocugu-bogdugu-ani-mi-gosteriyor
FACTURK-0162,MEB’in Almanca ders kitabında bir kadının montajla başörtülü gösterildiği,1,true,ealtuncu/FACTurk,c953423770177f3c,cluster_14679,Teyit,2019-05-07T00:00:00+00:00,Doğru,True,https://teyit.org/analiz/mebin-almanca-ders-kitabinda-bir-kadinin-montajla-basortulu-gosterildigi-iddiasi
FACTURK-0163,Türkiye'nin 2018'de 'yarı-özgür ülke' statüsünden 'özgür olmayan ülke' statüsüne gerilediği,1,true,ealtuncu/FACTurk,d0ddbf8d2b0e784f,cluster_14851,Teyit,2018-12-28T00:00:00+00:00,Doğru,True,https://teyit.org/analiz/turkiyenin-2018de-yari-ozgur-ulke-statusunden-ozgur-olmayan-ulke-statusune-geriledigi-iddiasi
FACTURK-0164,Cenap Şehabettin'in On Ölüm Şarkısı Adlı Şiirin Yazarı Olduğu,0,false,ealtuncu/FACTurk,df17c60a64c225f5,cluster_6777,Malumatfuruş,2021-02-13T00:00:00+00:00,YANLIS,false,https://www.malumatfurus.org/on-olum-sarkisi-cevdet-kudret/
FACTURK-0165,Dünya Ekonomik Forumu Kurucusu Klaus Schwab'ın Tutuklandığı,0,false,ealtuncu/FACTurk,ce12c8ec94ade83c,cluster_8323,Malumatfuruş,2021-11-18T00:00:00+00:00,YANLIS,false,https://www.malumatfurus.org/klaus-schwab-tutuklandi/
FACTURK-0166,Giresun’da bulunan devlete ait SEKA fabrikası 5 milyon liraya özelleştirildi. Fabrika arazisi daha sonra 68 milyon lira karşılığında TOKİ tarafından satın alındı. Yıkılan fabrikanın yerine konut yapıldı,1,true,ealtuncu/FACTurk,0ea3c0f5f7ce59ca,cluster_2181,Doğruluk Payı,2022-01-24T11:28:31+00:00,Doğru,True,https://www.dogrulukpayi.com/dogruluk-kontrolu/giresun-seka-fabrikasi-5-milyon-liraya-ozellestirilip-68-milyon-liraya-geri-mi-alindi
FACTURK-0167,"Fotoğraf, şapka takmadığı için idama götürülen kişileri gösteriyor",0,false,ealtuncu/FACTurk,319f1f71a3d6f9ad,cluster_3219,Doğruluk Payı,2023-09-26T15:40:59+00:00,Yanlış,False,https://www.dogrulukpayi.com/dogruluk-kontrolu/paylasimdaki-fotograf-sapka-takmadigi-icin-idama-goturulen-kisileri-mi-gosteriyor
FACTURK-0168,'Japonya'da lise mezunu olmayanlar oy kullanamıyor',0,false,ealtuncu/FACTurk,6fa0df102deb2a71,cluster_1053,Doğrula,2023-05-03T10:43:54+00:00,Yanlış,False,https://www.dogrula.org/dogrulamalar/japonyada-lise-mezunu-olmayanlar-oy-kullanamiyor-iddiasi/
FACTURK-0169,Bir Facebook sayfası tarafından 19 Ocak 2024 tarihinde yapılan paylaşımda Toblerone marka çikolatalar için toplatılma kararı verildiği,1,true,ealtuncu/FACTurk,9e9680c0a0793922,cluster_3410,Doğruluk Payı,2024-01-23T14:22:28+00:00,Doğru,True,https://www.dogrulukpayi.com/dogruluk-kontrolu/toblerone-cikolatalar-hakkinda-toplatilma-karari-verildigi-dogru-mu
FACTURK-0170,Uyandım Uyandım Hep Seni Düşündüm Yalnız Seni Yalnız Senin Gözlerini Dizelerinin Özdemir Asaf’a Ait Olduğu,0,false,ealtuncu/FACTurk,7e45c84167e52027,cluster_9400,Malumatfuruş,2024-05-16T00:00:00+00:00,YANLIS,false,https://www.malumatfurus.org/uyandim-uyandim-hep-seni-dusundum/
FACTURK-0171,Nikola Tesla 1926 yılında akıllı telefonları tahmin etti,1,true,ealtuncu/FACTurk,3ce51a13c73fd421,cluster_10658,Teyit,2024-09-12T00:00:00+00:00,Doğru,True,https://teyit.org/analiz/nikola-tesla-1926-yilinda-akilli-telefonlari-tahmin-etti-mi
FACTURK-0172,İsmet İnönü'ye 1959 Yılında Uşak ve İstanbul'da Yapılan Saldırıların Bir Mizansen Olduğu,0,false,ealtuncu/FACTurk,f7cf2400badd4c4e,cluster_8999,Malumatfuruş,2023-05-09T00:00:00+00:00,YANLIS,false,https://www.malumatfurus.org/ismet-inonu-saldiri/
FACTURK-0173,Yalnız Türklerin korku filmi izlerken güldüğü ve Türkiye’de kimsenin korku filmi yüzünden ölmediği,0,false,ealtuncu/FACTurk,398efbdf4244ac04,cluster_13458,Teyit,2021-01-27T00:00:00+00:00,Yanlış,False,https://teyit.org/analiz/yalniz-turklerin-korku-filmi-izlerken-guldugu-ve-turkiyede-kimsenin-korku-filmi-yuzunden-olmedigi-iddiasi
FACTURK-0174,videonun 6 Şubat 2023’te gerçekleşen Kahramanmaraş depremleri sonrası enkazdan kurtarılan bir köpeği gösterdiği iddia edildi,0,false,ealtuncu/FACTurk,2e0b9c839111eb28,cluster_2848,Doğruluk Payı,2023-02-14T12:23:26+00:00,Yanlış,False,https://www.dogrulukpayi.com/dogruluk-kontrolu/kopeklerin-kurtarildigi-video-kahramanmaras-depremleri-sonrasinda-cekilmedi
FACTURK-0175,ABD başkanı Joe Biden'ın toplantı esnasında uyuduğu,0,false,ealtuncu/FACTurk,897f316a48985a6f,cluster_1350,Doğrula,2022-07-01T10:21:05+00:00,Yanlış,False,https://www.dogrula.org/dogrulamalar/abd-baskani-joe-bidenin-toplanti-esnasinda-uyudugu-iddiasi/
FACTURK-0176,videonun Fransa’da gece yarısı yoldan geçen genç kızları rahatsız eden Türkleri gösterdiğini,0,false,ealtuncu/FACTurk,d5006eb60987ec80,cluster_3482,Doğruluk Payı,2024-03-15T14:27:38+00:00,Yanlış,False,https://www.dogrulukpayi.com/dogruluk-kontrolu/video-fransa-da-gece-yarisi-yoldan-gecen-kizlari-rahatsiz-eden-turkleri-mi-gosteriyor
FACTURK-0177,Atatürk'ü Zeybek Oynarken Gösterdiği İddia Edilen Resim,0,false,ealtuncu/FACTurk,54ac97a0ab507333,cluster_7932,Malumatfuruş,2020-11-10T00:00:00+00:00,YANLIS,false,https://www.malumatfurus.org/ataturku-zeybek-oynarken/
FACTURK-0178,Bir Twitter hesabı tarafından 24 Şubat 2022 tarihinde paylaşılan videoda Ukrayna ordusuna katılan bir babanın ailesine veda ettiği anları gösterdiği,0,false,ealtuncu/FACTurk,7dcf5caafa47fdec,cluster_2267,Doğruluk Payı,2022-03-01T11:51:12+00:00,Yanlış,False,https://www.dogrulukpayi.com/dogruluk-kontrolu/video-ukrayna-ordusuna-katilacak-olan-bir-babanin-ailesine-veda-ettigi-anlari-mi-gosteriyor
FACTURK-0179,Mekke'de ovalar ve dağların yeşillendiği,1,true,ealtuncu/FACTurk,6982b94c552ae392,cluster_12172,Teyit,2023-01-10T00:00:00+00:00,Doğru,True,https://teyit.org/analiz/mekkede-ovalar-ve-daglarin-yesillendigi-iddiasi
FACTURK-0180,Bir trende tesettürlü kadınların arasında başı açık ve kırmızı elbiseli bir kadının sırtı dönük şekilde görüntülendiği fotoğrafın İsveç'in Malmö kentinde kaydedildiği,0,false,ealtuncu/FACTurk,0a0e1c7a35c5c3e5,cluster_5911,Malumatfuruş,2024-03-14T00:00:00+00:00,YANLIS,false,https://www.malumatfurus.org/isvec-malmode-bir-tren/
FACTURK-0181,"Mit Uyardı, İzlendi Ancak Durdurulamadı",0,false,ealtuncu/FACTurk,9146b76546a6fe20,cluster_4722,Günün Yalanları,2016-01-14T19:16:53+00:00,Yalan,False,https://gununyalanlari.com/yalan/297-cumhuriyetin-mit-uyardi-izlendi-ancak-durdurulamadi-yalani
FACTURK-0182,İtalya’da koronavirüse karşı Kuran okunduğu,1,true,ealtuncu/FACTurk,bcf26c9c05686abd,cluster_14102,Teyit,2020-04-21T00:00:00+00:00,Doğru,True,https://teyit.org/analiz/italyada-koronaviruse-karsi-kuran-okundugu-iddiasi
FACTURK-0183,1963 tarihli bir gazetede cep telefonunun gösterildiği,1,true,ealtuncu/FACTurk,d3dab14ad2218980,cluster_11855,Teyit,2023-04-21T00:00:00+00:00,Doğru,True,https://teyit.org/analiz/1963-tarihli-bir-gazetede-cep-telefonunun-gosterildigi-iddiasi
FACTURK-0184,Ali Babacan’ın “KYK kredileri ve bursları 850 liradan 1.250 liraya yükseltilmedi. Aylık 147 dolardan 67 dolara düşürüldü.” ifadesini kullandığı,1,true,ealtuncu/FACTurk,168f5e676a89c484,cluster_2725,Doğruluk Payı,2022-12-14T15:59:42+00:00,Doğru,True,https://www.dogrulukpayi.com/dogruluk-kontrolu/kyk-kredi-burslari-son-10-yilda-dolar-bazinda-ne-kadar-degisti
FACTURK-0185,AK Parti heyetinden birinin vatandaşlara 'Şeyin trene baktığı gibi bakıyorlar' dediği,1,true,ealtuncu/FACTurk,41ed8906109c114f,cluster_14747,Teyit,2019-03-26T00:00:00+00:00,Doğru,True,https://teyit.org/analiz/ak-parti-heyetinden-birinin-vatandaslara-seyin-trene-baktigi-gibi-bakiyorlar-dedigi-iddiasi
FACTURK-0186,Bir Instagram hesabı tarafından 2 Ocak 2026 tarihinde paylaşılan videonun 1918 yılında Batum’un alındıktan sonra Enver Paşa’yı beklerken kendi aralarında eğlenen askerleri gösterdiği iddia edildi,1,true,ealtuncu/FACTurk,fb61b025a293bb6b,cluster_4614,Doğruluk Payı,2026-02-20T12:06:05+00:00,Doğru,True,https://www.dogrulukpayi.com/dogruluk-kontrolu/video-1918-yilinda-batum-alindiktan-sonra-enver-pasa-yi-beklerken-eglenen-askerleri-mi-gosteriyor
FACTURK-0187,Dünyanın en büyük yangın uçağı kar getirmediği için piyasadan çekildi,1,true,ealtuncu/FACTurk,bcb8851be2d5c743,cluster_1913,Doğruluk Payı,2021-08-10T10:22:49+00:00,Doğru,True,https://www.dogrulukpayi.com/dogruluk-kontrolu/dunyanin-en-buyuk-yangin-ucaginin-kar-getirmedigi-icin-piyasadan-cekildigi-iddiasi
FACTURK-0188,Görseldeki askerî üniformalı gözleri şaşı erkeğin yanlışlıkla 3 Amerikan uçağını düşüren Kuveyt Hava Savunma komutanı olduğu,0,false,ealtuncu/FACTurk,282c6934f6e6a325,cluster_9819,Malumatfuruş,2026-03-04T00:00:00+00:00,YANLIS,false,https://www.malumatfurus.org/sasi-komutan/
FACTURK-0189,Sayıştay’ın Amasra’daki madenle ilgili 2019 yılında uyarıda bulunduğu,1,true,ealtuncu/FACTurk,6ccafb2fc78730b3,cluster_12361,Teyit,2022-10-17T00:00:00+00:00,Doğru,True,https://teyit.org/analiz/sayistayin-amasradaki-madenle-ilgili-2019-yilinda-uyarida-bulundugu-iddiasi
FACTURK-0190,Türkiye DAEŞ'in de Cenevre'ye Katılmasını İstedi,0,false,ealtuncu/FACTurk,5eb809f49e1cb1cb,cluster_5122,Günün Yalanları,2016-01-26T16:24:03+00:00,Yalan,False,https://gununyalanlari.com/yalan/315-ethanin-turkiye-daesin-de-cenevreye-katilmasini-istedi-yalani
FACTURK-0191,Ağustosböceklerinin ömrü yaklaşık dört hafta,1,true,ealtuncu/FACTurk,dee8db1cc803da77,cluster_10935,Teyit,2024-04-26T00:00:00+00:00,Doğru,True,https://teyit.org/analiz/agustos-boceklerinin-omru-yaklasik-dort-hafta-mi
FACTURK-0192,Aleyna Tilki'ye ilham veren genç ödülü verildiği,1,true,ealtuncu/FACTurk,854395c60df44c28,cluster_14362,Teyit,2019-12-17T00:00:00+00:00,Doğru,True,https://teyit.org/analiz/aleyna-tilkiye-ilham-veren-genc-odulu-verildigi-iddiasi
FACTURK-0193,"ABD Başkanı Donald Trump, Obama çiftini maymun olarak gösteren bir video paylaştı",1,true,ealtuncu/FACTurk,2904e66e3e881259,cluster_1,Doğrula,,Doğru,True,https://www.dogrula.org/dogrulamalar/abd-baskani-donald-trump-obama-ciftini-maymun-olarak-gosteren-bir-video-paylasti-mi/
FACTURK-0194,IMF raporuna göre “zombi şirket” sayısının en çok Türkiye’de olduğu,1,true,ealtuncu/FACTurk,aae0391670163a48,cluster_11683,Teyit,2023-06-20T00:00:00+00:00,Doğru,True,https://teyit.org/analiz/imf-raporuna-gore-zombi-sirket-sayisinin-en-cok-turkiyede-oldugu-iddiasi
FACTURK-0195,Çimenlerin yeşil olduğunu nereden biliyorsun,0,false,ealtuncu/FACTurk,0e3ee4718ee4dca4,cluster_15703,Yalansavar,2017-01-17T06:01:13+00:00,Yanlış,False,https://yalansavar.org/2017/01/17/safsatacinin-safsatasi/
FACTURK-0196,Türkiye’nin toplam merkezi yönetim borcu başkanlık sisteminden bu yana %109 arttı,1,true,ealtuncu/FACTurk,1aef8e2eb79d7aff,cluster_1923,Doğruluk Payı,2021-08-17T10:55:40+00:00,Doğru,True,https://www.dogrulukpayi.com/dogruluk-kontrolu/turkiye-nin-toplam-merkezi-yonetim-borcunun-baskanlik-sisteminden-bu-yana-109-arttigi-iddiasi
FACTURK-0197,"Bir Twitter hesabından 8 Haziran 2023 tarihinde yapılan paylaşımda, Bursa’lı emekli bir öğretmen olan vatandaşı yükselen dolar değerini protesto etmek için 100 ABD doları banknotu yakarken gösteren videonun güncel olduğu",0,false,ealtuncu/FACTurk,c829759f31383e29,cluster_3044,Doğruluk Payı,2023-06-12T11:43:14+00:00,Yanlış,False,https://www.dogrulukpayi.com/dogruluk-kontrolu/paylasimdaki-dolar-yakma-videosu-guncel-mi
FACTURK-0198,"videonun, A Haber tarafından yapılan yayına ait olduğu ve Adıyaman’da hayatın normale döndüğü başlığıyla paylaşıldığı iddia edildi",1,true,ealtuncu/FACTurk,936d5c2d187351a3,cluster_2857,Doğruluk Payı,2023-02-20T12:55:12+00:00,Doğru,True,https://www.dogrulukpayi.com/dogruluk-kontrolu/video-adiyaman-in-en-az-hasarli-ilcelerinden-kahta-yi-gosteriyor
FACTURK-0199,Uyurken sağ tarafa yatmak sağlık için faydalıdır,1,true,ealtuncu/FACTurk,a476a3b3fe6710c1,cluster_1790,Doğruluk Payı,2021-05-24T17:08:00+00:00,Doğru,True,https://www.dogrulukpayi.com/dogruluk-kontrolu/uyurken-sag-tarafa-yatmanin-saglik-icin-faydali-oldugu-iddiasi
FACTURK-0200,Bir X hesabı tarafından 27 Ocak 2025 tarihinde paylaşılan bir gönderide 1 Şubat 2025 tarihinden itibaren 1.050 TL’yi geçen elektrik faturalarının 2.000 TL olacağı iddia edildi,1,true,ealtuncu/FACTurk,90066459a9bfb553,cluster_4004,Doğruluk Payı,2025-01-28T15:15:27+00:00,Doğru,True,https://www.dogrulukpayi.com/dogruluk-kontrolu/1-subat-2025-ten-itibaren-elektrik-faturalarina-duzenleme-geliyor-mu
FACTURK-0201,Mehmet Şimşek’in “Türkiye Esad’sız bir anlaşmada ısrar edemez” dediği,1,true,ealtuncu/FACTurk,3287e212aa2acfdf,cluster_15446,Teyit,2017-01-24T00:00:00+00:00,Doğru,True,https://teyit.org/analiz/mehmet-simsekin-turkiye-esadsiz-bir-anlasmada-israr-edemez-dedigi-iddiasi
FACTURK-0202,Cengiz Holding’in 3 milyar TL’lik yatırımına devlet teşviki verildiği,1,true,ealtuncu/FACTurk,45461df9f37e93fb,cluster_12030,Teyit,2023-02-17T00:00:00+00:00,Doğru,True,https://teyit.org/analiz/cengiz-holdinge-3-milyar-tllik-yatirim-tesviki-verildigi-iddiasi
FACTURK-0203,RTÜK'ün 'cin' kelimesini yasakladığı,0,false,ealtuncu/FACTurk,b3de9abf23151e11,cluster_14847,Teyit,2019-01-08T00:00:00+00:00,Yanlış,False,https://teyit.org/analiz/rtukun-cin-kelimesini-yasakladigi-iddiasi
FACTURK-0204,evrimsel biyolog Jenny Graves’ın açıklamalarına göre birkaç milyon yıl içinde Y kromozomu yok olabileceği iddia edildi,1,true,ealtuncu/FACTurk,07a2f4753a7a0e54,cluster_4506,Doğruluk Payı,2025-12-10T14:25:01+00:00,Doğru,True,https://www.dogrulukpayi.com/dogruluk-kontrolu/son-arastirmalarin-birkac-milyon-yil-icinde-y-kromozomunun-yok-olacagini-gosterdigi-iddiasi-dogru-mu
FACTURK-0205,Japonya'da eşek arılı krakerlerin bulunduğu,1,true,ealtuncu/FACTurk,af06173f5c2d3e10,cluster_1642,Doğruluk Payı,2021-02-18T14:02:51+00:00,Doğru,True,https://www.dogrulukpayi.com/dogruluk-kontrolu/japonya-da-esek-arili-krakerlerin-bulundugu-iddiasi
FACTURK-0206,Tıp Öğrencisinin Nihat Hatipoğluna Namaz Vakti Geldiğinde Ameliyatı Bırakma Hakkında Soru Sorduğu,0,false,ealtuncu/FACTurk,5e1e123e6df6dbcd,cluster_7125,Malumatfuruş,2019-06-01T00:00:00+00:00,YANLIS,false,https://www.malumatfurus.org/tip-ogrencisinin-nihat-hatipogluna-namaz-vakti-geldiginde-ameliyati-birakma-hakkinda-soru-sordugu-iddiasi/
FACTURK-0207,Fotoğrafın Latin alfabesine geçiş sırasındaki bir propaganda afişini gösterdiği,1,true,ealtuncu/FACTurk,40cf3a9620e0fb4e,cluster_13824,Teyit,2020-08-11T00:00:00+00:00,Doğru,True,https://teyit.org/analiz/fotograf-latin-alfabesine-gecis-iddasi
FACTURK-0208,Nazi Almanyası’ndan kaçan Alman bilim insanlarının Türkiye’ye sığındığı,1,true,ealtuncu/FACTurk,982d11fa5f34823f,cluster_15279,Teyit,2017-08-15T00:00:00+00:00,Doğru,True,https://teyit.org/analiz/nazi-almanyasindan-kacan-alman-bilim-insanlarinin-turkiyeye-sigindigi-iddiasi
FACTURK-0209,Karısıyla konuşmamak için 62 yıl sağır dilsiz taklidi yapan adam,0,false,ealtuncu/FACTurk,8a06adf757173662,cluster_14769,Teyit,2019-03-08T00:00:00+00:00,Yanlış,False,https://teyit.org/analiz/karisiyla-konusmamak-icin-62-yil-sagir-dilsiz-taklidi-yapan-adam-iddiasi
FACTURK-0210,videonun Bahreyn ile Suudi Arabistan’ı birbirine bağlayan Kral Fehd Köprüsü'nün vurulduğu anları gösterdiği iddia edildi,0,false,ealtuncu/FACTurk,d0f8c783639bd0ec,cluster_4651,Doğruluk Payı,2026-03-06T16:55:29+00:00,Yanlış,False,https://www.dogrulukpayi.com/dogruluk-kontrolu/video-kral-fehd-koprusu-nun-vuruldugu-anlari-mi-gosteriyor
FACTURK-0211,"Videoda Prens Selman'ın “Kuran’daki ayetleri yok etmek""le ilgili sözleri mi yer alıyor",0,false,ealtuncu/FACTurk,51c0d76b974d409d,cluster_11080,Teyit,2024-02-26T00:00:00+00:00,Yanlış,False,https://teyit.org/analiz/suudi-arabistan-veliaht-prensinin-soyledigi-iddia-edilen-sozler
FACTURK-0212,Candaş Tolga Işık ve Hadi Özışık'ın Kuzen Olduğu,0,false,ealtuncu/FACTurk,49b70dd223a8910e,cluster_6264,Malumatfuruş,2022-11-02T00:00:00+00:00,YANLIS,false,https://www.malumatfurus.org/candas-tolga-isik-hadi-ozisik/
FACTURK-0213,ABD Başkanı Donald Trump’ın ‘Hamas'a prezervatif almak için Gazze'ye 50 milyon dolar gönderileceğini tespit ettik.’ açıklaması yaptığı,1,true,ealtuncu/FACTurk,1f1fe0ff5c5af1bc,cluster_4006,Doğruluk Payı,2025-01-31T10:48:39+00:00,Doğru,True,https://www.dogrulukpayi.com/dogruluk-kontrolu/donald-trump-in-hamas-a-50-milyon-dolar-degerinde-prezevatif-gonderilecegini-tespit-ettik-aciklamasi-yaptigi-dogru-mu
FACTURK-0214,Fotoğrafta Anıtkabir'de Saygıyla Eğilirken Görüntülenen Kişinin Japon Bakan Olduğu,0,false,ealtuncu/FACTurk,dd36da87693205bb,cluster_8868,Malumatfuruş,2023-01-28T00:00:00+00:00,YANLIS,false,https://www.malumatfurus.org/japon-bakan-ataturk/
FACTURK-0215,Ak Parti Milletvekili Zehra Taşkesenlioğlu’nun Afrika’da bakır madeni sahibi olduğu bilgisinin Meclis tutanaklarında kaydedildiği iddia edildi,1,true,ealtuncu/FACTurk,08c93922598ddaac,cluster_2676,Doğruluk Payı,2022-11-21T16:12:35+00:00,Doğru,True,https://www.dogrulukpayi.com/dogruluk-kontrolu/meclis-tutanaklarinda-zehra-taskesenlioglu-nun-afrika-da-bakir-madeni-oldugu-bilgisi-kaydedildi-mi
FACTURK-0216,Türkiye’den İspanya’ya ihraç edilen bademlerde limitin 63 katı siyanür tespit edildiği,1,true,ealtuncu/FACTurk,adf43ff7f8c83d63,cluster_4012,Doğruluk Payı,2025-01-31T12:46:51+00:00,Doğru,True,https://www.dogrulukpayi.com/dogruluk-kontrolu/ispanya-ya-ihrac-edilen-bademlerde-limitin-63-kati-siyanur-mu-tespit-edildi
FACTURK-0217,Dövize olan bağımlılık en fazla Türkiye ve Şili’de arttı,1,true,ealtuncu/FACTurk,6c57bc6c09cbae53,cluster_1791,Doğruluk Payı,2021-05-25T11:24:17+00:00,Doğru,True,https://www.dogrulukpayi.com/dogruluk-kontrolu/dovize-olan-bagimliligin-en-fazla-turkiye-ve-sili-de-arttigi-iddiasi
FACTURK-0218,Peygamber Develerinin Yer Aldığı Görselin National Geographic Tarafından Yılın Fotoğrafı Seçildiği,0,false,ealtuncu/FACTurk,ed931924b0f75504,cluster_8298,Malumatfuruş,2021-10-24T00:00:00+00:00,YANLIS,false,https://www.malumatfurus.org/peygamber-develeri-fotografi/
FACTURK-0219,"Soğuk okuma teknikleri konusunda ustalaşmış biri daha önce hiç tanımadığı bir kişi hakkında sadece kişinin vücut dilini gözleyerek ya da kıyafet, konuşma, yaş, c",0,false,ealtuncu/FACTurk,3bf2bf784d4b179c,cluster_15738,Yalansavar,2012-03-11T22:00:56+00:00,Yanlış,False,https://yalansavar.org/2012/03/12/falcilar-medyumlar-ve-dogaustu-gucleri/
FACTURK-0220,kafatasının %83’ü parçalanan kişinin implantlarla eski görüntüsüne kavuştuğu,1,true,ealtuncu/FACTurk,8282697754fe3b48,cluster_2740,Doğruluk Payı,2022-12-26T13:57:08+00:00,Doğru,True,https://www.dogrulukpayi.com/dogruluk-kontrolu/kafatasinin-83-u-parcalanan-kisinin-implantlar-sayesinde-eski-goruntusune-kavustugu-iddiasi-dogru-mu
FACTURK-0221,Fotoğrafın İstanbul Okmeydanı’ndaki taşın eski ve yeni halini gösterdiği,1,true,ealtuncu/FACTurk,a095b9878a196985,cluster_13816,Teyit,2020-08-14T00:00:00+00:00,Doğru,True,https://teyit.org/analiz/fotografin-istanbul-okmeydanindaki-tasin-eski-ve-yeni-halini-gosterdigi-iddiasi
FACTURK-0222,MEB’in açıkladığı yeni müfredatta Din Kültürü'ne 218 sayfa ayırdığı iddia edildi,1,true,ealtuncu/FACTurk,ba9ca1f6ff9e808e,cluster_3572,Doğruluk Payı,2024-05-10T15:11:21+00:00,Doğru,True,https://www.dogrulukpayi.com/dogruluk-kontrolu/meb-in-acikladigi-yeni-mufredatta-din-ogretimine-toplam-572-sayfa-ayirdigi-iddiasi-dogru-mu
FACTURK-0223,Portekiz’de koronavirüsü etkisiz hale getiren maske geliştirildiği,1,true,ealtuncu/FACTurk,33f8e4142ec7b654,cluster_13873,Teyit,2020-07-30T00:00:00+00:00,Doğru,True,https://teyit.org/analiz/portekizde-koronavirusu-etkisiz-hale-getiren-maske-gelistirildigi-iddiasi
FACTURK-0224,2012 Londra Olimpiyatları açılış gösterisi pandemiyi öngörmedi,0,false,ealtuncu/FACTurk,359f0f26218a20b6,cluster_1221,Doğrula,2022-06-17T09:24:49+00:00,Yanlış,False,https://www.dogrula.org/dogrulamalar/2012-londra-olimpiyatlari-acilis-gosterisi-pandemiyi-ongormedi/
FACTURK-0225,Sevdiceğim Kelimesinin Sevdiğim ve Seveceğim Kelimelerinin Birleşimiyle Oluştuğu,0,false,ealtuncu/FACTurk,7d617b1ee86f013f,cluster_6475,Malumatfuruş,2022-04-21T00:00:00+00:00,YANLIS,false,https://www.malumatfurus.org/sevdicegim/
FACTURK-0226,Videonun 24 Haziran gecesi İstanbul’da çekildiği,1,true,ealtuncu/FACTurk,1429939949549342,cluster_15037,Teyit,2018-06-29T00:00:00+00:00,Doğru,True,https://teyit.org/analiz/videonun-24-haziran-gecesi-istanbulda-cekildigi-iddiasi
FACTURK-0227,Video Bakan Muş'un karşısındaki vatandaşı dinlemediğini mi gösteriyor,0,false,ealtuncu/FACTurk,a208bacfde60e1f4,cluster_579,Doğrula,2023-04-24T08:32:56+00:00,Yanlış,False,https://www.dogrula.org/dogrulamalar/video-bakan-musun-karsisindaki-vatandasi-dinlemedigini-mi-gosteriyor/
FACTURK-0228,Görselin Lazer ya da Yönlendirilmiş Enerji Silahının Ateşlendiği Anı Yansıttığı,0,false,ealtuncu/FACTurk,606f9359023840f1,cluster_8906,Malumatfuruş,2023-02-26T00:00:00+00:00,YANLIS,false,https://www.malumatfurus.org/yonlendirilmis-enerji-silahi/
FACTURK-0229,Papaz eriğini imam eriğine çevirme adlı bir projenin TÜBİTAK tarafından desteklendiği ve ödül aldığı,0,false,ealtuncu/FACTurk,ef5a0d1cb8fd5a80,cluster_5883,Malumatfuruş,2024-05-15T00:00:00+00:00,YANLIS,false,https://www.malumatfurus.org/papaz-erigini-imam-erigine-cevirme/
FACTURK-0230,Bir Twitter hesabı tarafından paylaşılan fotoğrafın tarihteki ilk kedi fotoğrafı olduğu iddia edildi,0,false,ealtuncu/FACTurk,f2b9ab8b7f8e67e6,cluster_2329,Doğruluk Payı,2022-04-25T09:53:21+00:00,Kısmen Yanlış,False,https://www.dogrulukpayi.com/dogruluk-kontrolu/gorsel-tarihteki-ilk-kedi-fotografi-mi
FACTURK-0231,"Görüntüdeki Mekke'ye Gidip Hac ve Umre Yapan Şahsın 4 Kere Hacca Gidip Geldim, Aha Dayıya Sor Sözleriyle Ünlenen Hüseyin Taşkıran Olduğu",0,false,ealtuncu/FACTurk,2c03eec74024b54f,cluster_9438,Malumatfuruş,2024-07-05T00:00:00+00:00,YANLIS,false,https://www.malumatfurus.org/4-kere-hacca-gidip-geldim-aha-dayiya-sor/
FACTURK-0232,Bazı İsrail vatandaşlarının protesto için topluca Arapça dersi almaya başladığı,1,true,ealtuncu/FACTurk,71e7fb0b9043e7fa,cluster_14940,Teyit,2018-09-13T00:00:00+00:00,Doğru,True,https://teyit.org/analiz/bazi-israil-vatandaslarinin-protesto-icin-topluca-arapca-dersi-almaya-basladigi-iddiasi
FACTURK-0233,Görselde yer alan fotoğraf 1970'li yıllarda Afganistan’ın başkenti Kabil’de çekildi,1,true,ealtuncu/FACTurk,41535416dc69d2f5,cluster_1940,Doğruluk Payı,2021-08-24T09:55:18+00:00,Doğru,True,https://www.dogrulukpayi.com/dogruluk-kontrolu/gorselde-yer-alan-fotografin-1970-yilinda-afganistan-in-baskenti-kabil-de-cekildigi-iddiasi
FACTURK-0234,Bir X hesabı tarafından 20 Şubat 2024 tarihli bir gönderide paylaşılan videonun Suudi Prensi Muhammed bin Selman’ın Kur’an’ın dünyadaki tüm teröristlerin güvendiği ve alıntı yaptığı bir kitap dediği iddia edildi,0,false,ealtuncu/FACTurk,23b49250d071e33b,cluster_3453,Doğruluk Payı,2024-02-25T14:33:44+00:00,Yanlış,False,https://www.dogrulukpayi.com/dogruluk-kontrolu/video-suudi-prensi-muhammed-bin-selman-in-kur-an-dunyadaki-tum-teroristlerin-guvendigi-ve-alinti-yaptigi-bir-kitap-dedigini-mi-gosteriyor
FACTURK-0235,Türkiye’nin dünyadaki incir üretiminin %26’sını üstlendiği ve bu alanda açık ara dünya lideri olduğu iddia edildi,1,true,ealtuncu/FACTurk,c244a07c355b4aaf,cluster_2512,Doğruluk Payı,2022-08-02T15:26:06+00:00,Doğru,True,https://www.dogrulukpayi.com/dogruluk-kontrolu/turkiye-dunyadaki-incirin-26-sini-ureterek-bu-alanda-birinci-oldu-mu
FACTURK-0236,Netflix'in 1 Ağustos 2020'de Türkiye’den çekileceği,0,false,ealtuncu/FACTurk,87ec79167003c1c1,cluster_13880,Teyit,2020-07-27T00:00:00+00:00,Yanlış,False,https://teyit.org/analiz/netflix-1-agustos-2020de-turkiyeden-cekilmiyor
FACTURK-0237,"Bir Instagram hesabı tarafından 21 Kasım 2024 tarihinde paylaşılan gönderide, Türkiye’nin %34’ünün İstanbul Boğazı’nın altında 17 trilyon dolar değerinde kontoryum elementi olduğuna ve dış güçlerin çıkartmaya izin vermediğine inandığı iddia edildi",1,true,ealtuncu/FACTurk,2f54b797b87f94af,cluster_3902,Doğruluk Payı,2024-11-27T16:41:51+00:00,Doğru,True,https://www.dogrulukpayi.com/dogruluk-kontrolu/kontoryum-elementinin-varligina-turkiye-nin-34-u-inaniyor-mu
FACTURK-0238,Hollanda'da halka ücretsiz güneş kremi mi dağıtılacak,1,true,ealtuncu/FACTurk,d2df3c1e6d4f2a0c,cluster_11708,Teyit,2023-06-14T00:00:00+00:00,Doğru,True,https://teyit.org/analiz/hollandada-halka-ucretsiz-gunes-kremi-mi-dagitilacak
FACTURK-0239,videonun Hizbullah’ın Tel Aviv’e saldırıları sonucu yanan bir binayı gösterdiği,0,false,ealtuncu/FACTurk,2c3cbcfd18c0c88c,cluster_3817,Doğruluk Payı,2024-10-02T12:46:59+00:00,Yanlış,False,https://www.dogrulukpayi.com/dogruluk-kontrolu/video-hizbullah-in-tel-aviv-e-saldirisi-sonucu-yanan-bir-binayi-mi-gosteriyor
FACTURK-0240,Devlet Bahçeli'ye Aşı Yapan Gülnaz Şırınga Adlı Hemşirenin Darp Edildiği,0,false,ealtuncu/FACTurk,73e0ec8233659f41,cluster_8019,Malumatfuruş,2021-01-10T00:00:00+00:00,YANLIS,false,https://www.malumatfurus.org/devlet-bahceliye-asi-yapan-hemsire/
FACTURK-0241,Fransa’da mekanlar açıldı ve 18 yaşındaki herkese kültürel faaliyetler için 300 Euro verilecek,1,true,ealtuncu/FACTurk,aa4c3b09375fe241,cluster_1806,Doğruluk Payı,2021-05-28T17:11:40+00:00,Doğru,True,https://www.dogrulukpayi.com/dogruluk-kontrolu/fransa-da-mekanlarin-acildigi-ve-18-yasindaki-herkese-kulturel-faaliyetler-icin-300-euro-verilecegi-iddiasi
FACTURK-0242,Menbiç’teki Terör Saldırısının Olduğu Bölgede Türk Ajanının Kimliği Bulundu,0,false,ealtuncu/FACTurk,174f2f04eda60aa5,cluster_5382,Günün Yalanları,2019-01-21T17:52:53+00:00,Yalan,False,https://gununyalanlari.com/yalan/2024-iranli-press-tvnin-menbicteki-teror-saldirisinin-oldugu-bolgede-turk-ajaninin-kimligi-bulundu-yalani
FACTURK-0243,Bir Instagram hesabı tarafından 3 Ekim 2024 tarihinde paylaşılan gönderide Trabzon Opera Binası’nın 1958 yılında yoldan araçların geçemediği için yol yapma amacıyla yıkıldığı iddia edildi,1,true,ealtuncu/FACTurk,39cdc364e69ed12b,cluster_3839,Doğruluk Payı,2024-10-16T17:22:25+00:00,Doğru,True,https://www.dogrulukpayi.com/dogruluk-kontrolu/trabzon-opera-binasi-1958-de-yol-yapmak-icin-yikildi-mi
FACTURK-0244,Dünyanın en büyük buzdağının hareket etmeye başladığı doğru,1,true,ealtuncu/FACTurk,fedd6f9611767540,cluster_11261,Teyit,2023-12-08T00:00:00+00:00,Doğru,True,https://teyit.org/analiz/dunyanin-en-buyuk-buzdaginin-hareket-etmeye-basladigi-dogru-mu
FACTURK-0245,Videonun buz kalıbının çıkardığı sesi gösterdiği,1,true,ealtuncu/FACTurk,2b7da656006661ea,cluster_12170,Teyit,2023-01-17T00:00:00+00:00,Doğru,True,https://teyit.org/analiz/videonun-buz-kalibinin-cikardigi-sesi-gosterdigi-iddiasi
FACTURK-0246,Sultan 2. Abdülhamit’in İstanbul’un Fethi kutlamalarına imparatorlukta yaşayan Rum tebaanın hissiyatının rencide olabileceği gerekçesiyle izin vermediği,1,true,ealtuncu/FACTurk,707fe70f778a6ce9,cluster_4246,Doğruluk Payı,2025-06-20T12:53:59+00:00,Doğru,True,https://www.dogrulukpayi.com/dogruluk-kontrolu/sultan-ii-abdulhamit-istanbul-un-fethi-kutlamalarina-izin-vermedi-mi
FACTURK-0247,videodaki rahibin “şişman kadınlar cennete giremez” dediği iddia edildi,0,false,ealtuncu/FACTurk,9e5ac5c54fd5583f,cluster_2887,Doğruluk Payı,2023-03-28T13:47:33+00:00,Yanlış,False,https://www.dogrulukpayi.com/dogruluk-kontrolu/videoda-yer-alan-rahip-sisman-kadinlar-cennete-giremez-dedi-mi
FACTURK-0248,Pokemon ararken karşımıza çıkan yanlış haberler,0,false,ealtuncu/FACTurk,927d0193aa1de30e,cluster_15575,Teyit,2016-07-13T00:00:00+00:00,Yanlış,False,https://teyit.org/analiz/pokemon-ararken-karsimiza-cikan-yanlis-haberler
FACTURK-0249,Nihat Zeybekci'nin TBMM'nin sitesindeki özgeçmişinden İngiltere eğitimi kaldırıldı,1,true,ealtuncu/FACTurk,a01e6092f9c52358,cluster_15420,Teyit,2017-02-08T00:00:00+00:00,Doğru,True,https://teyit.org/analiz/nihat-zeybekcinin-tbmmnin-sitesindeki-ozgecmisinden-ingiltere-egitimi-kaldirildi-iddiasi
FACTURK-0250,Bir Instagram hesabı tarafından 19 Mayıs 2024 tarihinde paylaşılan bir gönderide fotoğrafın Portekiz’de bir Megalodon köpek balığının karaya vurduğunu gösterdiği ve bu yıl içinde ikinci Megalodon köpek balığının görüldüğü iddia edildi,0,false,ealtuncu/FACTurk,ff4dadfdbf8ad252,cluster_3604,Doğruluk Payı,2024-05-29T17:32:34+00:00,Yanlış,False,https://www.dogrulukpayi.com/dogruluk-kontrolu/gorseller-portekiz-de-megalodon-kopek-baliginin-kiyiya-vurdugunu-mu-gosteriyor
FACTURK-0251,Fotoğrafta Bir İstasyonda Elinde Sandviçle Tren Beklerken Görüntülenen Kişinin İsveç Çalışma Bakanı Ylva Johansson Olduğu,1,true,ealtuncu/FACTurk,f63c22a1fa063333,cluster_9343,Malumatfuruş,2024-03-08T00:00:00+00:00,DOGRU,Dogru,https://www.malumatfurus.org/tren-bekleyen-bakan/
FACTURK-0252,NASA astronotu Sunita Williams'ın Ay'dan döndükten sonra Müslüman olduğu,0,false,ealtuncu/FACTurk,e2568f1ab193813a,cluster_14803,Teyit,2019-01-30T00:00:00+00:00,Yanlış,False,https://teyit.org/analiz/nasa-astronotu-sunita-williamsin-aydan-dondukten-sonra-musluman-oldugu-iddiasi
FACTURK-0253,Xsentius Adlı Türk Filozof Tarafından Yazılan Eski Bir Tapınak Yazıtı Olduğu İddia Edilen Metin,0,false,ealtuncu/FACTurk,87f7b06579666980,cluster_6905,Malumatfuruş,2020-08-18T00:00:00+00:00,YANLIS,false,https://www.malumatfurus.org/xsentius-eski-bir-tapinak-yaziti/
FACTURK-0254,Che 1967 yılında Bolivyada yakalanıp öldürüldüğünde çantasından Nutuk çıktığı,0,false,ealtuncu/FACTurk,e359dd0369b15aba,cluster_7459,Malumatfuruş,2018-07-23T00:00:00+00:00,YANLIS,false,https://www.malumatfurus.org/chenin-cantasindan-cikmayan-nutuk-ve-kose-yazarlari/
FACTURK-0255,"Elektrik fiyatlarına son 2 yılda Türkiye’de %47, Polonya’da %22, Ukrayna’da %21, Romanya’da %17 zam gelirken fiyatlar İsveç'te %16, Hollanda’da %38 azaldı",1,true,ealtuncu/FACTurk,439e9563f705de8f,cluster_2064,Doğruluk Payı,2021-11-10T13:55:06+00:00,Doğru,True,https://www.dogrulukpayi.com/dogruluk-kontrolu/avrupa-da-son-2-yilda-elektrik-fiyatlarina-gelen-zamlar-ile-ilgili-iddialar
FACTURK-0256,Videonun Ukrayna’daki Azovstal Tüneli’ni gösterdiği,0,false,ealtuncu/FACTurk,6e9b4b64ebad595f,cluster_1027,Doğrula,2022-06-28T11:41:10+00:00,Yanlış,False,https://www.dogrula.org/dogrulamalar/videonun-ukraynadaki-azovstal-tunelini-gosterdigi-iddiasi/
FACTURK-0257,"Türkiye Uzay Ajansı, 2 buçuk yıllığına 1 Milyon 62 bin 919 TL'ye 5 minibüs ve 2 şoför hizmetini kiralamıştır",1,true,ealtuncu/FACTurk,93039749eb6074ad,cluster_1807,Doğruluk Payı,2021-05-28T11:04:19+00:00,Doğru,True,https://www.dogrulukpayi.com/dogruluk-kontrolu/turkiye-uzay-ajansi-nin-1-milyon-62-bin-919-tl-ye-minibus-kiraladigi-iddiasi-920
FACTURK-0258,Nusaybin'de çocukları korkutmak için polisin havaya ateş açtığı iddiasını nasıl doğruladık,1,true,ealtuncu/FACTurk,5cc3efab69889b9e,cluster_14048,Teyit,2020-05-15T00:00:00+00:00,Doğru,True,https://teyit.org/analiz/nusaybinde-cocuklari-korkutmak-icin-polisin-havaya-ates-actigi-iddiasini-nasil-dogruladik
FACTURK-0259,Kızılay ve AFAD'ın ikinci el giysi yardımı kabul etmediği,1,true,ealtuncu/FACTurk,987e7d9e69029a09,cluster_12106,Teyit,2023-02-07T00:00:00+00:00,Doğru,True,https://teyit.org/analiz/kizilay-ve-afadin-ikinci-el-giysi-yardimi-kabul-etmedigi-iddiasi
FACTURK-0260,Meksika'da Bir Milletvekilinin Parlamentoda Kürsüde Konuşma Yaparken Özelleştirmeyi Eleştirmek Amacıyla Soyunduğu,1,true,ealtuncu/FACTurk,16a1bf2165ffd071,cluster_6645,Malumatfuruş,2021-09-09T00:00:00+00:00,DOGRU,Dogru,https://www.malumatfurus.org/ciplak-milletvekili/
FACTURK-0261,"Damacana Sözcüğünün Kökeninin, Şişenin Şeklinin İlk Cam Damacanayı Yapan Jean Adlı Fransız Cam Ustasının Eşine Benzemesinden Hareketle Dame de Jean Tanımına Dayandığı",0,false,ealtuncu/FACTurk,53d77081d3ef72f7,cluster_9014,Malumatfuruş,2023-05-18T00:00:00+00:00,YANLIS,false,https://www.malumatfurus.org/damacana-kokeni/
FACTURK-0262,Videodaki sesin Atatürk'ün Celal Bayar için kaydettiği plaktan olduğu,1,true,ealtuncu/FACTurk,6b45b0d3c87f1c3b,cluster_5790,Malumatfuruş,2024-11-22T00:00:00+00:00,DOGRU,Dogru,https://www.malumatfurus.org/ataturk-ses-kaydi/
FACTURK-0263,Eyüp Sabri Tuncer’in Vehbi Koç tarafından verilen tavsiye sayesinde iflastan kurtarıldığı iddia edildi,0,false,ealtuncu/FACTurk,f4f70f6f79968c26,cluster_3055,Doğruluk Payı,2023-06-13T13:39:56+00:00,Yanlış,False,https://www.dogrulukpayi.com/dogruluk-kontrolu/eyup-sabri-tuncer-vehbi-koc-tarafindan-iflastan-kurtarildi-mi
FACTURK-0264,Fotoğrafın Türkiye’nin Washington Büyükelçiliği’nde çekildiği,1,true,ealtuncu/FACTurk,79902f659dacae20,cluster_14890,Teyit,2018-11-12T00:00:00+00:00,Doğru,True,https://teyit.org/analiz/fotografin-turkiyenin-washington-buyukelciliginde-cekildigi-iddiasi
FACTURK-0265,İsrail Savunma Bakanı Yoav Gallant’ın “Türklerin sahada olduklarına eminim.” dediği iddia edildi,0,false,ealtuncu/FACTurk,c5a76f0eb2f7413a,cluster_3296,Doğruluk Payı,2023-11-10T16:54:37+00:00,Yanlış,False,https://www.dogrulukpayi.com/dogruluk-kontrolu/yoav-gallant-turklerin-sahada-olduklarina-eminim-dedi-mi
FACTURK-0266,"Bir penguenin kendisini 2011 yılında açlıktan ölmek üzereyken kurtaran ve besleyip iyileştiren Brezilyalı Joao Pereira de Souza'yı, denize açıldıktan sonra her yıl ziyaret ettiği",1,true,ealtuncu/FACTurk,cb7acc42c0a41590,cluster_6032,Malumatfuruş,2023-09-13T00:00:00+00:00,DOGRU,Dogru,https://www.malumatfurus.org/penguen-kurtaricisini-gormek-icin/
FACTURK-0267,İstiklal Marşı'nın Mehmet Akif Ersoy Tarafından Türkçe Yerine Arapça Yazıldığı,0,false,ealtuncu/FACTurk,cade459d0dd2b86b,cluster_8072,Malumatfuruş,2021-03-12T00:00:00+00:00,YANLIS,false,https://www.malumatfurus.org/istiklal-marsinin-aslinin-arapca/
FACTURK-0268,Görselin Suriyeli Sığınmacılar Tarafından 27 Temmuz 2021 Tarihinde İstanbul Saraçhane'de Düzenlenen Gitmiyoruz Mitinginin Afişi Olduğu,0,false,ealtuncu/FACTurk,4059f6f258030a20,cluster_8197,Malumatfuruş,2021-07-27T00:00:00+00:00,YANLIS,false,https://www.malumatfurus.org/suriyeliler-gitmiyoruz-mitingi/
FACTURK-0269,"Fotoğrafta Libya'nın Derne Kentinde 10 Eylül 2023 Günü Yaşanan Selde Çevresindeki Evler Zarar Gördüğü Hâlde Ayakta Kalan, Sahibi Yetimlere Destek Veren Evin Görüldüğü",1,true,ealtuncu/FACTurk,49d9522ccfb91e10,cluster_6028,Malumatfuruş,2023-09-24T00:00:00+00:00,DOGRU,Dogru,https://www.malumatfurus.org/selde-zarar-gormeyen-ev/
FACTURK-0270,Vikipedi’nin ABD Temsilciler Meclisi Nancy Pelosi’nin ölüm tarihini açıkladığı iddia edildi,0,false,ealtuncu/FACTurk,b872a8d5e1720683,cluster_2523,Doğruluk Payı,2022-08-15T12:24:02+00:00,Yanlış,False,https://www.dogrulukpayi.com/dogruluk-kontrolu/vikipedi-nancy-pelosi-nin-olum-tarihini-acikladi-mi
FACTURK-0271,Atatürkün Çocuklara Bira İçirdiği,0,false,ealtuncu/FACTurk,f181143a25353d35,cluster_7531,Malumatfuruş,2019-06-23T00:00:00+00:00,YANLIS,false,https://www.malumatfurus.org/ataturkun-cocuklara-bira-icirdigi-iddiasi/
FACTURK-0272,"Fotoğraf, Edirne'de İstiklal Marşı okuyanlara korna çalan bir kişinin dövüldüğü anı mı gösteriyor",0,false,ealtuncu/FACTurk,c958a84af360d39f,cluster_892,Doğrula,,Yanlış,False,https://www.dogrula.org/dogrulamalar/fotograf-edirnede-istiklal-marsi-okuyanlara-korna-calan-bir-kisinin-dovuldugu-ani-mi-gosteriyor/
FACTURK-0273,İzmir'de cami hoparlörlerinden Müslüm Gürses şarkısı çalındı,0,false,ealtuncu/FACTurk,5c7dab3e03a9962a,cluster_5450,Günün Yalanları,2020-07-08T17:29:00+00:00,Yalan,False,https://gununyalanlari.com/yalan/2600-izmirde-cami-hoparlorlerinden-muslum-gurses-sarkisi-calindi-yalani
FACTURK-0274,Fotoğraf İranlı komutan İsmail Kaani’nin kadın kılığına girdiğini mi gösteriyor,0,false,ealtuncu/FACTurk,62b40b75c1542e76,cluster_10992,Teyit,2024-04-03T00:00:00+00:00,Yanlış,False,https://teyit.org/analiz/fotograf-iranli-komutan-ismail-kaaninin-kadin-kiligina-girdigini-mi-gosteriyor
FACTURK-0275,Nene Hatun’un yaşadığı yoksulluk nedeniyle İsmet İnönü’ye hitaben bir dilekçe yazdığı ve kendisine verilen yardımın bu dilekçeden sonra kesildiği iddia edildi,1,true,ealtuncu/FACTurk,e5869e99a515ccbe,cluster_4494,Doğruluk Payı,2025-12-05T17:02:19+00:00,Doğru,True,https://www.dogrulukpayi.com/dogruluk-kontrolu/nene-hatun-un-yoksulluk-nedeniyle-ismet-inonu-ye-bir-dilekce-yazdigi-ve-dilekceden-sonra-maasinin-kesildigi-iddiasi-dogru-mu
FACTURK-0276,videonun Diyanet İşleri Başkanı Ali Erbaş’ın kızını gösterdiği iddia edildi,0,false,ealtuncu/FACTurk,45e504b009c2a414,cluster_3175,Doğruluk Payı,2023-08-31T09:27:57+00:00,Yanlış,False,https://www.dogrulukpayi.com/dogruluk-kontrolu/video-diyanet-isleri-baskani-ali-erbas-in-kizini-mi-gosteriyor
FACTURK-0277,Vampirler neden uzun yaşar? isimli konferans,1,true,ealtuncu/FACTurk,7a458a1d2a6fe133,cluster_15160,Teyit,2018-02-08T00:00:00+00:00,Doğru,True,https://teyit.org/analiz/vampirler-uzun-yasar-isimli-konferans-iddiasi
FACTURK-0278,Çek Cumhuriyeti’nin çocuklar için belli hastalıklar için uyguladığı zorunlu aşı politikası AİHM tarafından insan hakları ihlali olarak değerlendirilmedi,1,true,ealtuncu/FACTurk,c7318e8e7020b1b0,cluster_1743,Doğruluk Payı,2021-04-22T15:55:58+00:00,Doğru,True,https://www.dogrulukpayi.com/dogruluk-kontrolu/cek-cumhuriyeti-nin-cocuklar-icin-zorunlu-asi-politikasinin-aihm-tarafindan-onaylandigi-iddiasi
FACTURK-0279,"Bir Instagram hesabı tarafından 12 Mayıs 2025 tarihinde paylaşılan videonun, yerde hareket eden tanımlanamayan bir varlığı gösterdiği iddia edildi",0,false,ealtuncu/FACTurk,50df32fe982a0746,cluster_4179,Doğruluk Payı,2025-05-14T10:42:28+00:00,Yanlış,False,https://www.dogrulukpayi.com/dogruluk-kontrolu/video-yerde-hareket-eden-tanimlanamayan-bir-varligi-mi-gosteriyor
FACTURK-0280,Soğanlı Botanik Parkı imara açıldı,0,false,ealtuncu/FACTurk,8f7ed4192e8b7856,cluster_5396,Günün Yalanları,2019-11-08T16:06:55+00:00,Yalan,False,https://gununyalanlari.com/yalan/2311-soganli-botanik-parki-imara-acildi-yalani
FACTURK-0281,Diyanet İşleri Başkanı'nın deprem bölgesine şahsi olarak 310 milyon lira bağışladığı,0,false,ealtuncu/FACTurk,f925a00bedb9e0ef,cluster_650,Doğrula,2023-02-17T06:41:54+00:00,Yanlış,False,https://www.dogrula.org/dogrulamalar/diyanet-isleri-baskaninin-sahsi-olarak-310-milyon-lira-bagisladigi-iddiasi/
FACTURK-0282,Fotoğrafın 19 cm ile dünyanın en uzun burunlu insanını gösterdiği,1,true,ealtuncu/FACTurk,ee5990638723d2d8,cluster_12282,Teyit,2022-11-18T00:00:00+00:00,Doğru,True,https://teyit.org/analiz/fotografin-dunyanin-en-uzun-burunlu-insanini-gosterdigi-iddiasi
FACTURK-0283,BioNTech CEO’su Uğur Şahin COVID-19 aşısı olmadı,0,false,ealtuncu/FACTurk,041309dff0e08190,cluster_1816,Doğruluk Payı,2021-06-11T16:29:02+00:00,Yanlış,False,https://www.dogrulukpayi.com/dogruluk-kontrolu/biontech-ceo-su-ugur-sahin-in-covid-19-asisi-olmadigi-iddiasi
FACTURK-0284,Videodaki kişinin Kraliçe II. Elizabeth olduğu,0,false,ealtuncu/FACTurk,817e1fb057b515ab,cluster_887,Doğrula,2022-09-12T10:43:23+00:00,Yanlış,False,https://www.dogrula.org/dogrulamalar/videodaki-kisinin-kralice-ii-elizabeth-oldugu-iddiasi/
FACTURK-0285,Özledim Seni Şiirinin Can Yücele Ait Olduğu,0,false,ealtuncu/FACTurk,735e58700b327838,cluster_7812,Malumatfuruş,2020-06-27T00:00:00+00:00,YANLIS,false,https://www.malumatfurus.org/ozledim-seni-can-yucel/
FACTURK-0286,Bilkent Üniversitesi'nin öğrencilere çevrimiçi sınavlar için ayna gönderdiği,1,true,ealtuncu/FACTurk,7b10b097ff418dd0,cluster_13530,Teyit,2020-12-23T00:00:00+00:00,Doğru,True,https://teyit.org/analiz/bilkent-universitesinin-ogrencilere-cevrimici-sinavlar-icin-ayna-gonderdigi-iddiasi
FACTURK-0287,Hollanda’da bir kilise çanlarıyla 'Uzun İnce Bir Yoldayım' çalındığı,1,true,ealtuncu/FACTurk,b6b645d08199e199,cluster_14015,Teyit,2020-05-28T00:00:00+00:00,Doğru,True,https://teyit.org/analiz/hollandada-bir-kilise-canlariyla-uzun-ince-bir-yoldayim-calindigi-iddiasi
FACTURK-0288,WhatsApp'ın değiştirdiği gizlilik sözleşmesi hakkındaki iddialar,1,true,ealtuncu/FACTurk,0e584c2614915710,cluster_13496,Teyit,2021-01-09T00:00:00+00:00,Doğru,True,https://teyit.org/analiz/whatsappin-degistirdigi-gizlilik-sozlesmesi-hakkinda-iddialar
FACTURK-0289,Bir Instagram hesabı tarafından 20 Temmuz 2024 tarihinde paylaşılan gönderide Apollo 11 astronotlarının Ay’dan döndükten sonra Anıtkabir’i ziyaret ettiği iddia edildi,1,true,ealtuncu/FACTurk,f9615607788115cd,cluster_3862,Doğruluk Payı,2024-11-06T15:57:04+00:00,Doğru,True,https://www.dogrulukpayi.com/dogruluk-kontrolu/apollo-11-astronotlari-ay-dan-dondukten-sonra-anitkabir-i-ziyaret-etti-mi
FACTURK-0290,Bir Instagram hesabı tarafından 11 Temmuz 2025 tarihinde paylaşılan gönderide turizm sektöründe çalışan işçilerin yeni düzenlemeyle 7 günde bir yerine 11 günde bir haftalık izin yapabileceği iddia edildi,1,true,ealtuncu/FACTurk,b4f6f428f961b970,cluster_4283,Doğruluk Payı,2025-07-16T14:49:00+00:00,Doğru,True,https://www.dogrulukpayi.com/dogruluk-kontrolu/turizm-sektorunde-calisan-iscilerin-7-gunde-bir-yerine-11-gunde-bir-haftalik-izin-yapabilecegi-iddiasi-dogru-mu
FACTURK-0291,Videodaki akıllı park sistemine sahip ofis sandalyeleri gerçek,1,true,ealtuncu/FACTurk,73a8bb5c2c2da256,cluster_11302,Teyit,2023-11-21T00:00:00+00:00,Doğru,True,https://teyit.org/analiz/videodaki-akilli-park-sistemine-sahip-ofis-sandalyeleri-gercek-mi
FACTURK-0292,Bir Twitter hesabı 23 Aralık 2022’de paylaştığı görüntülerin bir uçağın chemtrails spreylediği anı gösterdiğini iddia etti,0,false,ealtuncu/FACTurk,e82887def85a532a,cluster_2758,Doğruluk Payı,2023-01-04T11:56:03+00:00,Yanlış,False,https://www.dogrulukpayi.com/dogruluk-kontrolu/video-bir-ucagin-chemtrails-puskurttugu-ani-mi-gosteriyor
FACTURK-0293,"Mahmut Tanal’ın Hatalı Türkiye, Fransa ve Almanya Karşılaştırması",0,false,ealtuncu/FACTurk,dda6e5d0f88525d1,cluster_4900,Günün Yalanları,2017-07-26T15:26:37+00:00,Yalan,False,https://gununyalanlari.com/yalan/653-mahmut-tanalin-hatali-turkiye-fransa-ve-almanya-karsilastirmasi
FACTURK-0294,Mexico City’deki üç katlı bir apartmanın hiçbir sismik hareket olmaksızın yer değiştirdiği ve olay sırasında gizemli bir karartının belirdiği iddia edildi,0,false,ealtuncu/FACTurk,c1696cb85379a426,cluster_4103,Doğruluk Payı,2025-03-21T16:55:44+00:00,Yanlış,False,https://www.dogrulukpayi.com/dogruluk-kontrolu/meksika-da-bir-apartmanin-hicbir-sismik-hareket-olmaksizin-yer-degistirdigi-iddiasi-dogru-mu
FACTURK-0295,Fotoğraf biri ilgi görmüş diğer ise ihmal edilmiş iki çocuğun beyin yapısındaki farklılığı gösteriyor,1,true,ealtuncu/FACTurk,ea2c63547645967f,cluster_1843,Doğruluk Payı,2021-06-25T16:03:24+00:00,Doğru,True,https://www.dogrulukpayi.com/dogruluk-kontrolu/fotografin-biri-ilgi-gormus-digeri-ise-ihmal-edilmis-iki-cocugun-beyin-yapisindaki-farkliligi-gosterdigi-iddiasi
FACTURK-0296,1954’te kurulan Tuzla Cip Fabrikası ile ilgili iddialar,1,true,ealtuncu/FACTurk,97b8464abd2f4a85,cluster_12206,Teyit,2022-12-26T00:00:00+00:00,Doğru,True,https://teyit.org/analiz/1954te-kurulan-tuzla-cip-fabrikasi-ile-ilgili-iddialar
FACTURK-0297,İsviçre Federal Gıda Güvenliği ve Veterinerlik İşleri Dairesi’nin Beypazarı marka maden sularını aşırı bor içerdiği gerekçesi ile satıştan çektiği iddia edildi,1,true,ealtuncu/FACTurk,1872d4859549c51b,cluster_3533,Doğruluk Payı,2024-04-17T10:31:10+00:00,Doğru,True,https://www.dogrulukpayi.com/dogruluk-kontrolu/beypazari-maden-sularinin-isvicre-federal-gida-guvenligi-ve-veterinerlik-isleri-dairesi-tarafindan-asiri-seviyede-bor-tespit-edildigi-iddiasi-dogru-mu
FACTURK-0298,Suudi Arabistan'ın Yenbu Kentinde Arabistanlı Lawrence'ın Konakladığı Evin Restore Edildiği,1,true,ealtuncu/FACTurk,9e55921c98d4cfa1,cluster_9237,Malumatfuruş,2023-11-10T00:00:00+00:00,DOGRU,Dogru,https://www.malumatfurus.org/arabistanli-lawrence-evi/
FACTURK-0299,Siirt Hassa Hatun Kız Öğrenci Yurdunda çatlaklar meydana geldi,0,false,ealtuncu/FACTurk,486bf447f55488ad,cluster_5412,Günün Yalanları,2020-01-26T17:34:27+00:00,Yalan,False,https://gununyalanlari.com/yalan/2365-siirt-hassa-hatun-kiz-ogrenci-yurdunda-catlaklar-meydana-geldi-yalani
FACTURK-0300,"Cumhuriyet'teki haberin metni orijinal değil, Popular Science Türkiye'de 2 Ağustos'ta Doruk Bozyayla imzasıyla yayınlanmış olan yazının kopyası",0,false,ealtuncu/FACTurk,7cdd57df9bc5b3a6,cluster_15745,Yalansavar,2017-08-07T20:06:29+00:00,Yanlış,False,https://yalansavar.org/2017/08/07/manyetik-alanlardaki-gizli-gecitler/
FACTURK-0301,Mostar Köprüsüne Türk bayrağının yansıtıldığı görselin güncel olduğu,0,false,ealtuncu/FACTurk,740f90cf8e2bb540,cluster_3669,Doğruluk Payı,2024-07-08T16:41:38+00:00,Yanlış,False,https://www.dogrulukpayi.com/dogruluk-kontrolu/mostar-koprusune-turk-bayraginin-yansitildigini-gosteren-fotografin-guncel-oldugu-iddiasi-dogru-mu
FACTURK-0302,Kıyamam Sana Adlı Şarkının Sözlerini Karaköy Genelevinde Çalışan Bir Kadının Yazdığı,0,false,ealtuncu/FACTurk,d5873734a34d343f,cluster_7027,Malumatfuruş,2020-06-30T00:00:00+00:00,YANLIS,false,https://www.malumatfurus.org/kiyamam-sana-adli-sarkinin-sozlerini-karakoy-genelevinde-calisan-bir-kadinin-yazdigi-iddiasi/
FACTURK-0303,Kuleli Askeri Lisesi'nin yabancılara satıldığı,0,false,ealtuncu/FACTurk,ffbd3d9f344c5cbc,cluster_874,Doğrula,2022-09-16T14:31:41+00:00,Yanlış,False,https://www.dogrula.org/dogrulamalar/kuleli-askeri-lisesinin-yabancilara-satildigi-iddiasi/
FACTURK-0304,9 ile başlayan kimlik numaraları ve Suriyeliler'in oy kullanmasına ilişkin iddia,1,true,ealtuncu/FACTurk,75470c4c11da2ba8,cluster_15378,Teyit,2017-03-30T00:00:00+00:00,Doğru,True,https://teyit.org/analiz/9-ile-baslayan-kimlik-numaralari-ve-suriyelilerin-oy-kullanmasina-iliskin-iddia
FACTURK-0305,Japonya'da eğitim: Öğrenciler okullardaki temizlikten mi sorumlu,1,true,ealtuncu/FACTurk,0acd24311c38257e,cluster_11560,Teyit,2023-08-10T00:00:00+00:00,Doğru,True,https://teyit.org/analiz/japonyada-egitim-ogrenciler-okullardaki-temizlikten-mi-sorumlu
FACTURK-0306,kekik çayının mide yanmasını beş dakikada durdurduğu iddia edildi,0,false,ealtuncu/FACTurk,513ded8fbff5048c,cluster_4497,Doğruluk Payı,2025-12-05T16:48:44+00:00,Yanlış,False,https://www.dogrulukpayi.com/dogruluk-kontrolu/kekik-cayinin-mide-yanmasini-bes-dakikada-durdurdugu-iddiasi-dogru-mu
FACTURK-0307,Okullara Şehit Adı Neden Verilmiyor,0,false,ealtuncu/FACTurk,ca100b9a4796ab11,cluster_5054,Günün Yalanları,2016-05-27T16:15:59+00:00,Yalan,False,https://gununyalanlari.com/yalan/448-sozcu-murat-aydinin-okullara-sehit-adi-neden-verilmiyor-yalani
FACTURK-0308,Türkiye kira artış oranında dünya birincisi,1,true,ealtuncu/FACTurk,7767d288abcd4abd,cluster_11236,Teyit,2023-12-21T00:00:00+00:00,Doğru,True,https://teyit.org/analiz/turkiye-kira-artis-oraninda-dunya-birincisi-mi
FACTURK-0309,Videodaki Kuşların 5G İstasyonunun Yaydığı Radyasyon Nedeniyle Öldüğü,0,false,ealtuncu/FACTurk,e8dac68c11d1fe73,cluster_5891,Malumatfuruş,2024-04-29T00:00:00+00:00,YANLIS,false,https://www.malumatfurus.org/toplu-kus-olumu/
FACTURK-0310,ABD Başkanı Biden’ın Baş Sağlık Danışmanı Dr. Anthony Fauci yargılandı,0,false,ealtuncu/FACTurk,d72e8dca61b000c4,cluster_2173,Doğruluk Payı,2022-01-21T15:18:06+00:00,Yanlış,False,https://www.dogrulukpayi.com/dogruluk-kontrolu/abd-baskani-biden-in-bas-saglik-danismani-dr-anthony-fauci-yargilandi-mi
FACTURK-0311,Türkiye en çok çalışan ve en az kazanan Avrupa ülkelerinden biri,1,true,ealtuncu/FACTurk,b8a4b465ac697b7b,cluster_11218,Teyit,2023-12-26T00:00:00+00:00,Doğru,True,https://teyit.org/analiz/turkiye-en-cok-calisan-ve-en-az-kazanan-avrupa-ulkelerinden-biri-mi
FACTURK-0312,Vegan beslenen iş insanı dışkısını bağışlayarak öğrencilere burs sağladı,1,true,ealtuncu/FACTurk,296179c6e68a891d,cluster_14542,Teyit,2019-08-26T00:00:00+00:00,Doğru,True,https://teyit.org/analiz/vegan-beslenen-is-insani-diskisini-bagislayarak-ogrencilere-burs-sagladi
FACTURK-0313,Mehmet Özhaseki'yi Afrika'daki Fethullahçı bir okulun önünde gösteren fotoğraf,1,true,ealtuncu/FACTurk,c7c93c2434b37e35,cluster_14805,Teyit,2019-02-04T00:00:00+00:00,Doğru,True,https://teyit.org/analiz/mehmet-ozhaseki-yi-afrika-daki-bir-feto-okulunun-onunde-gosteren-fotograf-iddiasi
FACTURK-0314,"IMF verilerine göre Türkiye'nin dünya ekonomisinden aldığı pay 1980'de %0,86, 2020'de de %0,85",1,true,ealtuncu/FACTurk,a8c0adf070bc319d,cluster_1946,Doğruluk Payı,2021-08-25T17:04:32+00:00,Doğru,True,https://www.dogrulukpayi.com/dogruluk-kontrolu/turkiye-nin-dunya-ekonomisindeki-payinin-1980-de-0-86-2020-de-de-0-85-oldugu-iddiasi
FACTURK-0315,videonun Fisiltin’de yaşananları protesto eden ABD’li bir kız öğrencinin polis tarafından darp edildiğini gösterdiği,0,false,ealtuncu/FACTurk,1bd36e28b571f385,cluster_3570,Doğruluk Payı,2024-05-03T16:57:15+00:00,Yanlış,False,https://www.dogrulukpayi.com/dogruluk-kontrolu/video-abd-deki-filistin-protestolarinda-ogrenciye-yonelik-polis-siddetini-mi-gosteriyor
FACTURK-0316,TRT Haber ekranında '19 Mayıs Cumhuriyet Bayramı Kutlu Olsun' yazdığı,1,true,ealtuncu/FACTurk,14a11bb07c283140,cluster_14036,Teyit,2020-05-19T00:00:00+00:00,Doğru,True,https://teyit.org/analiz/trt-haber-ekraninda-19-mayis-cumhuriyet-bayrami-kutlu-olsun-yazdigi-iddiasi
FACTURK-0317,fotoğrafın Down sendromlu bir baba ve oğlunu gösterdiği iddia edildi,1,true,ealtuncu/FACTurk,4ec8bc53b7e4fe4e,cluster_2721,Doğruluk Payı,2022-12-12T13:40:26+00:00,Doğru,True,https://www.dogrulukpayi.com/dogruluk-kontrolu/fotograf-down-sendromlu-baba-ve-doktor-olan-oglunu-mu-gosteriyor
FACTURK-0318,Koronavirüs Aşısı Olan Kişilerin Vücuduna Mıknatısın Yapıştığı ve Bu Durumun Aşının İçinde Çip Olduğunu İşaret Ettiği,0,false,ealtuncu/FACTurk,5c91d06094c69e02,cluster_6717,Malumatfuruş,2021-05-18T00:00:00+00:00,YANLIS,false,https://www.malumatfurus.org/vucuda-yapisan-miknatis/
FACTURK-0319,"Zürefanın düşkünü, beyaz giyer kış günü atasözündeki zürefa sözcüğünün aslında lezbiyen anlamında kullanıldığı",1,true,ealtuncu/FACTurk,ad35202334a7445a,cluster_9210,Malumatfuruş,2023-10-28T00:00:00+00:00,DOGRU,Dogru,https://www.malumatfurus.org/zurefa-lezbiyen/
FACTURK-0320,PKK yanlısı sosyal medya hesaplarının Barış Pınarı Harekatında siviller hedef alınıyor,0,false,ealtuncu/FACTurk,da744b2c97dcd958,cluster_4855,Günün Yalanları,2019-10-11T17:50:12+00:00,Yalan,False,https://gununyalanlari.com/yalan/2244-pkk-yanlisi-sosyal-medya-hesaplarinin-baris-pinari-harekatinda-siviller-hedef-aliniyor-yalani
FACTURK-0321,"Videonun Britanya’da uygulanan ""domuz terapisini"" gösterdiği",0,false,ealtuncu/FACTurk,d0c086630945e31f,cluster_12144,Teyit,2023-01-20T00:00:00+00:00,Yanlış,False,https://teyit.org/analiz/videonun-britanyada-uygulanan-domuz-terapisini-gosterdigi-iddiasi
FACTURK-0322,Alex’in Fenerbahçe’deki ilk maçında attığı golde çalımladığı rakip defans oyuncusu Yalçın Ayhan'ın maç sonu verdiği röportajda Belim kırıldı sandım dediği,0,false,ealtuncu/FACTurk,6806b301aa8ea27c,cluster_5797,Malumatfuruş,2024-11-05T00:00:00+00:00,YANLIS,false,https://www.malumatfurus.org/alexin-fenerbahcede-ilk-maci/
FACTURK-0323,Mustafa Kemal Atatürk'ün Not Defterine 1921 Yılında Tanrı birdir ve büyüktür notunu düştüğü,1,true,ealtuncu/FACTurk,8db30852f8ba3ba9,cluster_8974,Malumatfuruş,2023-04-19T00:00:00+00:00,DOGRU,Dogru,https://www.malumatfurus.org/tanri-birdir-ve-buyuktur/
FACTURK-0324,bir Azerbaycan vatandaşının Türkiye’de meydana gelen depremler nedeniyle arabasıyla yardım taşıdığı iddia edildi,1,true,ealtuncu/FACTurk,2713a53da0980510,cluster_2856,Doğruluk Payı,2023-02-17T12:22:46+00:00,Doğru,True,https://www.dogrulukpayi.com/dogruluk-kontrolu/azerbaycanli-vatandas-arabasiyla-turkiye-de-meydana-gelen-deprem-nedeniyle-yardim-tasidi
FACTURK-0325,Resmi Gazete'de yayımlanan karar ile üniversite harçlarının geri getirildiği,0,false,ealtuncu/FACTurk,aaf15f2e0039e9d8,cluster_455,Doğrula,2023-07-16T11:07:32+00:00,Yanlış,False,https://www.dogrula.org/dogrulamalar/resmi-gazetede-yayinlanan-karar-ile-universite-harclarinin-geri-getirildigi-iddiasi/
FACTURK-0326,Time dergisi Türkiye’de yangın çıkacağını önceden biliyordu,0,false,ealtuncu/FACTurk,1fa98023db23c45e,cluster_1915,Doğruluk Payı,2021-08-06T12:21:01+00:00,Yanlış,False,https://www.dogrulukpayi.com/dogruluk-kontrolu/time-dergisinin-turkiye-deki-yanginlari-onceden-bildigi-iddiasi
FACTURK-0327,"Görüntünün 28 Eylül 2023 Günü İstanbul'da Etkili Olan Yoğun Yağmur Sonrası Eminönü'ndeki Vapur İskelesi Önünün Göle Döndüğü, Kara İle Denizin Birleştiği Anı Yansıttığı",0,false,ealtuncu/FACTurk,366323a94ff246f6,cluster_6017,Malumatfuruş,2023-10-02T00:00:00+00:00,YANLIS,false,https://www.malumatfurus.org/kara-ile-deniz-birlesti/
FACTURK-0328,1 Şubat 2025'ten itibaren elektrik faturalarına düzenleme geleceği doğru,1,true,ealtuncu/FACTurk,f8986100dc1403c1,cluster_10349,Teyit,2025-01-30T00:00:00+00:00,Doğru,True,https://teyit.org/analiz/1-subat-2025ten-itibaren-elektrik-faturalarina-duzenleme-gelecegi-dogru-mu
FACTURK-0329,Yunanistan’da asgari ücretle 1088 yumurta alınabildiği iddia edildi,1,true,ealtuncu/FACTurk,e82bbfac0c61a63f,cluster_2460,Doğruluk Payı,2022-07-06T15:31:11+00:00,Doğru,True,https://www.dogrulukpayi.com/dogruluk-kontrolu/yunanistan-da-asgari-ucretle-1088-yumurta-alinabildigi-dogru-mu
FACTURK-0330,Yapılan Asgari Ücret Zammının Son 50 Yılın En Yükseği Olduğu,0,false,ealtuncu/FACTurk,175d4e418fadb149,cluster_8354,Malumatfuruş,2021-12-19T00:00:00+00:00,YANLIS,false,https://www.malumatfurus.org/asgari-ucret-tarihi-zam/
FACTURK-0331,Fotoğrafların Muğla Güvercinlik'te yangın sonrası yapılaşmaya açılan yerleri gösterdiği,1,true,ealtuncu/FACTurk,73ea43f76f84d9f7,cluster_14706,Teyit,2019-04-16T00:00:00+00:00,Doğru,True,https://teyit.org/analiz/fotograflarin-mugla-guvercinlikte-yangin-sonrasi-yapilasmaya-acilan-yerleri-gosterdigi-iddiasi
FACTURK-0332,Sosyal medya platformlarının anlaştığı ve tüm konuşmaların kaydedileceği,0,false,ealtuncu/FACTurk,2fb368a8e7141302,cluster_15236,Teyit,2017-11-07T00:00:00+00:00,Yanlış,False,https://teyit.org/analiz/sosyal-medya-platformlarinin-anlastigi-tum-konusmalarin-kaydedilecegi-iddiasi
FACTURK-0333,Covid-19 aşılarına karşı olan liderler suikaste mi uğradı,0,false,ealtuncu/FACTurk,669a678910d007f8,cluster_1416,Doğrula,2022-06-21T13:36:13+00:00,Yanlış,False,https://www.dogrula.org/dogrulamalar/covid-19-asilarina-karsi-olan-liderler-suikaste-mi-ugradi/
FACTURK-0334,MEB 48 sayısının okunuşunu yanlış yazdı,1,true,ealtuncu/FACTurk,1ed0288790054439,cluster_15554,Teyit,2016-10-04T00:00:00+00:00,Doğru,True,https://teyit.org/analiz/meb-48-sayisini-yanlis-okudu
FACTURK-0335,Kut'ül Amare'nin 1952 Yılına Kadar Bayram Olarak Kutlandığı ve Kut'ül Amare Zaferi Kutlamalarının Türkiye'nin NATO'ya Girişi Sebebiyle Yasaklandığı,0,false,ealtuncu/FACTurk,18dcf08214048787,cluster_6462,Malumatfuruş,2021-04-29T00:00:00+00:00,YANLIS,false,https://www.malumatfurus.org/kutul-amare-bayrami/
FACTURK-0336,Selçuk Bayraktar'ın F-35'lere yönelik açıklaması gerçek,1,true,ealtuncu/FACTurk,79d9137e779f5efc,cluster_10049,Teyit,2025-11-18T00:00:00+00:00,Doğru,True,https://teyit.org/analiz/selcuk-bayraktarin-f-35lere-yonelik-aciklamasi-gercek-mi
FACTURK-0337,Pfizer CEO’su Albert Bourla tutuklandı,0,false,ealtuncu/FACTurk,f0db9bb3567cb604,cluster_2054,Doğruluk Payı,2021-11-10T14:56:00+00:00,Yanlış,False,https://www.dogrulukpayi.com/dogruluk-kontrolu/pfizer-ceo-su-albert-bourla-nin-tutuklandigi-iddiasi
FACTURK-0338,videonun Kaliforniya'da yaşanan 7.0 büyüklüğündeki depremi gösterdiği,0,false,ealtuncu/FACTurk,bf3424d63720c970,cluster_3919,Doğruluk Payı,2024-12-06T13:36:50+00:00,Yanlış,False,https://www.dogrulukpayi.com/dogruluk-kontrolu/videonun-kaliforniya-depremini-gosterdigi-iddiasi-dogru-mu
FACTURK-0339,Türkiye'den İtalya ve Fransa'ya gönderilen kuru incirlerde yüksek oranda aflatoksin tespit edildiğinden bu ürünlerin Türkiye'ye geri gönderildiği iddia edildi,1,true,ealtuncu/FACTurk,8abb75a714de33fa,cluster_3705,Doğruluk Payı,2024-07-26T10:26:53+00:00,Doğru,True,https://www.dogrulukpayi.com/dogruluk-kontrolu/turkiye-den-italya-ve-fransa-ya-gonderilen-kuru-incirlerde-aflatoksin-tespit-edildiginden-turkiye-ye-geri-gonderildigi-iddiasi-dogru-mu
FACTURK-0340,bir İngilizin caminin camlarını kırdığı,0,false,ealtuncu/FACTurk,e020d3cde2d07a37,cluster_3999,Doğruluk Payı,2025-01-20T17:50:11+00:00,Yanlış,False,https://www.dogrulukpayi.com/dogruluk-kontrolu/videonun-camlari-kirilan-bir-camiyi-gosterdigi-iddiasi-dogru-mu
FACTURK-0341,Salvador Dali için İstanbul’da lokma döküldüğü,1,true,ealtuncu/FACTurk,f2abc21994a73f0d,cluster_14827,Teyit,2019-01-23T00:00:00+00:00,Doğru,True,https://teyit.org/analiz/salvador-dali-icin-istanbulda-lokma-dokuldugu-iddiasi
FACTURK-0342,MEB bütçesiyle Suriyeli öğrencilere Antalya'da festival düzenleneceği,0,false,ealtuncu/FACTurk,2fcb76cd7252f4f1,cluster_998,Doğrula,2022-07-01T13:54:15+00:00,Yanlış,False,https://www.dogrula.org/dogrulamalar/meb-butcesiyle-suriyeli-ogrencilere-antalyada-festival-duzenlenecegi-iddiasi/
FACTURK-0343,"Avrupalı yetkililerin ""Türkiye silah sistemleri ile donatılmalı"" açıklaması yaptığı",0,false,ealtuncu/FACTurk,6a5e81773629c652,cluster_1108,Doğrula,2022-06-14T13:56:01+00:00,Yanlış,False,https://www.dogrula.org/dogrulamalar/avrupali-yetkililerin-turkiye-silah-sistemleri-ile-donatilmali-aciklamasi-yaptigi-iddiasi/
FACTURK-0344,Star TV'nin Etnospor Kültür Festivali için '16 ülkeden 10 sporcu katılıyor' şeklinde alt bant kullandığı,1,true,ealtuncu/FACTurk,48b37752c61b09ae,cluster_14480,Teyit,2019-10-08T00:00:00+00:00,Doğru,True,https://teyit.org/analiz/star-tvnin-etnospor-kultur-festivali-icin-16-ulkeden-10-sporcu-katiliyor-seklinde-alt-bant-kullandigi-iddiasi
FACTURK-0345,"ABD Başkanı Donald Trump, ""Kral Yok"" protestocularına dışkı bombası attığı yapay zeka videosu paylaştı",1,true,ealtuncu/FACTurk,d481db45912c9a06,cluster_36,Doğrula,,Doğru,True,https://www.dogrula.org/dogrulamalar/abd-baskani-donald-trump-kral-yok-protestocularina-diski-bombasi-attigi-yapay-zeka-videosu-paylasti-mi/
FACTURK-0346,Müfredata 'Recep Tayyip Erdoğan’ın Hayatı ve Eserleri' isimli bir ders eklenmedi,0,false,ealtuncu/FACTurk,781359e0a35baa8b,cluster_14559,Teyit,2019-08-20T00:00:00+00:00,Yanlış,False,https://teyit.org/analiz/mufredata-recep-tayyip-erdoganin-hayati-ve-eserleri-isimli-bir-ders-eklenmedi
FACTURK-0347,"Bir X hesabı tarafından 20 Ekim 2025 tarihinde paylaşılan gönderide, Türkiye ve Almanya’daki aynı ürün fiyatları arasındaki farkı gösterdiği",1,true,ealtuncu/FACTurk,b57ca4f345b0f3b5,cluster_1523,Doğruluk Payı,2025-11-17T14:20:36+00:00,Doğru,True,https://www.dogrulukpayi.com/dogruluk-kontrolu/turkiye-ve-almanya-daki-ayni-urun-fiyatlari-arasindaki-fark-dogru-mu
FACTURK-0348,Fotoğrafın Ramazan ayında Trakya’da bir düğünde davetlilere sebil ile alkol ikramı yapıldığını ana ait olduğu,1,true,ealtuncu/FACTurk,1ba795cc22825a4d,cluster_5734,Malumatfuruş,2025-03-07T00:00:00+00:00,DOGRU,Dogru,https://www.malumatfurus.org/alkol-sebili/
FACTURK-0349,KYK yurtlarında kalmaya ‘cumhurbaşkanına hakaret suçundan hüküm giymeme’ şartı konduğu,1,true,ealtuncu/FACTurk,ffae7c722180b2a4,cluster_13344,Teyit,2021-04-15T00:00:00+00:00,Doğru,True,https://teyit.org/analiz/kyk-yurtlarinda-kalmaya-cumhurbaskanina-hakaret-sucundan-hukum-giymeme-sarti-kondugu-iddiasi
FACTURK-0350,Kemal Kılıçdaroğlu’nun Düzce Depremi Etki Analiz Raporu’na yönelik iddiaları,1,true,ealtuncu/FACTurk,54b87003e0314939,cluster_12080,Teyit,2023-02-10T00:00:00+00:00,Doğru,True,https://teyit.org/analiz/kemal-kilicdaroglunun-duzce-depremi-etki-analiz-raporuna-yonelik-iddialari
FACTURK-0351,İBB'nin Suriyelilere verdiği yardım kartlarını iptal ettiği,0,false,ealtuncu/FACTurk,08aa44bba50ef764,cluster_1012,Doğrula,2022-06-28T11:25:11+00:00,Yanlış,False,https://www.dogrula.org/dogrulamalar/ibbnin-suriyelilere-verdigi-yardim-kartlarini-iptal-ettigi-iddiasi/
FACTURK-0352,Taksim saldırısıyla ilgili önergenin AK Parti ve MHP oylarıyla reddedildiği,1,true,ealtuncu/FACTurk,a3a298b933464bf8,cluster_12266,Teyit,2022-11-25T00:00:00+00:00,Doğru,True,https://teyit.org/analiz/taksim-saldirisiyla-ilgili-onergenin-ak-parti-ve-mhp-oylariyla-reddedildigi-iddiasi
FACTURK-0353,"Yıldız Tilbe'nin kendisine Çok çirkin, sanatı bırak, kime ne lazımsın diyen Hülya Avşar'a Evet, sen çok güzelsin Herkesin işine yarayabilirsin kapı zili gibisin gelen basıyor giden basıyor yanıtını verdiği",0,false,ealtuncu/FACTurk,e2b95e0a98dad746,cluster_5623,Malumatfuruş,2025-12-18T00:00:00+00:00,YANLIS,false,https://www.malumatfurus.org/kapi-zili-gibisin/
FACTURK-0354,Türkiye’nin koronavirüsle mücadele için Filistin’e 5 milyon dolar yardımda bulunduğu,1,true,ealtuncu/FACTurk,52856f18d63f543c,cluster_13952,Teyit,2020-06-30T00:00:00+00:00,Doğru,True,https://teyit.org/analiz/turkiyenin-koronavirusle-mucadele-icin-filistine-5-milyon-dolar-yardimda-bulundugu-iddiasi
FACTURK-0355,Fenerbahçe ve Galatasaray'ın 1958 yılında Başbakanlık Kupası finalinde karşı karşıya geldiği maçta kazanan çıkmayınca kupanın ortadan ikiye bölündüğü,1,true,ealtuncu/FACTurk,381fac1564d906fd,cluster_9280,Malumatfuruş,2024-01-03T00:00:00+00:00,DOGRU,Dogru,https://www.malumatfurus.org/ikiye-bolunen-kupa/
FACTURK-0356,ki görselin tomografi sırasında panik atak geçiren bir hastaya ait olduğu iddia edildi,0,false,ealtuncu/FACTurk,b8557e5f6b1f255b,cluster_2222,Doğruluk Payı,2022-02-22T10:45:53+00:00,Yanlış,False,https://www.dogrulukpayi.com/dogruluk-kontrolu/gorsel-tomografi-sirasinda-panik-atak-geciren-bir-hastayi-gosteriyor-mu
FACTURK-0357,videonun sokakta bulunan saç kesme makinesini gösterdiği,0,false,ealtuncu/FACTurk,2e5d29749379b5c8,cluster_4453,Doğruluk Payı,2025-11-06T17:26:42+00:00,Yanlış,False,https://www.dogrulukpayi.com/dogruluk-kontrolu/video-sokaktaki-bir-sac-kesme-makinesini-mi-gosteriyor
FACTURK-0358,Bir X hesabı tarafından 15 Mayıs 2025’te paylaşılan bir gönderide geçtiğimiz günlerde 5.2 MW büyüklüğünde depremin yaşandığı Konya’nın Türkiye fay haritasında fay üzerinde olmadığı,0,false,ealtuncu/FACTurk,5d693148488b3bd1,cluster_4191,Doğruluk Payı,2025-05-16T14:59:28+00:00,Yanlış,False,https://www.dogrulukpayi.com/dogruluk-kontrolu/konya-nin-turkiye-fay-haritasinda-fay-uzerinde-olmadigi-iddiasi-dogru-mu
FACTURK-0359,Antarktika'daki deniz buzu seviyesi mevsimsel ortalamanın altında,1,true,ealtuncu/FACTurk,1d683fc46246ebba,cluster_11436,Teyit,2023-09-25T00:00:00+00:00,Doğru,True,https://teyit.org/analiz/antarktikadaki-deniz-buzu-seviyesi-mevsimsel-ortalamanin-altinda-mi
FACTURK-0360,Uzay ajanslarının bütçelerine yönelik iddialar,1,true,ealtuncu/FACTurk,940f9b52e4beb0a2,cluster_1637,Doğruluk Payı,2021-02-16T11:17:00+00:00,Doğru,True,https://www.dogrulukpayi.com/dogruluk-kontrolu/uzay-ajanslarinin-butcelerine-yonelik-iddialar
FACTURK-0361,Görselin COVID-19'un tahrip ettiği akciğeri gösterdiği,1,true,ealtuncu/FACTurk,e0e65b9753b39c3f,cluster_1708,Doğruluk Payı,2021-03-29T16:34:46+00:00,Doğru,True,https://www.dogrulukpayi.com/dogruluk-kontrolu/gorselin-covid-19-un-tahrip-ettigi-akcigeri-gosterdigi-iddiasi
FACTURK-0362,videonun dalga sebebiyle camı kırılan bir feribotu gösterdiği,1,true,ealtuncu/FACTurk,158ada3cbed8eb62,cluster_4429,Doğruluk Payı,2025-10-20T10:12:39+00:00,Doğru,True,https://www.dogrulukpayi.com/dogruluk-kontrolu/video-dalga-sebebiyle-cami-kirilan-bir-feribotu-mu-gosteriyor
FACTURK-0363,Fotoğrafın Hz. Adem'in üç boyutlu modelini gösterdiği,0,false,ealtuncu/FACTurk,c0a805a6a411f862,cluster_12319,Teyit,2022-11-07T00:00:00+00:00,Yanlış,False,https://teyit.org/analiz/fotografin-hz-ademin-uc-boyutlu-modelini-gosterdigi-iddiasi
FACTURK-0364,Sagalassos'ta yapılan arkeolojik kazıda çalışan işçi ile alanda bulunan 3000 yıllık iskeletin DNA'sının aynı olduğunun tespit edildiği,0,false,ealtuncu/FACTurk,af8d623bc89f4813,cluster_9409,Malumatfuruş,2024-05-21T00:00:00+00:00,YANLIS,false,https://www.malumatfurus.org/arkeolojik-kazi-dna-testi/
FACTURK-0365,Fotoğraf Ay’da kasklarını çıkaran astronotları göstermektedir,0,false,ealtuncu/FACTurk,4748bbc6477eb87c,cluster_1885,Doğruluk Payı,2021-07-14T17:16:16+00:00,Kısmen Yanlış,False,https://www.dogrulukpayi.com/dogruluk-kontrolu/fotografin-ay-da-kasklarini-cikaran-astronotlari-gosterdigi-iddiasi
FACTURK-0366,"Türk firması Karsan'ın Otobüsleri, Norveç’te kullanılmaya başlanacak",1,true,ealtuncu/FACTurk,ab7e55331e6b8958,cluster_2191,Doğruluk Payı,2022-01-27T16:43:43+00:00,Doğru,True,https://www.dogrulukpayi.com/dogruluk-kontrolu/turk-firmasi-karsan-otobusleri-norvec-te-kullanilmaya-baslanacak-mi
FACTURK-0367,Diyanet İşleri Başkanlığı'nın 2023 için öngörülen bütçesinin 35 milyar 910 milyon 653 bin TL olduğu,1,true,ealtuncu/FACTurk,364acbd03c0730ae,cluster_2630,Doğruluk Payı,2022-10-24T16:36:55+00:00,Doğru,True,https://www.dogrulukpayi.com/dogruluk-kontrolu/diyanet-isleri-baskanligi-nin-2023-icin-ongorulen-butcesi-35-milyar-910-milyon-653-bin-tl-mi
FACTURK-0368,A Haber’in Avrupa ülkelerinin benzin fiyatlarını TL’ye çevirerek aktardığı,1,true,ealtuncu/FACTurk,d0ab966693077380,cluster_13973,Teyit,2020-06-22T00:00:00+00:00,Doğru,True,https://teyit.org/analiz/a-haberin-avrupa-ulkelerinin-benzin-fiyatlarini-tlye-cevirerek-aktardigi-iddiasi
FACTURK-0369,Sosyal medyada paylaşılan dev yılan videosu Van'da mı çekildi,0,false,ealtuncu/FACTurk,7123ec5b7920cbcc,cluster_11531,Teyit,2023-08-21T00:00:00+00:00,Yanlış,False,https://teyit.org/analiz/sosyal-medyada-paylasilan-dev-yilan-videosu-vanda-mi-cekildi
FACTURK-0370,1962 yılında Tanzanya’da yaşanan gülme krizi salgını yüzünden 14 okul kapanmıştır,1,true,ealtuncu/FACTurk,e4b2ed8e552629b2,cluster_1777,Doğruluk Payı,2021-05-20T10:38:03+00:00,Doğru,True,https://www.dogrulukpayi.com/dogruluk-kontrolu/1962-yilinda-tanzanya-da-yasanan-gulme-krizi-salgini-yuzunden-14-okulun-kapandigi-iddiasi
FACTURK-0371,Hadi Özışık’ın Sedat Peker’le görüntülü konuşma yaptığı sırada Ataşehir’deki Social Lounge kafede olduğu,1,true,ealtuncu/FACTurk,afd948b74d480d7a,cluster_13271,Teyit,2021-05-20T00:00:00+00:00,Doğru,True,https://teyit.org/analiz/hadi-ozisikin-sedat-pekerle-goruntulu-konusma-yaptigi-sirada-atasehirdeki-social-lounge-kafede-oldugu-iddiasi
FACTURK-0372,videonun Selçuk Bayraktar’ın F-35 uçaklar hakkındaki açıklamalarını gösterdiği,1,true,ealtuncu/FACTurk,6e2985fc1207beca,cluster_4464,Doğruluk Payı,2025-11-17T15:24:27+00:00,Doğru,True,https://www.dogrulukpayi.com/dogruluk-kontrolu/video-selcuk-bayraktar-in-f-35-ucaklar-hakkindaki-aciklamalarini-mi-gosteriyor
FACTURK-0373,"Düşmanın Ülkesi Viran Olacak, Türkiye Büyüyüp Turan Olacak sözünün Kadir Mısıroğlu'na ait olduğu",0,false,ealtuncu/FACTurk,3d09a00dd96c04c9,cluster_5811,Malumatfuruş,2024-10-01T00:00:00+00:00,YANLIS,false,https://www.malumatfurus.org/dusmanin-ulkesi-viran-olacak/
FACTURK-0374,Kinder ürünlerinde salmonella analizinin sıklaştırıldığını gösterdiği iddia edilen belge,1,true,ealtuncu/FACTurk,56c0a9fd29e1dfc2,cluster_12684,Teyit,2022-04-21T00:00:00+00:00,Doğru,True,https://teyit.org/analiz/kinder-urunlerinde-salmonella-analizinin-siklastirildigini-gosterdigi-iddia-edilen-belge
FACTURK-0375,TRT'nin propaganda konuşması için yalnızca Muharrem İnce'yi çıkardığı,0,false,ealtuncu/FACTurk,5f537590fc426fa4,cluster_556,Doğrula,2023-05-10T07:52:07+00:00,Yanlış,False,https://www.dogrula.org/dogrulamalar/trtnin-propaganda-konusmalarinda-yalnizca-muharrem-inceyi-cikardigi-iddiasi/
FACTURK-0376,29 Mayıs 2021 tarihinde Valide Sultan Gemisi’nde fetih kutlamaları yapıldı,1,true,ealtuncu/FACTurk,48d127ae6ff039ea,cluster_1808,Doğruluk Payı,2021-05-31T13:31:46+00:00,Doğru,True,https://www.dogrulukpayi.com/dogruluk-kontrolu/29-mayis-2021-tarihinde-valide-sultan-gemisi-nde-fetih-kutlamalari-yapildigi-iddiasi
FACTURK-0377,Görüntünün Peru'daki Gelin Şelalesi'ne Ait Olduğu,1,true,ealtuncu/FACTurk,7b20211c6a8b2d8d,cluster_9462,Malumatfuruş,2024-08-06T00:00:00+00:00,DOGRU,Dogru,https://www.malumatfurus.org/gelin-selalesi/
FACTURK-0378,Fransa'da 1956'ya kadar çocukların okulda şarap içtiği doğru,1,true,ealtuncu/FACTurk,83c23272fc5b3cbe,cluster_10851,Teyit,2024-06-13T00:00:00+00:00,Doğru,True,https://teyit.org/analiz/fransada-1956ya-kadar-cocuklarin-okulda-sarap-ictigi-dogru-mu
FACTURK-0379,Fotoğrafın Havada uçuş esnasında üst kısmı tamamen açılarak hasar aldığı hâlde başarılı iniş yapmayı başaran Aloha Havayolları 243 Sayılı Uçuşun 28 Nisan 1988 Tarihli Kazasına Ait Olduğu,1,true,ealtuncu/FACTurk,bd923e2783050e55,cluster_9397,Malumatfuruş,2024-05-08T00:00:00+00:00,DOGRU,Dogru,https://www.malumatfurus.org/aloha-havayollari-kazasi/
FACTURK-0380,Bir Twitter hesabı tarafından 9 Mart 2023 tarihinde paylaşılan videonun 6 Şubat depremlerinden sonra bölgede yapılan çalışmaları gösterdiği,0,false,ealtuncu/FACTurk,c3b085a7615b8529,cluster_1527,Doğruluk Payı,2023-03-10T16:51:23+00:00,Yanlış,False,https://www.dogrulukpayi.com/dogruluk-kontrolu/video-6-subat-depremlerinden-sonra-bolgede-yapilan-calismalari-mi-gosteriyor
FACTURK-0381,5 milyon TL’ye özelleştirilen Giresun SEKA’nın 68 milyona geri alındığı,1,true,ealtuncu/FACTurk,d1b3cc08310bb1b7,cluster_13728,Teyit,2020-09-25T00:00:00+00:00,Doğru,True,https://teyit.org/analiz/5-milyon-tlye-ozellestirilen-giresun-sekanin-68-milyona-geri-alindigi-iddiasi
FACTURK-0382,Kadın Garsonun Restoranda Kendisini Taciz Eden Erkek Müşterileri Dövdüğü Videonun Gerçek Olduğu,0,false,ealtuncu/FACTurk,09f8f3ef43511e55,cluster_8577,Malumatfuruş,2022-06-12T00:00:00+00:00,YANLIS,false,https://www.malumatfurus.org/kadin-karateci-garson/
FACTURK-0383,Fotoğraf ciltteki iğne deliğini mi gösteriyor,1,true,ealtuncu/FACTurk,fe0655fd2cf114e7,cluster_11662,Teyit,2023-06-27T00:00:00+00:00,Doğru,True,https://teyit.org/analiz/fotografin-ciltteki-igne-deligini-gosterdigi-iddiasi
FACTURK-0384,Bakan Pakdemirli'nin patates firmasında danışmanlık yaptığı,1,true,ealtuncu/FACTurk,afb7aca5ada9c774,cluster_14753,Teyit,2019-03-13T00:00:00+00:00,Doğru,True,https://teyit.org/analiz/bakan-pakdemirlinin-patates-firmasinda-danismanlik-yaptigi-iddiasi
FACTURK-0385,İngiltere'de kartpostal 121 yıl sonra mı teslim edildi,1,true,ealtuncu/FACTurk,40c50af6ae6320bf,cluster_10691,Teyit,2024-08-23T00:00:00+00:00,Doğru,True,https://teyit.org/analiz/ingilterede-kartpostal-121-yil-sonra-mi-teslim-edildi
FACTURK-0386,ABD’de yapılan bir araştırmanın ev erkeği babaların oğullarının %75’inin eşcinsel ya da trans olduğunu gösterdiği iddia edildi,0,false,ealtuncu/FACTurk,c29691afce3ccfe1,cluster_4538,Doğruluk Payı,2025-12-29T14:27:05+00:00,Yanlış,False,https://www.dogrulukpayi.com/dogruluk-kontrolu/abd-de-yapilan-bir-arastirmanin-ev-erkegi-babalarin-ogullarinin-75-inin-escinsel-ya-da-trans-oldugunu-gosterdigi-iddiasi-dogru-mu
FACTURK-0387,McDonald’s müşterilerini zayıflatmak için restoranlarına egzersiz bisikleti koydu,0,false,ealtuncu/FACTurk,e659f19432e03902,cluster_2124,Doğruluk Payı,2021-12-24T14:44:44+00:00,Kısmen Yanlış,False,https://www.dogrulukpayi.com/dogruluk-kontrolu/mcdonald-s-egzersiz-bisikletini-musterilerini-zayiflatmak-icin-mi-koydu
FACTURK-0388,Kurbağalıdere ıslah çalışması,0,false,ealtuncu/FACTurk,9a6967d81bde415a,cluster_5498,Günün Yalanları,2020-09-21T15:25:52+00:00,Yalan,False,https://gununyalanlari.com/yalan/2762-ekrem-imamoglunun-kurbagalidere-islah-calismasi-yalani
FACTURK-0389,"Bir X hesabı tarafından 4 Ağustos 2025 tarihinde paylaşılan videoda, girişimci ve Chobani’nin sahibi Hamdi Ulukaya’nın “Medyada sürekli ‘Kürt kökenli’ deniyor. Kürt köken diye bir şey yoktur, ya Kürtsünüz ya değilsinizdir. Ben Kürdüm. Türklerin, Kürtlerin bir kökene değil, bir dile ve kimliğe sahip olduğunu anlaması gerekiyor.” açıklaması yaptığı",0,false,ealtuncu/FACTurk,c4ba7a9966f5fc3f,cluster_4311,Doğruluk Payı,2025-08-12T16:05:01+00:00,Yanlış,False,https://www.dogrulukpayi.com/dogruluk-kontrolu/gonderi-hamdi-ulukaya-nin-aciklamalarini-mi-gosteriyor
FACTURK-0390,“Anne terliği” tasvir edilen antik vazo gerçek,1,true,ealtuncu/FACTurk,4d9c1e19d3cbf000,cluster_11058,Teyit,2024-02-29T00:00:00+00:00,Doğru,True,https://teyit.org/analiz/anne-terligi-tasvir-edilen-antik-vazo-gercek-mi
FACTURK-0391,Videonun Boyutlar Arası Geçidi Yansıttığı,1,true,ealtuncu/FACTurk,dbccb2b5a2fe0f8a,cluster_8946,Malumatfuruş,2023-04-01T00:00:00+00:00,DOGRU,Dogru,https://www.malumatfurus.org/boyutlar-arasi-gecit/
FACTURK-0392,Bir Facebook sayfası tarafından 19 Aralık 2023 tarihinde yapılan paylaşımda yer alan videonun Dr. Mehmet Öz’ün hipertansiyon hakkında yaptığı açıklamaları gösterdiği,0,false,ealtuncu/FACTurk,a37ee1ea8e6f234c,cluster_3392,Doğruluk Payı,2024-01-17T10:54:38+00:00,Yanlış,False,https://www.dogrulukpayi.com/dogruluk-kontrolu/video-dr-mehmet-oz-un-hipertansiyon-hakkindaki-aciklamalarini-mi-gosteriyor
FACTURK-0393,CHP milletvekilleri Adalet Mitingi yerine Kazlıçeşme Mitingi fotoğrafı paylaştı,1,true,ealtuncu/FACTurk,434527ba8b2c78a5,cluster_15312,Teyit,2017-07-10T00:00:00+00:00,Doğru,True,https://teyit.org/analiz/chp-milletvekilleri-adalet-mitingi-yerine-kazlicesme-mitingi-fotografi-paylasti-iddiasi
FACTURK-0394,Ele Geçirilen Koleksiyon Amaçlı Basılan 1 Milyon Dolarlık Banknotun Parasal Bir Karşılığı Bulunduğu,0,false,ealtuncu/FACTurk,3d22516daa8b9bd5,cluster_6473,Malumatfuruş,2022-04-23T00:00:00+00:00,YANLIS,false,https://www.malumatfurus.org/1-milyon-dolarlik-banknot/
FACTURK-0395,4 ayda 434 kişinin intihar ettiği,1,true,ealtuncu/FACTurk,c583e11d4867236a,cluster_1489,Doğrula,2022-07-01T18:27:18+00:00,Doğru,True,https://www.dogrula.org/dogrulamalar/4-ayda-434-kisinin-intihar-ettigi-iddiasi/
FACTURK-0396,Ankara'daki Suriyelilerin iş yerlerinin kapatılacağına dair iddialar,0,false,ealtuncu/FACTurk,5935305052ad0b8e,cluster_14587,Teyit,2019-07-24T00:00:00+00:00,Yanlış,False,https://teyit.org/analiz/ankaradaki-suriyelilerin-is-yerlerinin-kapatilacagina-dair-iddialar
FACTURK-0397,NASA’nın Salda Gölü’ne ayakkabı ile bile girilmemesi gerektiğini açıkladığı iddia edildi,0,false,ealtuncu/FACTurk,407df7cf28e1603d,cluster_2381,Doğruluk Payı,2022-05-25T12:02:54+00:00,Yanlış,False,https://www.dogrulukpayi.com/dogruluk-kontrolu/nasa-nin-salda-golu-yle-ilgili-bir-koruma-aciklamasi-var-mi
FACTURK-0398,"2 Kasım 2023 tarihinde bir X kullanıcısı tarafından paylaşılan gönderide, İsrail Büyükelçisinin Birleşmiş Milletler Genel Konseyi’nden kovulduğu videonun güncel olduğu",0,false,ealtuncu/FACTurk,8f3ee51a70147a7b,cluster_3277,Doğruluk Payı,2023-11-03T15:40:31+00:00,Yanlış,False,https://www.dogrulukpayi.com/dogruluk-kontrolu/israil-buyukelcisinin-birlesmis-milletler-genel-konseyinden-kovuldugu-video-guncel-mi
FACTURK-0399,Bir Twitter hesabı tarafından 15 Ekim 2022 tarihinde paylaşılan videoda Rusya Devlet Başkanı Vladimir Putin’in “artık sadece Türkiye’ye gaz vereceğiz.” dediği iddia edildi,0,false,ealtuncu/FACTurk,ceb88a2faa6ecd57,cluster_2628,Doğruluk Payı,2022-10-19T16:47:51+00:00,Yanlış,False,https://www.dogrulukpayi.com/dogruluk-kontrolu/putin-artik-sadece-turkiye-ye-gaz-verecegiz-dedi-mi
FACTURK-0400,"İngiltere’deki aşı merkezi, yasa gereği değil güvenlik endişesi sebebiyle kapatıldı",0,false,ealtuncu/FACTurk,524bc118b96527f9,cluster_1165,Doğrula,2022-09-03T21:31:26+00:00,Yanlış,False,https://www.dogrula.org/dogrulamalar/ingilteredeki-asi-merkezi-yasa-geregi-degil-guvenlik-endisesi-sebebiyle-kapatildi/
FACTURK-0401,"Bir Instagram hesabı tarafından 26 Temmuz 2025 tarihinde paylaşılan bir videoda, görüntülerdeki astronotun 1984’te hiçbir güvenlik kablosuna bağlı olmadan uzayda yürüdüğü",1,true,ealtuncu/FACTurk,f87faa2638c669f8,cluster_4431,Doğruluk Payı,2025-10-23T14:28:23+00:00,Doğru,True,https://www.dogrulukpayi.com/dogruluk-kontrolu/video-bir-astronotun-uzayda-yaptigi-serbest-yuruyusu-mu-gosteriyor
FACTURK-0402,PKK'ya Karşı Mücadele Eden Şehitlerin Çocukları Ve Kardeşleri Askerlik Yapacak,0,false,ealtuncu/FACTurk,038c195b66235f8e,cluster_4994,Günün Yalanları,2016-11-23T18:08:05+00:00,Yalan,False,https://gununyalanlari.com/yalan/567-kemal-kilicdaroglunun-pkkya-karsi-mucadele-eden-sehitlerin-cocuklari-ve-kardesleri-askerlik-yapacak-iddiasi
FACTURK-0403,"Maggie Smith'in gençliğini gösterdiği iddia edilen fotoğraf, Loretta Young'a ait",0,false,ealtuncu/FACTurk,b78cff53e8ed66e4,cluster_1132,Doğrula,2022-07-01T18:22:42+00:00,Yanlış,False,https://www.dogrula.org/dogrulamalar/maggie-smithin-gencligini-gosterdigi-iddia-edilen-fotograf-loretta-younga-ait/
FACTURK-0404,Havada Uçuş Esnasında Bir Uçağın Tekerini Takan Kadının Görüldüğü Videonun Gerçek Olduğu ve 1926 Yılında Kaydedildiği,1,true,ealtuncu/FACTurk,e971f7b11e313847,cluster_9298,Malumatfuruş,2024-01-20T00:00:00+00:00,DOGRU,Dogru,https://www.malumatfurus.org/havada-ucagin-tekerini-degistiren/
FACTURK-0405,729 ile başlayan barkod numaralı ürünlerin tamamının İsrail menşeli olduğu,0,false,ealtuncu/FACTurk,c67acacb65533da2,cluster_9212,Malumatfuruş,2023-10-29T00:00:00+00:00,YANLIS,false,https://www.malumatfurus.org/729-barkod-israil/
FACTURK-0406,"Hamas - İsrail Savaşı’nın başladığı 7 Ekim’den bu yana Türkiye’nin İsrail’e ihracatının üç ayda 1 milyar doları aştığı iddia edildi . İddiada ayrıca 2023 yılının İsrail ihracat verilerinde 883 milyon dolarla çelik ithalatının ilk sırada, 593,8 milyon dolarlık ihracatla ikinci sırada kimyevi maddelerin yer aldığı da belirtilmiş. İddiada ihracat ile ilgili veriler açıklanırken muhtemelen yanlışlıkla ithalat kelimesinin kullanıldığını da belirtmek gerek",1,true,ealtuncu/FACTurk,ea541d65d843c03a,cluster_3383,Doğruluk Payı,2024-01-10T15:09:43+00:00,Doğru,True,https://www.dogrulukpayi.com/dogruluk-kontrolu/turkiye-nin-israil-e-ihracati-uc-ayda-1-milyar-dolari-asti-mi
FACTURK-0407,Dünyanın ilk ayrılık mektubu hakkındaki haber 1 Nisan şakası,0,false,ealtuncu/FACTurk,cbfab78496a10296,cluster_14721,Teyit,2019-04-02T00:00:00+00:00,Yanlış,False,https://teyit.org/analiz/dunyanin-ilk-ayrilik-mektubu-hakkindaki-haber-1-nisan-sakasi
FACTURK-0408,Fotoğraftaki Kişinin Rusya'nın Ukrayna'nın İşgali İçin Cepheye Yolladığı 128 Kiloluk Emekli General Olduğu,0,false,ealtuncu/FACTurk,54f94a9cfca94407,cluster_8620,Malumatfuruş,2022-07-13T00:00:00+00:00,YANLIS,false,https://www.malumatfurus.org/128-kiloluk-general/
FACTURK-0409,Senegal’in Fransızca yerine Arapçayı resmi dil ilan ettiği,0,false,ealtuncu/FACTurk,dad45fb44c324a94,cluster_10932,Teyit,2024-05-06T00:00:00+00:00,Yanlış,False,https://teyit.org/analiz/senegalin-fransizca-yerine-arapcayi-resmi-dil-ilan-ettigi-iddiasi
FACTURK-0410,Ukrayna’daki Azov Taburu’nun Rusya bayrağı yerine yanlışlıkla Hollanda bayrağı yaktığı iddia edildi,0,false,ealtuncu/FACTurk,4095c0186d7907ab,cluster_2447,Doğruluk Payı,2022-06-29T16:20:56+00:00,Yanlış,False,https://www.dogrulukpayi.com/dogruluk-kontrolu/ukrayna-da-yanlislikla-hollanda-bayragi-mi-yakildi
FACTURK-0411,"Türkiye milli gelirinin %2,5'i ile vatandaşlarına en az yardım yapan ülkeler kategorisinde",1,true,ealtuncu/FACTurk,b62cc24d087cf75c,cluster_1654,Doğruluk Payı,2021-02-19T17:12:32+00:00,Doğru,True,https://www.dogrulukpayi.com/dogruluk-kontrolu/turkiye-nin-milli-gelirinin-2-5-i-ile-vatandaslarina-en-az-yardim-yapan-ulkeler-kategorisinde-oldugu-iddiasi
FACTURK-0412,Mona Sahlin ve Toblerone yolsuzluk davası,1,true,ealtuncu/FACTurk,7da8c134880bd1a1,cluster_15120,Teyit,2018-04-06T00:00:00+00:00,Doğru,True,https://teyit.org/analiz/mona-sahlin-toblerone-yolsuzluk-davasi
FACTURK-0413,Kırılan tasarruflu ampullerin cıva zehirlenmesine sebep olabildiği,1,true,ealtuncu/FACTurk,0e25e35f4efaa336,cluster_15207,Teyit,2017-12-19T00:00:00+00:00,Doğru,True,https://teyit.org/analiz/kirilan-tasarruflu-ampullerin-civa-zehirlenmesine-sebep-olabildigi-iddiasi
FACTURK-0414,Arda Turan “Biz Bu Alemin En Güzel Kızını Bir Akşam Güneşinde İki Bira ile Tarihe Gömdük” dediği iddia edildi,0,false,ealtuncu/FACTurk,f4be5f4977d8fda2,cluster_2464,Doğruluk Payı,2022-07-08T12:45:15+00:00,Yanlış,False,https://www.dogrulukpayi.com/dogruluk-kontrolu/arda-turan-biz-bu-alemin-en-guzel-kizini-bir-aksam-gunesinde-iki-bira-ile-tarihe-gomduk-dedi-mi
FACTURK-0415,Müzede yere bırakılan gözlüğün sanat eseri sanıldığı,1,true,ealtuncu/FACTurk,f5c55da0c52981ed,cluster_10818,Teyit,2024-06-26T00:00:00+00:00,Doğru,True,https://teyit.org/analiz/muzede-yere-birakilan-gozlugun-sanat-eseri-sanildigi-iddiasi
FACTURK-0416,Stanley Kubrick'in Ay'a İniş Görüntülerini Çektiği ve Ay'a İnilmediğini İtiraf Ettiği,0,false,ealtuncu/FACTurk,a99aa40a19874f36,cluster_6336,Malumatfuruş,2022-09-21T00:00:00+00:00,YANLIS,false,https://www.malumatfurus.org/stanley-kubrick-aya-inis-goruntuleri/
FACTURK-0417,Covid-19 nedeniyle kapalı olan AVM’deki deri eşyaların küflendiği,1,true,ealtuncu/FACTurk,92fc039619b063ea,cluster_14039,Teyit,2020-05-20T00:00:00+00:00,Doğru,True,https://teyit.org/analiz/covid-19-nedeniyle-kapali-olan-avmdeki-deri-esyalarin-kuflendigi-iddiasi
FACTURK-0418,görselde yer alan kişinin bir müftü ve Kuran kursu hocasının karıştığı cinsel ilişki iddialarındaki kişi olduğu iddia edildi,0,false,ealtuncu/FACTurk,9d56a49fa686f087,cluster_3475,Doğruluk Payı,2024-03-15T12:07:17+00:00,Yanlış,False,https://www.dogrulukpayi.com/dogruluk-kontrolu/gorsel-hakkinda-sorusturma-acilan-adana-muftusunu-mu-gosteriyor
FACTURK-0419,Türkiye'nin yerli koronavirüs aşısı faz 3 aşamasında Acil Kullanım Onayı alabilir,1,true,ealtuncu/FACTurk,c0900bdcaf46f558,cluster_1505,Doğrula,2022-06-21T14:41:44+00:00,Doğru,True,https://www.dogrula.org/dogrulamalar/turkiyenin-yerli-koronavirus-asisi-faz-3-asamasinda-acil-kullanim-onayi-alabilir-iddiasi/
FACTURK-0420,"Görselin Ayder Yaylası'nda yılda bir defa açan ""kedi çiçeği""ni gösterdiği",0,false,ealtuncu/FACTurk,d4b9ddff1e0d9e35,cluster_10619,Teyit,2024-09-20T00:00:00+00:00,Yanlış,False,https://teyit.org/analiz/gorselin-ayder-yaylasinda-yilda-bir-defa-acan-kedi-cicegini-gosterdigi-iddiasi
FACTURK-0421,IŞİD Bombalanmıyor,0,false,ealtuncu/FACTurk,2c99e00aa790ecc6,cluster_5030,Günün Yalanları,2015-10-26T18:55:02+00:00,Yalan,False,https://gununyalanlari.com/yalan/176-mehmet-altanin-sid-bombalanmiyor-yalani
FACTURK-0422,Cumhurbaşkanı’nın ‘darlanınca zam üstüne zam yapıyoruz’ dediği,0,false,ealtuncu/FACTurk,ba47dc9fa7c71c6f,cluster_971,Doğrula,2022-06-27T11:35:09+00:00,Yanlış,False,https://www.dogrula.org/dogrulamalar/cumhurbaskaninin-darlaninca-zam-ustune-zam-yapiyoruz-dedigi-iddiasi/
FACTURK-0423,Hollandalı milletvekilinin İslam karşıtı kitap yazarken Müslüman olduğu,1,true,ealtuncu/FACTurk,534c0a7a2e259c51,cluster_1611,Doğruluk Payı,2021-01-28T11:12:00+00:00,Doğru,True,https://www.dogrulukpayi.com/dogruluk-kontrolu/hollandali-milletvekilinin-islam-karsiti-kitap-yazarken-musluman-oldugu-iddiasi
FACTURK-0424,hız sınırına uyulduğunda sürekli yeşil ışığa denk gelmeyi sağlayan sisteme “Yeşil Dalga” denildiği,1,true,ealtuncu/FACTurk,06531b3ef3b4ace8,cluster_4128,Doğruluk Payı,2025-04-11T17:19:58+00:00,Doğru,True,https://www.dogrulukpayi.com/dogruluk-kontrolu/hiz-sinirina-uyuldugunda-surekli-yesil-isiga-denk-gelmeyi-saglayan-sisteme-yesil-dalga-sistemi-denildigi-iddiasi-dogru-mu
FACTURK-0425,Halk TV İnternet Sitesinde TSK'nın Operasyonunun Genelkurmay'dan PKK'ya Hain Operasyon Başlığıyla Yayımlandığı,1,true,ealtuncu/FACTurk,c0b3da006a02a1b8,cluster_9543,Malumatfuruş,2024-11-30T00:00:00+00:00,DOGRU,Dogru,https://www.malumatfurus.org/halktv-pkk/
FACTURK-0426,Bir Twitter hesabı tarafından 13 Şubat 2023 tarihindeki paylaşımda Kahramanmaraş’ta bulunan züccaciye mağazasının görüldüğü videonun depremden sonra çekildiği,1,true,ealtuncu/FACTurk,034ccd61d39563b9,cluster_2838,Doğruluk Payı,2023-02-13T15:07:41+00:00,Doğru,True,https://www.dogrulukpayi.com/dogruluk-kontrolu/kahramanmaras-ta-saglam-gozuken-zuccaciye-magazasi-videosu-6-subat-depreminden-sonra-cekilmis
FACTURK-0427,"Kuzey Kore lideri Kim Jong-Un’un ‘’Müslümanları anlamıyorum, kutsal olarak gördükleri Kudüs’ü, İsrail işgal ediyor ve Müslüman yöneticiler sadece kınayıp bekliyorlar. Eğer biz olsaydık bütün nükleer füze denemelerimizi İsrail’in üzerinde denerdik.’’ açıklaması yaptığı iddia edildi",0,false,ealtuncu/FACTurk,0f7cc1e4ce533935,cluster_3253,Doğruluk Payı,2023-10-19T16:08:10+00:00,Yanlış,False,https://www.dogrulukpayi.com/dogruluk-kontrolu/kuzey-kore-lideri-kim-jong-un-un-musluman-liderler-hakkindaki-aciklamalari-dogru-mu
FACTURK-0428,Çin’de Human Metapneumovirus (HMPV) adında yeni bir virüs bulunduğu iddia edildi,0,false,ealtuncu/FACTurk,57841b0bee2eff48,cluster_3995,Doğruluk Payı,2025-01-24T14:31:19+00:00,Yanlış,False,https://www.dogrulukpayi.com/dogruluk-kontrolu/cin-de-hmpv-adinda-yeni-bir-virus-bulundugu-iddiasi-dogru-mu
FACTURK-0429,Öğrencilerin Bolu'daki AK Parti mitingine katıldığı,1,true,ealtuncu/FACTurk,f79154e04576f9ff,cluster_14735,Teyit,2019-03-29T00:00:00+00:00,Doğru,True,https://teyit.org/analiz/ogrencilerin-boludaki-ak-parti-mitingine-katildigi-iddiasi
FACTURK-0430,Rize'de çay bardağı şeklinde heykelin yapım aşamasında olduğu,1,true,ealtuncu/FACTurk,fb38d71c400aff01,cluster_1647,Doğruluk Payı,2021-02-19T16:17:12+00:00,Doğru,True,https://www.dogrulukpayi.com/dogruluk-kontrolu/rize-de-cay-bardagi-seklinde-heykelin-yapim-asamasinda-oldugu-iddiasi
FACTURK-0431,Nihat Hatipoğlu'na Ramazan'da sahur programında dünyada yaşamın sona ermesinin ardından başka bir gezegene göçen insanların nasıl hac ibadetini yerine getireceğinin sorulduğu,1,true,ealtuncu/FACTurk,d315d162cfc0c7e9,cluster_8933,Malumatfuruş,2023-03-24T00:00:00+00:00,DOGRU,Dogru,https://www.malumatfurus.org/baska-gezegende-hac/
FACTURK-0432,Bir timsahın kendi kendine ürediği,1,true,ealtuncu/FACTurk,d585b05988d79fbf,cluster_11705,Teyit,2023-06-12T00:00:00+00:00,Doğru,True,https://teyit.org/analiz/bir-timsahin-kendi-kendine-uredigi-iddiasi
FACTURK-0433,İyi Adamlar Yalnızlıktan Ölüyor İyi Kadınlar İse Kötü Adamların Balkonundan Gökyüzüne Bakarken Sözünün Dostoyevski'ye Ait Olduğu,0,false,ealtuncu/FACTurk,abb486aea8a09af8,cluster_8915,Malumatfuruş,2023-03-08T00:00:00+00:00,YANLIS,false,https://www.malumatfurus.org/iyi-adamlar-yalnizliktan-oluyor-iyi-kadinlar-ise/
FACTURK-0434,Google sokak görüntülerinde Kongo’daki bir ormanda Galatasaray formalı bir kişinin yer aldığı,1,true,ealtuncu/FACTurk,db461c710ad7571d,cluster_4017,Doğruluk Payı,2025-02-10T12:49:59+00:00,Doğru,True,https://www.dogrulukpayi.com/dogruluk-kontrolu/google-sokak-goruntulerinde-kongo-daki-bir-ormanda-galatasaray-formali-bir-kisi-bulundugu-dogru-mu
FACTURK-0435,Threads hesabını silen kullanıcıların Instagram hesabının da silineceği,1,true,ealtuncu/FACTurk,5f9b701d21933289,cluster_11632,Teyit,2023-07-06T00:00:00+00:00,Doğru,True,https://teyit.org/analiz/threads-hesabini-silen-kullanicilarin-instagram-hesabinin-da-silinecegi-iddiasi
FACTURK-0436,"ki videonun, Urfa’da ev kirasını ödeyemediği için bebeğiyle evden atılan bir kadını gösterdiği iddia edildi",0,false,ealtuncu/FACTurk,9bac776c0cafc627,cluster_4155,Doğruluk Payı,2025-04-30T17:27:41+00:00,Yanlış,False,https://www.dogrulukpayi.com/dogruluk-kontrolu/video-urfa-da-ev-kirasini-odeyemedigi-icin-bebegiyle-evden-atilan-bir-kadini-mi-gosteriyor
FACTURK-0437,İspanya’nın Güney Kıbrıs’a savunma amaçlı savaş gemisi göndereceği,1,true,ealtuncu/FACTurk,c808c7d27033b3b9,cluster_4646,Doğruluk Payı,2026-03-05T17:17:59+00:00,Doğru,True,https://www.dogrulukpayi.com/dogruluk-kontrolu/ispanya-nin-guney-kibris-a-savunma-amacli-savas-gemisi-gonderecegi-dogru-mu
FACTURK-0438,Ateş ölçüm cihazlarının epifiz bezine zarar verdiği,0,false,ealtuncu/FACTurk,9db16e0cbf996625,cluster_13889,Teyit,2020-07-21T00:00:00+00:00,Yanlış,False,https://teyit.org/analiz/ates-olcum-cihazlarinin-epifiz-bezine-zarar-verdigi-iddiasi
FACTURK-0439,Bir öğrencinin eksi netle Cumhuriyet Üniversitesi’ni kazandığı,1,true,ealtuncu/FACTurk,52a459527d3f2070,cluster_12268,Teyit,2022-11-29T00:00:00+00:00,Doğru,True,https://teyit.org/analiz/bir-ogrencinin-eksi-netle-universiteye-yerlestirildigi-iddiasi
FACTURK-0440,Yalan ve uydurma haberler mücadele edebileceğimiz hakkında sohbet ediyoruz,0,false,ealtuncu/FACTurk,9050a88bdf56f106,cluster_15741,Yalansavar,2020-03-03T07:14:27+00:00,Yanlış,False,https://yalansavar.org/2020/03/03/podcast-22-uydurma-haberler/
FACTURK-0441,görselin Kandahar Devi’nin 1923 yılında çekilen fotoğrafını gösterdiği,0,false,ealtuncu/FACTurk,423194a449c29131,cluster_3224,Doğruluk Payı,2023-09-28T15:46:26+00:00,Yanlış,False,https://www.dogrulukpayi.com/dogruluk-kontrolu/fotograf-kandahar-devi-ni-gosteriyor-mu
FACTURK-0442,Bill Gates’in kurtçuk sütü ürettiği ve Entomilk adıyla piyasaya sürdüğü,0,false,ealtuncu/FACTurk,b9817f91aa559b2b,cluster_3707,Doğruluk Payı,2024-07-29T09:48:07+00:00,Yanlış,False,https://www.dogrulukpayi.com/dogruluk-kontrolu/bill-gates-kurtcuk-sutu-uretip-entomilk-adiyla-piyasaya-surdu-mu
FACTURK-0443,Trablusgarpta Diz Çökerek Libyalı Çocukla Konuşurken Görüntülenen Kişinin Mustafa Kemal Atatürk Olduğu,0,false,ealtuncu/FACTurk,c0003bdca945248b,cluster_6896,Malumatfuruş,2020-08-28T00:00:00+00:00,YANLIS,false,https://www.malumatfurus.org/ataturk-trablusgarp-cocuk/
FACTURK-0444,Fotoğrafın Edirne'de İstiklal Marşı'nı Okuyanlara Korna Çaldığı İçin Bir Kişinin Dövüldüğü Anı Yansıttığı,0,false,ealtuncu/FACTurk,27b658e076b4523b,cluster_6355,Malumatfuruş,2022-09-01T00:00:00+00:00,YANLIS,false,https://www.malumatfurus.org/edirnede-istiklal-marsi/
FACTURK-0445,İnsan vücudundaki kemiklerin dörtte birinin ayaklarda olduğu,1,true,ealtuncu/FACTurk,4da705672d621463,cluster_12372,Teyit,2022-10-12T00:00:00+00:00,Doğru,True,https://teyit.org/analiz/insan-vucudundaki-kemiklerin-dortte-birinin-ayaklarda-oldugu-iddiasi
FACTURK-0446,Bir X platformu hesabı tarafından 27 Şubat’ta yapılan bir paylaşımda RTÜK’ün VOLE YouTube kanalına lisans alması için 72 saat süre tanıdığını,0,false,ealtuncu/FACTurk,c876b46d0acffe3d,cluster_3462,Doğruluk Payı,2024-02-28T15:40:55+00:00,Yanlış,False,https://www.dogrulukpayi.com/dogruluk-kontrolu/rtuk-vole-youtube-kanalina-lisans-almasi-icin-72-saat-sure-mi-tanidi
FACTURK-0447,Çinli milyarderin büyüdüğü köye lüks daireler yaptırdığı,1,true,ealtuncu/FACTurk,0d98750fba19f05c,cluster_12115,Teyit,2023-02-04T00:00:00+00:00,Doğru,True,https://teyit.org/analiz/cinli-milyarderin-buyudugu-koye-luks-daireler-yaptirdigi-iddiasi
FACTURK-0448,Suudi Arabistan Veliaht Prensi Muhammed Bin Selman'ın Orta Doğu 5 Yıl İçinde Yeni Avrupa Olacak Dediği,1,true,ealtuncu/FACTurk,551a66fef73dc715,cluster_6031,Malumatfuruş,2023-09-13T00:00:00+00:00,DOGRU,Dogru,https://www.malumatfurus.org/orta-dogu-yeni-avrupa-olacak/
FACTURK-0449,Gigantopithecus'un yaşamış en büyük maymun ve vejetaryen olduğu,1,true,ealtuncu/FACTurk,0dd5f6990d5daa88,cluster_1649,Doğruluk Payı,2021-02-19T14:00:05+00:00,Doğru,True,https://www.dogrulukpayi.com/dogruluk-kontrolu/gigantopithecus-un-yasamis-en-buyuk-maymun-ve-vejetaryen-oldugu-iddiasi
FACTURK-0450,Kızılay’ın Başkent Gaz’ın yaptığı bağışla Ensar Vakfı’yla proje yürüttüğü,1,true,ealtuncu/FACTurk,b64c218db473abe2,cluster_14276,Teyit,2020-01-30T00:00:00+00:00,Doğru,True,https://teyit.org/analiz/kizilayin-baskent-gazin-yaptigi-bagisla-ensar-vakfiyla-proje-yuruttugu-iddiasi
FACTURK-0451,Brezilya'dan ithal edilen hayvanların Türkiye'ye kötü koşullarda getirildiği,1,true,ealtuncu/FACTurk,7db06093e48c1a4d,cluster_15164,Teyit,2018-02-12T00:00:00+00:00,Doğru,True,https://teyit.org/analiz/brezilyadan-ithal-edilen-hayvanlarin-turkiyeye-kotu-kosullarda-getirildigi-iddiasi
FACTURK-0452,Memleket Partisi'nden 64 bin üyenin istifa edip AK Parti'ye katıldığı,0,false,ealtuncu/FACTurk,f74fde7a88221930,cluster_546,Doğrula,2023-05-13T10:56:21+00:00,Yanlış,False,https://www.dogrula.org/dogrulamalar/memleket-partisinden-64-bin-uyenin-istifa-edip-ak-partiye-katildigi-iddiasi/
FACTURK-0453,Guatemala'daki Agua Yanardağı'nın Zirvesinde Yukarı Doğru Yükselen Çarpıcı Ters Yıldırım Görüntüsü,1,true,ealtuncu/FACTurk,30f8f27b8134b301,cluster_9132,Malumatfuruş,2023-08-20T00:00:00+00:00,DOGRU,Dogru,https://www.malumatfurus.org/ters-yildirim/
FACTURK-0454,İstanbul Valiliği’ndeki tadilat için 3 milyon liradan fazla bedelli ihale yapıldığı,1,true,ealtuncu/FACTurk,75f20d55ce9ddd4c,cluster_13874,Teyit,2020-07-25T00:00:00+00:00,Doğru,True,https://teyit.org/analiz/istanbul-valiligindeki-tadilat-icin-3-milyon-liradan-fazla-bedelli-ihale-yapildigi-iddiasi
FACTURK-0455,Bir Instagram hesabı tarafından 10 Aralık 2025 tarihinde paylaşılan gönderide dünyada en zengin 60 bin kişinin en yoksul 4 milyar kişiden 3 kat daha zengin olduğu iddia edildi,1,true,ealtuncu/FACTurk,48055493b5c01ce6,cluster_4525,Doğruluk Payı,2025-12-23T16:20:38+00:00,Doğru,True,https://www.dogrulukpayi.com/dogruluk-kontrolu/dunyada-en-zengin-60-bin-kisi-en-yoksul-4-milyar-kisiden-3-kat-zengin-mi
FACTURK-0456,Fotoğrafın AK Parti milletvekili Radiye Sezer Katırcıoğlu'nun camide konuşma yaptığını gösterdiği,1,true,ealtuncu/FACTurk,d6f5e105159e8dd3,cluster_14882,Teyit,2018-11-21T00:00:00+00:00,Doğru,True,https://teyit.org/analiz/fotografin-ak-parti-milletvekili-radiye-sezer-katircioglunun-camide-konusma-yaptigini-gosterdigi-iddiasi
FACTURK-0457,Borsa İstanbul'un Hızlı Karar Alma Süreci etkinliğine Metin Doğan'ın katılacağı,1,true,ealtuncu/FACTurk,e6bb91f309f66577,cluster_15354,Teyit,2017-05-27T00:00:00+00:00,Doğru,True,https://teyit.org/analiz/borsa-istanbulun-hizli-karar-alma-sureci-etkinligine-metin-doganin-katilacagi-iddiasi
FACTURK-0458,Kuzey Kore'nin 1970'li yıllarda İsveç'ten aldığı 1000 adet Volvo 144'ün marka aracın parasını hâlâ ödemediği,1,true,ealtuncu/FACTurk,46aafa21dbc0ed67,cluster_9104,Malumatfuruş,2023-07-28T00:00:00+00:00,DOGRU,Dogru,https://www.malumatfurus.org/kuzey-kore-isvec-volvo/
FACTURK-0459,İzmir'deki raylı sistemlere 30 bin TL ayrıldığı,1,true,ealtuncu/FACTurk,7622346e4ae6e781,cluster_14774,Teyit,2019-02-26T00:00:00+00:00,Doğru,True,https://teyit.org/analiz/izmirdeki-rayli-sistemlere-30-bin-tl-ayrildigi-iddiasi
FACTURK-0460,Diyanet İşleri Başkanlığının depremzede evlatlık sorusuna “Evlat edinenle evlatlık arasında evlenme engeli yok” cevabını verdiği,1,true,ealtuncu/FACTurk,1c5ba7aa5266004b,cluster_2853,Doğruluk Payı,2023-02-18T21:27:49+00:00,Doğru,True,https://www.dogrulukpayi.com/dogruluk-kontrolu/diyanet-depremzede-cocuklarin-evlatlik-alinmasiyla-ilgili-aciklamada-bulundu
FACTURK-0461,"Paylaşımdaki fotoğraflar, savaş öncesi ve savaş sonrası Suriye'de çekildi",1,true,ealtuncu/FACTurk,8cafa4458c0a78df,cluster_1720,Doğruluk Payı,2021-04-09T15:18:34+00:00,Doğru,True,https://www.dogrulukpayi.com/dogruluk-kontrolu/paylasimdaki-fotograflarin-11-yil-ara-ile-suriye-nin-farkli-bolgelerinde-cekildigi-iddiasi-42
FACTURK-0462,Heineken'in “eski model” telefon ürettiği,1,true,ealtuncu/FACTurk,40c222f2792ee06a,cluster_10961,Teyit,2024-04-18T00:00:00+00:00,Doğru,True,https://teyit.org/analiz/heinekenin-eski-model-telefon-urettigi-iddiasi
FACTURK-0463,Bir Instagram hesabı tarafından 24 Aralık 2022 tarihinde paylaşılan fotoğrafta Almanya'da evsizlerin barınması için uyku kapsülleri kurulduğu,1,true,ealtuncu/FACTurk,06660ddd561eac4e,cluster_2751,Doğruluk Payı,2022-12-29T13:06:56+00:00,Doğru,True,https://www.dogrulukpayi.com/dogruluk-kontrolu/almanya-da-evsizlerin-barinmasi-icin-uyku-kapsulleri-mi-kuruldu
FACTURK-0464,Zultanit taşının yalnızca Türkiye’den çıktığı,1,true,ealtuncu/FACTurk,149435ca0fecf326,cluster_4349,Doğruluk Payı,2025-08-29T16:14:13+00:00,Doğru,True,https://www.dogrulukpayi.com/dogruluk-kontrolu/zultanit-tasi-yalnizca-turkiye-den-mi-cikar
FACTURK-0465,Yol kenarındaki beyaz tabelalar konum gösteriyor,1,true,ealtuncu/FACTurk,318ccbea423b6453,cluster_1904,Doğruluk Payı,2021-08-02T14:19:50+00:00,Doğru,True,https://www.dogrulukpayi.com/dogruluk-kontrolu/yol-kenarindaki-beyaz-tabelalarin-konum-gosterdigi-iddiasi
FACTURK-0466,Arapça ve Çincenin Birleşmiş Milletlerin Resmi Dillerinden Biri Olduğu,0,false,ealtuncu/FACTurk,b70d20fa8f1c18fd,cluster_8297,Malumatfuruş,2016-10-12T00:00:00+00:00,YANLIS,false,https://www.malumatfurus.org/birlesmis-milletler-yanlis/
FACTURK-0467,Türkiye Dışında Başka Bir Ülkede Mevlid Kandilinin Kutlanmadığı,0,false,ealtuncu/FACTurk,a636109bdcee0efc,cluster_7440,Malumatfuruş,2018-06-14T00:00:00+00:00,YANLIS,false,https://www.malumatfurus.org/baska-bir-ulkede-mevlid-kandilinin-kutlanmadigina-ve-kutlu-dogum-haftasi-hurafesine-inanan-kose-yazarlari/
FACTURK-0468,"Bir Instagram hesabı tarafından 14 Mart 2025 tarihinde paylaşılan videoda, Amerika’nın eyaleti olan Nevada’daki girişi olan çıkışı olmayan tüneli gösterdiği",0,false,ealtuncu/FACTurk,0c92024a4f0219fe,cluster_4098,Doğruluk Payı,2025-03-25T12:33:26+00:00,Yanlış,False,https://www.dogrulukpayi.com/dogruluk-kontrolu/video-amerika-nin-eyaleti-nevada-daki-girisi-olan-cikisi-olmayan-tuneli-mi-gosteriyor
FACTURK-0469,Diş Hekimi Füsun Kümet'e AK Parti milletvekili aday listesinde ilkokul mezunu yazıldığı,1,true,ealtuncu/FACTurk,6e19dd98fa2cd136,cluster_15077,Teyit,2018-05-29T00:00:00+00:00,Doğru,True,https://teyit.org/analiz/dis-hekimi-fusun-kumete-ak-parti-milletvekili-aday-listesinde-ilkokul-mezunu-yazildigi-iddiasi
FACTURK-0470,"Tarım ve Orman Bakanlığı, yaban keçisi ve hatalı boynuz selek yaban keçisi olmak üzere toplam 45 adet keçinin 13 parti halinde avlattırılması için ihale duyurusunda bulunmuştur",1,true,ealtuncu/FACTurk,6efd07afa5589279,cluster_1796,Doğruluk Payı,2021-05-25T12:25:22+00:00,Doğru,True,https://www.dogrulukpayi.com/dogruluk-kontrolu/tarim-ve-orman-bakanligi-tarafindan-45-yaban-kecisinin-avlattirilmasi-icin-ihale-ilani-verildigi-iddiasi
FACTURK-0471,"TFF’nin Pendikspor ile Fenerbahçe arasında oynanacak olan maçın Pendik Stadyumu’nda oynanacağını açıklamasının ardından Pendikspor’un “Pendik Stadyumu, tarihinin ilk gece maçına hazır!” paylaşımı yaptığı",0,false,ealtuncu/FACTurk,66888f9bee1df09e,cluster_3882,Doğruluk Payı,2024-11-21T12:14:21+00:00,Yanlış,False,https://www.dogrulukpayi.com/dogruluk-kontrolu/tff-nin-fenerbahce-maci-aciklamasindan-sonra-pendikspor-un-ilk-gece-maci-paylasimi-yaptigi-iddiasi-dogru-mu
FACTURK-0472,Katar Yatırım Fonu’nun Avrasya Tüneli’ne ortak olduğu iddia edildi,1,true,ealtuncu/FACTurk,a2dcfba0ae36fe6d,cluster_2567,Doğruluk Payı,2022-09-13T16:52:54+00:00,Doğru,True,https://www.dogrulukpayi.com/dogruluk-kontrolu/katar-yatirim-fonu-avrasya-tuneli-ne-ortak-mi-oldu
FACTURK-0473,Bu Dünyada En İyi Ben Yenilirim Dosta Düşmana Aşka Dizelerinin Turgut Uyar’a Ait Olduğu,0,false,ealtuncu/FACTurk,6fe47d1629b23db1,cluster_7903,Malumatfuruş,2020-10-14T00:00:00+00:00,YANLIS,false,https://www.malumatfurus.org/bu-dunyada-en-iyi-ben-yenilirim/
FACTURK-0474,Türkiye'de ve Avrupa'da bulunan Starbucks şubelerinin sayıları hakkındaki iddialar,1,true,ealtuncu/FACTurk,17e9f1a272ea0427,cluster_14956,Teyit,2018-09-04T00:00:00+00:00,Doğru,True,https://teyit.org/analiz/turkiyede-ve-avrupada-bulunan-starbucks-subelerinin-sayilari-hakkindaki-iddialar
FACTURK-0475,"Hem Aşık Ol, Hem Şair, Hem Tanıma Şarabı, Nerde Böyle Çelişki, Böyle Tezat Görünür Şiirinin Cemal Süreya'ya Ait Olduğu",0,false,ealtuncu/FACTurk,2a14997560814c0f,cluster_5934,Malumatfuruş,2024-02-06T00:00:00+00:00,YANLIS,false,https://www.malumatfurus.org/hem-asik-ol-hem-sair-hem-tanima-sarabi/
FACTURK-0476,Norveçli Petrol Şirketi Haltbakk Bunkers'ın limanlara gelen ABD savaş gemilerine yakıt ikmali yapmayacağını duyurduğu,1,true,ealtuncu/FACTurk,0edf70384609ecc9,cluster_9617,Malumatfuruş,2025-03-02T00:00:00+00:00,DOGRU,Dogru,https://www.malumatfurus.org/norvec-abd-gemilerine-petrol/
FACTURK-0477,SARS-CoV-2 varyantlarının çıkış tarihlerinin önceden belirlendiğini kanıtladığı iddia edilen tablo,0,false,ealtuncu/FACTurk,23b743e9b9e49d35,cluster_12932,Teyit,2021-12-03T00:00:00+00:00,Yanlış,False,https://teyit.org/analiz/sars-cov-varyantlarinin-cikis-tarihlerinin-onceden-belirlendigini-kanitladigi-iddia-edilen-tablo
FACTURK-0478,"Japonya'da demans hastalarının çalıştığı ""yanlış siparişler restoranı"" mı var",1,true,ealtuncu/FACTurk,b7fd8fffd5ea103c,cluster_11250,Teyit,2023-12-13T00:00:00+00:00,Doğru,True,https://teyit.org/analiz/japonyada-demans-hastalarinin-calistigi-yanlis-siparisler-restorani-mi-var
FACTURK-0479,Osmanlı Hanedanı hakkındaki bilgilerin Prof. Dr. Halil İnancık tarafından söylendi,1,true,ealtuncu/FACTurk,f2589387e91e2484,cluster_1792,Doğruluk Payı,2021-05-25T15:06:34+00:00,Doğru,True,https://www.dogrulukpayi.com/dogruluk-kontrolu/prof-dr-halil-inalcik-a-ait-oldugu-iddia-edilen-paylasima-dair
FACTURK-0480,Yerel seçimlerde e-Devlet üzerinden adres değişikliği için son tarih 1 Ekim 2023,1,true,ealtuncu/FACTurk,f87d0342825d3fb9,cluster_11433,Teyit,2023-09-28T00:00:00+00:00,Doğru,True,https://teyit.org/analiz/yerel-secimlerde-e-devlet-uzerinden-adres-degisikligi-icin-son-tarih-1-ekim-2023-mu
FACTURK-0481,Gezdim Diyarı Garbı Kâşaneler Gördüm Gezdim Diyarı İslamı Viraneler Gördüm Beytinin Sahibinin Mehmet Âkif Ersoy Olduğu,0,false,ealtuncu/FACTurk,f0e30419e72aeeb9,cluster_6534,Malumatfuruş,2022-02-02T00:00:00+00:00,YANLIS,false,https://www.malumatfurus.org/diyari-kufru-gezdim-beldeler-kasaneler-gordum/
FACTURK-0482,Cumhurbaşkanlığı Külliyesi'nde zikir,1,true,ealtuncu/FACTurk,90a7708e7d243f46,cluster_15550,Teyit,2016-08-31T00:00:00+00:00,Doğru,True,https://teyit.org/analiz/cumhurbaskanligi-kulliyesinde-zikir
FACTURK-0483,Üsküdar Belediye Başkanı Sinem Dedetaş’ın göreve gelmesinden sonra kayınbiraderi Basri Onur Dedetaş’ın müdür olarak atandığı,0,false,ealtuncu/FACTurk,7c8a28c87afa4281,cluster_3571,Doğruluk Payı,2024-05-09T16:26:25+00:00,Yanlış,False,https://www.dogrulukpayi.com/dogruluk-kontrolu/onur-dedetas-in-sinem-dedetas-belediye-baskani-olduktan-sonra-atandigi-iddiasi-dogru-mu
FACTURK-0484,Paris'te sığınmacıların konaklamasını engellemek için köprü altına kayalar yerleştirildi,1,true,ealtuncu/FACTurk,fefe640541d7ce3c,cluster_15424,Teyit,2017-02-21T00:00:00+00:00,Doğru,True,https://teyit.org/analiz/pariste-siginmacilarin-konaklamasini-engellemek-icin-kopru-altina-kayalar-yerlestirildi-iddiasi
FACTURK-0485,MacKenzie Bezos’un dünyanın en zengin kadını olduğu,0,false,ealtuncu/FACTurk,942316f5775170fb,cluster_1652,Doğruluk Payı,2021-02-22T21:33:18+00:00,Kısmen Yanlış,False,https://www.dogrulukpayi.com/dogruluk-kontrolu/mackenzie-bezos-un-dunyanin-en-zengin-kadini-oldugu-iddiasi
FACTURK-0486,Bir Twitter hesabı tarafından 26 Ekim 2022 tarihinde paylaşılan videonun İngiltere Başbakanı Rishi Sunak’ı İbiza’da dans ederken gösterdiği iddia edildi,0,false,ealtuncu/FACTurk,a0c833f94c18c657,cluster_2651,Doğruluk Payı,2022-10-27T17:10:43+00:00,Yanlış,False,https://www.dogrulukpayi.com/dogruluk-kontrolu/video-ingiltere-basbakani-rishi-sunak-i-ibiza-da-dans-ederken-mi-gosteriyor
FACTURK-0487,Amber Heard mahkemede ifade verirken The Talented Mr. Ripley isimli filmden alıntılar kullandığı iddia edildi,0,false,ealtuncu/FACTurk,c737e72d3a25b984,cluster_2390,Doğruluk Payı,2022-05-30T10:20:50+00:00,Yanlış,False,https://www.dogrulukpayi.com/dogruluk-kontrolu/amber-heard-mahkemedeki-ifadesinde-film-alintisi-mi-kullandi
FACTURK-0488,Dünya Sağlık Örgütü (WHO) Genel Direktörü Tedros Adhanom’un Covid-19 aşısı olmadığı iddia edildi,0,false,ealtuncu/FACTurk,6aa955b2f74c10ed,cluster_2542,Doğruluk Payı,2022-08-29T11:05:54+00:00,Yanlış,False,https://www.dogrulukpayi.com/dogruluk-kontrolu/dso-baskani-tedros-adhanom-covid-19-asisi-olmadi-mi
FACTURK-0489,Ateist Olduğu Gerekçesiyle İstifası İstenen Köy İmamının Mesleğime Profesyonelce Yaklaşıyorum Sözleriyle Kendini Savunduğu,0,false,ealtuncu/FACTurk,1441fe67bd90f4a4,cluster_6136,Malumatfuruş,2023-05-21T00:00:00+00:00,YANLIS,false,https://www.malumatfurus.org/ateist-imam/
FACTURK-0490,taze zencefilin bir fincan suda 10 dakika kaynatılıp bal eklenmesiyle ortaya çıkan karışımın rahim ve yumurtalık kanserini tedavi ettiği iddia edildi,0,false,ealtuncu/FACTurk,a6c81899a0f4ab95,cluster_4379,Doğruluk Payı,2025-09-19T14:58:52+00:00,Yanlış,False,https://www.dogrulukpayi.com/dogruluk-kontrolu/taze-zencefilin-rahim-ve-yumurtalik-kanserini-tedavi-ettigi-iddiasi-dogru-mu
FACTURK-0491,yeni bir araştırmanın tuvalette akıllı telefon kullanan kişilerde hemoroid oluşumu %46 oranında arttığını kanıtladığı iddia edildi,1,true,ealtuncu/FACTurk,c70273f6884d0674,cluster_4200,Doğruluk Payı,2025-05-28T15:36:02+00:00,Doğru,True,https://www.dogrulukpayi.com/dogruluk-kontrolu/tuvalette-akilli-telefon-kullananlarda-hemoroid-olusumunun-46-oraninda-arttigi-iddiasi-dogru-mu
FACTURK-0492,ABD’li Jacob Miller alnından vurulmasına rağmen yaşamaya devam etti,1,true,ealtuncu/FACTurk,c3bc1f485f0bb407,cluster_10830,Teyit,2024-06-25T00:00:00+00:00,Doğru,True,https://teyit.org/analiz/abdli-jacob-miller-alnindan-vurulmasina-ragmen-yasamaya-devam-etti-mi
FACTURK-0493,Sedat Peker'in 2023 Seçimlerinde Cumhur İttifakı'nı Desteklediğini Duyurduğu,0,false,ealtuncu/FACTurk,9f14b35be850aaf3,cluster_8920,Malumatfuruş,2023-03-10T00:00:00+00:00,YANLIS,false,https://www.malumatfurus.org/sedat-peker-cumhur-ittifaki/
FACTURK-0494,Türk bilim insanı kök hücreden insan beyni üretmedi,0,false,ealtuncu/FACTurk,bedc08369a104994,cluster_1431,Doğrula,2022-06-28T08:47:29+00:00,Yanlış,False,https://www.dogrula.org/dogrulamalar/turk-bilim-insani-kok-hucreden-insan-beyni-uretmedi/
FACTURK-0495,Hama ve Humus'ta Teröristleri Temizledik,0,false,ealtuncu/FACTurk,429bb61eeacc9efd,cluster_4927,Günün Yalanları,2016-03-16T17:53:02+00:00,Yalan,False,https://gununyalanlari.com/yalan/388-rusyanin-hama-ve-humusta-teroristleri-temizledik-yalani
FACTURK-0496,Görüntülerin Dominik kıyılarındaki plastik kirliliğini gösterdiği,1,true,ealtuncu/FACTurk,440498ef6c066261,cluster_14049,Teyit,2020-05-15T00:00:00+00:00,Doğru,True,https://teyit.org/analiz/goruntulerin-dominik-kiyilarindaki-plastik-kirliligini-gosterdigi-iddiasi
FACTURK-0497,sığınmacıların Avrupa’daki bir Gucci mağazasını soyduğu iddia edildi,0,false,ealtuncu/FACTurk,e75a51ff881ea9b5,cluster_3451,Doğruluk Payı,2024-02-23T10:45:47+00:00,Yanlış,False,https://www.dogrulukpayi.com/dogruluk-kontrolu/siginmacilar-avrupa-da-gucci-magazasini-soydu-mu
FACTURK-0498,Fotoğraf 1700 yıllık bir yumurtayı mı gösteriyor,1,true,ealtuncu/FACTurk,4697475a4a49fe31,cluster_11101,Teyit,2024-02-21T00:00:00+00:00,Doğru,True,https://teyit.org/analiz/fotograf-1700-yillik-bir-yumurtayi-mi-gosteriyor
FACTURK-0499,"Bir X hesabı tarafından 2 Ekim 2025 tarihinde paylaşılan videoda, Suud kraliyet ailesine karşı Necran Üniversitesinde yapılan bir protestoyu gösterdiği",0,false,ealtuncu/FACTurk,869cad99fe5854eb,cluster_4415,Doğruluk Payı,2025-10-13T13:02:33+00:00,Yanlış,False,https://www.dogrulukpayi.com/dogruluk-kontrolu/video-suud-hanedanina-karsi-yapilan-protestolari-mi-gosteriyor
FACTURK-0500,Fotoğrafın Pakistan’da “poşetlerle” taşınan doğalgazı gösterdiği,1,true,ealtuncu/FACTurk,6cc9b7c9e1dad1d2,cluster_12168,Teyit,2023-01-17T00:00:00+00:00,Doğru,True,https://teyit.org/analiz/fotografin-pakistanda-posetlerle-tasindigini-gosterdigi-iddiasi
