claim_id,gold_verdict,retrieved_source_ids,rerank_scores,nli_probs,decision_probs,nli_bypassed,final_verdict,raw_status,abstained,cache_hit,latency_ms,layer_latency_ms,selected_source_id
FACTURK-0001,YALAN,"[14206, 12265, 24388, 19895, 10563, 14660, 21415, 19684, 5084, 9992, 6879, 11155, 10869, 25947, 3763, 22594, 28847, 24252, 26825, 27461]","[0.019160708412528038, 0.0002234163403045386, 1.7366719475830905e-05, 0.009708477184176445, 1.892514956125524e-05, 3.095910506090149e-05, 1.6964426322374493e-05, 0.0003301527176517993, 0.009670992381870747, 1.6061610949691385e-05, 0.0013885232619941235, 0.0011740821646526456, 0.006265534088015556, 2.4300241420860402e-05, 0.0006719278171658516, 0.00041894835885614157, 2.229919846286066e-05, 1.8342892872169614e-05, 0.014503579586744308, 2.094818773912266e-05]","[0.0008872430771589279, 0.9986693859100342, 0.0004434417642187327]","[0.0008872430771589279, 0.9986693859100342, 0.0004434417642187327]",False,YALAN,UYARI,False,False,3625.073800008977,"{""K1_input_and_readiness"": 0.5197999998927116, ""K7_context"": 0.001800013706088066, ""K1_normalization"": 0.2542000147514045, ""K6_advisory"": 55.37779998849146, ""K1_intent"": 0.28769997879862785, ""K2_retrieval"": 243.5950000071898, ""K3_reranker"": 2017.3301000031643, ""K8_weighted_ranking"": 1.5918000135570765, ""K3_candidate_filters"": 5.262000020593405, ""K9_advisory_consensus"": 0.007700000423938036, ""K4_nli_and_bypass_check"": 729.4676000019535, ""K5_decision"": 567.220199998701}",14206
FACTURK-0002,YALAN,"[15452, 27176, 21314, 19821, 5161, 5162, 19962, 2186, 29461, 26954, 2649, 29680, 23960, 5398, 12280, 14911, 27706, 13120, 23602, 3195]","[0.00016603845870122313, 0.00013342000602278858, 0.012479699216783047, 0.0003514382697176188, 0.002934951800853014, 0.04804735630750656, 3.3474691008450463e-05, 0.001560889184474945, 1.6442494597868063e-05, 0.019985152408480644, 0.0007702931761741638, 1.6314539607265033e-05, 0.0006878511630930007, 1.6061610949691385e-05, 0.0032476764172315598, 0.0001956353517016396, 0.00014202363672666252, 0.00024536947603337467, 1.6187581422855146e-05, 1.6061610949691385e-05]","[0.025697533041238785, 0.9740145802497864, 0.0002878998639062047]","[0.025697533041238785, 0.9740145802497864, 0.0002878998639062047]",False,YETERSİZ VERİ,RET,True,False,2198.034600005485,"{""K1_input_and_readiness"": 0.06010002107359469, ""K7_context"": 0.0011999800335615873, ""K1_normalization"": 0.009500014130026102, ""K6_advisory"": 32.23329997854307, ""K1_intent"": 0.03259998629800975, ""K2_retrieval"": 118.29270000453107, ""K3_reranker"": 1695.1289999997243, ""K8_weighted_ranking"": 1.2928000069223344, ""K3_candidate_filters"": 5.426400020951405, ""K9_advisory_consensus"": 0.005400012014433742, ""K4_nli_and_bypass_check"": 184.59920000168495, ""K5_decision"": 158.3649999811314}",5162
FACTURK-0003,DOĞRU,"[4493, 10643, 10187, 11937, 28232, 4872, 7577, 23912, 18826, 3679, 3830, 21895, 864, 23537, 2705, 27110, 7323, 1579, 30019, 17521]","[2.5071596610359848e-05, 0.00048406238784082234, 2.586742994026281e-05, 1.6061610949691385e-05, 1.6061610949691385e-05, 1.6187581422855146e-05, 1.593661909282673e-05, 1.6187581422855146e-05, 1.6061610949691385e-05, 1.7366719475830905e-05, 5.694102947018109e-05, 1.6187581422855146e-05, 1.6314539607265033e-05, 1.6187581422855146e-05, 1.6187581422855146e-05, 1.6442494597868063e-05, 0.0005658799782395363, 1.657145367062185e-05, 1.6061610949691385e-05, 1.6061610949691385e-05]","[0.0013363392790779471, 0.996994137763977, 0.0016694931546226144]","[0.0013363392790779471, 0.996994137763977, 0.0016694931546226144]",False,YETERSİZ VERİ,RET,True,False,1451.7225000017788,"{""K1_input_and_readiness"": 0.040099985199049115, ""K7_context"": 0.001100008375942707, ""K1_normalization"": 0.007499998901039362, ""K6_advisory"": 32.367800013162196, ""K1_intent"": 0.04989997250959277, ""K2_retrieval"": 95.51899999496527, ""K3_reranker"": 1029.6810999861918, ""K8_weighted_ranking"": 1.0003000206779689, ""K3_candidate_filters"": 5.4051999759394675, ""K9_advisory_consensus"": 0.0053000112529844046, ""K4_nli_and_bypass_check"": 151.12210001097992, ""K5_decision"": 134.01919999159873}",3830
FACTURK-0004,YALAN,"[30270, 28308, 13928, 28091, 18436, 7204, 14990, 27795, 29997, 4829, 8792, 21200, 13159, 14158, 5693, 12198, 16105, 26513, 29647, 18950]","[0.057918086647987366, 0.004755199886858463, 0.004382336512207985, 8.888084994396195e-05, 0.009746103547513485, 0.0021074723917990923, 0.0013096056645736098, 0.00041568948654457927, 0.00039821304380893707, 0.016979992389678955, 0.00021824207215104252, 2.178264912799932e-05, 0.007695646956562996, 0.007636216934770346, 2.8409744118107483e-05, 0.0027149852830916643, 0.0002131875662598759, 0.0007124459953047335, 9.314593626186252e-05, 0.0008864988922141492]","[0.00028491808916442096, 0.003997188527137041, 0.9957179427146912]","[0.00028491808916442096, 0.003997188527137041, 0.9957179427146912]",False,DOĞRU,ONAY,False,False,5180.017899983795,"{""K1_input_and_readiness"": 0.06049999501556158, ""K7_context"": 0.0012999807950109243, ""K1_normalization"": 0.01270000939257443, ""K6_advisory"": 32.72469999501482, ""K1_intent"": 0.046200002543628216, ""K2_retrieval"": 158.62480000942014, ""K3_reranker"": 4852.161599992542, ""K8_weighted_ranking"": 1.0697999969124794, ""K3_candidate_filters"": 5.518499994650483, ""K9_advisory_consensus"": 0.006100017344579101, ""K4_nli_and_bypass_check"": 126.8436000100337, ""K5_decision"": 0.2880000101868063}",13928
FACTURK-0005,YALAN,"[29807, 11348, 772, 209, 14283, 150, 675, 27466, 21980, 22494, 13258, 23197, 16391, 29979, 9201, 8148, 13172, 920, 18108, 2140]","[2.3007036361377686e-05, 1.6314539607265033e-05, 1.6187581422855146e-05, 1.7917987861437723e-05, 2.030369250860531e-05, 1.922317096614279e-05, 5.3075080359121785e-05, 1.6061610949691385e-05, 1.6187581422855146e-05, 1.6061610949691385e-05, 1.8200149497715756e-05, 0.00033535013790242374, 1.6061610949691385e-05, 1.6061610949691385e-05, 1.593661909282673e-05, 1.7366719475830905e-05, 2.9541422918555327e-05, 0.00021654405281879008, 9.83811987680383e-05, 3.1693256460130215e-05]","[0.004818761721253395, 0.977952778339386, 0.017228415235877037]","[0.004818761721253395, 0.977952778339386, 0.017228415235877037]",False,YETERSİZ VERİ,RET,True,False,1424.1875000006985,"{""K1_input_and_readiness"": 0.04700000863522291, ""K7_context"": 0.0014999823179095984, ""K1_normalization"": 0.008700008038431406, ""K6_advisory"": 31.907100026728585, ""K1_intent"": 0.03709999145939946, ""K2_retrieval"": 126.84539999463595, ""K3_reranker"": 1237.6838000200223, ""K8_weighted_ranking"": 1.120400003856048, ""K3_candidate_filters"": 5.137799977092072, ""K9_advisory_consensus"": 0.005299982149153948, ""K4_nli_and_bypass_check"": 18.536999996285886, ""K5_decision"": 0.2767000114545226}",18108
FACTURK-0006,YALAN,"[13994, 9150, 15787, 2858, 27790, 24749, 1701, 3315, 12442, 7974, 27894, 16063, 15138, 17553, 8456, 22699, 15972, 11182, 10784, 23979]","[0.0011649561347439885, 0.009196552447974682, 0.0006337125087156892, 2.6480842279852368e-05, 0.0017342078499495983, 1.67014204635052e-05, 0.0019570167642086744, 6.156764720799401e-05, 1.6442494597868063e-05, 1.6442494597868063e-05, 7.662102143513039e-05, 0.0003697388747241348, 1.750292540236842e-05, 3.0006618544575758e-05, 0.0006487307837232947, 0.0010162440594285727, 0.0006000071880407631, 0.0004859560285694897, 4.794958294951357e-05, 0.0008969392511062324]","[0.0015175419393926859, 0.911361038684845, 0.08712147176265717]","[0.0015175419393926859, 0.911361038684845, 0.08712147176265717]",False,YALAN,UYARI,False,False,2309.804799995618,"{""K1_input_and_readiness"": 0.0399000127799809, ""K7_context"": 0.001100008375942707, ""K1_normalization"": 0.007599999662488699, ""K6_advisory"": 30.958399991504848, ""K1_intent"": 0.03429999924264848, ""K2_retrieval"": 107.93619998730719, ""K3_reranker"": 1780.3354000207037, ""K8_weighted_ranking"": 1.051500003086403, ""K3_candidate_filters"": 5.526699998881668, ""K9_advisory_consensus"": 0.006099988240748644, ""K4_nli_and_bypass_check"": 199.48379998095334, ""K5_decision"": 181.83039998984896}",9150
FACTURK-0007,YALAN,"[16150, 25228, 21967, 3007, 9150, 27696, 29106, 12189, 9220, 29080, 635, 19258, 12809, 11479, 7203, 3189, 8347, 26748, 3364, 1499]","[0.006463137920945883, 0.017712298780679703, 0.006241259165108204, 0.004755199886858463, 0.0065388246439397335, 0.020884215831756592, 0.005060331895947456, 0.0013617033837363124, 0.002174225402995944, 0.0004673480580095202, 0.002957902615889907, 3.071818719035946e-05, 0.0017546144081279635, 0.0008426423300988972, 0.011331753805279732, 0.00011682839976856485, 5.605828482657671e-05, 0.002123966347426176, 0.0053225355222821236, 0.00020662980386987329]","[0.000747021462302655, 0.9983628392219543, 0.0008900898974388838]","[0.000747021462302655, 0.9983628392219543, 0.0008900898974388838]",False,YETERSİZ VERİ,RET,True,False,2162.463000015123,"{""K1_input_and_readiness"": 0.056899996707215905, ""K7_context"": 0.001200009137392044, ""K1_normalization"": 0.011500000255182385, ""K6_advisory"": 31.66059998329729, ""K1_intent"": 0.043199979700148106, ""K2_retrieval"": 169.0738000033889, ""K3_reranker"": 1831.133499974385, ""K8_weighted_ranking"": 1.0224000143352896, ""K3_candidate_filters"": 5.125700001372024, ""K9_advisory_consensus"": 0.005299982149153948, ""K4_nli_and_bypass_check"": 121.68380001094192, ""K5_decision"": 0.1694000093266368}",27696
FACTURK-0008,DOĞRU,"[23842, 9982, 23994, 3040, 9650, 3772, 21497, 5400, 21200, 14531, 6926, 24714, 11616, 10382, 17637, 14693, 20379, 23067, 9806, 22944]","[0.005865338258445263, 1.6442494597868063e-05, 1.6061610949691385e-05, 1.6314539607265033e-05, 0.001048469333909452, 1.6187581422855146e-05, 1.6061610949691385e-05, 1.9988918211311102e-05, 1.6187581422855146e-05, 1.6061610949691385e-05, 2.178264912799932e-05, 0.0008525666198693216, 0.04655127227306366, 2.4300241420860402e-05, 0.0017891592578962445, 8.888084994396195e-05, 2.3369333575828932e-05, 5.829126530443318e-05, 0.0005420927773229778, 2.1112482500029728e-05]","[0.0015008286572992802, 0.012226980179548264, 0.9862722158432007]","[0.0015008286572992802, 0.012226980179548264, 0.9862722158432007]",False,YALAN,RED,False,False,1486.7357999901287,"{""K1_input_and_readiness"": 0.049700000090524554, ""K7_context"": 0.001400010660290718, ""K1_normalization"": 0.009100011084228754, ""K6_advisory"": 31.746699998620898, ""K1_intent"": 0.03519997699186206, ""K2_retrieval"": 112.7686999971047, ""K3_reranker"": 1312.1540000138339, ""K8_weighted_ranking"": 1.0478999756742269, ""K3_candidate_filters"": 5.393200000980869, ""K9_advisory_consensus"": 0.006299989763647318, ""K4_nli_and_bypass_check"": 20.28440000140108, ""K5_decision"": 0.36429997999221087}",23842
FACTURK-0009,DOĞRU,"[14517, 7095, 8698, 12267, 8481, 868, 16895, 3500, 881, 29949, 14095, 19012, 23430, 7959, 11154, 6311, 22188, 1099, 24475, 29059]","[0.005179712548851967, 3.219233258278109e-05, 0.0018602986820042133, 0.0013198634842410684, 0.0001621928095119074, 1.922317096614279e-05, 0.00013032974675297737, 0.0017891592578962445, 0.00023231418163049966, 0.0003654328465927392, 7.662102143513039e-05, 0.00026947917649522424, 6.553815910592675e-05, 0.00013658353418577462, 0.0008328334079124033, 0.0009436192340217531, 0.0003799845289904624, 0.00017813112935982645, 0.001560889184474945, 0.0018031664658337831]","[0.00045486909220926464, 0.007951073348522186, 0.9915940761566162]","[0.00045486909220926464, 0.007951073348522186, 0.9915940761566162]",False,YALAN,RED,False,False,2340.7990999985486,"{""K1_input_and_readiness"": 0.03850000211969018, ""K7_context"": 0.001400010660290718, ""K1_normalization"": 0.008799979696050286, ""K6_advisory"": 32.58759999880567, ""K1_intent"": 0.03090000245720148, ""K2_retrieval"": 120.92430001939647, ""K3_reranker"": 1864.9230999872088, ""K8_weighted_ranking"": 1.0860000038519502, ""K3_candidate_filters"": 5.099300004076213, ""K9_advisory_consensus"": 0.005499983672052622, ""K4_nli_and_bypass_check"": 165.39919999195263, ""K5_decision"": 148.1641000136733}",29059
FACTURK-0010,YALAN,"[27785, 8950, 24363, 9565, 26067, 11404, 18194, 10912, 24488, 19231, 129, 10568, 9274, 6815, 8758, 5415, 11438, 6163, 13113, 18449]","[5.738759500673041e-05, 2.526822754589375e-05, 0.9533619284629822, 0.0005506247980520129, 0.0002234163403045386, 0.0009181900531984866, 1.892514956125524e-05, 8.284655632451177e-05, 2.818866414600052e-05, 1.6314539607265033e-05, 8.614650869276375e-05, 0.0008559006964787841, 0.0011291546979919076, 1.6442494597868063e-05, 1.805851934477687e-05, 4.794958294951357e-05, 1.6442494597868063e-05, 1.6442494597868063e-05, 0.00023050670279189944, 1.6187581422855146e-05]","[0.9986340403556824, 0.0002553396043367684, 0.0011105824960395694]","[0.9986340403556824, 0.0002553396043367684, 0.0011105824960395694]",False,YALAN,UYARI,False,False,2534.540700027719,"{""K1_input_and_readiness"": 0.04020001506432891, ""K7_context"": 0.0013999815564602613, ""K1_normalization"": 0.00790000194683671, ""K6_advisory"": 30.413900007260963, ""K1_intent"": 0.026599998818710446, ""K2_retrieval"": 107.14999999618158, ""K3_reranker"": 2070.2866000065114, ""K8_weighted_ranking"": 1.2636000174097717, ""K3_candidate_filters"": 6.551200000103563, ""K9_advisory_consensus"": 0.007700000423938036, ""K4_nli_and_bypass_check"": 238.99800001527183, ""K5_decision"": 77.05200000782497}",24363
FACTURK-0011,YALAN,"[29572, 28191, 12587, 20389, 7836, 25507, 9225, 20172, 26988, 3050, 27788, 1388, 21721, 12286, 22077, 20402, 10897, 11628, 7842, 6047]","[1.892514956125524e-05, 2.030369250860531e-05, 0.009708477184176445, 0.001573112211190164, 0.00937623716890812, 2.977311669383198e-05, 0.00048406238784082234, 0.011597361415624619, 0.0061450921930372715, 1.67014204635052e-05, 0.00029365462251007557, 1.6442494597868063e-05, 0.00017265156202483922, 1.6442494597868063e-05, 0.0005233757547102869, 1.6314539607265033e-05, 1.8486754925106652e-05, 1.7097478121286258e-05, 0.0004124558763578534, 0.0002287133247591555]","[0.005403679329901934, 0.05906001478433609, 0.9355363249778748]","[0.005403679329901934, 0.05906001478433609, 0.9355363249778748]",False,DOĞRU,ONAY,False,False,1702.5444000028074,"{""K1_input_and_readiness"": 0.039000005926936865, ""K7_context"": 0.0013999815564602613, ""K1_normalization"": 0.009100011084228754, ""K6_advisory"": 32.43649998330511, ""K1_intent"": 0.04439998883754015, ""K2_retrieval"": 106.75480001373217, ""K3_reranker"": 1224.7853000008035, ""K8_weighted_ranking"": 1.0433999996166676, ""K3_candidate_filters"": 5.91449998319149, ""K9_advisory_consensus"": 0.008499977411702275, ""K4_nli_and_bypass_check"": 155.47200001310557, ""K5_decision"": 172.27379998075776}",20172
FACTURK-0012,DOĞRU,"[6622, 6142, 25865, 18918, 19541, 23011, 23436, 3162, 4879, 8712, 8285, 29892, 22626, 1362, 6336, 6885, 26371, 1902, 14891, 15688]","[0.0003625900426413864, 0.005080036818981171, 3.321419353596866e-05, 0.0012893283274024725, 0.03378022834658623, 0.0038844761438667774, 0.01024860143661499, 0.00032503585680387914, 4.985958003089763e-05, 9.314593626186252e-05, 6.553815910592675e-05, 0.0022343622986227274, 3.095910506090149e-05, 1.7917987861437723e-05, 0.0009362827986478806, 0.00035976938670501113, 2.1278065105434507e-05, 0.0012351677287369967, 1.6314539607265033e-05, 5.02506154589355e-05]","[0.002321588806807995, 0.9959613680839539, 0.0017170922365039587]","[0.002321588806807995, 0.9959613680839539, 0.0017170922365039587]",False,YETERSİZ VERİ,RET,True,False,2449.8491999984253,"{""K1_input_and_readiness"": 0.0706000137142837, ""K7_context"": 0.0017999846022576094, ""K1_normalization"": 0.012400007108226418, ""K6_advisory"": 43.36159999365918, ""K1_intent"": 0.06489999941550195, ""K2_retrieval"": 144.49400000739843, ""K3_reranker"": 1899.6855999866966, ""K8_weighted_ranking"": 1.1322000063955784, ""K3_candidate_filters"": 5.420400004368275, ""K9_advisory_consensus"": 0.006000016583129764, ""K4_nli_and_bypass_check"": 195.59360001585446, ""K5_decision"": 157.44439998525195}",29892
FACTURK-0013,DOĞRU,"[12699, 14887, 13101, 9657, 12534, 27933, 10893, 22357, 8374, 8286, 28328, 22737, 28288, 24974, 8303, 22726, 12793, 23089, 2898, 9942]","[0.7241880893707275, 0.0006142272031866014, 0.0002434604539303109, 0.002115703420713544, 0.0027149852830916643, 0.00023597174731548876, 0.19390946626663208, 0.001604089280590415, 9.7615658887662e-05, 0.008061991073191166, 0.0023967307060956955, 1.8342892872169614e-05, 1.7231572201126255e-05, 0.0008393599418923259, 0.0007014083093963563, 0.00023231418163049966, 0.0003569706459529698, 0.0005680934991687536, 0.00043904531048610806, 0.0005838325014337897]","[0.0005928181926719844, 0.9660708904266357, 0.03333635255694389]","[0.0005928181926719844, 0.9660708904266357, 0.03333635255694389]",False,YETERSİZ VERİ,RET,True,False,1434.1427000181284,"{""K1_input_and_readiness"": 0.04509999416768551, ""K7_context"": 0.001500011421740055, ""K1_normalization"": 0.010399991879239678, ""K6_advisory"": 32.07039998960681, ""K1_intent"": 0.04840001929551363, ""K2_retrieval"": 121.18260000715964, ""K3_reranker"": 1252.924600004917, ""K8_weighted_ranking"": 1.199199992697686, ""K3_candidate_filters"": 5.1592999952845275, ""K9_advisory_consensus"": 0.006299989763647318, ""K4_nli_and_bypass_check"": 18.845399987185374, ""K5_decision"": 0.14830002328380942}",12699
FACTURK-0014,YALAN,"[1095, 29080, 13341, 29834, 29892, 15868, 22608, 20579, 27142, 30075, 20632, 17721, 13541, 12809, 27402, 20566, 2381, 22359, 21967, 6418]","[0.13330234587192535, 0.09982065856456757, 0.02843603305518627, 0.04501553252339363, 0.005179712548851967, 0.09334687888622284, 0.0360160693526268, 0.0010566838318482041, 0.16026602685451508, 0.057599205523729324, 0.001495338510721922, 0.052327629178762436, 0.003930085338652134, 0.07030384987592697, 0.0008525666198693216, 0.015967654064297676, 0.013480102643370628, 0.00815624836832285, 0.003538086311891675, 0.14010079205036163]","[0.0003223984385840595, 0.9995051622390747, 0.0001724192115943879]","[0.0003223984385840595, 0.9995051622390747, 0.0001724192115943879]",False,YETERSİZ VERİ,RET,True,False,2247.23740000627,"{""K1_input_and_readiness"": 0.03819999983534217, ""K7_context"": 0.001600012183189392, ""K1_normalization"": 0.008200004231184721, ""K6_advisory"": 31.66609999607317, ""K1_intent"": 0.03619998460635543, ""K2_retrieval"": 107.56840000976808, ""K3_reranker"": 1862.8801000013482, ""K8_weighted_ranking"": 1.1156999971717596, ""K3_candidate_filters"": 5.26119998539798, ""K9_advisory_consensus"": 0.006000016583129764, ""K4_nli_and_bypass_check"": 126.63379998411983, ""K5_decision"": 109.22730001038872}",27142
FACTURK-0015,YALAN,"[23156, 17389, 16095, 2093, 5661, 4977, 27882, 2941, 15806, 24403, 29808, 29892, 13268, 12063, 19362, 27060, 10431, 9753, 3212, 25973]","[0.0002287133247591555, 2.161314114346169e-05, 0.0005132579244673252, 0.0015669887652620673, 0.0009927261853590608, 0.0005132579244673252, 0.0012743262341246009, 4.539786823443137e-05, 2.265035072923638e-05, 0.000487857119878754, 2.2474090656032786e-05, 0.0001442598586436361, 0.0009811719646677375, 0.0006190416170284152, 0.0014381353976204991, 4.331903619458899e-05, 0.0019723358564078808, 0.00028685410507023335, 0.01009131595492363, 0.00010554686014074832]","[0.0011964387958869338, 0.9886466860771179, 0.010156881995499134]","[0.0011964387958869338, 0.9886466860771179, 0.010156881995499134]",False,YETERSİZ VERİ,RET,True,False,2037.3832999903243,"{""K1_input_and_readiness"": 0.056899996707215905, ""K7_context"": 0.0012999807950109243, ""K1_normalization"": 0.010600022505968809, ""K6_advisory"": 32.88300000713207, ""K1_intent"": 0.04169999738223851, ""K2_retrieval"": 127.79719999525696, ""K3_reranker"": 1328.6296000005677, ""K8_weighted_ranking"": 0.9906000050250441, ""K3_candidate_filters"": 5.009599990444258, ""K9_advisory_consensus"": 0.005699985194951296, ""K4_nli_and_bypass_check"": 277.20189999672584, ""K5_decision"": 262.271800020244}",2093
FACTURK-0016,DOĞRU,"[1988, 1386, 7284, 29568, 8942, 10107, 26997, 2671, 29160, 7876, 24244, 19128, 16982, 22490, 8726, 3711, 16545, 13927, 13542, 11901]","[0.3454363942146301, 0.00043904531048610806, 0.014957086183130741, 0.0001713081874186173, 0.025323061272501945, 0.18111833930015564, 1.6061610949691385e-05, 1.6314539607265033e-05, 1.7640199075685814e-05, 1.6314539607265033e-05, 1.593661909282673e-05, 0.0019267346942797303, 1.6061610949691385e-05, 1.6061610949691385e-05, 0.00046190584544092417, 1.6314539607265033e-05, 1.8777873265207745e-05, 1.6061610949691385e-05, 1.6314539607265033e-05, 1.6187581422855146e-05]","[0.004775630310177803, 0.9357256293296814, 0.059498801827430725]","[0.004775630310177803, 0.9357256293296814, 0.059498801827430725]",False,YETERSİZ VERİ,RET,True,False,1793.992499995511,"{""K1_input_and_readiness"": 0.04189999890513718, ""K7_context"": 0.0011999800335615873, ""K1_normalization"": 0.008000002708286047, ""K6_advisory"": 32.28439998929389, ""K1_intent"": 0.032400013878941536, ""K2_retrieval"": 109.36659999424592, ""K3_reranker"": 1292.2794000187423, ""K8_weighted_ranking"": 1.0415000142529607, ""K3_candidate_filters"": 5.2986000082455575, ""K9_advisory_consensus"": 0.006200018106028438, ""K4_nli_and_bypass_check"": 194.3885000073351, ""K5_decision"": 156.46569998352788}",8942
FACTURK-0017,YALAN,"[4795, 3161, 11274, 2541, 8749, 3097, 21169, 22717, 19127, 4652, 6451, 22323, 8786, 350, 17125, 2399, 21760, 23539, 7578, 24158]","[3.373722574906424e-05, 5.225226777838543e-05, 0.04795810207724571, 0.000503335555549711, 4.1659583075670525e-05, 0.0038844761438667774, 1.9525883544702083e-05, 0.0003150386910419911, 1.657145367062185e-05, 0.00010889690747717395, 2.977311669383198e-05, 1.6187581422855146e-05, 0.00025514140725135803, 1.593661909282673e-05, 1.6187581422855146e-05, 5.783766391687095e-05, 1.593661909282673e-05, 1.6061610949691385e-05, 1.593661909282673e-05, 1.892514956125524e-05]","[0.0021432850044220686, 0.996182382106781, 0.0016742611769586802]","[0.0021432850044220686, 0.996182382106781, 0.0016742611769586802]",False,YETERSİZ VERİ,RET,True,False,1666.9419999816455,"{""K1_input_and_readiness"": 0.04370001261122525, ""K7_context"": 0.0012999807950109243, ""K1_normalization"": 0.009400013368576765, ""K6_advisory"": 30.87380001670681, ""K1_intent"": 0.033899996196851134, ""K2_retrieval"": 111.8850999919232, ""K3_reranker"": 1496.2290000112262, ""K8_weighted_ranking"": 1.0086999973282218, ""K3_candidate_filters"": 5.093599989777431, ""K9_advisory_consensus"": 0.005499983672052622, ""K4_nli_and_bypass_check"": 18.78390001365915, ""K5_decision"": 0.24689998826943338}",11274
FACTURK-0018,YALAN,"[17275, 29970, 348, 29892, 18297, 6336, 21402, 19541, 18468, 20020, 11509, 27847, 22914, 1849, 21335, 3328, 28378, 21066, 15114, 30224]","[0.002521268092095852, 0.0002251682453788817, 0.0003920417802873999, 8.284655632451177e-05, 0.0004747042548842728, 5.0644717703107744e-05, 0.0006070755189284682, 0.0006641048239544034, 0.3624049127101898, 0.009232213720679283, 0.026205414906144142, 0.0005976693937554955, 0.0005254230927675962, 0.00043563017970882356, 1.67014204635052e-05, 0.0013885232619941235, 0.0008393599418923259, 0.0003799845289904624, 0.0014779430348426104, 0.0020507434383034706]","[0.0024542338214814663, 0.07222190499305725, 0.9253239035606384]","[0.0024542338214814663, 0.07222190499305725, 0.9253239035606384]",False,DOĞRU,ONAY,False,False,1661.301399988588,"{""K1_input_and_readiness"": 0.037500023609027267, ""K7_context"": 0.001200009137392044, ""K1_normalization"": 0.007299997378140688, ""K6_advisory"": 32.03790000407025, ""K1_intent"": 0.06600000779144466, ""K2_retrieval"": 117.7202999824658, ""K3_reranker"": 1222.7590999973472, ""K8_weighted_ranking"": 1.1777000036090612, ""K3_candidate_filters"": 5.389800004195422, ""K9_advisory_consensus"": 0.006300018867477775, ""K4_nli_and_bypass_check"": 149.69780002138577, ""K5_decision"": 129.55099999089725}",11509
FACTURK-0019,YALAN,"[10019, 25163, 23626, 5995, 5665, 4114, 10855, 18608, 26301, 5174, 8490, 20744, 21693, 21404, 28726, 21645, 23143, 4198, 27200, 24484]","[0.698535144329071, 0.0014493984635919333, 0.015543648041784763, 0.00014653129619546235, 9.17019642656669e-05, 4.434627408045344e-05, 0.00020184421737212688, 0.00360761652700603, 1.9073577277595177e-05, 1.9073577277595177e-05, 1.7917987861437723e-05, 5.738759500673041e-05, 3.219233258278109e-05, 1.9525883544702083e-05, 0.00026530236937105656, 6.553815910592675e-05, 4.298194107832387e-05, 0.006666931323707104, 1.7640199075685814e-05, 1.6187581422855146e-05]","[0.0076000746339559555, 0.9910159111022949, 0.00138396758120507]","[0.0076000746339559555, 0.9910159111022949, 0.00138396758120507]",False,YETERSİZ VERİ,RET,True,False,1237.5668000022415,"{""K1_input_and_readiness"": 0.03670001751743257, ""K7_context"": 0.0010999792721122503, ""K1_normalization"": 0.007599999662488699, ""K6_advisory"": 30.645799997728318, ""K1_intent"": 0.031000003218650818, ""K2_retrieval"": 107.64379997272044, ""K3_reranker"": 1015.5296000011731, ""K8_weighted_ranking"": 1.172900025267154, ""K3_candidate_filters"": 5.0503000093158334, ""K9_advisory_consensus"": 0.00589998671784997, ""K4_nli_and_bypass_check"": 48.48900000797585, ""K5_decision"": 26.231299998471513}",10019
FACTURK-0020,YALAN,"[2332, 25293, 30280, 30277, 13472, 30253, 26217, 26134, 3628, 13547, 6667, 12451, 20667, 26278, 21073, 30143, 26014, 27179, 8966, 29245]","[0.19574777781963348, 1.6442494597868063e-05, 0.004609572235494852, 0.0015487611526623368, 0.04115288704633713, 0.004609572235494852, 0.03222229704260826, 0.001536727068014443, 0.001103026675991714, 0.00079783343244344, 0.018404889851808548, 0.00712142838165164, 0.17258980870246887, 1.9373936083866283e-05, 0.0002891032490879297, 2.4300241420860402e-05, 1.67014204635052e-05, 0.004627529997378588, 0.01784873753786087, 2.195349043176975e-05]","[0.03185076266527176, 0.9446709156036377, 0.023478349670767784]","[0.03185076266527176, 0.9446709156036377, 0.023478349670767784]",False,YALAN,RED,False,False,4905.324799998198,"{""K1_input_and_readiness"": 0.03470000228844583, ""K7_context"": 0.00100000761449337, ""K1_normalization"": 0.006700021913275123, ""K6_advisory"": 31.036300002597272, ""K1_intent"": 0.04260000423528254, ""K2_retrieval"": 94.40830000676215, ""K3_reranker"": 4470.036100014113, ""K8_weighted_ranking"": 1.1968000035267323, ""K3_candidate_filters"": 5.710700002964586, ""K9_advisory_consensus"": 0.006599992047995329, ""K4_nli_and_bypass_check"": 245.7159000041429, ""K5_decision"": 54.32309999014251}",20667
FACTURK-0021,YALAN,"[12182, 19013, 6837, 23667, 5861, 19899, 4206, 16457, 13986, 28420, 4320, 12619, 21022, 19157, 11158, 28705, 20108, 17272, 21767, 2431]","[0.06477169692516327, 0.0036499870475381613, 3.024195939360652e-05, 1.6187581422855146e-05, 7.484622619813308e-05, 2.9541422918555327e-05, 1.6187581422855146e-05, 1.6964426322374493e-05, 1.6314539607265033e-05, 5.391084778239019e-05, 1.6187581422855146e-05, 0.00011235327838221565, 1.67014204635052e-05, 1.67014204635052e-05, 1.6314539607265033e-05, 1.6061610949691385e-05, 1.657145367062185e-05, 1.8342892872169614e-05, 1.6187581422855146e-05, 1.6187581422855146e-05]","[0.3308287560939789, 0.4713286757469177, 0.19784261286258698]","[0.3308287560939789, 0.4713286757469177, 0.19784261286258698]",False,YETERSİZ VERİ,RET,True,False,2884.340200020233,"{""K1_input_and_readiness"": 0.054500007536262274, ""K7_context"": 0.0011999800335615873, ""K1_normalization"": 0.012100004823878407, ""K6_advisory"": 34.151799976825714, ""K1_intent"": 0.04789998638443649, ""K2_retrieval"": 134.59880001028068, ""K3_reranker"": 1794.6366999822203, ""K8_weighted_ranking"": 1.0919000196736306, ""K3_candidate_filters"": 5.690700025297701, ""K9_advisory_consensus"": 0.006599992047995329, ""K4_nli_and_bypass_check"": 539.982999995118, ""K5_decision"": 371.5839000069536}",17272
FACTURK-0022,DOĞRU,"[15941, 29904, 21024, 1480, 17990, 15978, 25000, 25198, 9769, 10934, 12191, 26748, 26723, 27992, 9572, 24739, 19286, 9916, 10651, 10656]","[4.870464181294665e-05, 2.6274772608303465e-05, 0.00016093082376755774, 0.008283626288175583, 0.00039977103006094694, 0.001151399570517242, 1.593661909282673e-05, 0.002521268092095852, 0.004399412777274847, 9.17019642656669e-05, 0.0018031664658337831, 1.6442494597868063e-05, 0.0398624911904335, 1.8631746570463292e-05, 0.0060503981076180935, 0.0012113064294680953, 1.6061610949691385e-05, 1.6061610949691385e-05, 1.6061610949691385e-05, 0.0014895173953846097]","[0.0020193669479340315, 0.9736708998680115, 0.024309735745191574]","[0.0020193669479340315, 0.9736708998680115, 0.024309735745191574]",False,YETERSİZ VERİ,RET,True,False,2059.0962000133004,"{""K1_input_and_readiness"": 0.050499977078288794, ""K7_context"": 0.001200009137392044, ""K1_normalization"": 0.009499985026195645, ""K6_advisory"": 31.331800011685118, ""K1_intent"": 0.035500008380040526, ""K2_retrieval"": 144.4206000014674, ""K3_reranker"": 1851.2877999746706, ""K8_weighted_ranking"": 1.0544999968260527, ""K3_candidate_filters"": 5.475800018757582, ""K9_advisory_consensus"": 0.006599992047995329, ""K4_nli_and_bypass_check"": 21.893299999646842, ""K5_decision"": 0.2804000105243176}",26723
FACTURK-0023,YALAN,"[1375, 22170, 7028, 2565, 13525, 27625, 21826, 4491, 22908, 4790, 3409, 14597, 3536, 3994, 7836, 26848, 12334, 15767, 14642, 14071]","[0.0016875095898285508, 0.00019871552649419755, 0.0009811719646677375, 2.732141365413554e-05, 2.908344322349876e-05, 3.1201914680423215e-05, 1.967902426258661e-05, 3.3474691008450463e-05, 0.0032476764172315598, 1.7640199075685814e-05, 0.008950711227953434, 0.0027683854568749666, 2.195349043176975e-05, 1.8777873265207745e-05, 0.0026730059180408716, 2.161314114346169e-05, 0.0037217086646705866, 2.392351052549202e-05, 3.3474691008450463e-05, 7.782753527862951e-05]","[0.0015978746814653277, 0.9943183064460754, 0.004083805717527866]","[0.0015978746814653277, 0.9943183064460754, 0.004083805717527866]",False,YETERSİZ VERİ,RET,True,False,2200.5244999891147,"{""K1_input_and_readiness"": 0.05220001912675798, ""K7_context"": 0.001100008375942707, ""K1_normalization"": 0.011199997970834374, ""K6_advisory"": 33.32689998205751, ""K1_intent"": 0.06669998401775956, ""K2_retrieval"": 149.20809998875484, ""K3_reranker"": 1844.3221999914385, ""K8_weighted_ranking"": 0.98819998675026, ""K3_candidate_filters"": 5.551100010052323, ""K9_advisory_consensus"": 0.005599984433501959, ""K4_nli_and_bypass_check"": 163.82750001503155, ""K5_decision"": 0.36419997923076153}",3409
FACTURK-0024,DOĞRU,"[11438, 3188, 5686, 4485, 29455, 27158, 26024, 3920, 27232, 11636, 26595, 27917, 25133, 11451, 7066, 10016, 8895, 13009, 27421, 315]","[1.6314539607265033e-05, 2.195349043176975e-05, 1.6314539607265033e-05, 0.0007763299508951604, 5.34913269802928e-05, 0.0009510130621492863, 1.6442494597868063e-05, 6.868317723274231e-05, 0.00013032974675297737, 0.003324436955153942, 0.006666931323707104, 1.657145367062185e-05, 0.005934066604822874, 0.0005506247980520129, 7.311254739761353e-05, 0.00034599160426296294, 0.006903838831931353, 6.922183820279315e-05, 1.6442494597868063e-05, 1.9525883544702083e-05]","[0.005733233876526356, 0.8679671883583069, 0.12629954516887665]","[0.005733233876526356, 0.8679671883583069, 0.12629954516887665]",False,YETERSİZ VERİ,RET,True,False,2332.3724000074435,"{""K1_input_and_readiness"": 0.0706000137142837, ""K7_context"": 0.0014999823179095984, ""K1_normalization"": 0.013100012438371778, ""K6_advisory"": 32.48870000243187, ""K1_intent"": 0.04959999932907522, ""K2_retrieval"": 157.96539999428205, ""K3_reranker"": 1885.6435000197962, ""K8_weighted_ranking"": 1.0342999885324389, ""K3_candidate_filters"": 5.253300012554973, ""K9_advisory_consensus"": 0.006399990525096655, ""K4_nli_and_bypass_check"": 246.71989999478683, ""K5_decision"": 0.35990000469610095}",4485
FACTURK-0025,YALAN,"[14209, 8892, 10769, 11996, 13320, 28974, 2199, 8197, 2442, 7437, 23866, 24371, 3325, 19405, 16542, 12523, 18007, 11845, 6692, 11559]","[0.3432316780090332, 0.34775856137275696, 0.9833430051803589, 0.1772405207157135, 0.16331195831298828, 0.0011649561347439885, 0.003456409554928541, 0.05429893732070923, 0.0032099615782499313, 0.3944924771785736, 0.0015854305820539594, 5.391084778239019e-05, 1.7640199075685814e-05, 0.003869391046464443, 0.028707079589366913, 0.055208683013916016, 3.426849070820026e-05, 0.004331501666456461, 0.016850080341100693, 0.0016549242427572608]","[0.0013807506766170263, 0.001252794754691422, 0.9973664879798889]","[0.0013807506766170263, 0.001252794754691422, 0.9973664879798889]",False,YALAN,RED,False,False,2032.544300018344,"{""K1_input_and_readiness"": 0.037999998312443495, ""K7_context"": 0.001300009898841381, ""K1_normalization"": 0.007499998901039362, ""K6_advisory"": 31.134999997448176, ""K1_intent"": 0.03259998629800975, ""K2_retrieval"": 94.64850000222214, ""K3_reranker"": 1643.8075000187382, ""K8_weighted_ranking"": 1.0607999865897, ""K3_candidate_filters"": 5.407699994975701, ""K9_advisory_consensus"": 0.006299989763647318, ""K4_nli_and_bypass_check"": 200.05340001080185, ""K5_decision"": 53.40860001160763}",10769
FACTURK-0026,YALAN,"[27715, 23184, 28551, 21424, 9714, 16076, 14684, 21809, 8210, 1828, 20230, 10930, 26096, 7094, 22711, 21359, 15941, 1789, 3831, 5673]","[0.00011501735571073368, 0.03521113470196724, 0.00025315635139122605, 0.05654813349246979, 2.265035072923638e-05, 0.009449081495404243, 0.00021995337738189846, 1.6314539607265033e-05, 4.870464181294665e-05, 1.6187581422855146e-05, 1.6061610949691385e-05, 0.0008360903011634946, 1.657145367062185e-05, 1.657145367062185e-05, 0.00025514140725135803, 1.683241134742275e-05, 1.6187581422855146e-05, 0.09518112242221832, 1.683241134742275e-05, 1.6314539607265033e-05]","[0.00034446181962266564, 0.9995495676994324, 0.0001059753485606052]","[0.00034446181962266564, 0.9995495676994324, 0.0001059753485606052]",False,YALAN,RED,False,False,2357.0477000030223,"{""K1_input_and_readiness"": 0.04640000406652689, ""K7_context"": 0.001300009898841381, ""K1_normalization"": 0.008400005754083395, ""K6_advisory"": 31.708199996501207, ""K1_intent"": 0.037999998312443495, ""K2_retrieval"": 112.13079997105524, ""K3_reranker"": 1905.6696000043303, ""K8_weighted_ranking"": 1.073099992936477, ""K3_candidate_filters"": 5.9114999894518405, ""K9_advisory_consensus"": 0.006699992809444666, ""K4_nli_and_bypass_check"": 161.11060002003796, ""K5_decision"": 136.60499997786246}",1789
FACTURK-0027,DOĞRU,"[15752, 24074, 19974, 29704, 16971, 9983, 13592, 10610, 5988, 7141, 17523, 8540, 16020, 11953, 27265, 10185, 13009, 19943, 16866, 22429]","[0.9997346997261047, 3.269927037763409e-05, 0.0006462032906711102, 0.005620036274194717, 2.355261858610902e-05, 1.657145367062185e-05, 0.00013135180051904172, 0.0007466114475391805, 1.922317096614279e-05, 0.008348053321242332, 1.6061610949691385e-05, 0.0009217804181389511, 0.0003500686143524945, 2.1112482500029728e-05, 6.709224544465542e-05, 0.00023782203788869083, 1.7097478121286258e-05, 2.449082603561692e-05, 1.8631746570463292e-05, 2.0785171727766283e-05]","[0.9994773268699646, 0.0001667503238422796, 0.0003558591997716576]","[0.9994773268699646, 0.0001667503238422796, 0.0003558591997716576]",False,DOĞRU,ONAY,False,False,1309.8753999802284,"{""K1_input_and_readiness"": 0.04350001108832657, ""K7_context"": 0.0012999807950109243, ""K1_normalization"": 0.008300004992634058, ""K6_advisory"": 31.640200002584606, ""K1_intent"": 0.031200004741549492, ""K2_retrieval"": 100.20250000525266, ""K3_reranker"": 1092.4325000087265, ""K8_weighted_ranking"": 1.080199988791719, ""K3_candidate_filters"": 5.762199987657368, ""K9_advisory_consensus"": 0.006900023436173797, ""K4_nli_and_bypass_check"": 50.26819999329746, ""K5_decision"": 25.90569999301806}",15752
FACTURK-0028,DOĞRU,"[1701, 9220, 29106, 25588, 29080, 12189, 9150, 1302, 12809, 26768, 6704, 10902, 30198, 18412, 13541, 9755, 12587, 22993, 22465, 11778]","[0.000661517377011478, 0.011375600472092628, 0.0905744731426239, 0.0002415662893326953, 0.00038446192047558725, 0.005598248913884163, 0.001299427472986281, 0.00266261282376945, 0.002251847181469202, 1.7097478121286258e-05, 0.10913478583097458, 0.0042151594534516335, 0.00035419364576227963, 0.0008072304772213101, 0.00011501735571073368, 0.00064368563471362, 0.00034464316559024155, 1.6314539607265033e-05, 0.030444350093603134, 0.00041731575038284063]","[0.005285998340696096, 0.9804736375808716, 0.0142403868958354]","[0.005285998340696096, 0.9804736375808716, 0.0142403868958354]",False,YALAN,UYARI,False,False,2324.3608999764547,"{""K1_input_and_readiness"": 0.055100012104958296, ""K7_context"": 0.0017999846022576094, ""K1_normalization"": 0.010599993402138352, ""K6_advisory"": 31.56259999377653, ""K1_intent"": 0.03739999374374747, ""K2_retrieval"": 136.9880000129342, ""K3_reranker"": 1545.1602000102866, ""K8_weighted_ranking"": 1.3892999850213528, ""K3_candidate_filters"": 5.350999999791384, ""K9_advisory_consensus"": 0.005500012775883079, ""K4_nli_and_bypass_check"": 309.9475000053644, ""K5_decision"": 291.1312999785878}",6704
FACTURK-0029,DOĞRU,"[5759, 29275, 29233, 10729, 15376, 3627, 6241, 15658, 22991, 16032, 20735, 18583, 25130, 5000, 1493, 9498, 11509, 4391, 2257, 11961]","[0.9757161140441895, 0.0075479233637452126, 5.391084778239019e-05, 1.6442494597868063e-05, 1.6061610949691385e-05, 0.003123648464679718, 0.00017536994710098952, 0.010818447917699814, 0.0002287133247591555, 0.00015356240328401327, 1.6061610949691385e-05, 1.6314539607265033e-05, 0.0014048678567633033, 0.00010720880527514964, 1.7097478121286258e-05, 0.0001015038214973174, 1.6314539607265033e-05, 1.6187581422855146e-05, 0.0027791904285550117, 0.00015843621804378927]","[0.9936153888702393, 0.005714239086955786, 0.0006702897953800857]","[0.9936153888702393, 0.005714239086955786, 0.0006702897953800857]",False,YALAN,RED,False,False,1903.9228000037838,"{""K1_input_and_readiness"": 0.03800002741627395, ""K7_context"": 0.001800013706088066, ""K1_normalization"": 0.007099995855242014, ""K6_advisory"": 31.52419999241829, ""K1_intent"": 0.04409998655319214, ""K2_retrieval"": 99.00620000553317, ""K3_reranker"": 1528.5427999915555, ""K8_weighted_ranking"": 1.059800008079037, ""K3_candidate_filters"": 5.830399983096868, ""K9_advisory_consensus"": 0.006200018106028438, ""K4_nli_and_bypass_check"": 174.8020999948494, ""K5_decision"": 60.334599984344095}",5759
FACTURK-0030,YALAN,"[29243, 18967, 12263, 28578, 26318, 14012, 28417, 24638, 18697, 14476, 26244, 8599, 8602, 7589, 1840, 28801, 17463, 24217, 13028, 1686]","[0.06536578387022018, 0.0020911062601953745, 0.010818447917699814, 0.00043393249507062137, 0.0002396868512732908, 0.00017674513219390064, 9.461262379772961e-05, 6.657015910604969e-05, 0.000192602863535285, 6.60521473037079e-05, 6.352188938762993e-05, 0.22901751101016998, 0.00025118677876889706, 0.0002472934720572084, 0.0004565269045997411, 1.6061610949691385e-05, 5.920916373725049e-05, 0.0007672924548387527, 0.00036829791497439146, 0.0006190416170284152]","[0.0019794462714344263, 0.8534555435180664, 0.14456500113010406]","[0.0019794462714344263, 0.8534555435180664, 0.14456500113010406]",False,YETERSİZ VERİ,RET,True,False,1857.717299979413,"{""K1_input_and_readiness"": 0.058200006606057286, ""K7_context"": 0.001300009898841381, ""K1_normalization"": 0.01170000177808106, ""K6_advisory"": 32.396199996583164, ""K1_intent"": 0.04199999966658652, ""K2_retrieval"": 154.5361999887973, ""K3_reranker"": 1531.1425999971107, ""K8_weighted_ranking"": 1.0455999872647226, ""K3_candidate_filters"": 5.64930000109598, ""K9_advisory_consensus"": 0.006700021913275123, ""K4_nli_and_bypass_check"": 129.95370000135154, ""K5_decision"": 0.33209999673999846}",24217
FACTURK-0031,DOĞRU,"[767, 19703, 7295, 16372, 3917, 5870, 16199, 6920, 28815, 21142, 29996, 24047, 20865, 5586, 7198, 27568, 17742, 18256, 13519, 13970]","[0.044680867344141006, 0.0015548133524134755, 1.7097478121286258e-05, 0.00034599160426296294, 7.311254739761353e-05, 0.0005549409543164074, 1.6187581422855146e-05, 7.141901005525142e-05, 1.6187581422855146e-05, 1.6187581422855146e-05, 0.04023794084787369, 0.0002269338583573699, 0.00035281325108371675, 8.156224066624418e-05, 1.6187581422855146e-05, 0.07892588526010513, 1.6964426322374493e-05, 4.870464181294665e-05, 2.710879925871268e-05, 1.9988918211311102e-05]","[0.41848841309547424, 0.4081609845161438, 0.17335063219070435]","[0.41848841309547424, 0.4081609845161438, 0.17335063219070435]",False,YETERSİZ VERİ,RET,True,False,1462.594499986153,"{""K1_input_and_readiness"": 0.05399997462518513, ""K7_context"": 0.001300009898841381, ""K1_normalization"": 0.00969998654909432, ""K6_advisory"": 34.42499999073334, ""K1_intent"": 0.03850000211969018, ""K2_retrieval"": 122.82309998408891, ""K3_reranker"": 1272.2247999918181, ""K8_weighted_ranking"": 1.0912000143434852, ""K3_candidate_filters"": 5.8243999956175685, ""K9_advisory_consensus"": 0.00689999433234334, ""K4_nli_and_bypass_check"": 22.720100008882582, ""K5_decision"": 0.35440002102404833}",5870
FACTURK-0032,DOĞRU,"[14724, 27818, 25875, 18780, 20460, 14841, 24931, 5978, 5201, 7259, 23656, 23463, 722, 22209, 28498, 23425, 1131, 27369, 7397, 11205]","[7.722192094661295e-05, 0.9976125955581665, 0.00034196203341707587, 1.8777873265207745e-05, 1.6442494597868063e-05, 5.0644717703107744e-05, 8.682210318511352e-05, 2.265035072923638e-05, 0.0008525666198693216, 8.818923379294574e-05, 0.00011866796558024362, 0.0006070755189284682, 1.6187581422855146e-05, 0.0003583672805689275, 1.6442494597868063e-05, 1.7640199075685814e-05, 1.7640199075685814e-05, 1.6964426322374493e-05, 2.732141365413554e-05, 1.6442494597868063e-05]","[0.002411590190604329, 0.9972826242446899, 0.0003058023867197335]","[0.002411590190604329, 0.9972826242446899, 0.0003058023867197335]",False,YETERSİZ VERİ,RET,True,False,1678.9566999941599,"{""K1_input_and_readiness"": 0.0439999857917428, ""K7_context"": 0.001300009898841381, ""K1_normalization"": 0.008799979696050286, ""K6_advisory"": 34.424399986164644, ""K1_intent"": 0.04119999357499182, ""K2_retrieval"": 131.22999999905005, ""K3_reranker"": 1126.071199978469, ""K8_weighted_ranking"": 1.1863000108860433, ""K3_candidate_filters"": 5.723799986299127, ""K9_advisory_consensus"": 0.00689999433234334, ""K4_nli_and_bypass_check"": 197.59709999198094, ""K5_decision"": 179.83599999570288}",27818
FACTURK-0033,DOĞRU,"[16046, 348, 20020, 25217, 19541, 9209, 18297, 23436, 29262, 6336, 11509, 29892, 12974, 9866, 27847, 13474, 18468, 9259, 28611, 18491]","[0.09235979616641998, 0.030675802379846573, 0.02280263602733612, 6.352188938762993e-05, 0.0003799845289904624, 0.00014883848780300468, 0.0009927261853590608, 0.0003150386910419911, 7.086326513672248e-05, 2.6274772608303465e-05, 0.013689476065337658, 0.00021654405281879008, 0.002693914109840989, 0.0005861161625944078, 0.004556113854050636, 0.00014539113908540457, 0.10212548077106476, 0.006338921841233969, 0.00038596606464125216, 0.01678548939526081]","[0.005191792733967304, 0.9939379692077637, 0.0008701837505213916]","[0.005191792733967304, 0.9939379692077637, 0.0008701837505213916]",False,YETERSİZ VERİ,RET,True,False,1383.6286999867298,"{""K1_input_and_readiness"": 0.04450001870281994, ""K7_context"": 0.0012999807950109243, ""K1_normalization"": 0.009200011845678091, ""K6_advisory"": 31.879200018011034, ""K1_intent"": 0.03460000152699649, ""K2_retrieval"": 109.67710000113584, ""K3_reranker"": 1034.8173000093084, ""K8_weighted_ranking"": 1.0455999872647226, ""K3_candidate_filters"": 7.580200006486848, ""K9_advisory_consensus"": 0.007599999662488699, ""K4_nli_and_bypass_check"": 108.90270001254976, ""K5_decision"": 86.57299997867085}",16046
FACTURK-0034,YALAN,"[9150, 10284, 10707, 12063, 6336, 6469, 6929, 10689, 15688, 20449, 23423, 21321, 18606, 1310, 25061, 13077, 18326, 27443, 9323, 27162]","[0.6513549089431763, 0.004101929254829884, 0.05749328061938286, 0.0033374049235135317, 0.04001227021217346, 0.11636176705360413, 0.004943688865751028, 0.01678548939526081, 0.0792103186249733, 7.905303937150165e-05, 0.00011682839976856485, 0.08419108390808105, 0.01353214867413044, 2.0785171727766283e-05, 0.0014779430348426104, 0.00020825010142289102, 0.00010391067189630121, 0.0008761798962950706, 0.0011559007689356804, 0.01342825498431921]","[0.0008105978486128151, 0.9982280135154724, 0.0009613629663363099]","[0.0008105978486128151, 0.9982280135154724, 0.0009613629663363099]",False,YETERSİZ VERİ,RET,True,False,2204.183900001226,"{""K1_input_and_readiness"": 0.072900002123788, ""K7_context"": 0.0016999838408082724, ""K1_normalization"": 0.013100012438371778, ""K6_advisory"": 32.33349998481572, ""K1_intent"": 0.047299981815740466, ""K2_retrieval"": 192.3708000103943, ""K3_reranker"": 1946.9158000138123, ""K8_weighted_ranking"": 1.0719999845605344, ""K3_candidate_filters"": 5.112899991218001, ""K9_advisory_consensus"": 0.007599999662488699, ""K4_nli_and_bypass_check"": 23.29989999998361, ""K5_decision"": 0.15279999934136868}",9150
FACTURK-0035,DOĞRU,"[6832, 11509, 24209, 20020, 6302, 23436, 8688, 22914, 17014, 20937, 28419, 25449, 28962, 21495, 13474, 13842, 6885, 1849, 28378, 26371]","[0.0034429810475558043, 0.01057048887014389, 0.00482972152531147, 0.011552670039236546, 0.06681232154369354, 0.00172745855525136, 0.046378202736377716, 0.01711088977754116, 9.915272676153108e-05, 0.0074030146934092045, 0.0001956353517016396, 0.01750955730676651, 1.7640199075685814e-05, 0.0003006163169629872, 0.0004092474700883031, 0.00272558256983757, 0.0017007222631946206, 8.888084994396195e-05, 0.006615392863750458, 3.071818719035946e-05]","[0.009280947037041187, 0.990160346031189, 0.0005587103660218418]","[0.009280947037041187, 0.990160346031189, 0.0005587103660218418]",False,YETERSİZ VERİ,RET,True,False,1472.940200008452,"{""K1_input_and_readiness"": 0.035999983083456755, ""K7_context"": 0.001600012183189392, ""K1_normalization"": 0.007099995855242014, ""K6_advisory"": 31.563600001391023, ""K1_intent"": 0.032400013878941536, ""K2_retrieval"": 107.75529997772537, ""K3_reranker"": 1018.7127999961376, ""K8_weighted_ranking"": 1.0322000016458333, ""K3_candidate_filters"": 5.403599992860109, ""K9_advisory_consensus"": 0.006099988240748644, ""K4_nli_and_bypass_check"": 155.87620000587776, ""K5_decision"": 149.88689997699112}",6302
FACTURK-0036,YALAN,"[2387, 18795, 26595, 29551, 18344, 3812, 9828, 15688, 6128, 21281, 16632, 15659, 6729, 17360, 29833, 27970, 15511, 10583, 26042, 24726]","[1.7917987861437723e-05, 1.6314539607265033e-05, 0.0004655269149225205, 0.0017891592578962445, 8.750300185056403e-05, 0.00039821304380893707, 0.00035557945375330746, 0.0022343622986227274, 1.6314539607265033e-05, 0.000159678646014072, 0.0024822766426950693, 0.00031258779927156866, 1.6314539607265033e-05, 0.00272558256983757, 1.750292540236842e-05, 0.0001823546044761315, 0.011552670039236546, 1.9833367332466878e-05, 2.161314114346169e-05, 2.195349043176975e-05]","[0.00433132192119956, 0.991718053817749, 0.0039505911991000175]","[0.00433132192119956, 0.991718053817749, 0.0039505911991000175]",False,YETERSİZ VERİ,RET,True,False,2542.1572999912314,"{""K1_input_and_readiness"": 0.043800013372674584, ""K7_context"": 0.0011999800335615873, ""K1_normalization"": 0.009400013368576765, ""K6_advisory"": 31.557900016196072, ""K1_intent"": 0.03680001827888191, ""K2_retrieval"": 131.38129998696968, ""K3_reranker"": 1974.8933999799192, ""K8_weighted_ranking"": 1.1224000190850347, ""K3_candidate_filters"": 6.412999995518476, ""K9_advisory_consensus"": 0.006599992047995329, ""K4_nli_and_bypass_check"": 210.96850000321865, ""K5_decision"": 182.9958999878727}",15511
FACTURK-0037,YALAN,"[20136, 5255, 3001, 6221, 17297, 25761, 27740, 26211, 10589, 19187, 27894, 22717, 12065, 16831, 11189, 9150, 5606, 4652, 13003, 26442]","[0.007577241398394108, 0.0013302015140652657, 0.0019117692718282342, 0.004198795650154352, 0.0002591582597233355, 0.06371499598026276, 0.0013885232619941235, 0.00028685410507023335, 0.01923425868153572, 4.101373633602634e-05, 3.1693256460130215e-05, 0.001201891340315342, 4.037790131405927e-05, 0.0006959536112844944, 0.0003711854515131563, 0.02186455763876438, 1.6442494597868063e-05, 2.710879925871268e-05, 0.0012497093994170427, 0.0002492325147613883]","[0.007097344379872084, 0.9783012270927429, 0.014601451344788074]","[0.007097344379872084, 0.9783012270927429, 0.014601451344788074]",False,YETERSİZ VERİ,RET,True,False,4286.465900018811,"{""K1_input_and_readiness"": 0.08789999992586672, ""K7_context"": 0.001200009137392044, ""K1_normalization"": 0.014400022337213159, ""K6_advisory"": 31.741100014187396, ""K1_intent"": 0.05420000525191426, ""K2_retrieval"": 208.73119999305345, ""K3_reranker"": 2448.182699998142, ""K8_weighted_ranking"": 1.3246999878901988, ""K3_candidate_filters"": 5.875000002561137, ""K9_advisory_consensus"": 0.00680002267472446, ""K4_nli_and_bypass_check"": 897.3665999947116, ""K5_decision"": 690.2604999777395}",25761
FACTURK-0038,DOĞRU,"[14947, 510, 14723, 5185, 19804, 28823, 16886, 29705, 28, 4224, 81, 7538, 13967, 15563, 29239, 23232, 1399, 20781, 29235, 24401]","[0.01384861022233963, 0.002822832902893424, 0.00043393249507062137, 0.001995538594201207, 5.104190859128721e-05, 1.67014204635052e-05, 0.0021657671313732862, 0.0019342610612511635, 0.018869254738092422, 0.00021995337738189846, 0.017309095710515976, 2.2125668692751788e-05, 0.002082970691844821, 1.6442494597868063e-05, 0.0063635739497840405, 0.0006190416170284152, 0.004982269834727049, 0.22627031803131104, 0.0006771942134946585, 0.0003275842755101621]","[0.0924198105931282, 0.7645729184150696, 0.14300726354122162]","[0.0924198105931282, 0.7645729184150696, 0.14300726354122162]",False,YETERSİZ VERİ,RET,True,False,2876.771999988705,"{""K1_input_and_readiness"": 0.06810002378188074, ""K7_context"": 0.001300009898841381, ""K1_normalization"": 0.012600008631125093, ""K6_advisory"": 31.064099981449544, ""K1_intent"": 0.044199987314641476, ""K2_retrieval"": 162.7091999980621, ""K3_reranker"": 1683.8086000061594, ""K8_weighted_ranking"": 1.058299996657297, ""K3_candidate_filters"": 5.051399988587946, ""K9_advisory_consensus"": 0.006000016583129764, ""K4_nli_and_bypass_check"": 541.5563999849837, ""K5_decision"": 448.7675999989733}",20781
FACTURK-0039,DOĞRU,"[1215, 8693, 28738, 27028, 21561, 21436, 3592, 16191, 14797, 7703, 26547, 28275, 10796, 15755, 29186, 26918, 9953, 14641, 27521, 23573]","[0.0007236572564579546, 1.67014204635052e-05, 1.6442494597868063e-05, 0.00341627886518836, 3.373722574906424e-05, 0.000491681566927582, 5.34913269802928e-05, 0.0003301527176517993, 7.141901005525142e-05, 0.00017952796770259738, 1.6187581422855146e-05, 9.993031562771648e-05, 1.6061610949691385e-05, 3.321419353596866e-05, 1.6061610949691385e-05, 1.7778551409719512e-05, 1.6442494597868063e-05, 1.7231572201126255e-05, 1.657145367062185e-05, 1.6187581422855146e-05]","[0.020455194637179375, 0.936292827129364, 0.043251994997262955]","[0.020455194637179375, 0.936292827129364, 0.043251994997262955]",False,YALAN,RED,False,False,1190.3276999946684,"{""K1_input_and_readiness"": 0.03960001049563289, ""K7_context"": 0.0012999807950109243, ""K1_normalization"": 0.007800001185387373, ""K6_advisory"": 33.82380001130514, ""K1_intent"": 0.05040000542066991, ""K2_retrieval"": 121.76340000587516, ""K3_reranker"": 1003.8524999981746, ""K8_weighted_ranking"": 1.0581999958958477, ""K3_candidate_filters"": 5.412899976363406, ""K9_advisory_consensus"": 0.006200018106028438, ""K4_nli_and_bypass_check"": 21.24459997867234, ""K5_decision"": 0.28319997363723814}",7703
FACTURK-0040,DOĞRU,"[29892, 20199, 4738, 8285, 25865, 558, 3162, 22268, 6336, 19541, 1902, 1193, 12974, 8712, 22642, 1149, 22388, 6622, 11529, 30075]","[0.13500382006168365, 0.199619859457016, 0.00025315635139122605, 0.00021824207215104252, 3.1693256460130215e-05, 0.00031015597051009536, 0.0002434604539303109, 0.0064882696606218815, 0.04360952600836754, 0.0020667945500463247, 0.004736748989671469, 0.00012931563833262771, 0.012479699216783047, 0.0005254230927675962, 4.1986306314356625e-05, 0.0004205874283798039, 0.007665874902158976, 0.0004565269045997411, 0.02517884224653244, 0.011463796719908714]","[0.02008257992565632, 0.9626455903053284, 0.017271863296628]","[0.02008257992565632, 0.9626455903053284, 0.017271863296628]",False,YETERSİZ VERİ,RET,True,False,1512.3085999803152,"{""K1_input_and_readiness"": 0.03960001049563289, ""K7_context"": 0.0015999830793589354, ""K1_normalization"": 0.014999997802078724, ""K6_advisory"": 31.933499994920567, ""K1_intent"": 0.03370002377778292, ""K2_retrieval"": 95.25650000432506, ""K3_reranker"": 1203.0556999961846, ""K8_weighted_ranking"": 0.9833999793045223, ""K3_candidate_filters"": 5.230400012806058, ""K9_advisory_consensus"": 0.0053000112529844046, ""K4_nli_and_bypass_check"": 96.33209998719394, ""K5_decision"": 76.83480001287535}",20199
FACTURK-0041,DOĞRU,"[25725, 17922, 15372, 10209, 18172, 29474, 22918, 701, 8074, 28144, 1887, 4093, 7924, 17283, 28419, 10083, 22552, 13624, 1130, 12152]","[0.039268750697374344, 0.08678673207759857, 0.10913478583097458, 0.10248421877622604, 0.06176270917057991, 0.030386749655008316, 0.004182493779808283, 6.976470467634499e-05, 0.07055959850549698, 0.04620574414730072, 0.012241275049746037, 0.008745181374251842, 0.02838212065398693, 0.021409768611192703, 0.2718311846256256, 0.01196109689772129, 0.0443485826253891, 0.020606474950909615, 0.01057048887014389, 0.001604089280590415]","[0.0017652926035225391, 0.9969239830970764, 0.0013106848346069455]","[0.0017652926035225391, 0.9969239830970764, 0.0013106848346069455]",False,YALAN,UYARI,False,False,1607.6214999775402,"{""K1_input_and_readiness"": 0.03880000440403819, ""K7_context"": 0.001300009898841381, ""K1_normalization"": 0.008199975127354264, ""K6_advisory"": 32.840400002896786, ""K1_intent"": 0.03549997927621007, ""K2_retrieval"": 120.01549999695271, ""K3_reranker"": 1229.5269999885932, ""K8_weighted_ranking"": 1.1168000055477023, ""K3_candidate_filters"": 5.699600005755201, ""K9_advisory_consensus"": 0.009300012607127428, ""K4_nli_and_bypass_check"": 125.4340999876149, ""K5_decision"": 90.15610002097674}",15372
FACTURK-0042,YALAN,"[15283, 11637, 7433, 15528, 29883, 15065, 19539, 23378, 14404, 22566, 15306, 20541, 4694, 29625, 19226, 16903, 2176, 29460, 23091, 8157]","[0.9345147609710693, 0.0009436192340217531, 0.0007408055826090276, 2.161314114346169e-05, 0.0001547666179249063, 1.9073577277595177e-05, 0.000628784007858485, 0.0023596605751663446, 0.00012339458044152707, 6.452214438468218e-05, 0.06828854233026505, 4.539786823443137e-05, 1.7640199075685814e-05, 0.003538086311891675, 1.6061610949691385e-05, 0.0006166297243908048, 2.195349043176975e-05, 2.229919846286066e-05, 0.0009181900531984866, 4.832564081880264e-05]","[0.0013062776997685432, 0.9958494901657104, 0.002844218397513032]","[0.0013062776997685432, 0.9958494901657104, 0.002844218397513032]",False,YETERSİZ VERİ,RET,True,False,1960.865900007775,"{""K1_input_and_readiness"": 0.04949999856762588, ""K7_context"": 0.001300009898841381, ""K1_normalization"": 0.010199990356341004, ""K6_advisory"": 31.486300023971125, ""K1_intent"": 0.03840000135824084, ""K2_retrieval"": 165.18640000140294, ""K3_reranker"": 1228.5297999915201, ""K8_weighted_ranking"": 1.0682000138331205, ""K3_candidate_filters"": 6.373999989591539, ""K9_advisory_consensus"": 0.009700015652924776, ""K4_nli_and_bypass_check"": 269.3639000062831, ""K5_decision"": 256.0306999948807}",15283
FACTURK-0043,YALAN,"[30084, 16539, 24630, 24749, 14477, 7974, 4222, 27142, 17553, 7893, 25462, 13492, 25232, 26544, 11954, 7357, 18777, 23828, 14816, 19084]","[0.008711384609341621, 2.0462934116949327e-05, 0.00012243441597092897, 1.6061610949691385e-05, 5.1845658163074404e-05, 1.6061610949691385e-05, 0.002026899950578809, 0.009898064658045769, 4.539786823443137e-05, 1.6061610949691385e-05, 1.67014204635052e-05, 1.6061610949691385e-05, 1.6187581422855146e-05, 3.373722574906424e-05, 0.0001097509084502235, 6.108854722697288e-05, 1.805851934477687e-05, 1.6442494597868063e-05, 3.1941821362124756e-05, 1.6061610949691385e-05]","[0.0005897906958125532, 0.9983425140380859, 0.0010676441015675664]","[0.0005897906958125532, 0.9983425140380859, 0.0010676441015675664]",False,YETERSİZ VERİ,RET,True,False,1644.6346000011545,"{""K1_input_and_readiness"": 0.045100023271515965, ""K7_context"": 0.0012999807950109243, ""K1_normalization"": 0.009300012607127428, ""K6_advisory"": 32.23189999698661, ""K1_intent"": 0.0363999861292541, ""K2_retrieval"": 118.21730001247488, ""K3_reranker"": 1033.4079000167549, ""K8_weighted_ranking"": 1.1517999810166657, ""K3_candidate_filters"": 5.6798000005073845, ""K9_advisory_consensus"": 0.006500020390376449, ""K4_nli_and_bypass_check"": 239.04139999649487, ""K5_decision"": 211.68129998841323}",27142
FACTURK-0044,YALAN,"[8787, 9150, 17721, 12353, 16712, 24868, 22388, 15787, 27055, 24915, 21537, 8456, 1701, 1202, 26284, 15670, 25872, 12047, 970, 7986]","[0.008711384609341621, 0.0074030146934092045, 0.6258955001831055, 3.321419353596866e-05, 0.00011323437502142042, 2.0785171727766283e-05, 0.0017007222631946206, 0.0005254230927675962, 0.02382536791265011, 0.0008072304772213101, 0.6524628400802612, 0.0009326360304839909, 8.415108459303156e-05, 1.6061610949691385e-05, 0.03210070729255676, 1.6061610949691385e-05, 1.7917987861437723e-05, 0.0007096704212017357, 3.144662332488224e-05, 2.161314114346169e-05]","[0.0011319583281874657, 0.9942536950111389, 0.004614280071109533]","[0.0011319583281874657, 0.9942536950111389, 0.004614280071109533]",False,YALAN,UYARI,False,False,3135.824600001797,"{""K1_input_and_readiness"": 0.06699998630210757, ""K7_context"": 0.0012999807950109243, ""K1_normalization"": 0.01170000177808106, ""K6_advisory"": 31.7405000096187, ""K1_intent"": 0.05440000677481294, ""K2_retrieval"": 157.961199991405, ""K3_reranker"": 2246.438100002706, ""K8_weighted_ranking"": 1.1189999931957573, ""K3_candidate_filters"": 5.92490000417456, ""K9_advisory_consensus"": 0.007199996616691351, ""K4_nli_and_bypass_check"": 437.6234000083059, ""K5_decision"": 251.62850000197068}",21537
FACTURK-0045,YALAN,"[18560, 19793, 24915, 17820, 7940, 25127, 3984, 7592, 16355, 5512, 29168, 15848, 5035, 3236, 2797, 19140, 6336, 11593, 14534, 12726]","[0.00019871552649419755, 0.0005861161625944078, 0.06632687151432037, 0.156491219997406, 0.002833849750459194, 0.00407013762742281, 0.00048029719619080424, 0.15077753365039825, 0.0007096704212017357, 6.922183820279315e-05, 0.13375429809093475, 0.00044248730409890413, 0.00982179306447506, 0.01358439214527607, 0.23846149444580078, 0.00038747614598833025, 0.003039649687707424, 1.750292540236842e-05, 0.03384403511881828, 0.0014493984635919333]","[0.011435720138251781, 0.9837822318077087, 0.0047819954343140125]","[0.011435720138251781, 0.9837822318077087, 0.0047819954343140125]",False,YALAN,UYARI,False,False,1953.5120999789797,"{""K1_input_and_readiness"": 0.04840001929551363, ""K7_context"": 0.001500011421740055, ""K1_normalization"": 0.009899988071992993, ""K6_advisory"": 31.41159997903742, ""K1_intent"": 0.03510000533424318, ""K2_retrieval"": 113.76700000255369, ""K3_reranker"": 1343.0343999934848, ""K8_weighted_ranking"": 2.201800001785159, ""K3_candidate_filters"": 8.008299977518618, ""K9_advisory_consensus"": 0.007599999662488699, ""K4_nli_and_bypass_check"": 257.6354999910109, ""K5_decision"": 193.78040000447072}",2797
FACTURK-0046,DOĞRU,"[15238, 17859, 11431, 4170, 5428, 27371, 8231, 6630, 25539, 13529, 24382, 8130, 21262, 13013, 18826, 13567, 15473, 3711, 12007, 19824]","[0.8264318704605103, 0.01919744908809662, 0.004166256170719862, 0.032161444425582886, 0.034749627113342285, 4.469407213036902e-05, 0.00023597174731548876, 0.004700060468167067, 0.004773722495883703, 0.00022167809947859496, 2.5071596610359848e-05, 0.017242778092622757, 4.0694576455280185e-05, 0.00016346470511052758, 1.6442494597868063e-05, 1.6061610949691385e-05, 0.00012243441597092897, 0.07613247632980347, 0.20946967601776123, 0.0004765612829942256]","[0.9972004890441895, 0.0014828041894361377, 0.0013166849967092276]","[0.9972004890441895, 0.0014828041894361377, 0.0013166849967092276]",False,DOĞRU,ONAY,False,False,1720.0087000092026,"{""K1_input_and_readiness"": 0.04069998976774514, ""K7_context"": 0.001600012183189392, ""K1_normalization"": 0.00899998121894896, ""K6_advisory"": 32.398900017142296, ""K1_intent"": 0.03779999678954482, ""K2_retrieval"": 125.23269999655895, ""K3_reranker"": 1365.9493000013754, ""K8_weighted_ranking"": 1.0832000116351992, ""K3_candidate_filters"": 5.278800002997741, ""K9_advisory_consensus"": 0.02609999501146376, ""K4_nli_and_bypass_check"": 99.94129999540746, ""K5_decision"": 87.16360002290457}",15238
FACTURK-0047,DOĞRU,"[18222, 11959, 10045, 14074, 11534, 24395, 17718, 11994, 23256, 14302, 6700, 22480, 1461, 19416, 5467, 15445, 24445, 29412, 950, 19071]","[0.022499969229102135, 0.001987774157896638, 0.004365325905382633, 0.000317508791340515, 0.0036499870475381613, 0.00014539113908540457, 0.02498779632151127, 0.0029464049730449915, 0.019832711666822433, 0.00029365462251007557, 0.0037800956051796675, 0.00028462239424698055, 0.007204769179224968, 0.00042388474685139954, 0.0008693674462847412, 0.00019716942915692925, 0.016657039523124695, 1.805851934477687e-05, 0.0001673405058681965, 0.0012594986474141479]","[0.00026951130712404847, 0.9994513392448425, 0.00027910323115065694]","[0.00026951130712404847, 0.9994513392448425, 0.00027910323115065694]",False,YETERSİZ VERİ,RET,True,False,1611.980899993796,"{""K1_input_and_readiness"": 0.048999994760379195, ""K7_context"": 0.0012999807950109243, ""K1_normalization"": 0.009400013368576765, ""K6_advisory"": 30.81890000612475, ""K1_intent"": 0.03409999771974981, ""K2_retrieval"": 119.25920000066981, ""K3_reranker"": 1102.0498999860138, ""K8_weighted_ranking"": 1.0204999998677522, ""K3_candidate_filters"": 5.705400020815432, ""K9_advisory_consensus"": 0.006499991286545992, ""K4_nli_and_bypass_check"": 186.12160001066513, ""K5_decision"": 163.28830001293682}",1461
FACTURK-0048,YALAN,"[7857, 2088, 25741, 2292, 28762, 27912, 794, 17200, 18363, 15145, 12447, 29362, 12134, 19202, 2590, 11263, 14363, 13048, 29049, 26500]","[0.957912266254425, 6.976470467634499e-05, 0.00011866796558024362, 5.1845658163074404e-05, 0.0031850608065724373, 4.434627408045344e-05, 3.0006618544575758e-05, 5.9673518990166485e-05, 1.67014204635052e-05, 2.0462934116949327e-05, 0.0004205874283798039, 2.030369250860531e-05, 1.67014204635052e-05, 0.0012893283274024725, 0.0005152657395228744, 0.0014325366355478764, 1.750292540236842e-05, 4.365878339740448e-05, 1.6061610949691385e-05, 1.7231572201126255e-05]","[0.9419350624084473, 0.0364452488720417, 0.021619688719511032]","[0.9419350624084473, 0.0364452488720417, 0.021619688719511032]",False,YALAN,UYARI,False,False,2162.8370999824256,"{""K1_input_and_readiness"": 0.05140001303516328, ""K7_context"": 0.0017999846022576094, ""K1_normalization"": 0.009200011845678091, ""K6_advisory"": 34.205200005089864, ""K1_intent"": 0.037999998312443495, ""K2_retrieval"": 132.03370000701398, ""K3_reranker"": 1907.0049000147264, ""K8_weighted_ranking"": 1.1421999952290207, ""K3_candidate_filters"": 5.798500002129003, ""K9_advisory_consensus"": 0.006499991286545992, ""K4_nli_and_bypass_check"": 51.44880001898855, ""K5_decision"": 28.077599999960512}",7857
FACTURK-0049,DOĞRU,"[17625, 27366, 2140, 10375, 25030, 4963, 23157, 13470, 22539, 16852, 5702, 9095, 26703, 5177, 18297, 23361, 24020, 28126, 9907, 1641]","[0.02044939436018467, 0.0010202174307778478, 0.00014539113908540457, 0.005405900068581104, 0.0003951153776142746, 1.7097478121286258e-05, 3.071818719035946e-05, 0.16079244017601013, 1.657145367062185e-05, 0.0009584648651070893, 0.0001699752756394446, 1.6442494597868063e-05, 3.508111694827676e-05, 1.892514956125524e-05, 0.00012533752305898815, 0.0001740054285619408, 0.009340023621916771, 5.2662067901110277e-05, 1.805851934477687e-05, 3.852893496514298e-05]","[0.2582905888557434, 0.6782693266868591, 0.06344004720449448]","[0.2582905888557434, 0.6782693266868591, 0.06344004720449448]",False,YETERSİZ VERİ,RET,True,False,1786.0680000158027,"{""K1_input_and_readiness"": 0.04159999662078917, ""K7_context"": 0.001400010660290718, ""K1_normalization"": 0.008400005754083395, ""K6_advisory"": 34.2534999945201, ""K1_intent"": 0.04010001430287957, ""K2_retrieval"": 130.38519999827258, ""K3_reranker"": 1258.883100003004, ""K8_weighted_ranking"": 1.0275999957229942, ""K3_candidate_filters"": 5.347700003767386, ""K9_advisory_consensus"": 0.007099995855242014, ""K4_nli_and_bypass_check"": 188.54520001332276, ""K5_decision"": 164.40539999166504}",24020
FACTURK-0050,YALAN,"[4270, 16652, 1557, 1385, 21058, 14012, 305, 8602, 12763, 20136, 6047, 23792, 2984, 13978, 25228, 15874, 23336, 24869, 29414, 12539]","[0.009161027148365974, 0.0006538155721500516, 1.6314539607265033e-05, 2.0462934116949327e-05, 0.0003770285693462938, 0.0014214044203981757, 0.000317508791340515, 0.0002492325147613883, 2.318747829122003e-05, 0.010944577865302563, 0.0015427322359755635, 0.001103026675991714, 0.000192602863535285, 0.0003889921063091606, 0.0006142272031866014, 0.00022167809947859496, 5.874842099728994e-05, 0.0018969200318679214, 5.34913269802928e-05, 6.868317723274231e-05]","[0.011438646353781223, 0.9148045778274536, 0.07375676929950714]","[0.011438646353781223, 0.9148045778274536, 0.07375676929950714]",False,YALAN,UYARI,False,False,2272.731199976988,"{""K1_input_and_readiness"": 0.06880000000819564, ""K7_context"": 0.001500011421740055, ""K1_normalization"": 0.013599987141788006, ""K6_advisory"": 31.816799979424104, ""K1_intent"": 0.04509999416768551, ""K2_retrieval"": 173.7960999889765, ""K3_reranker"": 1930.1673999871127, ""K8_weighted_ranking"": 1.2848000042140484, ""K3_candidate_filters"": 5.725399998482317, ""K9_advisory_consensus"": 0.006400019628927112, ""K4_nli_and_bypass_check"": 126.59889998030849, ""K5_decision"": 0.3569000109564513}",20136
FACTURK-0051,YALAN,"[11553, 2521, 3259, 13856, 12203, 25770, 36, 2804, 27517, 18066, 9844, 24867, 11334, 24380, 9481, 1457, 58, 3348, 22453, 17782]","[0.7327831387519836, 0.0010202174307778478, 0.01358439214527607, 0.024145424365997314, 0.0030515100806951523, 1.6061610949691385e-05, 0.00026530236937105656, 0.020964240655303, 0.0008830457809381187, 0.00023050670279189944, 0.004681822378188372, 0.0005213363328948617, 4.006369272246957e-05, 0.0034970103297382593, 0.0007350447704084218, 0.00035419364576227963, 0.0003668626013677567, 0.018941707909107208, 1.683241134742275e-05, 0.059866417199373245]","[6.445305916713551e-05, 8.994460222311318e-05, 0.9998455047607422]","[6.445305916713551e-05, 8.994460222311318e-05, 0.9998455047607422]",False,DOĞRU,ONAY,False,False,1783.2703000167385,"{""K1_input_and_readiness"": 0.045599997974932194, ""K7_context"": 0.0013999815564602613, ""K1_normalization"": 0.009700015652924776, ""K6_advisory"": 36.005000001750886, ""K1_intent"": 0.03500000457279384, ""K2_retrieval"": 109.83169998507947, ""K3_reranker"": 1475.420300004771, ""K8_weighted_ranking"": 1.2627999822143465, ""K3_candidate_filters"": 6.340399995679036, ""K9_advisory_consensus"": 0.006500020390376449, ""K4_nli_and_bypass_check"": 80.94689997960813, ""K5_decision"": 69.69910001498647}",11553
FACTURK-0052,DOĞRU,"[27564, 4149, 9693, 29145, 290, 9352, 21059, 14619, 19463, 5146, 8161, 8493, 5291, 10999, 16437, 29321, 28268, 30193, 11054, 28862]","[0.22017472982406616, 0.000317508791340515, 0.0010566838318482041, 0.0044683837331831455, 0.00026530236937105656, 0.008916126564145088, 0.0002251682453788817, 0.00031258779927156866, 7.602479308843613e-05, 7.905303937150165e-05, 0.001838665222749114, 0.0009253848693333566, 0.0018675660248845816, 0.005448067560791969, 3.9135655242716894e-05, 0.0014103584690019488, 1.6187581422855146e-05, 5.225226777838543e-05, 0.00023413581948261708, 1.8200149497715756e-05]","[0.0018920247675850987, 0.9976058006286621, 0.000502181937918067]","[0.0018920247675850987, 0.9976058006286621, 0.000502181937918067]",False,YETERSİZ VERİ,RET,True,False,2137.909800017951,"{""K1_input_and_readiness"": 0.19669998437166214, ""K7_context"": 0.0031999952625483274, ""K1_normalization"": 0.024800014216452837, ""K6_advisory"": 37.34650000114925, ""K1_intent"": 0.06560000474564731, ""K2_retrieval"": 171.37180001009256, ""K3_reranker"": 1788.9627999975346, ""K8_weighted_ranking"": 1.1201000015717, ""K3_candidate_filters"": 5.839299992658198, ""K9_advisory_consensus"": 0.006200018106028438, ""K4_nli_and_bypass_check"": 129.71390000893734, ""K5_decision"": 0.4067000118084252}",27564
FACTURK-0053,DOĞRU,"[5114, 4481, 861, 19093, 20852, 21212, 4546, 15519, 4937, 22343, 23319, 26570, 4434, 17921, 1571, 29804, 14619, 29251, 15975, 22027]","[0.0001823546044761315, 0.1653234362602234, 0.707808792591095, 0.00341627886518836, 6.922183820279315e-05, 0.0030753696337342262, 3.7931622500764206e-05, 0.0014437558129429817, 3.4808123018592596e-05, 0.00010391067189630121, 0.00033535013790242374, 1.7231572201126255e-05, 1.6061610949691385e-05, 1.6187581422855146e-05, 4.469407213036902e-05, 9.098840382648632e-05, 1.6187581422855146e-05, 1.6061610949691385e-05, 2.030369250860531e-05, 1.6964426322374493e-05]","[0.004878732841461897, 0.9943511486053467, 0.0007701532449573278]","[0.004878732841461897, 0.9943511486053467, 0.0007701532449573278]",False,YETERSİZ VERİ,RET,True,False,1819.0530999854673,"{""K1_input_and_readiness"": 0.06139997276477516, ""K7_context"": 0.001600012183189392, ""K1_normalization"": 0.010499992640689015, ""K6_advisory"": 32.98220000579022, ""K1_intent"": 0.04069998976774514, ""K2_retrieval"": 149.7250999964308, ""K3_reranker"": 1601.5805999923032, ""K8_weighted_ranking"": 1.022200012812391, ""K3_candidate_filters"": 5.494999990332872, ""K9_advisory_consensus"": 0.006699992809444666, ""K4_nli_and_bypass_check"": 24.924500001361594, ""K5_decision"": 0.18740000086836517}",861
FACTURK-0054,YALAN,"[27391, 12232, 693, 22175, 2442, 23566, 25011, 14947, 23047, 12390, 22214, 17489, 919, 9414, 20596, 27913, 22393, 8958, 8195, 5003]","[0.00041568948654457927, 1.750292540236842e-05, 2.7751651941798627e-05, 4.539786823443137e-05, 4.9086618673754856e-05, 1.6442494597868063e-05, 1.6187581422855146e-05, 0.00037555923336185515, 2.732141365413554e-05, 1.6061610949691385e-05, 1.6442494597868063e-05, 1.8631746570463292e-05, 1.6442494597868063e-05, 1.8631746570463292e-05, 1.6442494597868063e-05, 1.9373936083866283e-05, 1.6314539607265033e-05, 0.0005884087877348065, 4.101373633602634e-05, 1.6187581422855146e-05]","[0.001897341338917613, 0.990540623664856, 0.007562055718153715]","[0.001897341338917613, 0.990540623664856, 0.007562055718153715]",False,YETERSİZ VERİ,RET,True,False,1712.05679999548,"{""K1_input_and_readiness"": 0.04300000728107989, ""K7_context"": 0.001600012183189392, ""K1_normalization"": 0.00799997360445559, ""K6_advisory"": 33.305700024357066, ""K1_intent"": 0.03510000533424318, ""K2_retrieval"": 101.0070999909658, ""K3_reranker"": 1317.5086999835912, ""K8_weighted_ranking"": 1.1433000036049634, ""K3_candidate_filters"": 5.874199996469542, ""K9_advisory_consensus"": 0.007599999662488699, ""K4_nli_and_bypass_check"": 133.46469998941757, ""K5_decision"": 116.96939999819733}",22175
FACTURK-0055,DOĞRU,"[2566, 8252, 7441, 10593, 10312, 24484, 26301, 24272, 8657, 17274, 29425, 27805, 13586, 28168, 15510, 15562, 23626, 20625, 7000, 11469]","[0.0016613906482234597, 0.0014550630003213882, 0.003324436955153942, 0.005060331895947456, 0.0002472934720572084, 3.975192521465942e-05, 1.6442494597868063e-05, 0.0009622126235626638, 0.00016346470511052758, 2.6897845600615256e-05, 1.6442494597868063e-05, 1.657145367062185e-05, 1.8777873265207745e-05, 0.0011073390487581491, 1.7231572201126255e-05, 0.0007041515782475471, 1.967902426258661e-05, 0.00029365462251007557, 0.0007350447704084218, 0.0007408055826090276]","[0.007323616184294224, 0.4687964916229248, 0.523879885673523]","[0.007323616184294224, 0.4687964916229248, 0.523879885673523]",False,DOĞRU,ONAY,False,False,2505.838600016432,"{""K1_input_and_readiness"": 0.03600001218728721, ""K7_context"": 0.0015999830793589354, ""K1_normalization"": 0.008200004231184721, ""K6_advisory"": 30.947199993534014, ""K1_intent"": 0.03130000550299883, ""K2_retrieval"": 127.13190002250485, ""K3_reranker"": 2151.113100000657, ""K8_weighted_ranking"": 1.0877999884542078, ""K3_candidate_filters"": 5.495399993378669, ""K9_advisory_consensus"": 0.007599999662488699, ""K4_nli_and_bypass_check"": 186.75370002165437, ""K5_decision"": 0.36490001366473734}",28168
FACTURK-0056,YALAN,"[28552, 9438, 18826, 15658, 14802, 7836, 22715, 28429, 29825, 5662, 8717, 20683, 15213, 27904, 5225, 5121, 28001, 18059, 26716, 10997]","[0.0013670255430042744, 0.005774929653853178, 0.00039821304380893707, 1.7366719475830905e-05, 0.000552778656128794, 0.0007096704212017357, 1.6061610949691385e-05, 7.141901005525142e-05, 1.7231572201126255e-05, 1.67014204635052e-05, 1.6061610949691385e-05, 4.1659583075670525e-05, 1.6442494597868063e-05, 2.566613329690881e-05, 1.67014204635052e-05, 1.6314539607265033e-05, 1.6314539607265033e-05, 1.67014204635052e-05, 1.6442494597868063e-05, 0.00010071400902234018]","[0.08018163591623306, 0.07805940508842468, 0.8417589068412781]","[0.08018163591623306, 0.07805940508842468, 0.8417589068412781]",False,DOĞRU,ONAY,False,False,2503.278699994553,"{""K1_input_and_readiness"": 0.03500000457279384, ""K7_context"": 0.001300009898841381, ""K1_normalization"": 0.006000016583129764, ""K6_advisory"": 34.379800024908036, ""K1_intent"": 0.06489999941550195, ""K2_retrieval"": 101.36400000192225, ""K3_reranker"": 2205.652899981942, ""K8_weighted_ranking"": 1.1723999923560768, ""K3_candidate_filters"": 5.833400005940348, ""K9_advisory_consensus"": 0.007700000423938036, ""K4_nli_and_bypass_check"": 84.26450000843033, ""K5_decision"": 67.49180000042543}",28552
FACTURK-0057,YALAN,"[3097, 4856, 9366, 17372, 5125, 8685, 5168, 27142, 1645, 26662, 18561, 25434, 1959, 14444, 16619, 14525, 13541, 5087, 20305, 27523]","[0.008644177578389645, 1.7640199075685814e-05, 0.00017952796770259738, 0.00016474656877107918, 4.870464181294665e-05, 0.0001621928095119074, 0.0014381353976204991, 0.00014202363672666252, 0.0001823546044761315, 6.868317723274231e-05, 0.00025315635139122605, 0.0003366621967870742, 0.0003029734070878476, 0.001004416379146278, 2.4300241420860402e-05, 0.0011832797899842262, 4.757645365316421e-05, 0.0006959536112844944, 0.001299427472986281, 0.00010804955672938377]","[0.00213986006565392, 0.9731429219245911, 0.02471715398132801]","[0.00213986006565392, 0.9731429219245911, 0.02471715398132801]",False,YETERSİZ VERİ,RET,True,False,1987.3161000141408,"{""K1_input_and_readiness"": 0.05639999289996922, ""K7_context"": 0.001300009898841381, ""K1_normalization"": 0.011600001016631722, ""K6_advisory"": 32.00900001684204, ""K1_intent"": 0.05420000525191426, ""K2_retrieval"": 153.50349998334423, ""K3_reranker"": 1765.091500012204, ""K8_weighted_ranking"": 1.2153999996371567, ""K3_candidate_filters"": 5.843599996296689, ""K9_advisory_consensus"": 0.007599999662488699, ""K4_nli_and_bypass_check"": 26.1455999861937, ""K5_decision"": 0.1970999874174595}",3097
FACTURK-0058,YALAN,"[5087, 10302, 9366, 3873, 11058, 9120, 16334, 10285, 155, 229, 19416, 29403, 20703, 18561, 18297, 6915, 21667, 8871, 17587, 25399]","[0.003324436955153942, 0.00023597174731548876, 0.0005953406798653305, 0.0001686527393758297, 0.008348053321242332, 0.0005172813544049859, 1.6314539607265033e-05, 0.0011335690505802631, 0.047074172645807266, 0.047691281884908676, 1.6442494597868063e-05, 0.004503272473812103, 2.265035072923638e-05, 0.0009735437924973667, 0.0011247574584558606, 0.0002251682453788817, 0.00021995337738189846, 0.0010775026166811585, 0.0002415662893326953, 0.0013406204525381327]","[0.00109735201112926, 0.0514720194041729, 0.9474306702613831]","[0.00109735201112926, 0.0514720194041729, 0.9474306702613831]",False,DOĞRU,ONAY,False,False,1747.120799991535,"{""K1_input_and_readiness"": 0.044400017941370606, ""K7_context"": 0.001600012183189392, ""K1_normalization"": 0.008700008038431406, ""K6_advisory"": 37.495900003705174, ""K1_intent"": 0.04189999890513718, ""K2_retrieval"": 139.73229998373426, ""K3_reranker"": 1311.3783999870066, ""K8_weighted_ranking"": 1.1239000014029443, ""K3_candidate_filters"": 6.058600003598258, ""K9_advisory_consensus"": 0.00689999433234334, ""K4_nli_and_bypass_check"": 134.08089999575168, ""K5_decision"": 113.90789999859408}",29403
FACTURK-0059,YALAN,"[4488, 28595, 2240, 17376, 15364, 4072, 12873, 21877, 778, 20332, 15307, 21557, 974, 7619, 19070, 15213, 21749, 19484, 16274, 6961]","[0.8834372758865356, 0.00877910852432251, 0.0003569706459529698, 3.219233258278109e-05, 0.0009290033485740423, 1.6442494597868063e-05, 0.0008459375239908695, 6.108854722697288e-05, 8.156224066624418e-05, 0.00012632041762117296, 0.00025118677876889706, 3.8831109122838825e-05, 0.004086002707481384, 3.4537253668531775e-05, 8.349628478754312e-05, 0.00026530236937105656, 0.001151399570517242, 3.7636447814293206e-05, 0.00013658353418577462, 8.888084994396195e-05]","[0.9732811450958252, 0.007548741530627012, 0.019170114770531654]","[0.9732811450958252, 0.007548741530627012, 0.019170114770531654]",False,YALAN,UYARI,False,False,2239.1282000171486,"{""K1_input_and_readiness"": 0.043100008042529225, ""K7_context"": 0.0013999815564602613, ""K1_normalization"": 0.008700008038431406, ""K6_advisory"": 32.17269998276606, ""K1_intent"": 0.036900019040331244, ""K2_retrieval"": 120.82089998875745, ""K3_reranker"": 1948.6245999869425, ""K8_weighted_ranking"": 1.1288000096101314, ""K3_candidate_filters"": 5.350199993699789, ""K9_advisory_consensus"": 0.006300018867477775, ""K4_nli_and_bypass_check"": 75.15609997790307, ""K5_decision"": 53.06540001765825}",4488
FACTURK-0060,YALAN,"[4807, 9908, 26303, 8880, 21723, 16568, 9135, 13510, 26195, 19346, 1670, 23832, 23719, 13134, 28964, 24868, 12400, 4458, 29119, 8206]","[0.9994725584983826, 8.220189192797989e-05, 0.07835980504751205, 0.009090382605791092, 5.3075080359121785e-05, 3.591300992411561e-05, 0.0018602986820042133, 0.00035557945375330746, 0.00023050670279189944, 0.9256342649459839, 1.6442494597868063e-05, 0.006338921841233969, 0.003736220533028245, 2.178264912799932e-05, 1.6314539607265033e-05, 9.993031562771648e-05, 0.0003920417802873999, 1.683241134742275e-05, 0.00023782203788869083, 0.0008009536541067064]",null,"[1.0, 0.0, 0.0]",True,YALAN,UYARI,False,False,2235.600299987709,"{""K1_input_and_readiness"": 0.038700003642588854, ""K7_context"": 0.001300009898841381, ""K1_normalization"": 0.00899998121894896, ""K6_advisory"": 31.025200005387887, ""K1_intent"": 0.03200001083314419, ""K2_retrieval"": 99.18140000081621, ""K3_reranker"": 2093.0477999791037, ""K8_weighted_ranking"": 1.3705000164918602, ""K3_candidate_filters"": 6.965300010051578, ""K9_advisory_consensus"": 0.008499977411702275, ""K4_nli_and_bypass_check"": 0.3752000047825277, ""K5_decision"": 0.44639999396167696}",4807
FACTURK-0061,DOĞRU,"[25762, 29858, 7924, 27017, 23520, 9366, 15126, 22377, 29414, 22587, 29166, 12093, 22717, 12697, 28440, 4258, 10130, 9771, 12152, 3843]","[1.6061610949691385e-05, 7.368592923739925e-05, 0.0007437028689309955, 0.0013885232619941235, 0.0012113064294680953, 0.008061991073191166, 1.67014204635052e-05, 1.6061610949691385e-05, 0.00037409563083201647, 9.17019642656669e-05, 2.014569145103451e-05, 1.67014204635052e-05, 0.009161027148365974, 1.6061610949691385e-05, 2.2474090656032786e-05, 4.101373633602634e-05, 1.6061610949691385e-05, 0.00017674513219390064, 4.0694576455280185e-05, 0.0002802109520416707]","[0.00038202517316676676, 0.999259889125824, 0.0003581146593205631]","[0.00038202517316676676, 0.999259889125824, 0.0003581146593205631]",False,YETERSİZ VERİ,RET,True,False,1889.3944000010379,"{""K1_input_and_readiness"": 0.07180002285167575, ""K7_context"": 0.001600012183189392, ""K1_normalization"": 0.013599987141788006, ""K6_advisory"": 38.492899999255314, ""K1_intent"": 0.05190001684240997, ""K2_retrieval"": 176.66180001106113, ""K3_reranker"": 1638.0468000133988, ""K8_weighted_ranking"": 1.0148999863304198, ""K3_candidate_filters"": 5.574400012847036, ""K9_advisory_consensus"": 0.005699985194951296, ""K4_nli_and_bypass_check"": 26.335000002291054, ""K5_decision"": 0.31770000350661576}",9366
FACTURK-0062,YALAN,"[9588, 11956, 26639, 21432, 4440, 15238, 259, 17960, 29106, 3291, 22465, 1701, 18591, 2100, 17341, 15309, 4142, 3391, 27402, 18246]","[0.004264635033905506, 5.225226777838543e-05, 0.0023504828568547964, 0.1445106565952301, 0.0140095679089427, 0.0005172813544049859, 8.888084994396195e-05, 0.012241275049746037, 0.10743747651576996, 0.00040765260928310454, 0.07043161988258362, 8.029783930396661e-05, 0.013121271505951881, 0.0007613258203491569, 8.156224066624418e-05, 0.010288300924003124, 9.242113446816802e-05, 0.004924510605633259, 0.0032099615782499313, 6.302758993115276e-05]","[0.0009874057723209262, 0.9978542923927307, 0.0011582550359889865]","[0.0009874057723209262, 0.9978542923927307, 0.0011582550359889865]",False,YETERSİZ VERİ,RET,True,False,2990.0632000062615,"{""K1_input_and_readiness"": 0.04770001396536827, ""K7_context"": 0.001300009898841381, ""K1_normalization"": 0.009599985787644982, ""K6_advisory"": 34.40040000714362, ""K1_intent"": 0.041799998143687844, ""K2_retrieval"": 150.82640000036918, ""K3_reranker"": 2215.8324000192806, ""K8_weighted_ranking"": 1.1350000277161598, ""K3_candidate_filters"": 5.792400013888255, ""K9_advisory_consensus"": 0.00689999433234334, ""K4_nli_and_bypass_check"": 298.9981999853626, ""K5_decision"": 279.86529999179766}",29106
FACTURK-0063,YALAN,"[176, 233, 1795, 17124, 12268, 12457, 18227, 12648, 5235, 27505, 15428, 9408, 28423, 14756, 8024, 7981, 24650, 18742, 24925, 22751]","[0.00032503585680387914, 0.00033535013790242374, 0.0013406204525381327, 1.7097478121286258e-05, 3.144662332488224e-05, 4.1986306314356625e-05, 2.5466406441410072e-05, 2.732141365413554e-05, 0.00025714197545312345, 0.00013552077871281654, 1.6187581422855146e-05, 4.575391358230263e-05, 0.00048029719619080424, 6.302758993115276e-05, 1.657145367062185e-05, 1.805851934477687e-05, 1.6442494597868063e-05, 0.0030160662718117237, 1.922317096614279e-05, 1.683241134742275e-05]","[0.0012833323562517762, 0.9975343942642212, 0.0011822138912975788]","[0.0012833323562517762, 0.9975343942642212, 0.0011822138912975788]",False,YETERSİZ VERİ,RET,True,False,2549.426300014602,"{""K1_input_and_readiness"": 0.056899996707215905, ""K7_context"": 0.0014999823179095984, ""K1_normalization"": 0.010299991117790341, ""K6_advisory"": 33.32680001039989, ""K1_intent"": 0.03899997682310641, ""K2_retrieval"": 152.61779999127612, ""K3_reranker"": 1710.8998999756295, ""K8_weighted_ranking"": 1.208700006827712, ""K3_candidate_filters"": 6.028400006471202, ""K9_advisory_consensus"": 0.006799993570894003, ""K4_nli_and_bypass_check"": 397.245500003919, ""K5_decision"": 245.07000000448897}",27505
FACTURK-0064,YALAN,"[10902, 12442, 11993, 26175, 26184, 18539, 5659, 6339, 14174, 6112, 28815, 22465, 28578, 9755, 27391, 24031, 19515, 13994, 9150, 14178]","[0.047337718307971954, 0.00018814207578543574, 0.028870904818177223, 0.0002591582597233355, 0.00013135180051904172, 0.00010472556459717453, 0.015543648041784763, 0.00010229986219201237, 1.6442494597868063e-05, 3.1201914680423215e-05, 2.977311669383198e-05, 0.011115013621747494, 0.0001559802913106978, 4.1335399146191776e-05, 0.0007208379684016109, 3.647853736765683e-05, 1.7778551409719512e-05, 8.750300185056403e-05, 0.0010083435336127877, 2.7969301299890503e-05]","[0.000257080711890012, 0.9996458292007446, 9.708867582958192e-05]","[0.000257080711890012, 0.9996458292007446, 9.708867582958192e-05]",False,YALAN,UYARI,False,False,1660.3780000004917,"{""K1_input_and_readiness"": 0.06299998494796455, ""K7_context"": 0.001600012183189392, ""K1_normalization"": 0.011099997209385037, ""K6_advisory"": 32.36250000190921, ""K1_intent"": 0.03549997927621007, ""K2_retrieval"": 121.29129999084398, ""K3_reranker"": 1178.1025000091176, ""K8_weighted_ranking"": 1.0933000012300909, ""K3_candidate_filters"": 5.486800015205517, ""K9_advisory_consensus"": 0.006599992047995329, ""K4_nli_and_bypass_check"": 160.9646000142675, ""K5_decision"": 157.94689999893308}",10902
FACTURK-0065,DOĞRU,"[14949, 23236, 2457, 18086, 5266, 4894, 28579, 27818, 22180, 7753, 29050, 28834, 9551, 22997, 28994, 7397, 24903, 30163, 29176, 19911]","[0.9920002222061157, 0.17981843650341034, 4.0694576455280185e-05, 0.02822098508477211, 0.03149937838315964, 0.0002891032490879297, 0.0007096704212017357, 2.318747829122003e-05, 0.018404889851808548, 0.0019192374311387539, 0.0006932422984391451, 0.012336100451648235, 0.004365325905382633, 0.0002824080875143409, 0.00025315635139122605, 3.619466951931827e-05, 0.0020507434383034706, 0.0053640566766262054, 0.001838665222749114, 0.0753123015165329]","[0.9989098310470581, 0.00032086053397506475, 0.0007692271610721946]","[0.9989098310470581, 0.00032086053397506475, 0.0007692271610721946]",False,YETERSİZ VERİ,KISMI,True,False,1966.2317999755032,"{""K1_input_and_readiness"": 0.047200010158121586, ""K7_context"": 0.0015999830793589354, ""K1_normalization"": 0.009600014891475439, ""K6_advisory"": 33.2916000043042, ""K1_intent"": 0.03679998917505145, ""K2_retrieval"": 124.65899999369867, ""K3_reranker"": 1607.451999996556, ""K8_weighted_ranking"": 1.1692999978549778, ""K3_candidate_filters"": 6.201200012583286, ""K9_advisory_consensus"": 0.009400013368576765, ""K4_nli_and_bypass_check"": 110.45660002855584, ""K5_decision"": 80.04790000268258}",14949
FACTURK-0066,DOĞRU,"[29368, 5197, 815, 19824, 19632, 6126, 22096, 14948, 9712, 14498, 28275, 25539, 11919, 9460, 24421, 4513, 20080, 9136, 16363, 10240]","[1.657145367062185e-05, 1.7778551409719512e-05, 1.9373936083866283e-05, 1.683241134742275e-05, 3.70529705833178e-05, 1.683241134742275e-05, 9.098840382648632e-05, 1.6314539607265033e-05, 1.6061610949691385e-05, 2.1444948288262822e-05, 1.6187581422855146e-05, 5.391084778239019e-05, 1.657145367062185e-05, 2.030369250860531e-05, 1.6061610949691385e-05, 2.93115390377352e-05, 5.433364276541397e-05, 1.6442494597868063e-05, 1.8342892872169614e-05, 1.6442494597868063e-05]","[0.006917873863130808, 0.3071572780609131, 0.6859248876571655]","[0.006917873863130808, 0.3071572780609131, 0.6859248876571655]",False,YETERSİZ VERİ,KISMI,True,False,2475.138399982825,"{""K1_input_and_readiness"": 0.05780000356025994, ""K7_context"": 0.0024999899324029684, ""K1_normalization"": 0.015199999324977398, ""K6_advisory"": 31.98770000017248, ""K1_intent"": 0.03329999162815511, ""K2_retrieval"": 106.01129999849945, ""K3_reranker"": 1880.6428000098094, ""K8_weighted_ranking"": 1.055599976098165, ""K3_candidate_filters"": 5.315100017469376, ""K9_advisory_consensus"": 0.006599992047995329, ""K4_nli_and_bypass_check"": 301.7351000162307, ""K5_decision"": 145.2284000115469}",22096
FACTURK-0067,YALAN,"[25127, 24368, 25037, 23632, 17721, 27338, 12150, 26575, 8456, 21537, 700, 26650, 22868, 28254, 27016, 9755, 9414, 29087, 25178, 3364]","[0.0005254230927675962, 0.0009697519708424807, 0.0001740054285619408, 0.0002959570847451687, 0.0018172829877585173, 0.0036499870475381613, 6.014152313582599e-05, 0.6312534213066101, 9.685608529252931e-05, 0.0004205874283798039, 0.0027683854568749666, 1.7917987861437723e-05, 0.0032350558321923018, 1.6964426322374493e-05, 7.602479308843613e-05, 3.852893496514298e-05, 1.6061610949691385e-05, 0.00020825010142289102, 0.0015792594058439136, 0.00043563017970882356]","[0.9986213445663452, 0.0003743899578694254, 0.0010042996145784855]","[0.9986213445663452, 0.0003743899578694254, 0.0010042996145784855]",False,YALAN,UYARI,False,False,2528.6440000054426,"{""K1_input_and_readiness"": 0.0433000095654279, ""K7_context"": 0.001300009898841381, ""K1_normalization"": 0.008500006515532732, ""K6_advisory"": 35.148900002241135, ""K1_intent"": 0.04710000939667225, ""K2_retrieval"": 129.39220000407659, ""K3_reranker"": 2059.106200002134, ""K8_weighted_ranking"": 1.229999994393438, ""K3_candidate_filters"": 6.049699994036928, ""K9_advisory_consensus"": 0.006299989763647318, ""K4_nli_and_bypass_check"": 158.77400001045316, ""K5_decision"": 135.83019998623058}",26575
FACTURK-0068,YALAN,"[1499, 27564, 21058, 24217, 6308, 29145, 7549, 20136, 10822, 12539, 28417, 9426, 19258, 20457, 28510, 30193, 21059, 29321, 13989, 10999]","[0.0033634924329817295, 0.11124119907617569, 0.00013238185783848166, 0.0027683854568749666, 0.002174225402995944, 0.03384403511881828, 0.013325147330760956, 0.02373468689620495, 0.0009399438858963549, 3.9135655242716894e-05, 0.0003301527176517993, 0.0008727670647203922, 0.00026323829661123455, 0.0055333878844976425, 0.0013670255430042744, 3.535625000949949e-05, 3.4001819585682824e-05, 0.0031115086749196053, 0.0018243826925754547, 0.004101929254829884]","[0.0008248366648331285, 0.0035633740480989218, 0.9956117272377014]","[0.0008248366648331285, 0.0035633740480989218, 0.9956117272377014]",False,DOĞRU,ONAY,False,False,2131.3583999872208,"{""K1_input_and_readiness"": 0.06159997428767383, ""K7_context"": 0.001300009898841381, ""K1_normalization"": 0.01279998105019331, ""K6_advisory"": 33.48129999358207, ""K1_intent"": 0.04500002251006663, ""K2_retrieval"": 168.37120000855066, ""K3_reranker"": 1790.9729999955744, ""K8_weighted_ranking"": 1.1118999973405153, ""K3_candidate_filters"": 5.9056000027339906, ""K9_advisory_consensus"": 0.006699992809444666, ""K4_nli_and_bypass_check"": 128.2995000074152, ""K5_decision"": 0.31599999056197703}",27564
FACTURK-0069,DOĞRU,"[23489, 26855, 2558, 15124, 4904, 29480, 12854, 25267, 8279, 16463, 3460, 7486, 12550, 22200, 17336, 28323, 12000, 13517, 23573, 8841]","[0.9937100410461426, 1.6187581422855146e-05, 1.967902426258661e-05, 1.6061610949691385e-05, 0.00011412239109631628, 0.0033766122069209814, 1.7231572201126255e-05, 1.6187581422855146e-05, 1.6187581422855146e-05, 1.6187581422855146e-05, 9.098840382648632e-05, 1.8342892872169614e-05, 0.022977370768785477, 1.6442494597868063e-05, 7.197912054834887e-05, 1.6187581422855146e-05, 2.7751651941798627e-05, 0.0005861161625944078, 1.6061610949691385e-05, 1.6314539607265033e-05]","[0.9989426732063293, 0.0003107184893451631, 0.0007466598181053996]","[0.9989426732063293, 0.0003107184893451631, 0.0007466598181053996]",False,YALAN,RED,False,False,1266.3240999972913,"{""K1_input_and_readiness"": 0.06379999103955925, ""K7_context"": 0.001900014467537403, ""K1_normalization"": 0.017799990018829703, ""K6_advisory"": 34.1535999905318, ""K1_intent"": 0.03600001218728721, ""K2_retrieval"": 126.13470002543181, ""K3_reranker"": 1072.5000999809708, ""K8_weighted_ranking"": 1.028400001814589, ""K3_candidate_filters"": 5.794900003820658, ""K9_advisory_consensus"": 0.006299989763647318, ""K4_nli_and_bypass_check"": 23.511900013545528, ""K5_decision"": 0.2832000027410686}",23489
FACTURK-0070,DOĞRU,"[13842, 11509, 19541, 18297, 29892, 20020, 22914, 8688, 28611, 29138, 13474, 1976, 5278, 23529, 23436, 16046, 28962, 1849, 12974, 29168]","[0.10894504189491272, 0.0022694687359035015, 0.0064882696606218815, 0.0008167381165549159, 0.00011501735571073368, 0.005641908384859562, 0.00040290519245900214, 0.0005336928297765553, 0.001220795209519565, 0.0014895173953846097, 0.0004728544445242733, 0.0060975621454417706, 0.00022167809947859496, 0.0024343819823116064, 0.0005316132446750998, 0.0008796061738394201, 0.00011774459562730044, 1.8777873265207745e-05, 0.012970386072993279, 1.6442494597868063e-05]","[0.00026901165256276727, 0.0037143530789762735, 0.9960165619850159]","[0.00026901165256276727, 0.0037143530789762735, 0.9960165619850159]",False,DOĞRU,ONAY,False,False,1715.156099991873,"{""K1_input_and_readiness"": 0.03580001066438854, ""K7_context"": 0.001300009898841381, ""K1_normalization"": 0.00680002267472446, ""K6_advisory"": 32.1832999761682, ""K1_intent"": 0.03220001235604286, ""K2_retrieval"": 108.49500002223067, ""K3_reranker"": 1316.354800015688, ""K8_weighted_ranking"": 0.9953999833669513, ""K3_candidate_filters"": 5.5262999958358705, ""K9_advisory_consensus"": 0.006500020390376449, ""K4_nli_and_bypass_check"": 138.18589999573305, ""K5_decision"": 110.51289999159053}",13842
FACTURK-0071,YALAN,"[24446, 5050, 28231, 13624, 19657, 30040, 23576, 25992, 20060, 11667, 25500, 10507, 14525, 20122, 26315, 16786, 26306, 1769, 15364, 11176]","[0.7884203195571899, 0.2440025359392166, 1.6061610949691385e-05, 0.012241275049746037, 1.6061610949691385e-05, 0.002058753278106451, 0.001512938179075718, 0.00017265156202483922, 0.0024154833517968655, 0.0018458482809364796, 0.007999754510819912, 0.3112174868583679, 0.22017472982406616, 0.0009697519708424807, 0.00012339458044152707, 9.7615658887662e-05, 0.007345826830714941, 0.00018961740715894848, 0.002833849750459194, 1.6187581422855146e-05]","[0.00840123649686575, 0.9901851415634155, 0.0014135881792753935]","[0.00840123649686575, 0.9901851415634155, 0.0014135881792753935]",False,YETERSİZ VERİ,RET,True,False,2244.218899984844,"{""K1_input_and_readiness"": 0.062700011767447, ""K7_context"": 0.0010999792721122503, ""K1_normalization"": 0.009700015652924776, ""K6_advisory"": 33.71489999699406, ""K1_intent"": 0.03759999526664615, ""K2_retrieval"": 113.15620000823401, ""K3_reranker"": 1903.0013000010513, ""K8_weighted_ranking"": 1.0082999942824244, ""K3_candidate_filters"": 5.566899984842166, ""K9_advisory_consensus"": 0.006000016583129764, ""K4_nli_and_bypass_check"": 102.0958999870345, ""K5_decision"": 82.5738999992609}",10507
FACTURK-0072,DOĞRU,"[28830, 11552, 14598, 11647, 25061, 5344, 21946, 14806, 7076, 3097, 321, 3817, 19317, 5125, 27142, 2263, 4856, 9844, 29735, 24822]","[0.000682501879055053, 0.027376487851142883, 0.0007041515782475471, 0.16913124918937683, 0.003765413537621498, 0.007066400721669197, 0.18242552876472473, 0.008093290030956268, 0.19744445383548737, 0.0007466114475391805, 0.18877223134040833, 1.6187581422855146e-05, 0.04336579889059067, 0.00034599160426296294, 5.0644717703107744e-05, 0.01353214867413044, 1.8777873265207745e-05, 0.003260345896705985, 1.6314539607265033e-05, 0.0026316740550100803]","[0.18594218790531158, 0.7857588529586792, 0.02829902246594429]","[0.18594218790531158, 0.7857588529586792, 0.02829902246594429]",False,YETERSİZ VERİ,RET,True,False,2369.6218999975827,"{""K1_input_and_readiness"": 0.04339998122304678, ""K7_context"": 0.001300009898841381, ""K1_normalization"": 0.009299983503296971, ""K6_advisory"": 31.23219998087734, ""K1_intent"": 0.02780000795610249, ""K2_retrieval"": 112.36109997844324, ""K3_reranker"": 2189.738799992483, ""K8_weighted_ranking"": 1.338800007943064, ""K3_candidate_filters"": 6.1135000141803175, ""K9_advisory_consensus"": 0.007299997378140688, ""K4_nli_and_bypass_check"": 25.294299994129688, ""K5_decision"": 0.3494999837130308}",7076
FACTURK-0073,YALAN,"[24903, 4376, 28876, 2786, 4325, 25464, 6737, 10051, 29572, 15579, 12803, 12047, 28387, 10139, 19266, 15691, 3817, 3971, 1291, 9414]","[0.0009473089594393969, 1.657145367062185e-05, 0.00033535013790242374, 1.8342892872169614e-05, 0.00019871552649419755, 0.002693914109840989, 0.00031015597051009536, 2.0462934116949327e-05, 3.1201914680423215e-05, 7.197912054834887e-05, 3.6764631659025326e-05, 1.6061610949691385e-05, 0.0001823546044761315, 1.6061610949691385e-05, 0.0004205874283798039, 1.6442494597868063e-05, 1.7231572201126255e-05, 1.6061610949691385e-05, 0.00026947917649522424, 4.298194107832387e-05]","[0.6847532391548157, 0.20102150738239288, 0.11422524601221085]","[0.6847532391548157, 0.20102150738239288, 0.11422524601221085]",False,YALAN,UYARI,False,False,3389.7678999928758,"{""K1_input_and_readiness"": 0.04449998959898949, ""K7_context"": 0.0019999861251562834, ""K1_normalization"": 0.009200011845678091, ""K6_advisory"": 34.64019999955781, ""K1_intent"": 0.03959998139180243, ""K2_retrieval"": 144.58980000927113, ""K3_reranker"": 2144.477399997413, ""K8_weighted_ranking"": 1.1736000014934689, ""K3_candidate_filters"": 5.978499975753948, ""K9_advisory_consensus"": 0.006399990525096655, ""K4_nli_and_bypass_check"": 648.8251999835484, ""K5_decision"": 407.1240999910515}",24903
FACTURK-0074,DOĞRU,"[6904, 25534, 20498, 30009, 13136, 20647, 29800, 6560, 1685, 10237, 11980, 26997, 12124, 4865, 20372, 10962, 5348, 21316, 16037, 5296]","[1.6061610949691385e-05, 0.00040290519245900214, 1.6187581422855146e-05, 1.6314539607265033e-05, 0.0024343819823116064, 1.67014204635052e-05, 3.373722574906424e-05, 1.6314539607265033e-05, 1.7366719475830905e-05, 1.6314539607265033e-05, 1.9833367332466878e-05, 1.6442494597868063e-05, 1.6314539607265033e-05, 1.6314539607265033e-05, 1.6187581422855146e-05, 1.6061610949691385e-05, 1.67014204635052e-05, 1.683241134742275e-05, 1.6061610949691385e-05, 1.6442494597868063e-05]","[0.02062917686998844, 0.00937434658408165, 0.969996452331543]","[0.02062917686998844, 0.00937434658408165, 0.969996452331543]",False,DOĞRU,ONAY,False,False,2751.255900016986,"{""K1_input_and_readiness"": 0.04569999873638153, ""K7_context"": 0.0016999838408082724, ""K1_normalization"": 0.008500006515532732, ""K6_advisory"": 33.28979999059811, ""K1_intent"": 0.03179998020641506, ""K2_retrieval"": 119.60540001746267, ""K3_reranker"": 2076.301199995214, ""K8_weighted_ranking"": 1.5393999929074198, ""K3_candidate_filters"": 8.91319999936968, ""K9_advisory_consensus"": 0.009799987310543656, ""K4_nli_and_bypass_check"": 318.14340001437813, ""K5_decision"": 190.29510000837035}",11980
FACTURK-0075,YALAN,"[1385, 28548, 14089, 26593, 7151, 27022, 16423, 26949, 3959, 25705, 3579, 19409, 21497, 4984, 14551, 3390, 11914, 16033, 15755, 7836]","[1.7917987861437723e-05, 1.6187581422855146e-05, 2.030369250860531e-05, 1.6314539607265033e-05, 0.011732463724911213, 1.6187581422855146e-05, 7.905303937150165e-05, 0.0015669887652620673, 2.4300241420860402e-05, 9.7615658887662e-05, 1.805851934477687e-05, 0.0022170129232108593, 4.832564081880264e-05, 1.6187581422855146e-05, 0.0018031664658337831, 1.6061610949691385e-05, 1.67014204635052e-05, 5.2662067901110277e-05, 1.6061610949691385e-05, 3.144662332488224e-05]","[0.0010455974843353033, 0.9963645339012146, 0.002589903073385358]","[0.0010455974843353033, 0.9963645339012146, 0.002589903073385358]",False,YETERSİZ VERİ,RET,True,False,1585.4242000204977,"{""K1_input_and_readiness"": 0.046900007873773575, ""K7_context"": 0.0014999823179095984, ""K1_normalization"": 0.008700008038431406, ""K6_advisory"": 33.689600008074194, ""K1_intent"": 0.04019998596049845, ""K2_retrieval"": 147.23500001127832, ""K3_reranker"": 1368.1075999920722, ""K8_weighted_ranking"": 1.3153000036254525, ""K3_candidate_filters"": 6.399599980795756, ""K9_advisory_consensus"": 0.006299989763647318, ""K4_nli_and_bypass_check"": 24.979500012705103, ""K5_decision"": 0.35700001171790063}",7151
FACTURK-0076,YALAN,"[16399, 2611, 6879, 15083, 25849, 29990, 8145, 2561, 13920, 4492, 18255, 18585, 17035, 9235, 2442, 5294, 4720, 19025, 17200, 19399]","[0.9081302285194397, 0.0007408055826090276, 0.00014653129619546235, 1.6187581422855146e-05, 1.922317096614279e-05, 0.00037263770354911685, 1.6187581422855146e-05, 1.6187581422855146e-05, 0.00021824207215104252, 1.7917987861437723e-05, 0.0002251682453788817, 0.0005442132824100554, 1.6187581422855146e-05, 1.6061610949691385e-05, 1.6061610949691385e-05, 1.6061610949691385e-05, 3.219233258278109e-05, 1.9073577277595177e-05, 1.6314539607265033e-05, 0.00031258779927156866]","[0.8570685386657715, 0.05079471319913864, 0.09213677048683167]","[0.8570685386657715, 0.05079471319913864, 0.09213677048683167]",False,YALAN,UYARI,False,False,2149.62780001224,"{""K1_input_and_readiness"": 0.061799975810572505, ""K7_context"": 0.001300009898841381, ""K1_normalization"": 0.010899995686486363, ""K6_advisory"": 35.58940000948496, ""K1_intent"": 0.039000005926936865, ""K2_retrieval"": 138.63130001118407, ""K3_reranker"": 1710.488999990048, ""K8_weighted_ranking"": 1.3303000014275312, ""K3_candidate_filters"": 6.2089999846648425, ""K9_advisory_consensus"": 0.019400002202019095, ""K4_nli_and_bypass_check"": 141.84659998863935, ""K5_decision"": 112.43480001576245}",16399
FACTURK-0077,YALAN,"[18468, 3513, 18297, 17060, 22914, 28419, 27834, 8749, 19866, 19816, 5104, 9366, 20126, 11509, 23361, 12677, 6984, 24612, 21125, 9084]","[0.8636217713356018, 4.7206227463902906e-05, 0.0014664583140984178, 0.006241259165108204, 0.0005907104350626469, 0.0005747861578129232, 0.0003654328465927392, 0.001667882315814495, 8.547616744181141e-05, 0.004451041109859943, 0.0003150386910419911, 0.001597845577634871, 0.00010554686014074832, 0.002957902615889907, 6.868317723274231e-05, 0.104843370616436, 0.00013658353418577462, 0.0002131875662598759, 0.006850480102002621, 0.0005316132446750998]","[0.0033395495265722275, 0.9922351241111755, 0.004425319377332926]","[0.0033395495265722275, 0.9922351241111755, 0.004425319377332926]",False,YETERSİZ VERİ,RET,True,False,1794.4560000032652,"{""K1_input_and_readiness"": 0.048699992476031184, ""K7_context"": 0.001200009137392044, ""K1_normalization"": 0.010799994925037026, ""K6_advisory"": 33.07120001409203, ""K1_intent"": 0.03600001218728721, ""K2_retrieval"": 111.96050001308322, ""K3_reranker"": 1609.866900020279, ""K8_weighted_ranking"": 1.1659000010695308, ""K3_candidate_filters"": 6.206600024597719, ""K9_advisory_consensus"": 0.006799993570894003, ""K4_nli_and_bypass_check"": 28.842699975939468, ""K5_decision"": 0.13729999773204327}",12677
FACTURK-0078,DOĞRU,"[28856, 8758, 12500, 25952, 9581, 2849, 8303, 720, 2420, 13244, 8286, 24082, 790, 12699, 5470, 7809, 22567, 22357, 9338, 27933]","[0.10576342046260834, 1.7231572201126255e-05, 0.0025016965810209513, 0.00019716942915692925, 0.015424552373588085, 0.007846239022910595, 0.0026419467758387327, 7.782753527862951e-05, 0.0002415662893326953, 1.6314539607265033e-05, 0.000706905557308346, 1.6314539607265033e-05, 0.005281333811581135, 0.00034464316559024155, 0.0013096056645736098, 1.657145367062185e-05, 0.002463006880134344, 0.009303949773311615, 1.9373936083866283e-05, 0.0009146137163043022]","[0.0024672523140907288, 0.3549773693084717, 0.6425553560256958]","[0.0024672523140907288, 0.3549773693084717, 0.6425553560256958]",False,YALAN,RED,False,False,1347.08489998593,"{""K1_input_and_readiness"": 0.04859999171458185, ""K7_context"": 0.0015999830793589354, ""K1_normalization"": 0.11140000424347818, ""K6_advisory"": 34.19579999172129, ""K1_intent"": 0.03480000304989517, ""K2_retrieval"": 115.45489999116398, ""K3_reranker"": 1167.571099998895, ""K8_weighted_ranking"": 1.0851999977603555, ""K3_candidate_filters"": 5.479199986439198, ""K9_advisory_consensus"": 0.006699992809444666, ""K4_nli_and_bypass_check"": 19.71290001529269, ""K5_decision"": 0.26729999808594584}",12699
FACTURK-0079,YALAN,"[4770, 5087, 8958, 11058, 18297, 9120, 24584, 17571, 16078, 1959, 14597, 6032, 12482, 18393, 12152, 11083, 16356, 29065, 24453, 8582]","[4.832564081880264e-05, 8.415108459303156e-05, 9.993031562771648e-05, 0.0010202174307778478, 0.0007152324542403221, 0.001512938179075718, 0.00172745855525136, 0.0002492325147613883, 0.001622967072762549, 5.02506154589355e-05, 0.0010362669127061963, 0.0020111582707613707, 0.00011866796558024362, 1.9525883544702083e-05, 1.6964426322374493e-05, 0.0008727670647203922, 3.4001819585682824e-05, 5.0644717703107744e-05, 1.7640199075685814e-05, 0.00020342698553577065]","[0.003909515216946602, 0.9758527874946594, 0.02023771032691002]","[0.003909515216946602, 0.9758527874946594, 0.02023771032691002]",False,YALAN,UYARI,False,False,2175.8544000040274,"{""K1_input_and_readiness"": 0.04789998638443649, ""K7_context"": 0.0014999823179095984, ""K1_normalization"": 0.009400013368576765, ""K6_advisory"": 34.397900017211214, ""K1_intent"": 0.03759999526664615, ""K2_retrieval"": 128.65290002082475, ""K3_reranker"": 1590.43159999419, ""K8_weighted_ranking"": 1.126200018916279, ""K3_candidate_filters"": 5.985099996905774, ""K9_advisory_consensus"": 0.00689999433234334, ""K4_nli_and_bypass_check"": 217.76579998550005, ""K5_decision"": 194.60210000397637}",6032
FACTURK-0080,YALAN,"[15787, 2858, 25228, 9220, 19258, 25225, 1701, 3315, 9150, 25169, 13989, 9510, 2244, 13003, 24354, 28014, 22218, 970, 12063, 9686]","[0.0008934455690905452, 4.832564081880264e-05, 0.014672035351395607, 0.0011116681853309274, 0.00016474656877107918, 0.000682501879055053, 0.0002131875662598759, 0.00026947917649522424, 0.005554925184696913, 0.00013982206291984767, 0.0010282108560204506, 0.0014325366355478764, 0.00013982206291984767, 2.5466406441410072e-05, 0.0023413407616317272, 0.0023322340566664934, 0.004556113854050636, 0.0003799845289904624, 0.0006512682302854955, 0.0003275842755101621]","[0.0013300117570906878, 0.10365210473537445, 0.8950178027153015]","[0.0013300117570906878, 0.10365210473537445, 0.8950178027153015]",False,DOĞRU,ONAY,False,False,2028.2024999905843,"{""K1_input_and_readiness"": 0.0467000063508749, ""K7_context"": 0.001500011421740055, ""K1_normalization"": 0.009399984264746308, ""K6_advisory"": 34.04569998383522, ""K1_intent"": 0.03399999695830047, ""K2_retrieval"": 130.06689999019727, ""K3_reranker"": 1495.6859000085387, ""K8_weighted_ranking"": 1.188099995488301, ""K3_candidate_filters"": 5.967599980067462, ""K9_advisory_consensus"": 0.006499991286545992, ""K4_nli_and_bypass_check"": 187.5479999871459, ""K5_decision"": 170.6498000130523}",25228
FACTURK-0081,DOĞRU,"[29892, 30075, 20199, 16831, 24994, 12974, 19793, 19541, 28266, 23277, 3162, 1902, 22268, 6336, 23011, 14534, 17297, 4738, 889, 25865]","[0.1127954050898552, 0.11879339814186096, 0.03179866820573807, 0.9192084670066833, 0.113973468542099, 0.025130946189165115, 0.08035746961832047, 0.00955939944833517, 0.006589771714061499, 0.007232763804495335, 0.001377732609398663, 0.005888158921152353, 0.008030813187360764, 0.05561760812997818, 0.004773722495883703, 0.007907291874289513, 0.11476477235555649, 0.0006641048239544034, 0.0007208379684016109, 0.00013135180051904172]","[0.002136151771992445, 0.23106224834918976, 0.7668015360832214]","[0.002136151771992445, 0.23106224834918976, 0.7668015360832214]",False,DOĞRU,ONAY,False,False,1565.8877000096254,"{""K1_input_and_readiness"": 0.036999990697950125, ""K7_context"": 0.001300009898841381, ""K1_normalization"": 0.00689999433234334, ""K6_advisory"": 33.948800002690405, ""K1_intent"": 0.03510000533424318, ""K2_retrieval"": 112.60370002128184, ""K3_reranker"": 1321.1373999947682, ""K8_weighted_ranking"": 1.1391000007279217, ""K3_candidate_filters"": 6.066900008590892, ""K9_advisory_consensus"": 0.006699992809444666, ""K4_nli_and_bypass_check"": 57.334500015713274, ""K5_decision"": 30.185299983713776}",16831
FACTURK-0082,YALAN,"[4452, 5431, 16540, 21976, 16706, 8548, 19167, 30065, 5595, 2933, 28655, 25400, 22634, 12152, 21402, 14346, 18509, 12671, 19535, 27080]","[0.0948452427983284, 0.00407013762742281, 0.0004747042548842728, 0.0010005044750869274, 0.0026730059180408716, 0.0002959570847451687, 0.0005747861578129232, 0.0005254230927675962, 2.265035072923638e-05, 0.04509957134723663, 6.976470467634499e-05, 0.018404889851808548, 2.977311669383198e-05, 0.0004784255870617926, 0.002889581024646759, 4.037790131405927e-05, 0.0003199982165824622, 4.400118632474914e-05, 0.00018522572645451874, 1.6964426322374493e-05]","[0.001614274806343019, 0.7923862338066101, 0.2059994637966156]","[0.001614274806343019, 0.7923862338066101, 0.2059994637966156]",False,YETERSİZ VERİ,RET,True,False,2938.289999990957,"{""K1_input_and_readiness"": 0.05329999839887023, ""K7_context"": 0.0015999830793589354, ""K1_normalization"": 0.009300012607127428, ""K6_advisory"": 33.240599994314834, ""K1_intent"": 0.036999990697950125, ""K2_retrieval"": 126.30959998932667, ""K3_reranker"": 2273.5877000086475, ""K8_weighted_ranking"": 1.1984999873675406, ""K3_candidate_filters"": 5.884100013645366, ""K9_advisory_consensus"": 0.006399990525096655, ""K4_nli_and_bypass_check"": 258.16880000638776, ""K5_decision"": 236.70160002075136}",2933
FACTURK-0083,DOĞRU,"[1291, 28165, 20020, 15763, 23751, 21402, 20519, 5491, 22069, 19636, 21667, 19793, 13778, 16491, 25969, 16499, 16721, 18468, 24834, 11581]","[3.4537253668531775e-05, 1.67014204635052e-05, 4.0694576455280185e-05, 1.6187581422855146e-05, 0.0016941031208261847, 5.144220995134674e-05, 2.4682904040673748e-05, 2.7751651941798627e-05, 2.2125668692751788e-05, 1.9073577277595177e-05, 3.3474691008450463e-05, 1.6314539607265033e-05, 0.0024343819823116064, 1.67014204635052e-05, 6.452214438468218e-05, 0.00010229986219201237, 1.7917987861437723e-05, 0.020177319645881653, 2.1444948288262822e-05, 1.6061610949691385e-05]","[0.003563138423487544, 0.8845860958099365, 0.11185076087713242]","[0.003563138423487544, 0.8845860958099365, 0.11185076087713242]",False,YALAN,UYARI,False,False,1758.5758999921381,"{""K1_input_and_readiness"": 0.05110001075081527, ""K7_context"": 0.0013999815564602613, ""K1_normalization"": 0.010199990356341004, ""K6_advisory"": 33.922099974006414, ""K1_intent"": 0.040099985199049115, ""K2_retrieval"": 127.4027000181377, ""K3_reranker"": 1308.1035999930464, ""K8_weighted_ranking"": 1.1775000020861626, ""K3_candidate_filters"": 6.165400001918897, ""K9_advisory_consensus"": 0.006699992809444666, ""K4_nli_and_bypass_check"": 160.86870001163334, ""K5_decision"": 117.62430000817403}",13778
FACTURK-0084,DOĞRU,"[4224, 26098, 20222, 17567, 25118, 11778, 16801, 29239, 20781, 11959, 11506, 10045, 806, 2446, 28331, 24521, 15384, 437, 19146, 30198]","[0.0016103574307635427, 0.002074867021292448, 0.001314724562689662, 0.002296159043908119, 7.905303937150165e-05, 0.0010242064017802477, 0.0009399438858963549, 0.0007613258203491569, 0.2312668114900589, 1.805851934477687e-05, 0.0031480707693845034, 0.0004459562187548727, 0.00026530236937105656, 0.0037217086646705866, 0.00014539113908540457, 0.0006361912237480283, 0.00012148174573667347, 7.141901005525142e-05, 1.6964426322374493e-05, 0.00012339458044152707]","[0.015278566628694534, 0.7390416860580444, 0.24567972123622894]","[0.015278566628694534, 0.7390416860580444, 0.24567972123622894]",False,YETERSİZ VERİ,RET,True,False,2832.9902999976184,"{""K1_input_and_readiness"": 0.06260001100599766, ""K7_context"": 0.001400010660290718, ""K1_normalization"": 0.012600008631125093, ""K6_advisory"": 38.72059998684563, ""K1_intent"": 0.06160000339150429, ""K2_retrieval"": 161.06030001537874, ""K3_reranker"": 1606.3914999831468, ""K8_weighted_ranking"": 1.3567999994847924, ""K3_candidate_filters"": 5.131999991135672, ""K9_advisory_consensus"": 0.005799985956400633, ""K4_nli_and_bypass_check"": 545.7709000038449, ""K5_decision"": 470.5853999766987}",20781
FACTURK-0085,DOĞRU,"[12751, 5418, 9230, 23884, 13059, 1228, 29737, 17449, 19893, 2879, 9047, 17018, 7396, 11113, 17687, 7982, 810, 8333, 8153, 27959]","[9.535461140330881e-05, 2.1112482500029728e-05, 2.2125668692751788e-05, 0.05429893732070923, 2.4300241420860402e-05, 4.1986306314356625e-05, 0.00017813112935982645, 1.683241134742275e-05, 8.818923379294574e-05, 2.1112482500029728e-05, 1.683241134742275e-05, 1.6061610949691385e-05, 0.004086002707481384, 1.6061610949691385e-05, 0.014559517614543438, 3.219233258278109e-05, 1.6187581422855146e-05, 0.00017536994710098952, 3.321419353596866e-05, 1.7366719475830905e-05]","[0.012931509874761105, 0.3423365354537964, 0.644731879234314]","[0.012931509874761105, 0.3423365354537964, 0.644731879234314]",False,YALAN,RED,False,False,2287.738299986813,"{""K1_input_and_readiness"": 0.063000014051795, ""K7_context"": 0.0019999861251562834, ""K1_normalization"": 0.01409999094903469, ""K6_advisory"": 42.68020001472905, ""K1_intent"": 0.04949999856762588, ""K2_retrieval"": 162.19649999402463, ""K3_reranker"": 1674.6416999958456, ""K8_weighted_ranking"": 1.2568999954964966, ""K3_candidate_filters"": 6.594699982088059, ""K9_advisory_consensus"": 0.008200004231184721, ""K4_nli_and_bypass_check"": 213.73819999280386, ""K5_decision"": 182.60719999670982}",12751
FACTURK-0086,DOĞRU,"[28221, 17464, 23903, 6314, 11932, 12939, 12172, 15073, 18460, 29595, 1893, 17416, 7000, 5052, 20736, 27895, 23166, 18953, 7092, 1624]","[0.02203226462006569, 0.020061802119016647, 2.195349043176975e-05, 0.0009697519708424807, 1.683241134742275e-05, 0.0007947254925966263, 0.0003668626013677567, 0.0011073390487581491, 0.0009510130621492863, 0.00026947917649522424, 0.0021573416888713837, 0.0009217804181389511, 0.0001344663032796234, 0.0004974745097570121, 0.00014539113908540457, 2.6897845600615256e-05, 2.6688529032981023e-05, 0.0029694451950490475, 0.00034196203341707587, 0.0009436192340217531]","[0.0013272222131490707, 0.9979456067085266, 0.0007271915674209595]","[0.0013272222131490707, 0.9979456067085266, 0.0007271915674209595]",False,YALAN,RED,False,False,1592.2546000219882,"{""K1_input_and_readiness"": 0.06089999806135893, ""K7_context"": 0.0016999838408082724, ""K1_normalization"": 0.01069999416358769, ""K6_advisory"": 36.540100001730025, ""K1_intent"": 0.048299989430233836, ""K2_retrieval"": 165.1133999985177, ""K3_reranker"": 1353.5132999822963, ""K8_weighted_ranking"": 1.260399993043393, ""K3_candidate_filters"": 6.330500007607043, ""K9_advisory_consensus"": 0.007800001185387373, ""K4_nli_and_bypass_check"": 25.72819998022169, ""K5_decision"": 0.2550000208429992}",18953
FACTURK-0087,DOĞRU,"[6336, 26371, 5364, 17203, 17149, 23011, 30248, 6779, 29892, 25865, 4738, 18919, 19877, 11392, 20244, 12974, 28611, 3162, 8285, 4102]","[0.00011591933434829116, 3.144662332488224e-05, 1.6314539607265033e-05, 1.6314539607265033e-05, 1.593661909282673e-05, 1.683241134742275e-05, 3.4808123018592596e-05, 3.7931622500764206e-05, 1.750292540236842e-05, 1.6061610949691385e-05, 1.6314539607265033e-05, 1.6061610949691385e-05, 1.7778551409719512e-05, 3.071818719035946e-05, 2.1112482500029728e-05, 0.0044165560975670815, 2.1444948288262822e-05, 1.9373936083866283e-05, 2.7969301299890503e-05, 1.6442494597868063e-05]","[0.024544358253479004, 0.10318095982074738, 0.8722746968269348]","[0.024544358253479004, 0.10318095982074738, 0.8722746968269348]",False,DOĞRU,ONAY,False,False,1536.385799990967,"{""K1_input_and_readiness"": 0.041099992813542485, ""K7_context"": 0.0014999823179095984, ""K1_normalization"": 0.007800001185387373, ""K6_advisory"": 33.54309999849647, ""K1_intent"": 0.04539999645203352, ""K2_retrieval"": 111.59549999865703, ""K3_reranker"": 1181.0797000071034, ""K8_weighted_ranking"": 1.2233000015839934, ""K3_candidate_filters"": 6.186799990246072, ""K9_advisory_consensus"": 0.007399998139590025, ""K4_nli_and_bypass_check"": 107.73260000860319, ""K5_decision"": 91.5372000017669}",6336
FACTURK-0088,DOĞRU,"[18, 4413, 27167, 25865, 24704, 558, 19541, 23436, 22642, 8688, 1193, 1149, 11574, 20199, 4738, 6336, 23011, 1902, 29892, 9259]","[0.0010083435336127877, 0.0006512682302854955, 0.05582314357161522, 1.7231572201126255e-05, 0.03554439917206764, 0.0003029734070878476, 0.000954731716774404, 0.0014269596431404352, 0.00021824207215104252, 7.782753527862951e-05, 0.0006462032906711102, 0.00021995337738189846, 0.0008830457809381187, 0.001383117400109768, 1.8486754925106652e-05, 5.920916373725049e-05, 0.004736748989671469, 0.00482972152531147, 9.314593626186252e-05, 0.0004897656035609543]","[0.0012287772260606289, 0.02368825301527977, 0.9750829935073853]","[0.0012287772260606289, 0.02368825301527977, 0.9750829935073853]",False,DOĞRU,ONAY,False,False,1405.7341000007,"{""K1_input_and_readiness"": 0.04509999416768551, ""K7_context"": 0.001400010660290718, ""K1_normalization"": 0.006999995093792677, ""K6_advisory"": 35.270299995318055, ""K1_intent"": 0.03850000211969018, ""K2_retrieval"": 112.39110000315122, ""K3_reranker"": 1107.250799977919, ""K8_weighted_ranking"": 1.1752000136766583, ""K3_candidate_filters"": 6.081200001062825, ""K9_advisory_consensus"": 0.007500028004869819, ""K4_nli_and_bypass_check"": 82.09460001671687, ""K5_decision"": 57.87029999191873}",27167
FACTURK-0089,DOĞRU,"[7912, 1083, 7529, 24053, 16090, 27441, 9765, 15423, 3233, 28755, 21894, 10902, 23656, 3642, 22987, 26001, 16400, 645, 11989, 4022]","[0.999935507774353, 0.001495338510721922, 0.6167627573013306, 0.0012399960542097688, 0.8830344080924988, 0.06313490122556686, 0.0001713081874186173, 0.11299101263284683, 0.0005013742484152317, 0.0004442183708306402, 0.08093670755624771, 4.1335399146191776e-05, 0.00033535013790242374, 0.029145970940589905, 0.00020825010142289102, 0.0003889921063091606, 0.1457221657037735, 0.03796369582414627, 0.0011604196624830365, 2.8632557587116025e-05]","[0.9930928945541382, 0.0056296163238584995, 0.0012775403447449207]","[0.9930928945541382, 0.0056296163238584995, 0.0012775403447449207]",False,DOĞRU,ONAY,False,False,1592.153799982043,"{""K1_input_and_readiness"": 0.05679999594576657, ""K7_context"": 0.001300009898841381, ""K1_normalization"": 0.009399984264746308, ""K6_advisory"": 33.363399998052046, ""K1_intent"": 0.03700001980178058, ""K2_retrieval"": 130.68260002182797, ""K3_reranker"": 1324.9236999836285, ""K8_weighted_ranking"": 1.2795000220648944, ""K3_candidate_filters"": 6.216500012669712, ""K9_advisory_consensus"": 0.007199996616691351, ""K4_nli_and_bypass_check"": 54.7843000094872, ""K5_decision"": 37.377200002083555}",7912
FACTURK-0090,YALAN,"[3962, 3327, 920, 28715, 14283, 26683, 26912, 1472, 26447, 26910, 4879, 430, 8032, 18324, 24673, 15036, 3722, 26045, 1154, 3212]","[0.0007733057136647403, 0.0007293288363143802, 0.031439851969480515, 6.108854722697288e-05, 0.00014091856428422034, 0.0013511208817362785, 0.00039977103006094694, 3.269927037763409e-05, 0.00012533752305898815, 8.415108459303156e-05, 4.231559796608053e-05, 0.00029137005913071334, 3.8831109122838825e-05, 6.108854722697288e-05, 7.311254739761353e-05, 2.977311669383198e-05, 1.6187581422855146e-05, 2.411113746347837e-05, 1.6061610949691385e-05, 1.67014204635052e-05]","[0.9281850457191467, 0.04925195500254631, 0.022562922909855843]","[0.9281850457191467, 0.04925195500254631, 0.022562922909855843]",False,YALAN,UYARI,False,False,1780.2660999877844,"{""K1_input_and_readiness"": 0.04329998046159744, ""K7_context"": 0.001300009898841381, ""K1_normalization"": 0.008499977411702275, ""K6_advisory"": 33.53859999333508, ""K1_intent"": 0.04390001413412392, ""K2_retrieval"": 129.7500999935437, ""K3_reranker"": 1240.458900021622, ""K8_weighted_ranking"": 1.572699984535575, ""K3_candidate_filters"": 5.491199990501627, ""K9_advisory_consensus"": 0.006499991286545992, ""K4_nli_and_bypass_check"": 189.69709999510087, ""K5_decision"": 176.5464000054635}",26910
FACTURK-0091,DOĞRU,"[11667, 16335, 4883, 3909, 20565, 2826, 12330, 10064, 27602, 5235, 21782, 24301, 3583, 12419, 2893, 13264, 6286, 15493, 4312, 13271]","[0.9784671068191528, 0.0018102108733728528, 0.00266261282376945, 5.9673518990166485e-05, 0.014899643138051033, 0.000810387369710952, 0.0055333878844976425, 1.8777873265207745e-05, 2.4682904040673748e-05, 0.055310655385255814, 2.7535690605873242e-05, 8.818923379294574e-05, 1.657145367062185e-05, 8.614650869276375e-05, 0.0003199982165824622, 5.1845658163074404e-05, 0.0009436192340217531, 0.0001015038214973174, 2.4682904040673748e-05, 0.00035557945375330746]","[0.00018216129683423787, 0.9996306896209717, 0.00018713390454649925]","[0.00018216129683423787, 0.9996306896209717, 0.00018713390454649925]",False,YALAN,RED,False,False,1444.1049000015482,"{""K1_input_and_readiness"": 0.0653000024612993, ""K7_context"": 0.001600012183189392, ""K1_normalization"": 0.009299983503296971, ""K6_advisory"": 34.30840000510216, ""K1_intent"": 0.03880000440403819, ""K2_retrieval"": 136.46979999612086, ""K3_reranker"": 1108.9571999909822, ""K8_weighted_ranking"": 1.1061999830417335, ""K3_candidate_filters"": 5.059099989011884, ""K9_advisory_consensus"": 0.006599992047995329, ""K4_nli_and_bypass_check"": 79.46850001462735, ""K5_decision"": 75.30180001049303}",11667
FACTURK-0092,YALAN,"[27219, 29036, 1302, 7256, 22388, 29892, 25228, 5023, 3315, 18561, 4991, 16063, 28547, 14232, 15787, 16150, 12864, 25169, 27894, 12809]","[0.08993301540613174, 0.0012065897462889552, 0.01057048887014389, 0.0010162440594285727, 0.043446898460388184, 0.0555151142179966, 0.26001349091529846, 0.021368887275457382, 0.019870713353157043, 0.002387409098446369, 0.039048291742801666, 0.13006426393985748, 0.22320769727230072, 0.12410681694746017, 0.009268013760447502, 0.05602938309311867, 0.0401625819504261, 0.002746900776401162, 0.0006118340534158051, 0.06325051933526993]","[0.001188382739201188, 0.9755496382713318, 0.023261992260813713]","[0.001188382739201188, 0.9755496382713318, 0.023261992260813713]",False,YETERSİZ VERİ,RET,True,False,2236.3512000010815,"{""K1_input_and_readiness"": 0.06819999543949962, ""K7_context"": 0.006699992809444666, ""K1_normalization"": 0.011500000255182385, ""K6_advisory"": 35.322000010637566, ""K1_intent"": 0.12680000509135425, ""K2_retrieval"": 154.8105999827385, ""K3_reranker"": 1583.5279000166338, ""K8_weighted_ranking"": 0.9905000042635947, ""K3_candidate_filters"": 5.423599999630824, ""K9_advisory_consensus"": 0.006199989002197981, ""K4_nli_and_bypass_check"": 217.3573000181932, ""K5_decision"": 235.54120000335388}",25228
FACTURK-0093,YALAN,"[24956, 9352, 1704, 27663, 24822, 12664, 10589, 11552, 28723, 1329, 23365, 23052, 18742, 4563, 4270, 26727, 28044, 2296, 29601, 5693]","[0.0007793660624884069, 0.0026730059180408716, 0.004382336512207985, 1.67014204635052e-05, 0.010986941866576672, 0.003087369492277503, 0.002521268092095852, 0.011597361415624619, 3.619466951931827e-05, 2.6274772608303465e-05, 2.7535690605873242e-05, 0.0007014083093963563, 7.662102143513039e-05, 0.00021654405281879008, 0.001048469333909452, 3.095910506090149e-05, 0.0023322340566664934, 4.683888619183563e-05, 0.00034464316559024155, 1.967902426258661e-05]","[0.0023579413536936045, 0.011889016255736351, 0.9857529997825623]","[0.0023579413536936045, 0.011889016255736351, 0.9857529997825623]",False,DOĞRU,ONAY,False,False,2061.74020000617,"{""K1_input_and_readiness"": 0.07239999831654131, ""K7_context"": 0.001800013706088066, ""K1_normalization"": 0.00969998654909432, ""K6_advisory"": 34.63259999989532, ""K1_intent"": 0.038700003642588854, ""K2_retrieval"": 130.74010002310388, ""K3_reranker"": 1861.7161999864038, ""K8_weighted_ranking"": 1.0366000060457736, ""K3_candidate_filters"": 5.5216999899130315, ""K9_advisory_consensus"": 0.008000002708286047, ""K4_nli_and_bypass_check"": 24.68649999354966, ""K5_decision"": 0.28550002025440335}",11552
FACTURK-0094,YALAN,"[5418, 19923, 29904, 20596, 26970, 15901, 20156, 23566, 24986, 1351, 23791, 29816, 6865, 18241, 28419, 10413, 30339, 28338, 30338, 30337]","[0.003429603995755315, 5.02506154589355e-05, 0.00046371284406632185, 2.2474090656032786e-05, 4.794958294951357e-05, 3.8831109122838825e-05, 0.00017952796770259738, 4.539786823443137e-05, 0.00011412239109631628, 0.0001442598586436361, 0.0005254230927675962, 1.683241134742275e-05, 0.00017674513219390064, 1.6061610949691385e-05, 9.098840382648632e-05, 9.028038039105013e-05, 2.526822754589375e-05, 3.975192521465942e-05, 1.6442494597868063e-05, 1.805851934477687e-05]","[0.008708770386874676, 0.8708430528640747, 0.12044822424650192]","[0.008708770386874676, 0.8708430528640747, 0.12044822424650192]",False,YETERSİZ VERİ,RET,True,False,5497.8107000060845,"{""K1_input_and_readiness"": 0.039000005926936865, ""K7_context"": 0.001500011421740055, ""K1_normalization"": 0.008700008038431406, ""K6_advisory"": 32.66630001598969, ""K1_intent"": 0.0315000070258975, ""K2_retrieval"": 104.91169997840188, ""K3_reranker"": 5112.320199987153, ""K8_weighted_ranking"": 1.0540999937802553, ""K3_candidate_filters"": 4.329200019128621, ""K9_advisory_consensus"": 0.006299989763647318, ""K4_nli_and_bypass_check"": 128.21570000960492, ""K5_decision"": 111.40809999778867}",6865
FACTURK-0095,DOĞRU,"[27818, 4071, 16020, 23316, 28834, 20010, 1872, 9150, 13582, 18564, 9482, 23187, 29422, 30122, 12063, 20850, 19360, 25707, 3354, 4246]","[0.00021995337738189846, 0.00014539113908540457, 5.738759500673041e-05, 0.0006000071880407631, 4.298194107832387e-05, 2.93115390377352e-05, 4.985958003089763e-05, 6.761842087144032e-05, 9.83811987680383e-05, 3.619466951931827e-05, 1.6061610949691385e-05, 0.000124362253700383, 1.6061610949691385e-05, 3.373722574906424e-05, 1.6314539607265033e-05, 0.0004673480580095202, 8.818923379294574e-05, 2.3369333575828932e-05, 2.195349043176975e-05, 1.683241134742275e-05]","[0.009597883559763432, 0.835403323173523, 0.1549988090991974]","[0.009597883559763432, 0.835403323173523, 0.1549988090991974]",False,YETERSİZ VERİ,RET,True,False,2045.3297000203747,"{""K1_input_and_readiness"": 0.047900015488266945, ""K7_context"": 0.001600012183189392, ""K1_normalization"": 0.009799987310543656, ""K6_advisory"": 33.38620002614334, ""K1_intent"": 0.036500015994533896, ""K2_retrieval"": 141.3827000069432, ""K3_reranker"": 1328.550800011726, ""K8_weighted_ranking"": 1.094099978217855, ""K3_candidate_filters"": 5.541699996683747, ""K9_advisory_consensus"": 0.006600021151825786, ""K4_nli_and_bypass_check"": 276.93229998112656, ""K5_decision"": 255.19779999740422}",9150
FACTURK-0096,YALAN,"[6934, 10321, 23417, 24197, 1293, 27720, 23788, 1327, 940, 11256, 15843, 23668, 22496, 2039, 19599, 6206, 21304, 1536, 8225, 3962]","[0.6527949571609497, 1.6442494597868063e-05, 3.1941821362124756e-05, 0.0001559802913106978, 0.0001673405058681965, 3.5633544030133635e-05, 0.0005549409543164074, 8.092757343547419e-05, 1.6314539607265033e-05, 0.00011682839976856485, 1.6442494597868063e-05, 0.0002396868512732908, 0.003809630172327161, 0.0002492325147613883, 1.6187581422855146e-05, 0.01065251138061285, 0.0005378763889893889, 7.197912054834887e-05, 1.6314539607265033e-05, 1.9833367332466878e-05]","[0.02359771728515625, 0.8705365061759949, 0.10586585104465485]","[0.02359771728515625, 0.8705365061759949, 0.10586585104465485]",False,YETERSİZ VERİ,RET,True,False,2119.6148000017274,"{""K1_input_and_readiness"": 0.04600000102072954, ""K7_context"": 0.0016999838408082724, ""K1_normalization"": 0.009400013368576765, ""K6_advisory"": 34.2071000195574, ""K1_intent"": 0.10649999603629112, ""K2_retrieval"": 116.19010000140406, ""K3_reranker"": 1712.375900009647, ""K8_weighted_ranking"": 1.0412999836262316, ""K3_candidate_filters"": 5.559799988986924, ""K9_advisory_consensus"": 0.006600021151825786, ""K4_nli_and_bypass_check"": 190.5605999927502, ""K5_decision"": 56.2013000017032}",6934
FACTURK-0097,YALAN,"[7077, 376, 11556, 16972, 2933, 16534, 25018, 9071, 4447, 984, 8074, 7555, 22180, 26294, 27319, 21254, 21067, 11183, 24908, 23250]","[0.00020342698553577065, 3.3474691008450463e-05, 2.014569145103451e-05, 3.8831109122838825e-05, 0.00014653129619546235, 6.922183820279315e-05, 4.985958003089763e-05, 7.662102143513039e-05, 4.1335399146191776e-05, 0.00014313739666249603, 4.832564081880264e-05, 0.0008796061738394201, 0.0003668626013677567, 3.071818719035946e-05, 0.0003500686143524945, 0.0002959570847451687, 0.004133968148380518, 6.014152313582599e-05, 0.0004655269149225205, 0.0023596605751663446]","[0.0019163931719958782, 0.9960952401161194, 0.0019883220084011555]","[0.0019163931719958782, 0.9960952401161194, 0.0019883220084011555]",False,YETERSİZ VERİ,RET,True,False,2669.193699985044,"{""K1_input_and_readiness"": 0.04680000711232424, ""K7_context"": 0.001800013706088066, ""K1_normalization"": 0.00990001717582345, ""K6_advisory"": 33.77450001426041, ""K1_intent"": 0.041099992813542485, ""K2_retrieval"": 139.33169998927042, ""K3_reranker"": 2104.012800002238, ""K8_weighted_ranking"": 1.2168000102974474, ""K3_candidate_filters"": 6.272200000239536, ""K9_advisory_consensus"": 0.007000024197623134, ""K4_nli_and_bypass_check"": 200.5197000107728, ""K5_decision"": 181.00489999051206}",22180
FACTURK-0098,YALAN,"[2717, 27513, 6392, 17030, 15078, 20894, 27639, 7948, 25405, 19824, 22514, 19065, 25791, 901, 21495, 28319, 21035, 7178, 13127, 21129]","[0.0015247863484546542, 0.00014883848780300468, 0.0019192374311387539, 0.00982179306447506, 0.0006538155721500516, 0.0003697388747241348, 2.818866414600052e-05, 3.619466951931827e-05, 1.657145367062185e-05, 0.003976227715611458, 0.0035243413876742125, 7.843789353501052e-05, 0.00023231418163049966, 0.0002959570847451687, 7.905303937150165e-05, 2.0785171727766283e-05, 1.6187581422855146e-05, 0.00011235327838221565, 1.6061610949691385e-05, 0.0014550630003213882]","[0.0043689473532140255, 0.03692738711833954, 0.9587036371231079]","[0.0043689473532140255, 0.03692738711833954, 0.9587036371231079]",False,DOĞRU,ONAY,False,False,1688.3733000140637,"{""K1_input_and_readiness"": 0.04379998426884413, ""K7_context"": 0.001400010660290718, ""K1_normalization"": 0.008499977411702275, ""K6_advisory"": 32.54039998864755, ""K1_intent"": 0.033899996196851134, ""K2_retrieval"": 106.99919998296537, ""K3_reranker"": 1343.2781000155956, ""K8_weighted_ranking"": 1.149999996414408, ""K3_candidate_filters"": 6.351300020469353, ""K9_advisory_consensus"": 0.006999995093792677, ""K4_nli_and_bypass_check"": 112.08089999854565, ""K5_decision"": 82.68029999453574}",21495
FACTURK-0099,YALAN,"[13895, 29265, 28640, 6801, 28188, 28378, 27074, 8919, 9748, 25117, 4543, 21513, 13393, 15125, 6627, 23070, 28945, 7014, 26282, 3099]","[0.03594832494854927, 8.349628478754312e-05, 4.331903619458899e-05, 0.31289464235305786, 0.0044165560975670815, 0.003635808825492859, 0.0019192374311387539, 0.0007554056355729699, 0.002992665395140648, 0.017712298780679703, 0.0003799845289904624, 0.010611421428620815, 9.17019642656669e-05, 0.00013342000602278858, 0.0007524627726525068, 0.0018458482809364796, 1.657145367062185e-05, 0.0012303582625463605, 0.006903838831931353, 4.365878339740448e-05]","[0.058743320405483246, 0.8864006996154785, 0.054856013506650925]","[0.058743320405483246, 0.8864006996154785, 0.054856013506650925]",False,YALAN,RED,False,False,3685.5018000060227,"{""K1_input_and_readiness"": 0.11150000500492752, ""K7_context"": 0.0015999830793589354, ""K1_normalization"": 0.022099993657320738, ""K6_advisory"": 69.24539999454282, ""K1_intent"": 0.06520000169984996, ""K2_retrieval"": 310.1447999943048, ""K3_reranker"": 3028.6926999979187, ""K8_weighted_ranking"": 1.202899991767481, ""K3_candidate_filters"": 6.2575000047218055, ""K9_advisory_consensus"": 0.007099995855242014, ""K4_nli_and_bypass_check"": 266.2564000056591, ""K5_decision"": 0.4929999995511025}",21513
FACTURK-0100,DOĞRU,"[10803, 14283, 22712, 23551, 10508, 20735, 19930, 20531, 28551, 10031, 13541, 14684, 10476, 15681, 5518, 7370, 26109, 20451, 19869, 27364]","[1.9073577277595177e-05, 1.6061610949691385e-05, 1.6314539607265033e-05, 1.967902426258661e-05, 1.6061610949691385e-05, 1.6314539607265033e-05, 0.0004655269149225205, 1.6061610949691385e-05, 1.6061610949691385e-05, 1.8200149497715756e-05, 1.6442494597868063e-05, 1.6061610949691385e-05, 1.6314539607265033e-05, 1.593661909282673e-05, 1.6061610949691385e-05, 1.6442494597868063e-05, 1.6314539607265033e-05, 1.6187581422855146e-05, 0.0001195985751110129, 1.6442494597868063e-05]","[0.022495783865451813, 0.9606671333312988, 0.01683701202273369]","[0.022495783865451813, 0.9606671333312988, 0.01683701202273369]",False,YETERSİZ VERİ,RET,True,False,1615.121500013629,"{""K1_input_and_readiness"": 0.07569999434053898, ""K7_context"": 0.001900014467537403, ""K1_normalization"": 0.00790000194683671, ""K6_advisory"": 34.425799996824935, ""K1_intent"": 0.034500000765547156, ""K2_retrieval"": 113.84159998851828, ""K3_reranker"": 1119.3603999854531, ""K8_weighted_ranking"": 1.211199996760115, ""K3_candidate_filters"": 6.347500020638108, ""K9_advisory_consensus"": 0.007700000423938036, ""K4_nli_and_bypass_check"": 183.68919999920763, ""K5_decision"": 152.8388000151608}",13541
FACTURK-0101,YALAN,"[2858, 14817, 9150, 1701, 15238, 15787, 16063, 17301, 4257, 8685, 28880, 16571, 25228, 27894, 1422, 13065, 15978, 10301, 25225, 3569]","[0.00017265156202483922, 2.2125668692751788e-05, 0.023153411224484444, 0.21617697179317474, 0.0023504828568547964, 0.009708477184176445, 0.09894659370183945, 0.3317689299583435, 0.027324529364705086, 0.0018675660248845816, 0.005405900068581104, 9.915272676153108e-05, 0.02561391331255436, 0.00018814207578543574, 0.0019342610612511635, 0.00023597174731548876, 0.001838665222749114, 0.00012148174573667347, 0.009522485546767712, 9.915272676153108e-05]","[0.00025525319506414235, 0.999505877494812, 0.00023889707517810166]","[0.00025525319506414235, 0.999505877494812, 0.00023889707517810166]",False,YALAN,UYARI,False,False,1939.0956000133883,"{""K1_input_and_readiness"": 0.0641999940853566, ""K7_context"": 0.001300009898841381, ""K1_normalization"": 0.00869997893460095, ""K6_advisory"": 34.5456000068225, ""K1_intent"": 0.03850000211969018, ""K2_retrieval"": 133.14859999809414, ""K3_reranker"": 1375.0850000069477, ""K8_weighted_ranking"": 1.334800006588921, ""K3_candidate_filters"": 6.166000006487593, ""K9_advisory_consensus"": 0.006600021151825786, ""K4_nli_and_bypass_check"": 195.40510000661016, ""K5_decision"": 190.22340001538396}",1701
FACTURK-0102,YALAN,"[22441, 4436, 16208, 2248, 11250, 20713, 29057, 15880, 451, 19092, 10663, 22237, 17027, 1606, 22762, 24760, 5678, 7771, 2480, 11814]","[0.00012533752305898815, 0.005469274241477251, 0.00019716942915692925, 0.22953522205352783, 3.373722574906424e-05, 0.00017536994710098952, 0.00010889690747717395, 0.025662705302238464, 0.0003406293108128011, 0.02241421490907669, 0.000458312890259549, 0.002251847181469202, 0.002058753278106451, 0.005663865711539984, 5.518923353520222e-05, 4.037790131405927e-05, 0.0029008574783802032, 0.0063635739497840405, 0.18877223134040833, 0.002790037775412202]","[0.05185580626130104, 0.8440049886703491, 0.10413912683725357]","[0.05185580626130104, 0.8440049886703491, 0.10413912683725357]",False,YETERSİZ VERİ,RET,True,False,2773.1803999922704,"{""K1_input_and_readiness"": 0.049299997044727206, ""K7_context"": 0.001400010660290718, ""K1_normalization"": 0.010599993402138352, ""K6_advisory"": 33.662800007732585, ""K1_intent"": 0.03709999145939946, ""K2_retrieval"": 122.8220000048168, ""K3_reranker"": 2076.1480999935884, ""K8_weighted_ranking"": 1.6824000049382448, ""K3_candidate_filters"": 6.1872000223957, ""K9_advisory_consensus"": 0.006799993570894003, ""K4_nli_and_bypass_check"": 353.6289999901783, ""K5_decision"": 175.7066999853123}",2248
FACTURK-0103,YALAN,"[29892, 24013, 22773, 414, 30075, 9259, 11781, 27382, 16390, 2792, 27617, 20199, 6336, 9015, 9150, 2349, 27623, 20224, 12401, 6189]","[0.01024860143661499, 0.03004336729645729, 0.007431773468852043, 0.0010282108560204506, 0.0005614787805825472, 0.00011061159602832049, 0.00024536947603337467, 0.00037263770354911685, 0.0022694687359035015, 0.013480102643370628, 1.6964426322374493e-05, 0.001536727068014443, 0.028114058077335358, 0.0029810327105224133, 0.19269122183322906, 1.9833367332466878e-05, 1.67014204635052e-05, 0.0002131875662598759, 1.6061610949691385e-05, 1.7778551409719512e-05]","[0.0018841432174667716, 0.9973944425582886, 0.000721369928214699]","[0.0018841432174667716, 0.9973944425582886, 0.000721369928214699]",False,YETERSİZ VERİ,RET,True,False,2225.6900999927893,"{""K1_input_and_readiness"": 0.055599986808374524, ""K7_context"": 0.001400010660290718, ""K1_normalization"": 0.011399999493733048, ""K6_advisory"": 33.327899989672005, ""K1_intent"": 0.0363999861292541, ""K2_retrieval"": 141.8159999884665, ""K3_reranker"": 1296.9145000097342, ""K8_weighted_ranking"": 1.2530999956652522, ""K3_candidate_filters"": 6.182299985084683, ""K9_advisory_consensus"": 0.007199996616691351, ""K4_nli_and_bypass_check"": 374.6812000172213, ""K5_decision"": 368.45540002104826}",9150
FACTURK-0104,DOĞRU,"[28325, 9150, 2858, 15787, 1701, 16063, 28685, 27894, 9755, 7256, 25225, 8685, 19827, 487, 8821, 25228, 25169, 24184, 13541, 9220]","[0.9972099661827087, 0.004520817659795284, 2.265035072923638e-05, 0.00017536994710098952, 5.783766391687095e-05, 0.0003150386910419911, 0.0007293288363143802, 0.0001015038214973174, 0.002992665395140648, 9.83811987680383e-05, 0.00010472556459717453, 4.365878339740448e-05, 0.00026530236937105656, 0.0033766122069209814, 1.6964426322374493e-05, 0.00031258779927156866, 3.321419353596866e-05, 7.662102143513039e-05, 0.0024438868276774883, 2.178264912799932e-05]","[0.9988871216773987, 0.0004261253052391112, 0.0006867597694508731]","[0.9988871216773987, 0.0004261253052391112, 0.0006867597694508731]",False,DOĞRU,ONAY,False,False,1637.3452999978326,"{""K1_input_and_readiness"": 0.0523999915458262, ""K7_context"": 0.0012999807950109243, ""K1_normalization"": 0.009400013368576765, ""K6_advisory"": 33.95489999093115, ""K1_intent"": 0.044899992644786835, ""K2_retrieval"": 133.21060000453144, ""K3_reranker"": 1350.1283000223339, ""K8_weighted_ranking"": 1.5814000216778368, ""K3_candidate_filters"": 6.478499999502674, ""K9_advisory_consensus"": 0.007399998139590025, ""K4_nli_and_bypass_check"": 68.71150000370108, ""K5_decision"": 40.02570000011474}",28325
FACTURK-0105,DOĞRU,"[3215, 4751, 5074, 4982, 26716, 724, 5319, 2513, 20978, 21335, 28628, 4747, 5443, 26355, 19003, 12868, 811, 16904, 15143, 28799]","[0.03185885399580002, 0.0009735437924973667, 1.6442494597868063e-05, 0.008813166059553623, 0.003854363691061735, 0.0009436192340217531, 0.012431650422513485, 0.037256766110658646, 1.6314539607265033e-05, 1.8200149497715756e-05, 8.614650869276375e-05, 1.683241134742275e-05, 0.0011740821646526456, 0.0018602986820042133, 1.922317096614279e-05, 0.0018895388348028064, 2.318747829122003e-05, 2.161314114346169e-05, 0.000347345310728997, 1.6187581422855146e-05]","[0.071036197245121, 0.6277152895927429, 0.30124855041503906]","[0.071036197245121, 0.6277152895927429, 0.30124855041503906]",False,YETERSİZ VERİ,RET,True,False,1482.498500001384,"{""K1_input_and_readiness"": 0.044899992644786835, ""K7_context"": 0.0013999815564602613, ""K1_normalization"": 0.008000002708286047, ""K6_advisory"": 33.902700000908226, ""K1_intent"": 0.03510000533424318, ""K2_retrieval"": 106.48519999813288, ""K3_reranker"": 1125.9207999974024, ""K8_weighted_ranking"": 1.715099991997704, ""K3_candidate_filters"": 7.516499987104908, ""K9_advisory_consensus"": 0.006799993570894003, ""K4_nli_and_bypass_check"": 115.66640000091866, ""K5_decision"": 88.13699998427182}",26355
FACTURK-0106,DOĞRU,"[12007, 13023, 9834, 25539, 9712, 28640, 10508, 19824, 27371, 25485, 12260, 2779, 23508, 23361, 30163, 27629, 4093, 741, 12846, 18353]","[0.02044939436018467, 0.005260852165520191, 0.00044770087697543204, 0.0007702931761741638, 0.003403005190193653, 0.005220125429332256, 0.0009436192340217531, 0.00021824207215104252, 0.00019411319226492196, 6.976470467634499e-05, 0.0326513797044754, 0.0025016965810209513, 0.003869391046464443, 0.009196552447974682, 0.0006047102506272495, 0.0024438868276774883, 0.0002959570847451687, 1.6187581422855146e-05, 8.284655632451177e-05, 0.0002824080875143409]","[0.002247999655082822, 0.18173933029174805, 0.8160126805305481]","[0.002247999655082822, 0.18173933029174805, 0.8160126805305481]",False,DOĞRU,ONAY,False,False,1636.9329000008292,"{""K1_input_and_readiness"": 0.045900000259280205, ""K7_context"": 0.0015999830793589354, ""K1_normalization"": 0.008500006515532732, ""K6_advisory"": 33.52180001093075, ""K1_intent"": 0.051300012273713946, ""K2_retrieval"": 114.47849997784942, ""K3_reranker"": 1218.8616000057664, ""K8_weighted_ranking"": 1.1884999985340983, ""K3_candidate_filters"": 6.9447999994736165, ""K9_advisory_consensus"": 0.006999995093792677, ""K4_nli_and_bypass_check"": 137.14569999137893, ""K5_decision"": 121.16410001181066}",12260
FACTURK-0107,YALAN,"[10932, 13808, 20021, 1805, 8953, 8419, 14052, 11576, 9477, 25320, 1774, 15888, 11234, 15457, 11780, 16309, 20770, 9761, 11298, 9319]","[0.9984391331672668, 0.9657061100006104, 0.412234365940094, 0.15304215252399445, 0.7828285694122314, 0.9725714921951294, 0.9965029954910278, 0.9913892149925232, 0.9963357448577881, 0.5845083594322205, 0.9949396848678589, 0.9985730648040771, 0.4371025562286377, 0.3936763405799866, 0.9647224545478821, 0.9961004257202148, 0.6088847517967224, 0.19544048607349396, 0.1368389129638672, 0.8677098155021667]","[0.00046541079063899815, 0.9994657635688782, 6.888507050462067e-05]","[0.00046541079063899815, 0.9994657635688782, 6.888507050462067e-05]",False,YETERSİZ VERİ,RET,True,False,2454.368600010639,"{""K1_input_and_readiness"": 0.0625999819021672, ""K7_context"": 0.001300009898841381, ""K1_normalization"": 0.012399978004395962, ""K6_advisory"": 34.717800008365884, ""K1_intent"": 0.04160002572461963, ""K2_retrieval"": 159.5744000223931, ""K3_reranker"": 2050.0004999921657, ""K8_weighted_ranking"": 1.298299990594387, ""K3_candidate_filters"": 5.485799978487194, ""K9_advisory_consensus"": 0.007199996616691351, ""K4_nli_and_bypass_check"": 199.22249999945052, ""K5_decision"": 0.24049999774433672}",15888
FACTURK-0108,DOĞRU,"[9220, 2858, 1701, 9150, 15787, 27883, 25169, 3315, 18570, 25225, 16150, 6704, 25228, 29106, 21007, 487, 24869, 27219, 4693, 2158]","[0.9987106323242188, 0.0001476803736295551, 0.003285833168774843, 0.005469274241477251, 0.00048406238784082234, 0.010368157178163528, 0.008445626124739647, 0.001495338510721922, 3.3474691008450463e-05, 0.002693914109840989, 0.01912403479218483, 0.009898064658045769, 0.003991728648543358, 0.001838665222749114, 0.0006667023408226669, 0.0001956353517016396, 0.011115013621747494, 8.682210318511352e-05, 0.01609087362885475, 0.0028449096716940403]","[0.9975090026855469, 0.0016605089185759425, 0.0008305019000545144]","[0.9975090026855469, 0.0016605089185759425, 0.0008305019000545144]",False,YETERSİZ VERİ,KISMI,True,False,1384.7802999953274,"{""K1_input_and_readiness"": 0.05339999916031957, ""K7_context"": 0.002100015990436077, ""K1_normalization"": 0.009899988071992993, ""K6_advisory"": 34.11720000440255, ""K1_intent"": 0.042100000428035855, ""K2_retrieval"": 116.06090000714175, ""K3_reranker"": 1132.8269000223372, ""K8_weighted_ranking"": 1.1048999731428921, ""K3_candidate_filters"": 5.921400006627664, ""K9_advisory_consensus"": 0.009400013368576765, ""K4_nli_and_bypass_check"": 58.05800002417527, ""K5_decision"": 33.33180001936853}",9220
FACTURK-0109,YALAN,"[13220, 8807, 15694, 26380, 21965, 13354, 3100, 24417, 21875, 19679, 23049, 26924, 1942, 25868, 4037, 6246, 21409, 20596, 13161, 9934]","[1.967902426258661e-05, 1.7366719475830905e-05, 0.0005378763889893889, 3.1201914680423215e-05, 1.892514956125524e-05, 1.7231572201126255e-05, 2.3369333575828932e-05, 1.657145367062185e-05, 1.6061610949691385e-05, 2.977311669383198e-05, 1.6314539607265033e-05, 0.00016093082376755774, 2.908344322349876e-05, 0.00037555923336185515, 1.6187581422855146e-05, 0.00013658353418577462, 2.3737338779028505e-05, 1.6187581422855146e-05, 1.7097478121286258e-05, 0.00012830943160224706]","[0.00022658542729914188, 0.0005143663729541004, 0.9992590546607971]","[0.00022658542729914188, 0.0005143663729541004, 0.9992590546607971]",False,YETERSİZ VERİ,KISMI,True,False,1783.2784000202082,"{""K1_input_and_readiness"": 0.05060000694356859, ""K7_context"": 0.0017999846022576094, ""K1_normalization"": 0.010499992640689015, ""K6_advisory"": 34.64040000108071, ""K1_intent"": 0.03850000211969018, ""K2_retrieval"": 134.45290000527166, ""K3_reranker"": 1204.2240999871865, ""K8_weighted_ranking"": 1.0218000097665936, ""K3_candidate_filters"": 5.403699993621558, ""K9_advisory_consensus"": 0.006000016583129764, ""K4_nli_and_bypass_check"": 203.4828999894671, ""K5_decision"": 195.97149998298846}",13354
FACTURK-0110,YALAN,"[8785, 28800, 6952, 1988, 24966, 26562, 26315, 28404, 17245, 10626, 1769, 17785, 1101, 28003, 15196, 22127, 7864, 8942, 13551, 26929]","[3.4808123018592596e-05, 2.710879925871268e-05, 1.6964426322374493e-05, 0.00040290519245900214, 0.0011786719551309943, 0.01590639166533947, 0.0005815576296299696, 5.3075080359121785e-05, 0.00010720880527514964, 1.7917987861437723e-05, 8.481103577651083e-05, 0.0018315099878236651, 0.004198795650154352, 4.94715895911213e-05, 0.008745181374251842, 2.526822754589375e-05, 0.00041568948654457927, 1.6442494597868063e-05, 0.0001511819864390418, 1.7640199075685814e-05]","[0.0001472847507102415, 0.0008790745050646365, 0.9989736080169678]","[0.0001472847507102415, 0.0008790745050646365, 0.9989736080169678]",False,YALAN,RED,False,False,2643.892300024163,"{""K1_input_and_readiness"": 0.05599998985417187, ""K7_context"": 0.001700012944638729, ""K1_normalization"": 0.00999998883344233, ""K6_advisory"": 34.90769999916665, ""K1_intent"": 0.03789999755099416, ""K2_retrieval"": 130.33049998921342, ""K3_reranker"": 1913.395399984438, ""K8_weighted_ranking"": 1.1319000041112304, ""K3_candidate_filters"": 5.7366999972146, ""K9_advisory_consensus"": 0.007599999662488699, ""K4_nli_and_bypass_check"": 351.36380000039935, ""K5_decision"": 203.47080001374707}",26562
FACTURK-0111,DOĞRU,"[19374, 23565, 13414, 13448, 18623, 19058, 6292, 24903, 3491, 27826, 22130, 21229, 17084, 6499, 8180, 24963, 28850, 17022, 6683, 17751]","[3.1941821362124756e-05, 0.003456409554928541, 0.0016809417866170406, 0.008745181374251842, 0.005490562878549099, 0.0007733057136647403, 0.01750955730676651, 0.0020667945500463247, 0.008412977680563927, 0.0004494523163884878, 2.818866414600052e-05, 0.015189048834145069, 0.0009622126235626638, 0.00025118677876889706, 0.004773722495883703, 2.178264912799932e-05, 1.657145367062185e-05, 0.00011501735571073368, 0.00046371284406632185, 0.009596454910933971]","[0.008509909734129906, 0.9457760453224182, 0.04571400582790375]","[0.008509909734129906, 0.9457760453224182, 0.04571400582790375]",False,YETERSİZ VERİ,RET,True,False,2423.9644999906886,"{""K1_input_and_readiness"": 0.04260000423528254, ""K7_context"": 0.0022999884095042944, ""K1_normalization"": 0.008800008799880743, ""K6_advisory"": 35.77640000730753, ""K1_intent"": 0.03670001751743257, ""K2_retrieval"": 112.96410000068136, ""K3_reranker"": 2063.2121000089683, ""K8_weighted_ranking"": 1.3703999866265804, ""K3_candidate_filters"": 6.269799981964752, ""K9_advisory_consensus"": 0.006699992809444666, ""K4_nli_and_bypass_check"": 110.83699998562224, ""K5_decision"": 90.25050001218915}",24903
FACTURK-0112,YALAN,"[732, 9150, 1759, 21500, 6704, 21169, 3897, 28629, 28685, 12189, 16889, 1272, 29881, 25455, 1701, 29599, 29403, 22218, 24664, 28014]","[0.014063628390431404, 0.00034464316559024155, 0.0003640086797531694, 0.0004124558763578534, 3.3474691008450463e-05, 0.001048469333909452, 0.0003077430883422494, 0.004718369338661432, 0.001604089280590415, 0.002790037775412202, 1.6061610949691385e-05, 0.009232213720679283, 0.000810387369710952, 3.144662332488224e-05, 2.732141365413554e-05, 8.092757343547419e-05, 0.0008969392511062324, 0.00220838887616992, 2.2827996872365475e-05, 0.0005357805639505386]","[0.002869154792279005, 0.9879741668701172, 0.009156666696071625]","[0.002869154792279005, 0.9879741668701172, 0.009156666696071625]",False,YETERSİZ VERİ,RET,True,False,1936.1636999819893,"{""K1_input_and_readiness"": 0.061700004152953625, ""K7_context"": 0.001600012183189392, ""K1_normalization"": 0.014599994756281376, ""K6_advisory"": 36.132399982307106, ""K1_intent"": 0.05609999061562121, ""K2_retrieval"": 134.4974999956321, ""K3_reranker"": 1323.5566000221297, ""K8_weighted_ranking"": 1.140499982284382, ""K3_candidate_filters"": 6.129999994300306, ""K9_advisory_consensus"": 0.007599999662488699, ""K4_nli_and_bypass_check"": 229.7924000013154, ""K5_decision"": 201.62370000616647}",1272
FACTURK-0113,YALAN,"[19837, 2541, 4795, 3161, 19953, 18085, 6925, 13875, 27180, 17697, 23531, 8749, 10137, 1938, 29858, 23264, 23314, 18938, 19311, 7248]","[0.9930152893066406, 0.0011649561347439885, 0.0004108485300093889, 0.0002269338583573699, 0.0002492325147613883, 0.000628784007858485, 8.481103577651083e-05, 0.0003225071995984763, 3.0006618544575758e-05, 6.922183820279315e-05, 0.009633651934564114, 6.156764720799401e-05, 0.0002234163403045386, 0.0014664583140984178, 7.031184941297397e-05, 8.156224066624418e-05, 0.0015011823270469904, 0.0005254230927675962, 0.0006641048239544034, 0.0003275842755101621]","[0.9977898597717285, 0.0008241494651883841, 0.0013859672471880913]","[0.9977898597717285, 0.0008241494651883841, 0.0013859672471880913]",False,YALAN,UYARI,False,False,1831.5432999806944,"{""K1_input_and_readiness"": 0.050700007705017924, ""K7_context"": 0.0019999861251562834, ""K1_normalization"": 0.014999997802078724, ""K6_advisory"": 35.18480001366697, ""K1_intent"": 0.03369999467395246, ""K2_retrieval"": 120.36180001450703, ""K3_reranker"": 1501.6464999935124, ""K8_weighted_ranking"": 1.809800014598295, ""K3_candidate_filters"": 6.313500023679808, ""K9_advisory_consensus"": 0.007099995855242014, ""K4_nli_and_bypass_check"": 102.24939999170601, ""K5_decision"": 60.28149998746812}",19837
FACTURK-0114,DOĞRU,"[21058, 19866, 2337, 19816, 5659, 4149, 24834, 5621, 5023, 27522, 7724, 22552, 17876, 2984, 926, 10358, 8749, 28547, 14871, 18561]","[0.0012594986474141479, 7.905303937150165e-05, 1.967902426258661e-05, 0.004905405919998884, 0.02655657008290291, 8.750300185056403e-05, 1.6187581422855146e-05, 0.0001344663032796234, 0.0010362669127061963, 0.00042223287164233625, 0.02595735713839531, 0.000609450158663094, 0.000628784007858485, 0.0011649561347439885, 0.0007554056355729699, 0.0010775026166811585, 9.7615658887662e-05, 8.547616744181141e-05, 0.0005838325014337897, 0.00044770087697543204]","[0.001905465149320662, 0.99346923828125, 0.0046253022737801075]","[0.001905465149320662, 0.99346923828125, 0.0046253022737801075]",False,YALAN,UYARI,False,False,1658.5173000057694,"{""K1_input_and_readiness"": 0.07810001261532307, ""K7_context"": 0.0031999952625483274, ""K1_normalization"": 0.014300021575763822, ""K6_advisory"": 36.040800012415275, ""K1_intent"": 0.04149999585933983, ""K2_retrieval"": 131.9487000000663, ""K3_reranker"": 1450.2235999971163, ""K8_weighted_ranking"": 1.0120999941136688, ""K3_candidate_filters"": 5.748199997469783, ""K9_advisory_consensus"": 0.007299997378140688, ""K4_nli_and_bypass_check"": 29.66449997620657, ""K5_decision"": 0.16629998572170734}",5659
FACTURK-0115,DOĞRU,"[20266, 26089, 10902, 17922, 12330, 15962, 11125, 18561, 18311, 10444, 21954, 28144, 3451, 4964, 30084, 18809, 5342, 24615, 29138, 27522]","[0.22084616124629974, 0.014281935058534145, 0.007204769179224968, 0.006338921841233969, 0.0018602986820042133, 0.0035243413876742125, 0.0360160693526268, 0.004773722495883703, 0.03941638767719269, 0.001597845577634871, 1.9073577277595177e-05, 0.07211220264434814, 0.008030813187360764, 0.00017813112935982645, 0.0005193048855289817, 0.0016875095898285508, 3.8229114579735324e-05, 1.657145367062185e-05, 0.001377732609398663, 6.156764720799401e-05]","[0.0032047946006059647, 0.03190163895487785, 0.9648935794830322]","[0.0032047946006059647, 0.03190163895487785, 0.9648935794830322]",False,DOĞRU,ONAY,False,False,2226.2645000009798,"{""K1_input_and_readiness"": 0.06739998934790492, ""K7_context"": 0.0016999838408082724, ""K1_normalization"": 0.010100018698722124, ""K6_advisory"": 36.56629999750294, ""K1_intent"": 0.045900000259280205, ""K2_retrieval"": 137.6921999908518, ""K3_reranker"": 1605.204200022854, ""K8_weighted_ranking"": 1.3692000065930188, ""K3_candidate_filters"": 6.700199999613687, ""K9_advisory_consensus"": 0.008200004231184721, ""K4_nli_and_bypass_check"": 267.5067999807652, ""K5_decision"": 168.16410000319593}",20266
FACTURK-0116,DOĞRU,"[6336, 12150, 426, 28690, 12063, 12400, 1945, 3579, 3236, 21827, 9755, 26895, 2244, 7669, 26748, 2496, 17820, 25127, 11846, 14091]","[0.0007885457598604262, 0.004848532844334841, 0.09653531759977341, 0.0018243826925754547, 0.0008525666198693216, 0.00038747614598833025, 0.0005658799782395363, 0.00016474656877107918, 0.0015070488443598151, 0.0007236572564579546, 0.0009659748757258058, 0.00017265156202483922, 0.22000710666179657, 0.04760265722870827, 0.003403005190193653, 5.694102947018109e-05, 0.0018969200318679214, 8.888084994396195e-05, 0.0018748616566881537, 6.657015910604969e-05]","[0.0015006429748609662, 0.9978535771369934, 0.0006457300041802227]","[0.0015006429748609662, 0.9978535771369934, 0.0006457300041802227]",False,YALAN,UYARI,False,False,2159.568900009617,"{""K1_input_and_readiness"": 0.042800005758181214, ""K7_context"": 0.0015999830793589354, ""K1_normalization"": 0.009300012607127428, ""K6_advisory"": 34.10250000888482, ""K1_intent"": 0.03880000440403819, ""K2_retrieval"": 141.68409997364506, ""K3_reranker"": 1612.149499997031, ""K8_weighted_ranking"": 1.2429000053089112, ""K3_candidate_filters"": 6.374399992637336, ""K9_advisory_consensus"": 0.006999995093792677, ""K4_nli_and_bypass_check"": 192.5137999933213, ""K5_decision"": 167.98180001205765}",2244
FACTURK-0117,DOĞRU,"[20071, 27096, 2761, 22185, 6059, 331, 25962, 1733, 27189, 5366, 6967, 15691, 7705, 25433, 29017, 18686, 9627, 3036, 14351, 24780]","[0.9932025074958801, 0.0009039677679538727, 0.000317508791340515, 0.0001387341326335445, 0.0007124459953047335, 0.00013552077871281654, 1.8342892872169614e-05, 5.34913269802928e-05, 1.6314539607265033e-05, 1.67014204635052e-05, 1.6187581422855146e-05, 0.0003150386910419911, 0.002191240666434169, 1.657145367062185e-05, 2.0623421733034775e-05, 1.6061610949691385e-05, 1.6442494597868063e-05, 8.156224066624418e-05, 3.426849070820026e-05, 0.002822832902893424]","[0.9980803728103638, 0.0014599153073504567, 0.00045973865780979395]","[0.9980803728103638, 0.0014599153073504567, 0.00045973865780979395]",False,DOĞRU,ONAY,False,False,1679.5676999900024,"{""K1_input_and_readiness"": 0.05119998240843415, ""K7_context"": 0.001600012183189392, ""K1_normalization"": 0.012100004823878407, ""K6_advisory"": 34.83729998697527, ""K1_intent"": 0.0363999861292541, ""K2_retrieval"": 130.36260000080802, ""K3_reranker"": 1303.5756000026595, ""K8_weighted_ranking"": 1.2017000117339194, ""K3_candidate_filters"": 6.502899981569499, ""K9_advisory_consensus"": 0.008199975127354264, ""K4_nli_and_bypass_check"": 113.75829999451526, ""K5_decision"": 86.00869998917915}",20071
FACTURK-0118,DOĞRU,"[12525, 8519, 8536, 10887, 16736, 23462, 13426, 15243, 2814, 23756, 8054, 11311, 18134, 22510, 15135, 20500, 10724, 25495, 3233, 6926]","[0.0010733063099905849, 3.269927037763409e-05, 0.0026419467758387327, 2.93115390377352e-05, 0.0017073675990104675, 0.0018602986820042133, 0.0003583672805689275, 1.6061610949691385e-05, 1.6442494597868063e-05, 1.7917987861437723e-05, 0.00043904531048610806, 2.030369250860531e-05, 0.00027372167096473277, 1.7231572201126255e-05, 1.6442494597868063e-05, 3.1941821362124756e-05, 0.0005053045460954309, 2.4682904040673748e-05, 1.7097478121286258e-05, 1.6061610949691385e-05]","[0.004159688949584961, 0.9775060415267944, 0.018334226682782173]","[0.004159688949584961, 0.9775060415267944, 0.018334226682782173]",False,YETERSİZ VERİ,RET,True,False,2642.8071999980602,"{""K1_input_and_readiness"": 0.05020000389777124, ""K7_context"": 0.0012999807950109243, ""K1_normalization"": 0.010599993402138352, ""K6_advisory"": 34.14110001176596, ""K1_intent"": 0.03819999983534217, ""K2_retrieval"": 184.5319000130985, ""K3_reranker"": 2386.6748999862466, ""K8_weighted_ranking"": 1.349600002868101, ""K3_candidate_filters"": 6.441100005758926, ""K9_advisory_consensus"": 0.006999995093792677, ""K4_nli_and_bypass_check"": 26.102100004209206, ""K5_decision"": 0.40169997373595834}",13426
FACTURK-0119,YALAN,"[2797, 4622, 17381, 24566, 27689, 19461, 13478, 8181, 27635, 25914, 24609, 23054, 4652, 6688, 7592, 19995, 17586, 17635, 17407, 14534]","[0.8028648495674133, 0.019908789545297623, 0.012194132432341576, 0.007289077155292034, 0.010986941866576672, 0.0003905139456037432, 2.5466406441410072e-05, 0.007968815043568611, 0.0004728544445242733, 0.00407013762742281, 0.00013552077871281654, 0.2705765664577484, 0.009055263362824917, 0.0011291546979919076, 0.7367795705795288, 0.03155902028083801, 0.0033766122069209814, 1.9073577277595177e-05, 1.6314539607265033e-05, 0.004331501666456461]","[0.03915833681821823, 0.9345583319664001, 0.026283251121640205]","[0.03915833681821823, 0.9345583319664001, 0.026283251121640205]",False,YALAN,UYARI,False,False,1970.2763999812305,"{""K1_input_and_readiness"": 0.05490001058205962, ""K7_context"": 0.0015999830793589354, ""K1_normalization"": 0.00990001717582345, ""K6_advisory"": 34.40089998184703, ""K1_intent"": 0.05669999518431723, ""K2_retrieval"": 140.5928999884054, ""K3_reranker"": 1370.366399991326, ""K8_weighted_ranking"": 1.9054999866057187, ""K3_candidate_filters"": 6.436700001358986, ""K9_advisory_consensus"": 0.008199975127354264, ""K4_nli_and_bypass_check"": 214.83710000757128, ""K5_decision"": 197.70809999317862}",2797
FACTURK-0120,YALAN,"[21914, 2660, 9786, 10461, 18561, 17523, 29174, 3460, 13847, 10902, 29281, 28144, 5617, 14231, 11058, 19307, 18134, 2107, 25449, 2734]","[0.25330647826194763, 0.01615283451974392, 0.0006142272031866014, 5.391084778239019e-05, 0.002378123812377453, 1.805851934477687e-05, 0.004248078912496567, 0.005980330519378185, 0.00028462239424698055, 0.00019871552649419755, 0.0011972112115472555, 0.02186455763876438, 0.034293949604034424, 0.03934250399470329, 0.005774929653853178, 0.00013658353418577462, 0.00014653129619546235, 0.00017536994710098952, 0.0009510130621492863, 0.0011559007689356804]","[0.013702952302992344, 0.9835616946220398, 0.002735284622758627]","[0.013702952302992344, 0.9835616946220398, 0.002735284622758627]",False,YALAN,UYARI,False,False,2273.125700012315,"{""K1_input_and_readiness"": 0.06749999010935426, ""K7_context"": 0.0015999830793589354, ""K1_normalization"": 0.011199997970834374, ""K6_advisory"": 34.107299987226725, ""K1_intent"": 0.0371999922208488, ""K2_retrieval"": 124.65129999327473, ""K3_reranker"": 2076.615199999651, ""K8_weighted_ranking"": 1.2513000110629946, ""K3_candidate_filters"": 6.520200025988743, ""K9_advisory_consensus"": 0.008100003469735384, ""K4_nli_and_bypass_check"": 26.511300005950034, ""K5_decision"": 0.17660000594332814}",21914
FACTURK-0121,YALAN,"[18398, 16187, 12851, 3956, 14723, 22249, 26154, 14226, 5185, 13967, 4224, 28245, 3289, 15763, 20781, 29239, 14568, 510, 24071, 3213]","[0.003854363691061735, 0.05749328061938286, 0.003736220533028245, 0.06608537584543228, 0.0002415662893326953, 0.00220838887616992, 0.0009697519708424807, 0.002580904169008136, 0.0038244836032390594, 0.0015247863484546542, 0.0007554056355729699, 0.004331501666456461, 0.0004565269045997411, 2.1112482500029728e-05, 0.13695430755615234, 0.002243087626993656, 0.0030994154512882233, 0.00033274127054028213, 2.6688529032981023e-05, 0.006338921841233969]","[0.0008848828147165477, 0.9981846213340759, 0.0009304351406171918]","[0.0008848828147165477, 0.9981846213340759, 0.0009304351406171918]",False,YETERSİZ VERİ,RET,True,False,3837.336700002197,"{""K1_input_and_readiness"": 0.08399999933317304, ""K7_context"": 0.0018999853637069464, ""K1_normalization"": 0.017000013031065464, ""K6_advisory"": 36.716200003866106, ""K1_intent"": 0.056199991377070546, ""K2_retrieval"": 223.02159998798743, ""K3_reranker"": 2284.9058999854606, ""K8_weighted_ranking"": 1.31720001809299, ""K3_candidate_filters"": 6.378799997037277, ""K9_advisory_consensus"": 0.007299997378140688, ""K4_nli_and_bypass_check"": 694.201799982693, ""K5_decision"": 586.6004999843426}",20781
FACTURK-0122,YALAN,"[5659, 19997, 487, 12539, 28685, 8347, 29240, 15780, 1499, 438, 5898, 19237, 23508, 25228, 28547, 16150, 15874, 22218, 19258, 14277]","[0.24762336909770966, 0.28746768832206726, 0.009449081495404243, 0.010735162533819675, 0.03061777912080288, 0.0039454069919884205, 0.015306354500353336, 0.0006337125087156892, 0.004038591403514147, 0.04328484088182449, 0.07490526884794235, 0.04146226868033409, 0.00220838887616992, 0.05023736134171486, 0.009161027148365974, 0.03339982032775879, 0.002182716503739357, 0.02076473832130432, 0.0007947254925966263, 0.012527932412922382]","[0.002155375899747014, 0.9949525594711304, 0.00289209489710629]","[0.002155375899747014, 0.9949525594711304, 0.00289209489710629]",False,YALAN,UYARI,False,False,1880.0267000042368,"{""K1_input_and_readiness"": 0.06709998706355691, ""K7_context"": 0.0013999815564602613, ""K1_normalization"": 0.013100012438371778, ""K6_advisory"": 33.81150000495836, ""K1_intent"": 0.04939999780617654, ""K2_retrieval"": 181.9338999921456, ""K3_reranker"": 1629.6702999970876, ""K8_weighted_ranking"": 1.2094999838154763, ""K3_candidate_filters"": 6.9358000182546675, ""K9_advisory_consensus"": 0.007299997378140688, ""K4_nli_and_bypass_check"": 22.65990001615137, ""K5_decision"": 0.21040000137872994}",19997
FACTURK-0123,DOĞRU,"[23273, 3595, 6312, 8760, 22931, 7032, 10651, 12598, 29890, 7694, 12279, 27743, 22326, 30030, 571, 26607, 24237, 21563, 17713, 19144]","[0.00013658353418577462, 5.2662067901110277e-05, 4.794958294951357e-05, 1.6187581422855146e-05, 0.00034329999471083283, 0.00028685410507023335, 0.0004784255870617926, 7.602479308843613e-05, 4.469407213036902e-05, 5.920916373725049e-05, 0.00015720345254521817, 2.1112482500029728e-05, 1.6964426322374493e-05, 1.8777873265207745e-05, 0.0002959570847451687, 0.0007350447704084218, 1.6061610949691385e-05, 1.9373936083866283e-05, 1.6314539607265033e-05, 2.526822754589375e-05]","[0.021644888445734978, 0.10251114517450333, 0.8758440017700195]","[0.021644888445734978, 0.10251114517450333, 0.8758440017700195]",False,YALAN,RED,False,False,2653.275200020289,"{""K1_input_and_readiness"": 0.05169998621568084, ""K7_context"": 0.001500011421740055, ""K1_normalization"": 0.01200000406242907, ""K6_advisory"": 35.092699981760234, ""K1_intent"": 0.04270000499673188, ""K2_retrieval"": 129.98050000169314, ""K3_reranker"": 1970.7353000121657, ""K8_weighted_ranking"": 1.202899991767481, ""K3_candidate_filters"": 6.441300007281825, ""K9_advisory_consensus"": 0.007099995855242014, ""K4_nli_and_bypass_check"": 311.130799993407, ""K5_decision"": 195.43870000052266}",26607
FACTURK-0124,YALAN,"[28347, 25127, 11667, 9150, 1701, 15787, 27602, 25225, 3315, 2858, 26587, 4693, 2993, 24956, 4991, 2893, 15238, 970, 6286, 27181]","[0.08254930377006531, 0.03608394414186478, 0.07821886986494064, 0.02029348537325859, 0.00039357561036013067, 0.0011879054363816977, 3.975192521465942e-05, 0.0017007222631946206, 0.004331501666456461, 0.00017536994710098952, 0.10781263560056686, 0.13398075103759766, 0.02822098508477211, 0.0008899655076675117, 0.08434179425239563, 8.349628478754312e-05, 0.0007613258203491569, 0.04594821110367775, 0.0008761798962950706, 0.000191104321856983]","[0.0006934314151294529, 0.006565987132489681, 0.9927406907081604]","[0.0006934314151294529, 0.006565987132489681, 0.9927406907081604]",False,DOĞRU,ONAY,False,False,1970.086400018772,"{""K1_input_and_readiness"": 0.06130000110715628, ""K7_context"": 0.0014999823179095984, ""K1_normalization"": 0.011099997209385037, ""K6_advisory"": 33.833199995569885, ""K1_intent"": 0.04020001506432891, ""K2_retrieval"": 119.04769999091513, ""K3_reranker"": 1514.4963999919128, ""K8_weighted_ranking"": 1.2417999969329685, ""K3_candidate_filters"": 6.305299990344793, ""K9_advisory_consensus"": 0.006700021913275123, ""K4_nli_and_bypass_check"": 152.0126999821514, ""K5_decision"": 140.11939999181777}",4693
FACTURK-0125,DOĞRU,"[12715, 28144, 16369, 23188, 20266, 11125, 21027, 3444, 27136, 7336, 3104, 12864, 14737, 22914, 2720, 26306, 17727, 9756, 5023, 8897]","[0.9997950196266174, 0.01808999478816986, 0.00018814207578543574, 0.0003770285693462938, 0.0017140384297817945, 0.0487670972943306, 2.7751651941798627e-05, 1.6061610949691385e-05, 0.004038591403514147, 0.00012632041762117296, 0.0001195985751110129, 0.012100386433303356, 0.0001740054285619408, 0.0008295892039313912, 0.00042887922609224916, 0.0029008574783802032, 0.0008559006964787841, 1.6061610949691385e-05, 0.0017140384297817945, 0.000437334441812709]",null,"[1.0, 0.0, 0.0]",True,DOĞRU,ONAY,False,False,1564.941299991915,"{""K1_input_and_readiness"": 0.047699984861537814, ""K7_context"": 0.001500011421740055, ""K1_normalization"": 0.010099989594891667, ""K6_advisory"": 34.86380001413636, ""K1_intent"": 0.04230000195093453, ""K2_retrieval"": 139.7577000025194, ""K3_reranker"": 1378.5491999879014, ""K8_weighted_ranking"": 1.3185999996494502, ""K3_candidate_filters"": 6.381900020642206, ""K9_advisory_consensus"": 0.007299997378140688, ""K4_nli_and_bypass_check"": 0.30220000189729035, ""K5_decision"": 0.35650000791065395}",12715
FACTURK-0126,DOĞRU,"[9119, 19662, 12802, 20628, 23230, 13644, 10667, 15235, 13820, 12688, 11874, 19458, 24165, 21520, 16384, 15033, 676, 1561, 25659, 5958]","[0.6952345967292786, 0.7490872144699097, 6.452214438468218e-05, 1.967902426258661e-05, 0.05174953490495682, 0.00028462239424698055, 0.002736221067607403, 0.024283869192004204, 2.161314114346169e-05, 0.0013198634842410684, 2.526822754589375e-05, 3.1941821362124756e-05, 1.9073577277595177e-05, 0.0015307451831176877, 7.722192094661295e-05, 2.2827996872365475e-05, 0.010408313944935799, 1.6061610949691385e-05, 1.805851934477687e-05, 1.6442494597868063e-05]","[0.002835658611729741, 0.9959625601768494, 0.001201801816932857]","[0.002835658611729741, 0.9959625601768494, 0.001201801816932857]",False,YETERSİZ VERİ,RET,True,False,1769.0583000076003,"{""K1_input_and_readiness"": 0.05110001075081527, ""K7_context"": 0.0017999846022576094, ""K1_normalization"": 0.010899995686486363, ""K6_advisory"": 34.671899979002774, ""K1_intent"": 0.03759999526664615, ""K2_retrieval"": 122.07499999203719, ""K3_reranker"": 1325.4829999932554, ""K8_weighted_ranking"": 1.3630999892484397, ""K3_candidate_filters"": 5.027599981985986, ""K9_advisory_consensus"": 0.005299982149153948, ""K4_nli_and_bypass_check"": 153.37040001759306, ""K5_decision"": 123.98500001290813}",19662
FACTURK-0127,YALAN,"[22334, 15341, 20747, 11303, 27978, 19084, 6377, 15693, 848, 17727, 13782, 10970, 26554, 24584, 14452, 6941, 17546, 29436, 25165, 25232]","[0.007204769179224968, 0.010902374982833862, 2.6688529032981023e-05, 1.67014204635052e-05, 1.6964426322374493e-05, 0.0006166297243908048, 0.002746900776401162, 2.7535690605873242e-05, 2.1444948288262822e-05, 0.02013874053955078, 0.0028449096716940403, 2.0462934116949327e-05, 2.6480842279852368e-05, 0.002511463360860944, 0.00032503585680387914, 0.00013135180051904172, 2.586742994026281e-05, 0.0020111582707613707, 7.782753527862951e-05, 1.6187581422855146e-05]","[0.024093033745884895, 0.5725027322769165, 0.40340423583984375]","[0.024093033745884895, 0.5725027322769165, 0.40340423583984375]",False,YETERSİZ VERİ,RET,True,False,3450.040900002932,"{""K1_input_and_readiness"": 0.06930000381544232, ""K7_context"": 0.001400010660290718, ""K1_normalization"": 0.01479999627918005, ""K6_advisory"": 34.28020002320409, ""K1_intent"": 0.056100019719451666, ""K2_retrieval"": 192.0213999983389, ""K3_reranker"": 1832.5752000091597, ""K8_weighted_ranking"": 1.1054000060539693, ""K3_candidate_filters"": 5.841100006364286, ""K9_advisory_consensus"": 0.007499998901039362, ""K4_nli_and_bypass_check"": 759.6430999983568, ""K5_decision"": 621.4304000022821}",6377
FACTURK-0128,DOĞRU,"[8680, 228, 18561, 21756, 13517, 27894, 96, 28795, 9959, 19966, 21222, 2959, 13315, 17823, 15487, 22331, 6193, 11158, 27629, 10508]","[0.009633651934564114, 0.00017536994710098952, 3.024195939360652e-05, 0.0002472934720572084, 1.6314539607265033e-05, 0.0003301527176517993, 0.0002396868512732908, 0.0020911062601953745, 1.7231572201126255e-05, 3.3474691008450463e-05, 1.6061610949691385e-05, 0.0024154833517968655, 1.683241134742275e-05, 0.00031015597051009536, 1.7366719475830905e-05, 3.4537253668531775e-05, 7.602479308843613e-05, 1.6061610949691385e-05, 6.108854722697288e-05, 6.60521473037079e-05]","[0.0046816361136734486, 0.988105058670044, 0.00721330801025033]","[0.0046816361136734486, 0.988105058670044, 0.00721330801025033]",False,YALAN,UYARI,False,False,2690.1188000047114,"{""K1_input_and_readiness"": 0.07149999146349728, ""K7_context"": 0.001900014467537403, ""K1_normalization"": 0.013500015484169126, ""K6_advisory"": 33.831699984148145, ""K1_intent"": 0.04509999416768551, ""K2_retrieval"": 164.7506000008434, ""K3_reranker"": 1603.071900026407, ""K8_weighted_ranking"": 1.2821000127587467, ""K3_candidate_filters"": 6.253899977309629, ""K9_advisory_consensus"": 0.006599992047995329, ""K4_nli_and_bypass_check"": 508.547199977329, ""K5_decision"": 369.23490001936443}",8680
FACTURK-0129,DOĞRU,"[11814, 28243, 5061, 22700, 19300, 10694, 29456, 23336, 29285, 26836, 6641, 20444, 15658, 23030, 11854, 15946, 25457, 22441, 5263, 22144]","[0.011419613845646381, 0.011823395267128944, 5.829126530443318e-05, 0.000491681566927582, 1.7097478121286258e-05, 0.0004013350699096918, 0.00035281325108371675, 6.814872176619247e-05, 0.0002472934720572084, 1.8631746570463292e-05, 0.09401018172502518, 2.2827996872365475e-05, 0.0025708682369440794, 0.00035419364576227963, 1.6061610949691385e-05, 1.922317096614279e-05, 9.17019642656669e-05, 6.108854722697288e-05, 0.0017891592578962445, 2.411113746347837e-05]","[0.05341988056898117, 0.9420698285102844, 0.00451034726575017]","[0.05341988056898117, 0.9420698285102844, 0.00451034726575017]",False,YALAN,UYARI,False,False,2196.2696999835316,"{""K1_input_and_readiness"": 0.05290002445690334, ""K7_context"": 0.001500011421740055, ""K1_normalization"": 0.01170000177808106, ""K6_advisory"": 34.559199993964285, ""K1_intent"": 0.03969998215325177, ""K2_retrieval"": 127.90819999645464, ""K3_reranker"": 1515.4124000109732, ""K8_weighted_ranking"": 1.27269999939017, ""K3_candidate_filters"": 6.339999992633238, ""K9_advisory_consensus"": 0.008200004231184721, ""K4_nli_and_bypass_check"": 262.048100004904, ""K5_decision"": 245.65880000591278}",29456
FACTURK-0130,DOĞRU,"[17587, 6553, 6386, 30163, 29080, 2875, 18172, 1507, 18297, 28419, 5998, 19345, 4885, 11565, 14040, 12587, 6760, 23936, 27355, 10076]","[0.0002415662893326953, 0.0006462032906711102, 0.0018602986820042133, 0.008950711227953434, 0.0036499870475381613, 0.0013885232619941235, 0.04107588902115822, 0.0020911062601953745, 0.005576545372605324, 0.045777276158332825, 0.0006487307837232947, 1.9833367332466878e-05, 4.400118632474914e-05, 9.028038039105013e-05, 0.006957608740776777, 0.0023141263518482447, 2.0785171727766283e-05, 0.0005233757547102869, 0.0011972112115472555, 0.00031258779927156866]","[0.002712753601372242, 0.9459691047668457, 0.05131809413433075]","[0.002712753601372242, 0.9459691047668457, 0.05131809413433075]",False,YALAN,UYARI,False,False,2153.3158000092953,"{""K1_input_and_readiness"": 0.05520001286640763, ""K7_context"": 0.001200009137392044, ""K1_normalization"": 0.009000010322779417, ""K6_advisory"": 36.77350000361912, ""K1_intent"": 0.0872999953571707, ""K2_retrieval"": 145.94889999716543, ""K3_reranker"": 1352.9282999807037, ""K8_weighted_ranking"": 1.1097999813500792, ""K3_candidate_filters"": 5.694599996786565, ""K9_advisory_consensus"": 0.007099995855242014, ""K4_nli_and_bypass_check"": 328.42899998649955, ""K5_decision"": 278.5882000171114}",18172
FACTURK-0131,DOĞRU,"[4096, 16306, 13420, 2148, 2549, 6205, 4775, 8892, 18903, 10111, 17132, 8846, 15179, 7278, 19128, 4118, 26312, 6161, 24451, 10479]","[0.010130411013960838, 0.0024249141570180655, 0.00029365462251007557, 1.7097478121286258e-05, 1.7097478121286258e-05, 0.00020825010142289102, 0.00020342698553577065, 0.0005092656938359141, 1.750292540236842e-05, 0.002323162741959095, 0.0006986756343394518, 1.9833367332466878e-05, 6.60521473037079e-05, 3.9135655242716894e-05, 1.6061610949691385e-05, 1.6061610949691385e-05, 1.6314539607265033e-05, 0.0003301527176517993, 1.6442494597868063e-05, 1.657145367062185e-05]","[0.00047213220386765897, 0.9916089177131653, 0.00791897438466549]","[0.00047213220386765897, 0.9916089177131653, 0.00791897438466549]",False,YALAN,RED,False,False,1382.2907000139821,"{""K1_input_and_readiness"": 0.07300000288523734, ""K7_context"": 0.0020999868866056204, ""K1_normalization"": 0.020500010577961802, ""K6_advisory"": 37.13599999900907, ""K1_intent"": 0.05540001438930631, ""K2_retrieval"": 138.5170000139624, ""K3_reranker"": 1169.402200001059, ""K8_weighted_ranking"": 1.2221000215504318, ""K3_candidate_filters"": 6.453800015151501, ""K9_advisory_consensus"": 0.007099995855242014, ""K4_nli_and_bypass_check"": 25.74409998487681, ""K5_decision"": 0.2924000145867467}",4096
FACTURK-0132,YALAN,"[24055, 23912, 12263, 19011, 26114, 13927, 23495, 4019, 11715, 13028, 28550, 28578, 22277, 21308, 19520, 26875, 22791, 7784, 15077, 13355]","[0.00013552077871281654, 2.8632557587116025e-05, 0.009596454910933971, 2.2125668692751788e-05, 0.0012065897462889552, 0.00013032974675297737, 9.098840382648632e-05, 0.014281935058534145, 1.6061610949691385e-05, 0.0008592476369813085, 1.9373936083866283e-05, 1.6442494597868063e-05, 2.0785171727766283e-05, 3.508111694827676e-05, 0.0024060888681560755, 3.647853736765683e-05, 0.007011794950813055, 0.0019723358564078808, 1.6442494597868063e-05, 3.8229114579735324e-05]","[0.0023777673486620188, 0.9954107403755188, 0.0022115102037787437]","[0.0023777673486620188, 0.9954107403755188, 0.0022115102037787437]",False,YETERSİZ VERİ,RET,True,False,1885.8074999880046,"{""K1_input_and_readiness"": 0.056100019719451666, ""K7_context"": 0.0016999838408082724, ""K1_normalization"": 0.010899995686486363, ""K6_advisory"": 36.04440001072362, ""K1_intent"": 0.03940000897273421, ""K2_retrieval"": 141.57790000899695, ""K3_reranker"": 1671.2684000085574, ""K8_weighted_ranking"": 1.2252999877091497, ""K3_candidate_filters"": 6.470899999840185, ""K9_advisory_consensus"": 0.006699992809444666, ""K4_nli_and_bypass_check"": 25.675500015495345, ""K5_decision"": 0.18780000391416252}",4019
FACTURK-0133,DOĞRU,"[26308, 24673, 28383, 9730, 17729, 11414, 16860, 14189, 6132, 3724, 2783, 14817, 6823, 2100, 20646, 2319, 4489, 8880, 3844, 20460]","[0.00025714197545312345, 1.6314539607265033e-05, 1.6442494597868063e-05, 1.657145367062185e-05, 0.0006070755189284682, 1.6314539607265033e-05, 1.8777873265207745e-05, 0.019419347867369652, 1.6442494597868063e-05, 1.6964426322374493e-05, 5.5622065701754764e-05, 2.014569145103451e-05, 1.6061610949691385e-05, 5.475977377500385e-05, 1.8486754925106652e-05, 1.6187581422855146e-05, 0.00015236754552461207, 1.6314539607265033e-05, 1.683241134742275e-05, 2.030369250860531e-05]","[0.0015019719721749425, 0.9978095889091492, 0.0006885016337037086]","[0.0015019719721749425, 0.9978095889091492, 0.0006885016337037086]",False,YETERSİZ VERİ,RET,True,False,1792.6693000190426,"{""K1_input_and_readiness"": 0.05139998393133283, ""K7_context"": 0.001800013706088066, ""K1_normalization"": 0.011199997970834374, ""K6_advisory"": 35.285299993120134, ""K1_intent"": 0.04949999856762588, ""K2_retrieval"": 110.50470001646318, ""K3_reranker"": 1309.1527000069618, ""K8_weighted_ranking"": 1.246399973751977, ""K3_candidate_filters"": 6.47910000407137, ""K9_advisory_consensus"": 0.010600022505968809, ""K4_nli_and_bypass_check"": 177.38810001173988, ""K5_decision"": 149.5574000000488}",14189
FACTURK-0134,DOĞRU,"[15860, 1632, 16304, 16233, 249, 17721, 3328, 19541, 252, 29203, 18777, 6593, 18345, 51, 17608, 29030, 21537, 101, 13220, 29768]","[0.0004044814850203693, 3.4001819585682824e-05, 0.0003275842755101621, 1.6187581422855146e-05, 9.028038039105013e-05, 0.0001823546044761315, 0.0009659748757258058, 0.00011412239109631628, 0.00015720345254521817, 1.6187581422855146e-05, 1.657145367062185e-05, 1.6314539607265033e-05, 0.000347345310728997, 4.006369272246957e-05, 1.6187581422855146e-05, 1.8631746570463292e-05, 0.00018093574908562005, 4.400118632474914e-05, 1.6061610949691385e-05, 0.0010083435336127877]","[0.00439844885841012, 0.9906463623046875, 0.004955215845257044]","[0.00439844885841012, 0.9906463623046875, 0.004955215845257044]",False,YETERSİZ VERİ,RET,True,False,2712.409599975217,"{""K1_input_and_readiness"": 0.04390001413412392, ""K7_context"": 0.0016999838408082724, ""K1_normalization"": 0.010399991879239678, ""K6_advisory"": 32.66380002605729, ""K1_intent"": 0.03640001523308456, ""K2_retrieval"": 123.95320000359789, ""K3_reranker"": 2218.016400001943, ""K8_weighted_ranking"": 1.4457999786827713, ""K3_candidate_filters"": 6.446100014727563, ""K9_advisory_consensus"": 0.007599999662488699, ""K4_nli_and_bypass_check"": 178.7979999789968, ""K5_decision"": 147.80639999662526}",3328
FACTURK-0135,DOĞRU,"[6801, 27371, 9635, 24673, 13314, 25117, 28383, 12232, 12377, 9730, 27200, 21168, 29037, 26308, 2100, 14917, 9293, 14042, 30221, 6351]","[2.1112482500029728e-05, 1.6442494597868063e-05, 0.0007437028689309955, 2.5466406441410072e-05, 1.6314539607265033e-05, 6.761842087144032e-05, 3.095910506090149e-05, 1.6061610949691385e-05, 0.00015843621804378927, 1.6442494597868063e-05, 1.6187581422855146e-05, 1.6187581422855146e-05, 1.6442494597868063e-05, 4.5044595026411116e-05, 1.7366719475830905e-05, 2.977311669383198e-05, 1.67014204635052e-05, 1.67014204635052e-05, 1.67014204635052e-05, 1.6442494597868063e-05]","[0.0003438226704020053, 0.9994966983795166, 0.0001594387722434476]","[0.0003438226704020053, 0.9994966983795166, 0.0001594387722434476]",False,YETERSİZ VERİ,RET,True,False,1526.1503999936394,"{""K1_input_and_readiness"": 0.04339998122304678, ""K7_context"": 0.001700012944638729, ""K1_normalization"": 0.009299983503296971, ""K6_advisory"": 34.14480001083575, ""K1_intent"": 0.03429999924264848, ""K2_retrieval"": 104.9920000077691, ""K3_reranker"": 1029.2746999766678, ""K8_weighted_ranking"": 1.2682999949902296, ""K3_candidate_filters"": 6.415100011508912, ""K9_advisory_consensus"": 0.007299997378140688, ""K4_nli_and_bypass_check"": 190.79100000089966, ""K5_decision"": 155.9490000072401}",13314
FACTURK-0136,DOĞRU,"[26917, 30144, 22295, 8611, 21508, 18562, 10919, 15561, 20689, 16959, 13728, 18220, 22219, 590, 25457, 11686, 11883, 30006, 26665, 13228]","[0.9982926249504089, 0.0004565269045997411, 9.83811987680383e-05, 2.449082603561692e-05, 5.920916373725049e-05, 0.004681822378188372, 0.0001547666179249063, 8.750300185056403e-05, 2.6480842279852368e-05, 0.00016093082376755774, 5.605828482657671e-05, 4.794958294951357e-05, 1.7097478121286258e-05, 2.265035072923638e-05, 1.6061610949691385e-05, 1.6442494597868063e-05, 5.34913269802928e-05, 0.00011774459562730044, 5.433364276541397e-05, 7.426380761899054e-05]",null,"[1.0, 0.0, 0.0]",True,DOĞRU,ONAY,False,False,1526.2094999779947,"{""K1_input_and_readiness"": 0.04290000651963055, ""K7_context"": 0.001600012183189392, ""K1_normalization"": 0.008199975127354264, ""K6_advisory"": 34.16619999916293, ""K1_intent"": 0.03649998689070344, ""K2_retrieval"": 112.78419999871403, ""K3_reranker"": 1368.58690000372, ""K8_weighted_ranking"": 1.0894000006373972, ""K3_candidate_filters"": 5.855499999597669, ""K9_advisory_consensus"": 0.007399998139590025, ""K4_nli_and_bypass_check"": 0.21089997608214617, ""K5_decision"": 0.2474999928381294}",26917
FACTURK-0137,YALAN,"[1701, 16150, 9507, 9150, 25228, 2858, 3451, 28629, 25098, 15787, 27698, 26080, 9220, 29881, 28880, 28014, 15848, 25169, 1499, 13989]","[0.052134256809949875, 0.0634823590517044, 0.4928402900695801, 0.06301946938037872, 0.7293270230293274, 0.002704429440200329, 0.11930549889802933, 0.12787027657032013, 0.003678509034216404, 0.0030634168069809675, 0.3396085798740387, 0.0026316740550100803, 0.11240508407354355, 0.257951945066452, 0.03185885399580002, 0.00978387612849474, 0.0005132579244673252, 0.00651349825784564, 0.00651349825784564, 0.16817277669906616]","[0.035925544798374176, 0.8821566700935364, 0.08191774040460587]","[0.035925544798374176, 0.8821566700935364, 0.08191774040460587]",False,YALAN,UYARI,False,False,2362.7399999822956,"{""K1_input_and_readiness"": 0.07270000060088933, ""K7_context"": 0.001800013706088066, ""K1_normalization"": 0.010300020221620798, ""K6_advisory"": 33.94480000133626, ""K1_intent"": 0.03540000761859119, ""K2_retrieval"": 125.54999999701977, ""K3_reranker"": 1826.3199000211898, ""K8_weighted_ranking"": 1.4862999960314482, ""K3_candidate_filters"": 7.909400010248646, ""K9_advisory_consensus"": 0.009400013368576765, ""K4_nli_and_bypass_check"": 196.6439999814611, ""K5_decision"": 167.41030002594925}",25228
FACTURK-0138,YALAN,"[5506, 11677, 12157, 26502, 19392, 21065, 3348, 8761, 4059, 17384, 29838, 26727, 20238, 6538, 28424, 6336, 7498, 23135, 11713, 15442]","[0.0002002737601287663, 0.001622967072762549, 0.0007916296017356217, 0.0008659808663651347, 2.732141365413554e-05, 0.00079783343244344, 0.007289077155292034, 0.0009217804181389511, 0.0022694687359035015, 0.014842416159808636, 0.0017342078499495983, 0.0011291546979919076, 2.1278065105434507e-05, 2.710879925871268e-05, 0.0007124459953047335, 1.657145367062185e-05, 0.0004272078804206103, 1.6187581422855146e-05, 6.452214438468218e-05, 0.00027372167096473277]","[0.00034698715899139643, 0.03085428476333618, 0.968798816204071]","[0.00034698715899139643, 0.03085428476333618, 0.968798816204071]",False,DOĞRU,ONAY,False,False,2962.608800007729,"{""K1_input_and_readiness"": 0.05189998773857951, ""K7_context"": 0.001300009898841381, ""K1_normalization"": 0.010899995686486363, ""K6_advisory"": 33.30629999982193, ""K1_intent"": 0.03740002284757793, ""K2_retrieval"": 129.8504000005778, ""K3_reranker"": 2345.9336000087205, ""K8_weighted_ranking"": 1.1042999976780266, ""K3_candidate_filters"": 5.558400007430464, ""K9_advisory_consensus"": 0.006499991286545992, ""K4_nli_and_bypass_check"": 235.64970001461916, ""K5_decision"": 208.09810000355355}",17384
FACTURK-0139,DOĞRU,"[20211, 29892, 25865, 9259, 28129, 25796, 22587, 4102, 453, 984, 22356, 13338, 22840, 19484, 20244, 25725, 29265, 2140, 13067, 12713]","[0.0007885457598604262, 9.610241977497935e-05, 3.535625000949949e-05, 0.00020184421737212688, 0.00035419364576227963, 3.144662332488224e-05, 0.0009811719646677375, 0.00015236754552461207, 4.757645365316421e-05, 0.0017546144081279635, 1.6314539607265033e-05, 0.0009146137163043022, 7.9673009167891e-05, 0.0005072812782600522, 1.7366719475830905e-05, 0.0005884087877348065, 0.0009217804181389511, 6.868317723274231e-05, 1.922317096614279e-05, 1.683241134742275e-05]","[0.00035310539533384144, 0.0189785398542881, 0.9806683659553528]","[0.00035310539533384144, 0.0189785398542881, 0.9806683659553528]",False,DOĞRU,ONAY,False,False,1981.5218000148889,"{""K1_input_and_readiness"": 0.0858000130392611, ""K7_context"": 0.001500011421740055, ""K1_normalization"": 0.009099981980398297, ""K6_advisory"": 33.00749999471009, ""K1_intent"": 0.034199998481199145, ""K2_retrieval"": 114.93349997908808, ""K3_reranker"": 1499.373700004071, ""K8_weighted_ranking"": 1.2496999988798052, ""K3_candidate_filters"": 6.457799987401813, ""K9_advisory_consensus"": 0.007700000423938036, ""K4_nli_and_bypass_check"": 175.77699999674223, ""K5_decision"": 147.5102000113111}",984
FACTURK-0140,YALAN,"[12851, 28, 81, 5049, 29239, 247, 910, 1350, 156, 11176, 2953, 4224, 1838, 2296, 13967, 20939, 22903, 4486, 15797, 21732]","[1.892514956125524e-05, 0.4037431478500366, 0.5354627966880798, 0.00029365462251007557, 6.814872176619247e-05, 0.11260009557008743, 0.00012731103925034404, 3.6764631659025326e-05, 0.10932482779026031, 1.8486754925106652e-05, 7.368592923739925e-05, 0.0006411777576431632, 0.000638679601252079, 1.6061610949691385e-05, 0.0001387341326335445, 2.2827996872365475e-05, 0.0015669887652620673, 5.225226777838543e-05, 0.0065388246439397335, 1.6314539607265033e-05]","[0.02783452905714512, 0.9690607786178589, 0.0031046115327626467]","[0.02783452905714512, 0.9690607786178589, 0.0031046115327626467]",False,YETERSİZ VERİ,RET,True,False,1864.337599981809,"{""K1_input_and_readiness"": 0.048200017772614956, ""K7_context"": 0.0019999861251562834, ""K1_normalization"": 0.0109999964479357, ""K6_advisory"": 33.314500004053116, ""K1_intent"": 0.05020000389777124, ""K2_retrieval"": 127.10159999551252, ""K3_reranker"": 1489.1629999910947, ""K8_weighted_ranking"": 1.3121000083629042, ""K3_candidate_filters"": 6.45240000449121, ""K9_advisory_consensus"": 0.006599992047995329, ""K4_nli_and_bypass_check"": 114.13390000234358, ""K5_decision"": 89.61439999984577}",81
FACTURK-0141,DOĞRU,"[5257, 2719, 8320, 24669, 23475, 20080, 5393, 26772, 27360, 16089, 4513, 17519, 4261, 13080, 9722, 17334, 22515, 21132, 20279, 22395]","[0.013636835850775242, 0.0757213681936264, 0.03810661658644676, 0.13173070549964905, 0.0005213363328948617, 0.00044770087697543204, 0.0005013742484152317, 1.9833367332466878e-05, 0.0006693099858239293, 3.852893496514298e-05, 0.0007916296017356217, 0.00748962489888072, 0.00012830943160224706, 0.0044683837331831455, 0.48438766598701477, 0.016029147431254387, 0.0001195985751110129, 0.00042554305400699377, 0.0001547666179249063, 0.0033374049235135317]","[0.0012553897686302662, 0.9972049593925476, 0.0015396254602819681]","[0.0012553897686302662, 0.9972049593925476, 0.0015396254602819681]",False,YALAN,RED,False,False,1536.7130000086036,"{""K1_input_and_readiness"": 0.07650000043213367, ""K7_context"": 0.0013999815564602613, ""K1_normalization"": 0.011099997209385037, ""K6_advisory"": 36.52759999386035, ""K1_intent"": 0.040300015825778246, ""K2_retrieval"": 139.3402999965474, ""K3_reranker"": 1322.6236999907997, ""K8_weighted_ranking"": 1.26680001267232, ""K3_candidate_filters"": 6.531799997901544, ""K9_advisory_consensus"": 0.008100003469735384, ""K4_nli_and_bypass_check"": 26.700599992182106, ""K5_decision"": 0.2829000004567206}",21132
FACTURK-0142,YALAN,"[29080, 5889, 24158, 14758, 14444, 25228, 3364, 19258, 23686, 15848, 11479, 1959, 23851, 9150, 19744, 13341, 25605, 17035, 13639, 18383]","[0.0012594986474141479, 0.057918086647987366, 0.0035936026833951473, 0.008950711227953434, 0.0004044814850203693, 0.01858215034008026, 0.0009110511746257544, 5.605828482657671e-05, 0.0011649561347439885, 0.004231587518006563, 0.007149102166295052, 0.0005838325014337897, 0.12168574333190918, 0.0011604196624830365, 3.9135655242716894e-05, 0.0001699752756394446, 0.0027683854568749666, 0.0003006163169629872, 0.0021074723917990923, 0.0002131875662598759]","[0.0004417667514644563, 0.9991772770881653, 0.0003809741756413132]","[0.0004417667514644563, 0.9991772770881653, 0.0003809741756413132]",False,YALAN,UYARI,False,False,2796.1544999852777,"{""K1_input_and_readiness"": 0.08549998165108263, ""K7_context"": 0.0018999853637069464, ""K1_normalization"": 0.016200006939470768, ""K6_advisory"": 34.88290001405403, ""K1_intent"": 0.06160000339150429, ""K2_retrieval"": 217.38149999873713, ""K3_reranker"": 2399.7165999899153, ""K8_weighted_ranking"": 1.487700006691739, ""K3_candidate_filters"": 6.579500011866912, ""K9_advisory_consensus"": 0.009399984264746308, ""K4_nli_and_bypass_check"": 132.6153000118211, ""K5_decision"": 0.18790000467561185}",23851
FACTURK-0143,DOĞRU,"[8560, 27311, 21320, 27133, 27426, 20362, 19477, 9351, 21689, 26032, 13070, 26151, 29146, 13904, 3622, 29684, 15319, 12123, 4699, 23928]","[0.9630224108695984, 0.002225670963525772, 3.852893496514298e-05, 0.01196109689772129, 9.461262379772961e-05, 2.4876489987946115e-05, 9.242113446816802e-05, 3.4808123018592596e-05, 1.9988918211311102e-05, 0.00014202363672666252, 0.0022170129232108593, 0.003456409554928541, 0.00024536947603337467, 1.9073577277595177e-05, 0.0023141263518482447, 8.092757343547419e-05, 1.683241134742275e-05, 1.6442494597868063e-05, 0.00017265156202483922, 0.0009290033485740423]","[0.9991994500160217, 0.0002964957384392619, 0.0005041278200224042]","[0.9991994500160217, 0.0002964957384392619, 0.0005041278200224042]",False,DOĞRU,ONAY,False,False,2811.9135000160895,"{""K1_input_and_readiness"": 0.0771000050008297, ""K7_context"": 0.001900014467537403, ""K1_normalization"": 0.010799994925037026, ""K6_advisory"": 34.963799989782274, ""K1_intent"": 0.045199994929134846, ""K2_retrieval"": 141.57419998082332, ""K3_reranker"": 2202.043600002071, ""K8_weighted_ranking"": 1.2094999838154763, ""K3_candidate_filters"": 6.975199998123571, ""K9_advisory_consensus"": 0.008400005754083395, ""K4_nli_and_bypass_check"": 223.0781999824103, ""K5_decision"": 198.7702999904286}",8560
FACTURK-0144,YALAN,"[487, 8347, 29106, 22732, 22218, 25228, 12189, 9150, 19258, 16063, 21058, 15238, 2244, 19237, 1422, 15787, 3189, 18332, 23508, 6047]","[0.8293538093566895, 0.008315778337419033, 0.011687257327139378, 0.012527932412922382, 0.12095703184604645, 0.007431773468852043, 0.0035243413876742125, 0.3143661916255951, 0.03527754917740822, 0.005281333811581135, 0.00041894835885614157, 0.10466019809246063, 0.00023413581948261708, 0.011288073845207691, 0.11838508397340775, 0.006615392863750458, 0.06828854233026505, 0.001604089280590415, 0.007876706309616566, 0.22253112494945526]","[0.00245428248308599, 0.02722087875008583, 0.9703247547149658]","[0.00245428248308599, 0.02722087875008583, 0.9703247547149658]",False,YETERSİZ VERİ,KISMI,True,False,2328.8565000111703,"{""K1_input_and_readiness"": 0.06479999865405262, ""K7_context"": 0.001400010660290718, ""K1_normalization"": 0.013200013199821115, ""K6_advisory"": 33.927900018170476, ""K1_intent"": 0.04450001870281994, ""K2_retrieval"": 212.72539999336004, ""K3_reranker"": 1932.0287000155076, ""K8_weighted_ranking"": 1.2827999889850616, ""K3_candidate_filters"": 6.55900000128895, ""K9_advisory_consensus"": 0.00689999433234334, ""K4_nli_and_bypass_check"": 138.65740000619553, ""K5_decision"": 0.36029997863806784}",487
FACTURK-0145,YALAN,"[686, 2746, 21843, 4861, 16193, 26208, 8587, 23264, 28437, 27974, 3408, 19784, 27847, 12882, 29000, 12504, 11509, 21547, 21154, 12021]","[0.001299427472986281, 0.00012931563833262771, 6.253713218029588e-05, 0.0003889921063091606, 0.0003275842755101621, 2.8409744118107483e-05, 0.0016613906482234597, 0.00029365462251007557, 0.000638679601252079, 7.086326513672248e-05, 0.0002472934720572084, 0.00013552077871281654, 0.005021149758249521, 7.484622619813308e-05, 5.225226777838543e-05, 1.6061610949691385e-05, 9.098840382648632e-05, 0.000192602863535285, 1.9988918211311102e-05, 1.6187581422855146e-05]","[0.0003547358501236886, 0.9985862970352173, 0.0010590048041194677]","[0.0003547358501236886, 0.9985862970352173, 0.0010590048041194677]",False,YALAN,UYARI,False,False,1905.6684999959543,"{""K1_input_and_readiness"": 0.06290001329034567, ""K7_context"": 0.0015999830793589354, ""K1_normalization"": 0.00990001717582345, ""K6_advisory"": 34.85039999941364, ""K1_intent"": 0.050000002374872565, ""K2_retrieval"": 146.90379999228753, ""K3_reranker"": 1121.7600000090897, ""K8_weighted_ranking"": 1.2027999910060316, ""K3_candidate_filters"": 6.170100008603185, ""K9_advisory_consensus"": 0.006599992047995329, ""K4_nli_and_bypass_check"": 322.0107000088319, ""K5_decision"": 269.5287999813445}",16193
FACTURK-0146,YALAN,"[22218, 9150, 27894, 15787, 24869, 9220, 24158, 3401, 27219, 29106, 14239, 1090, 438, 25225, 25169, 18332, 13709, 7938, 29050, 14728]","[0.1268933266401291, 0.13273923099040985, 0.0018895388348028064, 0.0019723358564078808, 0.03397199511528015, 0.08570927381515503, 0.05223086103796959, 5.874842099728994e-05, 0.00012830943160224706, 0.020371293649077415, 0.057918086647987366, 0.001674399245530367, 0.0019043302163481712, 0.01009131595492363, 0.004905405919998884, 0.0018748616566881537, 0.0002824080875143409, 0.004086002707481384, 0.0044683837331831455, 0.0002434604539303109]","[0.006515405606478453, 0.38816729187965393, 0.6053172945976257]","[0.006515405606478453, 0.38816729187965393, 0.6053172945976257]",False,DOĞRU,ONAY,False,False,2770.653699990362,"{""K1_input_and_readiness"": 0.059399986639618874, ""K7_context"": 0.001900014467537403, ""K1_normalization"": 0.012599979527294636, ""K6_advisory"": 35.13289999682456, ""K1_intent"": 0.042800005758181214, ""K2_retrieval"": 186.1487000132911, ""K3_reranker"": 2507.5546999869402, ""K8_weighted_ranking"": 3.823099978035316, ""K3_candidate_filters"": 7.533500000135973, ""K9_advisory_consensus"": 0.008200004231184721, ""K4_nli_and_bypass_check"": 26.566899992758408, ""K5_decision"": 0.36750000435858965}",9150
FACTURK-0147,YALAN,"[16651, 20240, 3405, 16620, 4452, 9696, 12622, 18535, 1274, 17134, 9150, 20804, 22320, 28036, 4767, 6328, 19995, 3959, 10218, 24368]","[0.9726754426956177, 0.0009110511746257544, 1.7640199075685814e-05, 2.8632557587116025e-05, 1.67014204635052e-05, 0.0005907104350626469, 0.0014895173953846097, 0.0001699752756394446, 0.00019716942915692925, 1.6442494597868063e-05, 0.00031015597051009536, 0.00035419364576227963, 0.002757622394710779, 1.6314539607265033e-05, 2.0785171727766283e-05, 1.683241134742275e-05, 6.402006692951545e-05, 1.7097478121286258e-05, 0.00015843621804378927, 9.314593626186252e-05]","[0.31630465388298035, 0.46388521790504456, 0.2198101431131363]","[0.31630465388298035, 0.46388521790504456, 0.2198101431131363]",False,YALAN,UYARI,False,False,2210.470299993176,"{""K1_input_and_readiness"": 0.05819997750222683, ""K7_context"": 0.001500011421740055, ""K1_normalization"": 0.01209997572004795, ""K6_advisory"": 35.65069998148829, ""K1_intent"": 0.06469999789260328, ""K2_retrieval"": 190.03819997305982, ""K3_reranker"": 1501.9713999936357, ""K8_weighted_ranking"": 1.3567999994847924, ""K3_candidate_filters"": 6.6396000038366765, ""K9_advisory_consensus"": 0.007800001185387373, ""K4_nli_and_bypass_check"": 250.4072999872733, ""K5_decision"": 220.47770000062883}",16651
FACTURK-0148,YALAN,"[12210, 21599, 18732, 25049, 6841, 20653, 29193, 20389, 13473, 9476, 2662, 24995, 4945, 7517, 5396, 7836, 3088, 16459, 24540, 29572]","[0.00651349825784564, 0.009746103547513485, 0.0005193048855289817, 0.00048406238784082234, 0.03321117162704468, 3.8831109122838825e-05, 0.0012594986474141479, 9.242113446816802e-05, 0.0012743262341246009, 0.0006745558930560946, 5.518923353520222e-05, 0.00172745855525136, 0.0005571116926148534, 0.00012830943160224706, 2.8632557587116025e-05, 1.6187581422855146e-05, 1.6314539607265033e-05, 0.00011412239109631628, 0.00020825010142289102, 6.014152313582599e-05]","[0.007573814131319523, 0.016891665756702423, 0.9755345582962036]","[0.007573814131319523, 0.016891665756702423, 0.9755345582962036]",False,DOĞRU,ONAY,False,False,3016.944400005741,"{""K1_input_and_readiness"": 0.06350001785904169, ""K7_context"": 0.0020999868866056204, ""K1_normalization"": 0.012100004823878407, ""K6_advisory"": 37.039400020148605, ""K1_intent"": 0.04270000499673188, ""K2_retrieval"": 183.09099998441525, ""K3_reranker"": 2137.8618000017013, ""K8_weighted_ranking"": 1.6030000115279108, ""K3_candidate_filters"": 7.398099987767637, ""K9_advisory_consensus"": 0.007499998901039362, ""K4_nli_and_bypass_check"": 337.4638000095729, ""K5_decision"": 308.7422999960836}",21599
FACTURK-0149,DOĞRU,"[414, 9992, 15787, 9150, 22407, 21007, 24963, 7825, 1302, 12809, 23686, 12442, 21169, 12189, 13860, 22388, 13217, 13541, 12587, 1959]","[3.373722574906424e-05, 1.8631746570463292e-05, 0.0008072304772213101, 0.0008167381165549159, 0.0003077430883422494, 0.0007437028689309955, 0.00027586790383793414, 1.8200149497715756e-05, 0.00407013762742281, 0.0005636750720441341, 0.0006589401164092124, 0.00029365462251007557, 0.0016809417866170406, 0.0011380005162209272, 4.94715895911213e-05, 0.018440209329128265, 1.6187581422855146e-05, 4.231559796608053e-05, 4.870464181294665e-05, 1.657145367062185e-05]","[0.0030843475833535194, 0.9911642074584961, 0.005751517601311207]","[0.0030843475833535194, 0.9911642074584961, 0.005751517601311207]",False,YALAN,UYARI,False,False,2593.5163000249304,"{""K1_input_and_readiness"": 0.06469999789260328, ""K7_context"": 0.0018999853637069464, ""K1_normalization"": 0.014699995517730713, ""K6_advisory"": 36.079399986192584, ""K1_intent"": 0.05439997767098248, ""K2_retrieval"": 159.8105000157375, ""K3_reranker"": 1761.132700019516, ""K8_weighted_ranking"": 1.281399978324771, ""K3_candidate_filters"": 6.708900007652119, ""K9_advisory_consensus"": 0.007800001185387373, ""K4_nli_and_bypass_check"": 383.0858999863267, ""K5_decision"": 241.83590000029653}",22388
FACTURK-0150,YALAN,"[25683, 5414, 11454, 4331, 6189, 27366, 21475, 9537, 16994, 26461, 10997, 25341, 14860, 9974, 1291, 14246, 23263, 12870, 29948, 6943]","[0.0001015038214973174, 0.0001713081874186173, 0.0005420927773229778, 0.07978200167417526, 0.0022694687359035015, 0.0002982776495628059, 0.0035657365806400776, 0.003469890682026744, 6.761842087144032e-05, 2.094818773912266e-05, 0.00031015597051009536, 1.6442494597868063e-05, 1.6442494597868063e-05, 0.003621685551479459, 0.0012594986474141479, 4.7206227463902906e-05, 1.67014204635052e-05, 0.003429603995755315, 0.0005953406798653305, 2.586742994026281e-05]","[0.000494813488330692, 0.9989904761314392, 0.0005146822077222168]","[0.000494813488330692, 0.9989904761314392, 0.0005146822077222168]",False,YETERSİZ VERİ,RET,True,False,2784.5891999895684,"{""K1_input_and_readiness"": 0.0543000060133636, ""K7_context"": 0.001300009898841381, ""K1_normalization"": 0.01069999416358769, ""K6_advisory"": 33.151800016639754, ""K1_intent"": 0.03600001218728721, ""K2_retrieval"": 137.55650000530295, ""K3_reranker"": 1937.5639000209048, ""K8_weighted_ranking"": 1.1909999884665012, ""K3_candidate_filters"": 5.648399994242936, ""K9_advisory_consensus"": 0.006699992809444666, ""K4_nli_and_bypass_check"": 357.1308999962639, ""K5_decision"": 308.8844000012614}",9974
FACTURK-0151,YALAN,"[1205, 21214, 14598, 3176, 21916, 2011, 23996, 24260, 22565, 3084, 274, 28119, 17110, 17985, 26068, 7605, 13968, 4056, 2991, 5206]","[0.004924510605633259, 0.0014550630003213882, 0.0001442598586436361, 0.002058753278106451, 0.0030994154512882233, 0.0008626077906228602, 0.004231587518006563, 0.00025514140725135803, 0.0014550630003213882, 0.03138042986392975, 0.00041894835885614157, 0.002387409098446369, 0.002278330735862255, 0.0013406204525381327, 0.0006166297243908048, 0.18082883954048157, 0.00017813112935982645, 0.001299427472986281, 0.0009253848693333566, 0.005957154091447592]","[0.129275381565094, 0.7917355895042419, 0.07898896932601929]","[0.129275381565094, 0.7917355895042419, 0.07898896932601929]",False,YETERSİZ VERİ,RET,True,False,2277.6520999905188,"{""K1_input_and_readiness"": 0.06550000398419797, ""K7_context"": 0.001300009898841381, ""K1_normalization"": 0.011099997209385037, ""K6_advisory"": 36.100199999054894, ""K1_intent"": 0.03989998367615044, ""K2_retrieval"": 116.88889999641106, ""K3_reranker"": 2087.2522000281606, ""K8_weighted_ranking"": 1.5259000065270811, ""K3_candidate_filters"": 6.439499993575737, ""K9_advisory_consensus"": 0.007299997378140688, ""K4_nli_and_bypass_check"": 25.704700005007908, ""K5_decision"": 0.2843000111170113}",274
FACTURK-0152,YALAN,"[15963, 27363, 19381, 12221, 4893, 7290, 12083, 27854, 2188, 8939, 15431, 5755, 21262, 24446, 15163, 14531, 1820, 16762, 4256, 27712]","[0.0012743262341246009, 0.019568676128983498, 0.0002131875662598759, 0.0005953406798653305, 0.014957086183130741, 0.001048469333909452, 0.0004060639475937933, 0.016721142455935478, 0.0007293288363143802, 0.0001956353517016396, 0.00023050670279189944, 0.00026323829661123455, 0.0009473089594393969, 0.02546808309853077, 0.003991728648543358, 0.0005112579092383385, 0.0009004466701298952, 0.01750955730676651, 6.657015910604969e-05, 0.03289904072880745]","[0.0016202351544052362, 0.9715998768806458, 0.02677985094487667]","[0.0016202351544052362, 0.9715998768806458, 0.02677985094487667]",False,YETERSİZ VERİ,RET,True,False,1434.5903000212274,"{""K1_input_and_readiness"": 0.052099989261478186, ""K7_context"": 0.001700012944638729, ""K1_normalization"": 0.01069999416358769, ""K6_advisory"": 34.787200012942776, ""K1_intent"": 0.05570001667365432, ""K2_retrieval"": 150.69080001558177, ""K3_reranker"": 1211.336600012146, ""K8_weighted_ranking"": 1.3723000010941178, ""K3_candidate_filters"": 6.630499992752448, ""K9_advisory_consensus"": 0.006999995093792677, ""K4_nli_and_bypass_check"": 26.277400000253692, ""K5_decision"": 0.1537000061944127}",14531
FACTURK-0153,YALAN,"[14268, 21981, 24271, 6690, 15928, 17293, 14279, 15546, 7724, 16162, 1620, 24210, 23280, 1450, 14312, 16066, 16565, 28305, 2984, 8889]","[0.0008761798962950706, 2.1278065105434507e-05, 1.6442494597868063e-05, 1.683241134742275e-05, 1.922317096614279e-05, 1.6442494597868063e-05, 1.6314539607265033e-05, 0.00018961740715894848, 0.0009362827986478806, 1.6314539607265033e-05, 1.8200149497715756e-05, 1.657145367062185e-05, 1.6442494597868063e-05, 0.0002131875662598759, 6.253713218029588e-05, 0.0004442183708306402, 2.8409744118107483e-05, 1.6187581422855146e-05, 3.426849070820026e-05, 1.6187581422855146e-05]","[0.0027307316195219755, 0.03345713019371033, 0.9638121128082275]","[0.0027307316195219755, 0.03345713019371033, 0.9638121128082275]",False,DOĞRU,ONAY,False,False,2822.5020999962,"{""K1_input_and_readiness"": 0.05319999763742089, ""K7_context"": 0.001600012183189392, ""K1_normalization"": 0.013599987141788006, ""K6_advisory"": 34.88829999696463, ""K1_intent"": 0.045199994929134846, ""K2_retrieval"": 159.2808999994304, ""K3_reranker"": 2056.160100008128, ""K8_weighted_ranking"": 1.274899987038225, ""K3_candidate_filters"": 6.572300015250221, ""K9_advisory_consensus"": 0.008000002708286047, ""K4_nli_and_bypass_check"": 345.0146999966819, ""K5_decision"": 216.01050000754185}",7724
FACTURK-0154,YALAN,"[10581, 15315, 15547, 20927, 4423, 17356, 29867, 5225, 16503, 1399, 27407, 16148, 10376, 21395, 24521, 26182, 12376, 30243, 21804, 28059]","[0.0008525666198693216, 0.00023597174731548876, 0.0001559802913106978, 0.00042388474685139954, 0.005179712548851967, 7.197912054834887e-05, 2.3007036361377686e-05, 0.008251599036157131, 0.0005053045460954309, 0.0006070755189284682, 1.8342892872169614e-05, 1.6187581422855146e-05, 0.0021657671313732862, 8.220189192797989e-05, 0.00012339458044152707, 1.6442494597868063e-05, 1.6187581422855146e-05, 4.037790131405927e-05, 0.0002982776495628059, 0.00079783343244344]","[0.006220727693289518, 0.009675292298197746, 0.9841040372848511]","[0.006220727693289518, 0.009675292298197746, 0.9841040372848511]",False,DOĞRU,ONAY,False,False,3220.9414999815635,"{""K1_input_and_readiness"": 0.05699999746866524, ""K7_context"": 0.001800013706088066, ""K1_normalization"": 0.0109999964479357, ""K6_advisory"": 33.809299988206476, ""K1_intent"": 0.04169999738223851, ""K2_retrieval"": 163.41380000812933, ""K3_reranker"": 2161.8283999850973, ""K8_weighted_ranking"": 1.3675999944098294, ""K3_candidate_filters"": 6.759699987014756, ""K9_advisory_consensus"": 0.007000024197623134, ""K4_nli_and_bypass_check"": 515.5281000188552, ""K5_decision"": 334.5070999930613}",10376
FACTURK-0155,DOĞRU,"[20048, 12365, 1493, 10234, 22751, 18634, 24651, 10361, 28437, 17944, 24016, 16498, 28550, 13346, 7011, 14068, 10761, 18475, 22965, 1691]","[0.0011972112115472555, 0.0028783478774130344, 0.0007947254925966263, 0.00031015597051009536, 1.6061610949691385e-05, 0.0006142272031866014, 0.0037507887464016676, 0.0008592476369813085, 0.011375600472092628, 0.0004565269045997411, 1.7097478121286258e-05, 0.0007152324542403221, 2.392351052549202e-05, 0.0001097509084502235, 7.086326513672248e-05, 0.0032224843744188547, 0.00010310211655450985, 0.0005053045460954309, 4.1335399146191776e-05, 3.508111694827676e-05]","[0.001071155071258545, 0.9982336759567261, 0.0006951738614588976]","[0.001071155071258545, 0.9982336759567261, 0.0006951738614588976]",False,YETERSİZ VERİ,RET,True,False,1746.3370999903418,"{""K1_input_and_readiness"": 0.06030002259649336, ""K7_context"": 0.001800013706088066, ""K1_normalization"": 0.010899995686486363, ""K6_advisory"": 34.178399975644425, ""K1_intent"": 0.03860000288113952, ""K2_retrieval"": 117.13040000176989, ""K3_reranker"": 1194.2848999751732, ""K8_weighted_ranking"": 1.105000003008172, ""K3_candidate_filters"": 6.092499999795109, ""K9_advisory_consensus"": 0.006299989763647318, ""K4_nli_and_bypass_check"": 200.45209999079816, ""K5_decision"": 189.91430001915433}",16498
FACTURK-0156,YALAN,"[27801, 7761, 27242, 11288, 4634, 15622, 27142, 30097, 19419, 17945, 21981, 769, 14556, 29743, 28808, 26765, 12521, 5723, 11146, 20078]","[0.024656856432557106, 0.003736220533028245, 0.8786270022392273, 6.205049430718645e-05, 0.724090576171875, 2.1278065105434507e-05, 0.019160708412528038, 0.0006563728675246239, 0.0008199321455322206, 3.321419353596866e-05, 0.0004272078804206103, 0.00017674513219390064, 0.0003905139456037432, 0.0017614696407690644, 0.0004092474700883031, 3.269927037763409e-05, 0.0017683517653495073, 7.543320680269971e-05, 0.0003697388747241348, 7.722192094661295e-05]","[0.0005879080854356289, 0.9949740171432495, 0.00443811621516943]","[0.0005879080854356289, 0.9949740171432495, 0.00443811621516943]",False,YETERSİZ VERİ,RET,True,False,3265.822199988179,"{""K1_input_and_readiness"": 0.06510000093840063, ""K7_context"": 0.001800013706088066, ""K1_normalization"": 0.014399993233382702, ""K6_advisory"": 34.03790001175366, ""K1_intent"": 0.037699996028095484, ""K2_retrieval"": 158.17840001545846, ""K3_reranker"": 2087.484699994093, ""K8_weighted_ranking"": 1.1034999915864319, ""K3_candidate_filters"": 5.631800013361499, ""K9_advisory_consensus"": 0.006999995093792677, ""K4_nli_and_bypass_check"": 508.1332999980077, ""K5_decision"": 468.0454999906942}",4634
FACTURK-0157,DOĞRU,"[23772, 21246, 29255, 12442, 20506, 21440, 27037, 2951, 21796, 25807, 29141, 15658, 24300, 5861, 20602, 19151, 6914, 23280, 25690, 6028]","[0.00016603845870122313, 1.657145367062185e-05, 0.00031258779927156866, 1.6187581422855146e-05, 3.024195939360652e-05, 1.6314539607265033e-05, 0.004101929254829884, 1.657145367062185e-05, 0.0007124459953047335, 1.9833367332466878e-05, 3.9135655242716894e-05, 1.6442494597868063e-05, 0.0001673405058681965, 0.0011695103021338582, 0.0012843081494793296, 0.00017536994710098952, 1.6187581422855146e-05, 1.892514956125524e-05, 3.9442587876692414e-05, 0.0001699752756394446]","[0.003911987412720919, 0.9953065514564514, 0.0007814805721864104]","[0.003911987412720919, 0.9953065514564514, 0.0007814805721864104]",False,YETERSİZ VERİ,RET,True,False,3144.4524999824353,"{""K1_input_and_readiness"": 0.06580000626854599, ""K7_context"": 0.0014999823179095984, ""K1_normalization"": 0.015199999324977398, ""K6_advisory"": 33.161899977130815, ""K1_intent"": 0.03759999526664615, ""K2_retrieval"": 163.05999999167398, ""K3_reranker"": 1585.5245999991894, ""K8_weighted_ranking"": 1.073999999789521, ""K3_candidate_filters"": 6.022099987603724, ""K9_advisory_consensus"": 0.006699992809444666, ""K4_nli_and_bypass_check"": 821.5985999850091, ""K5_decision"": 530.7402999897022}",19151
FACTURK-0158,DOĞRU,"[10802, 29735, 26597, 3097, 5125, 18339, 28338, 4965, 29753, 8374, 6263, 8061, 6939, 3299, 8619, 29568, 5161, 23791, 27683, 28626]","[0.024750972166657448, 3.2955729693640023e-05, 0.003736220533028245, 0.0011786719551309943, 5.738759500673041e-05, 0.011915022507309914, 1.6061610949691385e-05, 0.00013032974675297737, 1.6187581422855146e-05, 3.321419353596866e-05, 1.67014204635052e-05, 2.2125668692751788e-05, 1.6187581422855146e-05, 0.0012255674228072166, 1.657145367062185e-05, 1.6187581422855146e-05, 1.6061610949691385e-05, 1.6314539607265033e-05, 1.7231572201126255e-05, 1.6187581422855146e-05]","[0.002001808024942875, 0.9961873888969421, 0.0018108264775946736]","[0.002001808024942875, 0.9961873888969421, 0.0018108264775946736]",False,YALAN,UYARI,False,False,3008.553000021493,"{""K1_input_and_readiness"": 0.07569999434053898, ""K7_context"": 0.0019999861251562834, ""K1_normalization"": 0.020800012862309813, ""K6_advisory"": 34.07829999923706, ""K1_intent"": 0.051000009989365935, ""K2_retrieval"": 124.4072999979835, ""K3_reranker"": 2283.1518999882974, ""K8_weighted_ranking"": 1.5951000095810741, ""K3_candidate_filters"": 8.646200003568083, ""K9_advisory_consensus"": 0.011800002539530396, ""K4_nli_and_bypass_check"": 287.7976000017952, ""K5_decision"": 261.9217000028584}",3097
FACTURK-0159,YALAN,"[1609, 4036, 19594, 24771, 5236, 24259, 27598, 26699, 22729, 19418, 9587, 15846, 12184, 6519, 20466, 27325, 9591, 20250, 28091, 21940]","[0.9946980476379395, 0.007725534029304981, 0.029145970940589905, 0.005934066604822874, 0.0007264875457622111, 0.00019716942915692925, 0.0035657365806400776, 0.0012594986474141479, 2.566613329690881e-05, 2.5466406441410072e-05, 7.141901005525142e-05, 0.0011972112115472555, 0.0001195985751110129, 3.373722574906424e-05, 0.0034970103297382593, 9.461262379772961e-05, 0.0005092656938359141, 0.000626334105618298, 0.0009888596832752228, 0.01287075038999319]","[0.09378359466791153, 0.07425686717033386, 0.8319595456123352]","[0.09378359466791153, 0.07425686717033386, 0.8319595456123352]",False,DOĞRU,ONAY,False,False,1897.9002999840304,"{""K1_input_and_readiness"": 0.08040000102482736, ""K7_context"": 0.0022999884095042944, ""K1_normalization"": 0.016600009985268116, ""K6_advisory"": 43.67639997508377, ""K1_intent"": 0.055899989092722535, ""K2_retrieval"": 168.9812999975402, ""K3_reranker"": 1587.231499986956, ""K8_weighted_ranking"": 1.2989999959245324, ""K3_candidate_filters"": 6.565399991814047, ""K9_advisory_consensus"": 0.007299997378140688, ""K4_nli_and_bypass_check"": 58.53090001619421, ""K5_decision"": 28.304799983743578}",1609
FACTURK-0160,DOĞRU,"[13325, 29040, 4841, 4504, 11607, 19725, 8411, 13541, 8116, 17559, 30219, 6247, 26536, 20174, 21673, 10902, 634, 4909, 14046, 21327]","[0.6614856719970703, 1.7097478121286258e-05, 0.0041179172694683075, 0.00046190584544092417, 0.003692853031679988, 1.67014204635052e-05, 6.709224544465542e-05, 2.2827996872365475e-05, 0.0004044814850203693, 1.6314539607265033e-05, 0.00012632041762117296, 0.007665874902158976, 2.4300241420860402e-05, 4.832564081880264e-05, 1.8777873265207745e-05, 1.7778551409719512e-05, 2.449082603561692e-05, 0.0014437558129429817, 6.657015910604969e-05, 5.225226777838543e-05]","[0.8019954562187195, 0.1910977065563202, 0.0069068376906216145]","[0.8019954562187195, 0.1910977065563202, 0.0069068376906216145]",False,YALAN,UYARI,False,False,1743.1672000093386,"{""K1_input_and_readiness"": 0.0363999861292541, ""K7_context"": 0.001400010660290718, ""K1_normalization"": 0.006999995093792677, ""K6_advisory"": 32.81639999477193, ""K1_intent"": 0.030800001695752144, ""K2_retrieval"": 109.33100001420826, ""K3_reranker"": 1259.4553000235464, ""K8_weighted_ranking"": 1.7151999927591532, ""K3_candidate_filters"": 10.70609997259453, ""K9_advisory_consensus"": 0.009899988071992993, ""K4_nli_and_bypass_check"": 227.33429999789223, ""K5_decision"": 98.60500000650063}",30219
FACTURK-0161,YALAN,"[27219, 20109, 9150, 2984, 21007, 24869, 438, 25228, 27883, 22465, 16341, 23686, 28547, 21169, 487, 15787, 12161, 29106, 1090, 15874]","[0.9996970891952515, 0.8690492510795593, 0.07654563337564468, 0.9343951344490051, 0.06441766768693924, 0.009746103547513485, 0.0017614696407690644, 0.006957608740776777, 0.0015011823270469904, 0.1653234362602234, 0.26779094338417053, 0.012576347216963768, 0.02132808044552803, 0.06632687151432037, 9.915272676153108e-05, 0.001747785834595561, 0.0014550630003213882, 0.2514638304710388, 0.0007916296017356217, 0.00010391067189630121]","[0.0010370004456490278, 0.9985308647155762, 0.0004321543965488672]","[0.0010370004456490278, 0.9985308647155762, 0.0004321543965488672]",False,YALAN,UYARI,False,False,1901.788100018166,"{""K1_input_and_readiness"": 0.07959999493323267, ""K7_context"": 0.001500011421740055, ""K1_normalization"": 0.013199984095990658, ""K6_advisory"": 37.61470000608824, ""K1_intent"": 0.053800002206116915, ""K2_retrieval"": 183.83160000666976, ""K3_reranker"": 1638.3357000013348, ""K8_weighted_ranking"": 1.2920000008307397, ""K3_candidate_filters"": 6.61100001889281, ""K9_advisory_consensus"": 0.007399998139590025, ""K4_nli_and_bypass_check"": 30.075799993937835, ""K5_decision"": 0.22680000984109938}",27219
FACTURK-0162,DOĞRU,"[17883, 2000, 22185, 25210, 25049, 21599, 10051, 2925, 24903, 5997, 28715, 23682, 10375, 25750, 11923, 9553, 4325, 11278, 15123, 5632]","[0.09351231157779694, 0.7942253947257996, 9.242113446816802e-05, 0.0001511819864390418, 0.8344069123268127, 0.008950711227953434, 0.00010804955672938377, 3.219233258278109e-05, 0.10743747651576996, 0.04336579889059067, 3.591300992411561e-05, 0.0001621928095119074, 0.00034870431409217417, 2.014569145103451e-05, 0.000124362253700383, 1.8486754925106652e-05, 0.000191104321856983, 0.0002415662893326953, 1.6187581422855146e-05, 2.014569145103451e-05]","[0.004679652862250805, 0.995033860206604, 0.00028649167506955564]","[0.004679652862250805, 0.995033860206604, 0.00028649167506955564]",False,YETERSİZ VERİ,RET,True,False,2184.179099975154,"{""K1_input_and_readiness"": 0.05250002141110599, ""K7_context"": 0.001800013706088066, ""K1_normalization"": 0.012200005585327744, ""K6_advisory"": 33.75669999513775, ""K1_intent"": 0.055100012104958296, ""K2_retrieval"": 127.6339000032749, ""K3_reranker"": 1667.7433000004385, ""K8_weighted_ranking"": 1.1898999800905585, ""K3_candidate_filters"": 6.2719999987166375, ""K9_advisory_consensus"": 0.007800001185387373, ""K4_nli_and_bypass_check"": 175.24489999050274, ""K5_decision"": 168.26979999314062}",25049
FACTURK-0163,DOĞRU,"[29221, 19639, 16838, 2521, 28155, 12086, 27081, 6618, 4244, 532, 3401, 2861, 8746, 29996, 4529, 3310, 10780, 14355, 16181, 25861]","[0.9739436507225037, 0.000503335555549711, 0.00025714197545312345, 0.00018522572645451874, 2.265035072923638e-05, 0.0005571116926148534, 0.0003301527176517993, 2.8857117285951972e-05, 0.00021995337738189846, 0.0001476803736295551, 0.004166256170719862, 0.010448625311255455, 2.4682904040673748e-05, 2.526822754589375e-05, 0.0002982776495628059, 0.00025118677876889706, 1.805851934477687e-05, 1.683241134742275e-05, 0.0003150386910419911, 0.0016809417866170406]","[0.0021602697670459747, 0.9972986578941345, 0.0005411294987425208]","[0.0021602697670459747, 0.9972986578941345, 0.0005411294987425208]",False,YETERSİZ VERİ,RET,True,False,2025.2758999995422,"{""K1_input_and_readiness"": 0.07639999967068434, ""K7_context"": 0.0019999861251562834, ""K1_normalization"": 0.016200006939470768, ""K6_advisory"": 37.31580000021495, ""K1_intent"": 0.06079999729990959, ""K2_retrieval"": 135.02879999578, ""K3_reranker"": 1819.4849999854341, ""K8_weighted_ranking"": 1.1799999920185655, ""K3_candidate_filters"": 5.9634000062942505, ""K9_advisory_consensus"": 0.006499991286545992, ""K4_nli_and_bypass_check"": 23.0032000108622, ""K5_decision"": 0.20099998801015317}",29221
FACTURK-0164,YALAN,"[20389, 20026, 10252, 27663, 17536, 7274, 5739, 12497, 20172, 3427, 3415, 13362, 24862, 16836, 12587, 26472, 4617, 6242, 14686, 2008]","[0.0008426423300988972, 0.0002824080875143409, 7.843789353501052e-05, 0.00013982206291984767, 0.0003006163169629872, 0.000503335555549711, 3.852893496514298e-05, 0.009449081495404243, 0.0033634924329817295, 2.355261858610902e-05, 0.00031015597051009536, 0.00011774459562730044, 0.0028783478774130344, 1.6314539607265033e-05, 0.0065388246439397335, 1.7640199075685814e-05, 0.00018667821132112294, 0.00037409563083201647, 2.908344322349876e-05, 1.6964426322374493e-05]","[0.00475799385458231, 0.9927691221237183, 0.002472868887707591]","[0.00475799385458231, 0.9927691221237183, 0.002472868887707591]",False,YETERSİZ VERİ,RET,True,False,1750.7605999999214,"{""K1_input_and_readiness"": 0.07270000060088933, ""K7_context"": 0.004499976057559252, ""K1_normalization"": 0.014899997040629387, ""K6_advisory"": 33.65579998353496, ""K1_intent"": 0.033199990866705775, ""K2_retrieval"": 128.06540000019595, ""K3_reranker"": 1119.831600022735, ""K8_weighted_ranking"": 1.3291000213939697, ""K3_candidate_filters"": 6.850400008261204, ""K9_advisory_consensus"": 0.007499998901039362, ""K4_nli_and_bypass_check"": 240.9767999779433, ""K5_decision"": 216.55340000870638}",12587
FACTURK-0165,YALAN,"[26390, 6595, 18461, 19290, 9491, 24002, 24946, 19641, 25894, 2947, 17027, 15975, 17151, 4788, 24327, 13731, 316, 9482, 13242, 19527]","[1.7640199075685814e-05, 0.00043563017970882356, 0.001004416379146278, 0.0031603530514985323, 0.0007947254925966263, 0.0026522595435380936, 7.543320680269971e-05, 0.0006986756343394518, 0.0012743262341246009, 0.0004784255870617926, 0.00010637458035489544, 0.0015792594058439136, 1.6964426322374493e-05, 0.0038244836032390594, 1.6314539607265033e-05, 0.0006851712241768837, 1.6442494597868063e-05, 0.02527489699423313, 0.0009473089594393969, 0.0005053045460954309]","[0.0006277648499235511, 0.9988504648208618, 0.0005218010046519339]","[0.0006277648499235511, 0.9988504648208618, 0.0005218010046519339]",False,YETERSİZ VERİ,RET,True,False,1930.6234000250697,"{""K1_input_and_readiness"": 0.0475000124424696, ""K7_context"": 0.001300009898841381, ""K1_normalization"": 0.010099989594891667, ""K6_advisory"": 34.98060000129044, ""K1_intent"": 0.03860000288113952, ""K2_retrieval"": 120.99489997490309, ""K3_reranker"": 1498.682600009488, ""K8_weighted_ranking"": 1.1639999866019934, ""K3_candidate_filters"": 5.748900002799928, ""K9_advisory_consensus"": 0.007700000423938036, ""K4_nli_and_bypass_check"": 141.37169998139143, ""K5_decision"": 124.02010001824237}",19290
FACTURK-0166,DOĞRU,"[11295, 20210, 12704, 29876, 19665, 4391, 17435, 10383, 9953, 693, 27360, 12013, 27681, 24484, 2892, 20387, 23136, 8107, 17032, 14179]","[0.00028685410507023335, 0.0007379196467809379, 0.21239535510540009, 0.006564249750226736, 0.003678509034216404, 5.738759500673041e-05, 0.0012545944191515446, 0.0010162440594285727, 2.5466406441410072e-05, 2.566613329690881e-05, 0.00023782203788869083, 5.649793456541374e-05, 3.8229114579735324e-05, 0.0006312434561550617, 0.00039977103006094694, 5.391084778239019e-05, 2.161314114346169e-05, 0.0001559802913106978, 0.0016103574307635427, 7.031184941297397e-05]","[0.0020081521943211555, 0.9956739544868469, 0.0023178220726549625]","[0.0020081521943211555, 0.9956739544868469, 0.0023178220726549625]",False,YETERSİZ VERİ,RET,True,False,2063.4854000236373,"{""K1_input_and_readiness"": 0.07619999814778566, ""K7_context"": 0.001200009137392044, ""K1_normalization"": 0.016299978597089648, ""K6_advisory"": 33.86980001232587, ""K1_intent"": 0.04600000102072954, ""K2_retrieval"": 223.19160000188276, ""K3_reranker"": 1775.3308000101242, ""K8_weighted_ranking"": 1.1503999994602054, ""K3_candidate_filters"": 5.227499990724027, ""K9_advisory_consensus"": 0.005900015821680427, ""K4_nli_and_bypass_check"": 20.456199999898672, ""K5_decision"": 0.3352000203449279}",20210
FACTURK-0167,YALAN,"[22804, 30151, 11775, 14107, 8968, 24550, 4736, 8794, 11509, 1291, 27847, 23490, 20020, 24834, 2112, 9114, 23751, 29627, 6263, 12363]","[0.9977568984031677, 0.9502266049385071, 0.013902058824896812, 1.6314539607265033e-05, 5.874842099728994e-05, 0.002511463360860944, 0.01808999478816986, 0.014172364957630634, 0.00214894930832088, 9.461262379772961e-05, 0.0017342078499495983, 0.0008426423300988972, 7.426380761899054e-05, 0.005119676236063242, 0.0009697519708424807, 0.0018602986820042133, 7.722192094661295e-05, 0.0032476764172315598, 0.005934066604822874, 0.0017140384297817945]","[0.9905704259872437, 0.00703078368678689, 0.002398783341050148]","[0.9905704259872437, 0.00703078368678689, 0.002398783341050148]",False,YALAN,UYARI,False,False,1722.0318999898154,"{""K1_input_and_readiness"": 0.05370000144466758, ""K7_context"": 0.001600012183189392, ""K1_normalization"": 0.010899995686486363, ""K6_advisory"": 33.66519999690354, ""K1_intent"": 0.03890000516548753, ""K2_retrieval"": 124.68579999404028, ""K3_reranker"": 1343.5777999984566, ""K8_weighted_ranking"": 1.2795999937225133, ""K3_candidate_filters"": 6.378399993991479, ""K9_advisory_consensus"": 0.007099995855242014, ""K4_nli_and_bypass_check"": 117.88370000431314, ""K5_decision"": 91.00220000254922}",22804
FACTURK-0168,YALAN,"[3532, 18767, 18681, 10235, 651, 15319, 23859, 14041, 13904, 19674, 22012, 2033, 21320, 25637, 12172, 26244, 2462, 28597, 28487, 21454]","[0.9972955584526062, 0.00017536994710098952, 8.682210318511352e-05, 0.027954399585723877, 2.566613329690881e-05, 1.6964426322374493e-05, 7.197912054834887e-05, 2.014569145103451e-05, 4.1335399146191776e-05, 0.0001621928095119074, 0.002225670963525772, 0.00012632041762117296, 6.253713218029588e-05, 0.00023231418163049966, 2.5071596610359848e-05, 1.967902426258661e-05, 0.0029235428664833307, 0.0017752605490386486, 1.967902426258661e-05, 1.657145367062185e-05]","[0.9970722198486328, 0.0009114059503190219, 0.0020163021981716156]","[0.9970722198486328, 0.0009114059503190219, 0.0020163021981716156]",False,YALAN,UYARI,False,False,1569.870900013484,"{""K1_input_and_readiness"": 0.052099989261478186, ""K7_context"": 0.0017999846022576094, ""K1_normalization"": 0.009700015652924776, ""K6_advisory"": 36.080799996852875, ""K1_intent"": 0.040300015825778246, ""K2_retrieval"": 118.2355000055395, ""K3_reranker"": 1309.6421000082046, ""K8_weighted_ranking"": 1.0868999816011637, ""K3_candidate_filters"": 5.770199990365654, ""K9_advisory_consensus"": 0.007099995855242014, ""K4_nli_and_bypass_check"": 58.10210001072846, ""K5_decision"": 37.75869999662973}",3532
FACTURK-0169,DOĞRU,"[20457, 7549, 9693, 20516, 14619, 8300, 30193, 29145, 8161, 16605, 5146, 29321, 26624, 21059, 21058, 19205, 26416, 16293, 9143, 13077]","[0.012336100451648235, 0.006217078305780888, 2.93115390377352e-05, 0.030733928084373474, 2.411113746347837e-05, 0.0013354008551687002, 3.3474691008450463e-05, 0.00027372167096473277, 9.610241977497935e-05, 0.08419108390808105, 0.0012113064294680953, 0.0008830457809381187, 1.6964426322374493e-05, 3.975192521465942e-05, 2.0462934116949327e-05, 0.00014653129619546235, 0.18097352981567383, 0.14116297662258148, 0.29665425419807434, 1.6442494597868063e-05]","[0.0042175971902906895, 0.949924647808075, 0.0458577498793602]","[0.0042175971902906895, 0.949924647808075, 0.0458577498793602]",False,YETERSİZ VERİ,RET,True,False,1638.519499974791,"{""K1_input_and_readiness"": 0.0641999940853566, ""K7_context"": 0.001400010660290718, ""K1_normalization"": 0.012399978004395962, ""K6_advisory"": 36.41180001432076, ""K1_intent"": 0.05339999916031957, ""K2_retrieval"": 191.79889999213628, ""K3_reranker"": 1373.1600000173785, ""K8_weighted_ranking"": 1.279499992961064, ""K3_candidate_filters"": 6.470599997555837, ""K9_advisory_consensus"": 0.00689999433234334, ""K4_nli_and_bypass_check"": 25.780600000871345, ""K5_decision"": 0.21510000806301832}",29145
FACTURK-0170,YALAN,"[17095, 18398, 3764, 1813, 24738, 2758, 21279, 919, 20389, 5185, 12587, 5396, 6022, 26934, 6047, 21009, 20402, 11628, 27122, 11626]","[0.001081715221516788, 0.002182716503739357, 0.0008360903011634946, 0.00018961740715894848, 3.219233258278109e-05, 4.870464181294665e-05, 0.00016093082376755774, 1.6187581422855146e-05, 0.0005013742484152317, 0.00017813112935982645, 0.00982179306447506, 0.006463137920945883, 2.0462934116949327e-05, 1.6442494597868063e-05, 0.0003799845289904624, 0.00028462239424698055, 1.805851934477687e-05, 1.9988918211311102e-05, 1.750292540236842e-05, 0.0005193048855289817]","[0.11535249650478363, 0.4864596128463745, 0.39818790555000305]","[0.11535249650478363, 0.4864596128463745, 0.39818790555000305]",False,YETERSİZ VERİ,RET,True,False,2020.0600000098348,"{""K1_input_and_readiness"": 0.058600009651854634, ""K7_context"": 0.002100015990436077, ""K1_normalization"": 0.01309998333454132, ""K6_advisory"": 35.81299999495968, ""K1_intent"": 0.048699992476031184, ""K2_retrieval"": 142.367499996908, ""K3_reranker"": 1113.5818999900948, ""K8_weighted_ranking"": 1.1608999921008945, ""K3_candidate_filters"": 6.139299977803603, ""K9_advisory_consensus"": 0.006799993570894003, ""K4_nli_and_bypass_check"": 384.56120001501404, ""K5_decision"": 333.21139999316074}",12587
FACTURK-0171,DOĞRU,"[23557, 91, 41, 16619, 3892, 1814, 20969, 21277, 20498, 1194, 12930, 22466, 23965, 13220, 6812, 11376, 25454, 22886, 8858, 4924]","[0.006930672097951174, 0.0009075025445781648, 0.0007763299508951604, 0.00017674513219390064, 1.6442494597868063e-05, 0.0012793075293302536, 8.156224066624418e-05, 9.83811987680383e-05, 1.892514956125524e-05, 4.0694576455280185e-05, 1.6964426322374493e-05, 0.00017813112935982645, 1.8631746570463292e-05, 0.0015307451831176877, 1.6061610949691385e-05, 2.2474090656032786e-05, 4.6474400733131915e-05, 0.00016474656877107918, 1.6187581422855146e-05, 4.1986306314356625e-05]","[0.0007706854958087206, 0.9986695051193237, 0.0005597801064141095]","[0.0007706854958087206, 0.9986695051193237, 0.0005597801064141095]",False,YETERSİZ VERİ,RET,True,False,1557.88360000588,"{""K1_input_and_readiness"": 0.0619000056758523, ""K7_context"": 0.001500011421740055, ""K1_normalization"": 0.021700019715353847, ""K6_advisory"": 35.90340001392178, ""K1_intent"": 0.05569998756982386, ""K2_retrieval"": 147.3384000128135, ""K3_reranker"": 1329.4880999892484, ""K8_weighted_ranking"": 1.1996999965049326, ""K3_candidate_filters"": 6.506299978354946, ""K9_advisory_consensus"": 0.008400005754083395, ""K4_nli_and_bypass_check"": 33.79940000013448, ""K5_decision"": 0.1824999926611781}",23557
FACTURK-0172,YALAN,"[29620, 28075, 10997, 16687, 25062, 19052, 12614, 5937, 6286, 19866, 21163, 20126, 23492, 13134, 25127, 21689, 11010, 19924, 24445, 16772]","[0.019908789545297623, 6.156764720799401e-05, 0.0005336928297765553, 0.00038747614598833025, 0.0023413407616317272, 2.5071596610359848e-05, 2.5071596610359848e-05, 1.6061610949691385e-05, 0.00854433048516512, 2.2125668692751788e-05, 1.7917987861437723e-05, 1.6442494597868063e-05, 0.00010391067189630121, 0.0002715921145863831, 2.094818773912266e-05, 1.7231572201126255e-05, 2.818866414600052e-05, 0.0018821860430762172, 0.0478690043091774, 1.6442494597868063e-05]","[0.0021362556144595146, 0.9959618449211121, 0.0019019668688997626]","[0.0021362556144595146, 0.9959618449211121, 0.0019019668688997626]",False,YETERSİZ VERİ,RET,True,False,1717.5069999939296,"{""K1_input_and_readiness"": 0.04959999932907522, ""K7_context"": 0.0012999807950109243, ""K1_normalization"": 0.01200000406242907, ""K6_advisory"": 34.203699993668124, ""K1_intent"": 0.05299999611452222, ""K2_retrieval"": 158.16019999329, ""K3_reranker"": 1490.4128999914974, ""K8_weighted_ranking"": 1.2867999903392047, ""K3_candidate_filters"": 6.9518999953288585, ""K9_advisory_consensus"": 0.007599999662488699, ""K4_nli_and_bypass_check"": 22.732799989171326, ""K5_decision"": 0.13540001236833632}",10997
FACTURK-0173,YALAN,"[20336, 24955, 2916, 14413, 27480, 12081, 375, 8209, 27683, 1617, 9743, 12071, 5433, 27161, 9068, 29048, 30193, 24773, 3689, 6104]","[0.0002591582597233355, 2.5071596610359848e-05, 0.00033930176869034767, 1.892514956125524e-05, 2.030369250860531e-05, 4.101373633602634e-05, 0.005641908384859562, 7.843789353501052e-05, 3.619466951931827e-05, 1.657145367062185e-05, 0.0021074723917990923, 0.001004416379146278, 6.014152313582599e-05, 1.8631746570463292e-05, 1.6314539607265033e-05, 2.7751651941798627e-05, 1.6442494597868063e-05, 0.00017536994710098952, 0.00028685410507023335, 1.750292540236842e-05]","[0.0002244810457341373, 0.01583208329975605, 0.9839434623718262]","[0.0002244810457341373, 0.01583208329975605, 0.9839434623718262]",False,YALAN,RED,False,False,2162.6212999981362,"{""K1_input_and_readiness"": 0.051700015319511294, ""K7_context"": 0.001700012944638729, ""K1_normalization"": 0.009299983503296971, ""K6_advisory"": 34.47799998684786, ""K1_intent"": 0.037999998312443495, ""K2_retrieval"": 130.52390000666492, ""K3_reranker"": 1331.200800021179, ""K8_weighted_ranking"": 1.38229998992756, ""K3_candidate_filters"": 6.73839999944903, ""K9_advisory_consensus"": 0.007599999662488699, ""K4_nli_and_bypass_check"": 357.99709998536855, ""K5_decision"": 296.6280000109691}",20336
FACTURK-0174,YALAN,"[22388, 8685, 30024, 27894, 15787, 431, 19258, 487, 21007, 27689, 10243, 9150, 1701, 12189, 23508, 22218, 5898, 29892, 25225, 27696]","[0.8978744745254517, 0.16762703657150269, 0.7876046895980835, 0.0003668626013677567, 0.007011794950813055, 0.0077555361203849316, 0.015845362097024918, 0.590484082698822, 0.16640430688858032, 0.2297079712152481, 0.49911975860595703, 0.2859697937965393, 0.3362220823764801, 0.009268013760447502, 0.06244528666138649, 0.03782128915190697, 0.33252713084220886, 0.18742996454238892, 0.009090382605791092, 0.06779313832521439]","[0.0033229838591068983, 0.015371493995189667, 0.9813055396080017]","[0.0033229838591068983, 0.015371493995189667, 0.9813055396080017]",False,DOĞRU,ONAY,False,False,2165.6696000136435,"{""K1_input_and_readiness"": 0.07459998596459627, ""K7_context"": 0.0018999853637069464, ""K1_normalization"": 0.014100020052865148, ""K6_advisory"": 39.38569998717867, ""K1_intent"": 0.054199976148083806, ""K2_retrieval"": 163.71550000621937, ""K3_reranker"": 1791.0648999968544, ""K8_weighted_ranking"": 1.2513000110629946, ""K3_candidate_filters"": 6.838199973572046, ""K9_advisory_consensus"": 0.009200011845678091, ""K4_nli_and_bypass_check"": 159.60190002806485, ""K5_decision"": 0.4180000105407089}",22388
FACTURK-0175,YALAN,"[17313, 24305, 9450, 13192, 27355, 7203, 18574, 22559, 6426, 396, 17170, 25408, 5771, 9712, 17371, 19384, 11814, 19054, 21635, 5144]","[0.995685338973999, 0.009340023621916771, 0.0012351677287369967, 0.01833445206284523, 8.682210318511352e-05, 1.7917987861437723e-05, 4.331903619458899e-05, 0.00029137005913071334, 2.392351052549202e-05, 0.000810387369710952, 1.6442494597868063e-05, 5.920916373725049e-05, 1.6964426322374493e-05, 4.1659583075670525e-05, 0.0026419467758387327, 0.00021152888075448573, 5.391084778239019e-05, 1.6187581422855146e-05, 0.00012243441597092897, 1.6061610949691385e-05]","[0.047596678137779236, 0.9159572720527649, 0.03644607961177826]","[0.047596678137779236, 0.9159572720527649, 0.03644607961177826]",False,YETERSİZ VERİ,RET,True,False,1604.210499994224,"{""K1_input_and_readiness"": 0.04949999856762588, ""K7_context"": 0.0015999830793589354, ""K1_normalization"": 0.009400013368576765, ""K6_advisory"": 34.04100000625476, ""K1_intent"": 0.03950000973418355, ""K2_retrieval"": 121.26379998517223, ""K3_reranker"": 1352.5850999867544, ""K8_weighted_ranking"": 1.7844999965745956, ""K3_candidate_filters"": 6.786999991163611, ""K9_advisory_consensus"": 0.00680002267472446, ""K4_nli_and_bypass_check"": 54.745899979025126, ""K5_decision"": 29.597499989904463}",17313
FACTURK-0176,YALAN,"[4817, 744, 5993, 6532, 2858, 12542, 24184, 11277, 2461, 16150, 10416, 30211, 1701, 21954, 14212, 22504, 17244, 2338, 5007, 11778]","[0.07978200167417526, 1.6442494597868063e-05, 0.00021995337738189846, 3.619466951931827e-05, 0.001216041506268084, 0.0003799845289904624, 0.00012148174573667347, 0.0002269338583573699, 1.892514956125524e-05, 0.017712298780679703, 1.6187581422855146e-05, 0.024191485717892647, 0.007317397277802229, 0.0019800399895757437, 1.8342892872169614e-05, 0.04552200436592102, 2.3369333575828932e-05, 1.8631746570463292e-05, 2.2827996872365475e-05, 0.002140589291229844]","[0.0019080467754974961, 0.9973368048667908, 0.0007551590679213405]","[0.0019080467754974961, 0.9973368048667908, 0.0007551590679213405]",False,YALAN,UYARI,False,False,2802.5177999807056,"{""K1_input_and_readiness"": 0.05830000736750662, ""K7_context"": 0.0012999807950109243, ""K1_normalization"": 0.010000017937272787, ""K6_advisory"": 34.41179997753352, ""K1_intent"": 0.04439998883754015, ""K2_retrieval"": 159.57660001004115, ""K3_reranker"": 2011.9158999877982, ""K8_weighted_ranking"": 1.3476999884005636, ""K3_candidate_filters"": 6.632400007219985, ""K9_advisory_consensus"": 0.007399998139590025, ""K4_nli_and_bypass_check"": 305.45359998359345, ""K5_decision"": 279.46170000359416}",30211
FACTURK-0177,YALAN,"[27522, 19484, 11158, 22465, 1959, 28144, 15787, 7224, 3579, 5659, 18975, 12265, 8740, 4561, 2720, 12189, 20985, 6984, 19070, 12677]","[0.002453428227454424, 0.02595735713839531, 3.1201914680423215e-05, 0.1127954050898552, 0.00651349825784564, 0.34334173798561096, 0.007968815043568611, 0.1397482007741928, 0.006338921841233969, 0.0918697863817215, 0.022158868610858917, 0.013742320239543915, 0.010529711842536926, 0.0897732824087143, 0.024145424365997314, 0.038321975618600845, 0.0009146137163043022, 0.008030813187360764, 0.00013658353418577462, 0.24274376034736633]","[0.02053043805062771, 0.9076774716377258, 0.07179208099842072]","[0.02053043805062771, 0.9076774716377258, 0.07179208099842072]",False,YALAN,RED,False,False,1781.9976000173483,"{""K1_input_and_readiness"": 0.04889999399892986, ""K7_context"": 0.001500011421740055, ""K1_normalization"": 0.011299998732283711, ""K6_advisory"": 33.112999983131886, ""K1_intent"": 0.03429999924264848, ""K2_retrieval"": 120.19299998064525, ""K3_reranker"": 1387.4876000045333, ""K8_weighted_ranking"": 1.3049999834038317, ""K3_candidate_filters"": 6.896100006997585, ""K9_advisory_consensus"": 0.007199996616691351, ""K4_nli_and_bypass_check"": 137.50700000673532, ""K5_decision"": 92.38670000922866}",28144
FACTURK-0178,YALAN,"[9150, 28388, 25228, 29080, 11780, 12161, 26343, 13341, 9588, 17048, 27696, 15874, 23686, 20566, 1499, 19888, 27997, 8787, 22049, 22359]","[0.0037948342505842447, 0.23970511555671692, 0.001269364496693015, 0.001518850913271308, 0.002790037775412202, 0.0007466114475391805, 0.00046010586083866656, 0.004365325905382633, 2.392351052549202e-05, 0.00020342698553577065, 0.0027791904285550117, 0.0001500056532677263, 5.2662067901110277e-05, 0.03853849694132805, 0.00010554686014074832, 0.0017614696407690644, 0.0016103574307635427, 0.005343256052583456, 0.0002591582597233355, 0.00026530236937105656]","[0.0007099541835486889, 0.9982512593269348, 0.0010387978982180357]","[0.0007099541835486889, 0.9982512593269348, 0.0010387978982180357]",False,YALAN,UYARI,False,False,3298.5226000018883,"{""K1_input_and_readiness"": 0.061400001868605614, ""K7_context"": 0.0013999815564602613, ""K1_normalization"": 0.011800002539530396, ""K6_advisory"": 33.89660001266748, ""K1_intent"": 0.04469999112188816, ""K2_retrieval"": 184.68780000694096, ""K3_reranker"": 2105.8331999811344, ""K8_weighted_ranking"": 1.485899992985651, ""K3_candidate_filters"": 6.481399992480874, ""K9_advisory_consensus"": 0.007200025720521808, ""K4_nli_and_bypass_check"": 506.0663000040222, ""K5_decision"": 456.6888000117615}",28388
FACTURK-0179,DOĞRU,"[20593, 29609, 1455, 5214, 6056, 17727, 26572, 27780, 27382, 21925, 18101, 4506, 6780, 20468, 7191, 27098, 15671, 12705, 16314, 17988]","[0.9986541271209717, 2.6688529032981023e-05, 0.0009773502824828029, 2.4682904040673748e-05, 1.6314539607265033e-05, 1.6187581422855146e-05, 1.6314539607265033e-05, 2.7535690605873242e-05, 0.00017265156202483922, 1.6061610949691385e-05, 1.6061610949691385e-05, 1.6061610949691385e-05, 1.6187581422855146e-05, 1.9525883544702083e-05, 1.6314539607265033e-05, 1.593661909282673e-05, 1.6442494597868063e-05, 0.0009326360304839909, 1.6314539607265033e-05, 1.593661909282673e-05]",null,"[1.0, 0.0, 0.0]",True,DOĞRU,ONAY,False,False,1329.205499991076,"{""K1_input_and_readiness"": 0.04349998198449612, ""K7_context"": 0.001800013706088066, ""K1_normalization"": 0.008199975127354264, ""K6_advisory"": 33.6263999924995, ""K1_intent"": 0.04859999171458185, ""K2_retrieval"": 114.84980001114309, ""K3_reranker"": 1168.938699993305, ""K8_weighted_ranking"": 1.3242999848444015, ""K3_candidate_filters"": 6.645399989793077, ""K9_advisory_consensus"": 0.013499986380338669, ""K4_nli_and_bypass_check"": 0.21929998183622956, ""K5_decision"": 0.28229999588802457}",20593
FACTURK-0180,YALAN,"[2000, 4353, 15684, 4855, 11451, 21500, 10051, 7924, 22918, 3383, 5214, 4866, 25049, 20077, 9524, 8564, 28886, 4469, 14277, 24849]","[0.043042849749326706, 0.00026323829661123455, 0.00011501735571073368, 0.001383117400109768, 1.6442494597868063e-05, 0.0005484792054630816, 0.002560870721936226, 1.9833367332466878e-05, 1.9525883544702083e-05, 1.6187581422855146e-05, 0.018404889851808548, 2.2474090656032786e-05, 0.010013571009039879, 1.6061610949691385e-05, 0.0005152657395228744, 5.0644717703107744e-05, 0.00011591933434829116, 1.8342892872169614e-05, 0.0002959570847451687, 0.0002415662893326953]","[0.0010463969083502889, 0.9972266554832458, 0.001726949354633689]","[0.0010463969083502889, 0.9972266554832458, 0.001726949354633689]",False,YALAN,RED,False,False,3029.783900012262,"{""K1_input_and_readiness"": 0.08329999400302768, ""K7_context"": 0.0015999830793589354, ""K1_normalization"": 0.015400000847876072, ""K6_advisory"": 34.7129000001587, ""K1_intent"": 0.07059998461045325, ""K2_retrieval"": 181.1969999980647, ""K3_reranker"": 1795.5739999888465, ""K8_weighted_ranking"": 1.064499985659495, ""K3_candidate_filters"": 5.8246999979019165, ""K9_advisory_consensus"": 0.006000016583129764, ""K4_nli_and_bypass_check"": 562.1714000008069, ""K5_decision"": 446.1487000226043}",2000
FACTURK-0181,YALAN,"[22908, 15852, 18635, 24870, 24497, 14032, 20023, 16917, 18617, 24083, 10414, 4861, 8159, 12474, 15165, 10792, 6705, 24224, 28035, 28530]","[0.0004673480580095202, 4.231559796608053e-05, 0.000192602863535285, 3.095910506090149e-05, 0.00010229986219201237, 0.0033766122069209814, 8.957788668340072e-05, 0.00010889690747717395, 0.0006538155721500516, 0.0002780309587251395, 0.00978387612849474, 0.0026522595435380936, 0.0003225071995984763, 2.4682904040673748e-05, 0.002387409098446369, 1.6964426322374493e-05, 0.0016941031208261847, 0.05877655744552612, 0.00018814207578543574, 4.469407213036902e-05]","[7.810256647644565e-05, 0.00011796566104749218, 0.9998039603233337]","[7.810256647644565e-05, 0.00011796566104749218, 0.9998039603233337]",False,YALAN,RED,False,False,1492.4662999983411,"{""K1_input_and_readiness"": 0.03890000516548753, ""K7_context"": 0.001300009898841381, ""K1_normalization"": 0.007800001185387373, ""K6_advisory"": 35.06530000595376, ""K1_intent"": 0.03640001523308456, ""K2_retrieval"": 107.15060000075027, ""K3_reranker"": 1049.8834000027273, ""K8_weighted_ranking"": 1.2624999799299985, ""K3_candidate_filters"": 6.526899989694357, ""K9_advisory_consensus"": 0.007699971320107579, ""K4_nli_and_bypass_check"": 164.0810000244528, ""K5_decision"": 125.34230001620017}",4861
FACTURK-0182,DOĞRU,"[9686, 15618, 8503, 14105, 21415, 25757, 4721, 3259, 9527, 20531, 27517, 1120, 2443, 22512, 7632, 19835, 15978, 29017, 29365, 14848]","[0.0035518845543265343, 0.6863700151443481, 0.4530198276042938, 0.00040290519245900214, 4.434627408045344e-05, 0.004281254485249519, 0.0002002737601287663, 0.0003514382697176188, 1.7917987861437723e-05, 1.6314539607265033e-05, 0.0029008574783802032, 0.004101929254829884, 1.6187581422855146e-05, 1.6187581422855146e-05, 1.7366719475830905e-05, 0.9468920826911926, 0.015365341678261757, 0.010052368976175785, 0.00012632041762117296, 0.003579642390832305]","[0.9978280663490295, 0.0008857907960191369, 0.00128614017739892]","[0.9978280663490295, 0.0008857907960191369, 0.00128614017739892]",False,YETERSİZ VERİ,KISMI,True,False,1641.9476000010036,"{""K1_input_and_readiness"": 0.04269997589290142, ""K7_context"": 0.001700012944638729, ""K1_normalization"": 0.009399984264746308, ""K6_advisory"": 33.01889999420382, ""K1_intent"": 0.04639997496269643, ""K2_retrieval"": 118.11840001610108, ""K3_reranker"": 1330.032099998789, ""K8_weighted_ranking"": 1.240600016899407, ""K3_candidate_filters"": 6.68200000654906, ""K9_advisory_consensus"": 0.01610000617802143, ""K4_nli_and_bypass_check"": 89.45179998409003, ""K5_decision"": 59.79730002582073}",19835
FACTURK-0183,DOĞRU,"[6322, 26371, 20718, 14190, 12380, 14909, 16502, 8486, 24551, 9718, 28415, 1024, 15899, 20932, 22146, 14292, 18372, 9387, 26393, 22886]","[0.0003275842755101621, 0.003538086311891675, 0.002833849750459194, 0.0017752605490386486, 0.01358439214527607, 2.5071596610359848e-05, 5.5622065701754764e-05, 0.000159678646014072, 1.6442494597868063e-05, 0.00016346470511052758, 0.0002269338583573699, 7.662102143513039e-05, 0.006438102573156357, 0.0004108485300093889, 1.7917987861437723e-05, 4.94715895911213e-05, 4.1659583075670525e-05, 1.750292540236842e-05, 3.269927037763409e-05, 0.00025514140725135803]","[0.6189813613891602, 0.1260351836681366, 0.25498345494270325]","[0.6189813613891602, 0.1260351836681366, 0.25498345494270325]",False,YALAN,UYARI,False,False,1706.8825000023935,"{""K1_input_and_readiness"": 0.04610000178217888, ""K7_context"": 0.0012999807950109243, ""K1_normalization"": 0.009000010322779417, ""K6_advisory"": 34.17420000187121, ""K1_intent"": 0.033199990866705775, ""K2_retrieval"": 123.94160000258125, ""K3_reranker"": 1313.9606000040658, ""K8_weighted_ranking"": 1.4236999850254506, ""K3_candidate_filters"": 6.922200002009049, ""K9_advisory_consensus"": 0.007800001185387373, ""K4_nli_and_bypass_check"": 119.46389998774976, ""K5_decision"": 103.6168999853544}",12380
FACTURK-0184,DOĞRU,"[9488, 29879, 1410, 6816, 11764, 23273, 11839, 26772, 9599, 2739, 27031, 2431, 29117, 23790, 12922, 23008, 20352, 23547, 12601, 7427]","[0.07290027290582657, 4.365878339740448e-05, 0.02527489699423313, 1.6187581422855146e-05, 0.1581743359565735, 0.0008295892039313912, 0.00013982206291984767, 1.6061610949691385e-05, 1.7366719475830905e-05, 0.001512938179075718, 0.00025714197545312345, 0.01024860143661499, 0.00023597174731548876, 0.00031258779927156866, 7.484622619813308e-05, 0.003635808825492859, 0.002123966347426176, 0.000458312890259549, 0.0001823546044761315, 0.0013198634842410684]","[0.0010946543188765645, 0.0017557180253788829, 0.997149646282196]","[0.0010946543188765645, 0.0017557180253788829, 0.997149646282196]",False,YALAN,RED,False,False,2852.8282000042964,"{""K1_input_and_readiness"": 0.08319999324157834, ""K7_context"": 0.001700012944638729, ""K1_normalization"": 0.014300021575763822, ""K6_advisory"": 35.545799997635186, ""K1_intent"": 0.04640000406652689, ""K2_retrieval"": 188.97089999518357, ""K3_reranker"": 2415.5619999801274, ""K8_weighted_ranking"": 1.3553000171668828, ""K3_candidate_filters"": 6.387799978256226, ""K9_advisory_consensus"": 0.006699992809444666, ""K4_nli_and_bypass_check"": 200.9451999911107, ""K5_decision"": 0.6963000050745904}",20352
FACTURK-0185,DOĞRU,"[12152, 18181, 10903, 2007, 3233, 18865, 27074, 18230, 16740, 24053, 10642, 526, 1582, 9479, 26677, 25875, 14493, 7529, 17961, 1112]","[0.00034329999471083283, 0.0011380005162209272, 0.00033274127054028213, 0.0020667945500463247, 2.178264912799932e-05, 0.01009131595492363, 4.006369272246957e-05, 0.0013617033837363124, 0.0006667023408226669, 8.682210318511352e-05, 0.0002715921145863831, 2.526822754589375e-05, 0.0011879054363816977, 0.002560870721936226, 1.9525883544702083e-05, 4.101373633602634e-05, 1.8342892872169614e-05, 6.922183820279315e-05, 1.7917987861437723e-05, 0.0008167381165549159]","[0.0017116819508373737, 0.996320366859436, 0.0019679968245327473]","[0.0017116819508373737, 0.996320366859436, 0.0019679968245327473]",False,YALAN,RED,False,False,2115.6014000007417,"{""K1_input_and_readiness"": 0.05299999611452222, ""K7_context"": 0.001600012183189392, ""K1_normalization"": 0.021899992134422064, ""K6_advisory"": 34.470500017050654, ""K1_intent"": 0.06059999577701092, ""K2_retrieval"": 157.51210000598803, ""K3_reranker"": 1200.367900019046, ""K8_weighted_ranking"": 1.0768999927677214, ""K3_candidate_filters"": 6.323799985693768, ""K9_advisory_consensus"": 0.008199975127354264, ""K4_nli_and_bypass_check"": 368.3300999982748, ""K5_decision"": 343.5559000063222}",10903
FACTURK-0186,DOĞRU,"[25228, 12864, 16150, 5023, 22218, 9150, 22732, 18332, 29881, 28547, 13077, 16063, 11125, 2244, 28144, 13390, 27784, 1499, 26748, 15787]","[0.7975568175315857, 0.022715754806995392, 0.06891249865293503, 0.017309095710515976, 0.6504672765731812, 0.22135066986083984, 0.05592617020010948, 0.0075479233637452126, 0.45075228810310364, 0.004101929254829884, 0.000628784007858485, 0.020332353189587593, 0.08601588010787964, 0.00821969285607338, 0.38110437989234924, 0.0030160662718117237, 0.00033535013790242374, 0.006984650157392025, 0.05449987202882767, 0.002323162741959095]","[0.0007005333318375051, 0.011245327070355415, 0.988054096698761]","[0.0007005333318375051, 0.011245327070355415, 0.988054096698761]",False,DOĞRU,ONAY,False,False,2310.0765999988653,"{""K1_input_and_readiness"": 0.09479999425821006, ""K7_context"": 0.0018999853637069464, ""K1_normalization"": 0.018699996871873736, ""K6_advisory"": 35.30350001528859, ""K1_intent"": 0.05880001117475331, ""K2_retrieval"": 236.0888000112027, ""K3_reranker"": 1890.5240999883972, ""K8_weighted_ranking"": 1.061999995727092, ""K3_candidate_filters"": 5.785500019555911, ""K9_advisory_consensus"": 0.006999995093792677, ""K4_nli_and_bypass_check"": 137.22509998478927, ""K5_decision"": 0.3988000098615885}",25228
FACTURK-0187,DOĞRU,"[6858, 13354, 13753, 8352, 16434, 29381, 16387, 7762, 1791, 5617, 20982, 9722, 16035, 1056, 9214, 743, 12595, 21772, 22496, 17523]","[0.0017342078499495983, 0.0006462032906711102, 0.011642225086688995, 0.0002131875662598759, 4.1335399146191776e-05, 2.4876489987946115e-05, 1.892514956125524e-05, 1.683241134742275e-05, 0.0002251682453788817, 0.021044565364718437, 1.657145367062185e-05, 1.6314539607265033e-05, 0.009936418384313583, 7.031184941297397e-05, 0.02319762483239174, 1.6442494597868063e-05, 0.0014269596431404352, 0.00021152888075448573, 0.0012497093994170427, 0.00028462239424698055]","[0.0003856549155898392, 0.9990443587303162, 0.0005699697067029774]","[0.0003856549155898392, 0.9990443587303162, 0.0005699697067029774]",False,YETERSİZ VERİ,RET,True,False,2454.4894999999087,"{""K1_input_and_readiness"": 0.05110001075081527, ""K7_context"": 0.0014999823179095984, ""K1_normalization"": 0.00890000956133008, ""K6_advisory"": 33.43690000474453, ""K1_intent"": 0.038700003642588854, ""K2_retrieval"": 142.3435999895446, ""K3_reranker"": 1881.2452999991365, ""K8_weighted_ranking"": 1.372099999571219, ""K3_candidate_filters"": 6.67899998370558, ""K9_advisory_consensus"": 0.008099974365904927, ""K4_nli_and_bypass_check"": 215.2057000203058, ""K5_decision"": 170.97150001791306}",5617
FACTURK-0188,YALAN,"[5578, 6615, 4532, 21674, 5949, 3324, 4622, 14493, 9972, 12071, 2080, 4160, 29267, 14924, 25113, 28104, 24971, 22599, 12437, 27302]","[0.0017614696407690644, 0.0001547666179249063, 0.002278330735862255, 0.0064882696606218815, 0.00039357561036013067, 0.008847354911267757, 0.006903838831931353, 2.318747829122003e-05, 0.0018821860430762172, 0.0007437028689309955, 8.888084994396195e-05, 3.071818719035946e-05, 0.0010566838318482041, 0.00033274127054028213, 0.0012497093994170427, 0.00015236754552461207, 0.00013765462790615857, 2.526822754589375e-05, 0.0018243826925754547, 1.6061610949691385e-05]","[0.0001921706134453416, 0.9995318651199341, 0.0002759748313110322]","[0.0001921706134453416, 0.9995318651199341, 0.0002759748313110322]",False,YETERSİZ VERİ,RET,True,False,2131.9433000171557,"{""K1_input_and_readiness"": 0.05569998756982386, ""K7_context"": 0.001600012183189392, ""K1_normalization"": 0.011500000255182385, ""K6_advisory"": 33.86809999938123, ""K1_intent"": 0.04230000195093453, ""K2_retrieval"": 168.4487000165973, ""K3_reranker"": 1764.7063999902457, ""K8_weighted_ranking"": 1.3020000187680125, ""K3_candidate_filters"": 6.5568000136408955, ""K9_advisory_consensus"": 0.00790000194683671, ""K4_nli_and_bypass_check"": 153.2219999935478, ""K5_decision"": 0.3787999739870429}",2080
FACTURK-0189,DOĞRU,"[19351, 11010, 14439, 18431, 24009, 23905, 7735, 28962, 29094, 14762, 19588, 28767, 28547, 16699, 23160, 16651, 17410, 5494, 29532, 19018]","[0.06313490122556686, 2.6897845600615256e-05, 1.6314539607265033e-05, 0.0003799845289904624, 1.67014204635052e-05, 1.6442494597868063e-05, 1.9525883544702083e-05, 6.922183820279315e-05, 1.67014204635052e-05, 0.0007096704212017357, 1.6187581422855146e-05, 1.6061610949691385e-05, 3.7636447814293206e-05, 0.048496000468730927, 0.0009217804181389511, 1.9525883544702083e-05, 0.00043563017970882356, 8.415108459303156e-05, 6.452214438468218e-05, 2.9541422918555327e-05]","[0.0005003275000490248, 0.9992708563804626, 0.00022878967865835875]","[0.0005003275000490248, 0.9992708563804626, 0.00022878967865835875]",False,YETERSİZ VERİ,RET,True,False,1719.0339999797288,"{""K1_input_and_readiness"": 0.05370000144466758, ""K7_context"": 0.001500011421740055, ""K1_normalization"": 0.010400020983070135, ""K6_advisory"": 34.63539999211207, ""K1_intent"": 0.05259999306872487, ""K2_retrieval"": 125.17980000120588, ""K3_reranker"": 1137.8542000020389, ""K8_weighted_ranking"": 1.5260000072885305, ""K3_candidate_filters"": 6.561600021086633, ""K9_advisory_consensus"": 0.00999998883344233, ""K4_nli_and_bypass_check"": 219.12930000689812, ""K5_decision"": 190.49660000018775}",5494
FACTURK-0190,YALAN,"[27879, 20768, 21500, 8176, 4504, 8127, 18363, 27285, 21442, 12043, 21657, 3917, 26651, 436, 24271, 532, 12062, 26875, 13924, 10678]","[0.0014895173953846097, 0.0015916259726509452, 6.352188938762993e-05, 1.6314539607265033e-05, 1.6314539607265033e-05, 0.0011116681853309274, 0.0003301527176517993, 0.0008864988922141492, 0.0005132579244673252, 1.922317096614279e-05, 6.253713218029588e-05, 0.0009510130621492863, 0.0007495314348489046, 2.030369250860531e-05, 0.045183755457401276, 1.6442494597868063e-05, 6.502816540887579e-05, 0.00024536947603337467, 6.253713218029588e-05, 0.006241259165108204]","[0.02018464170396328, 0.3927929401397705, 0.5870224237442017]","[0.02018464170396328, 0.3927929401397705, 0.5870224237442017]",False,YALAN,RED,False,False,1581.1631999968085,"{""K1_input_and_readiness"": 0.04889999399892986, ""K7_context"": 0.0014999823179095984, ""K1_normalization"": 0.009800016414374113, ""K6_advisory"": 34.488100005546585, ""K1_intent"": 0.03670001751743257, ""K2_retrieval"": 113.2227000198327, ""K3_reranker"": 1191.0493000177667, ""K8_weighted_ranking"": 1.3413999986369163, ""K3_candidate_filters"": 6.947100016986951, ""K9_advisory_consensus"": 0.007599999662488699, ""K4_nli_and_bypass_check"": 132.54219997907057, ""K5_decision"": 98.00530000939034}",8127
FACTURK-0191,DOĞRU,"[5224, 16071, 17558, 25103, 12191, 26149, 2009, 16379, 7290, 6976, 18980, 10178, 19539, 21619, 489, 12175, 3972, 4904, 25166, 14360]","[0.0008864988922141492, 0.00032503585680387914, 0.002540992572903633, 1.67014204635052e-05, 1.9525883544702083e-05, 1.6314539607265033e-05, 1.7366719475830905e-05, 1.6442494597868063e-05, 2.1112482500029728e-05, 0.00015236754552461207, 1.6187581422855146e-05, 1.593661909282673e-05, 2.4300241420860402e-05, 8.957788668340072e-05, 1.7097478121286258e-05, 1.9373936083866283e-05, 2.7969301299890503e-05, 1.6061610949691385e-05, 0.00019871552649419755, 1.6187581422855146e-05]","[0.3042563199996948, 0.04586111381649971, 0.6498825550079346]","[0.3042563199996948, 0.04586111381649971, 0.6498825550079346]",False,YALAN,RED,False,False,1895.9938999905717,"{""K1_input_and_readiness"": 0.04709998029284179, ""K7_context"": 0.001400010660290718, ""K1_normalization"": 0.008899980457499623, ""K6_advisory"": 37.297000002581626, ""K1_intent"": 0.0515999854542315, ""K2_retrieval"": 121.36509999982081, ""K3_reranker"": 1492.7018999878783, ""K8_weighted_ranking"": 1.3812000106554478, ""K3_candidate_filters"": 6.6835000179708, ""K9_advisory_consensus"": 0.007800001185387373, ""K4_nli_and_bypass_check"": 140.13250000425614, ""K5_decision"": 92.68289999454282}",10178
FACTURK-0192,DOĞRU,"[19325, 27343, 6334, 20335, 11505, 27852, 12545, 8775, 5692, 24499, 6977, 10454, 24531, 3791, 8010, 8023, 29196, 22303, 23261, 22586]","[0.9460012316703796, 0.00020825010142289102, 0.0005112579092383385, 0.0001559802913106978, 0.00012731103925034404, 0.0001344663032796234, 0.000539980421308428, 4.006369272246957e-05, 0.00022167809947859496, 0.0004747042548842728, 0.00015843621804378927, 0.00013982206291984767, 3.8229114579735324e-05, 1.6187581422855146e-05, 4.794958294951357e-05, 1.6187581422855146e-05, 7.426380761899054e-05, 8.614650869276375e-05, 2.195349043176975e-05, 0.00026323829661123455]","[0.03192662075161934, 0.9670531749725342, 0.0010201475815847516]","[0.03192662075161934, 0.9670531749725342, 0.0010201475815847516]",False,YETERSİZ VERİ,RET,True,False,1675.3440000175033,"{""K1_input_and_readiness"": 0.04719998105429113, ""K7_context"": 0.00200001522898674, ""K1_normalization"": 0.008599978173151612, ""K6_advisory"": 33.40840002056211, ""K1_intent"": 0.03749999450519681, ""K2_retrieval"": 127.37590001779608, ""K3_reranker"": 1352.0120000175666, ""K8_weighted_ranking"": 1.2840000272262841, ""K3_candidate_filters"": 6.514300010167062, ""K9_advisory_consensus"": 0.007399998139590025, ""K4_nli_and_bypass_check"": 86.88610000535846, ""K5_decision"": 64.32789997779764}",19325
FACTURK-0193,DOĞRU,"[4093, 4710, 27488, 7203, 16807, 2121, 3668, 28848, 13963, 17797, 18508, 28014, 19074, 4659, 11250, 23026, 19054, 13077, 28436, 27322]","[0.025662705302238464, 0.12787027657032013, 0.0003889921063091606, 0.059101540595293045, 0.0013993984321132302, 0.0032350558321923018, 0.015365341678261757, 6.502816540887579e-05, 0.00011235327838221565, 0.015543648041784763, 0.0001956353517016396, 0.01634012721478939, 0.000192602863535285, 5.694102947018109e-05, 9.387641330249608e-05, 0.0005658799782395363, 5.829126530443318e-05, 0.020924191921949387, 0.00046010586083866656, 0.00019716942915692925]","[0.0019880742765963078, 0.06986615806818008, 0.9281458258628845]","[0.0019880742765963078, 0.06986615806818008, 0.9281458258628845]",False,DOĞRU,ONAY,False,False,2564.345599996159,"{""K1_input_and_readiness"": 0.057199998991563916, ""K7_context"": 0.0015999830793589354, ""K1_normalization"": 0.012900010915473104, ""K6_advisory"": 33.88309999718331, ""K1_intent"": 0.05199998850002885, ""K2_retrieval"": 160.0588000146672, ""K3_reranker"": 2062.7002000110224, ""K8_weighted_ranking"": 1.3299999991431832, ""K3_candidate_filters"": 6.964499974856153, ""K9_advisory_consensus"": 0.008000002708286047, ""K4_nli_and_bypass_check"": 160.0075000023935, ""K5_decision"": 135.9840999939479}",4710
FACTURK-0194,DOĞRU,"[5958, 15787, 12349, 3641, 26597, 9563, 12796, 12977, 3737, 29883, 12818, 29658, 14015, 23117, 25004, 23631, 25873, 8602, 10079, 15062]","[0.0002780309587251395, 4.1335399146191776e-05, 0.00046917638974264264, 7.602479308843613e-05, 3.024195939360652e-05, 4.683888619183563e-05, 8.481103577651083e-05, 2.566613329690881e-05, 6.014152313582599e-05, 0.00023231418163049966, 0.00021824207215104252, 3.0479141059913673e-05, 0.000471011851914227, 7.031184941297397e-05, 0.00014091856428422034, 5.738759500673041e-05, 0.00010720880527514964, 0.029760092496871948, 4.1659583075670525e-05, 0.002746900776401162]","[0.022256290540099144, 0.971701443195343, 0.006042281165719032]","[0.022256290540099144, 0.971701443195343, 0.006042281165719032]",False,YETERSİZ VERİ,RET,True,False,2169.1172999853734,"{""K1_input_and_readiness"": 0.0641999940853566, ""K7_context"": 0.0013999815564602613, ""K1_normalization"": 0.010599993402138352, ""K6_advisory"": 35.4075999930501, ""K1_intent"": 0.040000013541430235, ""K2_retrieval"": 150.83810000214726, ""K3_reranker"": 1639.1987999959383, ""K8_weighted_ranking"": 1.2377999955788255, ""K3_candidate_filters"": 5.82419999409467, ""K9_advisory_consensus"": 0.007299997378140688, ""K4_nli_and_bypass_check"": 173.6426000134088, ""K5_decision"": 159.18190000229515}",8602
FACTURK-0195,YALAN,"[28039, 4770, 4872, 17816, 12447, 27699, 25033, 20837, 9878, 15959, 9360, 17066, 12613, 27074, 4648, 30006, 24772, 2951, 28423, 8616]","[1.7778551409719512e-05, 0.00027372167096473277, 1.7097478121286258e-05, 6.814872176619247e-05, 1.7366719475830905e-05, 0.00048406238784082234, 0.00010637458035489544, 0.00018522572645451874, 4.611274925991893e-05, 1.8200149497715756e-05, 1.6964426322374493e-05, 4.7206227463902906e-05, 0.0001673405058681965, 1.6187581422855146e-05, 1.6187581422855146e-05, 0.000191104321856983, 1.6061610949691385e-05, 1.6314539607265033e-05, 1.657145367062185e-05, 1.67014204635052e-05]","[0.02692216821014881, 0.9544726610183716, 0.018605206161737442]","[0.02692216821014881, 0.9544726610183716, 0.018605206161737442]",False,YALAN,UYARI,False,False,1597.2102000087034,"{""K1_input_and_readiness"": 0.053499999921768904, ""K7_context"": 0.001800013706088066, ""K1_normalization"": 0.009399984264746308, ""K6_advisory"": 34.46159997838549, ""K1_intent"": 0.050799979362636805, ""K2_retrieval"": 115.39530000300147, ""K3_reranker"": 1157.9328999796417, ""K8_weighted_ranking"": 1.3515999889932573, ""K3_candidate_filters"": 6.7974000121466815, ""K9_advisory_consensus"": 0.007399998139590025, ""K4_nli_and_bypass_check"": 153.65990001009777, ""K5_decision"": 123.02379999891855}",12613
FACTURK-0196,DOĞRU,"[24272, 1218, 2566, 28738, 9606, 5817, 13586, 20724, 7662, 7441, 16948, 11149, 11901, 18352, 16473, 8252, 15483, 25643, 11536, 12706]","[0.00045121065340936184, 0.0002287133247591555, 0.0003029734070878476, 2.7751651941798627e-05, 4.757645365316421e-05, 1.6964426322374493e-05, 1.8486754925106652e-05, 2.3007036361377686e-05, 0.00021654405281879008, 0.0040543340146541595, 1.6442494597868063e-05, 5.874842099728994e-05, 0.0007437028689309955, 0.005620036274194717, 1.6964426322374493e-05, 0.0002251682453788817, 6.657015910604969e-05, 5.829126530443318e-05, 0.0008009536541067064, 0.002378123812377453]","[0.0007084265234880149, 0.9981288313865662, 0.001162714441306889]","[0.0007084265234880149, 0.9981288313865662, 0.001162714441306889]",False,YALAN,RED,False,False,1514.4481000024825,"{""K1_input_and_readiness"": 0.05880001117475331, ""K7_context"": 0.0016999838408082724, ""K1_normalization"": 0.013200013199821115, ""K6_advisory"": 33.48879999248311, ""K1_intent"": 0.04490002174861729, ""K2_retrieval"": 143.5209000192117, ""K3_reranker"": 1292.6371000066865, ""K8_weighted_ranking"": 1.279499992961064, ""K3_candidate_filters"": 7.007599982898682, ""K9_advisory_consensus"": 0.008400005754083395, ""K4_nli_and_bypass_check"": 31.781600002432242, ""K5_decision"": 1.3229000032879412}",18352
FACTURK-0197,YALAN,"[3315, 11155, 1090, 1840, 19258, 9150, 27488, 29196, 14313, 5300, 21201, 24869, 29875, 13077, 24454, 5898, 5272, 21495, 14770, 17113]","[0.002580904169008136, 0.0021322614047676325, 0.02433018945157528, 0.007968815043568611, 7.543320680269971e-05, 0.017176708206534386, 0.0014103584690019488, 0.0003150386910419911, 0.0003500686143524945, 0.4480036199092865, 0.0060975621454417706, 0.002736221067607403, 1.9833367332466878e-05, 0.006641112733632326, 1.683241134742275e-05, 0.0017342078499495983, 0.4563492238521576, 2.2827996872365475e-05, 0.038321975618600845, 3.8229114579735324e-05]","[0.0018723031971603632, 0.983863115310669, 0.014264523051679134]","[0.0018723031971603632, 0.983863115310669, 0.014264523051679134]",False,YALAN,UYARI,False,False,2568.0138999887276,"{""K1_input_and_readiness"": 0.08060000254772604, ""K7_context"": 0.0015999830793589354, ""K1_normalization"": 0.01610000617802143, ""K6_advisory"": 35.230500012403354, ""K1_intent"": 0.06580000626854599, ""K2_retrieval"": 238.29829998430796, ""K3_reranker"": 2112.7447999897413, ""K8_weighted_ranking"": 1.0876999876927584, ""K3_candidate_filters"": 6.090000009862706, ""K9_advisory_consensus"": 0.007300026481971145, ""K4_nli_and_bypass_check"": 170.8756000152789, ""K5_decision"": 0.22349998471327126}",5272
FACTURK-0198,DOĞRU,"[2993, 29892, 12189, 27894, 15787, 11479, 22218, 12809, 27689, 1272, 6047, 3189, 20136, 24869, 18332, 22732, 26284, 29403, 21169, 23181]","[0.005260852165520191, 0.027376487851142883, 0.11961366981267929, 0.009596454910933971, 0.013273886404931545, 0.03697755187749863, 0.20721471309661865, 0.016466174274683, 0.00023782203788869083, 0.026455774903297424, 0.00027372167096473277, 0.01634012721478939, 0.04023794084787369, 0.020884215831756592, 0.010013571009039879, 0.014899643138051033, 0.5824910402297974, 0.0008559006964787841, 0.011597361415624619, 0.14730967581272125]","[0.0007621212280355394, 0.1832427680492401, 0.8159950971603394]","[0.0007621212280355394, 0.1832427680492401, 0.8159950971603394]",False,DOĞRU,ONAY,False,False,2549.2174999963026,"{""K1_input_and_readiness"": 0.072900002123788, ""K7_context"": 0.001500011421740055, ""K1_normalization"": 0.012699980288743973, ""K6_advisory"": 34.57370001706295, ""K1_intent"": 0.046600005589425564, ""K2_retrieval"": 189.2187999910675, ""K3_reranker"": 1613.838899997063, ""K8_weighted_ranking"": 1.3363999896682799, ""K3_candidate_filters"": 6.474399997387081, ""K9_advisory_consensus"": 0.008700008038431406, ""K4_nli_and_bypass_check"": 373.68960000458173, ""K5_decision"": 326.691900001606}",26284
FACTURK-0199,DOĞRU,"[27018, 6504, 26199, 1562, 9572, 23772, 20420, 29539, 4002, 25231, 18772, 19190, 12333, 22210, 3551, 11330, 26934, 7744, 3249, 22221]","[0.00026947917649522424, 0.00044248730409890413, 4.331903619458899e-05, 1.6442494597868063e-05, 0.0011559007689356804, 0.0025909794494509697, 4.1986306314356625e-05, 5.5622065701754764e-05, 1.7366719475830905e-05, 1.7097478121286258e-05, 1.6314539607265033e-05, 0.0006000071880407631, 0.01024860143661499, 1.6314539607265033e-05, 0.0018172829877585173, 8.415108459303156e-05, 1.6442494597868063e-05, 7.9673009167891e-05, 1.6442494597868063e-05, 0.00042554305400699377]","[0.2035844475030899, 0.6328279972076416, 0.1635875105857849]","[0.2035844475030899, 0.6328279972076416, 0.1635875105857849]",False,YETERSİZ VERİ,RET,True,False,2625.906200002646,"{""K1_input_and_readiness"": 0.045599997974932194, ""K7_context"": 0.001800013706088066, ""K1_normalization"": 0.008500006515532732, ""K6_advisory"": 34.590299997944385, ""K1_intent"": 0.04169999738223851, ""K2_retrieval"": 141.03599998634309, ""K3_reranker"": 2083.5786999959964, ""K8_weighted_ranking"": 1.7958999960683286, ""K3_candidate_filters"": 6.565099989529699, ""K9_advisory_consensus"": 0.006599992047995329, ""K4_nli_and_bypass_check"": 198.6853999842424, ""K5_decision"": 156.15799999795854}",6504
FACTURK-0200,DOĞRU,"[25108, 30120, 24217, 2506, 3423, 16322, 12763, 12935, 8507, 26227, 21058, 14012, 26004, 8602, 6276, 14728, 5535, 5533, 14084, 23792]","[0.008412977680563927, 0.0014214044203981757, 0.020332353189587593, 0.0001956353517016396, 0.28348374366760254, 3.4537253668531775e-05, 0.001987774157896638, 0.0007793660624884069, 3.5633544030133635e-05, 0.0008199321455322206, 0.00013658353418577462, 0.0013096056645736098, 1.8486754925106652e-05, 0.007039045449346304, 0.000706905557308346, 0.0010362669127061963, 0.00018667821132112294, 0.0014103584690019488, 0.0024438868276774883, 0.0044683837331831455]","[0.0018412978388369083, 0.9918584227561951, 0.00630025053396821]","[0.0018412978388369083, 0.9918584227561951, 0.00630025053396821]",False,YALAN,UYARI,False,False,2290.5099999916274,"{""K1_input_and_readiness"": 0.07839998579584062, ""K7_context"": 0.001300009898841381, ""K1_normalization"": 0.01379998866468668, ""K6_advisory"": 34.077500022249296, ""K1_intent"": 0.048200017772614956, ""K2_retrieval"": 199.67350002843887, ""K3_reranker"": 1916.1300999985542, ""K8_weighted_ranking"": 1.3682999997399747, ""K3_candidate_filters"": 6.66719998116605, ""K9_advisory_consensus"": 0.006399990525096655, ""K4_nli_and_bypass_check"": 129.09180001588538, ""K5_decision"": 0.22159999934956431}",24217
FACTURK-0201,DOĞRU,"[24946, 1212, 10614, 6387, 10000, 5133, 22301, 1061, 9347, 16041, 13673, 20296, 14919, 17124, 6797, 22817, 26775, 16218, 9914, 26733]","[0.9995505213737488, 0.027954399585723877, 0.19436779618263245, 0.009020279161632061, 1.805851934477687e-05, 0.00034870431409217417, 0.0003569706459529698, 0.0003053489199373871, 0.00025514140725135803, 0.00011682839976856485, 6.452214438468218e-05, 0.00038446192047558725, 0.0005861161625944078, 1.6061610949691385e-05, 0.00013658353418577462, 0.00011774459562730044, 1.750292540236842e-05, 0.004773722495883703, 0.004485794343054295, 0.00043904531048610806]",null,"[1.0, 0.0, 0.0]",True,DOĞRU,ONAY,False,False,1795.2132999780588,"{""K1_input_and_readiness"": 0.07180002285167575, ""K7_context"": 0.002100015990436077, ""K1_normalization"": 0.01170000177808106, ""K6_advisory"": 36.47540000383742, ""K1_intent"": 0.05679999594576657, ""K2_retrieval"": 138.89979998930357, ""K3_reranker"": 1607.6324000023305, ""K8_weighted_ranking"": 1.286200014874339, ""K3_candidate_filters"": 6.700600002659485, ""K9_advisory_consensus"": 0.008500006515532732, ""K4_nli_and_bypass_check"": 0.23219999275170267, ""K5_decision"": 0.3099000023212284}",24946
FACTURK-0202,DOĞRU,"[22661, 17307, 8293, 24091, 4525, 29775, 5697, 8064, 17985, 4114, 11061, 4056, 21645, 19296, 20659, 5206, 12269, 16472, 12246, 30200]","[0.005685906857252121, 0.00677120964974165, 0.007937993854284286, 0.006903838831931353, 0.008093290030956268, 0.01342825498431921, 0.00015843621804378927, 0.004248078912496567, 0.002034817123785615, 0.0032224843744188547, 5.0644717703107744e-05, 0.0012644219677895308, 0.0008899655076675117, 0.005119676236063242, 0.0007014083093963563, 0.0018102108733728528, 0.003510648850351572, 0.0007379196467809379, 0.00026530236937105656, 0.0004407629603520036]","[0.0006195778260007501, 0.998902440071106, 0.0004779435112141073]","[0.0006195778260007501, 0.998902440071106, 0.0004779435112141073]",False,YALAN,RED,False,False,2180.5187999852933,"{""K1_input_and_readiness"": 0.05750000127591193, ""K7_context"": 0.001700012944638729, ""K1_normalization"": 0.010499992640689015, ""K6_advisory"": 36.00990000995807, ""K1_intent"": 0.04290000651963055, ""K2_retrieval"": 130.80460001947358, ""K3_reranker"": 1975.1902999996673, ""K8_weighted_ranking"": 1.5534999838564545, ""K3_candidate_filters"": 6.503300013719127, ""K9_advisory_consensus"": 0.007199996616691351, ""K4_nli_and_bypass_check"": 26.553599978797138, ""K5_decision"": 0.29429999995045364}",4525
FACTURK-0203,YALAN,"[29110, 4632, 7773, 6920, 14298, 23177, 29996, 7350, 18925, 7192, 25142, 28320, 12134, 29924, 22407, 26261, 29255, 15490, 30337, 29203]","[0.9965837001800537, 0.0007014083093963563, 0.005842605605721474, 0.0004124558763578534, 0.00028462239424698055, 8.957788668340072e-05, 0.004382336512207985, 0.0012497093994170427, 7.843789353501052e-05, 0.00023231418163049966, 1.6187581422855146e-05, 0.00039666122756898403, 0.002822832902893424, 0.0009110511746257544, 0.00017952796770259738, 0.0004897656035609543, 0.000570315751247108, 0.49691399931907654, 1.657145367062185e-05, 0.00020184421737212688]",null,"[1.0, 0.0, 0.0]",True,YALAN,UYARI,False,False,5195.456200017361,"{""K1_input_and_readiness"": 0.04409998655319214, ""K7_context"": 0.001500011421740055, ""K1_normalization"": 0.008899980457499623, ""K6_advisory"": 33.311500010313466, ""K1_intent"": 0.04770001396536827, ""K2_retrieval"": 103.71159997885115, ""K3_reranker"": 5046.514899993781, ""K8_weighted_ranking"": 1.33050000295043, ""K3_candidate_filters"": 6.348500028252602, ""K9_advisory_consensus"": 0.007099995855242014, ""K4_nli_and_bypass_check"": 0.321899977279827, ""K5_decision"": 0.4076000186614692}",29110
FACTURK-0204,DOĞRU,"[10770, 25701, 12616, 28828, 11750, 26004, 20341, 29480, 22830, 24388, 8609, 11155, 6234, 20529, 18355, 2688, 21060, 2640, 19578, 8089]","[0.05613277852535248, 0.000458312890259549, 2.094818773912266e-05, 0.00020988310279790312, 2.977311669383198e-05, 4.985958003089763e-05, 2.6897845600615256e-05, 0.08850465714931488, 1.6442494597868063e-05, 1.7778551409719512e-05, 0.0010649627074599266, 1.6314539607265033e-05, 0.002191240666434169, 1.657145367062185e-05, 3.321419353596866e-05, 1.6061610949691385e-05, 0.000191104321856983, 1.657145367062185e-05, 0.00023413581948261708, 3.1941821362124756e-05]","[0.0010116517078131437, 0.9956024885177612, 0.0033858129754662514]","[0.0010116517078131437, 0.9956024885177612, 0.0033858129754662514]",False,YETERSİZ VERİ,RET,True,False,3629.8800999938976,"{""K1_input_and_readiness"": 0.06739998934790492, ""K7_context"": 0.0015999830793589354, ""K1_normalization"": 0.013500015484169126, ""K6_advisory"": 35.02849998767488, ""K1_intent"": 0.04509999416768551, ""K2_retrieval"": 181.35269999038428, ""K3_reranker"": 2348.5256000130903, ""K8_weighted_ranking"": 1.3457000022754073, ""K3_candidate_filters"": 6.493099994258955, ""K9_advisory_consensus"": 0.00689999433234334, ""K4_nli_and_bypass_check"": 602.7710000053048, ""K5_decision"": 450.6600000022445}",8609
FACTURK-0205,DOĞRU,"[20122, 26698, 28378, 16671, 4516, 19554, 6038, 15546, 23135, 12375, 27048, 11727, 29365, 26468, 15509, 15290, 26741, 9980, 621, 128]","[0.004591683857142925, 2.318747829122003e-05, 1.8631746570463292e-05, 1.6187581422855146e-05, 7.141901005525142e-05, 1.657145367062185e-05, 4.1335399146191776e-05, 0.0001344663032796234, 1.9525883544702083e-05, 1.6187581422855146e-05, 0.00049553596181795, 3.734356869244948e-05, 1.6442494597868063e-05, 2.1278065105434507e-05, 6.60521473037079e-05, 1.657145367062185e-05, 1.6187581422855146e-05, 1.6314539607265033e-05, 1.6314539607265033e-05, 0.009670992381870747]","[0.016808748245239258, 0.977331817150116, 0.005859398283064365]","[0.016808748245239258, 0.977331817150116, 0.005859398283064365]",False,YETERSİZ VERİ,RET,True,False,1691.6149999888148,"{""K1_input_and_readiness"": 0.04470002022571862, ""K7_context"": 0.001300009898841381, ""K1_normalization"": 0.008100003469735384, ""K6_advisory"": 33.25789998052642, ""K1_intent"": 0.03190001007169485, ""K2_retrieval"": 107.28930000914261, ""K3_reranker"": 1331.8770000187214, ""K8_weighted_ranking"": 1.3324999890755862, ""K3_candidate_filters"": 6.556699983775616, ""K9_advisory_consensus"": 0.006900023436173797, ""K4_nli_and_bypass_check"": 115.82329997327179, ""K5_decision"": 92.27429999737069}",20122
FACTURK-0206,YALAN,"[29913, 19220, 2031, 20823, 8855, 6137, 1587, 12410, 17244, 8176, 28829, 3875, 13945, 19899, 23504, 6389, 4522, 20323, 2288, 10348]","[0.9994786381721497, 0.0009326360304839909, 1.657145367062185e-05, 8.415108459303156e-05, 1.7640199075685814e-05, 1.8342892872169614e-05, 0.0007014083093963563, 2.6897845600615256e-05, 3.647853736765683e-05, 1.8342892872169614e-05, 0.0005053045460954309, 1.6314539607265033e-05, 0.0001500056532677263, 0.0005112579092383385, 1.8486754925106652e-05, 2.014569145103451e-05, 0.00049553596181795, 0.00022167809947859496, 1.805851934477687e-05, 1.9988918211311102e-05]","[0.9993768334388733, 0.00019514963787514716, 0.00042800852679647505]","[0.9993768334388733, 0.00019514963787514716, 0.00042800852679647505]",False,YALAN,UYARI,False,False,2413.676800002577,"{""K1_input_and_readiness"": 0.05590001819655299, ""K7_context"": 0.001600012183189392, ""K1_normalization"": 0.00969998654909432, ""K6_advisory"": 35.104500013403594, ""K1_intent"": 0.06479999865405262, ""K2_retrieval"": 151.07640001224354, ""K3_reranker"": 1805.112600006396, ""K8_weighted_ranking"": 1.362899987725541, ""K3_candidate_filters"": 7.371500018052757, ""K9_advisory_consensus"": 0.012500007869675756, ""K4_nli_and_bypass_check"": 273.7524999829475, ""K5_decision"": 136.43210000009276}",29913
FACTURK-0207,DOĞRU,"[18561, 12152, 22465, 10902, 4855, 11058, 27017, 4992, 7224, 13048, 7924, 12330, 13026, 25108, 9084, 10076, 15036, 21059, 27818, 2984]","[0.00011147904297104105, 3.095910506090149e-05, 0.00010554686014074832, 6.402006692951545e-05, 2.6480842279852368e-05, 0.002082970691844821, 0.0013993984321132302, 2.030369250860531e-05, 0.009055263362824917, 0.002225670963525772, 6.922183820279315e-05, 7.031184941297397e-05, 0.001269364496693015, 3.269927037763409e-05, 0.0027791904285550117, 0.00034196203341707587, 0.02157406695187092, 1.6061610949691385e-05, 0.004281254485249519, 1.7917987861437723e-05]","[0.002493148436769843, 0.9830660820007324, 0.014440767467021942]","[0.002493148436769843, 0.9830660820007324, 0.014440767467021942]",False,YALAN,UYARI,False,False,1725.4142999881878,"{""K1_input_and_readiness"": 0.05400000372901559, ""K7_context"": 0.0016999838408082724, ""K1_normalization"": 0.010000017937272787, ""K6_advisory"": 33.64969999529421, ""K1_intent"": 0.06809999467805028, ""K2_retrieval"": 132.81859998824075, ""K3_reranker"": 1117.5207999767736, ""K8_weighted_ranking"": 1.3130000152159482, ""K3_candidate_filters"": 7.065500016324222, ""K9_advisory_consensus"": 0.007800001185387373, ""K4_nli_and_bypass_check"": 235.9938999870792, ""K5_decision"": 193.8089999894146}",7224
FACTURK-0208,DOĞRU,"[26920, 1739, 3717, 24186, 1747, 10692, 18453, 25764, 18561, 20708, 30100, 17448, 17499, 11775, 88, 26333, 24934, 38, 13453, 2720]","[0.9992706179618835, 0.04385456070303917, 0.0004407629603520036, 0.00011323437502142042, 1.7366719475830905e-05, 0.0007613258203491569, 2.6688529032981023e-05, 3.9442587876692414e-05, 0.000124362253700383, 0.0016809417866170406, 0.00026947917649522424, 3.734356869244948e-05, 7.722192094661295e-05, 0.0065388246439397335, 0.0004060639475937933, 0.012673736549913883, 2.6480842279852368e-05, 0.00043393249507062137, 4.1986306314356625e-05, 0.00044770087697543204]",null,"[1.0, 0.0, 0.0]",True,YETERSİZ VERİ,KISMI,True,False,2119.965299993055,"{""K1_input_and_readiness"": 0.050000002374872565, ""K7_context"": 0.001600012183189392, ""K1_normalization"": 0.00969998654909432, ""K6_advisory"": 32.95220001018606, ""K1_intent"": 0.03589998232200742, ""K2_retrieval"": 124.82319999253377, ""K3_reranker"": 1949.731700005941, ""K8_weighted_ranking"": 1.427400013199076, ""K3_candidate_filters"": 6.853600003523752, ""K9_advisory_consensus"": 0.008799979696050286, ""K4_nli_and_bypass_check"": 0.3201999934390187, ""K5_decision"": 0.4005999944638461}",26920
FACTURK-0209,YALAN,"[6451, 25750, 13875, 18085, 7811, 2416, 29858, 6684, 2729, 25254, 6328, 23604, 19976, 26193, 7301, 11198, 16617, 14205, 7407, 6618]","[0.9754835963249207, 0.0009075025445781648, 0.0009253848693333566, 0.0012351677287369967, 0.58521968126297, 0.013325147330760956, 0.05223086103796959, 1.6187581422855146e-05, 0.004331501666456461, 0.00020988310279790312, 1.6442494597868063e-05, 1.683241134742275e-05, 0.006718870252370834, 9.098840382648632e-05, 0.0015307451831176877, 1.6442494597868063e-05, 0.00012731103925034404, 0.00027586790383793414, 3.1941821362124756e-05, 1.6187581422855146e-05]","[0.0004904125235043466, 0.9978882670402527, 0.0016213612398132682]","[0.0004904125235043466, 0.9978882670402527, 0.0016213612398132682]",False,YETERSİZ VERİ,RET,True,False,1569.199200021103,"{""K1_input_and_readiness"": 0.05289999535307288, ""K7_context"": 0.0014999823179095984, ""K1_normalization"": 0.009800016414374113, ""K6_advisory"": 35.24409999954514, ""K1_intent"": 0.06369999027810991, ""K2_retrieval"": 148.75459999893792, ""K3_reranker"": 1345.2449000033084, ""K8_weighted_ranking"": 1.3935999886598438, ""K3_candidate_filters"": 6.978599994909018, ""K9_advisory_consensus"": 0.008000002708286047, ""K4_nli_and_bypass_check"": 27.119599981233478, ""K5_decision"": 0.40439999429509044}",29858
FACTURK-0210,YALAN,"[8685, 24354, 25228, 25169, 15787, 16150, 24020, 27219, 25225, 2858, 13541, 9220, 28547, 24956, 9510, 22126, 438, 15238, 3189, 22695]","[0.0020111582707613707, 0.44188374280929565, 0.5017337799072266, 0.003914823289960623, 0.002934951800853014, 0.18447348475456238, 0.009232213720679283, 0.006877107545733452, 0.026657739654183388, 0.0017961491830646992, 0.022715754806995392, 0.006903838831931353, 0.03371654078364372, 0.0011786719551309943, 0.0511774942278862, 0.0388290211558342, 0.00985985528677702, 0.030733928084373474, 0.7789857983589172, 0.4933590292930603]","[0.0020791420247405767, 0.019623804837465286, 0.9782971143722534]","[0.0020791420247405767, 0.019623804837465286, 0.9782971143722534]",False,DOĞRU,ONAY,False,False,2635.735799995018,"{""K1_input_and_readiness"": 0.07110001752153039, ""K7_context"": 0.001700012944638729, ""K1_normalization"": 0.013199984095990658, ""K6_advisory"": 35.19509997568093, ""K1_intent"": 0.06390002090483904, ""K2_retrieval"": 159.33210001094267, ""K3_reranker"": 1638.1787999998778, ""K8_weighted_ranking"": 1.2715999910142273, ""K3_candidate_filters"": 6.596399995032698, ""K9_advisory_consensus"": 0.007099995855242014, ""K4_nli_and_bypass_check"": 469.9673000141047, ""K5_decision"": 321.94610001170076}",3189
FACTURK-0211,YALAN,"[16298, 16929, 6024, 700, 4991, 12413, 22504, 13479, 11778, 9660, 29728, 21553, 5702, 4782, 24726, 27142, 22067, 9502, 26703, 28251]","[0.007093862164765596, 0.0009927261853590608, 1.8200149497715756e-05, 0.001314724562689662, 0.0018895388348028064, 4.832564081880264e-05, 0.06489010900259018, 5.144220995134674e-05, 0.0061450921930372715, 1.6061610949691385e-05, 0.001269364496693015, 2.392351052549202e-05, 0.00011235327838221565, 1.6187581422855146e-05, 0.002099273493513465, 0.00039821304380893707, 0.00031258779927156866, 2.355261858610902e-05, 1.6187581422855146e-05, 0.0021657671313732862]","[0.007006277330219746, 0.9181665182113647, 0.07482724636793137]","[0.007006277330219746, 0.9181665182113647, 0.07482724636793137]",False,YETERSİZ VERİ,RET,True,False,3087.9010999924503,"{""K1_input_and_readiness"": 0.06230000872164965, ""K7_context"": 0.0018999853637069464, ""K1_normalization"": 0.011800002539530396, ""K6_advisory"": 36.87599999830127, ""K1_intent"": 0.049700000090524554, ""K2_retrieval"": 149.00260002468713, ""K3_reranker"": 2128.485699999146, ""K8_weighted_ranking"": 1.355400017928332, ""K3_candidate_filters"": 6.737699994118884, ""K9_advisory_consensus"": 0.007499998901039362, ""K4_nli_and_bypass_check"": 459.64839999214746, ""K5_decision"": 302.5597999803722}",16298
FACTURK-0212,YALAN,"[23187, 27074, 23468, 15419, 7310, 1067, 62, 17727, 25009, 24929, 18573, 20051, 2324, 9932, 28993, 11317, 15658, 4646, 15107, 1775]","[7.484622619813308e-05, 1.6061610949691385e-05, 4.469407213036902e-05, 0.00022167809947859496, 3.1941821362124756e-05, 1.6061610949691385e-05, 1.750292540236842e-05, 1.67014204635052e-05, 0.03090895712375641, 0.005159622989594936, 0.0009811719646677375, 0.0010282108560204506, 0.0003920417802873999, 7.086326513672248e-05, 2.818866414600052e-05, 5.605828482657671e-05, 1.6061610949691385e-05, 3.6764631659025326e-05, 3.244481558795087e-05, 0.00021485926117748022]","[0.00967036560177803, 0.8117653727531433, 0.17856422066688538]","[0.00967036560177803, 0.8117653727531433, 0.17856422066688538]",False,YALAN,RED,False,False,2161.3735999853816,"{""K1_input_and_readiness"": 0.053899973863735795, ""K7_context"": 0.001600012183189392, ""K1_normalization"": 0.008899980457499623, ""K6_advisory"": 33.665599999949336, ""K1_intent"": 0.03369999467395246, ""K2_retrieval"": 123.84059999021702, ""K3_reranker"": 1686.3917000009678, ""K8_weighted_ranking"": 1.0981999803334475, ""K3_candidate_filters"": 6.301999994320795, ""K9_advisory_consensus"": 0.007099995855242014, ""K4_nli_and_bypass_check"": 170.54940000525676, ""K5_decision"": 136.31079997867346}",25009
FACTURK-0213,DOĞRU,"[11250, 13687, 4659, 4442, 23026, 24396, 29875, 13209, 18508, 1989, 12458, 16807, 14179, 11295, 16681, 16433, 27322, 18643, 4640, 7203]","[0.005598248913884163, 0.04742587357759476, 0.002693914109840989, 4.5044595026411116e-05, 0.0011073390487581491, 0.005641908384859562, 3.144662332488224e-05, 0.0035936026833951473, 0.005576545372605324, 0.01287075038999319, 0.001094452221877873, 0.006589771714061499, 1.6187581422855146e-05, 1.6187581422855146e-05, 0.00039666122756898403, 3.7931622500764206e-05, 0.004736748989671469, 0.002296159043908119, 8.349628478754312e-05, 5.738759500673041e-05]","[0.003346935845911503, 0.9737571477890015, 0.02289593778550625]","[0.003346935845911503, 0.9737571477890015, 0.02289593778550625]",False,YETERSİZ VERİ,RET,True,False,1982.5987000076566,"{""K1_input_and_readiness"": 0.07770000956952572, ""K7_context"": 0.0014999823179095984, ""K1_normalization"": 0.013900018529966474, ""K6_advisory"": 34.6189999836497, ""K1_intent"": 0.04439998883754015, ""K2_retrieval"": 181.2435000028927, ""K3_reranker"": 1627.2690999903716, ""K8_weighted_ranking"": 1.111499994294718, ""K3_candidate_filters"": 5.8151000121142715, ""K9_advisory_consensus"": 0.006999995093792677, ""K4_nli_and_bypass_check"": 128.34190001012757, ""K5_decision"": 0.46949999523349106}",7203
FACTURK-0214,YALAN,"[4658, 12238, 4452, 22386, 2933, 14462, 18638, 6765, 20927, 28579, 13795, 12152, 16193, 720, 8774, 15579, 4331, 25087, 28871, 6301]","[0.001085944357328117, 0.00013982206291984767, 0.0011559007689356804, 1.7366719475830905e-05, 0.011642225086688995, 0.0001621928095119074, 0.00016603845870122313, 0.008745181374251842, 0.00012632041762117296, 0.0001511819864390418, 0.00026323829661123455, 0.00013658353418577462, 8.092757343547419e-05, 3.508111694827676e-05, 1.6314539607265033e-05, 0.0003006163169629872, 0.0008592476369813085, 0.0008727670647203922, 0.00015356240328401327, 1.922317096614279e-05]","[0.0001799054880393669, 0.000956804899033159, 0.9988633394241333]","[0.0001799054880393669, 0.000956804899033159, 0.9988633394241333]",False,DOĞRU,ONAY,False,False,1785.2899999998044,"{""K1_input_and_readiness"": 0.06580000626854599, ""K7_context"": 0.0015999830793589354, ""K1_normalization"": 0.011199997970834374, ""K6_advisory"": 35.52440000930801, ""K1_intent"": 0.04270000499673188, ""K2_retrieval"": 126.77889998303726, ""K3_reranker"": 1589.0743999916594, ""K8_weighted_ranking"": 1.0947000118903816, ""K3_candidate_filters"": 5.804700020235032, ""K9_advisory_consensus"": 0.006999995093792677, ""K4_nli_and_bypass_check"": 23.43180001480505, ""K5_decision"": 0.4096000047866255}",2933
FACTURK-0215,DOĞRU,"[24613, 24053, 10642, 6047, 17720, 18181, 29892, 11712, 13795, 29270, 7848, 12152, 22218, 11936, 2007, 6620, 12740, 18865, 401, 3202]","[0.005099818110466003, 0.0010322310263291001, 0.05707139894366264, 5.2662067901110277e-05, 5.3075080359121785e-05, 0.00031015597051009536, 0.0002472934720572084, 0.002957902615889907, 0.0012793075293302536, 0.00012053649697918445, 4.1986306314356625e-05, 0.0030994154512882233, 0.000570315751247108, 0.00043563017970882356, 0.002580904169008136, 0.003692853031679988, 0.000609450158663094, 0.013273886404931545, 0.001356401713564992, 2.8632557587116025e-05]","[0.0014414713950827718, 0.04363815113902092, 0.9549204111099243]","[0.0014414713950827718, 0.04363815113902092, 0.9549204111099243]",False,YALAN,RED,False,False,2806.215599994175,"{""K1_input_and_readiness"": 0.06639998173341155, ""K7_context"": 0.001300009898841381, ""K1_normalization"": 0.012100004823878407, ""K6_advisory"": 35.34339999896474, ""K1_intent"": 0.049200025387108326, ""K2_retrieval"": 161.47610000916757, ""K3_reranker"": 1712.4364000046626, ""K8_weighted_ranking"": 1.2953999976161867, ""K3_candidate_filters"": 6.79470002069138, ""K9_advisory_consensus"": 0.00869997893460095, ""K4_nli_and_bypass_check"": 481.77020001458004, ""K5_decision"": 403.64890001364984}",24613
FACTURK-0216,DOĞRU,"[1270, 26559, 14760, 28986, 26958, 6193, 12319, 12473, 10807, 19153, 15806, 29186, 2988, 9194, 15474, 18945, 17705, 2012, 18995, 23465]","[0.0005636750720441341, 0.0004092474700883031, 1.657145367062185e-05, 2.566613329690881e-05, 0.009340023621916771, 2.4682904040673748e-05, 1.6187581422855146e-05, 2.0785171727766283e-05, 1.6314539607265033e-05, 5.1845658163074404e-05, 1.657145367062185e-05, 2.526822754589375e-05, 1.6314539607265033e-05, 1.6187581422855146e-05, 9.83811987680383e-05, 0.00028685410507023335, 3.4001819585682824e-05, 1.683241134742275e-05, 0.04742587357759476, 0.0006851712241768837]","[0.0047337086871266365, 0.9936156272888184, 0.001650625723414123]","[0.0047337086871266365, 0.9936156272888184, 0.001650625723414123]",False,YETERSİZ VERİ,RET,True,False,2253.616100002546,"{""K1_input_and_readiness"": 0.05150001379661262, ""K7_context"": 0.0012999807950109243, ""K1_normalization"": 0.010100018698722124, ""K6_advisory"": 35.26999999303371, ""K1_intent"": 0.03969998215325177, ""K2_retrieval"": 137.63410001411103, ""K3_reranker"": 1515.723499993328, ""K8_weighted_ranking"": 1.2854999804403633, ""K3_candidate_filters"": 7.173299993155524, ""K9_advisory_consensus"": 0.007399998139590025, ""K4_nli_and_bypass_check"": 303.4136999922339, ""K5_decision"": 249.3831999890972}",19153
FACTURK-0217,DOĞRU,"[4702, 11536, 11056, 20895, 16948, 15451, 10501, 22737, 23957, 4694, 2009, 20248, 10176, 22357, 14520, 9657, 7937, 14882, 20596, 7981]","[2.9541422918555327e-05, 0.0003053489199373871, 2.9541422918555327e-05, 1.6964426322374493e-05, 0.0003697388747241348, 0.0006563728675246239, 0.0005420927773229778, 1.6061610949691385e-05, 2.9541422918555327e-05, 0.004886374808847904, 1.892514956125524e-05, 1.657145367062185e-05, 0.0037072531413286924, 3.244481558795087e-05, 0.007039045449346304, 4.101373633602634e-05, 0.00034599160426296294, 0.00021654405281879008, 1.6964426322374493e-05, 0.104843370616436]","[0.00028220508829690516, 0.9995126724243164, 0.00020516627409961075]","[0.00028220508829690516, 0.9995126724243164, 0.00020516627409961075]",False,YALAN,RED,False,False,1736.341000010725,"{""K1_input_and_readiness"": 0.04949999856762588, ""K7_context"": 0.001800013706088066, ""K1_normalization"": 0.010299991117790341, ""K6_advisory"": 33.31560001242906, ""K1_intent"": 0.03260001540184021, ""K2_retrieval"": 139.32439999189228, ""K3_reranker"": 1191.763799986802, ""K8_weighted_ranking"": 1.3476999884005636, ""K3_candidate_filters"": 6.973599985940382, ""K9_advisory_consensus"": 0.007399998139590025, ""K4_nli_and_bypass_check"": 186.2579999724403, ""K5_decision"": 173.249500017846}",7981
FACTURK-0218,YALAN,"[18561, 18655, 11083, 15404, 25030, 20136, 1959, 29138, 7773, 5177, 4963, 5659, 16238, 17354, 11058, 16419, 18339, 9414, 5710, 20211]","[0.0005725466180592775, 0.005752544850111008, 0.0001621928095119074, 0.00024536947603337467, 2.014569145103451e-05, 9.83811987680383e-05, 0.00043393249507062137, 0.00035281325108371675, 2.8409744118107483e-05, 2.8409744118107483e-05, 2.094818773912266e-05, 0.00015356240328401327, 8.029783930396661e-05, 9.387641330249608e-05, 0.0076066721230745316, 1.6314539607265033e-05, 2.1444948288262822e-05, 1.657145367062185e-05, 0.004007289186120033, 0.0003668626013677567]","[0.001155548496171832, 0.998158872127533, 0.0006856353138573468]","[0.001155548496171832, 0.998158872127533, 0.0006856353138573468]",False,YETERSİZ VERİ,RET,True,False,2171.8538999848533,"{""K1_input_and_readiness"": 0.07200002437457442, ""K7_context"": 0.001600012183189392, ""K1_normalization"": 0.012200005585327744, ""K6_advisory"": 36.95690000313334, ""K1_intent"": 0.06729998858645558, ""K2_retrieval"": 146.1927999916952, ""K3_reranker"": 1317.1048000222072, ""K8_weighted_ranking"": 1.2399000115692616, ""K3_candidate_filters"": 6.2833999982103705, ""K9_advisory_consensus"": 0.008000002708286047, ""K4_nli_and_bypass_check"": 315.4027999844402, ""K5_decision"": 345.09600000455976}",5710
FACTURK-0219,YALAN,"[30214, 7200, 2839, 17208, 19948, 8352, 5030, 48, 27092, 10563, 24330, 23950, 22158, 1362, 11267, 7909, 27480, 9865, 22273, 18588]","[0.0006118340534158051, 1.6187581422855146e-05, 5.2662067901110277e-05, 1.7366719475830905e-05, 1.6061610949691385e-05, 3.1941821362124756e-05, 1.6061610949691385e-05, 2.229919846286066e-05, 1.6061610949691385e-05, 1.6314539607265033e-05, 1.657145367062185e-05, 1.6061610949691385e-05, 1.750292540236842e-05, 1.6061610949691385e-05, 4.298194107832387e-05, 1.6187581422855146e-05, 1.7778551409719512e-05, 1.6442494597868063e-05, 1.7640199075685814e-05, 1.6061610949691385e-05]","[0.012890213169157505, 0.7286322712898254, 0.25847747921943665]","[0.012890213169157505, 0.7286322712898254, 0.25847747921943665]",False,YETERSİZ VERİ,RET,True,False,3191.1548000061885,"{""K1_input_and_readiness"": 0.07639999967068434, ""K7_context"": 0.0015999830793589354, ""K1_normalization"": 0.014899997040629387, ""K6_advisory"": 34.86960000009276, ""K1_intent"": 0.0619000056758523, ""K2_retrieval"": 235.92639999696985, ""K3_reranker"": 1781.102299981285, ""K8_weighted_ranking"": 1.5029000060167164, ""K3_candidate_filters"": 6.891400000313297, ""K9_advisory_consensus"": 0.014900026144459844, ""K4_nli_and_bypass_check"": 557.4245000025257, ""K5_decision"": 569.9629999871831}",17208
FACTURK-0220,DOĞRU,"[15019, 9972, 16810, 2940, 1362, 27780, 8700, 19868, 17317, 3189, 3772, 28252, 19976, 21942, 15020, 3536, 7251, 21497, 9161, 19228]","[1.6187581422855146e-05, 1.6314539607265033e-05, 1.593661909282673e-05, 1.593661909282673e-05, 0.0008199321455322206, 1.922317096614279e-05, 6.60521473037079e-05, 1.6442494597868063e-05, 1.6314539607265033e-05, 5.5622065701754764e-05, 2.1278065105434507e-05, 0.00046371284406632185, 2.1112482500029728e-05, 1.6187581422855146e-05, 1.6187581422855146e-05, 1.8342892872169614e-05, 0.0010242064017802477, 4.6474400733131915e-05, 1.7366719475830905e-05, 1.6187581422855146e-05]","[0.0009855472017079592, 0.989822268486023, 0.009192164987325668]","[0.0009855472017079592, 0.989822268486023, 0.009192164987325668]",False,YETERSİZ VERİ,RET,True,False,1695.4008999746293,"{""K1_input_and_readiness"": 0.06059999577701092, ""K7_context"": 0.001600012183189392, ""K1_normalization"": 0.011199997970834374, ""K6_advisory"": 35.097099986160174, ""K1_intent"": 0.0391000066883862, ""K2_retrieval"": 124.1749000037089, ""K3_reranker"": 1504.0326000016648, ""K8_weighted_ranking"": 1.0449999826960266, ""K3_candidate_filters"": 6.044400011887774, ""K9_advisory_consensus"": 0.006599992047995329, ""K4_nli_and_bypass_check"": 21.31409998401068, ""K5_decision"": 0.3662999952211976}",3189
FACTURK-0221,DOĞRU,"[25098, 19208, 9274, 7224, 7924, 22581, 2811, 18561, 22266, 24849, 11058, 28552, 28188, 21058, 13624, 28932, 17510, 28640, 15238, 12622]","[0.0003406293108128011, 0.03061777912080288, 0.004867417272180319, 0.05717659741640091, 0.012479699216783047, 0.0019570167642086744, 0.0007152324542403221, 0.0004442183708306402, 4.539786823443137e-05, 0.03919513151049614, 0.012722708284854889, 0.02970374934375286, 0.007695646956562996, 0.0016875095898285508, 0.025809623301029205, 0.0017207354540005326, 0.007876706309616566, 0.0002269338583573699, 0.0001344663032796234, 0.8665847778320312]","[0.005686651915311813, 0.4262300431728363, 0.5680833458900452]","[0.005686651915311813, 0.4262300431728363, 0.5680833458900452]",False,DOĞRU,ONAY,False,False,1911.3942999974824,"{""K1_input_and_readiness"": 0.06049999501556158, ""K7_context"": 0.001600012183189392, ""K1_normalization"": 0.009599985787644982, ""K6_advisory"": 36.252800025977194, ""K1_intent"": 0.044599990360438824, ""K2_retrieval"": 147.00820000143722, ""K3_reranker"": 1350.5961000046227, ""K8_weighted_ranking"": 1.386400021146983, ""K3_candidate_filters"": 6.842300004791468, ""K9_advisory_consensus"": 0.006600021151825786, ""K4_nli_and_bypass_check"": 198.62559999455698, ""K5_decision"": 167.14830001001246}",7224
FACTURK-0222,DOĞRU,"[17208, 8706, 16225, 27462, 12018, 1546, 13791, 10714, 20333, 10999, 13144, 22198, 16162, 3524, 18098, 13993, 8307, 6952, 19977, 30326]","[6.352188938762993e-05, 2.6688529032981023e-05, 0.006241259165108204, 5.3075080359121785e-05, 0.0017821963410824537, 1.7097478121286258e-05, 6.402006692951545e-05, 0.0020033332984894514, 0.00020502213737927377, 1.657145367062185e-05, 0.0008231385727412999, 0.0005506247980520129, 1.6187581422855146e-05, 9.7615658887662e-05, 1.6187581422855146e-05, 1.7640199075685814e-05, 1.7097478121286258e-05, 1.6442494597868063e-05, 1.6061610949691385e-05, 0.0010733063099905849]","[0.0005475343205034733, 0.9979027509689331, 0.0015497389249503613]","[0.0005475343205034733, 0.9979027509689331, 0.0015497389249503613]",False,YETERSİZ VERİ,RET,True,False,5341.80200000992,"{""K1_input_and_readiness"": 0.07340000593103468, ""K7_context"": 0.001800013706088066, ""K1_normalization"": 0.012999982573091984, ""K6_advisory"": 35.182699997676536, ""K1_intent"": 0.047999987145885825, ""K2_retrieval"": 152.96140001737513, ""K3_reranker"": 5115.3922000085, ""K8_weighted_ranking"": 1.3834999990649521, ""K3_candidate_filters"": 6.650800001807511, ""K9_advisory_consensus"": 0.00689999433234334, ""K4_nli_and_bypass_check"": 26.111499988473952, ""K5_decision"": 0.36910001654177904}",10714
FACTURK-0223,DOĞRU,"[6499, 6522, 15087, 13644, 30214, 29838, 20728, 24132, 15440, 20367, 26727, 26886, 20461, 23074, 196, 20002, 234, 27899, 3778, 21467]","[0.99935382604599, 0.00024536947603337467, 0.003273064736276865, 1.6061610949691385e-05, 0.0016103574307635427, 0.0008009536541067064, 2.014569145103451e-05, 0.003350423648953438, 0.0009473089594393969, 0.004038591403514147, 0.0010083435336127877, 1.6314539607265033e-05, 0.01196109689772129, 1.6964426322374493e-05, 0.00017813112935982645, 0.0018243826925754547, 0.0001547666179249063, 1.6314539607265033e-05, 0.008315778337419033, 3.244481558795087e-05]","[0.9991493225097656, 0.0004920475766994059, 0.00035864178789779544]","[0.9991493225097656, 0.0004920475766994059, 0.00035864178789779544]",False,YETERSİZ VERİ,KISMI,True,False,2874.057200009702,"{""K1_input_and_readiness"": 0.058200006606057286, ""K7_context"": 0.0016999838408082724, ""K1_normalization"": 0.010799994925037026, ""K6_advisory"": 36.88210001564585, ""K1_intent"": 0.04439998883754015, ""K2_retrieval"": 139.89130000118166, ""K3_reranker"": 2536.1579000018537, ""K8_weighted_ranking"": 1.426500006346032, ""K3_candidate_filters"": 6.335499987471849, ""K9_advisory_consensus"": 0.007299997378140688, ""K4_nli_and_bypass_check"": 86.74719999544322, ""K5_decision"": 63.14780001412146}",6499
FACTURK-0224,YALAN,"[28723, 6793, 27610, 24870, 5693, 20454, 1329, 21178, 24930, 5717, 18306, 11328, 18437, 18362, 18942, 4747, 5694, 12483, 9622, 6304]","[1.750292540236842e-05, 1.6314539607265033e-05, 3.3474691008450463e-05, 1.7231572201126255e-05, 1.67014204635052e-05, 1.6061610949691385e-05, 1.6442494597868063e-05, 1.7640199075685814e-05, 1.6314539607265033e-05, 1.657145367062185e-05, 1.6061610949691385e-05, 1.6442494597868063e-05, 1.6187581422855146e-05, 1.6061610949691385e-05, 1.6964426322374493e-05, 1.657145367062185e-05, 1.6187581422855146e-05, 1.750292540236842e-05, 1.6187581422855146e-05, 1.6187581422855146e-05]","[0.08490726351737976, 0.6674342751502991, 0.24765847623348236]","[0.08490726351737976, 0.6674342751502991, 0.24765847623348236]",False,YALAN,RED,False,False,1533.8862999924459,"{""K1_input_and_readiness"": 0.06049999501556158, ""K7_context"": 0.0013999815564602613, ""K1_normalization"": 0.008600007276982069, ""K6_advisory"": 33.725899993442, ""K1_intent"": 0.03600001218728721, ""K2_retrieval"": 132.5498000078369, ""K3_reranker"": 1330.490699998336, ""K8_weighted_ranking"": 1.131599972723052, ""K3_candidate_filters"": 5.634300003293902, ""K9_advisory_consensus"": 0.007399998139590025, ""K4_nli_and_bypass_check"": 25.580199988326058, ""K5_decision"": 0.28780000866390765}",21178
FACTURK-0225,YALAN,"[17319, 20997, 29730, 4506, 26700, 24194, 27624, 1007, 1280, 6234, 6780, 1948, 23891, 13999, 20317, 14139, 2030, 27098, 21417, 17988]","[2.014569145103451e-05, 5.1845658163074404e-05, 0.0035518845543265343, 2.7751651941798627e-05, 0.006589771714061499, 0.0009473089594393969, 0.0001387341326335445, 0.0020190137438476086, 2.5071596610359848e-05, 1.67014204635052e-05, 1.683241134742275e-05, 0.02600678615272045, 0.003039649687707424, 1.683241134742275e-05, 0.0009326360304839909, 1.657145367062185e-05, 0.0007293288363143802, 1.6061610949691385e-05, 2.0462934116949327e-05, 1.7366719475830905e-05]","[0.003120988141745329, 0.9822728037834167, 0.014606226235628128]","[0.003120988141745329, 0.9822728037834167, 0.014606226235628128]",False,YETERSİZ VERİ,RET,True,False,2819.901500013657,"{""K1_input_and_readiness"": 0.06960000609979033, ""K7_context"": 0.001900014467537403, ""K1_normalization"": 0.01069999416358769, ""K6_advisory"": 38.32600000896491, ""K1_intent"": 0.04439998883754015, ""K2_retrieval"": 135.92699999571778, ""K3_reranker"": 2220.3609999851324, ""K8_weighted_ranking"": 1.397500018356368, ""K3_candidate_filters"": 7.011400011833757, ""K9_advisory_consensus"": 0.008000002708286047, ""K4_nli_and_bypass_check"": 227.4150000012014, ""K5_decision"": 185.61529999715276}",27624
FACTURK-0226,DOĞRU,"[13989, 22851, 28629, 8130, 29881, 11058, 20483, 24184, 16785, 1701, 23508, 15787, 1324, 28685, 23851, 1272, 28145, 22732, 29346, 17516]","[0.8413047790527344, 6.976470467634499e-05, 0.07369627058506012, 0.015306354500353336, 0.13150747120380402, 0.004365325905382633, 0.11777491867542267, 7.782753527862951e-05, 0.04620574414730072, 0.019345102831721306, 0.003869391046464443, 0.00214894930832088, 4.870464181294665e-05, 0.2941135764122009, 0.00040290519245900214, 0.13398075103759766, 0.0006719278171658516, 0.14499425888061523, 0.00044770087697543204, 0.0014664583140984178]","[0.0034333893563598394, 0.9958951473236084, 0.0006714260089211166]","[0.0034333893563598394, 0.9958951473236084, 0.0006714260089211166]",False,YETERSİZ VERİ,RET,True,False,1643.9397000067402,"{""K1_input_and_readiness"": 0.05169998621568084, ""K7_context"": 0.0021999876480549574, ""K1_normalization"": 0.009300012607127428, ""K6_advisory"": 35.24420000030659, ""K1_intent"": 0.03530000685714185, ""K2_retrieval"": 126.97190002654679, ""K3_reranker"": 1320.5108999973163, ""K8_weighted_ranking"": 1.2514999834820628, ""K3_candidate_filters"": 6.567700009327382, ""K9_advisory_consensus"": 0.008000002708286047, ""K4_nli_and_bypass_check"": 87.93660000083037, ""K5_decision"": 61.192599998321384}",13989
FACTURK-0227,YALAN,"[6336, 14217, 10743, 12238, 25127, 3364, 5959, 30014, 2792, 27115, 7330, 26533, 25420, 16785, 12150, 14091, 21827, 6782, 6431, 20512]","[0.0008231385727412999, 0.00020988310279790312, 0.005281333811581135, 0.0031974869780242443, 0.00026323829661123455, 0.001356401713564992, 0.0006589401164092124, 0.006666931323707104, 0.0009217804181389511, 0.0005442132824100554, 0.0005614787805825472, 0.0028671587351709604, 1.7366719475830905e-05, 0.0007763299508951604, 0.000192602863535285, 0.0002492325147613883, 0.004264635033905506, 2.6897845600615256e-05, 7.141901005525142e-05, 0.0017752605490386486]","[0.05078423395752907, 0.9442248940467834, 0.0049908896908164024]","[0.05078423395752907, 0.9442248940467834, 0.0049908896908164024]",False,YALAN,UYARI,False,False,1497.8601999755483,"{""K1_input_and_readiness"": 0.0543000060133636, ""K7_context"": 0.0016999838408082724, ""K1_normalization"": 0.011299998732283711, ""K6_advisory"": 33.776700001908466, ""K1_intent"": 0.03809999907389283, ""K2_retrieval"": 140.01549998647533, ""K3_reranker"": 1281.923900009133, ""K8_weighted_ranking"": 1.1512000055518001, ""K3_candidate_filters"": 6.035500002326444, ""K9_advisory_consensus"": 0.006599992047995329, ""K4_nli_and_bypass_check"": 30.912999995052814, ""K5_decision"": 0.35069999285042286}",10743
FACTURK-0228,YALAN,"[19793, 22496, 5035, 22360, 15661, 5512, 25024, 23013, 20136, 29275, 25113, 5659, 27463, 11851, 18913, 17252, 15947, 15240, 13561, 5962]","[4.298194107832387e-05, 0.02319762483239174, 0.0061212810687720776, 0.002790037775412202, 6.922183820279315e-05, 0.000661517377011478, 2.732141365413554e-05, 8.415108459303156e-05, 0.004792316351085901, 1.6442494597868063e-05, 3.2955729693640023e-05, 0.006338921841233969, 0.00012148174573667347, 0.0005274784052744508, 1.6187581422855146e-05, 0.06572466343641281, 0.0003654328465927392, 0.001085944357328117, 0.0013045065570622683, 1.6061610949691385e-05]","[0.00136917969211936, 0.996820330619812, 0.001810520770959556]","[0.00136917969211936, 0.996820330619812, 0.001810520770959556]",False,YETERSİZ VERİ,RET,True,False,2426.0255999979563,"{""K1_input_and_readiness"": 0.05329999839887023, ""K7_context"": 0.001400010660290718, ""K1_normalization"": 0.010100018698722124, ""K6_advisory"": 37.93339998810552, ""K1_intent"": 0.05020000389777124, ""K2_retrieval"": 161.95460001472384, ""K3_reranker"": 1655.5304999928921, ""K8_weighted_ranking"": 1.4702999906148762, ""K3_candidate_filters"": 6.921799998963252, ""K9_advisory_consensus"": 0.008400005754083395, ""K4_nli_and_bypass_check"": 291.2335000000894, ""K5_decision"": 266.93789998535067}",5659
FACTURK-0229,YALAN,"[23757, 25874, 22057, 11410, 17227, 204, 16971, 5988, 6019, 10234, 11201, 11811, 20335, 12145, 7196, 14444, 10701, 3796, 2553, 27391]","[0.01358439214527607, 1.6442494597868063e-05, 0.000191104321856983, 0.0015247863484546542, 0.0026112475898116827, 0.0009510130621492863, 0.00012243441597092897, 0.00011061159602832049, 0.0009436192340217531, 1.6061610949691385e-05, 1.683241134742275e-05, 1.750292540236842e-05, 0.005119676236063242, 1.6187581422855146e-05, 0.00020662980386987329, 1.657145367062185e-05, 0.00013238185783848166, 2.1444948288262822e-05, 1.6187581422855146e-05, 1.8631746570463292e-05]","[0.000487107434310019, 0.9905253052711487, 0.008987611159682274]","[0.000487107434310019, 0.9905253052711487, 0.008987611159682274]",False,YETERSİZ VERİ,RET,True,False,2888.379600015469,"{""K1_input_and_readiness"": 0.062400009483098984, ""K7_context"": 0.001400010660290718, ""K1_normalization"": 0.011099997209385037, ""K6_advisory"": 34.090799978002906, ""K1_intent"": 0.03779999678954482, ""K2_retrieval"": 169.509500003187, ""K3_reranker"": 1906.2182000197936, ""K8_weighted_ranking"": 1.1030999885406345, ""K3_candidate_filters"": 5.834399984451011, ""K9_advisory_consensus"": 0.007099995855242014, ""K4_nli_and_bypass_check"": 407.9446999821812, ""K5_decision"": 360.3398000122979}",23757
FACTURK-0230,YALAN,"[28011, 9366, 1499, 6047, 15780, 15684, 2984, 1959, 22465, 25180, 12539, 15874, 27017, 9120, 19484, 12068, 21914, 8871, 14277, 20305]","[0.5322123765945435, 0.030675802379846573, 0.00821969285607338, 0.12357699126005173, 0.002540992572903633, 0.01861780323088169, 0.0009473089594393969, 0.00028685410507023335, 0.07613247632980347, 0.0696682333946228, 0.0004897656035609543, 0.015130727551877499, 0.005774929653853178, 0.010288300924003124, 0.0040543340146541595, 0.004905405919998884, 0.0009075025445781648, 0.001383117400109768, 0.01057048887014389, 0.009055263362824917]","[0.000312217278406024, 0.9989739656448364, 0.0007138894870877266]","[0.000312217278406024, 0.9989739656448364, 0.0007138894870877266]",False,YALAN,UYARI,False,False,1940.6774000090081,"{""K1_input_and_readiness"": 0.05800000508315861, ""K7_context"": 0.001700012944638729, ""K1_normalization"": 0.010499992640689015, ""K6_advisory"": 33.61939999740571, ""K1_intent"": 0.04149999585933983, ""K2_retrieval"": 168.4172000095714, ""K3_reranker"": 1325.5594999936875, ""K8_weighted_ranking"": 1.2495999981183559, ""K3_candidate_filters"": 6.999700010055676, ""K9_advisory_consensus"": 0.007400027243420482, ""K4_nli_and_bypass_check"": 214.7679000045173, ""K5_decision"": 186.70340001699515}",28011
FACTURK-0231,YALAN,"[12560, 25382, 28097, 16147, 9841, 18245, 6952, 24931, 9919, 13401, 11111, 6586, 3155, 19493, 22241, 18944, 20480, 8094, 14372, 22924]","[0.0005274784052744508, 7.602479308843613e-05, 7.484622619813308e-05, 0.000628784007858485, 1.750292540236842e-05, 0.03588069602847099, 0.00010889690747717395, 1.7231572201126255e-05, 1.7778551409719512e-05, 6.868317723274231e-05, 0.000539980421308428, 2.818866414600052e-05, 1.7366719475830905e-05, 4.1335399146191776e-05, 0.0004272078804206103, 1.6061610949691385e-05, 0.00029365462251007557, 1.805851934477687e-05, 6.922183820279315e-05, 2.3007036361377686e-05]","[0.003875550115481019, 0.9954119324684143, 0.0007125253905542195]","[0.003875550115481019, 0.9954119324684143, 0.0007125253905542195]",False,YALAN,RED,False,False,2525.962799991248,"{""K1_input_and_readiness"": 0.08009999874047935, ""K7_context"": 0.001600012183189392, ""K1_normalization"": 0.01309998333454132, ""K6_advisory"": 37.28630000841804, ""K1_intent"": 0.05470000905916095, ""K2_retrieval"": 197.36580000608228, ""K3_reranker"": 2020.0084999960382, ""K8_weighted_ranking"": 1.3689000043086708, ""K3_candidate_filters"": 6.961599981877953, ""K9_advisory_consensus"": 0.00790000194683671, ""K4_nli_and_bypass_check"": 259.2462000029627, ""K5_decision"": 0.4898000042885542}",16147
FACTURK-0232,DOĞRU,"[2149, 13206, 8233, 2173, 19079, 29759, 27160, 3834, 14863, 9627, 28676, 7236, 17337, 5300, 6899, 14485, 2985, 25286, 10851, 9330]","[0.9968763589859009, 4.794958294951357e-05, 0.00011591933434829116, 1.7366719475830905e-05, 1.6314539607265033e-05, 4.101373633602634e-05, 4.231559796608053e-05, 1.8631746570463292e-05, 1.7917987861437723e-05, 3.3474691008450463e-05, 2.0785171727766283e-05, 6.253713218029588e-05, 1.892514956125524e-05, 0.0022694687359035015, 1.7640199075685814e-05, 1.8777873265207745e-05, 2.8857117285951972e-05, 1.6061610949691385e-05, 1.6314539607265033e-05, 3.4537253668531775e-05]","[0.9995588660240173, 0.00020673665858339518, 0.00023439541109837592]","[0.9995588660240173, 0.00020673665858339518, 0.00023439541109837592]",False,DOĞRU,ONAY,False,False,1454.1166000126395,"{""K1_input_and_readiness"": 0.050000002374872565, ""K7_context"": 0.0023999891709536314, ""K1_normalization"": 0.00999998883344233, ""K6_advisory"": 33.38499998790212, ""K1_intent"": 0.0447999918833375, ""K2_retrieval"": 150.11519999825396, ""K3_reranker"": 1104.232600016985, ""K8_weighted_ranking"": 1.2519999872893095, ""K3_candidate_filters"": 6.751499982783571, ""K9_advisory_consensus"": 0.007499998901039362, ""K4_nli_and_bypass_check"": 91.51920001022518, ""K5_decision"": 63.07899998500943}",2149
FACTURK-0233,DOĞRU,"[9866, 3054, 18468, 6263, 27523, 26623, 7451, 1572, 20683, 29138, 8794, 21402, 5821, 5278, 16238, 18297, 11058, 28944, 187, 15942]","[9.915272676153108e-05, 3.244481558795087e-05, 0.9780097603797913, 0.00017536994710098952, 0.0009697519708424807, 4.757645365316421e-05, 9.461262379772961e-05, 0.0008393599418923259, 0.012722708284854889, 0.0023688741493970156, 1.967902426258661e-05, 0.05582314357161522, 0.00021824207215104252, 3.852893496514298e-05, 0.00021152888075448573, 8.547616744181141e-05, 0.12624557316303253, 0.22017472982406616, 1.9833367332466878e-05, 0.003135835751891136]","[0.3750147819519043, 0.31977176666259766, 0.30521348118782043]","[0.3750147819519043, 0.31977176666259766, 0.30521348118782043]",False,YETERSİZ VERİ,RET,True,False,1558.8770000031218,"{""K1_input_and_readiness"": 0.06019999273121357, ""K7_context"": 0.0017999846022576094, ""K1_normalization"": 0.011600001016631722, ""K6_advisory"": 34.265700000105426, ""K1_intent"": 0.03700001980178058, ""K2_retrieval"": 153.20859997882508, ""K3_reranker"": 1330.6804000167176, ""K8_weighted_ranking"": 1.4368999982252717, ""K3_candidate_filters"": 6.803000025684014, ""K9_advisory_consensus"": 0.007299997378140688, ""K4_nli_and_bypass_check"": 28.060499986167997, ""K5_decision"": 0.381199992261827}",28944
FACTURK-0234,YALAN,"[28547, 25228, 20136, 23132, 28417, 22218, 9150, 24869, 24354, 14770, 8503, 19258, 8347, 1272, 27696, 1499, 30163, 15787, 23508, 17625]","[0.016593176871538162, 0.015189048834145069, 0.004681822378188372, 0.019531238824129105, 0.003991728648543358, 0.03690806403756142, 0.2516477108001709, 0.011508148163557053, 0.010328153148293495, 0.0007672924548387527, 0.34191203117370605, 0.00011866796558024362, 0.0004747042548842728, 0.012100386433303356, 0.011463796719908714, 0.00025514140725135803, 7.782753527862951e-05, 0.004399412777274847, 0.000414069538237527, 0.45489591360092163]","[0.0011941862758249044, 0.9974765181541443, 0.0013293479569256306]","[0.0011941862758249044, 0.9974765181541443, 0.0013293479569256306]",False,YETERSİZ VERİ,RET,True,False,2511.219700012589,"{""K1_input_and_readiness"": 0.09630000567995012, ""K7_context"": 0.002300017513334751, ""K1_normalization"": 0.018399994587525725, ""K6_advisory"": 34.94909999426454, ""K1_intent"": 0.05599998985417187, ""K2_retrieval"": 235.21240000263788, ""K3_reranker"": 2057.446799997706, ""K8_weighted_ranking"": 1.1614000250119716, ""K3_candidate_filters"": 5.851599999004975, ""K9_advisory_consensus"": 0.006799993570894003, ""K4_nli_and_bypass_check"": 171.9771999923978, ""K5_decision"": 0.23790000705048442}",8503
FACTURK-0235,DOĞRU,"[26948, 2915, 5275, 6218, 19344, 23792, 10229, 1270, 29892, 12877, 16855, 27534, 29897, 3570, 7866, 19830, 9245, 14607, 21931, 17958]","[0.14235107600688934, 0.02970374934375286, 0.007968815043568611, 0.08616956323385239, 0.0002982776495628059, 0.0011116681853309274, 9.028038039105013e-05, 0.003123648464679718, 7.843789353501052e-05, 1.6187581422855146e-05, 1.6061610949691385e-05, 2.6897845600615256e-05, 1.6061610949691385e-05, 0.0008393599418923259, 0.034749627113342285, 1.7917987861437723e-05, 1.6964426322374493e-05, 5.874842099728994e-05, 1.6442494597868063e-05, 2.2827996872365475e-05]","[0.0005417453940026462, 0.9983084201812744, 0.0011497907107695937]","[0.0005417453940026462, 0.9983084201812744, 0.0011497907107695937]",False,YETERSİZ VERİ,RET,True,False,1833.7988999846857,"{""K1_input_and_readiness"": 0.07390000973828137, ""K7_context"": 0.0015999830793589354, ""K1_normalization"": 0.012800010154023767, ""K6_advisory"": 35.18030000850558, ""K1_intent"": 0.04069998976774514, ""K2_retrieval"": 160.80059998785146, ""K3_reranker"": 1597.4998000019696, ""K8_weighted_ranking"": 1.431799988495186, ""K3_candidate_filters"": 6.775599991669878, ""K9_advisory_consensus"": 0.007599999662488699, ""K4_nli_and_bypass_check"": 28.44069999991916, ""K5_decision"": 0.38640000275336206}",7866
FACTURK-0236,YALAN,"[19977, 18207, 8514, 26384, 4405, 19283, 5365, 9070, 7968, 17240, 28586, 27501, 24306, 5046, 3721, 1780, 11287, 14680, 7834, 25811]","[0.9950946569442749, 1.6442494597868063e-05, 4.757645365316421e-05, 7.368592923739925e-05, 0.00039357561036013067, 0.002074867021292448, 0.0005132579244673252, 0.0008693674462847412, 1.750292540236842e-05, 0.00023597174731548876, 3.373722574906424e-05, 0.0006771942134946585, 0.001622967072762549, 0.00020502213737927377, 4.298194107832387e-05, 4.832564081880264e-05, 0.004503272473812103, 1.6061610949691385e-05, 0.00044770087697543204, 0.000552778656128794]",null,"[1.0, 0.0, 0.0]",True,YALAN,UYARI,False,False,1499.221599980956,"{""K1_input_and_readiness"": 0.05250002141110599, ""K7_context"": 0.001500011421740055, ""K1_normalization"": 0.010299991117790341, ""K6_advisory"": 34.18170000077225, ""K1_intent"": 0.05339999916031957, ""K2_retrieval"": 121.50800001109019, ""K3_reranker"": 1328.9743000059389, ""K8_weighted_ranking"": 1.3837000005878508, ""K3_candidate_filters"": 7.3917999980039895, ""K9_advisory_consensus"": 0.012699980288743973, ""K4_nli_and_bypass_check"": 0.45960000716149807, ""K5_decision"": 0.4340999876148999}",19977
FACTURK-0237,DOĞRU,"[21058, 7224, 23757, 1499, 30163, 28417, 22248, 20136, 9274, 9426, 27564, 15238, 30224, 15684, 8602, 635, 26244, 14012, 24217, 4214]","[0.0005636750720441341, 0.017242778092622757, 0.024798160418868065, 0.009596454910933971, 0.001995538594201207, 0.0077555361203849316, 0.0013250223128125072, 0.0067449891939759254, 0.010368157178163528, 0.0009436192340217531, 0.0017752605490386486, 0.007039045449346304, 0.0011380005162209272, 0.0034834241960197687, 0.03753800690174103, 0.007431773468852043, 0.01196109689772129, 0.027690259739756584, 0.0032224843744188547, 0.00038446192047558725]","[0.0004917162586934865, 0.9968642592430115, 0.0026439600624144077]","[0.0004917162586934865, 0.9968642592430115, 0.0026439600624144077]",False,YALAN,UYARI,False,False,2932.0259999949485,"{""K1_input_and_readiness"": 0.11389999417588115, ""K7_context"": 0.0019999861251562834, ""K1_normalization"": 0.0213000166695565, ""K6_advisory"": 36.329599999589846, ""K1_intent"": 0.12179999612271786, ""K2_retrieval"": 264.6087999746669, ""K3_reranker"": 2420.357100025285, ""K8_weighted_ranking"": 1.2417999969329685, ""K3_candidate_filters"": 6.594900012714788, ""K9_advisory_consensus"": 0.007199996616691351, ""K4_nli_and_bypass_check"": 198.82849999703467, ""K5_decision"": 0.22280000848695636}",8602
FACTURK-0238,DOĞRU,"[3621, 27608, 23796, 24917, 25245, 19381, 12652, 27023, 28160, 4157, 29558, 13123, 29721, 2155, 12458, 23405, 7176, 25613, 7602, 11575]","[1.657145367062185e-05, 5.391084778239019e-05, 0.0010608151787891984, 0.00023050670279189944, 0.0020190137438476086, 0.00011591933434829116, 2.586742994026281e-05, 1.657145367062185e-05, 1.6314539607265033e-05, 1.6314539607265033e-05, 1.6314539607265033e-05, 1.6314539607265033e-05, 4.870464181294665e-05, 1.6061610949691385e-05, 2.3737338779028505e-05, 1.593661909282673e-05, 1.593661909282673e-05, 1.6442494597868063e-05, 1.6187581422855146e-05, 0.0001476803736295551]","[0.01200904417783022, 0.9580003023147583, 0.02999068796634674]","[0.01200904417783022, 0.9580003023147583, 0.02999068796634674]",False,YETERSİZ VERİ,RET,True,False,1645.813500013901,"{""K1_input_and_readiness"": 0.04849999095313251, ""K7_context"": 0.0011999800335615873, ""K1_normalization"": 0.008800008799880743, ""K6_advisory"": 33.178199984831735, ""K1_intent"": 0.03460000152699649, ""K2_retrieval"": 121.59019999671727, ""K3_reranker"": 1091.876599995885, ""K8_weighted_ranking"": 1.3945999962743372, ""K3_candidate_filters"": 7.407299999613315, ""K9_advisory_consensus"": 0.008100003469735384, ""K4_nli_and_bypass_check"": 199.7148000227753, ""K5_decision"": 186.79399997927248}",27608
FACTURK-0239,YALAN,"[9150, 29970, 2993, 2858, 15787, 3189, 1676, 26284, 27894, 25169, 1701, 3315, 5962, 24782, 834, 19258, 6914, 29857, 27219, 16150]","[0.024423090741038322, 0.004248078912496567, 0.1463310569524765, 0.00033535013790242374, 0.02898062951862812, 0.2907794415950775, 0.12116485089063644, 0.30342212319374084, 0.0004936049808748066, 0.011419613845646381, 0.009633651934564114, 0.0064882696606218815, 1.6442494597868063e-05, 0.01805533468723297, 3.1201914680423215e-05, 0.015845362097024918, 1.6314539607265033e-05, 0.026963500306010246, 0.00018961740715894848, 0.11899801343679428]","[0.0006117334705777466, 0.9983204007148743, 0.0010677879909053445]","[0.0006117334705777466, 0.9983204007148743, 0.0010677879909053445]",False,YETERSİZ VERİ,RET,True,False,1963.9338999986649,"{""K1_input_and_readiness"": 0.05299999611452222, ""K7_context"": 0.0016999838408082724, ""K1_normalization"": 0.010200019460171461, ""K6_advisory"": 34.991699998499826, ""K1_intent"": 0.05160001455806196, ""K2_retrieval"": 147.63209997909144, ""K3_reranker"": 1323.4083999996074, ""K8_weighted_ranking"": 1.37489999178797, ""K3_candidate_filters"": 6.692099996143952, ""K9_advisory_consensus"": 0.007599999662488699, ""K4_nli_and_bypass_check"": 258.14570000511594, ""K5_decision"": 187.77570000384003}",26284
FACTURK-0240,YALAN,"[13598, 8816, 12410, 10424, 16682, 23238, 18466, 18895, 17936, 15511, 20095, 7876, 22221, 15131, 29430, 17748, 600, 13755, 20634, 16632]","[0.2447238266468048, 0.005001672077924013, 0.0023141263518482447, 0.047514185309410095, 0.00014883848780300468, 0.0011160142021253705, 0.03711691126227379, 0.005448067560791969, 4.298194107832387e-05, 0.00982179306447506, 0.00042554305400699377, 0.00023413581948261708, 0.055310655385255814, 0.00011323437502142042, 0.3608268201351166, 0.038901980966329575, 0.0034429810475558043, 0.002704429440200329, 0.0006771942134946585, 0.0015792594058439136]","[0.0004498086345847696, 0.9991111159324646, 0.0004390043031889945]","[0.0004498086345847696, 0.9991111159324646, 0.0004390043031889945]",False,YETERSİZ VERİ,RET,True,False,2671.4873999881092,"{""K1_input_and_readiness"": 0.05329999839887023, ""K7_context"": 0.001500011421740055, ""K1_normalization"": 0.009899988071992993, ""K6_advisory"": 34.16850001667626, ""K1_intent"": 0.03640001523308456, ""K2_retrieval"": 132.03529999009334, ""K3_reranker"": 2036.1889000050724, ""K8_weighted_ranking"": 1.610899984370917, ""K3_candidate_filters"": 6.674000003840774, ""K9_advisory_consensus"": 0.007099995855242014, ""K4_nli_and_bypass_check"": 237.67640002188273, ""K5_decision"": 218.66730001056567}",15511
FACTURK-0241,DOĞRU,"[25710, 24130, 13938, 29460, 4664, 27477, 2600, 21451, 9223, 10117, 17690, 5745, 23944, 17334, 7894, 12237, 19144, 25155, 14879, 29088]","[1.8200149497715756e-05, 0.00031015597051009536, 2.566613329690881e-05, 1.6314539607265033e-05, 1.6187581422855146e-05, 1.7917987861437723e-05, 0.00014539113908540457, 3.591300992411561e-05, 1.6314539607265033e-05, 1.6187581422855146e-05, 1.6061610949691385e-05, 1.6314539607265033e-05, 1.7097478121286258e-05, 1.6187581422855146e-05, 1.6061610949691385e-05, 1.6314539607265033e-05, 1.6964426322374493e-05, 1.6061610949691385e-05, 1.892514956125524e-05, 1.6187581422855146e-05]","[0.0028596180491149426, 0.04145479574799538, 0.9556854963302612]","[0.0028596180491149426, 0.04145479574799538, 0.9556854963302612]",False,YALAN,RED,False,False,1353.7222000013571,"{""K1_input_and_readiness"": 0.09669997962191701, ""K7_context"": 0.001600012183189392, ""K1_normalization"": 0.021299987565726042, ""K6_advisory"": 37.510399997700006, ""K1_intent"": 0.05439997767098248, ""K2_retrieval"": 152.00960001675412, ""K3_reranker"": 1127.8374000103213, ""K8_weighted_ranking"": 1.2442999868653715, ""K3_candidate_filters"": 6.049799994798377, ""K9_advisory_consensus"": 0.006199989002197981, ""K4_nli_and_bypass_check"": 24.351100000785664, ""K5_decision"": 0.3733999910764396}",23944
FACTURK-0242,YALAN,"[10033, 9919, 25236, 13795, 16645, 4757, 1362, 13858, 4993, 5962, 28385, 2508, 4738, 2141, 9071, 28927, 12636, 12692, 11781, 26520]","[0.0017821963410824537, 0.0005770345451310277, 0.004905405919998884, 0.1678997427225113, 0.0040543340146541595, 0.0027683854568749666, 0.0008009536541067064, 0.0003053489199373871, 0.0017891592578962445, 6.156764720799401e-05, 0.000192602863535285, 9.685608529252931e-05, 0.009522485546767712, 0.00010720880527514964, 0.0009773502824828029, 0.0008899655076675117, 3.975192521465942e-05, 1.6314539607265033e-05, 0.0003583672805689275, 2.449082603561692e-05]","[0.003611996304243803, 0.9842058420181274, 0.012182173319160938]","[0.003611996304243803, 0.9842058420181274, 0.012182173319160938]",False,YETERSİZ VERİ,RET,True,False,1755.62219999847,"{""K1_input_and_readiness"": 0.05830000736750662, ""K7_context"": 0.0014999823179095984, ""K1_normalization"": 0.010599993402138352, ""K6_advisory"": 34.40999999293126, ""K1_intent"": 0.04579999949783087, ""K2_retrieval"": 133.42599998577498, ""K3_reranker"": 1115.7041999977082, ""K8_weighted_ranking"": 1.293000008445233, ""K3_candidate_filters"": 6.670300004770979, ""K9_advisory_consensus"": 0.008200004231184721, ""K4_nli_and_bypass_check"": 239.4237999978941, ""K5_decision"": 220.40390002075583}",11781
FACTURK-0243,DOĞRU,"[29414, 21058, 28417, 1499, 25160, 20136, 24782, 19827, 23757, 30163, 1427, 12539, 25968, 30224, 487, 3532, 14012, 20305, 7924, 13874]","[0.07369627058506012, 0.00025315635139122605, 8.818923379294574e-05, 0.0033766122069209814, 0.01890544593334198, 0.009633651934564114, 0.07751765847206116, 0.02931223064661026, 0.008061991073191166, 0.0003500686143524945, 0.8423450589179993, 4.683888619183563e-05, 0.0014895173953846097, 0.00012339458044152707, 0.0024822766426950693, 0.0019418168812990189, 0.002992665395140648, 0.0009039677679538727, 0.00014539113908540457, 2.710879925871268e-05]","[0.0009521275642327964, 0.9961658716201782, 0.002882027067244053]","[0.0009521275642327964, 0.9961658716201782, 0.002882027067244053]",False,YALAN,UYARI,False,False,2248.0906000128016,"{""K1_input_and_readiness"": 0.08349999552592635, ""K7_context"": 0.0014999823179095984, ""K1_normalization"": 0.015900004655122757, ""K6_advisory"": 37.427400005981326, ""K1_intent"": 0.0706000137142837, ""K2_retrieval"": 237.6005999976769, ""K3_reranker"": 1794.402200001059, ""K8_weighted_ranking"": 2.314999990630895, ""K3_candidate_filters"": 11.447600001702085, ""K9_advisory_consensus"": 0.008800008799880743, ""K4_nli_and_bypass_check"": 161.23270001844503, ""K5_decision"": 0.18289999570697546}",1427
FACTURK-0244,DOĞRU,"[16434, 13753, 6858, 824, 12595, 13200, 11961, 6224, 16532, 4999, 11245, 743, 29381, 13253, 16304, 24417, 26329, 8315, 10070, 7113]","[0.000706905557308346, 0.003135835751891136, 0.00015720345254521817, 0.0001442598586436361, 0.03635666146874428, 1.6442494597868063e-05, 2.3369333575828932e-05, 5.518923353520222e-05, 1.67014204635052e-05, 1.657145367062185e-05, 1.750292540236842e-05, 1.657145367062185e-05, 1.922317096614279e-05, 1.6314539607265033e-05, 0.0006047102506272495, 3.535625000949949e-05, 1.6061610949691385e-05, 1.7231572201126255e-05, 0.0006312434561550617, 6.108854722697288e-05]","[0.0018125041387975216, 0.9962064027786255, 0.0019811163656413555]","[0.0018125041387975216, 0.9962064027786255, 0.0019811163656413555]",False,YETERSİZ VERİ,RET,True,False,1716.585500020301,"{""K1_input_and_readiness"": 0.05629999213851988, ""K7_context"": 0.0017999846022576094, ""K1_normalization"": 0.009500014130026102, ""K6_advisory"": 33.960700005991384, ""K1_intent"": 0.044599990360438824, ""K2_retrieval"": 139.22459998866543, ""K3_reranker"": 1194.062299997313, ""K8_weighted_ranking"": 1.3149000005796552, ""K3_candidate_filters"": 6.568199984030798, ""K9_advisory_consensus"": 0.007700000423938036, ""K4_nli_and_bypass_check"": 175.29600000125356, ""K5_decision"": 162.3941999860108}",10070
FACTURK-0245,DOĞRU,"[15787, 9150, 27623, 15294, 13538, 21653, 27617, 22773, 23054, 25225, 19237, 12658, 1701, 24013, 28371, 8685, 18253, 27382, 9755, 2858]","[0.012722708284854889, 0.03271312639117241, 0.0018602986820042133, 3.1941821362124756e-05, 0.004591683857142925, 1.9073577277595177e-05, 4.1659583075670525e-05, 0.9828232526779175, 0.07237401604652405, 0.014392335899174213, 0.022371459752321243, 0.050611432641744614, 0.023779986426234245, 0.005685906857252121, 0.0026316740550100803, 0.006241259165108204, 0.00017952796770259738, 0.0007437028689309955, 0.008187909610569477, 0.0006878511630930007]","[0.9738754034042358, 0.023861100897192955, 0.0022634523920714855]","[0.9738754034042358, 0.023861100897192955, 0.0022634523920714855]",False,YALAN,RED,False,False,1520.2927000063937,"{""K1_input_and_readiness"": 0.052499992307275534, ""K7_context"": 0.001700012944638729, ""K1_normalization"": 0.00790000194683671, ""K6_advisory"": 35.99600002053194, ""K1_intent"": 0.04149999585933983, ""K2_retrieval"": 123.03090002387762, ""K3_reranker"": 1138.8877000135835, ""K8_weighted_ranking"": 1.3045999803580344, ""K3_candidate_filters"": 6.543800001963973, ""K9_advisory_consensus"": 0.007800001185387373, ""K4_nli_and_bypass_check"": 120.6460999965202, ""K5_decision"": 90.38459998555481}",22773
FACTURK-0246,DOĞRU,"[11721, 14939, 26050, 21126, 7516, 28903, 2894, 6304, 9516, 6189, 26089, 23550, 27383, 14053, 18800, 2719, 23475, 8942, 4667, 21522]","[0.0003275842755101621, 2.1278065105434507e-05, 1.6061610949691385e-05, 0.0007672924548387527, 1.6314539607265033e-05, 1.6187581422855146e-05, 2.355261858610902e-05, 7.031184941297397e-05, 8.156224066624418e-05, 1.6187581422855146e-05, 3.0479141059913673e-05, 1.6187581422855146e-05, 3.8831109122838825e-05, 1.657145367062185e-05, 1.8342892872169614e-05, 1.67014204635052e-05, 1.6442494597868063e-05, 1.657145367062185e-05, 1.6061610949691385e-05, 1.6061610949691385e-05]","[0.0006392075447365642, 0.9983539581298828, 0.0010068824049085379]","[0.0006392075447365642, 0.9983539581298828, 0.0010068824049085379]",False,YETERSİZ VERİ,RET,True,False,2127.648699999554,"{""K1_input_and_readiness"": 0.07390000973828137, ""K7_context"": 0.0014999823179095984, ""K1_normalization"": 0.012600008631125093, ""K6_advisory"": 34.803799993824214, ""K1_intent"": 0.04409998655319214, ""K2_retrieval"": 159.21939999680035, ""K3_reranker"": 1783.8363999908324, ""K8_weighted_ranking"": 1.2929999793414026, ""K3_candidate_filters"": 6.610600015847012, ""K9_advisory_consensus"": 0.007399998139590025, ""K4_nli_and_bypass_check"": 138.190300000133, ""K5_decision"": 0.34100000630132854}",8942
FACTURK-0247,YALAN,"[24726, 30211, 15978, 24956, 23686, 29892, 22175, 22388, 25169, 17982, 28371, 27894, 24275, 22268, 17499, 21007, 16063, 1733, 4991, 17354]","[0.9995827078819275, 0.0026522595435380936, 0.0799255222082138, 0.23057307302951813, 0.018761085346341133, 0.10557883977890015, 0.0029008574783802032, 0.0061929901130497456, 0.023962024599313736, 0.005343256052583456, 0.0006214630557224154, 0.005021149758249521, 1.9073577277595177e-05, 0.0011649561347439885, 0.0023413407616317272, 0.01764446496963501, 0.03455362468957901, 0.001151399570517242, 0.018124720081686974, 0.007039045449346304]","[0.9994351267814636, 0.00017232280515599996, 0.0003925521741621196]","[0.9994351267814636, 0.00017232280515599996, 0.0003925521741621196]",False,YALAN,UYARI,False,False,1659.524299990153,"{""K1_input_and_readiness"": 0.05299999611452222, ""K7_context"": 0.002100015990436077, ""K1_normalization"": 0.009899988071992993, ""K6_advisory"": 35.27400002349168, ""K1_intent"": 0.05140001303516328, ""K2_retrieval"": 141.43300001160242, ""K3_reranker"": 1372.1224000037182, ""K8_weighted_ranking"": 1.317500020377338, ""K3_candidate_filters"": 6.294899998465553, ""K9_advisory_consensus"": 0.007499998901039362, ""K4_nli_and_bypass_check"": 61.32619999698363, ""K5_decision"": 38.43439999036491}",24726
FACTURK-0248,YALAN,"[18148, 26461, 915, 23436, 8001, 29251, 16193, 8688, 21223, 28346, 29177, 8821, 15832, 861, 3213, 23755, 7248, 13378, 1570, 4481]","[0.07237401604652405, 0.02881619706749916, 0.06608537584543228, 1.657145367062185e-05, 1.6061610949691385e-05, 0.001597845577634871, 5.920916373725049e-05, 0.00035281325108371675, 0.0030634168069809675, 5.9673518990166485e-05, 2.411113746347837e-05, 1.657145367062185e-05, 1.6187581422855146e-05, 2.1444948288262822e-05, 0.004264635033905506, 1.6314539607265033e-05, 0.0003199982165824622, 1.6061610949691385e-05, 0.000628784007858485, 0.0002251682453788817]","[0.9765448570251465, 0.0158604197204113, 0.007594813592731953]","[0.9765448570251465, 0.0158604197204113, 0.007594813592731953]",False,DOĞRU,ONAY,False,False,1979.7778999782167,"{""K1_input_and_readiness"": 0.047900015488266945, ""K7_context"": 0.0016999838408082724, ""K1_normalization"": 0.009600014891475439, ""K6_advisory"": 35.006599995540455, ""K1_intent"": 0.038300000596791506, ""K2_retrieval"": 124.71629999345168, ""K3_reranker"": 1534.656800009543, ""K8_weighted_ranking"": 1.5462000155821443, ""K3_candidate_filters"": 6.676599994534627, ""K9_advisory_consensus"": 0.006699992809444666, ""K4_nli_and_bypass_check"": 148.81939999759197, ""K5_decision"": 124.89469998399727}",18148
FACTURK-0249,DOĞRU,"[427, 29568, 8286, 15887, 16420, 16856, 8176, 23265, 24737, 3557, 2853, 25318, 21248, 4842, 19220, 11992, 17094, 6112, 5588, 30144]","[0.9881765246391296, 1.6442494597868063e-05, 2.93115390377352e-05, 0.0001387341326335445, 0.001674399245530367, 0.00012632041762117296, 2.710879925871268e-05, 1.6187581422855146e-05, 1.6187581422855146e-05, 0.00022167809947859496, 4.298194107832387e-05, 2.3369333575828932e-05, 1.6314539607265033e-05, 4.7206227463902906e-05, 7.602479308843613e-05, 1.6314539607265033e-05, 0.001052568550221622, 1.6061610949691385e-05, 1.6442494597868063e-05, 1.9373936083866283e-05]","[0.996203601360321, 0.0026655809488147497, 0.0011307772947475314]","[0.996203601360321, 0.0026655809488147497, 0.0011307772947475314]",False,YALAN,RED,False,False,1827.2582000063267,"{""K1_input_and_readiness"": 0.05440000677481294, ""K7_context"": 0.001700012944638729, ""K1_normalization"": 0.013399985618889332, ""K6_advisory"": 33.74970000004396, ""K1_intent"": 0.03739999374374747, ""K2_retrieval"": 127.32410000171512, ""K3_reranker"": 1447.3144999938086, ""K8_weighted_ranking"": 1.365600008284673, ""K3_candidate_filters"": 7.020100019872189, ""K9_advisory_consensus"": 0.006999995093792677, ""K4_nli_and_bypass_check"": 115.61899998923764, ""K5_decision"": 91.62940000533126}",427
FACTURK-0250,YALAN,"[12539, 22465, 15780, 4270, 7924, 10589, 1499, 12104, 19997, 7224, 5953, 21058, 29414, 24782, 14277, 9366, 9274, 24943, 24849, 2984]","[0.000706905557308346, 0.005865338258445263, 0.002115703420713544, 0.007937993854284286, 0.001597845577634871, 0.003510648850351572, 0.04509957134723663, 0.0002591582597233355, 0.00029137005913071334, 0.007725534029304981, 0.016593176871538162, 0.00019716942915692925, 0.0026730059180408716, 0.015845362097024918, 0.054701510816812515, 0.10194652527570724, 0.004736748989671469, 0.004962942097336054, 0.4801282584667206, 0.00016474656877107918]","[0.0004903441877104342, 0.999305248260498, 0.0002043877320829779]","[0.0004903441877104342, 0.999305248260498, 0.0002043877320829779]",False,YALAN,UYARI,False,False,2597.649800009094,"{""K1_input_and_readiness"": 0.1033000007737428, ""K7_context"": 0.0013999815564602613, ""K1_normalization"": 0.015300000086426735, ""K6_advisory"": 33.97809999296442, ""K1_intent"": 0.05259999306872487, ""K2_retrieval"": 231.56149999704212, ""K3_reranker"": 2138.1917000107933, ""K8_weighted_ranking"": 1.2227999977767467, ""K3_candidate_filters"": 6.582000001799315, ""K9_advisory_consensus"": 0.007800001185387373, ""K4_nli_and_bypass_check"": 182.12069998844527, ""K5_decision"": 0.20760000916197896}",24849
FACTURK-0251,DOĞRU,"[4452, 17297, 18638, 12622, 23757, 5104, 28871, 6765, 2933, 21667, 4658, 13026, 10051, 2755, 25087, 2100, 14924, 6170, 9755, 28886]","[0.0011786719551309943, 0.0008492455235682428, 0.0005316132446750998, 0.02203226462006569, 0.00032503585680387914, 0.0053640566766262054, 0.0006512682302854955, 0.0023688741493970156, 0.0028671587351709604, 0.0009584648651070893, 0.00079783343244344, 0.008745181374251842, 0.00014202363672666252, 0.00022167809947859496, 0.0023967307060956955, 3.0006618544575758e-05, 0.0005484792054630816, 0.0006337125087156892, 0.00032503585680387914, 0.00049553596181795]","[0.0006028679781593382, 0.9971328973770142, 0.0022642728872597218]","[0.0006028679781593382, 0.9971328973770142, 0.0022642728872597218]",False,YETERSİZ VERİ,RET,True,False,2794.738900003722,"{""K1_input_and_readiness"": 0.05950001650489867, ""K7_context"": 0.0014999823179095984, ""K1_normalization"": 0.011800002539530396, ""K6_advisory"": 35.86099998210557, ""K1_intent"": 0.04950002767145634, ""K2_retrieval"": 169.1690000006929, ""K3_reranker"": 1869.5682999968994, ""K8_weighted_ranking"": 1.0359000007156283, ""K3_candidate_filters"": 5.609000014374033, ""K9_advisory_consensus"": 0.006999995093792677, ""K4_nli_and_bypass_check"": 377.01719999313354, ""K5_decision"": 333.00069998949766}",5104
FACTURK-0252,YALAN,"[5630, 4402, 2429, 28582, 17161, 12102, 13621, 5581, 16652, 1959, 7375, 24542, 3524, 18711, 29070, 17685, 29379, 8833, 5371, 4073]","[0.9993175268173218, 0.015483989380300045, 0.0025509123224765062, 0.02080448903143406, 0.00026947917649522424, 2.265035072923638e-05, 0.01590639166533947, 2.411113746347837e-05, 0.008847354911267757, 3.321419353596866e-05, 0.04377274215221405, 0.04107588902115822, 0.005001672077924013, 8.547616744181141e-05, 0.00038296362617984414, 0.0006538155721500516, 0.0001387341326335445, 0.0019723358564078808, 0.0020033332984894514, 1.6061610949691385e-05]",null,"[1.0, 0.0, 0.0]",True,YALAN,UYARI,False,False,2566.7982999875676,"{""K1_input_and_readiness"": 0.04840001929551363, ""K7_context"": 0.001500011421740055, ""K1_normalization"": 0.010899995686486363, ""K6_advisory"": 35.0670000188984, ""K1_intent"": 0.042800005758181214, ""K2_retrieval"": 135.80289998208173, ""K3_reranker"": 2383.778200019151, ""K8_weighted_ranking"": 1.490800001192838, ""K3_candidate_filters"": 6.635500001721084, ""K9_advisory_consensus"": 0.008000002708286047, ""K4_nli_and_bypass_check"": 0.2330999996047467, ""K5_decision"": 0.3319999959785491}",5630
FACTURK-0253,YALAN,"[6837, 23132, 14727, 24304, 1959, 13795, 11158, 12068, 22465, 12265, 22811, 635, 6047, 3954, 20781, 24179, 8871, 23336, 18348, 15247]","[2.0462934116949327e-05, 0.00015720345254521817, 0.0009811719646677375, 0.0005907104350626469, 1.6314539607265033e-05, 0.00014653129619546235, 1.6187581422855146e-05, 0.00026738259475678205, 1.8486754925106652e-05, 0.002992665395140648, 1.6314539607265033e-05, 1.9373936083866283e-05, 3.024195939360652e-05, 2.908344322349876e-05, 8.349628478754312e-05, 1.657145367062185e-05, 1.67014204635052e-05, 0.0005953406798653305, 2.93115390377352e-05, 1.6314539607265033e-05]","[0.003732664743438363, 0.9932944178581238, 0.002972939983010292]","[0.003732664743438363, 0.9932944178581238, 0.002972939983010292]",False,YETERSİZ VERİ,RET,True,False,2149.907799990615,"{""K1_input_and_readiness"": 0.05720002809539437, ""K7_context"": 0.001400010660290718, ""K1_normalization"": 0.011199997970834374, ""K6_advisory"": 36.38030000729486, ""K1_intent"": 0.04879999323748052, ""K2_retrieval"": 168.1838000076823, ""K3_reranker"": 1313.1223999953363, ""K8_weighted_ranking"": 1.2979000166524202, ""K3_candidate_filters"": 6.6445000120438635, ""K9_advisory_consensus"": 0.00689999433234334, ""K4_nli_and_bypass_check"": 334.2416000086814, ""K5_decision"": 286.6081999964081}",12265
FACTURK-0254,YALAN,"[30197, 16423, 16687, 6705, 12442, 16491, 5962, 5198, 25913, 17023, 27748, 1882, 22527, 5228, 10107, 11087, 23309, 27957, 540, 13362]","[1.657145367062185e-05, 1.8777873265207745e-05, 1.9833367332466878e-05, 4.101373633602634e-05, 0.0006070755189284682, 0.0011380005162209272, 1.8200149497715756e-05, 1.7917987861437723e-05, 0.001356401713564992, 1.6442494597868063e-05, 3.508111694827676e-05, 3.5633544030133635e-05, 2.195349043176975e-05, 1.6061610949691385e-05, 1.6061610949691385e-05, 1.6314539607265033e-05, 1.6314539607265033e-05, 1.6061610949691385e-05, 0.00041568948654457927, 4.1335399146191776e-05]","[0.000564805930480361, 0.019658992066979408, 0.97977614402771]","[0.000564805930480361, 0.019658992066979408, 0.97977614402771]",False,YETERSİZ VERİ,KISMI,True,False,1692.302599985851,"{""K1_input_and_readiness"": 0.05329999839887023, ""K7_context"": 0.001300009898841381, ""K1_normalization"": 0.00969998654909432, ""K6_advisory"": 35.0040000048466, ""K1_intent"": 0.06230000872164965, ""K2_retrieval"": 127.93959997361526, ""K3_reranker"": 1486.2297999789007, ""K8_weighted_ranking"": 1.42529999720864, ""K3_candidate_filters"": 7.124299998395145, ""K9_advisory_consensus"": 0.008500006515532732, ""K4_nli_and_bypass_check"": 29.70500002265908, ""K5_decision"": 0.436800008174032}",17023
FACTURK-0255,DOĞRU,"[2558, 6199, 18926, 4226, 5827, 12813, 21702, 1763, 8950, 4987, 27680, 17342, 10715, 4494, 10873, 11056, 18779, 18876, 15525, 9286]","[2.0462934116949327e-05, 0.005281333811581135, 0.005405900068581104, 0.02898062951862812, 3.1201914680423215e-05, 0.0005316132446750998, 0.0008009536541067064, 0.00019871552649419755, 0.008030813187360764, 0.012007349170744419, 0.008745181374251842, 6.253713218029588e-05, 0.00013032974675297737, 1.750292540236842e-05, 5.02506154589355e-05, 0.0005484792054630816, 7.086326513672248e-05, 1.7097478121286258e-05, 2.4682904040673748e-05, 0.002199798123911023]","[0.00128468731418252, 0.9974740147590637, 0.001241298858076334]","[0.00128468731418252, 0.9974740147590637, 0.001241298858076334]",False,YALAN,RED,False,False,2031.4158000110183,"{""K1_input_and_readiness"": 0.10199999087490141, ""K7_context"": 0.001700012944638729, ""K1_normalization"": 0.01920000067912042, ""K6_advisory"": 37.86529999342747, ""K1_intent"": 0.05250002141110599, ""K2_retrieval"": 191.50499999523163, ""K3_reranker"": 1759.0529999870341, ""K8_weighted_ranking"": 1.3516999897547066, ""K3_candidate_filters"": 7.238799997139722, ""K9_advisory_consensus"": 0.008100003469735384, ""K4_nli_and_bypass_check"": 29.961899999761954, ""K5_decision"": 0.43489999370649457}",6199
FACTURK-0256,YALAN,"[15787, 17721, 21537, 2858, 1701, 9220, 25225, 9150, 16150, 16785, 25228, 25169, 30075, 28483, 24184, 16063, 2244, 9755, 15848, 27219]","[0.001151399570517242, 0.4686386287212372, 0.468030720949173, 0.0001476803736295551, 0.0010122860549017787, 0.00010391067189630121, 0.0019646615255624056, 0.008985428139567375, 0.005220125429332256, 0.0006047102506272495, 0.0012743262341246009, 0.00011412239109631628, 0.05634009838104248, 0.0004272078804206103, 0.0007824140484444797, 0.002580904169008136, 7.905303937150165e-05, 0.0020507434383034706, 0.00016093082376755774, 0.00010071400902234018]","[0.003290909808129072, 0.9856624007225037, 0.011046672239899635]","[0.003290909808129072, 0.9856624007225037, 0.011046672239899635]",False,YALAN,UYARI,False,False,2407.442900002934,"{""K1_input_and_readiness"": 0.069500005338341, ""K7_context"": 0.001600012183189392, ""K1_normalization"": 0.010299991117790341, ""K6_advisory"": 36.50829999241978, ""K1_intent"": 0.04849999095313251, ""K2_retrieval"": 122.95219997758977, ""K3_reranker"": 2033.292900014203, ""K8_weighted_ranking"": 1.3270000054035336, ""K3_candidate_filters"": 6.448300002375618, ""K9_advisory_consensus"": 0.007700000423938036, ""K4_nli_and_bypass_check"": 114.0912999981083, ""K5_decision"": 89.54049999010749}",30075
FACTURK-0257,DOĞRU,"[25662, 18052, 15121, 27521, 17425, 18391, 13817, 18112, 9725, 12763, 27233, 4989, 11295, 15859, 1974, 29091, 5149, 20169, 29654, 6035]","[0.19759924709796906, 0.03222229704260826, 0.11104825139045715, 0.0055333878844976425, 0.015663648024201393, 0.19590157270431519, 0.02013874053955078, 0.018194368109107018, 0.008445626124739647, 0.060418423265218735, 0.017442485317587852, 0.00815624836832285, 1.657145367062185e-05, 0.02909075655043125, 0.0037800956051796675, 0.011029469780623913, 6.60521473037079e-05, 0.0017891592578962445, 3.7931622500764206e-05, 0.048136770725250244]","[0.00012038562999805436, 0.9997085928916931, 0.00017099676188081503]","[0.00012038562999805436, 0.9997085928916931, 0.00017099676188081503]",False,YETERSİZ VERİ,RET,True,False,2724.7155000222847,"{""K1_input_and_readiness"": 0.07730000652372837, ""K7_context"": 0.001400010660290718, ""K1_normalization"": 0.011099997209385037, ""K6_advisory"": 33.849700004793704, ""K1_intent"": 0.04089999129064381, ""K2_retrieval"": 185.72740000672638, ""K3_reranker"": 2468.0884999979753, ""K8_weighted_ranking"": 1.5340999816544354, ""K3_candidate_filters"": 6.5734999952837825, ""K9_advisory_consensus"": 0.007100024959072471, ""K4_nli_and_bypass_check"": 25.199700001394376, ""K5_decision"": 0.38919999497011304}",15121
FACTURK-0258,DOĞRU,"[13706, 28345, 2194, 13989, 16594, 29289, 23797, 3306, 11751, 2993, 11758, 15782, 4877, 4628, 8100, 29165, 14954, 16095, 21977, 10847]","[0.009055263362824917, 0.04958902671933174, 0.00937623716890812, 0.022328782826662064, 0.010130411013960838, 0.03767939284443855, 0.002531111240386963, 0.0077555361203849316, 0.0007096704212017357, 0.02400774508714676, 0.0021322614047676325, 0.03739713504910469, 0.001314724562689662, 0.008315778337419033, 0.0008295892039313912, 0.0768222063779831, 0.003678509034216404, 0.00012148174573667347, 0.0007495314348489046, 4.794958294951357e-05]","[0.0028648050501942635, 0.994600772857666, 0.0025344386231154203]","[0.0028648050501942635, 0.994600772857666, 0.0025344386231154203]",False,YETERSİZ VERİ,RET,True,False,2197.6738999946974,"{""K1_input_and_readiness"": 0.05250002141110599, ""K7_context"": 0.001600012183189392, ""K1_normalization"": 0.009899988071992993, ""K6_advisory"": 35.1123999862466, ""K1_intent"": 0.04220000118948519, ""K2_retrieval"": 141.53480000095442, ""K3_reranker"": 1494.1111999796703, ""K8_weighted_ranking"": 1.2661000073421746, ""K3_candidate_filters"": 6.488300015917048, ""K9_advisory_consensus"": 0.007499998901039362, ""K4_nli_and_bypass_check"": 267.4033000075724, ""K5_decision"": 248.46139998408034}",2993
FACTURK-0259,DOĞRU,"[25585, 21400, 2575, 10277, 16630, 6764, 6758, 11122, 19122, 8266, 6348, 25961, 27079, 15897, 24904, 27364, 26201, 28198, 27436, 17532]","[0.6801354885101318, 1.7778551409719512e-05, 0.0031974869780242443, 0.0008199321455322206, 0.0017140384297817945, 0.007725534029304981, 0.004886374808847904, 2.014569145103451e-05, 0.006589771714061499, 1.7640199075685814e-05, 0.00021995337738189846, 0.0004060639475937933, 0.002296159043908119, 1.7231572201126255e-05, 1.7778551409719512e-05, 5.104190859128721e-05, 1.8342892872169614e-05, 1.6442494597868063e-05, 2.265035072923638e-05, 0.0022343622986227274]","[0.002708693966269493, 0.001796753378584981, 0.9954946041107178]","[0.002708693966269493, 0.001796753378584981, 0.9954946041107178]",False,DOĞRU,ONAY,False,False,2800.340599991614,"{""K1_input_and_readiness"": 0.04579999949783087, ""K7_context"": 0.0012999807950109243, ""K1_normalization"": 0.00890000956133008, ""K6_advisory"": 33.43350000795908, ""K1_intent"": 0.03659998765215278, ""K2_retrieval"": 141.24659998924471, ""K3_reranker"": 2209.5516999834217, ""K8_weighted_ranking"": 1.1956999951507896, ""K3_candidate_filters"": 5.632899992633611, ""K9_advisory_consensus"": 0.007199996616691351, ""K4_nli_and_bypass_check"": 204.956499976106, ""K5_decision"": 200.58229999267496}",28198
FACTURK-0260,DOĞRU,"[7704, 12063, 9755, 9150, 3138, 18090, 7858, 17910, 13960, 1625, 28777, 1241, 6828, 20048, 2262, 18735, 29858, 24534, 29999, 2961]","[1.7917987861437723e-05, 4.539786823443137e-05, 1.6187581422855146e-05, 0.00015236754552461207, 1.6061610949691385e-05, 0.001094452221877873, 0.00026738259475678205, 4.037790131405927e-05, 1.8200149497715756e-05, 0.0002472934720572084, 1.6187581422855146e-05, 6.868317723274231e-05, 1.6061610949691385e-05, 0.00034329999471083283, 1.67014204635052e-05, 1.6314539607265033e-05, 1.6314539607265033e-05, 1.805851934477687e-05, 1.683241134742275e-05, 1.6314539607265033e-05]","[0.0003557864692993462, 0.9990824460983276, 0.000561741937417537]","[0.0003557864692993462, 0.9990824460983276, 0.000561741937417537]",False,YETERSİZ VERİ,RET,True,False,3056.5411999996286,"{""K1_input_and_readiness"": 0.06970000686123967, ""K7_context"": 0.0015999830793589354, ""K1_normalization"": 0.03270001616328955, ""K6_advisory"": 35.73169998708181, ""K1_intent"": 0.057199998991563916, ""K2_retrieval"": 164.20650001964532, ""K3_reranker"": 2255.4966999741737, ""K8_weighted_ranking"": 1.4813000161666423, ""K3_candidate_filters"": 6.596999999601394, ""K9_advisory_consensus"": 0.012500007869675756, ""K4_nli_and_bypass_check"": 310.65050000324845, ""K5_decision"": 278.85189998778515}",9150
FACTURK-0261,YALAN,"[27643, 2749, 11158, 23464, 26193, 2266, 22830, 20431, 8348, 12900, 11185, 1747, 21022, 3427, 27752, 9110, 10563, 24601, 15617, 27965]","[0.00017952796770259738, 1.9988918211311102e-05, 1.8200149497715756e-05, 3.321419353596866e-05, 1.7640199075685814e-05, 2.1444948288262822e-05, 2.5071596610359848e-05, 0.005980330519378185, 1.6964426322374493e-05, 1.67014204635052e-05, 3.5633544030133635e-05, 1.6964426322374493e-05, 1.892514956125524e-05, 1.657145367062185e-05, 3.3474691008450463e-05, 1.7640199075685814e-05, 2.4682904040673748e-05, 1.657145367062185e-05, 0.0003366621967870742, 1.750292540236842e-05]","[0.040950462222099304, 0.8989362716674805, 0.06011325120925903]","[0.040950462222099304, 0.8989362716674805, 0.06011325120925903]",False,YETERSİZ VERİ,RET,True,False,3339.7221000050195,"{""K1_input_and_readiness"": 0.07789998198859394, ""K7_context"": 0.001700012944638729, ""K1_normalization"": 0.01479999627918005, ""K6_advisory"": 36.28050000406802, ""K1_intent"": 0.049299997044727206, ""K2_retrieval"": 192.91040001553483, ""K3_reranker"": 1745.1245999836829, ""K8_weighted_ranking"": 1.370599988149479, ""K3_candidate_filters"": 6.576000014320016, ""K9_advisory_consensus"": 0.011299998732283711, ""K4_nli_and_bypass_check"": 712.9703999962658, ""K5_decision"": 640.7561999803875}",22830
FACTURK-0262,DOĞRU,"[22773, 2381, 11778, 29892, 4156, 5576, 7330, 2920, 9651, 18348, 8200, 29075, 9150, 16150, 24726, 11723, 14499, 9755, 13065, 17589]","[0.038321975618600845, 0.20866228640079498, 0.02681019715964794, 0.0017614696407690644, 1.8777873265207745e-05, 1.8486754925106652e-05, 0.0011469158343970776, 0.0003905139456037432, 4.6474400733131915e-05, 3.426849070820026e-05, 1.67014204635052e-05, 3.0006618544575758e-05, 0.001495338510721922, 0.0012594986474141479, 0.002323162741959095, 4.006369272246957e-05, 0.00046190584544092417, 0.001667882315814495, 0.0008626077906228602, 0.0012943679466843605]","[0.0028745990712195635, 0.9923531413078308, 0.004772254265844822]","[0.0028745990712195635, 0.9923531413078308, 0.004772254265844822]",False,YALAN,UYARI,False,False,1901.5845000103582,"{""K1_input_and_readiness"": 0.05879998207092285, ""K7_context"": 0.001700012944638729, ""K1_normalization"": 0.011199997970834374, ""K6_advisory"": 33.45280000939965, ""K1_intent"": 0.03549997927621007, ""K2_retrieval"": 129.5115000102669, ""K3_reranker"": 1299.2394999891985, ""K8_weighted_ranking"": 1.1362999794073403, ""K3_candidate_filters"": 5.755099991802126, ""K9_advisory_consensus"": 0.00790000194683671, ""K4_nli_and_bypass_check"": 221.24189999885857, ""K5_decision"": 207.57790000061505}",2381
FACTURK-0263,YALAN,"[11383, 21599, 21930, 5273, 22965, 22460, 15874, 11158, 15789, 27954, 21473, 2910, 28194, 10999, 26315, 1130, 1761, 14855, 8905, 6538]","[0.011463796719908714, 0.008283626288175583, 0.01890544593334198, 0.0011740821646526456, 0.00040765260928310454, 0.00020342698553577065, 1.8200149497715756e-05, 0.0001344663032796234, 1.6314539607265033e-05, 3.975192521465942e-05, 0.00014883848780300468, 2.8409744118107483e-05, 0.0005072812782600522, 0.0024154833517968655, 6.657015910604969e-05, 3.70529705833178e-05, 0.00012931563833262771, 1.6187581422855146e-05, 0.0001097509084502235, 3.373722574906424e-05]","[0.0004096818156540394, 0.9982878565788269, 0.0013024964137002826]","[0.0004096818156540394, 0.9982878565788269, 0.0013024964137002826]",False,YETERSİZ VERİ,RET,True,False,2779.8261999851093,"{""K1_input_and_readiness"": 0.056100019719451666, ""K7_context"": 0.001400010660290718, ""K1_normalization"": 0.010099989594891667, ""K6_advisory"": 34.668899985263124, ""K1_intent"": 0.040700018871575594, ""K2_retrieval"": 158.78539998084307, ""K3_reranker"": 1879.956700024195, ""K8_weighted_ranking"": 1.276399998459965, ""K3_candidate_filters"": 6.372000003466383, ""K9_advisory_consensus"": 0.006999995093792677, ""K4_nli_and_bypass_check"": 418.58359999605455, ""K5_decision"": 276.69719999539666}",21599
FACTURK-0264,DOĞRU,"[11058, 24534, 17984, 17516, 11986, 5710, 12152, 5087, 20305, 1424, 19761, 17022, 15968, 30224, 12677, 15453, 10902, 15684, 5542, 18561]","[0.39105701446533203, 3.1201914680423215e-05, 0.030733928084373474, 0.0023967307060956955, 0.0008693674462847412, 0.019908789545297623, 0.00018093574908562005, 0.00026530236937105656, 0.0011335690505802631, 0.016466174274683, 0.9386884570121765, 1.750292540236842e-05, 1.892514956125524e-05, 0.0032350558321923018, 0.026205414906144142, 0.003350423648953438, 0.00524044968187809, 0.0004459562187548727, 1.7097478121286258e-05, 0.0003150386910419911]","[0.8537610769271851, 0.07036428898572922, 0.07587456703186035]","[0.8537610769271851, 0.07036428898572922, 0.07587456703186035]",False,YETERSİZ VERİ,KISMI,True,False,1983.3413999876939,"{""K1_input_and_readiness"": 0.06520000169984996, ""K7_context"": 0.0017999846022576094, ""K1_normalization"": 0.009100011084228754, ""K6_advisory"": 33.394500002032146, ""K1_intent"": 0.03399999695830047, ""K2_retrieval"": 122.69690001267008, ""K3_reranker"": 1663.0637999915052, ""K8_weighted_ranking"": 1.14819998270832, ""K3_candidate_filters"": 5.907400016440079, ""K9_advisory_consensus"": 0.00689999433234334, ""K4_nli_and_bypass_check"": 88.50430001621135, ""K5_decision"": 64.52080002054572}",19761
FACTURK-0265,YALAN,"[4991, 2549, 6119, 29892, 13059, 2984, 18226, 20266, 3259, 29169, 5723, 7095, 9765, 19012, 20078, 27136, 6765, 11125, 22180, 1505]","[0.0650087296962738, 0.0013511208817362785, 0.08601588010787964, 0.0001500056532677263, 0.0001713081874186173, 0.0001713081874186173, 0.0003275842755101621, 0.0008328334079124033, 0.0030634168069809675, 0.0004459562187548727, 2.0462934116949327e-05, 2.526822754589375e-05, 0.0011786719551309943, 7.843789353501052e-05, 2.6480842279852368e-05, 0.21700547635555267, 0.00020184421737212688, 0.004231587518006563, 0.0016875095898285508, 1.892514956125524e-05]","[0.0009174832375720143, 0.9784854650497437, 0.020596979185938835]","[0.0009174832375720143, 0.9784854650497437, 0.020596979185938835]",False,YETERSİZ VERİ,RET,True,False,2123.557200015057,"{""K1_input_and_readiness"": 0.05859998054802418, ""K7_context"": 0.001600012183189392, ""K1_normalization"": 0.010899995686486363, ""K6_advisory"": 37.13919999427162, ""K1_intent"": 0.04420001641847193, ""K2_retrieval"": 161.04939999058843, ""K3_reranker"": 1346.9653000065591, ""K8_weighted_ranking"": 1.4349999837577343, ""K3_candidate_filters"": 5.667400022502989, ""K9_advisory_consensus"": 0.006299989763647318, ""K4_nli_and_bypass_check"": 294.8428000090644, ""K5_decision"": 272.5688999926206}",4991
FACTURK-0266,DOĞRU,"[19604, 15636, 13525, 4491, 19212, 9117, 12727, 26848, 22170, 6165, 15367, 22715, 21965, 8658, 1459, 20079, 6206, 23862, 27625, 7696]","[1.8777873265207745e-05, 1.6061610949691385e-05, 1.657145367062185e-05, 3.373722574906424e-05, 2.014569145103451e-05, 1.7231572201126255e-05, 1.683241134742275e-05, 1.6061610949691385e-05, 1.6187581422855146e-05, 6.253713218029588e-05, 0.000124362253700383, 1.6187581422855146e-05, 1.6314539607265033e-05, 1.8777873265207745e-05, 1.67014204635052e-05, 8.957788668340072e-05, 0.00014313739666249603, 5.738759500673041e-05, 1.6442494597868063e-05, 1.6061610949691385e-05]","[0.0004712359805125743, 0.9968106150627136, 0.0027181061450392008]","[0.0004712359805125743, 0.9968106150627136, 0.0027181061450392008]",False,YETERSİZ VERİ,RET,True,False,2171.997899975395,"{""K1_input_and_readiness"": 0.07360000745393336, ""K7_context"": 0.0015999830793589354, ""K1_normalization"": 0.013300013961270452, ""K6_advisory"": 33.530199987581, ""K1_intent"": 0.04880002234131098, ""K2_retrieval"": 206.13560001947917, ""K3_reranker"": 1786.3492000033148, ""K8_weighted_ranking"": 1.3961000076960772, ""K3_candidate_filters"": 6.456500006606802, ""K9_advisory_consensus"": 0.007399998139590025, ""K4_nli_and_bypass_check"": 134.64249999378808, ""K5_decision"": 0.1598000235389918}",15367
FACTURK-0267,YALAN,"[26279, 20172, 22301, 25269, 24851, 20024, 13189, 10913, 9553, 19187, 10451, 11278, 5294, 13673, 7336, 19713, 22252, 15734, 7236, 10851]","[0.06754669547080994, 0.011687257327139378, 0.000437334441812709, 0.01764446496963501, 2.161314114346169e-05, 0.6209089756011963, 0.0006361912237480283, 0.00748962489888072, 0.0001713081874186173, 0.007317397277802229, 7.031184941297397e-05, 0.0001837845629779622, 7.311254739761353e-05, 4.6474400733131915e-05, 3.024195939360652e-05, 0.0002002737601287663, 1.67014204635052e-05, 5.34913269802928e-05, 0.001987774157896638, 1.6314539607265033e-05]","[0.006963424384593964, 0.6824527978897095, 0.31058377027511597]","[0.006963424384593964, 0.6824527978897095, 0.31058377027511597]",False,YETERSİZ VERİ,RET,True,False,2001.742699998431,"{""K1_input_and_readiness"": 0.046200002543628216, ""K7_context"": 0.001300009898841381, ""K1_normalization"": 0.017799990018829703, ""K6_advisory"": 33.24319998500869, ""K1_intent"": 0.03809999907389283, ""K2_retrieval"": 138.27349999337457, ""K3_reranker"": 1343.615799996769, ""K8_weighted_ranking"": 1.3029999972786754, ""K3_candidate_filters"": 6.396900018444285, ""K9_advisory_consensus"": 0.007399998139590025, ""K4_nli_and_bypass_check"": 247.96770000830293, ""K5_decision"": 227.0862000004854}",20024
FACTURK-0268,YALAN,"[10329, 21058, 4682, 22514, 16150, 1499, 8118, 11936, 26479, 4149, 23693, 7330, 20446, 23276, 11026, 20683, 27402, 3956, 12201, 28704]","[0.46815231442451477, 0.0022694687359035015, 3.975192521465942e-05, 0.000503335555549711, 0.004700060468167067, 0.0002982776495628059, 0.0004936049808748066, 0.0005442132824100554, 0.0031603530514985323, 0.0007152324542403221, 4.575391358230263e-05, 0.007785655092447996, 0.0010443859500810504, 0.000628784007858485, 0.010052368976175785, 0.002790037775412202, 2.0462934116949327e-05, 0.006930672097951174, 0.0002415662893326953, 0.00010229986219201237]","[0.011037296615540981, 0.023391837254166603, 0.9655708074569702]","[0.011037296615540981, 0.023391837254166603, 0.9655708074569702]",False,DOĞRU,ONAY,False,False,3291.236700024456,"{""K1_input_and_readiness"": 0.07239999831654131, ""K7_context"": 0.0016999838408082724, ""K1_normalization"": 0.014400022337213159, ""K6_advisory"": 34.431699983542785, ""K1_intent"": 0.046299974201247096, ""K2_retrieval"": 192.5053000159096, ""K3_reranker"": 2251.336999994237, ""K8_weighted_ranking"": 1.282899989746511, ""K3_candidate_filters"": 6.550999998580664, ""K9_advisory_consensus"": 0.006799993570894003, ""K4_nli_and_bypass_check"": 447.10720001603477, ""K5_decision"": 352.74100000970066}",10329
FACTURK-0269,DOĞRU,"[28319, 19824, 16465, 30119, 4813, 693, 3969, 8468, 18725, 13421, 24912, 2433, 27402, 15928, 26660, 17760, 25841, 19930, 1415, 10748]","[0.0006142272031866014, 0.04099902883172035, 0.0018602986820042133, 2.977311669383198e-05, 0.0031480707693845034, 2.094818773912266e-05, 7.9673009167891e-05, 1.6442494597868063e-05, 0.00011866796558024362, 1.6061610949691385e-05, 1.6061610949691385e-05, 1.6187581422855146e-05, 0.00020988310279790312, 1.6061610949691385e-05, 1.6314539607265033e-05, 0.0006693099858239293, 1.6187581422855146e-05, 2.526822754589375e-05, 1.6061610949691385e-05, 1.6187581422855146e-05]","[0.004461131989955902, 0.5709078311920166, 0.4246309995651245]","[0.004461131989955902, 0.5709078311920166, 0.4246309995651245]",False,YETERSİZ VERİ,RET,True,False,2005.2451000083238,"{""K1_input_and_readiness"": 0.12399998377077281, ""K7_context"": 0.0019999861251562834, ""K1_normalization"": 0.02020000829361379, ""K6_advisory"": 50.49290001625195, ""K1_intent"": 0.09750001481734216, ""K2_retrieval"": 252.29369997396134, ""K3_reranker"": 1665.3441000089515, ""K8_weighted_ranking"": 1.2725999986287206, ""K3_candidate_filters"": 6.379299971740693, ""K9_advisory_consensus"": 0.008899980457499623, ""K4_nli_and_bypass_check"": 25.39160000742413, ""K5_decision"": 0.3656999906525016}",27402
FACTURK-0270,YALAN,"[9798, 4208, 4942, 10980, 7705, 18715, 12204, 17449, 8910, 13795, 1546, 8861, 16162, 10137, 27387, 10589, 29892, 10999, 3685, 9270]","[0.0012255674228072166, 0.00026738259475678205, 2.0785171727766283e-05, 1.805851934477687e-05, 5.225226777838543e-05, 1.7097478121286258e-05, 7.543320680269971e-05, 0.00018093574908562005, 3.6764631659025326e-05, 9.535461140330881e-05, 0.0021322614047676325, 4.298194107832387e-05, 1.892514956125524e-05, 0.0001195985751110129, 2.93115390377352e-05, 0.0002002737601287663, 4.5044595026411116e-05, 3.734356869244948e-05, 1.967902426258661e-05, 3.071818719035946e-05]","[0.0034646885469555855, 0.09462397545576096, 0.9019113183021545]","[0.0034646885469555855, 0.09462397545576096, 0.9019113183021545]",False,DOĞRU,ONAY,False,False,2342.579099989962,"{""K1_input_and_readiness"": 0.05609999061562121, ""K7_context"": 0.0015999830793589354, ""K1_normalization"": 0.011399999493733048, ""K6_advisory"": 34.16149999247864, ""K1_intent"": 0.09169999975711107, ""K2_retrieval"": 143.81320000393316, ""K3_reranker"": 1650.8481999917421, ""K8_weighted_ranking"": 1.0724000167101622, ""K3_candidate_filters"": 6.1645000241696835, ""K9_advisory_consensus"": 0.009599985787644982, ""K4_nli_and_bypass_check"": 251.5346000145655, ""K5_decision"": 251.5961999888532}",1546
FACTURK-0271,YALAN,"[21359, 12819, 2152, 1873, 28382, 16922, 26770, 7337, 29388, 17101, 6631, 23668, 11447, 4160, 20596, 19684, 15376, 15636, 16977, 13414]","[2.1112482500029728e-05, 1.6187581422855146e-05, 4.1335399146191776e-05, 0.00023050670279189944, 0.00010310211655450985, 1.657145367062185e-05, 0.001069126301445067, 2.411113746347837e-05, 3.1693256460130215e-05, 0.0023967307060956955, 4.331903619458899e-05, 0.00018522572645451874, 7.662102143513039e-05, 0.004609572235494852, 0.0008328334079124033, 1.6187581422855146e-05, 0.00017536994710098952, 1.9988918211311102e-05, 1.6061610949691385e-05, 5.9673518990166485e-05]","[0.0025310118217021227, 0.9965568780899048, 0.0009121415205299854]","[0.0025310118217021227, 0.9965568780899048, 0.0009121415205299854]",False,YETERSİZ VERİ,RET,True,False,1608.8886000216007,"{""K1_input_and_readiness"": 0.04270000499673188, ""K7_context"": 0.0013999815564602613, ""K1_normalization"": 0.008000002708286047, ""K6_advisory"": 38.95539999939501, ""K1_intent"": 0.04439998883754015, ""K2_retrieval"": 115.0463999947533, ""K3_reranker"": 1225.4242000053637, ""K8_weighted_ranking"": 1.2442999868653715, ""K3_candidate_filters"": 6.433500006096438, ""K9_advisory_consensus"": 0.013200013199821115, ""K4_nli_and_bypass_check"": 115.79009998240508, ""K5_decision"": 102.21909999381751}",6631
FACTURK-0272,YALAN,"[10913, 15616, 15372, 7421, 19793, 21402, 28886, 29627, 25269, 27277, 23751, 1291, 6683, 10408, 9150, 9114, 20020, 20024, 4331, 27181]","[0.970687747001648, 0.03993731364607811, 0.18609505891799927, 0.012479699216783047, 0.0003814711526501924, 0.000810387369710952, 0.022977370768785477, 0.060418423265218735, 0.0009399438858963549, 0.000191104321856983, 0.0011291546979919076, 6.0613183450186625e-05, 0.005199879873543978, 0.0077555361203849316, 0.00010720880527514964, 0.0011380005162209272, 0.000159678646014072, 0.0022343622986227274, 0.00021485926117748022, 0.00013765462790615857]","[0.015669632703065872, 0.9830402731895447, 0.0012901078443974257]","[0.015669632703065872, 0.9830402731895447, 0.0012901078443974257]",False,YALAN,UYARI,False,False,2113.540299993474,"{""K1_input_and_readiness"": 0.05929998587816954, ""K7_context"": 0.0017999846022576094, ""K1_normalization"": 0.012800010154023767, ""K6_advisory"": 34.93629998411052, ""K1_intent"": 0.054899981478229165, ""K2_retrieval"": 171.2069000059273, ""K3_reranker"": 1664.85339999781, ""K8_weighted_ranking"": 1.3194999773986638, ""K3_candidate_filters"": 6.455099995946512, ""K9_advisory_consensus"": 0.006900023436173797, ""K4_nli_and_bypass_check"": 127.81139998696744, ""K5_decision"": 103.35639998083934}",10913
FACTURK-0273,YALAN,"[29903, 20460, 8148, 26792, 19518, 3427, 16836, 30301, 20929, 18807, 28582, 26467, 2008, 841, 15020, 25424, 2253, 17536, 19347, 11665]","[7.031184941297397e-05, 2.195349043176975e-05, 1.6964426322374493e-05, 6.553815910592675e-05, 0.0009584648651070893, 2.3369333575828932e-05, 3.7931622500764206e-05, 0.0003711854515131563, 5.02506154589355e-05, 1.8342892872169614e-05, 5.34913269802928e-05, 0.06394841521978378, 2.7535690605873242e-05, 2.6688529032981023e-05, 1.7231572201126255e-05, 2.526822754589375e-05, 1.8200149497715756e-05, 2.9541422918555327e-05, 1.6061610949691385e-05, 0.0042151594534516335]","[0.003094604704529047, 0.995646059513092, 0.0012593456776812673]","[0.003094604704529047, 0.995646059513092, 0.0012593456776812673]",False,YETERSİZ VERİ,RET,True,False,7209.911099984311,"{""K1_input_and_readiness"": 0.05630002124235034, ""K7_context"": 0.0012999807950109243, ""K1_normalization"": 0.012300006346777081, ""K6_advisory"": 34.27080000983551, ""K1_intent"": 0.03949998063035309, ""K2_retrieval"": 126.83419999666512, ""K3_reranker"": 5235.074000025634, ""K8_weighted_ranking"": 1.5436999965459108, ""K3_candidate_filters"": 5.374299973482266, ""K9_advisory_consensus"": 0.006999995093792677, ""K4_nli_and_bypass_check"": 1620.7974999852013, ""K5_decision"": 182.7793999982532}",30301
FACTURK-0274,YALAN,"[1291, 6232, 23490, 14151, 6263, 9114, 25969, 16633, 834, 24834, 10051, 7793, 27847, 16064, 19068, 13335, 23751, 24015, 5491, 8463]","[0.0007702931761741638, 0.0033634924329817295, 0.004700060468167067, 5.1845658163074404e-05, 0.012383785098791122, 0.0012943679466843605, 0.005554925184696913, 1.67014204635052e-05, 2.392351052549202e-05, 6.761842087144032e-05, 0.0009659748757258058, 0.0002002737601287663, 0.0014721895568072796, 0.0005614787805825472, 0.0022872276604175568, 0.06916356086730957, 5.0644717703107744e-05, 0.004314687568694353, 0.00033535013790242374, 3.4808123018592596e-05]","[0.9171537160873413, 0.036403704434633255, 0.046442557126283646]","[0.9171537160873413, 0.036403704434633255, 0.046442557126283646]",False,YALAN,RED,False,False,2098.6795999924652,"{""K1_input_and_readiness"": 0.05360000068321824, ""K7_context"": 0.002100015990436077, ""K1_normalization"": 0.01200000406242907, ""K6_advisory"": 33.93409997806884, ""K1_intent"": 0.042400002712383866, ""K2_retrieval"": 141.01389999268577, ""K3_reranker"": 1514.7753999917768, ""K8_weighted_ranking"": 1.0600999812595546, ""K3_candidate_filters"": 6.056100013665855, ""K9_advisory_consensus"": 0.010199990356341004, ""K4_nli_and_bypass_check"": 210.0773999991361, ""K5_decision"": 187.77829999453388}",13335
FACTURK-0275,DOĞRU,"[21626, 26063, 13874, 19524, 6879, 926, 4504, 10589, 23336, 3155, 17815, 26665, 21750, 5396, 14053, 3953, 5889, 28334, 5739, 24903]","[2.5071596610359848e-05, 0.0011649561347439885, 0.000552778656128794, 0.0001956353517016396, 2.2474090656032786e-05, 0.00407013762742281, 2.732141365413554e-05, 1.6442494597868063e-05, 0.0006512682302854955, 4.400118632474914e-05, 3.1693256460130215e-05, 1.6061610949691385e-05, 1.7366719475830905e-05, 5.694102947018109e-05, 1.6187581422855146e-05, 0.000337979436153546, 1.7097478121286258e-05, 1.6187581422855146e-05, 1.922317096614279e-05, 0.0075479233637452126]","[0.000984019017778337, 0.9983362555503845, 0.000679756689351052]","[0.000984019017778337, 0.9983362555503845, 0.000679756689351052]",False,YETERSİZ VERİ,RET,True,False,3451.883200003067,"{""K1_input_and_readiness"": 0.07310000364668667, ""K7_context"": 0.001500011421740055, ""K1_normalization"": 0.014199991710484028, ""K6_advisory"": 34.724900004221126, ""K1_intent"": 0.044899992644786835, ""K2_retrieval"": 211.13290000357665, ""K3_reranker"": 2109.543099999428, ""K8_weighted_ranking"": 1.2131000112276524, ""K3_candidate_filters"": 6.322800007183105, ""K9_advisory_consensus"": 0.007599999662488699, ""K4_nli_and_bypass_check"": 650.9016999916639, ""K5_decision"": 433.8848000043072}",24903
FACTURK-0276,YALAN,"[27894, 26562, 29050, 15787, 21007, 6952, 17813, 25169, 22218, 22732, 3315, 9150, 14392, 12189, 25763, 25448, 22126, 8785, 6704, 24869]","[0.04931359738111496, 0.010169658809900284, 0.4468265771865845, 0.0030515100806951523, 0.8933094143867493, 2.93115390377352e-05, 0.643105149269104, 0.07343005388975143, 0.4985523521900177, 0.05921025574207306, 0.09534945338964462, 0.38635820150375366, 0.0015307451831176877, 0.44179344177246094, 0.05174953490495682, 0.00033274127054028213, 0.0787840187549591, 0.00204276479780674, 0.4076280891895294, 0.20963142812252045]","[0.0020608354825526476, 0.944769561290741, 0.05316958948969841]","[0.0020608354825526476, 0.944769561290741, 0.05316958948969841]",False,YETERSİZ VERİ,RET,True,False,2326.422999991337,"{""K1_input_and_readiness"": 0.07799998275004327, ""K7_context"": 0.00200001522898674, ""K1_normalization"": 0.012600008631125093, ""K6_advisory"": 35.619799979031086, ""K1_intent"": 0.06009999196976423, ""K2_retrieval"": 151.15240000886843, ""K3_reranker"": 1779.8633000056725, ""K8_weighted_ranking"": 1.0099999781232327, ""K3_candidate_filters"": 5.871700006537139, ""K9_advisory_consensus"": 0.007199996616691351, ""K4_nli_and_bypass_check"": 194.47859999490902, ""K5_decision"": 154.25439999671653}",21007
FACTURK-0277,DOĞRU,"[23767, 1126, 25030, 12767, 9942, 5916, 27135, 10688, 13007, 24982, 16229, 18935, 12191, 3617, 4611, 22329, 9769, 13191, 9682, 23319]","[5.518923353520222e-05, 1.593661909282673e-05, 1.6061610949691385e-05, 1.6187581422855146e-05, 1.6442494597868063e-05, 0.0005592909292317927, 5.475977377500385e-05, 1.6061610949691385e-05, 3.071818719035946e-05, 1.6187581422855146e-05, 1.8342892872169614e-05, 1.6061610949691385e-05, 2.4682904040673748e-05, 1.6314539607265033e-05, 1.6061610949691385e-05, 2.030369250860531e-05, 1.683241134742275e-05, 3.5633544030133635e-05, 0.000192602863535285, 1.657145367062185e-05]","[0.08034563064575195, 0.17538511753082275, 0.7442692518234253]","[0.08034563064575195, 0.17538511753082275, 0.7442692518234253]",False,DOĞRU,ONAY,False,False,2607.614400010789,"{""K1_input_and_readiness"": 0.05139998393133283, ""K7_context"": 0.001500011421740055, ""K1_normalization"": 0.008799979696050286, ""K6_advisory"": 35.12260000570677, ""K1_intent"": 0.044599990360438824, ""K2_retrieval"": 122.19250001362525, ""K3_reranker"": 2079.0584000060335, ""K8_weighted_ranking"": 1.2149000249337405, ""K3_candidate_filters"": 6.022900022799149, ""K9_advisory_consensus"": 0.007199996616691351, ""K4_nli_and_bypass_check"": 270.3169999876991, ""K5_decision"": 89.63090000906959}",5916
FACTURK-0278,DOĞRU,"[27594, 21683, 21612, 1416, 2231, 13166, 9963, 9572, 14847, 20473, 5790, 28377, 23563, 27102, 22656, 18791, 14440, 4946, 3375, 14242]","[0.00011412239109631628, 0.0002591582597233355, 0.004810982849448919, 0.006564249750226736, 0.042642392218112946, 0.0004994205664843321, 0.00266261282376945, 0.03711691126227379, 0.01009131595492363, 0.0015427322359755635, 0.0009217804181389511, 0.002115703420713544, 0.008124708198010921, 0.0005614787805825472, 5.605828482657671e-05, 0.0009622126235626638, 0.00017265156202483922, 2.265035072923638e-05, 0.001597845577634871, 0.0005213363328948617]","[0.0021957207936793566, 0.8772065043449402, 0.12059774994850159]","[0.0021957207936793566, 0.8772065043449402, 0.12059774994850159]",False,YALAN,RED,False,False,3313.7531999964267,"{""K1_input_and_readiness"": 0.06670001312159002, ""K7_context"": 0.0015999830793589354, ""K1_normalization"": 0.011600001016631722, ""K6_advisory"": 35.00179998809472, ""K1_intent"": 0.04370001261122525, ""K2_retrieval"": 178.87719999998808, ""K3_reranker"": 2129.6017999993637, ""K8_weighted_ranking"": 1.3864999928046018, ""K3_candidate_filters"": 6.546199991134927, ""K9_advisory_consensus"": 0.013500015484169126, ""K4_nli_and_bypass_check"": 578.6586999893188, ""K5_decision"": 379.97829998494126}",1416
FACTURK-0279,YALAN,"[15787, 22732, 21058, 9150, 487, 8347, 21007, 27894, 25228, 22218, 19258, 3189, 24869, 28547, 19827, 23686, 14232, 24915, 26748, 15238]","[0.6815148591995239, 0.002182716503739357, 0.0010083435336127877, 0.9974787831306458, 0.0014325366355478764, 0.392686128616333, 0.14021846652030945, 0.18594719469547272, 0.3812771439552307, 0.18639107048511505, 0.01621503196656704, 0.631026029586792, 0.36817848682403564, 0.01615283451974392, 0.0398624911904335, 0.009090382605791092, 0.02561391331255436, 0.4135955572128296, 0.4705389142036438, 0.10970578342676163]","[0.0008848069701343775, 0.9988094568252563, 0.0003057012509088963]","[0.0008848069701343775, 0.9988094568252563, 0.0003057012509088963]",False,YALAN,UYARI,False,False,1901.8444999819621,"{""K1_input_and_readiness"": 0.08420000085607171, ""K7_context"": 0.001700012944638729, ""K1_normalization"": 0.016099977074190974, ""K6_advisory"": 35.20990000106394, ""K1_intent"": 0.04779998562298715, ""K2_retrieval"": 193.44840000849217, ""K3_reranker"": 1635.7542999903671, ""K8_weighted_ranking"": 1.1968000035267323, ""K3_candidate_filters"": 6.28790000337176, ""K9_advisory_consensus"": 0.007499998901039362, ""K4_nli_and_bypass_check"": 26.309399981983006, ""K5_decision"": 0.18420000560581684}",9150
FACTURK-0280,YALAN,"[25785, 10688, 21233, 811, 20004, 18621, 23354, 27336, 4474, 23297, 17350, 29676, 10297, 26256, 429, 3995, 8734, 696, 8752, 16492]","[0.0005336928297765553, 0.0005442132824100554, 1.6314539607265033e-05, 0.036288294941186905, 0.0012351677287369967, 1.6061610949691385e-05, 2.6070309104397893e-05, 0.000628784007858485, 1.683241134742275e-05, 1.6061610949691385e-05, 1.6187581422855146e-05, 2.9541422918555327e-05, 0.0010733063099905849, 0.0001195985751110129, 0.00011323437502142042, 1.6061610949691385e-05, 1.6187581422855146e-05, 1.6061610949691385e-05, 2.094818773912266e-05, 2.818866414600052e-05]","[0.0023875166662037373, 0.9968841671943665, 0.0007282503647729754]","[0.0023875166662037373, 0.9968841671943665, 0.0007282503647729754]",False,YALAN,RED,False,False,1225.440800015349,"{""K1_input_and_readiness"": 0.04230000195093453, ""K7_context"": 0.001600012183189392, ""K1_normalization"": 0.008200004231184721, ""K6_advisory"": 33.464200008893386, ""K1_intent"": 0.045199994929134846, ""K2_retrieval"": 123.824499984039, ""K3_reranker"": 851.9286999944597, ""K8_weighted_ranking"": 1.037000009091571, ""K3_candidate_filters"": 5.488399998284876, ""K9_advisory_consensus"": 0.006900023436173797, ""K4_nli_and_bypass_check"": 114.5004000281915, ""K5_decision"": 91.33990001282655}",811
FACTURK-0281,YALAN,"[26562, 12005, 15196, 6952, 19418, 28800, 27727, 17785, 14392, 2892, 5005, 27681, 10700, 10439, 21652, 7864, 26929, 6620, 18022, 28357]","[0.5516039133071899, 0.0008934455690905452, 0.0991208627820015, 0.0002982776495628059, 1.6964426322374493e-05, 0.0002591582597233355, 0.5256123542785645, 0.017309095710515976, 0.00021824207215104252, 1.683241134742275e-05, 0.07055959850549698, 0.0006487307837232947, 0.0017961491830646992, 0.008124708198010921, 0.0019342610612511635, 0.00033535013790242374, 0.00025315635139122605, 1.6314539607265033e-05, 0.0022606407292187214, 0.0009110511746257544]","[0.00013247561582829803, 0.9997591376304626, 0.00010839828610187396]","[0.00013247561582829803, 0.9997591376304626, 0.00010839828610187396]",False,YALAN,RED,False,False,2564.228400005959,"{""K1_input_and_readiness"": 0.05169998621568084, ""K7_context"": 0.0016999838408082724, ""K1_normalization"": 0.010700023267418146, ""K6_advisory"": 38.67330000502989, ""K1_intent"": 0.05240002064965665, ""K2_retrieval"": 145.36690001841635, ""K3_reranker"": 2348.7330000207294, ""K8_weighted_ranking"": 1.086699980078265, ""K3_candidate_filters"": 5.669800011673942, ""K9_advisory_consensus"": 0.006299989763647318, ""K4_nli_and_bypass_check"": 21.104300016304478, ""K5_decision"": 0.3445000038482249}",26562
FACTURK-0282,DOĞRU,"[11065, 824, 26518, 10589, 6858, 4270, 13753, 20982, 4999, 6224, 2034, 16232, 16434, 11245, 16384, 9942, 27663, 12595, 20392, 20328]","[2.449082603561692e-05, 6.709224544465542e-05, 0.9663469791412354, 0.0018602986820042133, 0.0011335690505802631, 0.0024060888681560755, 0.0033115192782133818, 7.722192094661295e-05, 0.0001442598586436361, 1.6314539607265033e-05, 0.00012632041762117296, 0.00029365462251007557, 2.732141365413554e-05, 1.8777873265207745e-05, 1.6442494597868063e-05, 0.00017674513219390064, 6.868317723274231e-05, 0.0008969392511062324, 0.003914823289960623, 0.0018675660248845816]","[0.0024444046430289745, 0.9970290064811707, 0.0005265981890261173]","[0.0024444046430289745, 0.9970290064811707, 0.0005265981890261173]",False,YALAN,RED,False,False,1401.3351000030525,"{""K1_input_and_readiness"": 0.04320000880397856, ""K7_context"": 0.0014999823179095984, ""K1_normalization"": 0.008400005754083395, ""K6_advisory"": 33.32719998434186, ""K1_intent"": 0.0391000066883862, ""K2_retrieval"": 132.40050000604242, ""K3_reranker"": 1203.2643999846186, ""K8_weighted_ranking"": 1.3120000076014549, ""K3_candidate_filters"": 6.370399991283193, ""K9_advisory_consensus"": 0.007399998139590025, ""K4_nli_and_bypass_check"": 21.32639999035746, ""K5_decision"": 0.2607999776955694}",26518
FACTURK-0283,YALAN,"[21847, 8290, 21270, 19981, 21213, 29752, 29984, 17306, 28361, 28089, 28272, 9429, 15468, 17140, 20702, 20527, 9176, 18989, 4946, 2967]","[0.021044565364718437, 0.035813190042972565, 0.9342753291130066, 0.0013096056645736098, 0.9865199327468872, 0.0017007222631946206, 0.4642638862133026, 0.09434341639280319, 0.03455362468957901, 1.7640199075685814e-05, 0.5521775484085083, 0.00045474787475541234, 0.00482972152531147, 0.004433765076100826, 0.011687257327139378, 1.6187581422855146e-05, 0.004365325905382633, 0.008445626124739647, 1.9833367332466878e-05, 0.07329727709293365]","[0.33016663789749146, 0.6674023270606995, 0.0024310278240591288]","[0.33016663789749146, 0.6674023270606995, 0.0024310278240591288]",False,YETERSİZ VERİ,RET,True,False,2352.199099987047,"{""K1_input_and_readiness"": 0.03749999450519681, ""K7_context"": 0.0011999800335615873, ""K1_normalization"": 0.008700008038431406, ""K6_advisory"": 33.25950002181344, ""K1_intent"": 0.033899996196851134, ""K2_retrieval"": 119.23499999102205, ""K3_reranker"": 2162.0115999830887, ""K8_weighted_ranking"": 1.4367999974638224, ""K3_candidate_filters"": 6.348199996864423, ""K9_advisory_consensus"": 0.007599999662488699, ""K4_nli_and_bypass_check"": 26.329899992560968, ""K5_decision"": 0.35860002390109}",21213
FACTURK-0284,YALAN,"[8091, 29892, 20135, 22695, 4452, 23277, 2920, 2532, 2381, 17982, 13795, 28371, 3565, 4991, 6684, 5418, 12189, 15787, 28266, 20632]","[0.22490549087524414, 0.019794780761003494, 0.0025016965810209513, 0.07807816565036774, 0.011597361415624619, 0.0032224843744188547, 0.013171950355172157, 0.02681019715964794, 0.08035746961832047, 0.00341627886518836, 0.0032350558321923018, 0.02742854133248329, 0.0017073675990104675, 0.0017752605490386486, 0.0005463420529849827, 0.0005132579244673252, 0.010013571009039879, 0.0065388246439397335, 0.00028462239424698055, 0.0008199321455322206]","[0.9660813212394714, 0.030048368498682976, 0.003870318178087473]","[0.9660813212394714, 0.030048368498682976, 0.003870318178087473]",False,YALAN,UYARI,False,False,1750.79600000754,"{""K1_input_and_readiness"": 0.046900007873773575, ""K7_context"": 0.0015999830793589354, ""K1_normalization"": 0.009400013368576765, ""K6_advisory"": 34.2409000149928, ""K1_intent"": 0.0371999922208488, ""K2_retrieval"": 122.04789998941123, ""K3_reranker"": 1374.4482999900356, ""K8_weighted_ranking"": 1.284099998883903, ""K3_candidate_filters"": 6.295700004557148, ""K9_advisory_consensus"": 0.007199996616691351, ""K4_nli_and_bypass_check"": 112.84159999922849, ""K5_decision"": 95.65780000411905}",8091
FACTURK-0285,YALAN,"[1813, 10953, 2597, 21279, 20389, 12587, 27239, 397, 25522, 3764, 21994, 6047, 11628, 4941, 20402, 12497, 14523, 2160, 18568, 300]","[0.006957608740776777, 0.0011291546979919076, 0.0010282108560204506, 0.002323162741959095, 0.00360761652700603, 0.02498779632151127, 0.00018093574908562005, 0.0010005044750869274, 0.00048406238784082234, 0.0013723686570301652, 2.4876489987946115e-05, 0.0009399438858963549, 1.6442494597868063e-05, 2.3007036361377686e-05, 1.6061610949691385e-05, 0.0007236572564579546, 1.6187581422855146e-05, 1.6314539607265033e-05, 8.547616744181141e-05, 0.0015427322359755635]","[0.038105953484773636, 0.8920804262161255, 0.06981361657381058]","[0.038105953484773636, 0.8920804262161255, 0.06981361657381058]",False,YETERSİZ VERİ,RET,True,False,1615.6003999931272,"{""K1_input_and_readiness"": 0.041399995097890496, ""K7_context"": 0.0014999823179095984, ""K1_normalization"": 0.008600007276982069, ""K6_advisory"": 32.886300003156066, ""K1_intent"": 0.034199998481199145, ""K2_retrieval"": 120.44840000453405, ""K3_reranker"": 1156.3447000226006, ""K8_weighted_ranking"": 1.0296999826095998, ""K3_candidate_filters"": 5.325800011632964, ""K9_advisory_consensus"": 0.006599992047995329, ""K4_nli_and_bypass_check"": 153.25850000954233, ""K5_decision"": 142.9921000089962}",12587
FACTURK-0286,DOĞRU,"[13938, 25375, 22219, 27369, 12458, 27381, 12395, 20283, 15463, 28998, 23816, 10910, 17742, 26924, 9642, 27237, 26977, 12113, 20104, 26665]","[1.7640199075685814e-05, 0.0017073675990104675, 4.101373633602634e-05, 2.4300241420860402e-05, 2.229919846286066e-05, 1.6314539607265033e-05, 0.0015307451831176877, 0.0002002737601287663, 2.355261858610902e-05, 6.502816540887579e-05, 2.4876489987946115e-05, 1.6187581422855146e-05, 1.657145367062185e-05, 1.67014204635052e-05, 0.0006538155721500516, 0.0001956353517016396, 0.0030634168069809675, 5.518923353520222e-05, 3.373722574906424e-05, 1.6314539607265033e-05]","[0.048076141625642776, 0.1828233301639557, 0.769100546836853]","[0.048076141625642776, 0.1828233301639557, 0.769100546836853]",False,YALAN,RED,False,False,2622.5751000165474,"{""K1_input_and_readiness"": 0.052799994591623545, ""K7_context"": 0.0013999815564602613, ""K1_normalization"": 0.010100018698722124, ""K6_advisory"": 33.08909997576848, ""K1_intent"": 0.03409999771974981, ""K2_retrieval"": 117.56700000842102, ""K3_reranker"": 1966.5052999916952, ""K8_weighted_ranking"": 1.373999984934926, ""K3_candidate_filters"": 6.816400011302903, ""K9_advisory_consensus"": 0.008400005754083395, ""K4_nli_and_bypass_check"": 346.179399988614, ""K5_decision"": 147.82660000491887}",27237
FACTURK-0287,DOĞRU,"[26898, 882, 29766, 15676, 9980, 26127, 16627, 4611, 3279, 581, 29320, 2253, 27448, 7589, 27135, 12442, 7287, 18815, 4899, 8148]","[1.6061610949691385e-05, 1.6187581422855146e-05, 2.318747829122003e-05, 1.6187581422855146e-05, 1.6187581422855146e-05, 3.8229114579735324e-05, 2.732141365413554e-05, 1.6061610949691385e-05, 4.101373633602634e-05, 3.1693256460130215e-05, 1.750292540236842e-05, 0.0002287133247591555, 0.00039666122756898403, 2.2474090656032786e-05, 1.593661909282673e-05, 0.0001476803736295551, 2.5466406441410072e-05, 2.4876489987946115e-05, 1.6442494597868063e-05, 3.734356869244948e-05]","[0.003145914990454912, 0.991377592086792, 0.005476536229252815]","[0.003145914990454912, 0.991377592086792, 0.005476536229252815]",False,YETERSİZ VERİ,RET,True,False,1917.4064999970142,"{""K1_input_and_readiness"": 0.050000002374872565, ""K7_context"": 0.001500011421740055, ""K1_normalization"": 0.01170000177808106, ""K6_advisory"": 34.66919998754747, ""K1_intent"": 0.05289999535307288, ""K2_retrieval"": 126.44049999653362, ""K3_reranker"": 1341.40189999016, ""K8_weighted_ranking"": 1.2777000083588064, ""K3_candidate_filters"": 6.559500005096197, ""K9_advisory_consensus"": 0.007100024959072471, ""K4_nli_and_bypass_check"": 209.5409000176005, ""K5_decision"": 193.95409998833202}",27448
FACTURK-0288,DOĞRU,"[29432, 26900, 10946, 25537, 14773, 11466, 25181, 20556, 829, 7644, 9102, 17595, 24686, 267, 12015, 27420, 10510, 28791, 26359, 21796]","[7.031184941297397e-05, 4.037790131405927e-05, 5.518923353520222e-05, 0.0039454069919884205, 0.015247589908540249, 1.6442494597868063e-05, 1.967902426258661e-05, 4.683888619183563e-05, 1.9833367332466878e-05, 0.09041372686624527, 0.015247589908540249, 1.6061610949691385e-05, 3.591300992411561e-05, 9.535461140330881e-05, 0.000458312890259549, 2.818866414600052e-05, 0.0002434604539303109, 1.67014204635052e-05, 0.012288597412407398, 3.535625000949949e-05]","[0.0009180345805361867, 0.9987149238586426, 0.00036708422703668475]","[0.0009180345805361867, 0.9987149238586426, 0.00036708422703668475]",False,YETERSİZ VERİ,RET,True,False,1732.0071999856737,"{""K1_input_and_readiness"": 0.05590001819655299, ""K7_context"": 0.001500011421740055, ""K1_normalization"": 0.010399991879239678, ""K6_advisory"": 33.57640001922846, ""K1_intent"": 0.05699999746866524, ""K2_retrieval"": 121.5276000148151, ""K3_reranker"": 1359.971800004132, ""K8_weighted_ranking"": 1.1384999961592257, ""K3_candidate_filters"": 5.825200001709163, ""K9_advisory_consensus"": 0.010300020221620798, ""K4_nli_and_bypass_check"": 113.2618999981787, ""K5_decision"": 92.8321999963373}",7644
FACTURK-0289,DOĞRU,"[21058, 27784, 20136, 23757, 9366, 1959, 1645, 28417, 24217, 14277, 9543, 5630, 14012, 11923, 17540, 27624, 5522, 11485, 8602, 1499]","[0.00025118677876889706, 0.0020190137438476086, 0.01590639166533947, 0.006984650157392025, 0.019531238824129105, 0.009449081495404243, 0.017917344346642494, 0.0003785036678891629, 0.0059110685251653194, 0.0060503981076180935, 0.001085944357328117, 0.06644792854785919, 0.011331753805279732, 0.006217078305780888, 0.00037555923336185515, 0.005220125429332256, 0.0008693674462847412, 0.00043563017970882356, 7.254361844388768e-05, 0.010328153148293495]","[0.0005457589868456125, 0.999186098575592, 0.000268088246230036]","[0.0005457589868456125, 0.999186098575592, 0.000268088246230036]",False,YETERSİZ VERİ,RET,True,False,2461.4985000225715,"{""K1_input_and_readiness"": 0.07929999264888465, ""K7_context"": 0.001600012183189392, ""K1_normalization"": 0.015499972505494952, ""K6_advisory"": 34.154699998907745, ""K1_intent"": 0.045199994929134846, ""K2_retrieval"": 186.5125999902375, ""K3_reranker"": 2079.7845000051893, ""K8_weighted_ranking"": 1.0532999876886606, ""K3_candidate_filters"": 5.693200015230104, ""K9_advisory_consensus"": 0.007000024197623134, ""K4_nli_and_bypass_check"": 150.44930001022294, ""K5_decision"": 0.18169998656958342}",5630
FACTURK-0290,DOĞRU,"[13289, 4144, 20768, 24217, 26643, 27569, 10654, 21058, 21419, 21012, 14012, 27564, 20136, 10971, 26244, 19187, 29144, 15719, 8602, 23792]","[0.022542964667081833, 0.03690806403756142, 0.0022343622986227274, 0.003692853031679988, 0.15960998833179474, 0.00020662980386987329, 2.7535690605873242e-05, 2.265035072923638e-05, 0.11536140739917755, 0.005139611195772886, 0.001622967072762549, 0.00026323829661123455, 0.031618766486644745, 0.729519784450531, 0.00014202363672666252, 4.298194107832387e-05, 0.000628784007858485, 0.43128472566604614, 0.0007041515782475471, 0.0008525666198693216]","[0.0012893133098259568, 0.9962672591209412, 0.002443418838083744]","[0.0012893133098259568, 0.9962672591209412, 0.002443418838083744]",False,YALAN,UYARI,False,False,2272.5852000003215,"{""K1_input_and_readiness"": 0.07010000990703702, ""K7_context"": 0.001400010660290718, ""K1_normalization"": 0.01379998866468668, ""K6_advisory"": 34.7063000081107, ""K1_intent"": 0.05040000542066991, ""K2_retrieval"": 215.31379999942146, ""K3_reranker"": 1881.5391999960411, ""K8_weighted_ranking"": 1.0671000054571778, ""K3_candidate_filters"": 5.75020001269877, ""K9_advisory_consensus"": 0.006799993570894003, ""K4_nli_and_bypass_check"": 130.5958000011742, ""K5_decision"": 0.21040000137872994}",20136
FACTURK-0291,DOĞRU,"[29892, 20199, 26371, 22076, 13220, 28266, 25865, 17850, 22268, 6336, 15221, 11529, 12974, 23866, 4102, 23763, 2792, 1814, 12352, 1149]","[0.009746103547513485, 0.0015487611526623368, 5.1845658163074404e-05, 1.6442494597868063e-05, 1.9833367332466878e-05, 0.000570315751247108, 1.8631746570463292e-05, 1.7640199075685814e-05, 0.0008693674462847412, 0.012576347216963768, 1.657145367062185e-05, 0.0037800956051796675, 0.002387409098446369, 1.6061610949691385e-05, 9.7615658887662e-05, 1.6442494597868063e-05, 0.01358439214527607, 1.6964426322374493e-05, 2.818866414600052e-05, 0.00012830943160224706]","[0.0013083146186545491, 0.7618726491928101, 0.23681902885437012]","[0.0013083146186545491, 0.7618726491928101, 0.23681902885437012]",False,YALAN,UYARI,False,False,1780.692399974214,"{""K1_input_and_readiness"": 0.05980001878924668, ""K7_context"": 0.001700012944638729, ""K1_normalization"": 0.014599994756281376, ""K6_advisory"": 36.40709997853264, ""K1_intent"": 0.051799986977130175, ""K2_retrieval"": 126.67070000316016, ""K3_reranker"": 1219.1616000200156, ""K8_weighted_ranking"": 1.3304000021889806, ""K3_candidate_filters"": 7.840200007194653, ""K9_advisory_consensus"": 0.012999982573091984, ""K4_nli_and_bypass_check"": 198.89540001167916, ""K5_decision"": 186.99909999850206}",2792
FACTURK-0292,YALAN,"[487, 6047, 12161, 28387, 1090, 7606, 13358, 26166, 29494, 21073, 26355, 15291, 1, 30095, 1499, 12977, 19253, 9366, 2121, 9150]","[0.04569203406572342, 0.009303949773311615, 0.00020184421737212688, 0.00031015597051009536, 0.0018969200318679214, 0.0018243826925754547, 0.009485713206231594, 0.00028685410507023335, 2.014569145103451e-05, 0.00043055712012574077, 0.0002959570847451687, 0.002521268092095852, 0.0014607495395466685, 0.00021995337738189846, 0.006903838831931353, 4.539786823443137e-05, 0.005281333811581135, 0.0021074723917990923, 0.017712298780679703, 0.1149633526802063]","[0.000608764705248177, 0.9989761114120483, 0.00041518977377563715]","[0.000608764705248177, 0.9989761114120483, 0.00041518977377563715]",False,YALAN,UYARI,False,False,2301.8983000074513,"{""K1_input_and_readiness"": 0.059999991208314896, ""K7_context"": 0.0014999823179095984, ""K1_normalization"": 0.011500000255182385, ""K6_advisory"": 35.39710000040941, ""K1_intent"": 0.05319999763742089, ""K2_retrieval"": 172.96889997669496, ""K3_reranker"": 2054.785799991805, ""K8_weighted_ranking"": 1.4402000233530998, ""K3_candidate_filters"": 6.83610001578927, ""K9_advisory_consensus"": 0.008599978173151612, ""K4_nli_and_bypass_check"": 26.65849999175407, ""K5_decision"": 0.1883000077214092}",9150
FACTURK-0293,YALAN,"[22838, 1927, 24621, 14907, 12534, 12122, 16380, 26612, 27952, 11617, 4430, 19931, 15687, 29208, 10706, 20878, 2712, 747, 277, 282]","[0.0003006163169629872, 0.00011323437502142042, 0.00851130299270153, 0.00015720345254521817, 0.00010391067189630121, 4.832564081880264e-05, 2.0623421733034775e-05, 9.461262379772961e-05, 0.0026214411482214928, 2.5466406441410072e-05, 7.254361844388768e-05, 3.095910506090149e-05, 0.002174225402995944, 0.022672437131404877, 0.00023050670279189944, 0.00020825010142289102, 0.006003595422953367, 0.0013406204525381327, 7.086326513672248e-05, 9.098840382648632e-05]","[0.010489468462765217, 0.9751326441764832, 0.014377899467945099]","[0.010489468462765217, 0.9751326441764832, 0.014377899467945099]",False,YETERSİZ VERİ,RET,True,False,3200.089600024512,"{""K1_input_and_readiness"": 0.07470001582987607, ""K7_context"": 0.002700020559132099, ""K1_normalization"": 0.02720000338740647, ""K6_advisory"": 35.34609999042004, ""K1_intent"": 0.046900007873773575, ""K2_retrieval"": 122.87289998494089, ""K3_reranker"": 2557.1952000027522, ""K8_weighted_ranking"": 1.3430999824777246, ""K3_candidate_filters"": 6.56800001161173, ""K9_advisory_consensus"": 0.007800001185387373, ""K4_nli_and_bypass_check"": 320.92899997951463, ""K5_decision"": 152.37080000224523}",29208
FACTURK-0294,YALAN,"[28629, 25673, 30224, 15111, 22218, 15787, 24915, 9021, 28510, 22175, 10940, 9366, 22050, 16781, 24828, 22128, 9564, 27777, 22514, 23724]","[6.253713218029588e-05, 2.818866414600052e-05, 0.00023782203788869083, 0.00011412239109631628, 4.331903619458899e-05, 0.0011335690505802631, 1.7366719475830905e-05, 4.6474400733131915e-05, 1.7917987861437723e-05, 2.0623421733034775e-05, 5.1845658163074404e-05, 0.0027791904285550117, 6.709224544465542e-05, 1.683241134742275e-05, 1.8200149497715756e-05, 1.9833367332466878e-05, 0.000682501879055053, 5.649793456541374e-05, 8.156224066624418e-05, 1.6187581422855146e-05]","[0.0024352155160158873, 0.10169670730829239, 0.8958680033683777]","[0.0024352155160158873, 0.10169670730829239, 0.8958680033683777]",False,DOĞRU,ONAY,False,False,3225.0700000149664,"{""K1_input_and_readiness"": 0.06700001540593803, ""K7_context"": 0.002100015990436077, ""K1_normalization"": 0.011900003300979733, ""K6_advisory"": 34.03810001327656, ""K1_intent"": 0.047200010158121586, ""K2_retrieval"": 206.40029999776743, ""K3_reranker"": 1905.9145999781322, ""K8_weighted_ranking"": 1.2650999997276813, ""K3_candidate_filters"": 6.664699991233647, ""K9_advisory_consensus"": 0.007800001185387373, ""K4_nli_and_bypass_check"": 612.2386000060942, ""K5_decision"": 454.9471999926027}",9366
FACTURK-0295,DOĞRU,"[12363, 20020, 18589, 1291, 24834, 13842, 29912, 9241, 19927, 25969, 6263, 11509, 22918, 5168, 13945, 22587, 28378, 13026, 27277, 4160]","[0.005179712548851967, 0.0015792594058439136, 0.007093862164765596, 5.783766391687095e-05, 4.94715895911213e-05, 0.0005420927773229778, 0.0005725466180592775, 0.0005193048855289817, 1.6314539607265033e-05, 1.6964426322374493e-05, 1.6314539607265033e-05, 0.00016474656877107918, 0.018369639292359352, 0.0001547666179249063, 2.1112482500029728e-05, 0.00013032974675297737, 0.00012931563833262771, 0.012431650422513485, 6.0613183450186625e-05, 1.657145367062185e-05]","[0.004415586590766907, 0.9943976402282715, 0.0011868244037032127]","[0.004415586590766907, 0.9943976402282715, 0.0011868244037032127]",False,YALAN,UYARI,False,False,2499.3757999909576,"{""K1_input_and_readiness"": 0.054199976148083806, ""K7_context"": 0.001600012183189392, ""K1_normalization"": 0.011299998732283711, ""K6_advisory"": 34.12119997665286, ""K1_intent"": 0.043400010326877236, ""K2_retrieval"": 144.7263999725692, ""K3_reranker"": 1607.7956999943126, ""K8_weighted_ranking"": 1.2055999832227826, ""K3_candidate_filters"": 6.246000004466623, ""K9_advisory_consensus"": 0.006599992047995329, ""K4_nli_and_bypass_check"": 361.12350001349114, ""K5_decision"": 340.7988999970257}",22918
FACTURK-0296,DOĞRU,"[11532, 11716, 4640, 10383, 4391, 25537, 12013, 17459, 3325, 8233, 4289, 672, 1097, 17516, 1360, 6542, 7836, 20018, 5607, 23757]","[0.997285008430481, 0.0010083435336127877, 0.004591683857142925, 5.783766391687095e-05, 2.0462934116949327e-05, 0.002099273493513465, 0.0003150386910419911, 0.0010122860549017787, 2.3369333575828932e-05, 2.449082603561692e-05, 1.6314539607265033e-05, 1.6314539607265033e-05, 0.0004529758298303932, 7.843789353501052e-05, 0.00017674513219390064, 0.000471011851914227, 1.6314539607265033e-05, 1.7778551409719512e-05, 0.00037409563083201647, 0.00851130299270153]",null,"[1.0, 0.0, 0.0]",True,YETERSİZ VERİ,KISMI,True,False,1500.1116000057664,"{""K1_input_and_readiness"": 0.057900004321709275, ""K7_context"": 0.001600012183189392, ""K1_normalization"": 0.009300012607127428, ""K6_advisory"": 33.35260000312701, ""K1_intent"": 0.034900003811344504, ""K2_retrieval"": 119.88889999338426, ""K3_reranker"": 1335.1668999821413, ""K8_weighted_ranking"": 1.3004000065848231, ""K3_candidate_filters"": 6.409000023268163, ""K9_advisory_consensus"": 0.007700000423938036, ""K4_nli_and_bypass_check"": 0.2582999877631664, ""K5_decision"": 0.3087999939452857}",11532
FACTURK-0297,DOĞRU,"[21386, 8066, 16293, 2640, 3750, 10654, 7695, 15975, 10508, 4175, 20262, 3460, 2269, 3241, 14048, 20048, 15098, 29817, 635, 2151]","[2.3737338779028505e-05, 0.0011291546979919076, 0.01572399213910103, 0.00021995337738189846, 0.0009510130621492863, 0.0019192374311387539, 0.015603534877300262, 2.5071596610359848e-05, 0.00031015597051009536, 2.6070309104397893e-05, 0.002540992572903633, 0.00028462239424698055, 4.683888619183563e-05, 1.6314539607265033e-05, 0.00039977103006094694, 1.6187581422855146e-05, 0.0010649627074599266, 1.7366719475830905e-05, 0.003123648464679718, 1.6187581422855146e-05]","[0.030302071943879128, 0.8282041549682617, 0.14149382710456848]","[0.030302071943879128, 0.8282041549682617, 0.14149382710456848]",False,YETERSİZ VERİ,RET,True,False,3550.411400006851,"{""K1_input_and_readiness"": 0.0737000082153827, ""K7_context"": 0.0015999830793589354, ""K1_normalization"": 0.015400000847876072, ""K6_advisory"": 36.14049998577684, ""K1_intent"": 0.06880000000819564, ""K2_retrieval"": 181.36389998835512, ""K3_reranker"": 2076.28839998506, ""K8_weighted_ranking"": 1.2438000121619552, ""K3_candidate_filters"": 6.60799999604933, ""K9_advisory_consensus"": 0.007099995855242014, ""K4_nli_and_bypass_check"": 733.7612999835983, ""K5_decision"": 511.4049999974668}",7695
FACTURK-0298,DOĞRU,"[693, 30119, 24714, 28319, 8386, 7660, 16908, 25315, 16465, 1621, 18457, 28256, 19824, 15908, 15489, 9719, 22514, 1232, 5137, 17855]","[4.469407213036902e-05, 0.0007293288363143802, 0.0008199321455322206, 0.0003150386910419911, 0.00010071400902234018, 0.000159678646014072, 1.8342892872169614e-05, 1.6061610949691385e-05, 3.244481558795087e-05, 1.750292540236842e-05, 1.6061610949691385e-05, 1.6964426322374493e-05, 4.794958294951357e-05, 0.001085944357328117, 1.6187581422855146e-05, 1.6061610949691385e-05, 0.00026530236937105656, 1.7366719475830905e-05, 1.6061610949691385e-05, 1.6187581422855146e-05]","[0.0038140160031616688, 0.9826159477233887, 0.013570073060691357]","[0.0038140160031616688, 0.9826159477233887, 0.013570073060691357]",False,YALAN,RED,False,False,1926.463000010699,"{""K1_input_and_readiness"": 0.06479999865405262, ""K7_context"": 0.001900014467537403, ""K1_normalization"": 0.01069999416358769, ""K6_advisory"": 34.59390002535656, ""K1_intent"": 0.042800005758181214, ""K2_retrieval"": 146.7294000030961, ""K3_reranker"": 1227.868900023168, ""K8_weighted_ranking"": 1.3005000073462725, ""K3_candidate_filters"": 6.68799999402836, ""K9_advisory_consensus"": 0.00790000194683671, ""K4_nli_and_bypass_check"": 265.74999999138527, ""K5_decision"": 240.0171000044793}",15908
FACTURK-0299,YALAN,"[10919, 13728, 20689, 22295, 16959, 21508, 8611, 18220, 15561, 29008, 5172, 16348, 20881, 16962, 18244, 18438, 6873, 29531, 18562, 11883]","[0.7983440160751343, 0.07068779319524765, 0.4050368368625641, 0.8790429830551147, 0.005301894154399633, 0.002058753278106451, 0.7706374526023865, 0.008061991073191166, 0.3472050130367279, 0.00023413581948261708, 0.048136770725250244, 0.0844927504658699, 0.003960787784308195, 0.0001686527393758297, 0.00012632041762117296, 0.007907291874289513, 0.005598248913884163, 0.003736220533028245, 0.016850080341100693, 0.010818447917699814]","[0.9040394425392151, 0.08901768177747726, 0.006942819803953171]","[0.9040394425392151, 0.08901768177747726, 0.006942819803953171]",False,YALAN,UYARI,False,False,1850.0545999850146,"{""K1_input_and_readiness"": 0.049299997044727206, ""K7_context"": 0.001700012944638729, ""K1_normalization"": 0.008299975888803601, ""K6_advisory"": 33.876000001328066, ""K1_intent"": 0.035900011425837874, ""K2_retrieval"": 122.53400002373382, ""K3_reranker"": 1187.1481999987736, ""K8_weighted_ranking"": 1.2214999878779054, ""K3_candidate_filters"": 6.361200008541346, ""K9_advisory_consensus"": 0.007499998901039362, ""K4_nli_and_bypass_check"": 264.3975999963004, ""K5_decision"": 231.33290000259876}",22295
FACTURK-0300,YALAN,"[6767, 12732, 2573, 23316, 749, 8191, 15061, 21077, 16390, 12068, 21632, 1281, 8394, 14448, 19231, 12539, 26201, 10764, 1606, 30009]","[0.002191240666434169, 0.04130730405449867, 8.750300185056403e-05, 0.022542964667081833, 0.0030994154512882233, 2.4300241420860402e-05, 0.00010391067189630121, 0.004773722495883703, 3.269927037763409e-05, 0.0002434604539303109, 2.2827996872365475e-05, 0.0005953406798653305, 0.038901980966329575, 0.4758184552192688, 0.0007947254925966263, 1.6314539607265033e-05, 1.657145367062185e-05, 3.8831109122838825e-05, 0.00045121065340936184, 1.6314539607265033e-05]","[0.0016673074569553137, 0.9976521134376526, 0.0006805903976783156]","[0.0016673074569553137, 0.9976521134376526, 0.0006805903976783156]",False,YALAN,RED,False,False,2512.4130999902263,"{""K1_input_and_readiness"": 0.08070000330917537, ""K7_context"": 0.001300009898841381, ""K1_normalization"": 0.013499986380338669, ""K6_advisory"": 34.244900016346946, ""K1_intent"": 0.0481999886687845, ""K2_retrieval"": 184.64710001717322, ""K3_reranker"": 2254.0846999909263, ""K8_weighted_ranking"": 1.5439999988302588, ""K3_candidate_filters"": 6.707599997753277, ""K9_advisory_consensus"": 0.008300004992634058, ""K4_nli_and_bypass_check"": 27.265199983958155, ""K5_decision"": 0.318799982778728}",14448
FACTURK-0301,YALAN,"[10358, 2498, 27402, 24179, 16150, 15962, 27488, 29049, 30219, 5659, 5087, 5707, 20863, 12622, 9795, 12134, 20446, 16620, 29676, 4261]","[0.13106197118759155, 0.013636835850775242, 0.012383785098791122, 0.0009584648651070893, 0.0018031664658337831, 0.00027586790383793414, 0.005842605605721474, 0.00010229986219201237, 0.00360761652700603, 0.0008969392511062324, 0.0008295892039313912, 0.08359067142009735, 0.0004044814850203693, 0.20055769383907318, 0.0014325366355478764, 1.6061610949691385e-05, 0.0015307451831176877, 1.657145367062185e-05, 0.002736221067607403, 1.67014204635052e-05]","[0.10703220218420029, 0.14415450394153595, 0.7488133311271667]","[0.10703220218420029, 0.14415450394153595, 0.7488133311271667]",False,DOĞRU,ONAY,False,False,1989.9561000056565,"{""K1_input_and_readiness"": 0.05930001498199999, ""K7_context"": 0.0015999830793589354, ""K1_normalization"": 0.010000017937272787, ""K6_advisory"": 35.13800000655465, ""K1_intent"": 0.05099998088553548, ""K2_retrieval"": 129.1473000019323, ""K3_reranker"": 1537.2004999953788, ""K8_weighted_ranking"": 1.6814999980852008, ""K3_candidate_filters"": 7.867100008297712, ""K9_advisory_consensus"": 0.006499991286545992, ""K4_nli_and_bypass_check"": 158.40710001066327, ""K5_decision"": 117.10749997291714}",10358
FACTURK-0302,YALAN,"[22554, 24903, 27385, 23336, 10289, 5632, 4617, 15123, 28715, 10374, 21111, 14083, 28290, 9414, 23619, 12113, 6679, 24872, 4941, 17779]","[0.00043055712012574077, 0.004038591403514147, 1.67014204635052e-05, 5.3075080359121785e-05, 7.9673009167891e-05, 0.00570803415030241, 0.08570927381515503, 4.298194107832387e-05, 6.108854722697288e-05, 0.0005132579244673252, 1.6187581422855146e-05, 1.6314539607265033e-05, 1.6061610949691385e-05, 0.0003905139456037432, 9.098840382648632e-05, 7.662102143513039e-05, 1.6187581422855146e-05, 0.00010071400902234018, 1.67014204635052e-05, 1.6442494597868063e-05]","[0.0019110131543129683, 0.9854006171226501, 0.012688379734754562]","[0.0019110131543129683, 0.9854006171226501, 0.012688379734754562]",False,YETERSİZ VERİ,RET,True,False,2576.629799994407,"{""K1_input_and_readiness"": 0.05160001455806196, ""K7_context"": 0.0013999815564602613, ""K1_normalization"": 0.009500014130026102, ""K6_advisory"": 34.04729999601841, ""K1_intent"": 0.038300000596791506, ""K2_retrieval"": 138.81830000900663, ""K3_reranker"": 1763.671799999429, ""K8_weighted_ranking"": 1.2049999786540866, ""K3_candidate_filters"": 6.343899993225932, ""K9_advisory_consensus"": 0.007399998139590025, ""K4_nli_and_bypass_check"": 380.6822999904398, ""K5_decision"": 248.3609999762848}",24903
FACTURK-0303,YALAN,"[13756, 8683, 28988, 15530, 5842, 29608, 28339, 12028, 29778, 14185, 815, 28275, 6591, 29415, 4383, 20845, 24801, 24749, 11919, 26190]","[0.6785399913787842, 0.9460012316703796, 0.07224299758672714, 0.23458196222782135, 0.5873515009880066, 0.044597577303647995, 0.00035281325108371675, 1.6314539607265033e-05, 0.0002002737601287663, 0.00021485926117748022, 2.732141365413554e-05, 1.892514956125524e-05, 0.00031015597051009536, 1.8342892872169614e-05, 2.8857117285951972e-05, 0.0008135565440170467, 5.475977377500385e-05, 5.3075080359121785e-05, 1.7097478121286258e-05, 5.433364276541397e-05]","[0.00023489806335419416, 0.9995962977409363, 0.00016877608140930533]","[0.00023489806335419416, 0.9995962977409363, 0.00016877608140930533]",False,YETERSİZ VERİ,RET,True,False,1938.549200014677,"{""K1_input_and_readiness"": 0.043100008042529225, ""K7_context"": 0.001400010660290718, ""K1_normalization"": 0.008200004231184721, ""K6_advisory"": 34.440599993104115, ""K1_intent"": 0.03540000761859119, ""K2_retrieval"": 106.55029999907129, ""K3_reranker"": 1623.032300005434, ""K8_weighted_ranking"": 1.4035000058356673, ""K3_candidate_filters"": 6.623599998420104, ""K9_advisory_consensus"": 0.008299975888803601, ""K4_nli_and_bypass_check"": 93.03099999669939, ""K5_decision"": 70.11890001012944}",8683
FACTURK-0304,DOĞRU,"[2462, 8560, 23236, 635, 22021, 28487, 29835, 1272, 21223, 13127, 29109, 21320, 27133, 6563, 3532, 22505, 6122, 28971, 10822, 26779]","[0.9829546809196472, 0.04092230275273323, 0.10141132026910782, 0.0007672924548387527, 0.007636216934770346, 0.035611413419246674, 0.01057048887014389, 0.002378123812377453, 0.032161444425582886, 0.0006745558930560946, 0.000758359965402633, 0.023509452119469643, 0.0004936049808748066, 0.00043563017970882356, 0.009412589482963085, 0.00017265156202483922, 1.8631746570463292e-05, 5.738759500673041e-05, 0.009898064658045769, 0.0002234163403045386]","[0.0297810360789299, 0.9408939480781555, 0.029325030744075775]","[0.0297810360789299, 0.9408939480781555, 0.029325030744075775]",False,YETERSİZ VERİ,RET,True,False,1713.0376999848522,"{""K1_input_and_readiness"": 0.05490001058205962, ""K7_context"": 0.0012999807950109243, ""K1_normalization"": 0.010000017937272787, ""K6_advisory"": 33.501400001114234, ""K1_intent"": 0.03580001066438854, ""K2_retrieval"": 146.3000999938231, ""K3_reranker"": 1310.253500007093, ""K8_weighted_ranking"": 1.268399995751679, ""K3_candidate_filters"": 6.37389998883009, ""K9_advisory_consensus"": 0.007599999662488699, ""K4_nli_and_bypass_check"": 119.46909999824129, ""K5_decision"": 92.46869999333285}",2462
FACTURK-0305,DOĞRU,"[684, 22097, 27970, 15481, 4373, 9521, 5498, 24623, 891, 29465, 9034, 14698, 27097, 19566, 22502, 12955, 22420, 9714, 18703, 27759]","[0.0002396868512732908, 2.5071596610359848e-05, 1.7778551409719512e-05, 1.6314539607265033e-05, 2.030369250860531e-05, 1.6314539607265033e-05, 2.265035072923638e-05, 0.0002591582597233355, 3.426849070820026e-05, 1.8631746570463292e-05, 1.6314539607265033e-05, 1.9833367332466878e-05, 2.710879925871268e-05, 1.9373936083866283e-05, 1.6314539607265033e-05, 0.009268013760447502, 1.922317096614279e-05, 1.6187581422855146e-05, 2.6274772608303465e-05, 1.8777873265207745e-05]","[0.0009587405947968364, 0.9968835711479187, 0.002157703274860978]","[0.0009587405947968364, 0.9968835711479187, 0.002157703274860978]",False,YALAN,RED,False,False,2338.2102999894414,"{""K1_input_and_readiness"": 0.05229999078437686, ""K7_context"": 0.001600012183189392, ""K1_normalization"": 0.010099989594891667, ""K6_advisory"": 35.559300013119355, ""K1_intent"": 0.05390000296756625, ""K2_retrieval"": 142.27819998632185, ""K3_reranker"": 1874.5233000081498, ""K8_weighted_ranking"": 1.3254999939817935, ""K3_candidate_filters"": 6.896500010043383, ""K9_advisory_consensus"": 0.008000002708286047, ""K4_nli_and_bypass_check"": 153.84930002619512, ""K5_decision"": 120.166499982588}",24623
FACTURK-0306,YALAN,"[29887, 12905, 28989, 15528, 25973, 23983, 30224, 24403, 9411, 12924, 24043, 21179, 8052, 1883, 23224, 14272, 12585, 10925, 29892, 23120]","[0.002992665395140648, 0.0012743262341246009, 2.7969301299890503e-05, 2.2125668692751788e-05, 1.6187581422855146e-05, 1.6314539607265033e-05, 2.4876489987946115e-05, 0.000471011851914227, 0.03167862445116043, 0.00020342698553577065, 0.00020662980386987329, 1.6314539607265033e-05, 0.0006487307837232947, 6.502816540887579e-05, 0.0032099615782499313, 7.843789353501052e-05, 0.00023231418163049966, 0.0006487307837232947, 1.8777873265207745e-05, 1.7778551409719512e-05]","[0.0018422515131533146, 0.9856006503105164, 0.012557129375636578]","[0.0018422515131533146, 0.9856006503105164, 0.012557129375636578]",False,YETERSİZ VERİ,RET,True,False,1846.5159999905154,"{""K1_input_and_readiness"": 0.04959999932907522, ""K7_context"": 0.001700012944638729, ""K1_normalization"": 0.009399984264746308, ""K6_advisory"": 33.09760001138784, ""K1_intent"": 0.03649998689070344, ""K2_retrieval"": 132.92569998884574, ""K3_reranker"": 1334.3088999972679, ""K8_weighted_ranking"": 1.3395999849308282, ""K3_candidate_filters"": 6.2243000138551, ""K9_advisory_consensus"": 0.007099995855242014, ""K4_nli_and_bypass_check"": 181.78340001031756, ""K5_decision"": 152.9698000231292}",30224
FACTURK-0307,YALAN,"[11028, 17356, 6458, 27114, 806, 13398, 26395, 23566, 8076, 28296, 27435, 9566, 18300, 25770, 17045, 14548, 14201, 8969, 16026, 6590]","[0.00010637458035489544, 0.18315489590168, 5.518923353520222e-05, 1.683241134742275e-05, 0.0031603530514985323, 1.657145367062185e-05, 0.002251847181469202, 1.6314539607265033e-05, 1.7778551409719512e-05, 0.0009850083151832223, 0.000191104321856983, 0.0010202174307778478, 0.00014313739666249603, 0.0009888596832752228, 0.00021824207215104252, 0.00011147904297104105, 0.012970386072993279, 2.6274772608303465e-05, 2.3007036361377686e-05, 0.0003053489199373871]","[0.02471463941037655, 0.7467906475067139, 0.22849468886852264]","[0.02471463941037655, 0.7467906475067139, 0.22849468886852264]",False,YALAN,RED,False,False,2205.5371000024024,"{""K1_input_and_readiness"": 0.04800001624971628, ""K7_context"": 0.0015999830793589354, ""K1_normalization"": 0.008600007276982069, ""K6_advisory"": 34.41359999123961, ""K1_intent"": 0.044100015657022595, ""K2_retrieval"": 122.39550001686439, ""K3_reranker"": 1665.7454000087455, ""K8_weighted_ranking"": 1.3567999994847924, ""K3_candidate_filters"": 6.701000005705282, ""K9_advisory_consensus"": 0.008200004231184721, ""K4_nli_and_bypass_check"": 254.90229998831637, ""K5_decision"": 116.66790000163019}",27435
FACTURK-0308,DOĞRU,"[2957, 17336, 27529, 13372, 7387, 10722, 17446, 20248, 4791, 22911, 14058, 20444, 19344, 9914, 26380, 25811, 14607, 8312, 8286, 21846]","[0.002693914109840989, 0.12592275440692902, 0.0013198634842410684, 0.007999754510819912, 0.16681109368801117, 8.415108459303156e-05, 0.005080036818981171, 0.007665874902158976, 0.004503272473812103, 2.2125668692751788e-05, 0.0012743262341246009, 0.0004765612829942256, 0.0006693099858239293, 5.144220995134674e-05, 1.6964426322374493e-05, 0.0011160142021253705, 2.3369333575828932e-05, 1.6061610949691385e-05, 0.000552778656128794, 6.502816540887579e-05]","[0.0009318642551079392, 0.9986428618431091, 0.000425303413067013]","[0.0009318642551079392, 0.9986428618431091, 0.000425303413067013]",False,YALAN,RED,False,False,1596.1730999988504,"{""K1_input_and_readiness"": 0.04309997893869877, ""K7_context"": 0.001500011421740055, ""K1_normalization"": 0.007399998139590025, ""K6_advisory"": 33.87819998897612, ""K1_intent"": 0.034900003811344504, ""K2_retrieval"": 126.23799999710172, ""K3_reranker"": 1207.226400001673, ""K8_weighted_ranking"": 1.1944999860133976, ""K3_candidate_filters"": 5.631899985019118, ""K9_advisory_consensus"": 0.007800001185387373, ""K4_nli_and_bypass_check"": 123.83510000654496, ""K5_decision"": 94.54369999002665}",17336
FACTURK-0309,YALAN,"[19677, 8685, 20034, 23244, 1883, 23686, 20084, 29892, 28483, 1741, 4438, 28913, 24573, 14411, 16423, 28379, 17756, 54, 28971, 104]","[0.9433475732803345, 0.005384937860071659, 9.7615658887662e-05, 0.0003889921063091606, 1.6187581422855146e-05, 6.0613183450186625e-05, 1.7231572201126255e-05, 9.028038039105013e-05, 0.3752484917640686, 0.00016603845870122313, 1.6964426322374493e-05, 3.619466951931827e-05, 5.0644717703107744e-05, 1.593661909282673e-05, 0.00040765260928310454, 1.6187581422855146e-05, 0.00025514140725135803, 0.0012644219677895308, 1.750292540236842e-05, 0.0013939501950517297]","[0.0037899950984865427, 0.9933761954307556, 0.00283382018096745]","[0.0037899950984865427, 0.9933761954307556, 0.00283382018096745]",False,YETERSİZ VERİ,RET,True,False,1917.5915000087116,"{""K1_input_and_readiness"": 0.05390000296756625, ""K7_context"": 0.0013999815564602613, ""K1_normalization"": 0.008300004992634058, ""K6_advisory"": 32.90220000781119, ""K1_intent"": 0.03460000152699649, ""K2_retrieval"": 127.06790000083856, ""K3_reranker"": 1347.333100013202, ""K8_weighted_ranking"": 1.3816000137012452, ""K3_candidate_filters"": 6.669499998679385, ""K9_advisory_consensus"": 0.007599999662488699, ""K4_nli_and_bypass_check"": 208.09569998527877, ""K5_decision"": 190.6569999991916}",19677
FACTURK-0310,YALAN,"[16509, 16107, 16294, 3964, 10098, 923, 12525, 29838, 17437, 16104, 8839, 2442, 3084, 23772, 12043, 14559, 22536, 25784, 18316, 26727]","[0.03588069602847099, 0.2137051820755005, 0.35209035873413086, 0.01764446496963501, 0.17652960121631622, 0.17203271389007568, 0.00010310211655450985, 0.03919513151049614, 0.007695646956562996, 0.20149880647659302, 0.20593424141407013, 0.048405956476926804, 0.7074047327041626, 0.02881619706749916, 8.415108459303156e-05, 0.00017265156202483922, 0.001483718864619732, 0.02409944497048855, 0.0008295892039313912, 0.007725534029304981]","[0.005693664774298668, 0.993553638458252, 0.0007526773260906339]","[0.005693664774298668, 0.993553638458252, 0.0007526773260906339]",False,YETERSİZ VERİ,RET,True,False,2947.409999993397,"{""K1_input_and_readiness"": 0.069500005338341, ""K7_context"": 0.001700012944638729, ""K1_normalization"": 0.011500000255182385, ""K6_advisory"": 35.90230000554584, ""K1_intent"": 0.04439998883754015, ""K2_retrieval"": 163.8550000207033, ""K3_reranker"": 2137.1466999989934, ""K8_weighted_ranking"": 1.5329000016208738, ""K3_candidate_filters"": 6.289099983405322, ""K9_advisory_consensus"": 0.00689999433234334, ""K4_nli_and_bypass_check"": 384.4410000019707, ""K5_decision"": 214.88109999336302}",3084
FACTURK-0311,DOĞRU,"[9657, 9011, 6224, 16705, 1734, 6218, 3550, 10662, 8286, 29976, 16305, 11379, 28118, 10776, 9405, 6382, 10244, 22052, 15037, 29678]","[0.5023612976074219, 0.021165618672966957, 1.67014204635052e-05, 0.0005636750720441341, 0.00018093574908562005, 0.02010023407638073, 0.0037507887464016676, 0.0011424495605751872, 0.008412977680563927, 0.00033274127054028213, 0.0023688741493970156, 0.0006000071880407631, 2.4682904040673748e-05, 0.0007096704212017357, 0.0002396868512732908, 3.1941821362124756e-05, 0.0007124459953047335, 9.098840382648632e-05, 9.7615658887662e-05, 0.00025118677876889706]","[0.0011457048822194338, 0.011457639746367931, 0.9873966574668884]","[0.0011457048822194338, 0.011457639746367931, 0.9873966574668884]",False,YALAN,RED,False,False,1665.0701999897137,"{""K1_input_and_readiness"": 0.04770001396536827, ""K7_context"": 0.0016999838408082724, ""K1_normalization"": 0.014200020814314485, ""K6_advisory"": 35.80569999758154, ""K1_intent"": 0.03789999755099416, ""K2_retrieval"": 133.42709999415092, ""K3_reranker"": 1127.0701000175904, ""K8_weighted_ranking"": 1.2805000005755574, ""K3_candidate_filters"": 6.695999996736646, ""K9_advisory_consensus"": 0.007700000423938036, ""K4_nli_and_bypass_check"": 191.75719999475405, ""K5_decision"": 165.2996000193525}",8286
FACTURK-0312,DOĞRU,"[7452, 13938, 11270, 22165, 6898, 12395, 25976, 2618, 25375, 4503, 3455, 5648, 26665, 1170, 23668, 4258, 12458, 7359, 17049, 14529]","[0.9999512434005737, 0.00013342000602278858, 0.00018667821132112294, 4.683888619183563e-05, 0.000609450158663094, 0.0001442598586436361, 3.2955729693640023e-05, 3.3474691008450463e-05, 0.001629308913834393, 1.8342892872169614e-05, 0.0035936026833951473, 1.6442494597868063e-05, 1.922317096614279e-05, 1.683241134742275e-05, 3.9442587876692414e-05, 1.6314539607265033e-05, 1.67014204635052e-05, 1.7231572201126255e-05, 1.7917987861437723e-05, 2.2125668692751788e-05]","[0.9909173846244812, 0.007873286493122578, 0.0012093789409846067]","[0.9909173846244812, 0.007873286493122578, 0.0012093789409846067]",False,DOĞRU,ONAY,False,False,1397.4365000030957,"{""K1_input_and_readiness"": 0.05530001362785697, ""K7_context"": 0.001800013706088066, ""K1_normalization"": 0.010799994925037026, ""K6_advisory"": 34.66820000903681, ""K1_intent"": 0.05440000677481294, ""K2_retrieval"": 129.481299984036, ""K3_reranker"": 1128.9849000168033, ""K8_weighted_ranking"": 1.2313000042922795, ""K3_candidate_filters"": 6.288800010224804, ""K9_advisory_consensus"": 0.00689999433234334, ""K4_nli_and_bypass_check"": 58.263400016585365, ""K5_decision"": 34.98399999807589}",7452
FACTURK-0313,DOĞRU,"[3083, 11712, 29304, 4160, 27844, 28419, 11509, 19415, 28378, 8794, 7346, 1706, 19866, 22918, 21402, 3324, 17922, 27277, 26665, 5278]","[9.535461140330881e-05, 0.9989308714866638, 0.00026947917649522424, 1.6314539607265033e-05, 0.009340023621916771, 0.0014550630003213882, 0.00214894930832088, 0.00013552077871281654, 0.0014158706180751324, 7.311254739761353e-05, 1.8486754925106652e-05, 0.00011323437502142042, 0.003960787784308195, 0.001098731067031622, 0.004700060468167067, 3.426849070820026e-05, 0.0004442183708306402, 0.02048855647444725, 1.7778551409719512e-05, 3.8831109122838825e-05]",null,"[1.0, 0.0, 0.0]",True,YETERSİZ VERİ,KISMI,True,False,1670.6261000072118,"{""K1_input_and_readiness"": 0.05299999611452222, ""K7_context"": 0.0013999815564602613, ""K1_normalization"": 0.010500021744519472, ""K6_advisory"": 33.582599979126826, ""K1_intent"": 0.035200006095692515, ""K2_retrieval"": 126.53740000678226, ""K3_reranker"": 1498.5393999959342, ""K8_weighted_ranking"": 1.2784000136889517, ""K3_candidate_filters"": 6.458499992731959, ""K9_advisory_consensus"": 0.007399998139590025, ""K4_nli_and_bypass_check"": 0.4157999937888235, ""K5_decision"": 0.5075999943073839}",11712
FACTURK-0314,DOĞRU,"[28867, 25381, 11597, 20246, 24314, 27529, 19898, 475, 14016, 12349, 13274, 16163, 2431, 26227, 11701, 22357, 4430, 26566, 16844, 10786]","[0.4323030412197113, 0.028652667999267578, 0.04084571450948715, 0.6674728393554688, 0.0020911062601953745, 0.0001195985751110129, 0.0014779430348426104, 0.09929540008306503, 3.508111694827676e-05, 0.011158031411468983, 3.1941821362124756e-05, 0.002540992572903633, 0.006338921841233969, 2.586742994026281e-05, 2.0462934116949327e-05, 0.10105590522289276, 0.004314687568694353, 0.0010901900241151452, 0.034749627113342285, 0.00011235327838221565]","[0.0012737477663904428, 0.997601330280304, 0.0011249289382249117]","[0.0012737477663904428, 0.997601330280304, 0.0011249289382249117]",False,YETERSİZ VERİ,RET,True,False,1723.3456000103615,"{""K1_input_and_readiness"": 0.07109998841769993, ""K7_context"": 0.0016999838408082724, ""K1_normalization"": 0.013400014722719789, ""K6_advisory"": 35.11829997296445, ""K1_intent"": 0.041099992813542485, ""K2_retrieval"": 171.36690000188537, ""K3_reranker"": 1479.7620000026654, ""K8_weighted_ranking"": 1.2684999965131283, ""K3_candidate_filters"": 6.29980000667274, ""K9_advisory_consensus"": 0.007800001185387373, ""K4_nli_and_bypass_check"": 25.023099995451048, ""K5_decision"": 0.18309999722987413}",20246
FACTURK-0315,YALAN,"[18629, 27604, 11438, 1610, 9150, 19272, 5686, 6570, 3315, 16552, 23935, 24869, 6505, 23600, 29343, 22272, 27219, 8399, 744, 6704]","[0.4937632977962494, 0.09451042860746384, 0.04646466672420502, 0.8257302641868591, 0.028490042313933372, 0.002174225402995944, 0.008348053321242332, 0.0044165560975670815, 0.004681822378188372, 0.009936418384313583, 0.03296123817563057, 0.009055263362824917, 0.07030384987592697, 0.04130730405449867, 0.0007379196467809379, 0.07504072040319443, 0.22507576644420624, 0.008644177578389645, 3.2955729693640023e-05, 0.11162799596786499]","[0.005925856530666351, 0.9934879541397095, 0.0005861860699951649]","[0.005925856530666351, 0.9934879541397095, 0.0005861860699951649]",False,YALAN,RED,False,False,2134.253800002625,"{""K1_input_and_readiness"": 0.08030000026337802, ""K7_context"": 0.001600012183189392, ""K1_normalization"": 0.01309998333454132, ""K6_advisory"": 35.00249999342486, ""K1_intent"": 0.06690001464448869, ""K2_retrieval"": 161.83979998459108, ""K3_reranker"": 1327.0501999941189, ""K8_weighted_ranking"": 1.255100010894239, ""K3_candidate_filters"": 6.52940000873059, ""K9_advisory_consensus"": 0.008000002708286047, ""K4_nli_and_bypass_check"": 320.3669000067748, ""K5_decision"": 278.767899988452}",1610
FACTURK-0316,DOĞRU,"[6487, 25162, 20933, 20139, 3664, 5799, 27663, 3595, 29338, 1111, 23225, 13819, 5988, 17481, 4372, 18412, 20125, 25740, 29090, 17197]","[0.9982385635375977, 5.391084778239019e-05, 0.01750955730676651, 0.003621685551479459, 5.605828482657671e-05, 8.547616744181141e-05, 0.00013135180051904172, 8.957788668340072e-05, 0.0018458482809364796, 4.1986306314356625e-05, 0.0024438868276774883, 0.1527891606092453, 0.0002251682453788817, 3.373722574906424e-05, 0.0017007222631946206, 0.0011832797899842262, 1.6187581422855146e-05, 0.007999754510819912, 0.0009362827986478806, 1.6187581422855146e-05]","[0.9992488026618958, 0.000245723407715559, 0.0005054077482782304]","[0.9992488026618958, 0.000245723407715559, 0.0005054077482782304]",False,DOĞRU,ONAY,False,False,1594.354500004556,"{""K1_input_and_readiness"": 0.05400000372901559, ""K7_context"": 0.0018999853637069464, ""K1_normalization"": 0.0109999964479357, ""K6_advisory"": 33.954599988646805, ""K1_intent"": 0.04269997589290142, ""K2_retrieval"": 131.08550000470132, ""K3_reranker"": 1331.3635000085924, ""K8_weighted_ranking"": 1.1580999998841435, ""K3_candidate_filters"": 5.790300027001649, ""K9_advisory_consensus"": 0.006999995093792677, ""K4_nli_and_bypass_check"": 52.54240002250299, ""K5_decision"": 35.18470001290552}",6487
FACTURK-0317,DOĞRU,"[22587, 22918, 22465, 10902, 11460, 7924, 15780, 10589, 1887, 19772, 18561, 11485, 2984, 4093, 24849, 4270, 8564, 27017, 12065, 14277]","[0.2943163812160492, 0.21255874633789062, 0.06572466343641281, 0.005888158921152353, 0.01784873753786087, 0.36511704325675964, 0.2743513584136963, 0.03403615206480026, 0.08616956323385239, 0.006589771714061499, 0.0014437558129429817, 0.002058753278106451, 0.0017342078499495983, 0.012479699216783047, 0.38133475184440613, 0.03594832494854927, 0.021491764113307, 0.008251599036157131, 0.16145241260528564, 0.15687833726406097]","[0.0011851843446493149, 0.9962433576583862, 0.0025715085212141275]","[0.0011851843446493149, 0.9962433576583862, 0.0025715085212141275]",False,YALAN,UYARI,False,False,1779.358100000536,"{""K1_input_and_readiness"": 0.04450001870281994, ""K7_context"": 0.001500011421740055, ""K1_normalization"": 0.008899980457499623, ""K6_advisory"": 32.65799998189323, ""K1_intent"": 0.03920000744983554, ""K2_retrieval"": 144.93900001980364, ""K3_reranker"": 1333.1700999988243, ""K8_weighted_ranking"": 1.233399991178885, ""K3_candidate_filters"": 6.114099989645183, ""K9_advisory_consensus"": 0.006199989002197981, ""K4_nli_and_bypass_check"": 138.58820000314154, ""K5_decision"": 118.63509999238886}",24849
FACTURK-0318,YALAN,"[1123, 4745, 5471, 28522, 627, 23201, 12462, 9176, 18839, 13942, 2877, 26994, 27660, 3693, 14848, 15696, 6469, 27006, 2955, 15511]","[0.23846149444580078, 0.009522485546767712, 0.02157406695187092, 0.009596454910933971, 0.005797401536256075, 0.0018172829877585173, 0.37170660495758057, 0.0018895388348028064, 0.001081715221516788, 0.013742320239543915, 0.0019570167642086744, 0.0032224843744188547, 0.0009659748757258058, 0.0008525666198693216, 0.0005614787805825472, 8.614650869276375e-05, 0.0002959570847451687, 0.0012594986474141479, 3.0479141059913673e-05, 0.001518850913271308]","[0.008444591425359249, 0.9898696541786194, 0.0016856944421306252]","[0.008444591425359249, 0.9898696541786194, 0.0016856944421306252]",False,YETERSİZ VERİ,RET,True,False,3319.926399999531,"{""K1_input_and_readiness"": 0.066100008552894, ""K7_context"": 0.001500011421740055, ""K1_normalization"": 0.018000020645558834, ""K6_advisory"": 35.57339997496456, ""K1_intent"": 0.044899992644786835, ""K2_retrieval"": 166.38790001161397, ""K3_reranker"": 2198.4639999864157, ""K8_weighted_ranking"": 1.4187000051606447, ""K3_candidate_filters"": 6.4267999841831625, ""K9_advisory_consensus"": 0.00689999433234334, ""K4_nli_and_bypass_check"": 536.521600006381, ""K5_decision"": 371.82729999767616}",4745
FACTURK-0319,DOĞRU,"[2436, 23590, 5590, 18877, 21015, 5265, 2425, 21218, 29455, 806, 7364, 20208, 21114, 13782, 5632, 28010, 46, 5861, 19431, 27912]","[0.00020502213737927377, 0.0001673405058681965, 1.6314539607265033e-05, 0.000437334441812709, 1.6314539607265033e-05, 1.6314539607265033e-05, 1.6964426322374493e-05, 1.7778551409719512e-05, 1.6314539607265033e-05, 3.4537253668531775e-05, 1.9373936083866283e-05, 0.0014664583140984178, 2.411113746347837e-05, 8.156224066624418e-05, 0.000191104321856983, 0.002531111240386963, 1.6187581422855146e-05, 1.6314539607265033e-05, 1.9073577277595177e-05, 2.6274772608303465e-05]","[0.07943414896726608, 0.5570937991142273, 0.363472044467926]","[0.07943414896726608, 0.5570937991142273, 0.363472044467926]",False,YETERSİZ VERİ,RET,True,False,2932.241200003773,"{""K1_input_and_readiness"": 0.060699996538460255, ""K7_context"": 0.0014999823179095984, ""K1_normalization"": 0.010799994925037026, ""K6_advisory"": 34.56590001587756, ""K1_intent"": 0.04140002420172095, ""K2_retrieval"": 144.6124000067357, ""K3_reranker"": 1776.7512999998871, ""K8_weighted_ranking"": 1.4378000050783157, ""K3_candidate_filters"": 7.054999994579703, ""K9_advisory_consensus"": 0.007800001185387373, ""K4_nli_and_bypass_check"": 538.2184000045527, ""K5_decision"": 426.32110000704415}",13782
FACTURK-0320,YALAN,"[1887, 25228, 1807, 25931, 15188, 9269, 20941, 24929, 7970, 14227, 30193, 28510, 7135, 2421, 18249, 5036, 4603, 8125, 28105, 18308]","[0.903464674949646, 0.5811247825622559, 0.09704755246639252, 0.05582314357161522, 0.02456308901309967, 2.229919846286066e-05, 0.002278330735862255, 0.003635808825492859, 0.5891846418380737, 0.00014313739666249603, 0.0013045065570622683, 0.18668745458126068, 0.0060503981076180935, 8.888084994396195e-05, 0.002123966347426176, 0.0002251682453788817, 0.522567629814148, 0.00272558256983757, 0.004086002707481384, 0.004433765076100826]","[0.03281775489449501, 0.965436577796936, 0.0017457014182582498]","[0.03281775489449501, 0.965436577796936, 0.0017457014182582498]",False,YETERSİZ VERİ,RET,True,False,2343.6249000078533,"{""K1_input_and_readiness"": 0.05129998316988349, ""K7_context"": 0.001600012183189392, ""K1_normalization"": 0.009399984264746308, ""K6_advisory"": 33.138099999632686, ""K1_intent"": 0.03919997834600508, ""K2_retrieval"": 148.1027000118047, ""K3_reranker"": 1880.6895000161603, ""K8_weighted_ranking"": 1.2594999861903489, ""K3_candidate_filters"": 6.265100004384294, ""K9_advisory_consensus"": 0.007299997378140688, ""K4_nli_and_bypass_check"": 155.44380000210367, ""K5_decision"": 115.2138999896124}",1887
FACTURK-0321,YALAN,"[25225, 15787, 10243, 1701, 11548, 19258, 25228, 9220, 25169, 27894, 27696, 9150, 2858, 13003, 12288, 15978, 21007, 16063, 18569, 19391]","[0.9990745782852173, 0.001192549243569374, 0.058884695172309875, 0.00012632041762117296, 0.004133968148380518, 2.4682904040673748e-05, 0.0003583672805689275, 0.0008727670647203922, 0.0003625900426413864, 0.07081620395183563, 0.0029694451950490475, 0.018404889851808548, 3.508111694827676e-05, 0.00023231418163049966, 0.00023782203788869083, 0.0012255674228072166, 0.00048029719619080424, 0.0006337125087156892, 0.00012053649697918445, 4.870464181294665e-05]",null,"[1.0, 0.0, 0.0]",True,YALAN,UYARI,False,False,1267.8245999850333,"{""K1_input_and_readiness"": 0.06299998494796455, ""K7_context"": 0.001400010660290718, ""K1_normalization"": 0.02720000338740647, ""K6_advisory"": 35.908899997593835, ""K1_intent"": 0.07870001718401909, ""K2_retrieval"": 119.22959997900762, ""K3_reranker"": 1100.48129997449, ""K8_weighted_ranking"": 1.277900009881705, ""K3_candidate_filters"": 6.781500007491559, ""K9_advisory_consensus"": 0.007599999662488699, ""K4_nli_and_bypass_check"": 0.18190001719631255, ""K5_decision"": 0.25010001263581216}",25225
FACTURK-0322,YALAN,"[19974, 11158, 7476, 25395, 22192, 10172, 14936, 3696, 2403, 16, 24074, 27304, 11357, 11075, 2290, 21249, 11142, 14518, 29492, 8445]","[0.40262696146965027, 0.0032476764172315598, 4.683888619183563e-05, 0.005281333811581135, 0.00026530236937105656, 0.0006771942134946585, 3.7636447814293206e-05, 0.006877107545733452, 0.008124708198010921, 0.0005907104350626469, 0.03228325769305229, 1.6314539607265033e-05, 0.00034329999471083283, 0.001151399570517242, 1.6314539607265033e-05, 1.657145367062185e-05, 1.7917987861437723e-05, 0.0004994205664843321, 0.0005112579092383385, 2.732141365413554e-05]","[0.002649425994604826, 0.9875237345695496, 0.009826919063925743]","[0.002649425994604826, 0.9875237345695496, 0.009826919063925743]",False,YETERSİZ VERİ,RET,True,False,3300.0387999927625,"{""K1_input_and_readiness"": 0.07639999967068434, ""K7_context"": 0.0017999846022576094, ""K1_normalization"": 0.0137000170070678, ""K6_advisory"": 35.978400002932176, ""K1_intent"": 0.07680000271648169, ""K2_retrieval"": 174.7752999945078, ""K3_reranker"": 1794.7503000032157, ""K8_weighted_ranking"": 1.2589000107254833, ""K3_candidate_filters"": 6.565899995621294, ""K9_advisory_consensus"": 0.008700008038431406, ""K4_nli_and_bypass_check"": 673.2115999911912, ""K5_decision"": 610.3252999891993}",16
FACTURK-0323,DOĞRU,"[6352, 27337, 247, 7596, 20781, 156, 81, 28, 26984, 4224, 13967, 12551, 4376, 24567, 19713, 172, 23913, 29239, 211, 28245]","[0.0005884087877348065, 0.0038844761438667774, 0.007066400721669197, 0.004867417272180319, 0.001383117400109768, 0.006615392863750458, 0.007289077155292034, 0.006797532085329294, 0.003678509034216404, 0.0009039677679538727, 0.0012448433553799987, 0.003510648850351572, 6.205049430718645e-05, 0.0011649561347439885, 9.242113446816802e-05, 0.0002415662893326953, 1.683241134742275e-05, 0.0016941031208261847, 0.0001476803736295551, 0.0004784255870617926]","[0.008061537519097328, 0.9670884013175964, 0.024850117042660713]","[0.008061537519097328, 0.9670884013175964, 0.024850117042660713]",False,YETERSİZ VERİ,RET,True,False,2183.347899990622,"{""K1_input_and_readiness"": 0.05479998071677983, ""K7_context"": 0.001300009898841381, ""K1_normalization"": 0.010499992640689015, ""K6_advisory"": 34.78330001235008, ""K1_intent"": 0.05400000372901559, ""K2_retrieval"": 147.35330000985414, ""K3_reranker"": 1967.0060999924317, ""K8_weighted_ranking"": 1.3407999940682203, ""K3_candidate_filters"": 6.290099991019815, ""K9_advisory_consensus"": 0.007100024959072471, ""K4_nli_and_bypass_check"": 23.398100020131096, ""K5_decision"": 0.1433999859727919}",27337
FACTURK-0324,DOĞRU,"[1701, 11923, 1620, 20305, 24782, 12437, 27196, 14870, 27696, 801, 15972, 18332, 5535, 19258, 19176, 24507, 1284, 3959, 11776, 15787]","[0.005119676236063242, 6.502816540887579e-05, 0.00079783343244344, 0.003579642390832305, 0.014281935058534145, 0.00013238185783848166, 0.002034817123785615, 0.00021485926117748022, 0.001483718864619732, 0.13117322325706482, 9.610241977497935e-05, 0.0005976693937554955, 0.00026738259475678205, 2.7535690605873242e-05, 0.010408313944935799, 1.6061610949691385e-05, 2.566613329690881e-05, 4.400118632474914e-05, 0.012920473702251911, 1.8777873265207745e-05]","[0.0005151215009391308, 0.9986640214920044, 0.0008208250510506332]","[0.0005151215009391308, 0.9986640214920044, 0.0008208250510506332]",False,YETERSİZ VERİ,RET,True,False,2244.3234999955166,"{""K1_input_and_readiness"": 0.05649999366141856, ""K7_context"": 0.001500011421740055, ""K1_normalization"": 0.011399999493733048, ""K6_advisory"": 34.65149999829009, ""K1_intent"": 0.072900002123788, ""K2_retrieval"": 165.62849999172613, ""K3_reranker"": 1586.5947999991477, ""K8_weighted_ranking"": 1.1206000053789467, ""K3_candidate_filters"": 5.45980001334101, ""K9_advisory_consensus"": 0.006099988240748644, ""K4_nli_and_bypass_check"": 235.08100002072752, ""K5_decision"": 212.07480001612566}",24782
FACTURK-0325,YALAN,"[23815, 23846, 24551, 9436, 8193, 5782, 4454, 21231, 6751, 25313, 6598, 8414, 13507, 8944, 13966, 12486, 8269, 12570, 14622, 14982]","[0.00021824207215104252, 9.028038039105013e-05, 0.00214894930832088, 0.0014895173953846097, 0.00012243441597092897, 8.614650869276375e-05, 0.00025514140725135803, 2.4876489987946115e-05, 0.0013250223128125072, 0.034100424498319626, 0.012007349170744419, 0.02456308901309967, 0.0022606407292187214, 5.605828482657671e-05, 0.007232763804495335, 0.07107366621494293, 9.098840382648632e-05, 0.0029810327105224133, 1.7640199075685814e-05, 2.1444948288262822e-05]","[0.0029354197904467583, 0.9818655848503113, 0.015198992565274239]","[0.0029354197904467583, 0.9818655848503113, 0.015198992565274239]",False,YETERSİZ VERİ,RET,True,False,1974.4143999996595,"{""K1_input_and_readiness"": 0.05989999044686556, ""K7_context"": 0.001800013706088066, ""K1_normalization"": 0.010599993402138352, ""K6_advisory"": 36.05890000471845, ""K1_intent"": 0.04650000482797623, ""K2_retrieval"": 136.56129999435507, ""K3_reranker"": 1481.556399987312, ""K8_weighted_ranking"": 1.139200001489371, ""K3_candidate_filters"": 6.003799993777648, ""K9_advisory_consensus"": 0.007099995855242014, ""K4_nli_and_bypass_check"": 164.17569998884574, ""K5_decision"": 145.62900000601076}",12486
FACTURK-0326,YALAN,"[23950, 15240, 28228, 29494, 24411, 2846, 5125, 29928, 7087, 2653, 4843, 13711, 28429, 16851, 16773, 7372, 10874, 11973, 24389, 5860]","[0.6772605776786804, 0.6363531351089478, 0.7213507294654846, 0.3262714147567749, 0.016979992389678955, 0.12907303869724274, 0.20769643783569336, 0.01353214867413044, 0.156491219997406, 0.37547746300697327, 0.07935289293527603, 0.5820753574371338, 0.1291828602552414, 0.27212125062942505, 0.8297680616378784, 0.8987665772438049, 0.346762478351593, 0.715225100517273, 0.5357967615127563, 0.45925799012184143]","[0.003061181865632534, 0.9963451027870178, 0.0005936649977229536]","[0.003061181865632534, 0.9963451027870178, 0.0005936649977229536]",False,YETERSİZ VERİ,RET,True,False,2733.638500008965,"{""K1_input_and_readiness"": 0.056599994422867894, ""K7_context"": 0.0012999807950109243, ""K1_normalization"": 0.009100011084228754, ""K6_advisory"": 33.62180001568049, ""K1_intent"": 0.052799994591623545, ""K2_retrieval"": 132.73799998569302, ""K3_reranker"": 2258.048499992583, ""K8_weighted_ranking"": 2.5348000053782016, ""K3_candidate_filters"": 7.940200011944398, ""K9_advisory_consensus"": 0.007299997378140688, ""K4_nli_and_bypass_check"": 218.4576999861747, ""K5_decision"": 75.20130000193603}",7372
FACTURK-0327,YALAN,"[11779, 4239, 26572, 15946, 5650, 19793, 26524, 16554, 25113, 21016, 27595, 16591, 24912, 8792, 3985, 8477, 1293, 8350, 3941, 26263]","[0.01578456163406372, 0.0006214630557224154, 0.0003225071995984763, 4.985958003089763e-05, 0.1318424493074417, 7.602479308843613e-05, 0.0007854739669710398, 0.004810982849448919, 0.008187909610569477, 1.6314539607265033e-05, 1.6187581422855146e-05, 0.9463988542556763, 2.8632557587116025e-05, 0.0015307451831176877, 7.543320680269971e-05, 1.67014204635052e-05, 0.03228325769305229, 5.518923353520222e-05, 1.6442494597868063e-05, 0.025035424157977104]","[0.019039031118154526, 0.9803898930549622, 0.0005710952100344002]","[0.019039031118154526, 0.9803898930549622, 0.0005710952100344002]",False,YETERSİZ VERİ,RET,True,False,2215.289300016593,"{""K1_input_and_readiness"": 0.1461999781895429, ""K7_context"": 0.0021999876480549574, ""K1_normalization"": 0.026599998818710446, ""K6_advisory"": 37.968299991916865, ""K1_intent"": 0.06130000110715628, ""K2_retrieval"": 195.59129999834113, ""K3_reranker"": 1944.53990002512, ""K8_weighted_ranking"": 1.1703000054694712, ""K3_candidate_filters"": 6.212600012077019, ""K9_advisory_consensus"": 0.007100024959072471, ""K4_nli_and_bypass_check"": 25.73400002438575, ""K5_decision"": 0.20179999410174787}",16591
FACTURK-0328,DOĞRU,"[8507, 27785, 7120, 3423, 16322, 23547, 2506, 14748, 14084, 10, 12397, 18318, 22396, 4527, 8763, 24450, 5365, 11718, 9148, 20989]","[9.461262379772961e-05, 0.0002982776495628059, 0.044680867344141006, 0.052618950605392456, 0.0006142272031866014, 0.01342825498431921, 2.1278065105434507e-05, 0.00046190584544092417, 0.003960787784308195, 0.0696682333946228, 0.0011116681853309274, 0.0008796061738394201, 0.0015487611526623368, 0.0001476803736295551, 2.2827996872365475e-05, 0.0003814711526501924, 8.750300185056403e-05, 1.6061610949691385e-05, 2.908344322349876e-05, 0.008813166059553623]","[0.001893494394607842, 0.9967562556266785, 0.001350227976217866]","[0.001893494394607842, 0.9967562556266785, 0.001350227976217866]",False,YETERSİZ VERİ,RET,True,False,2141.2261000077706,"{""K1_input_and_readiness"": 0.07770000956952572, ""K7_context"": 0.0022999884095042944, ""K1_normalization"": 0.010300020221620798, ""K6_advisory"": 34.28599998005666, ""K1_intent"": 0.040099985199049115, ""K2_retrieval"": 133.805499994196, ""K3_reranker"": 1803.628800000297, ""K8_weighted_ranking"": 1.2939000152982771, ""K3_candidate_filters"": 6.683800020255148, ""K9_advisory_consensus"": 0.007400027243420482, ""K4_nli_and_bypass_check"": 157.88590000011027, ""K5_decision"": 0.24769999436102808}",20989
FACTURK-0329,DOĞRU,"[3426, 18953, 30136, 5153, 24924, 1893, 11809, 17520, 5267, 414, 3589, 20519, 11309, 17416, 19969, 27569, 23436, 23892, 635, 18236]","[1.7640199075685814e-05, 0.001573112211190164, 0.0008072304772213101, 1.6314539607265033e-05, 4.683888619183563e-05, 0.0003225071995984763, 9.028038039105013e-05, 8.415108459303156e-05, 0.0025016965810209513, 1.657145367062185e-05, 0.0003920417802873999, 0.0002131875662598759, 0.0001713081874186173, 5.104190859128721e-05, 3.024195939360652e-05, 3.8229114579735324e-05, 3.2955729693640023e-05, 4.7206227463902906e-05, 0.0003640086797531694, 5.391084778239019e-05]","[0.0010396186262369156, 0.9983799457550049, 0.0005804751417599618]","[0.0010396186262369156, 0.9983799457550049, 0.0005804751417599618]",False,YETERSİZ VERİ,RET,True,False,1517.2116000030655,"{""K1_input_and_readiness"": 0.05259999306872487, ""K7_context"": 0.0016999838408082724, ""K1_normalization"": 0.010100018698722124, ""K6_advisory"": 33.89960000640713, ""K1_intent"": 0.03739999374374747, ""K2_retrieval"": 124.36479999450967, ""K3_reranker"": 1320.511700003408, ""K8_weighted_ranking"": 1.354299980448559, ""K3_candidate_filters"": 6.61680000484921, ""K9_advisory_consensus"": 0.01780001912266016, ""K4_nli_and_bypass_check"": 26.680099981604144, ""K5_decision"": 0.13589998707175255}",18953
FACTURK-0330,YALAN,"[1893, 17520, 24924, 18953, 17416, 23892, 18236, 1513, 7925, 30126, 15089, 6618, 7143, 21657, 11809, 19626, 11309, 7885, 18175, 23505]","[0.006217078305780888, 0.002934951800853014, 0.002822832902893424, 0.013480102643370628, 0.00027372167096473277, 0.0007885457598604262, 0.0022170129232108593, 0.0017821963410824537, 0.000414069538237527, 0.017576882615685463, 0.004198795650154352, 0.003123648464679718, 0.001220795209519565, 0.0002780309587251395, 0.013480102643370628, 0.0063635739497840405, 0.0007041515782475471, 0.0016613906482234597, 0.0002611903182696551, 4.683888619183563e-05]","[0.00012345821596682072, 0.9997637867927551, 0.00011281002662144601]","[0.00012345821596682072, 0.9997637867927551, 0.00011281002662144601]",False,YALAN,RED,False,False,1504.4551999890245,"{""K1_input_and_readiness"": 0.04859999171458185, ""K7_context"": 0.0018999853637069464, ""K1_normalization"": 0.009799987310543656, ""K6_advisory"": 34.60709998034872, ""K1_intent"": 0.038300000596791506, ""K2_retrieval"": 127.08830001065508, ""K3_reranker"": 1309.1647999826819, ""K8_weighted_ranking"": 1.1048999731428921, ""K3_candidate_filters"": 5.630200001178309, ""K9_advisory_consensus"": 0.006100017344579101, ""K4_nli_and_bypass_check"": 23.323699977481738, ""K5_decision"": 0.34020000020973384}",30126
FACTURK-0331,DOĞRU,"[10638, 24945, 20881, 16362, 12375, 20471, 21000, 20651, 13016, 1670, 15240, 8611, 972, 10508, 4093, 1287, 27629, 12104, 27617, 15302]","[0.07263670116662979, 0.00020988310279790312, 0.0011832797899842262, 0.000638679601252079, 0.169956237077713, 0.00025514140725135803, 0.01930808648467064, 0.0002434604539303109, 0.005576545372605324, 0.0001097509084502235, 0.0005884087877348065, 0.0008864988922141492, 8.614650869276375e-05, 2.710879925871268e-05, 0.0003569706459529698, 0.001094452221877873, 0.00017813112935982645, 0.004681822378188372, 0.00010554686014074832, 1.6061610949691385e-05]","[0.03953462466597557, 0.5859978795051575, 0.37446752190589905]","[0.03953462466597557, 0.5859978795051575, 0.37446752190589905]",False,YALAN,UYARI,False,False,1933.0995999916922,"{""K1_input_and_readiness"": 0.06520000169984996, ""K7_context"": 0.001900014467537403, ""K1_normalization"": 0.01850002445280552, ""K6_advisory"": 35.57879998697899, ""K1_intent"": 0.047299981815740466, ""K2_retrieval"": 127.23720000940375, ""K3_reranker"": 1310.639400006039, ""K8_weighted_ranking"": 1.110800018068403, ""K3_candidate_filters"": 5.7551999925635755, ""K9_advisory_consensus"": 0.007299997378140688, ""K4_nli_and_bypass_check"": 236.24299999210052, ""K5_decision"": 213.14770000753924}",12104
FACTURK-0332,YALAN,"[20941, 7970, 30229, 9269, 11736, 20168, 19344, 668, 15188, 1455, 18249, 5787, 13340, 25967, 8125, 5009, 14191, 16474, 22080, 8599]","[0.00016346470511052758, 0.005220125429332256, 2.566613329690881e-05, 3.4537253668531775e-05, 0.00040290519245900214, 5.391084778239019e-05, 3.095910506090149e-05, 5.738759500673041e-05, 0.0011604196624830365, 2.265035072923638e-05, 0.0002824080875143409, 0.0009927261853590608, 8.888084994396195e-05, 0.0009004466701298952, 0.0002234163403045386, 0.0003799845289904624, 0.0009735437924973667, 1.67014204635052e-05, 9.915272676153108e-05, 1.67014204635052e-05]","[0.019372841343283653, 0.9790500998497009, 0.0015770114259794354]","[0.019372841343283653, 0.9790500998497009, 0.0015770114259794354]",False,YALAN,RED,False,False,1664.6158999938052,"{""K1_input_and_readiness"": 0.05290002445690334, ""K7_context"": 0.001600012183189392, ""K1_normalization"": 0.008200004231184721, ""K6_advisory"": 34.110200009308755, ""K1_intent"": 0.03749999450519681, ""K2_retrieval"": 125.35280000884086, ""K3_reranker"": 1167.7522000099998, ""K8_weighted_ranking"": 1.067200006218627, ""K3_candidate_filters"": 5.825200001709163, ""K9_advisory_consensus"": 0.007499998901039362, ""K4_nli_and_bypass_check"": 174.45890000090003, ""K5_decision"": 152.28370000841096}",5787
FACTURK-0333,YALAN,"[29419, 5024, 1275, 24866, 13407, 15688, 10194, 12034, 9821, 4815, 13549, 9918, 10887, 25825, 27567, 20479, 15001, 24106, 24171, 11211]","[0.00043393249507062137, 0.00017952796770259738, 4.575391358230263e-05, 0.01815951056778431, 2.7969301299890503e-05, 0.0009181900531984866, 0.0007613258203491569, 0.00042887922609224916, 0.00851130299270153, 0.002082970691844821, 0.0017342078499495983, 1.6061610949691385e-05, 0.00019716942915692925, 0.015130727551877499, 2.818866414600052e-05, 2.5466406441410072e-05, 0.0030278346966952085, 0.0002269338583573699, 1.67014204635052e-05, 0.003635808825492859]","[0.0017035899218171835, 0.9965960383415222, 0.001700368127785623]","[0.0017035899218171835, 0.9965960383415222, 0.001700368127785623]",False,YETERSİZ VERİ,RET,True,False,2240.359499992337,"{""K1_input_and_readiness"": 0.05750000127591193, ""K7_context"": 0.001700012944638729, ""K1_normalization"": 0.011800002539530396, ""K6_advisory"": 33.93890001461841, ""K1_intent"": 0.042100000428035855, ""K2_retrieval"": 133.90990000334568, ""K3_reranker"": 2033.1802000000607, ""K8_weighted_ranking"": 1.2814000074286014, ""K3_candidate_filters"": 6.313999998383224, ""K9_advisory_consensus"": 0.007499998901039362, ""K4_nli_and_bypass_check"": 27.839799993671477, ""K5_decision"": 0.3730999887920916}",20479
FACTURK-0334,DOĞRU,"[9321, 19685, 28084, 23856, 6580, 7904, 3994, 5498, 6437, 29814, 3213, 20607, 14698, 684, 4373, 28272, 21390, 10709, 1571, 18098]","[1.6187581422855146e-05, 0.9949788451194763, 1.6187581422855146e-05, 1.6314539607265033e-05, 0.00019411319226492196, 0.005220125429332256, 1.6187581422855146e-05, 0.00018961740715894848, 2.3007036361377686e-05, 1.6442494597868063e-05, 0.0009850083151832223, 1.6061610949691385e-05, 8.614650869276375e-05, 6.402006692951545e-05, 0.0029810327105224133, 0.0004092474700883031, 2.265035072923638e-05, 1.9988918211311102e-05, 0.0007672924548387527, 1.6314539607265033e-05]","[0.9972443580627441, 0.0022422177717089653, 0.0005134976818226278]","[0.9972443580627441, 0.0022422177717089653, 0.0005134976818226278]",False,DOĞRU,ONAY,False,False,1966.7590000026394,"{""K1_input_and_readiness"": 0.04409998655319214, ""K7_context"": 0.001700012944638729, ""K1_normalization"": 0.008599978173151612, ""K6_advisory"": 34.25590001279488, ""K1_intent"": 0.03480000304989517, ""K2_retrieval"": 111.93360001198016, ""K3_reranker"": 1662.0693000149913, ""K8_weighted_ranking"": 1.3327000197023153, ""K3_candidate_filters"": 6.540499976836145, ""K9_advisory_consensus"": 0.007399998139590025, ""K4_nli_and_bypass_check"": 88.52210000623018, ""K5_decision"": 58.651600003940985}",19685
FACTURK-0335,YALAN,"[1266, 7796, 23359, 2229, 1350, 12967, 11045, 5049, 26900, 11176, 18149, 12056, 4871, 24615, 22524, 23324, 23177, 10708, 26541, 11409]","[0.00048029719619080424, 0.014728614129126072, 0.00013552077871281654, 2.526822754589375e-05, 0.0009399438858963549, 0.007785655092447996, 0.005842605605721474, 0.0001699752756394446, 0.0002824080875143409, 1.7231572201126255e-05, 4.832564081880264e-05, 3.619466951931827e-05, 0.00035281325108371675, 0.000503335555549711, 7.843789353501052e-05, 4.2647468944778666e-05, 0.0037072531413286924, 0.00013552077871281654, 0.0013458604225888848, 0.0002591582597233355]","[0.0017892095493152738, 0.6060627698898315, 0.39214804768562317]","[0.0017892095493152738, 0.6060627698898315, 0.39214804768562317]",False,YALAN,RED,False,False,1566.5739999967627,"{""K1_input_and_readiness"": 0.06279998342506588, ""K7_context"": 0.001100008375942707, ""K1_normalization"": 0.012100004823878407, ""K6_advisory"": 34.091100009391084, ""K1_intent"": 0.04740001168102026, ""K2_retrieval"": 176.47660002694465, ""K3_reranker"": 1319.1200000001118, ""K8_weighted_ranking"": 1.2512000103015453, ""K3_candidate_filters"": 6.400199985364452, ""K9_advisory_consensus"": 0.006700021913275123, ""K4_nli_and_bypass_check"": 25.281499983975664, ""K5_decision"": 0.3212000010535121}",11409
FACTURK-0336,DOĞRU,"[19541, 23436, 16695, 29892, 23011, 4827, 27262, 15386, 6075, 28493, 10116, 29164, 1033, 13512, 13036, 12974, 11555, 18992, 10950, 25865]","[0.0022343622986227274, 0.00012632041762117296, 0.0020667945500463247, 0.000317508791340515, 0.0002959570847451687, 0.0002131875662598759, 2.7751651941798627e-05, 5.0644717703107744e-05, 0.0002434604539303109, 6.922183820279315e-05, 0.004264635033905506, 0.000487857119878754, 0.013070784509181976, 2.265035072923638e-05, 6.868317723274231e-05, 0.009303949773311615, 2.229919846286066e-05, 0.007876706309616566, 8.818923379294574e-05, 2.195349043176975e-05]","[0.00027839228278025985, 0.007950971834361553, 0.9917706251144409]","[0.00027839228278025985, 0.007950971834361553, 0.9917706251144409]",False,DOĞRU,ONAY,False,False,1364.7870999993756,"{""K1_input_and_readiness"": 0.05120001151226461, ""K7_context"": 0.001500011421740055, ""K1_normalization"": 0.010299991117790341, ""K6_advisory"": 33.939800021471456, ""K1_intent"": 0.04949999856762588, ""K2_retrieval"": 118.33510000724345, ""K3_reranker"": 1172.40739997942, ""K8_weighted_ranking"": 1.4676999999210238, ""K3_candidate_filters"": 7.236899982672185, ""K9_advisory_consensus"": 0.008199975127354264, ""K4_nli_and_bypass_check"": 27.352800010703504, ""K5_decision"": 0.3310999891255051}",18992
FACTURK-0337,YALAN,"[14578, 19726, 4788, 12212, 26280, 6025, 28207, 27543, 22471, 9491, 5292, 19132, 28161, 14516, 27764, 17784, 9482, 13252, 7827, 8368]","[0.9965969920158386, 0.023330770432949066, 0.0038244836032390594, 0.003635808825492859, 0.001192549243569374, 0.0001699752756394446, 0.0017683517653495073, 0.002757622394710779, 0.00046917638974264264, 0.0010608151787891984, 0.00018093574908562005, 0.003869391046464443, 0.0037507887464016676, 0.9784671068191528, 0.0016484829830005765, 0.005021149758249521, 0.012527932412922382, 0.0053640566766262054, 0.00042887922609224916, 0.000706905557308346]",null,"[1.0, 0.0, 0.0]",True,YALAN,UYARI,False,False,2400.836299988441,"{""K1_input_and_readiness"": 0.06799999391660094, ""K7_context"": 0.001900014467537403, ""K1_normalization"": 0.009499985026195645, ""K6_advisory"": 33.64760000840761, ""K1_intent"": 0.034500000765547156, ""K2_retrieval"": 118.85410000104457, ""K3_reranker"": 2237.335499987239, ""K8_weighted_ranking"": 1.1654999980237335, ""K3_candidate_filters"": 5.769000010332093, ""K9_advisory_consensus"": 0.011399999493733048, ""K4_nli_and_bypass_check"": 0.3451999800745398, ""K5_decision"": 0.26339999749325216}",14578
FACTURK-0338,YALAN,"[15787, 8685, 1701, 19258, 2858, 23508, 8347, 25598, 26662, 13541, 27894, 487, 9150, 18978, 25225, 15473, 1640, 23826, 694, 23372]","[0.0009927261853590608, 0.02655657008290291, 0.08913693577051163, 0.0035243413876742125, 8.092757343547419e-05, 0.005040702875703573, 0.20465964078903198, 0.0001823546044761315, 1.9073577277595177e-05, 0.0012545944191515446, 0.0002611903182696551, 0.0003406293108128011, 0.007815888151526451, 1.6061610949691385e-05, 0.0002959570847451687, 1.922317096614279e-05, 0.0009888596832752228, 0.000437334441812709, 0.0007264875457622111, 3.144662332488224e-05]","[0.0008808709681034088, 0.06650372594594955, 0.9326153993606567]","[0.0008808709681034088, 0.06650372594594955, 0.9326153993606567]",False,DOĞRU,ONAY,False,False,1366.3142999866977,"{""K1_input_and_readiness"": 0.05180001608096063, ""K7_context"": 0.001400010660290718, ""K1_normalization"": 0.00969998654909432, ""K6_advisory"": 34.54039999633096, ""K1_intent"": 0.03730002208612859, ""K2_retrieval"": 117.48500002431683, ""K3_reranker"": 1179.6491999994032, ""K8_weighted_ranking"": 1.1089000036008656, ""K3_candidate_filters"": 5.909900006372482, ""K9_advisory_consensus"": 0.006799993570894003, ""K4_nli_and_bypass_check"": 23.9622000080999, ""K5_decision"": 0.32839999767020345}",8347
FACTURK-0339,DOĞRU,"[25515, 26958, 2732, 29106, 635, 22854, 23344, 10248, 15972, 24849, 28795, 23512, 4182, 9120, 17711, 25041, 28222, 24390, 3912, 10101]","[0.0040543340146541595, 0.011201213113963604, 0.00013765462790615857, 0.00010554686014074832, 0.059866417199373245, 0.0004205874283798039, 0.00025514140725135803, 0.0008559006964787841, 3.2955729693640023e-05, 0.0009217804181389511, 0.0026522595435380936, 0.00011591933434829116, 0.03635666146874428, 7.086326513672248e-05, 0.0014437558129429817, 0.00010229986219201237, 0.005469274241477251, 1.7097478121286258e-05, 1.7917987861437723e-05, 0.006003595422953367]","[0.0002031682088272646, 0.9996299743652344, 0.00016685787704773247]","[0.0002031682088272646, 0.9996299743652344, 0.00016685787704773247]",False,YALAN,UYARI,False,False,2873.3665000181645,"{""K1_input_and_readiness"": 0.1373999984934926, ""K7_context"": 0.0022999884095042944, ""K1_normalization"": 0.016900012269616127, ""K6_advisory"": 34.547200019005686, ""K1_intent"": 0.04260000423528254, ""K2_retrieval"": 187.42829997790977, ""K3_reranker"": 1800.1148999901488, ""K8_weighted_ranking"": 1.1092000058852136, ""K3_candidate_filters"": 5.575499992119148, ""K9_advisory_consensus"": 0.006399990525096655, ""K4_nli_and_bypass_check"": 431.36250000679865, ""K5_decision"": 409.60009998525493}",635
FACTURK-0340,YALAN,"[6352, 21095, 20927, 27913, 12551, 5962, 24737, 11498, 20460, 7324, 23842, 7185, 25736, 9980, 10518, 16658, 27977, 12063, 9719, 22428]","[0.0015916259726509452, 0.00018814207578543574, 0.0007208379684016109, 2.2827996872365475e-05, 0.00851130299270153, 0.00854433048516512, 5.0644717703107744e-05, 0.00010472556459717453, 0.008711384609341621, 1.6187581422855146e-05, 0.0005636750720441341, 4.985958003089763e-05, 5.2662067901110277e-05, 1.6187581422855146e-05, 0.0005072812782600522, 1.6187581422855146e-05, 1.593661909282673e-05, 8.957788668340072e-05, 0.0002269338583573699, 1.6314539607265033e-05]","[0.00038228381890803576, 0.9992891550064087, 0.00032856487086974084]","[0.00038228381890803576, 0.9992891550064087, 0.00032856487086974084]",False,YETERSİZ VERİ,RET,True,False,1918.0099999939557,"{""K1_input_and_readiness"": 0.042899977415800095, ""K7_context"": 0.001400010660290718, ""K1_normalization"": 0.008899980457499623, ""K6_advisory"": 33.98850001394749, ""K1_intent"": 0.03350002225488424, ""K2_retrieval"": 112.8039000032004, ""K3_reranker"": 1616.023699985817, ""K8_weighted_ranking"": 1.316600013524294, ""K3_candidate_filters"": 6.443000020226464, ""K9_advisory_consensus"": 0.007700000423938036, ""K4_nli_and_bypass_check"": 84.1278999869246, ""K5_decision"": 59.629399998812005}",23842
FACTURK-0341,DOĞRU,"[25331, 27647, 6564, 25597, 16260, 13941, 12442, 14253, 15134, 2959, 8360, 27563, 28901, 3699, 5499, 18616, 9169, 11431, 19125, 11102]","[1.6187581422855146e-05, 1.6442494597868063e-05, 3.8229114579735324e-05, 6.014152313582599e-05, 1.6314539607265033e-05, 1.67014204635052e-05, 1.6442494597868063e-05, 1.657145367062185e-05, 0.00013135180051904172, 0.002140589291229844, 1.6314539607265033e-05, 1.7097478121286258e-05, 1.6061610949691385e-05, 1.6061610949691385e-05, 1.6314539607265033e-05, 5.433364276541397e-05, 1.6061610949691385e-05, 1.6187581422855146e-05, 1.9073577277595177e-05, 1.6187581422855146e-05]","[0.034294068813323975, 0.8565757870674133, 0.10913006216287613]","[0.034294068813323975, 0.8565757870674133, 0.10913006216287613]",False,YETERSİZ VERİ,RET,True,False,1596.3823000201955,"{""K1_input_and_readiness"": 0.05460000829771161, ""K7_context"": 0.0013999815564602613, ""K1_normalization"": 0.020100007532164454, ""K6_advisory"": 35.29659999185242, ""K1_intent"": 0.03959998139180243, ""K2_retrieval"": 114.23229999491014, ""K3_reranker"": 1160.7844000100158, ""K8_weighted_ranking"": 1.3073999725747854, ""K3_candidate_filters"": 6.729600019752979, ""K9_advisory_consensus"": 0.007800001185387373, ""K4_nli_and_bypass_check"": 152.45409999624826, ""K5_decision"": 122.41110001923516}",2959
FACTURK-0342,YALAN,"[19999, 12395, 13938, 891, 25375, 25883, 5498, 15463, 12458, 6580, 18703, 14698, 684, 21390, 27369, 8694, 22219, 11863, 7904, 15328]","[0.8778960704803467, 0.10800065845251083, 7.662102143513039e-05, 0.00022167809947859496, 2.93115390377352e-05, 0.0005463420529849827, 0.00011147904297104105, 3.244481558795087e-05, 2.0785171727766283e-05, 0.00036829791497439146, 0.00026530236937105656, 4.757645365316421e-05, 0.00040765260928310454, 2.318747829122003e-05, 1.6061610949691385e-05, 1.6187581422855146e-05, 1.657145367062185e-05, 1.6314539607265033e-05, 2.9541422918555327e-05, 1.6187581422855146e-05]","[0.001474627642892301, 0.013297411613166332, 0.9852279424667358]","[0.001474627642892301, 0.013297411613166332, 0.9852279424667358]",False,YETERSİZ VERİ,KISMI,True,False,1855.0007999874651,"{""K1_input_and_readiness"": 0.06000002031214535, ""K7_context"": 0.002200016751885414, ""K1_normalization"": 0.021899992134422064, ""K6_advisory"": 32.81750000314787, ""K1_intent"": 0.03960001049563289, ""K2_retrieval"": 128.47639998653904, ""K3_reranker"": 1476.1989999969956, ""K8_weighted_ranking"": 1.2475999828893691, ""K3_candidate_filters"": 6.674200005363673, ""K9_advisory_consensus"": 0.007700000423938036, ""K4_nli_and_bypass_check"": 114.37080000177957, ""K5_decision"": 91.73090002150275}",19999
FACTURK-0343,YALAN,"[8892, 12611, 9130, 13036, 28456, 4231, 24475, 6270, 15737, 7867, 17554, 8778, 22454, 18527, 22836, 608, 20025, 14907, 13320, 8819]","[0.006666931323707104, 0.2045007199048996, 0.0001673405058681965, 0.17286890745162964, 0.000437334441812709, 0.08151976019144058, 0.10052486509084702, 0.003991728648543358, 0.01784873753786087, 0.14990432560443878, 0.5068355202674866, 0.06052938848733902, 0.009670992381870747, 0.004943688865751028, 0.030271869152784348, 0.003510648850351572, 0.005021149758249521, 0.0018102108733728528, 0.00020662980386987329, 3.4537253668531775e-05]","[0.0018129979725927114, 0.9896656274795532, 0.008521314710378647]","[0.0018129979725927114, 0.9896656274795532, 0.008521314710378647]",False,YETERSİZ VERİ,RET,True,False,1906.989799987059,"{""K1_input_and_readiness"": 0.06620000931434333, ""K7_context"": 0.001600012183189392, ""K1_normalization"": 0.011800002539530396, ""K6_advisory"": 32.76289999485016, ""K1_intent"": 0.03680001827888191, ""K2_retrieval"": 140.24950002203695, ""K3_reranker"": 1331.065000005765, ""K8_weighted_ranking"": 1.0974000033456832, ""K3_candidate_filters"": 5.4539999982807785, ""K9_advisory_consensus"": 0.005999987479299307, ""K4_nli_and_bypass_check"": 203.90170000609942, ""K5_decision"": 188.9792000001762}",8778
FACTURK-0344,DOĞRU,"[21953, 16603, 30295, 6364, 2561, 7708, 22341, 15083, 18759, 29498, 15139, 13651, 25721, 22760, 9565, 24271, 9920, 14770, 1270, 26790]","[0.9997507929801941, 3.1201914680423215e-05, 0.027066174894571304, 1.6187581422855146e-05, 0.0009075025445781648, 0.0005658799782395363, 0.002736221067607403, 2.161314114346169e-05, 1.9373936083866283e-05, 1.6187581422855146e-05, 1.6061610949691385e-05, 1.6187581422855146e-05, 0.030444350093603134, 1.6061610949691385e-05, 0.023153411224484444, 1.6187581422855146e-05, 1.6187581422855146e-05, 0.03079216741025448, 1.6314539607265033e-05, 1.922317096614279e-05]","[0.994281530380249, 0.003571528010070324, 0.00214706314727664]","[0.994281530380249, 0.003571528010070324, 0.00214706314727664]",False,YALAN,RED,False,False,2620.1905000198167,"{""K1_input_and_readiness"": 0.05169998621568084, ""K7_context"": 0.001700012944638729, ""K1_normalization"": 0.010399991879239678, ""K6_advisory"": 33.241900004213676, ""K1_intent"": 0.03919997834600508, ""K2_retrieval"": 154.74140000878833, ""K3_reranker"": 2213.9809999789577, ""K8_weighted_ranking"": 1.500000013038516, ""K3_candidate_filters"": 6.9395000173244625, ""K9_advisory_consensus"": 0.006999995093792677, ""K4_nli_and_bypass_check"": 178.68599999928847, ""K5_decision"": 27.715600008377805}",21953
FACTURK-0345,DOĞRU,"[16807, 9421, 28848, 24421, 16665, 22067, 4710, 10335, 10774, 13963, 11250, 23026, 18643, 27949, 26930, 26255, 20911, 13192, 19074, 4659]","[0.2091464400291443, 0.00457386439666152, 0.00016346470511052758, 0.0004092474700883031, 0.000638679601252079, 9.242113446816802e-05, 0.16749083995819092, 0.010368157178163528, 0.002378123812377453, 0.000192602863535285, 0.0006693099858239293, 0.0015070488443598151, 0.0015548133524134755, 0.004848532844334841, 0.009161027148365974, 0.001622967072762549, 0.0014550630003213882, 0.0005549409543164074, 0.0002824080875143409, 7.9673009167891e-05]","[0.0006363765569403768, 0.023780619725584984, 0.975583016872406]","[0.0006363765569403768, 0.023780619725584984, 0.975583016872406]",False,DOĞRU,ONAY,False,False,2965.121699991869,"{""K1_input_and_readiness"": 0.05299999611452222, ""K7_context"": 0.0012999807950109243, ""K1_normalization"": 0.00990001717582345, ""K6_advisory"": 33.375200000591576, ""K1_intent"": 0.045900000259280205, ""K2_retrieval"": 162.09630001685582, ""K3_reranker"": 2233.0966999870725, ""K8_weighted_ranking"": 1.1054999777115881, ""K3_candidate_filters"": 5.568799999309704, ""K9_advisory_consensus"": 0.006999995093792677, ""K4_nli_and_bypass_check"": 275.6072000192944, ""K5_decision"": 250.6532999977935}",4710
FACTURK-0346,YALAN,"[3246, 17883, 13582, 11555, 3327, 21071, 25464, 9796, 3557, 10774, 22245, 29557, 27079, 12522, 9474, 20336, 4225, 14201, 13160, 2683]","[0.9698426127433777, 0.0016549242427572608, 1.6442494597868063e-05, 0.004451041109859943, 7.602479308843613e-05, 0.0024343819823116064, 0.003991728648543358, 1.6061610949691385e-05, 1.6061610949691385e-05, 6.0613183450186625e-05, 1.892514956125524e-05, 3.734356869244948e-05, 6.60521473037079e-05, 1.8631746570463292e-05, 1.7097478121286258e-05, 1.7231572201126255e-05, 0.000682501879055053, 0.0009966077050194144, 1.6314539607265033e-05, 1.67014204635052e-05]",null,"[1.0, 0.0, 0.0]",True,YALAN,UYARI,False,False,2188.0203000037,"{""K1_input_and_readiness"": 0.05269999383017421, ""K7_context"": 0.001900014467537403, ""K1_normalization"": 0.011199997970834374, ""K6_advisory"": 35.06219998234883, ""K1_intent"": 0.03880000440403819, ""K2_retrieval"": 152.0879000017885, ""K3_reranker"": 1989.7052999876905, ""K8_weighted_ranking"": 1.0868000099435449, ""K3_candidate_filters"": 5.811999988509342, ""K9_advisory_consensus"": 0.00680002267472446, ""K4_nli_and_bypass_check"": 0.30079999123699963, ""K5_decision"": 0.36700000055134296}",3246
FACTURK-0347,DOĞRU,"[3399, 11549, 25662, 25108, 635, 23709, 18619, 8196, 26227, 25228, 8602, 19933, 26004, 26851, 23836, 25811, 12217, 5098, 24217, 14012]","[0.001622967072762549, 0.00041731575038284063, 1.6442494597868063e-05, 6.402006692951545e-05, 0.002934951800853014, 1.6187581422855146e-05, 0.00015236754552461207, 1.805851934477687e-05, 5.144220995134674e-05, 1.967902426258661e-05, 0.0019192374311387539, 1.6442494597868063e-05, 1.6442494597868063e-05, 0.002736221067607403, 1.8777873265207745e-05, 5.605828482657671e-05, 8.284655632451177e-05, 3.2955729693640023e-05, 0.000552778656128794, 9.461262379772961e-05]","[0.0021670195274055004, 0.9903033375740051, 0.007529677823185921]","[0.0021670195274055004, 0.9903033375740051, 0.007529677823185921]",False,YALAN,UYARI,False,False,2461.902500013821,"{""K1_input_and_readiness"": 0.1829999964684248, ""K7_context"": 0.0037999998312443495, ""K1_normalization"": 0.01650000922381878, ""K6_advisory"": 35.19229998346418, ""K1_intent"": 0.04199999966658652, ""K2_retrieval"": 170.60690000653267, ""K3_reranker"": 2214.279500010889, ""K8_weighted_ranking"": 1.8315000052098185, ""K3_candidate_filters"": 8.958100021118298, ""K9_advisory_consensus"": 0.007800001185387373, ""K4_nli_and_bypass_check"": 27.081499982159585, ""K5_decision"": 0.27119999867863953}",635
FACTURK-0348,DOĞRU,"[17587, 2273, 24955, 9120, 24615, 10072, 7423, 29403, 22337, 28640, 12277, 5087, 14597, 296, 28959, 19484, 18297, 19857, 11058, 13492]","[0.01901443488895893, 0.0005506247980520129, 2.0785171727766283e-05, 0.004038591403514147, 2.4876489987946115e-05, 6.657015910604969e-05, 0.01678548939526081, 0.027324529364705086, 7.843789353501052e-05, 0.012673736549913883, 1.8200149497715756e-05, 0.004485794343054295, 0.0003654328465927392, 3.071818719035946e-05, 3.975192521465942e-05, 0.00043393249507062137, 0.02595735713839531, 9.535461140330881e-05, 0.021165618672966957, 1.6061610949691385e-05]","[0.004178283270448446, 0.9638317227363586, 0.03199003264307976]","[0.004178283270448446, 0.9638317227363586, 0.03199003264307976]",False,YALAN,UYARI,False,False,2254.777699999977,"{""K1_input_and_readiness"": 0.06210000719875097, ""K7_context"": 0.001700012944638729, ""K1_normalization"": 0.01200000406242907, ""K6_advisory"": 35.26929998770356, ""K1_intent"": 0.04140002420172095, ""K2_retrieval"": 166.9475000235252, ""K3_reranker"": 1392.6127000013366, ""K8_weighted_ranking"": 1.285600010305643, ""K3_candidate_filters"": 7.046599988825619, ""K9_advisory_consensus"": 0.007599999662488699, ""K4_nli_and_bypass_check"": 340.47590001136996, ""K5_decision"": 307.6569999975618}",29403
FACTURK-0349,DOĞRU,"[4517, 25913, 13292, 7560, 5362, 27588, 25505, 29141, 18688, 6585, 5536, 27146, 29908, 5366, 25291, 5588, 14370, 28903, 4101, 14283]","[0.18403315544128418, 0.00014202363672666252, 0.04107588902115822, 0.022586042061448097, 0.0018102108733728528, 0.02169809676706791, 5.02506154589355e-05, 0.0023413407616317272, 0.026912303641438484, 0.022457052022218704, 0.0768222063779831, 0.0003275842755101621, 0.002463006880134344, 2.4682904040673748e-05, 0.01609087362885475, 5.829126530443318e-05, 9.17019642656669e-05, 1.657145367062185e-05, 0.027066174894571304, 7.197912054834887e-05]","[0.007543434388935566, 0.8728225827217102, 0.11963394284248352]","[0.007543434388935566, 0.8728225827217102, 0.11963394284248352]",False,YALAN,RED,False,False,2694.365100003779,"{""K1_input_and_readiness"": 0.05500001134350896, ""K7_context"": 0.0012999807950109243, ""K1_normalization"": 0.009200011845678091, ""K6_advisory"": 34.160500013967976, ""K1_intent"": 0.039399979868903756, ""K2_retrieval"": 141.0465000080876, ""K3_reranker"": 1905.6949999940116, ""K8_weighted_ranking"": 1.2534999987110496, ""K3_candidate_filters"": 6.679399986751378, ""K9_advisory_consensus"": 0.006999995093792677, ""K4_nli_and_bypass_check"": 374.99620000016876, ""K5_decision"": 226.91470000427216}",6585
FACTURK-0350,DOĞRU,"[15473, 26662, 12499, 9169, 8213, 1782, 19156, 22906, 29518, 28404, 23372, 23087, 4761, 1769, 11546, 24842, 27974, 9159, 23895, 17245]","[0.0013045065570622683, 0.0037800956051796675, 0.00028462239424698055, 0.0006023541209287941, 0.0024438868276774883, 0.010368157178163528, 0.0041179172694683075, 0.0003406293108128011, 4.575391358230263e-05, 0.00034196203341707587, 0.0020507434383034706, 1.67014204635052e-05, 0.026155617088079453, 0.007876706309616566, 1.9833367332466878e-05, 1.683241134742275e-05, 0.0030160662718117237, 2.392351052549202e-05, 0.0001740054285619408, 0.000626334105618298]","[0.07434173673391342, 0.72420334815979, 0.2014549821615219]","[0.07434173673391342, 0.72420334815979, 0.2014549821615219]",False,YETERSİZ VERİ,RET,True,False,1963.9860000170302,"{""K1_input_and_readiness"": 0.055800017435103655, ""K7_context"": 0.001800013706088066, ""K1_normalization"": 0.011500000255182385, ""K6_advisory"": 34.71109998645261, ""K1_intent"": 0.04099999205209315, ""K2_retrieval"": 133.2020999980159, ""K3_reranker"": 1363.071800005855, ""K8_weighted_ranking"": 1.2790999899152666, ""K3_candidate_filters"": 5.292099987855181, ""K9_advisory_consensus"": 0.006299989763647318, ""K4_nli_and_bypass_check"": 205.10630001081154, ""K5_decision"": 217.99870001268573}",4761
FACTURK-0351,YALAN,"[28305, 13420, 22821, 2148, 11031, 7278, 9068, 19128, 17132, 1204, 6205, 26312, 10111, 27889, 19124, 6437, 10348, 8717, 3396, 26267]","[0.9919067621231079, 0.0013670255430042744, 0.18213440477848053, 0.0002396868512732908, 3.144662332488224e-05, 4.469407213036902e-05, 0.0027791904285550117, 1.6314539607265033e-05, 0.0017073675990104675, 0.002560870721936226, 0.00036829791497439146, 2.6480842279852368e-05, 0.000539980421308428, 0.0005930210463702679, 1.657145367062185e-05, 3.975192521465942e-05, 1.7366719475830905e-05, 0.000159678646014072, 2.229919846286066e-05, 0.0015792594058439136]","[0.016764692962169647, 0.01166281197220087, 0.9715725779533386]","[0.016764692962169647, 0.01166281197220087, 0.9715725779533386]",False,DOĞRU,ONAY,False,False,1690.0151000008918,"{""K1_input_and_readiness"": 0.0501000031363219, ""K7_context"": 0.001600012183189392, ""K1_normalization"": 0.010100018698722124, ""K6_advisory"": 35.442299995338544, ""K1_intent"": 0.03999998443759978, ""K2_retrieval"": 127.04500000108965, ""K3_reranker"": 1362.272700003814, ""K8_weighted_ranking"": 1.2755000207107514, ""K3_candidate_filters"": 6.537300010677427, ""K9_advisory_consensus"": 0.007299997378140688, ""K4_nli_and_bypass_check"": 95.12290000566281, ""K5_decision"": 58.81679998128675}",28305
FACTURK-0352,DOĞRU,"[15423, 1083, 7529, 7912, 25815, 8390, 27441, 5211, 16090, 24053, 21894, 3153, 29703, 10870, 16400, 23656, 25875, 22038, 22987, 12472]","[0.9999493360519409, 0.12421301752328873, 0.4433594048023224, 0.05877655744552612, 0.021739594638347626, 0.0029464049730449915, 0.9003546833992004, 0.020567094907164574, 0.23651622235774994, 0.002082970691844821, 0.26798248291015625, 0.015130727551877499, 0.00044248730409890413, 0.000638679601252079, 0.1788124442100525, 0.000638679601252079, 0.0009399438858963549, 0.0003275842755101621, 0.001573112211190164, 0.0003920417802873999]","[0.999478280544281, 0.00019324992899782956, 0.00032845124951563776]","[0.999478280544281, 0.00019324992899782956, 0.00032845124951563776]",False,DOĞRU,ONAY,False,False,1638.227999996161,"{""K1_input_and_readiness"": 0.04889999399892986, ""K7_context"": 0.0015999830793589354, ""K1_normalization"": 0.009000010322779417, ""K6_advisory"": 33.181500009959564, ""K1_intent"": 0.03649998689070344, ""K2_retrieval"": 134.89380001556128, ""K3_reranker"": 1325.511600007303, ""K8_weighted_ranking"": 1.1125000019092113, ""K3_candidate_filters"": 5.895000009331852, ""K9_advisory_consensus"": 0.005999987479299307, ""K4_nli_and_bypass_check"": 75.43660001829267, ""K5_decision"": 58.80680002155714}",15423
FACTURK-0353,YALAN,"[10374, 10845, 14979, 3756, 16781, 523, 5632, 24664, 7099, 26905, 4223, 6601, 16753, 15478, 27913, 13890, 5232, 23777, 14500, 21366]","[0.42054012417793274, 1.6442494597868063e-05, 0.004962942097336054, 1.7231572201126255e-05, 0.00016474656877107918, 0.0003150386910419911, 0.001995538594201207, 1.9373936083866283e-05, 0.0007672924548387527, 0.0016166499117389321, 0.00014091856428422034, 1.6187581422855146e-05, 0.000491681566927582, 2.411113746347837e-05, 9.7615658887662e-05, 1.6187581422855146e-05, 1.7231572201126255e-05, 0.0005442132824100554, 0.00220838887616992, 0.00021152888075448573]","[0.002814961364492774, 0.983555018901825, 0.013629996217787266]","[0.002814961364492774, 0.983555018901825, 0.013629996217787266]",False,YETERSİZ VERİ,RET,True,False,3940.6230000022333,"{""K1_input_and_readiness"": 0.07160002132877707, ""K7_context"": 0.001700012944638729, ""K1_normalization"": 0.015500001609325409, ""K6_advisory"": 35.914800013415515, ""K1_intent"": 0.05840000812895596, ""K2_retrieval"": 227.24510001717135, ""K3_reranker"": 2061.1401999776717, ""K8_weighted_ranking"": 1.3055000163149089, ""K3_candidate_filters"": 6.477800023276359, ""K9_advisory_consensus"": 0.006999995093792677, ""K4_nli_and_bypass_check"": 891.1695999850053, ""K5_decision"": 714.0558999963105}",4223
FACTURK-0354,DOĞRU,"[18270, 4442, 27681, 11295, 24154, 28595, 1822, 17948, 22932, 14179, 2892, 12942, 20387, 28379, 5800, 20618, 11066, 29875, 20993, 24320]","[0.9958499670028687, 0.00026530236937105656, 0.0027791904285550117, 1.6061610949691385e-05, 1.6187581422855146e-05, 1.6442494597868063e-05, 1.9988918211311102e-05, 1.67014204635052e-05, 2.977311669383198e-05, 1.6314539607265033e-05, 1.6187581422855146e-05, 0.010052368976175785, 1.7097478121286258e-05, 1.6061610949691385e-05, 0.00019871552649419755, 0.005888158921152353, 0.0005316132446750998, 1.6061610949691385e-05, 0.00043563017970882356, 1.6187581422855146e-05]","[0.9989744424819946, 0.0005849953158758581, 0.00044058659113943577]","[0.9989744424819946, 0.0005849953158758581, 0.00044058659113943577]",False,DOĞRU,ONAY,False,False,1671.7644000018481,"{""K1_input_and_readiness"": 0.05399997462518513, ""K7_context"": 0.001600012183189392, ""K1_normalization"": 0.010499992640689015, ""K6_advisory"": 34.00839999085292, ""K1_intent"": 0.03739999374374747, ""K2_retrieval"": 134.77100001182407, ""K3_reranker"": 1338.9882000046782, ""K8_weighted_ranking"": 1.2510999804362655, ""K3_candidate_filters"": 6.289800017839298, ""K9_advisory_consensus"": 0.007599999662488699, ""K4_nli_and_bypass_check"": 83.53139998507686, ""K5_decision"": 69.23649998498149}",18270
FACTURK-0355,DOĞRU,"[25450, 5619, 20534, 9996, 8367, 10916, 13954, 12693, 11075, 13928, 13034, 18729, 16125, 18950, 18576, 11489, 29027, 11699, 17657, 8263]","[1.67014204635052e-05, 0.0011740821646526456, 5.34913269802928e-05, 0.0004673480580095202, 0.0014048678567633033, 1.7366719475830905e-05, 6.302758993115276e-05, 0.0031480707693845034, 2.2125668692751788e-05, 0.0075479233637452126, 1.6314539607265033e-05, 0.011158031411468983, 1.6442494597868063e-05, 0.0009888596832752228, 0.000471011851914227, 2.449082603561692e-05, 2.2125668692751788e-05, 4.400118632474914e-05, 4.1335399146191776e-05, 1.6314539607265033e-05]","[0.0011678324081003666, 0.9963023662567139, 0.0025298430118709803]","[0.0011678324081003666, 0.9963023662567139, 0.0025298430118709803]",False,YETERSİZ VERİ,RET,True,False,2239.942799991695,"{""K1_input_and_readiness"": 0.06589997792616487, ""K7_context"": 0.001300009898841381, ""K1_normalization"": 0.011900003300979733, ""K6_advisory"": 33.38929999154061, ""K1_intent"": 0.06199997733347118, ""K2_retrieval"": 166.5041999949608, ""K3_reranker"": 1888.725200027693, ""K8_weighted_ranking"": 1.3179999950807542, ""K3_candidate_filters"": 6.46420000703074, ""K9_advisory_consensus"": 0.007700000423938036, ""K4_nli_and_bypass_check"": 140.17129997955635, ""K5_decision"": 0.16270001651719213}",13928
FACTURK-0356,YALAN,"[12068, 25761, 20136, 9120, 5659, 14597, 1959, 16571, 9366, 6047, 19995, 1302, 926, 4270, 10589, 3036, 29403, 12065, 5087, 19484]","[0.015306354500353336, 0.013020490296185017, 0.05749328061938286, 0.005159622989594936, 0.0020190137438476086, 0.0014550630003213882, 0.0029121784027665854, 0.00017265156202483922, 0.001094452221877873, 0.003621685551479459, 0.0009811719646677375, 1.7917987861437723e-05, 0.001740983803756535, 0.07303238660097122, 0.017576882615685463, 1.7231572201126255e-05, 0.0033766122069209814, 0.00851130299270153, 0.0026730059180408716, 0.00019871552649419755]","[0.0014918114757165313, 0.9954149723052979, 0.0030931399669498205]","[0.0014918114757165313, 0.9954149723052979, 0.0030931399669498205]",False,YETERSİZ VERİ,RET,True,False,2386.4218999806326,"{""K1_input_and_readiness"": 0.04490002174861729, ""K7_context"": 0.001400010660290718, ""K1_normalization"": 0.007800001185387373, ""K6_advisory"": 36.69060001266189, ""K1_intent"": 0.06160000339150429, ""K2_retrieval"": 170.25600001215935, ""K3_reranker"": 1632.0992000109982, ""K8_weighted_ranking"": 1.2332000187598169, ""K3_candidate_filters"": 6.713300012052059, ""K9_advisory_consensus"": 0.007700000423938036, ""K4_nli_and_bypass_check"": 266.90960000269115, ""K5_decision"": 268.9548999769613}",4270
FACTURK-0357,YALAN,"[15787, 9150, 29050, 18853, 24963, 22732, 8137, 18807, 27894, 26748, 16063, 22407, 2207, 22388, 9755, 19827, 11846, 25225, 11548, 22218]","[0.004182493779808283, 0.07146149128675461, 0.0025909794494509697, 2.0462934116949327e-05, 0.003403005190193653, 0.0005336928297765553, 0.0003640086797531694, 1.7640199075685814e-05, 0.0019117692718282342, 0.0020190137438476086, 0.010328153148293495, 1.67014204635052e-05, 3.024195939360652e-05, 0.007039045449346304, 0.00034599160426296294, 0.001151399570517242, 0.009898064658045769, 0.0024343819823116064, 0.00020184421737212688, 0.004297939129173756]","[0.001240718411281705, 0.13120593130588531, 0.8675532937049866]","[0.001240718411281705, 0.13120593130588531, 0.8675532937049866]",False,DOĞRU,ONAY,False,False,1832.3383000097238,"{""K1_input_and_readiness"": 0.05189998773857951, ""K7_context"": 0.001500011421740055, ""K1_normalization"": 0.009799987310543656, ""K6_advisory"": 38.50350002176128, ""K1_intent"": 0.04689997876994312, ""K2_retrieval"": 144.02550001977943, ""K3_reranker"": 1305.8211999887135, ""K8_weighted_ranking"": 1.1857000063173473, ""K3_candidate_filters"": 5.777800019131973, ""K9_advisory_consensus"": 0.006999995093792677, ""K4_nli_and_bypass_check"": 174.8776999884285, ""K5_decision"": 158.07810000842437}",9150
FACTURK-0358,YALAN,"[28417, 1499, 18170, 7558, 3532, 20305, 12068, 25108, 29038, 25228, 24782, 12666, 26244, 30224, 8602, 1976, 27564, 14012, 23950, 23792]","[0.00021995337738189846, 0.0007350447704084218, 3.0479141059913673e-05, 0.005080036818981171, 0.0008727670647203922, 0.009522485546767712, 0.0007379196467809379, 0.0002434604539303109, 0.0001511819864390418, 3.144662332488224e-05, 0.006903838831931353, 0.0001956353517016396, 8.029783930396661e-05, 0.0002591582597233355, 0.000810387369710952, 0.00570803415030241, 4.832564081880264e-05, 0.0015669887652620673, 4.469407213036902e-05, 0.0015548133524134755]","[0.004580219276249409, 0.05844144895672798, 0.9369783401489258]","[0.004580219276249409, 0.05844144895672798, 0.9369783401489258]",False,DOĞRU,ONAY,False,False,2479.2891000106465,"{""K1_input_and_readiness"": 0.07849998655728996, ""K7_context"": 0.001800013706088066, ""K1_normalization"": 0.014299992471933365, ""K6_advisory"": 36.3626999896951, ""K1_intent"": 0.062499981140717864, ""K2_retrieval"": 195.8607000124175, ""K3_reranker"": 2103.8453000073787, ""K8_weighted_ranking"": 1.3458000030368567, ""K3_candidate_filters"": 6.776499998522922, ""K9_advisory_consensus"": 0.007400027243420482, ""K4_nli_and_bypass_check"": 131.3293999992311, ""K5_decision"": 0.3650000144261867}",20305
FACTURK-0359,DOĞRU,"[29275, 14192, 17835, 15373, 11431, 4980, 14734, 192, 4252, 179, 25332, 7741, 30264, 2651, 15314, 20481, 24573, 553, 23715, 26275]","[0.0008492455235682428, 1.593661909282673e-05, 3.8229114579735324e-05, 1.67014204635052e-05, 1.6187581422855146e-05, 0.00033274127054028213, 1.6061610949691385e-05, 0.0028118586633354425, 1.6314539607265033e-05, 0.0023322340566664934, 2.1444948288262822e-05, 0.0002982776495628059, 4.794958294951357e-05, 1.683241134742275e-05, 2.4876489987946115e-05, 1.7097478121286258e-05, 2.030369250860531e-05, 1.6187581422855146e-05, 0.0015916259726509452, 0.0005884087877348065]","[0.0034903790801763535, 0.9956502318382263, 0.0008594331447966397]","[0.0034903790801763535, 0.9956502318382263, 0.0008594331447966397]",False,YETERSİZ VERİ,RET,True,False,4859.404800023185,"{""K1_input_and_readiness"": 0.05139998393133283, ""K7_context"": 0.001600012183189392, ""K1_normalization"": 0.00969998654909432, ""K6_advisory"": 35.24620001553558, ""K1_intent"": 0.03409999771974981, ""K2_retrieval"": 134.2065999924671, ""K3_reranker"": 3639.847299986286, ""K8_weighted_ranking"": 1.5885999891906977, ""K3_candidate_filters"": 7.284199993591756, ""K9_advisory_consensus"": 0.00790000194683671, ""K4_nli_and_bypass_check"": 834.6443999907933, ""K5_decision"": 202.8003000013996}",30264
FACTURK-0360,DOĞRU,"[5510, 29091, 15859, 6443, 29368, 18052, 25662, 17425, 27521, 10796, 6130, 29612, 6035, 26227, 12612, 8523, 29650, 25537, 15121, 14208]","[0.35644665360450745, 0.9100669622421265, 0.02527489699423313, 0.014728614129126072, 1.7231572201126255e-05, 0.7060891389846802, 0.07864238321781158, 0.3258422613143921, 0.28806814551353455, 0.04001227021217346, 0.024145424365997314, 0.1880255937576294, 0.01711088977754116, 0.05023736134171486, 0.026607107371091843, 0.12984344363212585, 0.07906799018383026, 0.00034196203341707587, 0.3392801284790039, 0.5833814144134521]","[0.9926964044570923, 0.005119178909808397, 0.002184450626373291]","[0.9926964044570923, 0.005119178909808397, 0.002184450626373291]",False,YALAN,RED,False,False,2543.660399998771,"{""K1_input_and_readiness"": 0.05199998850002885, ""K7_context"": 0.001500011421740055, ""K1_normalization"": 0.00899998121894896, ""K6_advisory"": 33.82929999497719, ""K1_intent"": 0.03579998156055808, ""K2_retrieval"": 113.68350000702776, ""K3_reranker"": 2292.4165000149515, ""K8_weighted_ranking"": 1.6459000180475414, ""K3_candidate_filters"": 6.576200015842915, ""K9_advisory_consensus"": 0.006799993570894003, ""K4_nli_and_bypass_check"": 61.33250001585111, ""K5_decision"": 30.76539997709915}",29091
FACTURK-0361,DOĞRU,"[321, 5659, 10902, 926, 5023, 2705, 5962, 23047, 14525, 20136, 21058, 22359, 4270, 20202, 15845, 26934, 4561, 22248, 2442, 21416]","[0.16899405419826508, 0.01711088977754116, 0.00013552077871281654, 0.003960787784308195, 0.020567094907164574, 3.734356869244948e-05, 1.6314539607265033e-05, 0.0005976693937554955, 2.1278065105434507e-05, 0.0024249141570180655, 0.0060739340260624886, 3.619466951931827e-05, 0.13039611279964447, 1.6061610949691385e-05, 0.0007041515782475471, 1.805851934477687e-05, 0.0002396868512732908, 0.0007643033168278635, 0.002115703420713544, 1.6442494597868063e-05]","[0.0015845216112211347, 0.9972388744354248, 0.0011766364332288504]","[0.0015845216112211347, 0.9972388744354248, 0.0011766364332288504]",False,YALAN,UYARI,False,False,1822.816200001398,"{""K1_input_and_readiness"": 0.04260000423528254, ""K7_context"": 0.0010999792721122503, ""K1_normalization"": 0.009099981980398297, ""K6_advisory"": 35.33810001681559, ""K1_intent"": 0.037999998312443495, ""K2_retrieval"": 125.39709999691695, ""K3_reranker"": 1379.7713999811094, ""K8_weighted_ranking"": 1.2401000130921602, ""K3_candidate_filters"": 6.408199988072738, ""K9_advisory_consensus"": 0.012999982573091984, ""K4_nli_and_bypass_check"": 145.62679998925887, ""K5_decision"": 125.34650001907721}",321
FACTURK-0362,DOĞRU,"[9150, 15787, 2993, 1701, 19258, 27894, 12288, 21169, 11846, 438, 25169, 2858, 19237, 25225, 22732, 9755, 487, 5962, 21007, 9220]","[0.013689476065337658, 0.0020667945500463247, 0.03173859417438507, 0.5632578134536743, 0.008813166059553623, 0.00038446192047558725, 0.0025509123224765062, 0.0006142272031866014, 0.00407013762742281, 0.00045121065340936184, 0.00027372167096473277, 0.00014313739666249603, 0.003765413537621498, 0.0017207354540005326, 7.141901005525142e-05, 0.003123648464679718, 0.39041775465011597, 1.6187581422855146e-05, 0.0032099615782499313, 6.156764720799401e-05]","[0.0024282720405608416, 0.9968470931053162, 0.0007246350287459791]","[0.0024282720405608416, 0.9968470931053162, 0.0007246350287459791]",False,YALAN,UYARI,False,False,1861.2986999796703,"{""K1_input_and_readiness"": 0.05490001058205962, ""K7_context"": 0.0020999868866056204, ""K1_normalization"": 0.0109999964479357, ""K6_advisory"": 33.76330001628958, ""K1_intent"": 0.056199991377070546, ""K2_retrieval"": 141.85470002121292, ""K3_reranker"": 1321.7350999766495, ""K8_weighted_ranking"": 1.4340000052470714, ""K3_candidate_filters"": 6.830500002251938, ""K9_advisory_consensus"": 0.008000002708286047, ""K4_nli_and_bypass_check"": 193.90039998688735, ""K5_decision"": 157.9378999886103}",1701
FACTURK-0363,YALAN,"[11274, 15495, 15207, 30224, 18561, 20392, 27017, 20211, 8564, 1887, 12797, 5087, 2984, 21268, 10902, 4964, 22465, 23531, 7224, 10092]","[0.06644792854785919, 0.0010202174307778478, 0.002323162741959095, 0.00013032974675297737, 0.007317397277802229, 0.005199879873543978, 0.009485713206231594, 0.28997451066970825, 0.004867417272180319, 0.0016941031208261847, 3.269927037763409e-05, 0.0001559802913106978, 0.0003275842755101621, 0.0001621928095119074, 0.0028009270317852497, 0.00014653129619546235, 0.0018602986820042133, 0.0009850083151832223, 0.004314687568694353, 4.1659583075670525e-05]","[0.001589193125255406, 0.9802045226097107, 0.018206285312771797]","[0.001589193125255406, 0.9802045226097107, 0.018206285312771797]",False,YALAN,UYARI,False,False,1789.3655000079889,"{""K1_input_and_readiness"": 0.05080000846646726, ""K7_context"": 0.001500011421740055, ""K1_normalization"": 0.008899980457499623, ""K6_advisory"": 33.48159999586642, ""K1_intent"": 0.03480000304989517, ""K2_retrieval"": 115.39710001670755, ""K3_reranker"": 1353.9891999971587, ""K8_weighted_ranking"": 1.0909000120591372, ""K3_candidate_filters"": 5.959699978120625, ""K9_advisory_consensus"": 0.006200018106028438, ""K4_nli_and_bypass_check"": 141.60410000476986, ""K5_decision"": 134.23099997453392}",20211
FACTURK-0364,YALAN,"[20818, 13310, 3772, 17965, 28646, 22751, 10596, 9982, 14382, 13201, 12239, 20460, 20529, 26266, 1362, 8, 22902, 7836, 5812, 1413]","[1.6061610949691385e-05, 1.9833367332466878e-05, 7.543320680269971e-05, 2.318747829122003e-05, 1.6187581422855146e-05, 1.683241134742275e-05, 0.0015011823270469904, 0.011288073845207691, 2.6480842279852368e-05, 5.475977377500385e-05, 1.6061610949691385e-05, 1.6314539607265033e-05, 0.006388320587575436, 4.400118632474914e-05, 0.28726768493652344, 0.0002780309587251395, 1.7231572201126255e-05, 0.1511530578136444, 1.6061610949691385e-05, 1.657145367062185e-05]","[0.0013379711890593171, 0.9779247045516968, 0.0207372959703207]","[0.0013379711890593171, 0.9779247045516968, 0.0207372959703207]",False,YETERSİZ VERİ,RET,True,False,1901.0559000016656,"{""K1_input_and_readiness"": 0.09879999561235309, ""K7_context"": 0.001700012944638729, ""K1_normalization"": 0.016399979358538985, ""K6_advisory"": 35.73980001965538, ""K1_intent"": 0.04610000178217888, ""K2_retrieval"": 166.72249999828637, ""K3_reranker"": 1660.1141999999527, ""K8_weighted_ranking"": 1.4448000001721084, ""K3_candidate_filters"": 7.030000007944182, ""K9_advisory_consensus"": 0.008000002708286047, ""K4_nli_and_bypass_check"": 26.000199984991923, ""K5_decision"": 0.20340000628493726}",17965
FACTURK-0365,YALAN,"[3119, 21667, 29138, 26623, 9366, 17060, 29627, 18694, 29756, 28419, 23993, 18561, 22496, 5894, 27625, 10575, 17387, 28365, 19166, 22843]","[0.00360761652700603, 0.0005213363328948617, 0.0017073675990104675, 3.219233258278109e-05, 0.012771867215633392, 0.0012943679466843605, 0.00204276479780674, 0.047074172645807266, 6.205049430718645e-05, 0.00026738259475678205, 1.6314539607265033e-05, 0.049865905195474625, 0.0006959536112844944, 1.6314539607265033e-05, 0.00049553596181795, 1.6314539607265033e-05, 0.00010804955672938377, 1.6061610949691385e-05, 0.0011160142021253705, 1.6314539607265033e-05]","[0.012249411083757877, 0.9752178192138672, 0.012532833032310009]","[0.012249411083757877, 0.9752178192138672, 0.012532833032310009]",False,YALAN,UYARI,False,False,1931.1528999824077,"{""K1_input_and_readiness"": 0.052700022934004664, ""K7_context"": 0.001300009898841381, ""K1_normalization"": 0.00890000956133008, ""K6_advisory"": 34.34560002642684, ""K1_intent"": 0.0371999922208488, ""K2_retrieval"": 146.17409999482334, ""K3_reranker"": 1392.4783999973442, ""K8_weighted_ranking"": 1.1116999958176166, ""K3_candidate_filters"": 5.619100003968924, ""K9_advisory_consensus"": 0.006499991286545992, ""K4_nli_and_bypass_check"": 192.52630000119098, ""K5_decision"": 155.22459999192506}",18561
FACTURK-0366,DOĞRU,"[23135, 13080, 9772, 20080, 8426, 18496, 26201, 20916, 3917, 12683, 7295, 20735, 4374, 4493, 17100, 11046, 5304, 11325, 12652, 25155]","[0.0014381353976204991, 0.00014653129619546235, 1.6964426322374493e-05, 1.657145367062185e-05, 3.8229114579735324e-05, 1.6314539607265033e-05, 3.095910506090149e-05, 1.6187581422855146e-05, 1.6442494597868063e-05, 0.00015720345254521817, 1.6442494597868063e-05, 1.6061610949691385e-05, 1.6187581422855146e-05, 1.6061610949691385e-05, 4.400118632474914e-05, 0.0014158706180751324, 1.6187581422855146e-05, 0.0007916296017356217, 2.318747829122003e-05, 1.6187581422855146e-05]","[0.009887940250337124, 0.9869343042373657, 0.0031776970718055964]","[0.009887940250337124, 0.9869343042373657, 0.0031776970718055964]",False,YALAN,RED,False,False,1790.3949999890756,"{""K1_input_and_readiness"": 0.06370001938194036, ""K7_context"": 0.0013999815564602613, ""K1_normalization"": 0.01069999416358769, ""K6_advisory"": 34.30050000315532, ""K1_intent"": 0.0357000099029392, ""K2_retrieval"": 122.41750000976026, ""K3_reranker"": 1197.736400004942, ""K8_weighted_ranking"": 1.0919999913312495, ""K3_candidate_filters"": 6.050099997082725, ""K9_advisory_consensus"": 0.006999995093792677, ""K4_nli_and_bypass_check"": 218.3534000068903, ""K5_decision"": 206.89170001423918}",20916
FACTURK-0367,DOĞRU,"[15121, 29337, 20169, 12005, 6952, 6130, 18022, 28357, 14208, 1211, 9060, 29595, 18052, 27279, 15196, 28800, 12328, 14179, 21693, 9725]","[0.007460643537342548, 0.02806073985993862, 0.0008796061738394201, 0.008577484637498856, 0.0003077430883422494, 0.00021995337738189846, 0.001838665222749114, 0.09619516879320145, 0.004520817659795284, 0.002889581024646759, 0.0004821761976927519, 0.003869391046464443, 3.852893496514298e-05, 0.00043224150431342423, 0.001052568550221622, 0.002693914109840989, 9.098840382648632e-05, 4.0694576455280185e-05, 1.6964426322374493e-05, 0.0005463420529849827]","[0.00033628224628046155, 0.0003837505355477333, 0.9992800354957581]","[0.00033628224628046155, 0.0003837505355477333, 0.9992800354957581]",False,DOĞRU,ONAY,False,False,2505.3769999940414,"{""K1_input_and_readiness"": 0.05750000127591193, ""K7_context"": 0.0020999868866056204, ""K1_normalization"": 0.019800005247816443, ""K6_advisory"": 34.46560000884347, ""K1_intent"": 0.03920000744983554, ""K2_retrieval"": 176.09409999568015, ""K3_reranker"": 2251.537600008305, ""K8_weighted_ranking"": 1.3868999958503991, ""K3_candidate_filters"": 6.330199976218864, ""K9_advisory_consensus"": 0.00790000194683671, ""K4_nli_and_bypass_check"": 31.749699992360547, ""K5_decision"": 0.3205999964848161}",15121
FACTURK-0368,DOĞRU,"[24662, 17637, 18108, 13440, 11459, 12813, 15220, 7983, 4172, 27177, 13080, 1068, 361, 29678, 26269, 20267, 5946, 2459, 5267, 2998]","[0.9972637891769409, 0.009196552447974682, 0.01737566478550434, 1.6442494597868063e-05, 0.04418331757187843, 0.00010229986219201237, 1.6061610949691385e-05, 0.000491681566927582, 0.05654813349246979, 4.539786823443137e-05, 1.6442494597868063e-05, 0.000191104321856983, 1.6187581422855146e-05, 1.7778551409719512e-05, 1.6442494597868063e-05, 7.254361844388768e-05, 1.6187581422855146e-05, 1.683241134742275e-05, 1.6314539607265033e-05, 0.007695646956562996]","[0.9989898800849915, 0.00031055157887749374, 0.0006994905415922403]","[0.9989898800849915, 0.00031055157887749374, 0.0006994905415922403]",False,YETERSİZ VERİ,KISMI,True,False,1637.0182999817189,"{""K1_input_and_readiness"": 0.050000002374872565, ""K7_context"": 0.001400010660290718, ""K1_normalization"": 0.009799987310543656, ""K6_advisory"": 34.07390002394095, ""K1_intent"": 0.04010001430287957, ""K2_retrieval"": 147.35870002186857, ""K3_reranker"": 1299.578299978748, ""K8_weighted_ranking"": 1.33940001251176, ""K3_candidate_filters"": 6.536400003824383, ""K9_advisory_consensus"": 0.007700000423938036, ""K4_nli_and_bypass_check"": 85.88950001285411, ""K5_decision"": 58.87879998772405}",24662
FACTURK-0369,YALAN,"[9259, 9150, 9220, 2959, 4257, 23686, 10832, 22732, 8347, 30163, 29881, 15684, 28745, 15238, 12189, 26748, 9765, 21066, 27629, 27696]","[0.2590751051902771, 0.03468417376279831, 0.006589771714061499, 0.006003595422953367, 0.8166989684104919, 0.001069126301445067, 0.0012743262341246009, 0.03085050918161869, 0.048316068947315216, 0.0009436192340217531, 0.3928608000278473, 0.013955709524452686, 0.09268777817487717, 0.07133200019598007, 0.04360952600836754, 0.13006426393985748, 0.03760863468050957, 0.0060739340260624886, 0.0003583672805689275, 0.023689469322562218]","[0.4271209239959717, 0.4487181305885315, 0.12416087836027145]","[0.4271209239959717, 0.4487181305885315, 0.12416087836027145]",False,YALAN,UYARI,False,False,1871.4616000070237,"{""K1_input_and_readiness"": 0.050300004659220576, ""K7_context"": 0.0014999823179095984, ""K1_normalization"": 0.010199990356341004, ""K6_advisory"": 33.44709999510087, ""K1_intent"": 0.0363999861292541, ""K2_retrieval"": 126.67500000679865, ""K3_reranker"": 1490.215200028615, ""K8_weighted_ranking"": 1.2445000174921006, ""K3_candidate_filters"": 6.485599995357916, ""K9_advisory_consensus"": 0.006699992809444666, ""K4_nli_and_bypass_check"": 114.98879999271594, ""K5_decision"": 95.22139999899082}",4257
FACTURK-0370,DOĞRU,"[14216, 10733, 27239, 21248, 25646, 10017, 8279, 1309, 20842, 10849, 8549, 17048, 4884, 27759, 5890, 24056, 26112, 20231, 14815, 16157]","[0.08404061198234558, 5.605828482657671e-05, 0.0001442598586436361, 5.475977377500385e-05, 5.3075080359121785e-05, 2.732141365413554e-05, 2.4682904040673748e-05, 2.908344322349876e-05, 1.6187581422855146e-05, 4.400118632474914e-05, 1.6314539607265033e-05, 1.7640199075685814e-05, 0.0004494523163884878, 0.0007264875457622111, 0.0002434604539303109, 0.0001686527393758297, 0.018194368109107018, 1.6187581422855146e-05, 1.6314539607265033e-05, 0.0004765612829942256]","[0.00028371220105327666, 0.9993430972099304, 0.0003732027253136039]","[0.00028371220105327666, 0.9993430972099304, 0.0003732027253136039]",False,YETERSİZ VERİ,RET,True,False,1421.224199992139,"{""K1_input_and_readiness"": 0.05299999611452222, ""K7_context"": 0.001700012944638729, ""K1_normalization"": 0.010599993402138352, ""K6_advisory"": 33.034799998858944, ""K1_intent"": 0.03560000914148986, ""K2_retrieval"": 145.37709997966886, ""K3_reranker"": 1205.8990999939851, ""K8_weighted_ranking"": 1.2694000033661723, ""K3_candidate_filters"": 6.468399980803952, ""K9_advisory_consensus"": 0.007099995855242014, ""K4_nli_and_bypass_check"": 25.267599994549528, ""K5_decision"": 0.14879999798722565}",27759
FACTURK-0371,DOĞRU,"[25009, 8436, 1365, 13315, 21469, 12092, 27994, 16466, 2562, 10260, 2744, 14163, 9150, 8979, 17593, 18807, 18481, 23726, 15123, 20599]","[0.9931495785713196, 0.01829933375120163, 0.00019716942915692925, 0.0014664583140984178, 0.00023231418163049966, 0.0002234163403045386, 0.0026112475898116827, 2.7751651941798627e-05, 0.000191104321856983, 0.0005274784052744508, 0.0001699752756394446, 0.0001823546044761315, 3.0006618544575758e-05, 1.6314539607265033e-05, 1.6061610949691385e-05, 1.7366719475830905e-05, 1.6442494597868063e-05, 6.657015910604969e-05, 5.225226777838543e-05, 1.6314539607265033e-05]","[0.006112938281148672, 0.9935639500617981, 0.00032307973015122116]","[0.006112938281148672, 0.9935639500617981, 0.00032307973015122116]",False,YETERSİZ VERİ,RET,True,False,2178.1616999942344,"{""K1_input_and_readiness"": 0.05749997217208147, ""K7_context"": 0.001700012944638729, ""K1_normalization"": 0.022799998987466097, ""K6_advisory"": 37.05210000043735, ""K1_intent"": 0.06550000398419797, ""K2_retrieval"": 170.62749998876825, ""K3_reranker"": 1635.7157000165898, ""K8_weighted_ranking"": 1.319700008025393, ""K3_candidate_filters"": 6.842300004791468, ""K9_advisory_consensus"": 0.00790000194683671, ""K4_nli_and_bypass_check"": 229.8499000025913, ""K5_decision"": 93.38790000765584}",25009
FACTURK-0372,DOĞRU,"[2858, 9150, 25228, 27894, 25098, 1701, 24354, 15787, 28880, 25225, 17721, 24956, 16150, 28791, 9220, 29080, 16695, 8685, 15848, 25169]","[5.649793456541374e-05, 0.008881675079464912, 0.01901443488895893, 0.0002131875662598759, 0.007665874902158976, 0.0235992930829525, 0.002034817123785615, 0.0005053045460954309, 0.0013354008551687002, 0.0017342078499495983, 0.011597361415624619, 0.006903838831931353, 0.01578456163406372, 6.868317723274231e-05, 0.0029121784027665854, 0.0001673405058681965, 3.4001819585682824e-05, 0.0009811719646677375, 0.001069126301445067, 0.0006667023408226669]","[0.003815230680629611, 0.15042220056056976, 0.8457625508308411]","[0.003815230680629611, 0.15042220056056976, 0.8457625508308411]",False,DOĞRU,ONAY,False,False,2075.4029999952763,"{""K1_input_and_readiness"": 0.06479999865405262, ""K7_context"": 0.0013999815564602613, ""K1_normalization"": 0.011099997209385037, ""K6_advisory"": 33.62319999723695, ""K1_intent"": 0.034500000765547156, ""K2_retrieval"": 119.43880000035278, ""K3_reranker"": 1888.318600016646, ""K8_weighted_ranking"": 1.0769999935291708, ""K3_candidate_filters"": 5.356699984986335, ""K9_advisory_consensus"": 0.00589998671784997, ""K4_nli_and_bypass_check"": 23.51150001049973, ""K5_decision"": 0.33580002491362393}",1701
FACTURK-0373,YALAN,"[8897, 15107, 13028, 15904, 15857, 6599, 10376, 10401, 29589, 12587, 9189, 26500, 30034, 13112, 29700, 6047, 11628, 12559, 12296, 15970]","[0.0333368256688118, 5.433364276541397e-05, 2.818866414600052e-05, 0.0008426423300988972, 2.0623421733034775e-05, 3.426849070820026e-05, 0.0002251682453788817, 1.9525883544702083e-05, 1.6442494597868063e-05, 0.008030813187360764, 1.7640199075685814e-05, 2.6688529032981023e-05, 0.0001713081874186173, 0.0004747042548842728, 4.298194107832387e-05, 0.00022167809947859496, 2.318747829122003e-05, 6.60521473037079e-05, 0.003991728648543358, 1.657145367062185e-05]","[0.0104059474542737, 0.04027470946311951, 0.9493193030357361]","[0.0104059474542737, 0.04027470946311951, 0.9493193030357361]",False,DOĞRU,ONAY,False,False,3112.3339000041597,"{""K1_input_and_readiness"": 0.09349998435936868, ""K7_context"": 0.0014999823179095984, ""K1_normalization"": 0.01170000177808106, ""K6_advisory"": 34.578199993120506, ""K1_intent"": 0.04770001396536827, ""K2_retrieval"": 153.06329997838475, ""K3_reranker"": 2253.6900999839418, ""K8_weighted_ranking"": 1.0386999929323792, ""K3_candidate_filters"": 5.839699995703995, ""K9_advisory_consensus"": 0.006799993570894003, ""K4_nli_and_bypass_check"": 348.79560000263155, ""K5_decision"": 312.0418000034988}",12587
FACTURK-0374,DOĞRU,"[10733, 11788, 27097, 29838, 19969, 11158, 6193, 29190, 1692, 27522, 8740, 15899, 2910, 14830, 7218, 15293, 24479, 22465, 22811, 11400]","[0.0002415662893326953, 0.013689476065337658, 0.00015236754552461207, 0.002225670963525772, 0.0007152324542403221, 1.6187581422855146e-05, 2.094818773912266e-05, 0.00013135180051904172, 1.7097478121286258e-05, 1.750292540236842e-05, 1.805851934477687e-05, 0.00046371284406632185, 0.00012339458044152707, 1.657145367062185e-05, 0.0010242064017802477, 7.662102143513039e-05, 2.6070309104397893e-05, 1.6442494597868063e-05, 1.6314539607265033e-05, 0.00011412239109631628]","[0.00047104310942813754, 0.999256432056427, 0.00027255990426056087]","[0.00047104310942813754, 0.999256432056427, 0.00027255990426056087]",False,YALAN,UYARI,False,False,2658.753900002921,"{""K1_input_and_readiness"": 0.0667999847792089, ""K7_context"": 0.001600012183189392, ""K1_normalization"": 0.009599985787644982, ""K6_advisory"": 33.71119999792427, ""K1_intent"": 0.056199991377070546, ""K2_retrieval"": 140.4679999977816, ""K3_reranker"": 2058.05859999964, ""K8_weighted_ranking"": 1.3061999925412238, ""K3_candidate_filters"": 6.552899983944371, ""K9_advisory_consensus"": 0.007399998139590025, ""K4_nli_and_bypass_check"": 230.8640999835916, ""K5_decision"": 184.42579999100417}",11788
FACTURK-0375,YALAN,"[13949, 27584, 21833, 17870, 15731, 10884, 11365, 5199, 17761, 7826, 5083, 16180, 1522, 1347, 18994, 7562, 21377, 12272, 5036, 26201]","[0.021948253735899925, 0.00029137005913071334, 0.000124362253700383, 0.0008360903011634946, 0.015967654064297676, 0.0010242064017802477, 0.00025714197545312345, 0.00025714197545312345, 0.0022343622986227274, 5.920916373725049e-05, 0.00044770087697543204, 1.7917987861437723e-05, 1.7778551409719512e-05, 0.010013571009039879, 2.4876489987946115e-05, 6.156764720799401e-05, 0.00021824207215104252, 3.7931622500764206e-05, 0.0005861161625944078, 0.0001559802913106978]","[0.022550608962774277, 0.8494528532028198, 0.12799648940563202]","[0.022550608962774277, 0.8494528532028198, 0.12799648940563202]",False,YETERSİZ VERİ,RET,True,False,2741.4882000011858,"{""K1_input_and_readiness"": 0.051000009989365935, ""K7_context"": 0.001300009898841381, ""K1_normalization"": 0.01090002479031682, ""K6_advisory"": 33.82660000352189, ""K1_intent"": 0.03710002056322992, ""K2_retrieval"": 141.26560001750477, ""K3_reranker"": 2107.6962999941316, ""K8_weighted_ranking"": 1.2919000000692904, ""K3_candidate_filters"": 6.488300015917048, ""K9_advisory_consensus"": 0.007800001185387373, ""K4_nli_and_bypass_check"": 247.0638999948278, ""K5_decision"": 198.82930000312626}",5199
FACTURK-0376,DOĞRU,"[24714, 2719, 23029, 20933, 5257, 3664, 29504, 9701, 23475, 17587, 5617, 21126, 3624, 13077, 11441, 17876, 9516, 20139, 22170, 15647]","[0.0014048678567633033, 0.00014539113908540457, 1.6442494597868063e-05, 0.00012339458044152707, 1.67014204635052e-05, 0.002074867021292448, 2.1444948288262822e-05, 1.6314539607265033e-05, 2.4876489987946115e-05, 1.6061610949691385e-05, 1.6314539607265033e-05, 0.000159678646014072, 2.6897845600615256e-05, 1.6442494597868063e-05, 1.6187581422855146e-05, 0.00029137005913071334, 0.000626334105618298, 0.009303949773311615, 1.6061610949691385e-05, 2.3737338779028505e-05]","[0.002149066189303994, 0.9951299428939819, 0.002721003256738186]","[0.002149066189303994, 0.9951299428939819, 0.002721003256738186]",False,YETERSİZ VERİ,RET,True,False,1529.1856999974698,"{""K1_input_and_readiness"": 0.0633999879937619, ""K7_context"": 0.0017999846022576094, ""K1_normalization"": 0.012100004823878407, ""K6_advisory"": 36.53450001729652, ""K1_intent"": 0.053099996875971556, ""K2_retrieval"": 135.72259998181835, ""K3_reranker"": 1321.8916000041645, ""K8_weighted_ranking"": 1.0222999844700098, ""K3_candidate_filters"": 5.845900013810024, ""K9_advisory_consensus"": 0.006999995093792677, ""K4_nli_and_bypass_check"": 24.405699979979545, ""K5_decision"": 0.36940001882612705}",17876
FACTURK-0377,DOĞRU,"[5087, 21821, 26676, 22146, 1959, 7836, 29686, 4325, 29080, 7423, 29403, 23936, 9003, 12587, 22337, 13261, 11628, 5269, 15264, 20402]","[0.0006641048239544034, 4.400118632474914e-05, 3.1201914680423215e-05, 0.00021485926117748022, 0.0001476803736295551, 0.001377732609398663, 7.197912054834887e-05, 1.67014204635052e-05, 0.0002891032490879297, 0.004718369338661432, 0.00272558256983757, 0.00014202363672666252, 0.0009773502824828029, 0.0002472934720572084, 1.6442494597868063e-05, 1.7778551409719512e-05, 1.657145367062185e-05, 2.265035072923638e-05, 0.0001686527393758297, 1.6314539607265033e-05]","[0.004003426060080528, 0.010176978074014187, 0.9858195781707764]","[0.004003426060080528, 0.010176978074014187, 0.9858195781707764]",False,DOĞRU,ONAY,False,False,1737.4711000011303,"{""K1_input_and_readiness"": 0.044100015657022595, ""K7_context"": 0.001600012183189392, ""K1_normalization"": 0.009400013368576765, ""K6_advisory"": 34.09490000922233, ""K1_intent"": 0.0329999893438071, ""K2_retrieval"": 112.89790002047084, ""K3_reranker"": 1309.1234000166878, ""K8_weighted_ranking"": 1.3831999967806041, ""K3_candidate_filters"": 6.389799993485212, ""K9_advisory_consensus"": 0.00790000194683671, ""K4_nli_and_bypass_check"": 151.4739999838639, ""K5_decision"": 118.69199998909608}",7423
FACTURK-0378,DOĞRU,"[13414, 6292, 12955, 23565, 21450, 21966, 18623, 3100, 20915, 23239, 26950, 24903, 13448, 3213, 14829, 4160, 11643, 24266, 21123, 22918]","[0.02319762483239174, 0.0007124459953047335, 0.0009773502824828029, 0.00033535013790242374, 1.6314539607265033e-05, 1.6187581422855146e-05, 5.694102947018109e-05, 1.6314539607265033e-05, 1.6061610949691385e-05, 1.7231572201126255e-05, 2.8632557587116025e-05, 0.0008393599418923259, 0.004810982849448919, 0.000317508791340515, 1.7231572201126255e-05, 1.6442494597868063e-05, 3.852893496514298e-05, 3.321419353596866e-05, 1.6314539607265033e-05, 0.0001956353517016396]","[0.0010187935549765825, 0.9952421188354492, 0.003739072708413005]","[0.0010187935549765825, 0.9952421188354492, 0.003739072708413005]",False,YETERSİZ VERİ,RET,True,False,2549.6131999825593,"{""K1_input_and_readiness"": 0.056599994422867894, ""K7_context"": 0.001400010660290718, ""K1_normalization"": 0.009299983503296971, ""K6_advisory"": 33.693799981847405, ""K1_intent"": 0.03789999755099416, ""K2_retrieval"": 123.87999999918975, ""K3_reranker"": 2236.265399988042, ""K8_weighted_ranking"": 1.3943999947514385, ""K3_candidate_filters"": 6.537700013723224, ""K9_advisory_consensus"": 0.01810002140700817, ""K4_nli_and_bypass_check"": 144.2440999962855, ""K5_decision"": 0.19160000374540687}",24903
FACTURK-0379,DOĞRU,"[21449, 5087, 27972, 10997, 10951, 431, 4239, 11837, 13847, 24395, 2277, 2107, 13143, 28032, 5617, 24179, 7869, 9366, 15848, 14534]","[0.7851439118385315, 0.006168995052576065, 0.007149102166295052, 0.020685460418462753, 0.003538086311891675, 0.0007643033168278635, 2.818866414600052e-05, 0.005343256052583456, 0.044431429356336594, 0.0013302015140652657, 0.006984650157392025, 0.026405517011880875, 0.6743722558021545, 0.10176784545183182, 0.011687257327139378, 0.011375600472092628, 2.8409744118107483e-05, 0.019681409001350403, 0.00023050670279189944, 0.00010804955672938377]","[0.0007687488105148077, 0.9933844208717346, 0.005846804473549128]","[0.0007687488105148077, 0.9933844208717346, 0.005846804473549128]",False,YALAN,UYARI,False,False,2542.7414999867324,"{""K1_input_and_readiness"": 0.07390000973828137, ""K7_context"": 0.0013999815564602613, ""K1_normalization"": 0.013600016245618463, ""K6_advisory"": 35.58319999137893, ""K1_intent"": 0.06130000110715628, ""K2_retrieval"": 224.63300000526942, ""K3_reranker"": 2121.7298000119627, ""K8_weighted_ranking"": 2.0099999965168536, ""K3_candidate_filters"": 9.370799991302192, ""K9_advisory_consensus"": 0.008200004231184721, ""K4_nli_and_bypass_check"": 145.81250000628643, ""K5_decision"": 0.19049999536946416}",13143
FACTURK-0380,YALAN,"[487, 9150, 19827, 15238, 8347, 19258, 25228, 5898, 27696, 23431, 23508, 19237, 15675, 21007, 1676, 27894, 5535, 29414, 22732, 15264]","[0.2781587541103363, 0.02456308901309967, 0.21239535510540009, 0.019832711666822433, 0.00677120964974165, 0.0004205874283798039, 0.013742320239543915, 0.0697949230670929, 0.08434179425239563, 4.1335399146191776e-05, 0.01384861022233963, 0.0060503981076180935, 0.00020662980386987329, 0.0012448433553799987, 0.0015487611526623368, 0.004867417272180319, 0.0013406204525381327, 0.009708477184176445, 0.01590639166533947, 0.0034834241960197687]","[0.006283601280301809, 0.9844127297401428, 0.009303709492087364]","[0.006283601280301809, 0.9844127297401428, 0.009303709492087364]",False,YALAN,UYARI,False,False,1909.970600012457,"{""K1_input_and_readiness"": 0.06409999332390726, ""K7_context"": 0.0013999815564602613, ""K1_normalization"": 0.010799994925037026, ""K6_advisory"": 34.89179999451153, ""K1_intent"": 0.03989998367615044, ""K2_retrieval"": 170.23210000479594, ""K3_reranker"": 1664.4576000107918, ""K8_weighted_ranking"": 1.2980999890714884, ""K3_candidate_filters"": 7.221700012451038, ""K9_advisory_consensus"": 0.007399998139590025, ""K4_nli_and_bypass_check"": 27.912599995033816, ""K5_decision"": 0.22639997769147158}",487
FACTURK-0381,DOĞRU,"[3431, 20387, 22815, 28595, 11295, 1822, 24154, 27197, 27681, 12704, 2892, 8107, 21260, 24484, 28973, 4966, 24661, 1447, 6816, 21313]","[1.6187581422855146e-05, 0.0002234163403045386, 0.0008830457809381187, 1.6314539607265033e-05, 1.7778551409719512e-05, 2.586742994026281e-05, 1.6314539607265033e-05, 0.0002492325147613883, 4.0694576455280185e-05, 0.0007096704212017357, 0.0012113064294680953, 3.1941821362124756e-05, 2.6070309104397893e-05, 0.0006312434561550617, 2.8409744118107483e-05, 9.610241977497935e-05, 4.331903619458899e-05, 6.0613183450186625e-05, 0.000414069538237527, 0.0005274784052744508]","[0.07300590723752975, 0.05009356141090393, 0.8769005537033081]","[0.07300590723752975, 0.05009356141090393, 0.8769005537033081]",False,YALAN,RED,False,False,1665.5068999971263,"{""K1_input_and_readiness"": 0.05959998816251755, ""K7_context"": 0.0017999846022576094, ""K1_normalization"": 0.013200013199821115, ""K6_advisory"": 38.2625000202097, ""K1_intent"": 0.06839999696239829, ""K2_retrieval"": 135.64699998823926, ""K3_reranker"": 1456.2623999954667, ""K8_weighted_ranking"": 1.0892999998759478, ""K3_candidate_filters"": 5.7514999934937805, ""K9_advisory_consensus"": 0.011099997209385037, ""K4_nli_and_bypass_check"": 24.052799999481067, ""K5_decision"": 0.2525000018067658}",2892
FACTURK-0382,YALAN,"[7407, 2761, 8010, 26295, 29597, 23853, 24158, 17025, 29892, 1175, 13891, 19061, 29923, 12189, 21500, 9150, 706, 8285, 21472, 744]","[2.9541422918555327e-05, 0.001220795209519565, 3.535625000949949e-05, 0.0033115192782133818, 0.00015236754552461207, 0.00020184421737212688, 0.08137363195419312, 4.0694576455280185e-05, 0.03126191347837448, 0.00014313739666249603, 0.00524044968187809, 3.1693256460130215e-05, 0.0009850083151832223, 0.022328782826662064, 0.0019800399895757437, 0.004198795650154352, 0.00014202363672666252, 0.05644402652978897, 0.0011469158343970776, 0.00015843621804378927]","[0.0010876798769459128, 0.9861956834793091, 0.01271666307002306]","[0.0010876798769459128, 0.9861956834793091, 0.01271666307002306]",False,YETERSİZ VERİ,RET,True,False,2357.835900009377,"{""K1_input_and_readiness"": 0.06369999027810991, ""K7_context"": 0.0013999815564602613, ""K1_normalization"": 0.009700015652924776, ""K6_advisory"": 34.50749997864477, ""K1_intent"": 0.04809998790733516, ""K2_retrieval"": 161.83520000777207, ""K3_reranker"": 1407.315699994797, ""K8_weighted_ranking"": 2.3378999903798103, ""K3_candidate_filters"": 15.662199992220849, ""K9_advisory_consensus"": 0.010499992640689015, ""K4_nli_and_bypass_check"": 479.7074999951292, ""K5_decision"": 253.1273000058718}",24158
FACTURK-0383,DOĞRU,"[25969, 20020, 1291, 16064, 9114, 21667, 23751, 11442, 24834, 17057, 23490, 4331, 6263, 13338, 6528, 6885, 5491, 1976, 834, 11476]","[0.00023597174731548876, 0.0012448433553799987, 7.782753527862951e-05, 0.00017536994710098952, 0.000124362253700383, 3.1201914680423215e-05, 0.002746900776401162, 0.0001195985751110129, 1.805851934477687e-05, 4.539786823443137e-05, 0.0001956353517016396, 8.481103577651083e-05, 2.8632557587116025e-05, 0.00027372167096473277, 0.0003711854515131563, 0.00014539113908540457, 3.071818719035946e-05, 0.0008761798962950706, 1.6314539607265033e-05, 0.0001344663032796234]","[0.004873806610703468, 0.013376735150814056, 0.9817495346069336]","[0.004873806610703468, 0.013376735150814056, 0.9817495346069336]",False,DOĞRU,ONAY,False,False,2616.1190000129864,"{""K1_input_and_readiness"": 0.04640000406652689, ""K7_context"": 0.0012999807950109243, ""K1_normalization"": 0.008800008799880743, ""K6_advisory"": 33.573799999430776, ""K1_intent"": 0.03409999771974981, ""K2_retrieval"": 121.94919999456033, ""K3_reranker"": 2230.240300006699, ""K8_weighted_ranking"": 1.3269000046420842, ""K3_candidate_filters"": 6.536300003062934, ""K9_advisory_consensus"": 0.006399990525096655, ""K4_nli_and_bypass_check"": 114.39460000838153, ""K5_decision"": 104.74610002711415}",23751
FACTURK-0384,DOĞRU,"[16223, 28381, 5886, 24037, 10782, 29698, 11132, 9023, 2403, 8774, 8246, 989, 26111, 17616, 12503, 14449, 20927, 13284, 4010, 27529]","[0.0015792594058439136, 5.3075080359121785e-05, 5.144220995134674e-05, 0.00017813112935982645, 0.0013670255430042744, 0.13706977665424347, 2.6070309104397893e-05, 0.9947391152381897, 0.00013238185783848166, 4.683888619183563e-05, 2.0462934116949327e-05, 2.710879925871268e-05, 0.008187909610569477, 2.5071596610359848e-05, 1.7366719475830905e-05, 1.6442494597868063e-05, 0.005730246659368277, 8.092757343547419e-05, 2.5071596610359848e-05, 2.566613329690881e-05]","[0.9672844409942627, 0.023591574281454086, 0.009124000556766987]","[0.9672844409942627, 0.023591574281454086, 0.009124000556766987]",False,YALAN,RED,False,False,1463.456400000723,"{""K1_input_and_readiness"": 0.04889999399892986, ""K7_context"": 0.0014999823179095984, ""K1_normalization"": 0.008000002708286047, ""K6_advisory"": 35.296799993375316, ""K1_intent"": 0.03530000685714185, ""K2_retrieval"": 130.2725999848917, ""K3_reranker"": 1256.0468000010587, ""K8_weighted_ranking"": 1.3763000024482608, ""K3_candidate_filters"": 6.7202000063844025, ""K9_advisory_consensus"": 0.007299997378140688, ""K4_nli_and_bypass_check"": 29.228700004750863, ""K5_decision"": 0.4427999956533313}",9023
FACTURK-0385,DOĞRU,"[14642, 29362, 21965, 4031, 22170, 15861, 21826, 15972, 16885, 27022, 26848, 15095, 25710, 26114, 8089, 19919, 7836, 8624, 11616, 5073]","[5.9673518990166485e-05, 0.0004272078804206103, 1.7231572201126255e-05, 1.6061610949691385e-05, 1.683241134742275e-05, 1.67014204635052e-05, 1.6314539607265033e-05, 0.00011591933434829116, 1.6187581422855146e-05, 6.302758993115276e-05, 1.657145367062185e-05, 1.9988918211311102e-05, 1.6061610949691385e-05, 1.6187581422855146e-05, 1.6187581422855146e-05, 1.6187581422855146e-05, 1.7778551409719512e-05, 1.6314539607265033e-05, 2.710879925871268e-05, 1.6442494597868063e-05]","[0.003432096913456917, 0.004833853803575039, 0.9917341470718384]","[0.003432096913456917, 0.004833853803575039, 0.9917341470718384]",False,YALAN,RED,False,False,1323.9998999924865,"{""K1_input_and_readiness"": 0.05229999078437686, ""K7_context"": 0.0017999846022576094, ""K1_normalization"": 0.011600001016631722, ""K6_advisory"": 35.403700021561235, ""K1_intent"": 0.036999990697950125, ""K2_retrieval"": 138.6791999975685, ""K3_reranker"": 1112.033799989149, ""K8_weighted_ranking"": 1.294299989240244, ""K3_candidate_filters"": 6.465099984779954, ""K9_advisory_consensus"": 0.007100024959072471, ""K4_nli_and_bypass_check"": 26.11940001952462, ""K5_decision"": 0.24049999774433672}",26848
FACTURK-0386,YALAN,"[27172, 1747, 14660, 21393, 11485, 27894, 15787, 10563, 926, 7924, 10902, 23791, 28847, 10589, 13795, 920, 29414, 22918, 28347, 25225]","[0.007876706309616566, 0.001674399245530367, 0.00013135180051904172, 0.0005152657395228744, 2.1112482500029728e-05, 4.1659583075670525e-05, 1.9073577277595177e-05, 0.0001686527393758297, 3.7636447814293206e-05, 2.908344322349876e-05, 0.0001673405058681965, 5.34913269802928e-05, 0.001622967072762549, 1.9073577277595177e-05, 0.00012148174573667347, 0.0007824140484444797, 1.8777873265207745e-05, 0.005576545372605324, 1.7097478121286258e-05, 5.9673518990166485e-05]","[0.0020716700237244368, 0.9523850083351135, 0.045543331652879715]","[0.0020716700237244368, 0.9523850083351135, 0.045543331652879715]",False,YETERSİZ VERİ,RET,True,False,1905.9910000069067,"{""K1_input_and_readiness"": 0.06510000093840063, ""K7_context"": 0.001600012183189392, ""K1_normalization"": 0.012900010915473104, ""K6_advisory"": 35.72409998741932, ""K1_intent"": 0.051300012273713946, ""K2_retrieval"": 202.75649998802692, ""K3_reranker"": 1629.5395999914035, ""K8_weighted_ranking"": 1.2236000038683414, ""K3_candidate_filters"": 6.360800005495548, ""K9_advisory_consensus"": 0.00689999433234334, ""K4_nli_and_bypass_check"": 26.201200002105907, ""K5_decision"": 0.4262000147718936}",22918
FACTURK-0387,YALAN,"[8023, 20028, 24208, 8015, 24037, 1146, 26161, 26276, 11408, 15478, 28322, 13958, 7337, 26224, 14930, 27288, 4033, 21388, 7754, 16605]","[0.0005953406798653305, 1.7778551409719512e-05, 1.6061610949691385e-05, 1.67014204635052e-05, 0.0004044814850203693, 2.392351052549202e-05, 1.657145367062185e-05, 1.657145367062185e-05, 1.6061610949691385e-05, 2.1444948288262822e-05, 1.7640199075685814e-05, 1.6061610949691385e-05, 1.6187581422855146e-05, 1.6314539607265033e-05, 1.6061610949691385e-05, 3.2955729693640023e-05, 1.6187581422855146e-05, 1.6061610949691385e-05, 0.00013135180051904172, 1.6442494597868063e-05]","[0.01060877088457346, 0.5659120082855225, 0.42347922921180725]","[0.01060877088457346, 0.5659120082855225, 0.42347922921180725]",False,YALAN,RED,False,False,2018.174299999373,"{""K1_input_and_readiness"": 0.0706000137142837, ""K7_context"": 0.0017999846022576094, ""K1_normalization"": 0.011399999493733048, ""K6_advisory"": 38.52520001237281, ""K1_intent"": 0.04830001853406429, ""K2_retrieval"": 140.6859999988228, ""K3_reranker"": 1347.6022999966517, ""K8_weighted_ranking"": 1.3255999947432429, ""K3_candidate_filters"": 7.25990001228638, ""K9_advisory_consensus"": 0.007499998901039362, ""K4_nli_and_bypass_check"": 260.2886000240687, ""K5_decision"": 218.92070001922548}",7337
FACTURK-0388,YALAN,"[16939, 118, 68, 26310, 27720, 672, 15078, 21735, 1014, 14070, 2145, 12347, 16791, 10234, 14318, 16223, 13476, 4597, 16716, 15260]","[0.2902761995792389, 3.4808123018592596e-05, 2.7751651941798627e-05, 0.055720288306474686, 0.00028685410507023335, 1.6442494597868063e-05, 1.6442494597868063e-05, 1.750292540236842e-05, 1.6061610949691385e-05, 1.7231572201126255e-05, 2.7969301299890503e-05, 1.6314539607265033e-05, 4.1659583075670525e-05, 0.001069126301445067, 1.6442494597868063e-05, 1.6314539607265033e-05, 1.6187581422855146e-05, 1.6442494597868063e-05, 9.314593626186252e-05, 1.6187581422855146e-05]","[0.725196897983551, 0.18197040259838104, 0.09283265471458435]","[0.725196897983551, 0.18197040259838104, 0.09283265471458435]",False,YALAN,UYARI,False,False,1567.1451999805868,"{""K1_input_and_readiness"": 0.04549999721348286, ""K7_context"": 0.001800013706088066, ""K1_normalization"": 0.006799993570894003, ""K6_advisory"": 32.573799981037155, ""K1_intent"": 0.034199998481199145, ""K2_retrieval"": 134.49750002473593, ""K3_reranker"": 1207.9393999883905, ""K8_weighted_ranking"": 1.2866999895777553, ""K3_candidate_filters"": 6.6257000144105405, ""K9_advisory_consensus"": 0.008100003469735384, ""K4_nli_and_bypass_check"": 108.13599999528378, ""K5_decision"": 72.3565999942366}",118
FACTURK-0389,YALAN,"[11529, 6704, 2959, 12189, 16652, 9056, 9588, 14770, 9150, 19560, 15780, 12088, 21518, 25228, 23686, 14758, 16878, 8347, 27487, 12769]","[0.0005484792054630816, 0.004348381422460079, 0.009125636890530586, 0.0006462032906711102, 0.0038996203802525997, 0.003692853031679988, 4.400118632474914e-05, 0.00027372167096473277, 0.07094483077526093, 0.0005976693937554955, 2.6070309104397893e-05, 0.00010889690747717395, 0.00041731575038284063, 0.0016613906482234597, 0.0015548133524134755, 0.00034196203341707587, 3.024195939360652e-05, 7.905303937150165e-05, 0.000758359965402633, 5.104190859128721e-05]","[0.0022505861707031727, 0.9966879487037659, 0.0010615187929943204]","[0.0022505861707031727, 0.9966879487037659, 0.0010615187929943204]",False,YALAN,UYARI,False,False,3212.898199999472,"{""K1_input_and_readiness"": 0.12050001532770693, ""K7_context"": 0.0014999823179095984, ""K1_normalization"": 0.024100008886307478, ""K6_advisory"": 54.33490002178587, ""K1_intent"": 0.06390002090483904, ""K2_retrieval"": 289.8707000131253, ""K3_reranker"": 2658.1665000121575, ""K8_weighted_ranking"": 1.3192000042181462, ""K3_candidate_filters"": 6.58280000789091, ""K9_advisory_consensus"": 0.007299997378140688, ""K4_nli_and_bypass_check"": 198.59429998905398, ""K5_decision"": 0.24359999224543571}",9150
FACTURK-0390,DOĞRU,"[1786, 3162, 19541, 1902, 23436, 1149, 10949, 8712, 29892, 12987, 18919, 8285, 19877, 19816, 4738, 2919, 2172, 17551, 1099, 24569]","[1.6061610949691385e-05, 2.318747829122003e-05, 0.0008796061738394201, 0.00877910852432251, 0.00012632041762117296, 0.0009362827986478806, 1.8342892872169614e-05, 4.1659583075670525e-05, 0.00010889690747717395, 4.539786823443137e-05, 1.6314539607265033e-05, 2.411113746347837e-05, 2.318747829122003e-05, 0.0015070488443598151, 2.5466406441410072e-05, 3.535625000949949e-05, 1.6442494597868063e-05, 2.732141365413554e-05, 1.805851934477687e-05, 0.00010637458035489544]","[0.0012361250119283795, 0.02028859406709671, 0.9784753322601318]","[0.0012361250119283795, 0.02028859406709671, 0.9784753322601318]",False,DOĞRU,ONAY,False,False,1575.3696000028867,"{""K1_input_and_readiness"": 0.0467000063508749, ""K7_context"": 0.0014999823179095984, ""K1_normalization"": 0.010199990356341004, ""K6_advisory"": 35.31410000869073, ""K1_intent"": 0.03510000533424318, ""K2_retrieval"": 129.52630000654608, ""K3_reranker"": 1162.1268999879248, ""K8_weighted_ranking"": 1.3361999881453812, ""K3_candidate_filters"": 6.656499987002462, ""K9_advisory_consensus"": 0.008000002708286047, ""K4_nli_and_bypass_check"": 129.56930001382716, ""K5_decision"": 106.99609998846427}",19816
FACTURK-0391,DOĞRU,"[18570, 15848, 28629, 15787, 6292, 9150, 17721, 13541, 19827, 28685, 14232, 14444, 1701, 21537, 2858, 25098, 15238, 19586, 16785, 29140]","[0.0004974745097570121, 0.0007643033168278635, 0.0037948342505842447, 0.0018530592788010836, 0.0035518845543265343, 0.007011794950813055, 0.005663865711539984, 0.001004416379146278, 0.01572399213910103, 0.0003406293108128011, 0.0005815576296299696, 0.00038446192047558725, 0.018797073513269424, 0.005119676236063242, 0.0011740821646526456, 0.0012893283274024725, 0.004038591403514147, 2.411113746347837e-05, 0.0002715921145863831, 2.229919846286066e-05]","[0.3793282210826874, 0.4990276098251343, 0.12164423614740372]","[0.3793282210826874, 0.4990276098251343, 0.12164423614740372]",False,YETERSİZ VERİ,RET,True,False,2369.8163000226486,"{""K1_input_and_readiness"": 0.042100000428035855, ""K7_context"": 0.0013999815564602613, ""K1_normalization"": 0.009100011084228754, ""K6_advisory"": 43.72399998828769, ""K1_intent"": 0.04469999112188816, ""K2_retrieval"": 112.62739999801852, ""K3_reranker"": 1926.423299999442, ""K8_weighted_ranking"": 1.3621000107377768, ""K3_candidate_filters"": 6.606299983104691, ""K9_advisory_consensus"": 0.00689999433234334, ""K4_nli_and_bypass_check"": 145.4801999789197, ""K5_decision"": 130.12600000365637}",1701
FACTURK-0392,YALAN,"[10589, 9150, 12265, 11155, 8347, 24956, 24184, 25225, 21058, 5344, 22218, 27991, 25228, 15978, 16786, 14619, 27894, 9705, 19258, 2244]","[0.00027586790383793414, 0.015663648024201393, 2.3737338779028505e-05, 1.8631746570463292e-05, 0.0018243826925754547, 0.001747785834595561, 0.014227046631276608, 0.006641112733632326, 0.00016093082376755774, 0.021739594638347626, 0.012821214273571968, 0.002704429440200329, 0.001299427472986281, 0.0003366621967870742, 3.0006618544575758e-05, 2.229919846286066e-05, 9.83811987680383e-05, 0.0005295418086461723, 5.694102947018109e-05, 0.00018522572645451874]","[0.001818504766561091, 0.051796525716781616, 0.9463849663734436]","[0.001818504766561091, 0.051796525716781616, 0.9463849663734436]",False,DOĞRU,ONAY,False,False,2170.5718000011984,"{""K1_input_and_readiness"": 0.09220000356435776, ""K7_context"": 0.0023999891709536314, ""K1_normalization"": 0.017099984688684344, ""K6_advisory"": 35.4720999894198, ""K1_intent"": 0.052499992307275534, ""K2_retrieval"": 203.10320000862703, ""K3_reranker"": 1769.6551000117324, ""K8_weighted_ranking"": 1.2231999717187136, ""K3_candidate_filters"": 6.663700012722984, ""K9_advisory_consensus"": 0.007399998139590025, ""K4_nli_and_bypass_check"": 150.61089998926036, ""K5_decision"": 0.35930000012740493}",5344
FACTURK-0393,DOĞRU,"[8836, 19180, 1418, 18799, 22004, 9341, 21636, 25080, 21416, 1730, 6927, 28126, 26447, 23747, 28129, 8919, 22100, 23363, 13054, 14309]","[0.9935368895530701, 0.1946738213300705, 0.0027683854568749666, 0.054701510816812515, 7.843789353501052e-05, 0.0017342078499495983, 0.00027372167096473277, 0.002026899950578809, 0.0005053045460954309, 5.2662067901110277e-05, 9.17019642656669e-05, 0.0010443859500810504, 0.015603534877300262, 0.003135835751891136, 0.004700060468167067, 0.00014202363672666252, 0.05707139894366264, 0.002757622394710779, 0.0004442183708306402, 0.5966681838035583]","[0.9984689354896545, 0.000415092014009133, 0.0011160464491695166]","[0.9984689354896545, 0.000415092014009133, 0.0011160464491695166]",False,YETERSİZ VERİ,KISMI,True,False,1679.958600027021,"{""K1_input_and_readiness"": 0.048699992476031184, ""K7_context"": 0.001300009898841381, ""K1_normalization"": 0.00899998121894896, ""K6_advisory"": 33.83420000318438, ""K1_intent"": 0.03559998003765941, ""K2_retrieval"": 151.1424999916926, ""K3_reranker"": 1383.654100005515, ""K8_weighted_ranking"": 1.373099978081882, ""K3_candidate_filters"": 7.285500003490597, ""K9_advisory_consensus"": 0.008400005754083395, ""K4_nli_and_bypass_check"": 65.2117999852635, ""K5_decision"": 33.95139999338426}",8836
FACTURK-0394,YALAN,"[19788, 15510, 29871, 1989, 25759, 21427, 20744, 23610, 2701, 5149, 26579, 14849, 28395, 14676, 9385, 14553, 3505, 29526, 11562, 16530]","[0.015663648024201393, 0.0013670255430042744, 6.302758993115276e-05, 0.000539980421308428, 0.00013765462790615857, 4.1659583075670525e-05, 1.6187581422855146e-05, 1.6061610949691385e-05, 1.657145367062185e-05, 1.6442494597868063e-05, 1.8631746570463292e-05, 2.4300241420860402e-05, 0.0005838325014337897, 1.657145367062185e-05, 1.6442494597868063e-05, 1.6442494597868063e-05, 0.00043393249507062137, 2.014569145103451e-05, 0.00017952796770259738, 9.685608529252931e-05]","[0.018596000969409943, 0.720582127571106, 0.2608218193054199]","[0.018596000969409943, 0.720582127571106, 0.2608218193054199]",False,YALAN,RED,False,False,1546.3025000062771,"{""K1_input_and_readiness"": 0.05500001134350896, ""K7_context"": 0.0012999807950109243, ""K1_normalization"": 0.010199990356341004, ""K6_advisory"": 33.71429999242537, ""K1_intent"": 0.039000005926936865, ""K2_retrieval"": 144.44870001170784, ""K3_reranker"": 1331.1302999791224, ""K8_weighted_ranking"": 1.2397000100463629, ""K3_candidate_filters"": 6.206300022313371, ""K9_advisory_consensus"": 0.007299997378140688, ""K4_nli_and_bypass_check"": 24.844200001098216, ""K5_decision"": 0.3415000101085752}",11562
FACTURK-0395,DOĞRU,"[8790, 21145, 20842, 11059, 4766, 8279, 23357, 19947, 13096, 22153, 22843, 29296, 19548, 19733, 21342, 20170, 20466, 17343, 774, 12175]","[0.00012931563833262771, 0.00025315635139122605, 0.011463796719908714, 0.0011604196624830365, 0.0002715921145863831, 0.00020825010142289102, 9.83811987680383e-05, 0.0009773502824828029, 1.967902426258661e-05, 0.00020342698553577065, 0.000810387369710952, 0.6186652183532715, 1.750292540236842e-05, 3.3474691008450463e-05, 0.00013658353418577462, 0.00023597174731548876, 1.6314539607265033e-05, 0.003285833168774843, 0.0006337125087156892, 3.647853736765683e-05]","[0.04485967382788658, 0.9529669880867004, 0.0021733795292675495]","[0.04485967382788658, 0.9529669880867004, 0.0021733795292675495]",False,YALAN,RED,False,False,1310.9614000131842,"{""K1_input_and_readiness"": 0.05289999535307288, ""K7_context"": 0.0020999868866056204, ""K1_normalization"": 0.009899988071992993, ""K6_advisory"": 36.455800000112504, ""K1_intent"": 0.03860000288113952, ""K2_retrieval"": 130.6169999879785, ""K3_reranker"": 1104.196200001752, ""K8_weighted_ranking"": 1.097600004868582, ""K3_candidate_filters"": 6.795699999202043, ""K9_advisory_consensus"": 0.007800001185387373, ""K4_nli_and_bypass_check"": 27.72370001184754, ""K5_decision"": 0.31259999377653}",29296
FACTURK-0396,YALAN,"[27420, 5237, 6734, 12375, 4586, 20831, 16134, 14293, 7633, 2259, 20214, 2242, 5328, 17036, 2813, 18927, 25181, 22062, 16440, 27900]","[0.011029469780623913, 0.0002802109520416707, 0.9946150183677673, 8.349628478754312e-05, 0.0023688741493970156, 0.00020662980386987329, 0.0002891032490879297, 1.657145367062185e-05, 0.295738160610199, 0.009522485546767712, 0.00028462239424698055, 1.6061610949691385e-05, 5.694102947018109e-05, 0.0009735437924973667, 0.014899643138051033, 0.0037072531413286924, 4.1335399146191776e-05, 0.00010720880527514964, 0.0030515100806951523, 0.0003583672805689275]","[0.9996024966239929, 0.00014468730660155416, 0.00025282424758188426]","[0.9996024966239929, 0.00014468730660155416, 0.00025282424758188426]",False,YALAN,UYARI,False,False,1680.4980999731924,"{""K1_input_and_readiness"": 0.05830000736750662, ""K7_context"": 0.0014999823179095984, ""K1_normalization"": 0.0109999964479357, ""K6_advisory"": 34.13429998909123, ""K1_intent"": 0.060699996538460255, ""K2_retrieval"": 124.92160001420416, ""K3_reranker"": 1365.84959999891, ""K8_weighted_ranking"": 1.291499997023493, ""K3_candidate_filters"": 6.228099984582514, ""K9_advisory_consensus"": 0.007599999662488699, ""K4_nli_and_bypass_check"": 82.64340000459924, ""K5_decision"": 61.49510000250302}",6734
FACTURK-0397,YALAN,"[16260, 27647, 1336, 18561, 14848, 10740, 767, 5499, 10999, 7198, 3917, 1070, 28871, 7375, 12437, 6504, 7152, 13941, 13993, 5371]","[0.24490438401699066, 0.0011073390487581491, 0.004101929254829884, 1.6442494597868063e-05, 0.053304679691791534, 2.0623421733034775e-05, 2.178264912799932e-05, 0.0333368256688118, 2.908344322349876e-05, 1.6314539607265033e-05, 3.535625000949949e-05, 8.750300185056403e-05, 0.00026323829661123455, 0.0040543340146541595, 0.00042554305400699377, 3.1941821362124756e-05, 0.00013342000602278858, 0.00018522572645451874, 0.0008231385727412999, 0.0026730059180408716]","[0.20735132694244385, 0.78948575258255, 0.0031629486475139856]","[0.20735132694244385, 0.78948575258255, 0.0031629486475139856]",False,YETERSİZ VERİ,RET,True,False,1969.4607999990694,"{""K1_input_and_readiness"": 0.0610999995842576, ""K7_context"": 0.0014999823179095984, ""K1_normalization"": 0.011099997209385037, ""K6_advisory"": 35.002299991901964, ""K1_intent"": 0.04509999416768551, ""K2_retrieval"": 158.24859999702312, ""K3_reranker"": 1378.883900004439, ""K8_weighted_ranking"": 1.3351999805308878, ""K3_candidate_filters"": 6.631299998844042, ""K9_advisory_consensus"": 0.007800001185387373, ""K4_nli_and_bypass_check"": 200.33150000381283, ""K5_decision"": 185.31219998840243}",14848
FACTURK-0398,YALAN,"[9150, 27219, 25228, 2984, 20446, 27696, 28547, 24869, 15264, 16063, 23681, 2498, 15787, 12063, 23792, 27453, 438, 5535, 16150, 8602]","[0.0016613906482234597, 0.0002492325147613883, 0.0004994205664843321, 0.0003406293108128011, 0.023689469322562218, 0.00046917638974264264, 0.027376487851142883, 0.001995538594201207, 0.0036499870475381613, 6.302758993115276e-05, 0.006338921841233969, 0.0003697388747241348, 0.00021824207215104252, 0.00043563017970882356, 0.0004936049808748066, 0.005511934403330088, 0.0003275842755101621, 0.00013658353418577462, 0.0002824080875143409, 2.93115390377352e-05]","[0.0007045790553092957, 0.9933007955551147, 0.0059946621768176556]","[0.0007045790553092957, 0.9933007955551147, 0.0059946621768176556]",False,YETERSİZ VERİ,RET,True,False,2260.9461000247393,"{""K1_input_and_readiness"": 0.072900002123788, ""K7_context"": 0.0014999823179095984, ""K1_normalization"": 0.014800025383010507, ""K6_advisory"": 34.84239999670535, ""K1_intent"": 0.06479999865405262, ""K2_retrieval"": 193.24480000068434, ""K3_reranker"": 1999.4726000004448, ""K8_weighted_ranking"": 1.041900017298758, ""K3_candidate_filters"": 5.73679999797605, ""K9_advisory_consensus"": 0.005999987479299307, ""K4_nli_and_bypass_check"": 22.25660000112839, ""K5_decision"": 0.18239999189972878}",28547
FACTURK-0399,YALAN,"[1499, 25228, 7776, 29080, 487, 13341, 28656, 16150, 23686, 24277, 27242, 19060, 18955, 15874, 12189, 9588, 21922, 20662, 4724, 27696]","[0.00014091856428422034, 0.04312337189912796, 0.05439931899309158, 0.010529711842536926, 0.0010901900241151452, 0.004348381422460079, 0.0004765612829942256, 0.0016809417866170406, 0.0001559802913106978, 0.001483718864619732, 0.9291837811470032, 0.11797800660133362, 0.006718870252370834, 0.00015356240328401327, 0.0003814711526501924, 2.318747829122003e-05, 0.05813159793615341, 0.001740983803756535, 0.00035976938670501113, 0.33556854724884033]","[0.001853149849921465, 0.9731550216674805, 0.02499185875058174]","[0.001853149849921465, 0.9731550216674805, 0.02499185875058174]",False,YALAN,UYARI,False,False,2609.148500021547,"{""K1_input_and_readiness"": 0.0675999908708036, ""K7_context"": 0.001400010660290718, ""K1_normalization"": 0.013199984095990658, ""K6_advisory"": 37.051099992822856, ""K1_intent"": 0.06580000626854599, ""K2_retrieval"": 199.77740000467747, ""K3_reranker"": 2222.4242000083905, ""K8_weighted_ranking"": 1.353300001937896, ""K3_candidate_filters"": 6.470299995271489, ""K9_advisory_consensus"": 0.006699992809444666, ""K4_nli_and_bypass_check"": 137.92649999959394, ""K5_decision"": 0.24050002684816718}",27696
FACTURK-0400,YALAN,"[27202, 13194, 28204, 14216, 17534, 10086, 17036, 26829, 5584, 22879, 29412, 30144, 23337, 15429, 16632, 28521, 24433, 28590, 6846, 17535]","[3.426849070820026e-05, 7.197912054834887e-05, 0.0030753696337342262, 1.657145367062185e-05, 0.0014607495395466685, 2.8409744118107483e-05, 1.7097478121286258e-05, 2.392351052549202e-05, 1.683241134742275e-05, 5.1845658163074404e-05, 1.6442494597868063e-05, 2.526822754589375e-05, 6.156764720799401e-05, 0.0044683837331831455, 0.002199798123911023, 3.734356869244948e-05, 1.67014204635052e-05, 0.009936418384313583, 0.0003889921063091606, 0.00027586790383793414]","[0.001657799817621708, 0.9953233599662781, 0.0030188418459147215]","[0.001657799817621708, 0.9953233599662781, 0.0030188418459147215]",False,YETERSİZ VERİ,RET,True,False,2999.6899999969173,"{""K1_input_and_readiness"": 0.059999991208314896, ""K7_context"": 0.0015999830793589354, ""K1_normalization"": 0.013800017768517137, ""K6_advisory"": 33.83359999861568, ""K1_intent"": 0.0425000034738332, ""K2_retrieval"": 142.36030000029132, ""K3_reranker"": 2195.4733999737073, ""K8_weighted_ranking"": 1.1845999979414046, ""K3_candidate_filters"": 5.4487999877892435, ""K9_advisory_consensus"": 0.006699992809444666, ""K4_nli_and_bypass_check"": 312.2140000050422, ""K5_decision"": 304.81880001025274}",28590
FACTURK-0401,DOĞRU,"[11334, 21058, 25673, 19997, 11529, 13077, 1959, 700, 9366, 1499, 26355, 14232, 9755, 24625, 1766, 30009, 10298, 15658, 25457, 24162]","[0.0014721895568072796, 1.67014204635052e-05, 2.229919846286066e-05, 0.0006462032906711102, 0.00978387612849474, 0.0007854739669710398, 0.002278330735862255, 0.00049553596181795, 0.009449081495404243, 0.00029137005913071334, 0.003914823289960623, 0.028167473152279854, 0.2557152211666107, 0.005819959100335836, 0.00031258779927156866, 1.750292540236842e-05, 1.6442494597868063e-05, 6.156764720799401e-05, 7.197912054834887e-05, 1.7778551409719512e-05]","[0.0021457364782691, 0.49448904395103455, 0.5033652186393738]","[0.0021457364782691, 0.49448904395103455, 0.5033652186393738]",False,DOĞRU,ONAY,False,False,2036.5805999899749,"{""K1_input_and_readiness"": 0.10460001067258418, ""K7_context"": 0.0012999807950109243, ""K1_normalization"": 0.014899997040629387, ""K6_advisory"": 36.97980000288226, ""K1_intent"": 0.049299997044727206, ""K2_retrieval"": 207.832000014605, ""K3_reranker"": 1753.0968000064604, ""K8_weighted_ranking"": 1.3012000126764178, ""K3_candidate_filters"": 6.629900017287582, ""K9_advisory_consensus"": 0.008500006515532732, ""K4_nli_and_bypass_check"": 26.471099990885705, ""K5_decision"": 0.36509998608380556}",9755
FACTURK-0402,YALAN,"[30013, 17599, 1365, 9653, 1337, 29418, 21684, 2985, 28239, 11547, 24743, 9171, 28985, 16053, 11774, 25396, 22512, 3512, 17616, 3862]","[0.4006321132183075, 0.009232213720679283, 0.002123966347426176, 1.6442494597868063e-05, 0.014615669846534729, 0.0005658799782395363, 1.6187581422855146e-05, 2.710879925871268e-05, 0.0006771942134946585, 0.002491967985406518, 0.0011424495605751872, 5.1845658163074404e-05, 3.269927037763409e-05, 0.002934951800853014, 0.0008295892039313912, 1.657145367062185e-05, 1.6061610949691385e-05, 0.008881675079464912, 0.0024249141570180655, 3.8229114579735324e-05]","[0.0025011515244841576, 0.9968168139457703, 0.0006820615381002426]","[0.0025011515244841576, 0.9968168139457703, 0.0006820615381002426]",False,YALAN,RED,False,False,1862.075899989577,"{""K1_input_and_readiness"": 0.0585000088904053, ""K7_context"": 0.0015999830793589354, ""K1_normalization"": 0.02340000355616212, ""K6_advisory"": 34.461600007489324, ""K1_intent"": 0.06160000339150429, ""K2_retrieval"": 153.4791000012774, ""K3_reranker"": 1158.9060999976937, ""K8_weighted_ranking"": 1.14380000741221, ""K3_candidate_filters"": 6.124700012151152, ""K9_advisory_consensus"": 0.007399998139590025, ""K4_nli_and_bypass_check"": 272.0493999950122, ""K5_decision"": 232.1384999959264}",11547
FACTURK-0403,YALAN,"[12901, 27017, 5087, 1959, 6737, 4093, 8749, 21475, 15780, 25758, 6232, 22465, 10051, 21007, 11552, 9366, 29065, 27522, 6984, 1291]","[0.9917803406715393, 0.004718369338661432, 0.00042388474685139954, 0.00048029719619080424, 0.00046917638974264264, 0.0003150386910419911, 0.00031258779927156866, 0.005405900068581104, 0.008251599036157131, 0.0011160142021253705, 0.0003301527176517993, 0.0004044814850203693, 0.0005571116926148534, 0.00042887922609224916, 0.00026323829661123455, 0.00220838887616992, 0.0009473089594393969, 0.0003029734070878476, 0.0003366621967870742, 0.0009362827986478806]","[0.9992862343788147, 0.00030991932726465166, 0.0004038849729113281]","[0.9992862343788147, 0.00030991932726465166, 0.0004038849729113281]",False,YALAN,UYARI,False,False,2048.27440000372,"{""K1_input_and_readiness"": 0.0557999883312732, ""K7_context"": 0.001700012944638729, ""K1_normalization"": 0.011600001016631722, ""K6_advisory"": 35.19359999336302, ""K1_intent"": 0.04429998807609081, ""K2_retrieval"": 152.1368999965489, ""K3_reranker"": 1626.428699993994, ""K8_weighted_ranking"": 1.206899993121624, ""K3_candidate_filters"": 6.443799997214228, ""K9_advisory_consensus"": 0.006799993570894003, ""K4_nli_and_bypass_check"": 120.5132000031881, ""K5_decision"": 102.82639999059029}",12901
FACTURK-0404,DOĞRU,"[29892, 14232, 19997, 2949, 12189, 24209, 431, 17351, 4378, 9150, 13541, 15848, 6832, 12288, 28494, 1701, 25098, 12047, 6336, 28547]","[0.10123348236083984, 0.005554925184696913, 0.0012545944191515446, 0.02600678615272045, 0.0004673480580095202, 0.013121271505951881, 0.02048855647444725, 0.05242456495761871, 0.0011786719551309943, 0.0033374049235135317, 0.0011424495605751872, 0.029201289638876915, 0.007232763804495335, 0.00020502213737927377, 0.021044565364718437, 0.0015854305820539594, 0.07793768495321274, 0.0008393599418923259, 0.006314364727586508, 0.00021485926117748022]","[0.0009348108433187008, 0.9979168772697449, 0.0011483482085168362]","[0.0009348108433187008, 0.9979168772697449, 0.0011483482085168362]",False,YETERSİZ VERİ,RET,True,False,1876.055999979144,"{""K1_input_and_readiness"": 0.05590001819655299, ""K7_context"": 0.0012999807950109243, ""K1_normalization"": 0.010599993402138352, ""K6_advisory"": 34.345699998084456, ""K1_intent"": 0.03959998139180243, ""K2_retrieval"": 181.98590000974946, ""K3_reranker"": 1627.258200023789, ""K8_weighted_ranking"": 1.0368999792262912, ""K3_candidate_filters"": 5.550400004722178, ""K9_advisory_consensus"": 0.007299997378140688, ""K4_nli_and_bypass_check"": 22.063000011257827, ""K5_decision"": 0.13489997945725918}",29892
FACTURK-0405,YALAN,"[635, 13440, 27583, 3277, 20666, 28793, 6193, 24865, 20518, 7209, 20151, 11158, 2910, 16420, 4775, 21776, 3241, 27504, 6880, 24313]","[0.005281333811581135, 0.0003199982165824622, 1.6314539607265033e-05, 1.6061610949691385e-05, 1.6964426322374493e-05, 7.031184941297397e-05, 1.6442494597868063e-05, 1.7640199075685814e-05, 6.302758993115276e-05, 1.6314539607265033e-05, 2.3007036361377686e-05, 1.6187581422855146e-05, 5.5622065701754764e-05, 1.6314539607265033e-05, 4.1986306314356625e-05, 1.6061610949691385e-05, 5.144220995134674e-05, 1.6442494597868063e-05, 1.6314539607265033e-05, 1.6314539607265033e-05]","[8.411624730797485e-05, 0.0005380699294619262, 0.9993778467178345]","[8.411624730797485e-05, 0.0005380699294619262, 0.9993778467178345]",False,DOĞRU,ONAY,False,False,1730.727400019532,"{""K1_input_and_readiness"": 0.043899985030293465, ""K7_context"": 0.001400010660290718, ""K1_normalization"": 0.009799987310543656, ""K6_advisory"": 34.13129999535158, ""K1_intent"": 0.06180000491440296, ""K2_retrieval"": 135.14539998141117, ""K3_reranker"": 1523.9866000192706, ""K8_weighted_ranking"": 1.4395000180229545, ""K3_candidate_filters"": 6.382399995345622, ""K9_advisory_consensus"": 0.007599999662488699, ""K4_nli_and_bypass_check"": 25.690599984955043, ""K5_decision"": 0.34649998997338116}",635
FACTURK-0406,DOĞRU,"[28168, 4520, 635, 17637, 4114, 5018, 24661, 21898, 24967, 24527, 5995, 20355, 3213, 5174, 3601, 10340, 13614, 8102, 15121, 10680]","[0.23161423206329346, 0.00015720345254521817, 0.005865338258445263, 4.9086618673754856e-05, 0.00016093082376755774, 0.2073751986026764, 8.750300185056403e-05, 0.14706450700759888, 0.0006771942134946585, 1.7097478121286258e-05, 1.683241134742275e-05, 0.010052368976175785, 0.008315778337419033, 1.683241134742275e-05, 0.0006878511630930007, 0.012431650422513485, 0.0009436192340217531, 1.8631746570463292e-05, 3.024195939360652e-05, 0.000539980421308428]","[0.000575464975554496, 0.9990560412406921, 0.00036847006413154304]","[0.000575464975554496, 0.9990560412406921, 0.00036847006413154304]",False,YALAN,UYARI,False,False,4524.6651000052225,"{""K1_input_and_readiness"": 0.14290001126937568, ""K7_context"": 0.001600012183189392, ""K1_normalization"": 0.03090000245720148, ""K6_advisory"": 55.60150000383146, ""K1_intent"": 0.0706000137142837, ""K2_retrieval"": 365.22300000069663, ""K3_reranker"": 3821.849600004498, ""K8_weighted_ranking"": 1.408300013281405, ""K3_candidate_filters"": 6.862999987788498, ""K9_advisory_consensus"": 0.007599999662488699, ""K4_nli_and_bypass_check"": 269.54249999835156, ""K5_decision"": 0.2885999856516719}",635
FACTURK-0407,YALAN,"[14727, 23269, 13220, 23216, 11728, 19283, 21875, 30027, 6590, 20982, 18318, 5799, 19974, 5593, 11158, 26380, 13518, 17637, 24417, 5114]","[0.6909762620925903, 0.0010566838318482041, 1.8342892872169614e-05, 0.0005172813544049859, 0.0004655269149225205, 1.805851934477687e-05, 2.8409744118107483e-05, 1.7640199075685814e-05, 0.0011879054363816977, 1.67014204635052e-05, 0.0004124558763578534, 5.9673518990166485e-05, 1.6314539607265033e-05, 0.029816539958119392, 1.6314539607265033e-05, 1.6314539607265033e-05, 0.0001740054285619408, 5.5622065701754764e-05, 1.683241134742275e-05, 1.6187581422855146e-05]","[0.0041631488129496574, 0.9926948547363281, 0.0031419703736901283]","[0.0041631488129496574, 0.9926948547363281, 0.0031419703736901283]",False,YETERSİZ VERİ,RET,True,False,1548.668200004613,"{""K1_input_and_readiness"": 0.04990000161342323, ""K7_context"": 0.0016999838408082724, ""K1_normalization"": 0.010199990356341004, ""K6_advisory"": 34.55100001883693, ""K1_intent"": 0.04990000161342323, ""K2_retrieval"": 144.973199989181, ""K3_reranker"": 1329.631700005848, ""K8_weighted_ranking"": 1.490199996624142, ""K3_candidate_filters"": 6.47759999264963, ""K9_advisory_consensus"": 0.007499998901039362, ""K4_nli_and_bypass_check"": 27.380699990317225, ""K5_decision"": 0.36130001535639167}",14727
FACTURK-0408,YALAN,"[18777, 15724, 4452, 19953, 21495, 15457, 9253, 22538, 7556, 4460, 11155, 12783, 368, 21211, 11780, 7006, 21746, 13967, 14924, 15028]","[0.03397199511528015, 0.01640303246676922, 0.28876960277557373, 0.0007096704212017357, 0.0007321811863221228, 0.004348381422460079, 1.6314539607265033e-05, 0.045777276158332825, 1.683241134742275e-05, 0.12885363399982452, 2.6688529032981023e-05, 0.10894504189491272, 0.0003625900426413864, 2.355261858610902e-05, 0.00016474656877107918, 1.892514956125524e-05, 0.00025714197545312345, 0.044431429356336594, 0.001081715221516788, 0.0007824140484444797]","[0.0005926117883063853, 0.9986600875854492, 0.0007473065052181482]","[0.0005926117883063853, 0.9986600875854492, 0.0007473065052181482]",False,YALAN,UYARI,False,False,2476.136800018139,"{""K1_input_and_readiness"": 0.0610999995842576, ""K7_context"": 0.001500011421740055, ""K1_normalization"": 0.012499978765845299, ""K6_advisory"": 35.248000000137836, ""K1_intent"": 0.05649999366141856, ""K2_retrieval"": 164.44079999928363, ""K3_reranker"": 2245.141200022772, ""K8_weighted_ranking"": 1.1430000013206154, ""K3_candidate_filters"": 5.816599994432181, ""K9_advisory_consensus"": 0.006499991286545992, ""K4_nli_and_bypass_check"": 20.59130000998266, ""K5_decision"": 0.30280000646598637}",4460
FACTURK-0409,YALAN,"[8006, 6531, 22931, 2149, 5782, 24615, 28204, 22718, 17218, 12486, 20105, 11852, 3129, 29807, 14100, 14641, 5294, 23881, 13433, 806]","[1.657145367062185e-05, 9.17019642656669e-05, 0.0001699752756394446, 0.08344116806983948, 2.161314114346169e-05, 0.0002415662893326953, 0.0001097509084502235, 1.6061610949691385e-05, 1.6187581422855146e-05, 1.6187581422855146e-05, 0.0003199982165824622, 2.392351052549202e-05, 0.0009039677679538727, 0.00013982206291984767, 2.6070309104397893e-05, 1.6187581422855146e-05, 1.6314539607265033e-05, 1.6314539607265033e-05, 6.761842087144032e-05, 1.6187581422855146e-05]","[0.0031487641390413046, 0.008477237075567245, 0.9883739948272705]","[0.0031487641390413046, 0.008477237075567245, 0.9883739948272705]",False,YALAN,RED,False,False,2260.0300000049174,"{""K1_input_and_readiness"": 0.04469999112188816, ""K7_context"": 0.0018999853637069464, ""K1_normalization"": 0.008600007276982069, ""K6_advisory"": 34.29599999799393, ""K1_intent"": 0.05020000389777124, ""K2_retrieval"": 127.72449999465607, ""K3_reranker"": 1763.4190999960992, ""K8_weighted_ranking"": 1.1561000137589872, ""K3_candidate_filters"": 5.581500008702278, ""K9_advisory_consensus"": 0.006900023436173797, ""K4_nli_and_bypass_check"": 172.105300007388, ""K5_decision"": 152.40910000284202}",2149
FACTURK-0410,YALAN,"[27242, 5651, 24630, 12611, 26267, 20266, 29080, 7028, 29199, 861, 16539, 17721, 21537, 12715, 21674, 3300, 2813, 13467, 7248, 22699]","[0.6349961161613464, 0.00018667821132112294, 0.006168995052576065, 2.030369250860531e-05, 1.6061610949691385e-05, 0.008348053321242332, 0.0074030146934092045, 0.003538086311891675, 0.00034196203341707587, 0.00035557945375330746, 0.0006905414629727602, 0.021368887275457382, 0.013902058824896812, 0.00036829791497439146, 0.0035936026833951473, 0.00019411319226492196, 2.449082603561692e-05, 0.0010403185151517391, 0.0010362669127061963, 0.07477004081010818]","[0.002014502417296171, 0.9945106506347656, 0.003474789671599865]","[0.002014502417296171, 0.9945106506347656, 0.003474789671599865]",False,YETERSİZ VERİ,RET,True,False,3082.1637000190094,"{""K1_input_and_readiness"": 0.05140001303516328, ""K7_context"": 0.001300009898841381, ""K1_normalization"": 0.009000010322779417, ""K6_advisory"": 33.95260000252165, ""K1_intent"": 0.055800017435103655, ""K2_retrieval"": 163.05360000114888, ""K3_reranker"": 2248.502100002952, ""K8_weighted_ranking"": 1.2829999905079603, ""K3_candidate_filters"": 6.331699987640604, ""K9_advisory_consensus"": 0.00790000194683671, ""K4_nli_and_bypass_check"": 290.1113000116311, ""K5_decision"": 335.06640000268817}",22699
FACTURK-0411,DOĞRU,"[12534, 14887, 8583, 9657, 9405, 24647, 13101, 17032, 18096, 27270, 20038, 10662, 25873, 24749, 13043, 17812, 12699, 6912, 12349, 18305]","[0.008644177578389645, 0.002199798123911023, 3.1693256460130215e-05, 0.004627529997378588, 8.349628478754312e-05, 0.0007947254925966263, 0.0005316132446750998, 0.00011774459562730044, 0.00016474656877107918, 0.0001837845629779622, 1.7917987861437723e-05, 0.0002396868512732908, 4.832564081880264e-05, 1.6061610949691385e-05, 0.0006667023408226669, 3.619466951931827e-05, 0.0008135565440170467, 1.6187581422855146e-05, 0.07159119844436646, 0.00017952796770259738]","[0.0010888074757531285, 0.0752447098493576, 0.9236664772033691]","[0.0010888074757531285, 0.0752447098493576, 0.9236664772033691]",False,DOĞRU,ONAY,False,False,1663.601500011282,"{""K1_input_and_readiness"": 0.06699998630210757, ""K7_context"": 0.001800013706088066, ""K1_normalization"": 0.013899989426136017, ""K6_advisory"": 40.60179999214597, ""K1_intent"": 0.06059999577701092, ""K2_retrieval"": 184.83430001651868, ""K3_reranker"": 1395.1267000229564, ""K8_weighted_ranking"": 1.2744000123348087, ""K3_candidate_filters"": 6.537299981573597, ""K9_advisory_consensus"": 0.007100024959072471, ""K4_nli_and_bypass_check"": 30.67779997945763, ""K5_decision"": 0.37059999885968864}",12349
FACTURK-0412,DOĞRU,"[25558, 14076, 12923, 9754, 26971, 14240, 17150, 23260, 29982, 6486, 27024, 20627, 30247, 8462, 4346, 1566, 20983, 15630, 23840, 27647]","[0.6085359454154968, 9.610241977497935e-05, 0.0005725466180592775, 0.0018243826925754547, 5.475977377500385e-05, 0.00035419364576227963, 2.161314114346169e-05, 5.144220995134674e-05, 6.868317723274231e-05, 0.00012632041762117296, 0.0003053489199373871, 1.8200149497715756e-05, 1.6314539607265033e-05, 4.539786823443137e-05, 5.2662067901110277e-05, 6.553815910592675e-05, 0.00012533752305898815, 0.00012148174573667347, 2.818866414600052e-05, 0.00026530236937105656]","[0.062364209443330765, 0.7761829495429993, 0.16145281493663788]","[0.062364209443330765, 0.7761829495429993, 0.16145281493663788]",False,YALAN,RED,False,False,1698.4369999845512,"{""K1_input_and_readiness"": 0.04530002479441464, ""K7_context"": 0.001600012183189392, ""K1_normalization"": 0.018399994587525725, ""K6_advisory"": 34.27209999063052, ""K1_intent"": 0.031899980967864394, ""K2_retrieval"": 114.10000000614673, ""K3_reranker"": 1316.5258999797516, ""K8_weighted_ranking"": 1.1203000030945987, ""K3_candidate_filters"": 5.812199990032241, ""K9_advisory_consensus"": 0.00689999433234334, ""K4_nli_and_bypass_check"": 120.14640000415966, ""K5_decision"": 102.76030001114123}",25558
FACTURK-0413,DOĞRU,"[2640, 11323, 21853, 20696, 48, 27443, 28252, 11736, 12460, 27603, 27566, 24474, 21477, 1116, 16421, 23668, 4492, 18206, 16428, 2442]","[0.996434211730957, 1.6061610949691385e-05, 0.00064368563471362, 1.7778551409719512e-05, 0.0006337125087156892, 0.0003029734070878476, 1.67014204635052e-05, 1.6187581422855146e-05, 2.4300241420860402e-05, 1.6442494597868063e-05, 6.352188938762993e-05, 0.000191104321856983, 1.6187581422855146e-05, 2.977311669383198e-05, 4.298194107832387e-05, 1.7097478121286258e-05, 1.593661909282673e-05, 2.710879925871268e-05, 1.6187581422855146e-05, 5.391084778239019e-05]","[0.9989880919456482, 0.0005339377676136792, 0.0004779190931003541]","[0.9989880919456482, 0.0005339377676136792, 0.0004779190931003541]",False,DOĞRU,ONAY,False,False,2120.9277999878395,"{""K1_input_and_readiness"": 0.05110001075081527, ""K7_context"": 0.001200009137392044, ""K1_normalization"": 0.009499985026195645, ""K6_advisory"": 33.70329999597743, ""K1_intent"": 0.03589998232200742, ""K2_retrieval"": 123.72770000365563, ""K3_reranker"": 1845.718600001419, ""K8_weighted_ranking"": 1.4849999861326069, ""K3_candidate_filters"": 6.996499985689297, ""K9_advisory_consensus"": 0.008399976650252938, ""K4_nli_and_bypass_check"": 62.58550001075491, ""K5_decision"": 42.75570000754669}",2640
FACTURK-0414,YALAN,"[26210, 1134, 7442, 9631, 5989, 14200, 291, 26063, 25536, 5253, 13022, 23178, 12870, 10077, 17867, 1788, 19200, 6189, 29624, 583]","[0.005774929653853178, 0.00026530236937105656, 0.00013982206291984767, 0.0002269338583573699, 0.008251599036157131, 0.11357959359884262, 0.01590639166533947, 0.022328782826662064, 0.0364251546561718, 0.00032503585680387914, 0.0003668626013677567, 0.0002269338583573699, 0.0014493984635919333, 0.10706345736980438, 0.007093862164765596, 1.6061610949691385e-05, 0.002074867021292448, 4.365878339740448e-05, 1.6187581422855146e-05, 2.818866414600052e-05]","[0.0011388090206310153, 0.9629494547843933, 0.03591173514723778]","[0.0011388090206310153, 0.9629494547843933, 0.03591173514723778]",False,YETERSİZ VERİ,RET,True,False,2698.90149999992,"{""K1_input_and_readiness"": 0.05729999975301325, ""K7_context"": 0.001400010660290718, ""K1_normalization"": 0.012200005585327744, ""K6_advisory"": 34.46100000292063, ""K1_intent"": 0.056200020480901, ""K2_retrieval"": 181.47040001349524, ""K3_reranker"": 1768.676100007724, ""K8_weighted_ranking"": 1.0833999840542674, ""K3_candidate_filters"": 5.8253000024706125, ""K9_advisory_consensus"": 0.006999995093792677, ""K4_nli_and_bypass_check"": 364.059300016379, ""K5_decision"": 339.67509999638423}",14200
FACTURK-0415,DOĞRU,"[1375, 10701, 14044, 26261, 18719, 1388, 3786, 12334, 4166, 919, 1788, 10051, 26518, 27122, 7836, 17165, 2930, 15769, 7837, 1362]","[0.001085944357328117, 0.0012448433553799987, 4.006369272246957e-05, 1.6442494597868063e-05, 6.709224544465542e-05, 1.6442494597868063e-05, 2.265035072923638e-05, 0.00021485926117748022, 0.00039666122756898403, 1.6187581422855146e-05, 1.6187581422855146e-05, 1.6314539607265033e-05, 3.426849070820026e-05, 1.6061610949691385e-05, 0.022846195846796036, 1.6061610949691385e-05, 2.5071596610359848e-05, 1.6187581422855146e-05, 1.7778551409719512e-05, 2.2827996872365475e-05]","[0.005036030430346727, 0.9942048192024231, 0.0007591632893308997]","[0.005036030430346727, 0.9942048192024231, 0.0007591632893308997]",False,YETERSİZ VERİ,RET,True,False,1926.6250999935437,"{""K1_input_and_readiness"": 0.046600005589425564, ""K7_context"": 0.0013999815564602613, ""K1_normalization"": 0.008400005754083395, ""K6_advisory"": 33.855699992273, ""K1_intent"": 0.03840000135824084, ""K2_retrieval"": 133.79320001695305, ""K3_reranker"": 1406.9318000110798, ""K8_weighted_ranking"": 1.0992999887093902, ""K3_candidate_filters"": 5.698399996617809, ""K9_advisory_consensus"": 0.006099988240748644, ""K4_nli_and_bypass_check"": 191.54689999413677, ""K5_decision"": 149.95779999298975}",4166
FACTURK-0416,YALAN,"[331, 24664, 6039, 10051, 22587, 10905, 6189, 28232, 27460, 12063, 21522, 21449, 12113, 21506, 9755, 28802, 22929, 7095, 21009, 16156]","[0.0005907104350626469, 5.02506154589355e-05, 0.0002472934720572084, 0.00018667821132112294, 1.892514956125524e-05, 0.005511934403330088, 0.0005815576296299696, 1.6061610949691385e-05, 1.657145367062185e-05, 9.028038039105013e-05, 1.6061610949691385e-05, 0.00012830943160224706, 1.6314539607265033e-05, 0.0009326360304839909, 0.001597845577634871, 0.00013032974675297737, 0.00014091856428422034, 1.6314539607265033e-05, 2.449082603561692e-05, 3.219233258278109e-05]","[0.004037744831293821, 0.5225499868392944, 0.4734122157096863]","[0.004037744831293821, 0.5225499868392944, 0.4734122157096863]",False,DOĞRU,ONAY,False,False,2026.3428000034764,"{""K1_input_and_readiness"": 0.05599998985417187, ""K7_context"": 0.001500011421740055, ""K1_normalization"": 0.010899995686486363, ""K6_advisory"": 34.75109999999404, ""K1_intent"": 0.054100004490464926, ""K2_retrieval"": 157.97609998844564, ""K3_reranker"": 1204.1635000205133, ""K8_weighted_ranking"": 1.440399995772168, ""K3_candidate_filters"": 8.61550000263378, ""K9_advisory_consensus"": 0.00890000956133008, ""K4_nli_and_bypass_check"": 327.6950999861583, ""K5_decision"": 288.1879000051413}",9755
FACTURK-0417,DOĞRU,"[4573, 3711, 20675, 10764, 15816, 27383, 1123, 3008, 27939, 8563, 12824, 6028, 29753, 5730, 5471, 4871, 15240, 25798, 20794, 29928]","[0.0016484829830005765, 1.7366719475830905e-05, 0.00026947917649522424, 1.7640199075685814e-05, 0.00015843621804378927, 1.6061610949691385e-05, 0.00021995337738189846, 7.141901005525142e-05, 0.000192602863535285, 1.6314539607265033e-05, 1.6061610949691385e-05, 7.311254739761353e-05, 1.6314539607265033e-05, 0.00026323829661123455, 2.392351052549202e-05, 2.0462934116949327e-05, 1.6442494597868063e-05, 1.6314539607265033e-05, 1.6061610949691385e-05, 2.1444948288262822e-05]","[0.006556401960551739, 0.9678374528884888, 0.02560620941221714]","[0.006556401960551739, 0.9678374528884888, 0.02560620941221714]",False,YALAN,RED,False,False,2208.2023000111803,"{""K1_input_and_readiness"": 0.0475000124424696, ""K7_context"": 0.0014999823179095984, ""K1_normalization"": 0.010499992640689015, ""K6_advisory"": 33.939999993890524, ""K1_intent"": 0.040000013541430235, ""K2_retrieval"": 134.1616999998223, ""K3_reranker"": 1999.5754999981727, ""K8_weighted_ranking"": 1.4099999971222132, ""K3_candidate_filters"": 6.876600004034117, ""K9_advisory_consensus"": 0.00790000194683671, ""K4_nli_and_bypass_check"": 28.131899976870045, ""K5_decision"": 0.39850000757724047}",25798
FACTURK-0418,YALAN,"[24613, 21415, 3897, 19484, 3409, 12068, 14105, 9527, 24015, 20136, 23132, 19420, 29365, 13795, 13335, 18348, 8680, 20985, 12265, 17227]","[0.0443485826253891, 0.0014269596431404352, 0.0016166499117389321, 0.03767939284443855, 0.0019342610612511635, 0.07198162376880646, 0.010408313944935799, 0.003579642390832305, 0.5323339700698853, 0.09982065856456757, 0.00651349825784564, 0.0018675660248845816, 2.566613329690881e-05, 0.4607134461402893, 0.01750955730676651, 0.013171950355172157, 2.5071596610359848e-05, 0.006641112733632326, 0.03390795737504959, 0.00043055712012574077]","[0.026523971930146217, 0.9715878367424011, 0.00188813719432801]","[0.026523971930146217, 0.9715878367424011, 0.00188813719432801]",False,YALAN,UYARI,False,False,3035.566900012782,"{""K1_input_and_readiness"": 0.06930000381544232, ""K7_context"": 0.001600012183189392, ""K1_normalization"": 0.01309998333454132, ""K6_advisory"": 34.82219998841174, ""K1_intent"": 0.07280000136233866, ""K2_retrieval"": 200.43920000898652, ""K3_reranker"": 1947.0285999996122, ""K8_weighted_ranking"": 1.2131999828852713, ""K3_candidate_filters"": 6.386900000507012, ""K9_advisory_consensus"": 0.006599992047995329, ""K4_nli_and_bypass_check"": 421.30879999604076, ""K5_decision"": 420.9860000119079}",24015
FACTURK-0419,DOĞRU,"[2263, 4563, 28522, 21926, 23489, 22945, 1205, 28064, 13212, 24841, 2305, 29293, 14450, 18134, 11836, 26952, 24298, 25747, 27660, 15286]","[0.1559762954711914, 0.04931359738111496, 0.004681822378188372, 0.00025315635139122605, 2.3369333575828932e-05, 0.23074638843536377, 0.0024438868276774883, 0.0028560124337673187, 0.0007885457598604262, 0.0032224843744188547, 0.00034870431409217417, 0.0010443859500810504, 0.0008492455235682428, 8.156224066624418e-05, 0.0055333878844976425, 0.0024249141570180655, 0.004198795650154352, 1.6061610949691385e-05, 0.0021657671313732862, 6.761842087144032e-05]","[0.0031552293803542852, 0.9964382648468018, 0.00040656785131432116]","[0.0031552293803542852, 0.9964382648468018, 0.00040656785131432116]",False,YETERSİZ VERİ,RET,True,False,2537.998099985998,"{""K1_input_and_readiness"": 0.05259999306872487, ""K7_context"": 0.0013999815564602613, ""K1_normalization"": 0.00990001717582345, ""K6_advisory"": 34.95219998876564, ""K1_intent"": 0.05609999061562121, ""K2_retrieval"": 144.72359998035245, ""K3_reranker"": 2182.420800003456, ""K8_weighted_ranking"": 1.6069000121206045, ""K3_candidate_filters"": 6.985099986195564, ""K9_advisory_consensus"": 0.008400005754083395, ""K4_nli_and_bypass_check"": 163.28549999161623, ""K5_decision"": 0.40190000436268747}",22945
FACTURK-0420,YALAN,"[16937, 5137, 2701, 13918, 5659, 21457, 14324, 23624, 1232, 20727, 29541, 26065, 1788, 926, 21058, 15905, 19604, 27336, 23377, 22248]","[0.00014883848780300468, 5.2662067901110277e-05, 1.6061610949691385e-05, 0.00028462239424698055, 0.02881619706749916, 1.6187581422855146e-05, 2.6897845600615256e-05, 8.750300185056403e-05, 1.6187581422855146e-05, 1.892514956125524e-05, 1.657145367062185e-05, 0.0059110685251653194, 1.6187581422855146e-05, 0.00016603845870122313, 0.0009697519708424807, 9.242113446816802e-05, 1.6187581422855146e-05, 1.6187581422855146e-05, 1.805851934477687e-05, 0.00031258779927156866]","[0.0036472335923463106, 0.9864783883094788, 0.009874403476715088]","[0.0036472335923463106, 0.9864783883094788, 0.009874403476715088]",False,YALAN,UYARI,False,False,2249.8719000141136,"{""K1_input_and_readiness"": 0.0577000027988106, ""K7_context"": 0.0015999830793589354, ""K1_normalization"": 0.011099997209385037, ""K6_advisory"": 35.92439999920316, ""K1_intent"": 0.05460000829771161, ""K2_retrieval"": 134.69439998152666, ""K3_reranker"": 1597.3029999877326, ""K8_weighted_ranking"": 1.3509000127669424, ""K3_candidate_filters"": 6.829700025264174, ""K9_advisory_consensus"": 0.01200000406242907, ""K4_nli_and_bypass_check"": 257.0307000132743, ""K5_decision"": 213.26359998784028}",5659
FACTURK-0421,YALAN,"[20918, 5519, 6914, 3241, 16178, 25249, 834, 27035, 26176, 20923, 7660, 7649, 18970, 26201, 5488, 26358, 17242, 21616, 2304, 10792]","[0.022759154438972473, 0.009936418384313583, 0.0001442598586436361, 0.0007524627726525068, 0.0005930210463702679, 0.0063635739497840405, 0.00021995337738189846, 0.0014381353976204991, 0.0002982776495628059, 0.0012065897462889552, 0.003538086311891675, 0.0006771942134946585, 0.009196552447974682, 0.0006798428948968649, 0.0016613906482234597, 0.024191485717892647, 0.0024822766426950693, 0.00021654405281879008, 0.0022694687359035015, 1.6187581422855146e-05]","[0.5743940472602844, 0.3380270302295685, 0.08757888525724411]","[0.5743940472602844, 0.3380270302295685, 0.08757888525724411]",False,YALAN,RED,False,False,1357.0048999972641,"{""K1_input_and_readiness"": 0.048999994760379195, ""K7_context"": 0.0014999823179095984, ""K1_normalization"": 0.00790000194683671, ""K6_advisory"": 35.360699985176325, ""K1_intent"": 0.046999979531392455, ""K2_retrieval"": 93.25139998691157, ""K3_reranker"": 1040.7416999805719, ""K8_weighted_ranking"": 1.3435000146273524, ""K3_candidate_filters"": 5.856300005689263, ""K9_advisory_consensus"": 0.006799993570894003, ""K4_nli_and_bypass_check"": 105.07359998882748, ""K5_decision"": 71.4972999994643}",26358
FACTURK-0422,YALAN,"[7487, 8774, 3567, 8652, 18977, 1956, 19796, 4380, 7332, 9393, 6618, 25757, 4432, 18538, 23946, 7834, 24706, 9697, 2534, 7761]","[0.9207897186279297, 0.0009004466701298952, 0.0007014083093963563, 0.0011291546979919076, 6.657015910604969e-05, 0.002182716503739357, 0.00021995337738189846, 0.003324436955153942, 0.0001956353517016396, 0.000347345310728997, 0.00012148174573667347, 0.00020825010142289102, 0.0015792594058439136, 0.0003640086797531694, 0.005641908384859562, 0.00014313739666249603, 0.005469274241477251, 0.0030278346966952085, 0.0012065897462889552, 1.657145367062185e-05]","[0.9877776503562927, 0.0099939638748765, 0.0022282893769443035]","[0.9877776503562927, 0.0099939638748765, 0.0022282893769443035]",False,YALAN,UYARI,False,False,1508.4425999957602,"{""K1_input_and_readiness"": 0.06330001633614302, ""K7_context"": 0.0017999846022576094, ""K1_normalization"": 0.011199997970834374, ""K6_advisory"": 35.7363999937661, ""K1_intent"": 0.04839999019168317, ""K2_retrieval"": 122.49769998015836, ""K3_reranker"": 1313.012800004799, ""K8_weighted_ranking"": 1.2669999850913882, ""K3_candidate_filters"": 6.391500006429851, ""K9_advisory_consensus"": 0.007700000423938036, ""K4_nli_and_bypass_check"": 25.351099990075454, ""K5_decision"": 0.4152999899815768}",7487
FACTURK-0423,DOĞRU,"[28582, 13321, 15747, 2786, 7288, 29572, 24542, 8833, 4376, 5364, 28903, 7122, 9491, 25545, 28463, 3094, 15967, 18427, 2262, 11200]","[4.6474400733131915e-05, 4.469407213036902e-05, 3.4001819585682824e-05, 1.6187581422855146e-05, 1.6314539607265033e-05, 0.00011501735571073368, 0.004792316351085901, 0.001151399570517242, 1.6187581422855146e-05, 1.7640199075685814e-05, 1.6314539607265033e-05, 1.6187581422855146e-05, 1.657145367062185e-05, 0.0001097509084502235, 1.657145367062185e-05, 0.00010310211655450985, 3.321419353596866e-05, 0.00027372167096473277, 2.265035072923638e-05, 2.195349043176975e-05]","[0.0008378091733902693, 0.9293423891067505, 0.06981981545686722]","[0.0008378091733902693, 0.9293423891067505, 0.06981981545686722]",False,YETERSİZ VERİ,RET,True,False,2762.8407000156585,"{""K1_input_and_readiness"": 0.05440000677481294, ""K7_context"": 0.001800013706088066, ""K1_normalization"": 0.010599993402138352, ""K6_advisory"": 33.83979998761788, ""K1_intent"": 0.03850000211969018, ""K2_retrieval"": 125.18050000653602, ""K3_reranker"": 2257.7187000133563, ""K8_weighted_ranking"": 1.3543999812100083, ""K3_candidate_filters"": 6.518000009236857, ""K9_advisory_consensus"": 0.00689999433234334, ""K4_nli_and_bypass_check"": 176.5153000014834, ""K5_decision"": 158.3366999984719}",8833
FACTURK-0424,DOĞRU,"[13465, 16334, 6915, 10712, 28039, 25033, 4770, 27675, 2461, 22599, 25630, 15240, 28423, 20837, 29871, 2285, 14221, 11397, 30040, 7577]","[0.02080448903143406, 0.0006214630557224154, 6.402006692951545e-05, 0.00012148174573667347, 0.00039357561036013067, 1.6187581422855146e-05, 1.9373936083866283e-05, 1.6187581422855146e-05, 1.8631746570463292e-05, 1.750292540236842e-05, 1.6061610949691385e-05, 1.6187581422855146e-05, 1.6314539607265033e-05, 0.0001511819864390418, 1.6442494597868063e-05, 1.6442494597868063e-05, 4.6474400733131915e-05, 1.7231572201126255e-05, 1.805851934477687e-05, 1.6061610949691385e-05]","[0.006036628503352404, 0.9912899732589722, 0.0026734101120382547]","[0.006036628503352404, 0.9912899732589722, 0.0026734101120382547]",False,YETERSİZ VERİ,RET,True,False,2360.843499976909,"{""K1_input_and_readiness"": 0.06670001312159002, ""K7_context"": 0.0018999853637069464, ""K1_normalization"": 0.022499996703118086, ""K6_advisory"": 34.14599999086931, ""K1_intent"": 0.04129999433644116, ""K2_retrieval"": 145.39099999819882, ""K3_reranker"": 1380.6742999877315, ""K8_weighted_ranking"": 1.6919999907258898, ""K3_candidate_filters"": 6.395000003976747, ""K9_advisory_consensus"": 0.010399991879239678, ""K4_nli_and_bypass_check"": 387.0431999966968, ""K5_decision"": 402.1356000157539}",15240
FACTURK-0425,DOĞRU,"[9581, 23000, 12500, 15573, 2910, 9061, 11467, 1499, 610, 18701, 14098, 16856, 13912, 30193, 21000, 27730, 9584, 29080, 23363, 9308]","[2.178264912799932e-05, 2.1278065105434507e-05, 4.298194107832387e-05, 0.00026738259475678205, 3.619466951931827e-05, 4.037790131405927e-05, 6.868317723274231e-05, 0.002225670963525772, 1.6187581422855146e-05, 0.0003053489199373871, 5.1845658163074404e-05, 0.00017674513219390064, 5.5622065701754764e-05, 6.922183820279315e-05, 1.6061610949691385e-05, 0.00012731103925034404, 8.156224066624418e-05, 0.00034196203341707587, 3.095910506090149e-05, 2.586742994026281e-05]","[0.003417650470510125, 0.962801456451416, 0.03378085047006607]","[0.003417650470510125, 0.962801456451416, 0.03378085047006607]",False,YETERSİZ VERİ,RET,True,False,2293.562100006966,"{""K1_input_and_readiness"": 0.07579999510198832, ""K7_context"": 0.0014999823179095984, ""K1_normalization"": 0.018099992303177714, ""K6_advisory"": 34.57740001613274, ""K1_intent"": 0.04990000161342323, ""K2_retrieval"": 138.95950000733137, ""K3_reranker"": 1497.8020999988075, ""K8_weighted_ranking"": 1.363799994578585, ""K3_candidate_filters"": 6.5079999912995845, ""K9_advisory_consensus"": 0.007599999662488699, ""K4_nli_and_bypass_check"": 330.25530001032166, ""K5_decision"": 280.1863000204321}",1499
FACTURK-0426,DOĞRU,"[14525, 487, 9150, 8347, 20305, 21007, 28685, 22551, 28629, 29881, 19258, 1272, 13541, 1701, 23431, 26355, 15787, 26166, 12161, 15264]","[0.9330658316612244, 0.019606182351708412, 0.002540992572903633, 0.0021322614047676325, 0.7585106492042542, 0.00041568948654457927, 0.00651349825784564, 0.019531238824129105, 0.007431773468852043, 0.0035243413876742125, 0.02489279955625534, 0.001052568550221622, 0.018440209329128265, 0.07369627058506012, 5.738759500673041e-05, 0.0012545944191515446, 0.00018522572645451874, 0.0029008574783802032, 0.0009217804181389511, 0.004399412777274847]","[0.0023251562379300594, 0.9967220425605774, 0.0009527659276500344]","[0.0023251562379300594, 0.9967220425605774, 0.0009527659276500344]",False,YETERSİZ VERİ,RET,True,False,2298.08109998703,"{""K1_input_and_readiness"": 0.07070001447573304, ""K7_context"": 0.001400010660290718, ""K1_normalization"": 0.012500007869675756, ""K6_advisory"": 34.55109999049455, ""K1_intent"": 0.04800001624971628, ""K2_retrieval"": 178.32849998376332, ""K3_reranker"": 1936.4051999873482, ""K8_weighted_ranking"": 1.2493999965954572, ""K3_candidate_filters"": 5.642300006002188, ""K9_advisory_consensus"": 0.006799993570894003, ""K4_nli_and_bypass_check"": 138.0285999912303, ""K5_decision"": 0.2232000115327537}",20305
FACTURK-0427,YALAN,"[20175, 15673, 16404, 2409, 22840, 23708, 6593, 29203, 22626, 1178, 25169, 438, 13315, 15160, 16, 4991, 28765, 23481, 16026, 25382]","[0.08284562826156616, 0.7851439118385315, 0.05070536583662033, 0.07963873445987701, 0.6782203912734985, 1.805851934477687e-05, 0.0008231385727412999, 0.00013552077871281654, 0.4131811261177063, 0.001081715221516788, 0.0021657671313732862, 0.019985152408480644, 2.977311669383198e-05, 0.008251599036157131, 1.6187581422855146e-05, 0.006589771714061499, 0.058884695172309875, 1.7778551409719512e-05, 0.0009399438858963549, 9.685608529252931e-05]","[0.00803972128778696, 0.9289463758468628, 0.06301391124725342]","[0.00803972128778696, 0.9289463758468628, 0.06301391124725342]",False,YETERSİZ VERİ,RET,True,False,4548.546900012298,"{""K1_input_and_readiness"": 0.1036000030580908, ""K7_context"": 0.001400010660290718, ""K1_normalization"": 0.022099993657320738, ""K6_advisory"": 35.311699990415946, ""K1_intent"": 0.07380000897683203, ""K2_retrieval"": 271.1811999906786, ""K3_reranker"": 2401.2962999986485, ""K8_weighted_ranking"": 1.3057000178378075, ""K3_candidate_filters"": 6.416400021407753, ""K9_advisory_consensus"": 0.007599999662488699, ""K4_nli_and_bypass_check"": 991.3756000169087, ""K5_decision"": 837.2836000053212}",20175
FACTURK-0428,YALAN,"[8278, 16862, 2424, 11788, 23579, 24525, 24380, 3559, 3378, 5344, 15442, 14848, 19757, 20972, 27696, 5122, 12437, 25041, 8004, 14667]","[0.016593176871538162, 0.009412589482963085, 0.022328782826662064, 0.018797073513269424, 0.014172364957630634, 0.9133679866790771, 0.03004336729645729, 0.04084571450948715, 0.003914823289960623, 0.005576545372605324, 0.0010566838318482041, 0.006338921841233969, 0.1672186702489853, 0.00040290519245900214, 0.0008592476369813085, 0.08108212053775787, 2.9541422918555327e-05, 0.001512938179075718, 0.0022170129232108593, 0.0008426423300988972]","[0.06183706596493721, 0.9378798007965088, 0.0002831160381902009]","[0.06183706596493721, 0.9378798007965088, 0.0002831160381902009]",False,YETERSİZ VERİ,RET,True,False,2820.8572000148706,"{""K1_input_and_readiness"": 0.05980001878924668, ""K7_context"": 0.001400010660290718, ""K1_normalization"": 0.010799994925037026, ""K6_advisory"": 35.27950000716373, ""K1_intent"": 0.03890000516548753, ""K2_retrieval"": 136.89970000996254, ""K3_reranker"": 2246.5101999987382, ""K8_weighted_ranking"": 1.128499978221953, ""K3_candidate_filters"": 5.594100017333403, ""K9_advisory_consensus"": 0.006299989763647318, ""K4_nli_and_bypass_check"": 207.15760000166483, ""K5_decision"": 184.91939999512397}",24525
FACTURK-0429,DOĞRU,"[11936, 15463, 18230, 25875, 3233, 24053, 11989, 24871, 2007, 526, 17961, 6196, 835, 28633, 10771, 9479, 7529, 22219, 25375, 22152]","[0.9734434485435486, 0.28140559792518616, 1.9525883544702083e-05, 4.231559796608053e-05, 2.4300241420860402e-05, 2.014569145103451e-05, 0.0005907104350626469, 2.3369333575828932e-05, 9.098840382648632e-05, 1.67014204635052e-05, 1.6442494597868063e-05, 0.0063635739497840405, 0.00026738259475678205, 0.011331753805279732, 0.0389750711619854, 0.000810387369710952, 1.750292540236842e-05, 2.2474090656032786e-05, 0.00018814207578543574, 2.732141365413554e-05]","[0.998953104019165, 0.0005654860287904739, 0.00048134822282008827]","[0.998953104019165, 0.0005654860287904739, 0.00048134822282008827]",False,DOĞRU,ONAY,False,False,1637.2616000007838,"{""K1_input_and_readiness"": 0.05199998850002885, ""K7_context"": 0.0014999823179095984, ""K1_normalization"": 0.009400013368576765, ""K6_advisory"": 33.4930999961216, ""K1_intent"": 0.03460000152699649, ""K2_retrieval"": 111.48700001649559, ""K3_reranker"": 1385.7226000109222, ""K8_weighted_ranking"": 1.2425000022631139, ""K3_candidate_filters"": 6.436700001358986, ""K9_advisory_consensus"": 0.007299997378140688, ""K4_nli_and_bypass_check"": 59.09709999104962, ""K5_decision"": 35.86549998726696}",11936
FACTURK-0430,DOĞRU,"[5082, 28961, 1571, 12277, 7186, 5225, 26770, 9796, 22701, 853, 23694, 23153, 21895, 28705, 16389, 20822, 6166, 14013, 6290, 4289]","[1.750292540236842e-05, 1.6314539607265033e-05, 1.7778551409719512e-05, 1.6061610949691385e-05, 1.7366719475830905e-05, 0.00019411319226492196, 1.6314539607265033e-05, 0.0007293288363143802, 2.0785171727766283e-05, 3.70529705833178e-05, 0.0017683517653495073, 1.6442494597868063e-05, 0.00028685410507023335, 1.67014204635052e-05, 1.6187581422855146e-05, 0.004848532844334841, 0.005220125429332256, 8.957788668340072e-05, 1.683241134742275e-05, 1.6442494597868063e-05]","[0.01469588652253151, 0.9223169088363647, 0.06298720091581345]","[0.01469588652253151, 0.9223169088363647, 0.06298720091581345]",False,YETERSİZ VERİ,RET,True,False,1926.0150000045542,"{""K1_input_and_readiness"": 0.05460000829771161, ""K7_context"": 0.0014999823179095984, ""K1_normalization"": 0.009300012607127428, ""K6_advisory"": 33.699999999953434, ""K1_intent"": 0.04350001108832657, ""K2_retrieval"": 136.20630002696998, ""K3_reranker"": 1345.4331000102684, ""K8_weighted_ranking"": 1.5256000042427331, ""K3_candidate_filters"": 8.545699995011091, ""K9_advisory_consensus"": 0.007599999662488699, ""K4_nli_and_bypass_check"": 217.98800001852214, ""K5_decision"": 178.90920001082122}",20822
FACTURK-0431,DOĞRU,"[25167, 13874, 11338, 14372, 16147, 12063, 8176, 6149, 14728, 6952, 20316, 21318, 28877, 2485, 17796, 29913, 28633, 5394, 19220, 11605]","[0.0003029734070878476, 1.7917987861437723e-05, 7.782753527862951e-05, 4.985958003089763e-05, 0.003469890682026744, 2.818866414600052e-05, 1.7366719475830905e-05, 0.0005336928297765553, 0.004755199886858463, 0.00037409563083201647, 0.0001823546044761315, 1.657145367062185e-05, 1.657145367062185e-05, 0.00027372167096473277, 0.0012303582625463605, 0.0030515100806951523, 1.8486754925106652e-05, 0.0004044814850203693, 0.003429603995755315, 1.8486754925106652e-05]","[0.013013719581067562, 0.9847686290740967, 0.002217685803771019]","[0.013013719581067562, 0.9847686290740967, 0.002217685803771019]",False,YALAN,RED,False,False,4135.656200000085,"{""K1_input_and_readiness"": 0.08719999459572136, ""K7_context"": 0.001400010660290718, ""K1_normalization"": 0.01379998866468668, ""K6_advisory"": 37.303199991583824, ""K1_intent"": 0.057600002037361264, ""K2_retrieval"": 188.10530001064762, ""K3_reranker"": 2062.8117000160273, ""K8_weighted_ranking"": 1.4284000208135694, ""K3_candidate_filters"": 6.358500017086044, ""K9_advisory_consensus"": 0.007700000423938036, ""K4_nli_and_bypass_check"": 1049.2799000057857, ""K5_decision"": 786.9520999956876}",16147
FACTURK-0432,DOĞRU,"[24888, 18332, 3471, 18630, 9719, 23536, 20075, 8448, 15476, 6941, 22474, 1024, 29315, 22908, 14624, 21526, 2443, 9552, 1865, 17049]","[0.3443332016468048, 0.003403005190193653, 2.4876489987946115e-05, 0.0003611769643612206, 2.1112482500029728e-05, 1.6061610949691385e-05, 0.04724971577525139, 0.0013617033837363124, 0.03488088399171829, 0.008030813187360764, 0.0009659748757258058, 1.8486754925106652e-05, 0.055005285888910294, 0.002833849750459194, 0.0004974745097570121, 0.0014381353976204991, 2.5466406441410072e-05, 0.0008459375239908695, 5.104190859128721e-05, 0.0004747042548842728]","[0.06428609788417816, 0.5414690971374512, 0.39424484968185425]","[0.06428609788417816, 0.5414690971374512, 0.39424484968185425]",False,YETERSİZ VERİ,RET,True,False,2199.6693999972194,"{""K1_input_and_readiness"": 0.04990000161342323, ""K7_context"": 0.0017999846022576094, ""K1_normalization"": 0.007199996616691351, ""K6_advisory"": 33.28770000371151, ""K1_intent"": 0.03139997716061771, ""K2_retrieval"": 110.74689999804832, ""K3_reranker"": 1889.1525999933947, ""K8_weighted_ranking"": 1.1935000075027347, ""K3_candidate_filters"": 5.884800018975511, ""K9_advisory_consensus"": 0.008300004992634058, ""K4_nli_and_bypass_check"": 87.0547000085935, ""K5_decision"": 68.56869999319315}",18332
FACTURK-0433,YALAN,"[26435, 25133, 24275, 12637, 19323, 11359, 12682, 4354, 1747, 25027, 10376, 6279, 24768, 14174, 12463, 29961, 13159, 18615, 14749, 27454]","[1.6061610949691385e-05, 0.0020507434383034706, 5.1845658163074404e-05, 4.469407213036902e-05, 2.7751651941798627e-05, 1.6061610949691385e-05, 0.026355354115366936, 0.013325147330760956, 2.318747829122003e-05, 0.003403005190193653, 0.0019418168812990189, 1.6187581422855146e-05, 0.00018522572645451874, 1.6187581422855146e-05, 8.349628478754312e-05, 0.0020507434383034706, 1.6187581422855146e-05, 0.00020184421737212688, 1.6314539607265033e-05, 0.00821969285607338]","[0.0003226726548746228, 0.001476607983931899, 0.9982006549835205]","[0.0003226726548746228, 0.001476607983931899, 0.9982006549835205]",False,DOĞRU,ONAY,False,False,3538.0680999951437,"{""K1_input_and_readiness"": 0.0604000233579427, ""K7_context"": 0.001400010660290718, ""K1_normalization"": 0.012300006346777081, ""K6_advisory"": 34.32020000764169, ""K1_intent"": 0.05360000068321824, ""K2_retrieval"": 157.6127999869641, ""K3_reranker"": 2367.3297000059392, ""K8_weighted_ranking"": 1.4020000235177577, ""K3_candidate_filters"": 6.671500013908371, ""K9_advisory_consensus"": 0.007700000423938036, ""K4_nli_and_bypass_check"": 577.7835999906529, ""K5_decision"": 389.39480000408366}",10376
FACTURK-0434,DOĞRU,"[11581, 13838, 26468, 12089, 12622, 11648, 1575, 25113, 10139, 27847, 3817, 27391, 9150, 15787, 14040, 9414, 9071, 11740, 30247, 12068]","[9.535461140330881e-05, 5.475977377500385e-05, 1.657145367062185e-05, 2.818866414600052e-05, 0.005119676236063242, 5.694102947018109e-05, 2.977311669383198e-05, 0.04107588902115822, 1.6187581422855146e-05, 2.030369250860531e-05, 2.030369250860531e-05, 1.6187581422855146e-05, 0.00011501735571073368, 0.00013982206291984767, 2.1112482500029728e-05, 1.6187581422855146e-05, 1.657145367062185e-05, 0.0017007222631946206, 1.6187581422855146e-05, 2.0623421733034775e-05]","[0.005569340195506811, 0.958968460559845, 0.035462211817502975]","[0.005569340195506811, 0.958968460559845, 0.035462211817502975]",False,YETERSİZ VERİ,RET,True,False,2206.827899994096,"{""K1_input_and_readiness"": 0.05910001345910132, ""K7_context"": 0.0012999807950109243, ""K1_normalization"": 0.021500018192455173, ""K6_advisory"": 33.798999997088686, ""K1_intent"": 0.03480000304989517, ""K2_retrieval"": 147.69260000321083, ""K3_reranker"": 1341.3545999792404, ""K8_weighted_ranking"": 1.1601000151131302, ""K3_candidate_filters"": 6.304499984253198, ""K9_advisory_consensus"": 0.007199996616691351, ""K4_nli_and_bypass_check"": 352.6328000007197, ""K5_decision"": 319.5971999957692}",15787
FACTURK-0435,DOĞRU,"[15719, 4308, 25675, 10971, 17172, 741, 9375, 24006, 10494, 3416, 22355, 8281, 9228, 25284, 4144, 6420, 24164, 5588, 3941, 6047]","[0.0077555361203849316, 2.030369250860531e-05, 0.0011160142021253705, 0.4714969992637634, 0.08344116806983948, 3.071818719035946e-05, 3.1201914680423215e-05, 1.7640199075685814e-05, 5.02506154589355e-05, 3.024195939360652e-05, 0.00011682839976856485, 0.011732463724911213, 0.00017536994710098952, 4.870464181294665e-05, 0.0002780309587251395, 0.0008559006964787841, 2.094818773912266e-05, 1.6442494597868063e-05, 0.0004565269045997411, 2.392351052549202e-05]","[0.0009363949648104608, 0.9975314140319824, 0.0015321641694754362]","[0.0009363949648104608, 0.9975314140319824, 0.0015321641694754362]",False,YETERSİZ VERİ,RET,True,False,1936.1218999838457,"{""K1_input_and_readiness"": 0.07200002437457442, ""K7_context"": 0.001600012183189392, ""K1_normalization"": 0.0109999964479357, ""K6_advisory"": 34.260100015671924, ""K1_intent"": 0.05169998621568084, ""K2_retrieval"": 128.44349999795668, ""K3_reranker"": 1361.9812999968417, ""K8_weighted_ranking"": 1.1007999710272998, ""K3_candidate_filters"": 5.6480000203009695, ""K9_advisory_consensus"": 0.006799993570894003, ""K4_nli_and_bypass_check"": 202.86300001316704, ""K5_decision"": 198.1958999822382}",6047
FACTURK-0436,YALAN,"[27894, 9220, 29106, 27219, 15787, 21007, 24869, 6704, 9150, 3315, 29050, 25225, 19258, 22465, 21169, 3912, 19237, 22732, 7147, 12189]","[0.008610767312347889, 0.027169233188033104, 0.83601975440979, 0.0014550630003213882, 0.017712298780679703, 0.44773194193840027, 0.0905744731426239, 0.13466207683086395, 0.5700920224189758, 0.03126191347837448, 0.2073751986026764, 0.015365341678261757, 0.0064882696606218815, 0.26759952306747437, 0.25701841711997986, 0.04001227021217346, 0.06418264657258987, 0.008412977680563927, 0.010328153148293495, 0.17938674986362457]","[0.000874298915732652, 0.9790539741516113, 0.02007174678146839]","[0.000874298915732652, 0.9790539741516113, 0.02007174678146839]",False,YETERSİZ VERİ,RET,True,False,2303.3677999919746,"{""K1_input_and_readiness"": 0.066100008552894, ""K7_context"": 0.001700012944638729, ""K1_normalization"": 0.012599979527294636, ""K6_advisory"": 35.46859999187291, ""K1_intent"": 0.04149999585933983, ""K2_retrieval"": 181.49889999767765, ""K3_reranker"": 1607.4078000092413, ""K8_weighted_ranking"": 1.437900005839765, ""K3_candidate_filters"": 6.415500014554709, ""K9_advisory_consensus"": 0.007299997378140688, ""K4_nli_and_bypass_check"": 243.74870001338422, ""K5_decision"": 223.50799999549054}",29106
FACTURK-0437,DOĞRU,"[1217, 18277, 14868, 23453, 4021, 20275, 25862, 17644, 10293, 24167, 30288, 8783, 19754, 24088, 3104, 60, 2629, 21914, 255, 21429]","[0.0004747042548842728, 0.0007947254925966263, 4.6474400733131915e-05, 1.8777873265207745e-05, 0.0004108485300093889, 9.7615658887662e-05, 0.0003029734070878476, 2.566613329690881e-05, 0.004433765076100826, 0.0008040859247557819, 0.00026947917649522424, 2.265035072923638e-05, 2.0623421733034775e-05, 4.331903619458899e-05, 1.7231572201126255e-05, 1.6187581422855146e-05, 0.002521268092095852, 0.00013135180051904172, 0.0002251682453788817, 2.355261858610902e-05]","[0.002793296240270138, 0.9915068745613098, 0.005699829198420048]","[0.002793296240270138, 0.9915068745613098, 0.005699829198420048]",False,YALAN,RED,False,False,5707.555200002389,"{""K1_input_and_readiness"": 0.059600017266348004, ""K7_context"": 0.0014999823179095984, ""K1_normalization"": 0.024999986635521054, ""K6_advisory"": 33.76479999860749, ""K1_intent"": 0.05229999078437686, ""K2_retrieval"": 124.29479998536408, ""K3_reranker"": 5073.925500008045, ""K8_weighted_ranking"": 1.3232000055722892, ""K3_candidate_filters"": 6.799199996748939, ""K9_advisory_consensus"": 0.008300004992634058, ""K4_nli_and_bypass_check"": 304.99109998345375, ""K5_decision"": 158.71710001374595}",4021
FACTURK-0438,YALAN,"[9556, 21190, 14048, 13927, 9044, 22490, 3711, 2370, 26997, 29857, 25166, 5962, 15568, 11008, 23857, 12440, 13016, 13556, 836, 18102]","[0.015306354500353336, 0.00272558256983757, 5.874842099728994e-05, 1.6314539607265033e-05, 0.0053225355222821236, 1.7097478121286258e-05, 1.6187581422855146e-05, 1.6314539607265033e-05, 1.6442494597868063e-05, 1.6442494597868063e-05, 5.104190859128721e-05, 1.6061610949691385e-05, 1.6314539607265033e-05, 1.805851934477687e-05, 1.6314539607265033e-05, 1.657145367062185e-05, 1.6314539607265033e-05, 1.6187581422855146e-05, 0.00018961740715894848, 1.6061610949691385e-05]","[0.0015772919869050384, 0.01214540097862482, 0.9862772822380066]","[0.0015772919869050384, 0.01214540097862482, 0.9862772822380066]",False,DOĞRU,ONAY,False,False,2713.2319000083953,"{""K1_input_and_readiness"": 0.0473999825771898, ""K7_context"": 0.001600012183189392, ""K1_normalization"": 0.009400013368576765, ""K6_advisory"": 33.514700015075505, ""K1_intent"": 0.03560000914148986, ""K2_retrieval"": 117.02029997832142, ""K3_reranker"": 2223.2064000272658, ""K8_weighted_ranking"": 1.1412999883759767, ""K3_candidate_filters"": 5.8290000015404075, ""K9_advisory_consensus"": 0.007000024197623134, ""K4_nli_and_bypass_check"": 172.8945999930147, ""K5_decision"": 156.0475000005681}",9556
FACTURK-0439,DOĞRU,"[25343, 26464, 4945, 12068, 25194, 9689, 23127, 28337, 9642, 7812, 9695, 7270, 29365, 387, 23846, 26665, 20885, 23744, 350, 24531]","[4.1335399146191776e-05, 0.0006905414629727602, 0.00013552077871281654, 0.0002780309587251395, 0.0014269596431404352, 2.5071596610359848e-05, 2.178264912799932e-05, 1.6187581422855146e-05, 0.00016093082376755774, 1.6442494597868063e-05, 1.657145367062185e-05, 0.002082970691844821, 1.6187581422855146e-05, 1.6442494597868063e-05, 6.302758993115276e-05, 0.00021152888075448573, 2.3007036361377686e-05, 3.4537253668531775e-05, 1.6187581422855146e-05, 1.805851934477687e-05]","[0.002983285114169121, 0.9878016114234924, 0.009215079247951508]","[0.002983285114169121, 0.9878016114234924, 0.009215079247951508]",False,YETERSİZ VERİ,RET,True,False,1639.1377999971155,"{""K1_input_and_readiness"": 0.052300019888207316, ""K7_context"": 0.0012999807950109243, ""K1_normalization"": 0.009200011845678091, ""K6_advisory"": 34.03499998967163, ""K1_intent"": 0.0337999954354018, ""K2_retrieval"": 125.8320999913849, ""K3_reranker"": 1136.810299998615, ""K8_weighted_ranking"": 1.260399993043393, ""K3_candidate_filters"": 6.472400011261925, ""K9_advisory_consensus"": 0.007099995855242014, ""K4_nli_and_bypass_check"": 178.68849998922087, ""K5_decision"": 152.59089999017306}",12068
FACTURK-0440,YALAN,"[25396, 10366, 21223, 15723, 17009, 1570, 15832, 12404, 21796, 24237, 6309, 29575, 29574, 2859, 19834, 26659, 19369, 5612, 4420, 7495]","[0.00034329999471083283, 1.6442494597868063e-05, 0.00023782203788869083, 0.00017536994710098952, 0.00016474656877107918, 0.0019192374311387539, 1.6187581422855146e-05, 1.8631746570463292e-05, 1.6314539607265033e-05, 1.6442494597868063e-05, 0.0023322340566664934, 0.0003583672805689275, 0.0011786719551309943, 0.002491967985406518, 0.0004728544445242733, 0.00266261282376945, 0.0006190416170284152, 0.002491967985406518, 1.6314539607265033e-05, 1.8342892872169614e-05]","[0.003687298623844981, 0.9943675398826599, 0.0019451630068942904]","[0.003687298623844981, 0.9943675398826599, 0.0019451630068942904]",False,YETERSİZ VERİ,RET,True,False,1917.004699993413,"{""K1_input_and_readiness"": 0.051700015319511294, ""K7_context"": 0.001900014467537403, ""K1_normalization"": 0.00999998883344233, ""K6_advisory"": 33.31830000388436, ""K1_intent"": 0.033499993151053786, ""K2_retrieval"": 138.2922999910079, ""K3_reranker"": 1346.6591000033077, ""K8_weighted_ranking"": 1.1858999787364155, ""K3_candidate_filters"": 6.168899999465793, ""K9_advisory_consensus"": 0.007199996616691351, ""K4_nli_and_bypass_check"": 202.55260000703856, ""K5_decision"": 185.28379997587763}",5612
FACTURK-0441,YALAN,"[2697, 3843, 15394, 4855, 21416, 28944, 5659, 2337, 19866, 20052, 21058, 14516, 11058, 11083, 20683, 5397, 25030, 13066, 2047, 18561]","[0.00010310211655450985, 1.9373936083866283e-05, 0.007876706309616566, 0.00011235327838221565, 1.6314539607265033e-05, 0.03327393904328346, 0.00985985528677702, 5.649793456541374e-05, 3.071818719035946e-05, 1.7231572201126255e-05, 0.0026522595435380936, 1.6314539607265033e-05, 0.0060739340260624886, 0.00034196203341707587, 0.0029694451950490475, 1.6314539607265033e-05, 2.0785171727766283e-05, 1.6314539607265033e-05, 1.67014204635052e-05, 0.004700060468167067]","[0.0017170964274555445, 0.022045547142624855, 0.9762372970581055]","[0.0017170964274555445, 0.022045547142624855, 0.9762372970581055]",False,DOĞRU,ONAY,False,False,1308.4563000011258,"{""K1_input_and_readiness"": 0.07310000364668667, ""K7_context"": 0.0021999876480549574, ""K1_normalization"": 0.011299998732283711, ""K6_advisory"": 35.30350001528859, ""K1_intent"": 0.04129999433644116, ""K2_retrieval"": 118.64540001261048, ""K3_reranker"": 1122.0455000002403, ""K8_weighted_ranking"": 1.2251000152900815, ""K3_candidate_filters"": 6.024400005117059, ""K9_advisory_consensus"": 0.00680002267472446, ""K4_nli_and_bypass_check"": 21.57529999385588, ""K5_decision"": 0.29689999064430594}",28944
FACTURK-0442,YALAN,"[24760, 22441, 23745, 17360, 22762, 18976, 309, 11814, 19132, 16208, 7785, 5178, 4436, 29057, 21437, 20713, 22621, 23611, 26016, 11606]","[2.8857117285951972e-05, 6.302758993115276e-05, 0.004886374808847904, 0.003403005190193653, 0.000159678646014072, 0.0005295418086461723, 0.0015070488443598151, 0.000682501879055053, 0.014227046631276608, 0.00028462239424698055, 0.0009181900531984866, 0.0002959570847451687, 0.00013765462790615857, 0.00019871552649419755, 0.0006538155721500516, 0.0003006163169629872, 5.144220995134674e-05, 3.4001819585682824e-05, 0.000661517377011478, 0.0002715921145863831]","[0.0008066400187090039, 0.01957094855606556, 0.979622483253479]","[0.0008066400187090039, 0.01957094855606556, 0.979622483253479]",False,DOĞRU,ONAY,False,False,3247.994400007883,"{""K1_input_and_readiness"": 0.049200025387108326, ""K7_context"": 0.001600012183189392, ""K1_normalization"": 0.00969998654909432, ""K6_advisory"": 35.3453999850899, ""K1_intent"": 0.05210001836530864, ""K2_retrieval"": 144.69250000547618, ""K3_reranker"": 2410.546200000681, ""K8_weighted_ranking"": 1.5901000006124377, ""K3_candidate_filters"": 6.787299993447959, ""K9_advisory_consensus"": 0.008300004992634058, ""K4_nli_and_bypass_check"": 416.737399995327, ""K5_decision"": 228.6333999945782}",19132
FACTURK-0443,YALAN,"[4452, 26400, 8200, 20222, 10285, 22695, 4561, 28701, 4224, 24567, 13795, 12677, 14723, 13967, 18412, 20781, 29330, 16644, 4143, 22587]","[0.00028685410507023335, 0.06131153553724289, 0.00027372167096473277, 0.0006142272031866014, 0.002822832902893424, 0.0013045065570622683, 0.016721142455935478, 0.00017813112935982645, 0.0040543340146541595, 0.007785655092447996, 0.002992665395140648, 0.01615283451974392, 0.0003077430883422494, 0.03397199511528015, 0.0055333878844976425, 0.0009850083151832223, 0.004451041109859943, 0.0023413407616317272, 0.003324436955153942, 2.1278065105434507e-05]","[0.0008395251352339983, 0.02440814860165119, 0.9747523069381714]","[0.0008395251352339983, 0.02440814860165119, 0.9747523069381714]",False,DOĞRU,ONAY,False,False,2392.7043000003323,"{""K1_input_and_readiness"": 0.06660001236014068, ""K7_context"": 0.001700012944638729, ""K1_normalization"": 0.009499985026195645, ""K6_advisory"": 34.55589999794029, ""K1_intent"": 0.039000005926936865, ""K2_retrieval"": 147.0293999882415, ""K3_reranker"": 1633.7547000148334, ""K8_weighted_ranking"": 1.347400015220046, ""K3_candidate_filters"": 6.847099983133376, ""K9_advisory_consensus"": 0.007800001185387373, ""K4_nli_and_bypass_check"": 293.85509999701753, ""K5_decision"": 271.8225000135135}",13967
FACTURK-0444,YALAN,"[10913, 12442, 15616, 4964, 19793, 15372, 19484, 28886, 5035, 22465, 6112, 12107, 5512, 2121, 2984, 9150, 16128, 17081, 10408, 27463]","[0.9826908707618713, 0.08772001415491104, 0.10320506244897842, 0.011823395267128944, 0.000954731716774404, 0.18892180919647217, 0.005040702875703573, 0.059101540595293045, 0.023153411224484444, 0.0487670972943306, 0.00019871552649419755, 0.0034970103297382593, 0.0002492325147613883, 0.009161027148365974, 0.05749328061938286, 2.161314114346169e-05, 0.017242778092622757, 3.373722574906424e-05, 0.03283695504069328, 0.00014539113908540457]","[0.019369009882211685, 0.9781539440155029, 0.0024770169984549284]","[0.019369009882211685, 0.9781539440155029, 0.0024770169984549284]",False,YETERSİZ VERİ,RET,True,False,2084.7999999823514,"{""K1_input_and_readiness"": 0.05940001574344933, ""K7_context"": 0.001400010660290718, ""K1_normalization"": 0.012100004823878407, ""K6_advisory"": 34.49419999378733, ""K1_intent"": 0.04199999966658652, ""K2_retrieval"": 153.30370000447147, ""K3_reranker"": 1598.0076999985613, ""K8_weighted_ranking"": 1.0603000118862838, ""K3_candidate_filters"": 5.589799984591082, ""K9_advisory_consensus"": 0.006600021151825786, ""K4_nli_and_bypass_check"": 150.73999998276122, ""K5_decision"": 137.86280000931583}",10913
FACTURK-0445,DOĞRU,"[7505, 21609, 12686, 1362, 195, 21056, 221, 17009, 24882, 21491, 2009, 14542, 1596, 20988, 23792, 25534, 4879, 6769, 48, 14659]","[0.9760379791259766, 0.0012065897462889552, 0.0002715921145863831, 1.750292540236842e-05, 0.0009735437924973667, 2.3737338779028505e-05, 0.0007793660624884069, 1.750292540236842e-05, 0.0003006163169629872, 1.67014204635052e-05, 1.7778551409719512e-05, 1.6442494597868063e-05, 3.7931622500764206e-05, 0.0005295418086461723, 1.6964426322374493e-05, 3.975192521465942e-05, 1.6187581422855146e-05, 2.178264912799932e-05, 1.7778551409719512e-05, 1.6442494597868063e-05]","[0.9966788291931152, 0.00048709995462559164, 0.0028341105207800865]","[0.9966788291931152, 0.00048709995462559164, 0.0028341105207800865]",False,DOĞRU,ONAY,False,False,2772.623199998634,"{""K1_input_and_readiness"": 0.04780001472681761, ""K7_context"": 0.0016999838408082724, ""K1_normalization"": 0.009600014891475439, ""K6_advisory"": 33.90209999633953, ""K1_intent"": 0.05780000356025994, ""K2_retrieval"": 123.88109997846186, ""K3_reranker"": 2379.2479999829084, ""K8_weighted_ranking"": 1.2886000040452927, ""K3_candidate_filters"": 5.780999985290691, ""K9_advisory_consensus"": 0.006699992809444666, ""K4_nli_and_bypass_check"": 108.2911999837961, ""K5_decision"": 116.99030001182109}",7505
FACTURK-0446,YALAN,"[14191, 26166, 26006, 27564, 9705, 12966, 25177, 11155, 27317, 12161, 3458, 19205, 9150, 12729, 13369, 16903, 23132, 4305, 15494, 27436]","[0.00015720345254521817, 6.976470467634499e-05, 0.0002591582597233355, 1.805851934477687e-05, 4.298194107832387e-05, 0.00013552077871281654, 3.591300992411561e-05, 1.7778551409719512e-05, 1.67014204635052e-05, 4.7206227463902906e-05, 4.1659583075670525e-05, 1.6442494597868063e-05, 0.00011866796558024362, 1.6314539607265033e-05, 2.1278065105434507e-05, 1.6187581422855146e-05, 1.967902426258661e-05, 1.8777873265207745e-05, 1.6061610949691385e-05, 1.6187581422855146e-05]","[0.0022930302657186985, 0.9964156150817871, 0.001291388412937522]","[0.0022930302657186985, 0.9964156150817871, 0.001291388412937522]",False,YETERSİZ VERİ,RET,True,False,2192.9581000003964,"{""K1_input_and_readiness"": 0.062000006437301636, ""K7_context"": 0.0014999823179095984, ""K1_normalization"": 0.012200005585327744, ""K6_advisory"": 33.960400003707036, ""K1_intent"": 0.04640000406652689, ""K2_retrieval"": 194.11650000256486, ""K3_reranker"": 1930.9817999892402, ""K8_weighted_ranking"": 1.2394999794196337, ""K3_candidate_filters"": 6.185600010212511, ""K9_advisory_consensus"": 0.007299997378140688, ""K4_nli_and_bypass_check"": 22.613099979935214, ""K5_decision"": 0.29039999935775995}",9150
FACTURK-0447,DOĞRU,"[9381, 21527, 7958, 10633, 23317, 30010, 18731, 2103, 9666, 20541, 1984, 7276, 11518, 11224, 693, 16607, 2155, 24276, 12671, 24165]","[0.0005549409543164074, 1.6442494597868063e-05, 0.00010229986219201237, 1.67014204635052e-05, 1.6964426322374493e-05, 1.6061610949691385e-05, 1.7917987861437723e-05, 0.0005680934991687536, 2.2827996872365475e-05, 3.9135655242716894e-05, 1.6314539607265033e-05, 2.2125668692751788e-05, 4.331903619458899e-05, 1.6187581422855146e-05, 2.3369333575828932e-05, 1.6442494597868063e-05, 1.67014204635052e-05, 3.8229114579735324e-05, 0.00018667821132112294, 0.00015843621804378927]","[0.00573076494038105, 0.8619992136955261, 0.13227008283138275]","[0.00573076494038105, 0.8619992136955261, 0.13227008283138275]",False,YALAN,RED,False,False,1686.580400011735,"{""K1_input_and_readiness"": 0.0433000095654279, ""K7_context"": 0.001200009137392044, ""K1_normalization"": 0.008500006515532732, ""K6_advisory"": 33.15649999422021, ""K1_intent"": 0.05490001058205962, ""K2_retrieval"": 114.2894999939017, ""K3_reranker"": 1110.5097999970894, ""K8_weighted_ranking"": 1.2517999857664108, ""K3_candidate_filters"": 6.365799985360354, ""K9_advisory_consensus"": 0.007399998139590025, ""K4_nli_and_bypass_check"": 223.8358999893535, ""K5_decision"": 193.3967999939341}",16607
FACTURK-0448,DOĞRU,"[17625, 8663, 16895, 26481, 17939, 19283, 22772, 3103, 18508, 3951, 6064, 7660, 14305, 25658, 21887, 27366, 24425, 13470, 16852, 24977]","[0.08137363195419312, 0.0029810327105224133, 0.00010554686014074832, 0.00020184421737212688, 0.0844927504658699, 9.535461140330881e-05, 0.0002396868512732908, 0.00025118677876889706, 0.0011972112115472555, 0.00017265156202483922, 4.434627408045344e-05, 2.977311669383198e-05, 1.657145367062185e-05, 0.0001837845629779622, 1.6187581422855146e-05, 0.0002591582597233355, 0.0002287133247591555, 0.0012893283274024725, 0.00013982206291984767, 0.00018961740715894848]","[0.0013437941670417786, 0.9960678815841675, 0.002588280476629734]","[0.0013437941670417786, 0.9960678815841675, 0.002588280476629734]",False,YETERSİZ VERİ,RET,True,False,1558.7458000227343,"{""K1_input_and_readiness"": 0.06469999789260328, ""K7_context"": 0.001600012183189392, ""K1_normalization"": 0.014299992471933365, ""K6_advisory"": 36.171000014292076, ""K1_intent"": 0.06210000719875097, ""K2_retrieval"": 186.17439997615293, ""K3_reranker"": 1303.8974999799393, ""K8_weighted_ranking"": 1.0482000070624053, ""K3_candidate_filters"": 5.532599985599518, ""K9_advisory_consensus"": 0.007099995855242014, ""K4_nli_and_bypass_check"": 22.011199995176867, ""K5_decision"": 0.37620001239702106}",27366
FACTURK-0449,DOĞRU,"[137, 202, 20529, 16066, 23124, 1056, 7301, 16751, 12802, 20771, 23428, 20596, 18354, 139, 13753, 824, 2885, 199, 18945, 6224]","[0.029145970940589905, 0.023509452119469643, 0.0010122860549017787, 1.6314539607265033e-05, 2.229919846286066e-05, 1.9525883544702083e-05, 0.004198795650154352, 2.818866414600052e-05, 2.178264912799932e-05, 3.591300992411561e-05, 1.8777873265207745e-05, 7.484622619813308e-05, 1.6061610949691385e-05, 1.6187581422855146e-05, 0.010489090345799923, 1.750292540236842e-05, 3.9442587876692414e-05, 1.6187581422855146e-05, 1.6442494597868063e-05, 1.6187581422855146e-05]","[0.5235232710838318, 0.4384947717189789, 0.03798195719718933]","[0.5235232710838318, 0.4384947717189789, 0.03798195719718933]",False,DOĞRU,ONAY,False,False,1595.1363999920432,"{""K1_input_and_readiness"": 0.051499984692782164, ""K7_context"": 0.001800013706088066, ""K1_normalization"": 0.009300012607127428, ""K6_advisory"": 34.85480000381358, ""K1_intent"": 0.035200006095692515, ""K2_retrieval"": 123.33020000369288, ""K3_reranker"": 1202.88920000894, ""K8_weighted_ranking"": 1.4425000117626041, ""K3_candidate_filters"": 7.1696999948471785, ""K9_advisory_consensus"": 0.008200004231184721, ""K4_nli_and_bypass_check"": 129.43209998775274, ""K5_decision"": 92.65040000900626}",137
FACTURK-0450,DOĞRU,"[25030, 11726, 1293, 11964, 3796, 5479, 21608, 20210, 16721, 29809, 18409, 2395, 24851, 5391, 28877, 11235, 8785, 19802, 12342, 15673]","[3.5633544030133635e-05, 0.00016346470511052758, 2.0785171727766283e-05, 0.0003770285693462938, 8.750300185056403e-05, 1.8200149497715756e-05, 3.1201914680423215e-05, 5.783766391687095e-05, 5.144220995134674e-05, 5.518923353520222e-05, 1.657145367062185e-05, 1.6442494597868063e-05, 0.0004994205664843321, 1.750292540236842e-05, 1.6187581422855146e-05, 0.0014721895568072796, 4.400118632474914e-05, 4.101373633602634e-05, 0.0010322310263291001, 2.7751651941798627e-05]","[0.013168693520128727, 0.09214892238378525, 0.8946823477745056]","[0.013168693520128727, 0.09214892238378525, 0.8946823477745056]",False,DOĞRU,ONAY,False,False,2437.654199980898,"{""K1_input_and_readiness"": 0.05080000846646726, ""K7_context"": 0.0017999846022576094, ""K1_normalization"": 0.010500021744519472, ""K6_advisory"": 33.865700010210276, ""K1_intent"": 0.03880000440403819, ""K2_retrieval"": 140.70069999434054, ""K3_reranker"": 1699.097000004258, ""K8_weighted_ranking"": 1.3843000051565468, ""K3_candidate_filters"": 6.602499983273447, ""K9_advisory_consensus"": 0.00790000194683671, ""K4_nli_and_bypass_check"": 297.46390000218526, ""K5_decision"": 254.57099999766797}",20210
FACTURK-0451,DOĞRU,"[19719, 3682, 20867, 29740, 22320, 5073, 28039, 14249, 13440, 19280, 19329, 26359, 9102, 6141, 26435, 2951, 16987, 1506, 5253, 22738]","[0.999127209186554, 0.014672035351395607, 0.0015247863484546542, 0.00019871552649419755, 0.00012148174573667347, 0.00027372167096473277, 1.6187581422855146e-05, 0.001483718864619732, 0.0004784255870617926, 1.6314539607265033e-05, 0.0012303582625463605, 1.6187581422855146e-05, 1.6187581422855146e-05, 8.284655632451177e-05, 1.6061610949691385e-05, 2.977311669383198e-05, 7.197912054834887e-05, 3.219233258278109e-05, 1.6187581422855146e-05, 0.00017536994710098952]",null,"[1.0, 0.0, 0.0]",True,DOĞRU,ONAY,False,False,1681.4707000157796,"{""K1_input_and_readiness"": 0.06839999696239829, ""K7_context"": 0.0014999823179095984, ""K1_normalization"": 0.013800017768517137, ""K6_advisory"": 36.92610000143759, ""K1_intent"": 0.06799999391660094, ""K2_retrieval"": 137.6915999862831, ""K3_reranker"": 1494.7008000162896, ""K8_weighted_ranking"": 1.2132999836467206, ""K3_candidate_filters"": 6.7946999915875494, ""K9_advisory_consensus"": 0.008100003469735384, ""K4_nli_and_bypass_check"": 0.22999997599981725, ""K5_decision"": 0.30819998937658966}",19719
FACTURK-0452,YALAN,"[23438, 26119, 3473, 19963, 15133, 5169, 7164, 2417, 25852, 17105, 23586, 27732, 10890, 19361, 27084, 26001, 22992, 11659, 5607, 16719]","[0.07107366621494293, 0.001483718864619732, 0.0042151594534516335, 0.025371311232447624, 0.00012830943160224706, 0.0017961491830646992, 0.0015854305820539594, 0.13307686150074005, 0.0035243413876742125, 0.01890544593334198, 0.0006771942134946585, 0.015306354500353336, 0.011597361415624619, 0.0005013742484152317, 0.006957608740776777, 0.00017536994710098952, 0.003123648464679718, 0.0006190416170284152, 1.6187581422855146e-05, 0.004297939129173756]","[0.0038508393336087465, 0.9518566727638245, 0.04429254308342934]","[0.0038508393336087465, 0.9518566727638245, 0.04429254308342934]",False,YALAN,RED,False,False,1346.2654000031762,"{""K1_input_and_readiness"": 0.05189998773857951, ""K7_context"": 0.0013999815564602613, ""K1_normalization"": 0.011000025551766157, ""K6_advisory"": 35.3078999905847, ""K1_intent"": 0.06600000779144466, ""K2_retrieval"": 141.09250000910833, ""K3_reranker"": 1131.4450000063516, ""K8_weighted_ranking"": 1.223200000822544, ""K3_candidate_filters"": 6.5030999830923975, ""K9_advisory_consensus"": 0.008099974365904927, ""K4_nli_and_bypass_check"": 26.756800012663007, ""K5_decision"": 0.295600009849295}",19963
FACTURK-0453,DOĞRU,"[24746, 16831, 24994, 19793, 889, 15270, 16014, 14138, 9899, 25113, 17297, 5321, 12859, 8098, 20980, 1795, 23698, 21665, 20133, 23080]","[1.6187581422855146e-05, 0.5991333723068237, 0.0029694451950490475, 0.0001673405058681965, 1.6187581422855146e-05, 4.469407213036902e-05, 1.6061610949691385e-05, 1.6187581422855146e-05, 0.00041731575038284063, 0.04655127227306366, 0.13603349030017853, 1.6187581422855146e-05, 5.694102947018109e-05, 1.6061610949691385e-05, 2.178264912799932e-05, 1.9373936083866283e-05, 1.6187581422855146e-05, 1.683241134742275e-05, 1.6187581422855146e-05, 0.0008199321455322206]","[0.005079581867903471, 0.1600266695022583, 0.8348938226699829]","[0.005079581867903471, 0.1600266695022583, 0.8348938226699829]",False,DOĞRU,ONAY,False,False,2038.9537000155542,"{""K1_input_and_readiness"": 0.05709999823011458, ""K7_context"": 0.001200009137392044, ""K1_normalization"": 0.011399999493733048, ""K6_advisory"": 34.60749998339452, ""K1_intent"": 0.03679998917505145, ""K2_retrieval"": 131.57909997971728, ""K3_reranker"": 1315.5948999919929, ""K8_weighted_ranking"": 1.282599987462163, ""K3_candidate_filters"": 6.414000003132969, ""K9_advisory_consensus"": 0.007199996616691351, ""K4_nli_and_bypass_check"": 285.1772000140045, ""K5_decision"": 260.77160000568256}",16831
FACTURK-0454,DOĞRU,"[394, 7110, 21980, 15844, 27598, 9362, 5238, 29191, 3878, 10959, 28636, 13879, 15445, 30174, 3512, 15823, 1337, 21260, 13337, 22356]","[0.9743373394012451, 0.057599205523729324, 0.00025118677876889706, 0.000191104321856983, 3.852893496514298e-05, 0.0006959536112844944, 1.8486754925106652e-05, 0.00013765462790615857, 0.00037409563083201647, 6.0613183450186625e-05, 0.0003814711526501924, 0.0001673405058681965, 0.000471011851914227, 2.0623421733034775e-05, 0.00025118677876889706, 2.3369333575828932e-05, 0.00013342000602278858, 1.657145367062185e-05, 3.9442587876692414e-05, 2.0623421733034775e-05]","[0.004165465943515301, 0.9951199293136597, 0.0007146581192500889]","[0.004165465943515301, 0.9951199293136597, 0.0007146581192500889]",False,YALAN,RED,False,False,2132.151000027079,"{""K1_input_and_readiness"": 0.05160001455806196, ""K7_context"": 0.0015999830793589354, ""K1_normalization"": 0.010399991879239678, ""K6_advisory"": 34.397499985061586, ""K1_intent"": 0.044800020987167954, ""K2_retrieval"": 155.03400002489798, ""K3_reranker"": 1627.3691999958828, ""K8_weighted_ranking"": 1.4042000111658126, ""K3_candidate_filters"": 7.26879999274388, ""K9_advisory_consensus"": 0.007700000423938036, ""K4_nli_and_bypass_check"": 185.53580000298098, ""K5_decision"": 117.57900001248345}",394
FACTURK-0455,DOĞRU,"[23792, 6477, 5980, 9101, 3532, 1170, 29038, 8790, 23686, 22466, 29976, 20136, 8602, 6181, 23790, 19953, 15941, 9405, 14012, 24768]","[0.08756384253501892, 6.868317723274231e-05, 0.08137363195419312, 0.00524044968187809, 0.11221037805080414, 3.3474691008450463e-05, 0.0003920417802873999, 1.6061610949691385e-05, 4.298194107832387e-05, 0.0005770345451310277, 0.001512938179075718, 0.07198162376880646, 0.06681232154369354, 0.0005930210463702679, 0.0008167381165549159, 0.006463137920945883, 0.0001195985751110129, 3.4001819585682824e-05, 0.02124669775366783, 0.02655657008290291]","[0.0009774547070264816, 0.9973177313804626, 0.0017048300942406058]","[0.0009774547070264816, 0.9973177313804626, 0.0017048300942406058]",False,YALAN,UYARI,False,False,2776.8401999783237,"{""K1_input_and_readiness"": 0.07639999967068434, ""K7_context"": 0.001500011421740055, ""K1_normalization"": 0.02409997978247702, ""K6_advisory"": 35.147200018400326, ""K1_intent"": 0.054100004490464926, ""K2_retrieval"": 235.48319999827072, ""K3_reranker"": 2359.1955000010785, ""K8_weighted_ranking"": 1.2559000169858336, ""K3_candidate_filters"": 6.14419998601079, ""K9_advisory_consensus"": 0.007800001185387373, ""K4_nli_and_bypass_check"": 135.28459999361075, ""K5_decision"": 0.36339997313916683}",3532
FACTURK-0456,DOĞRU,"[12152, 13712, 18181, 14909, 27475, 2007, 18172, 17587, 24053, 25815, 27784, 23726, 3233, 17510, 27074, 9938, 28579, 16740, 526, 18865]","[0.0468120314180851, 0.9600626826286316, 0.0005172813544049859, 0.009125636890530586, 3.4808123018592596e-05, 0.00036829791497439146, 0.020725060254335403, 0.00037263770354911685, 4.365878339740448e-05, 0.00021824207215104252, 0.04008735716342926, 0.003621685551479459, 1.8631746570463292e-05, 0.026205414906144142, 6.402006692951545e-05, 5.433364276541397e-05, 0.007907291874289513, 0.0006538155721500516, 5.829126530443318e-05, 0.001622967072762549]","[0.002650556620210409, 0.9963337182998657, 0.0010156924836337566]","[0.002650556620210409, 0.9963337182998657, 0.0010156924836337566]",False,YALAN,RED,False,False,1871.2509999750182,"{""K1_input_and_readiness"": 0.06520000169984996, ""K7_context"": 0.0017999846022576094, ""K1_normalization"": 0.010600022505968809, ""K6_advisory"": 36.409600026672706, ""K1_intent"": 0.06769999163225293, ""K2_retrieval"": 143.46689998637885, ""K3_reranker"": 1326.964100007899, ""K8_weighted_ranking"": 1.0674999793991446, ""K3_candidate_filters"": 6.031500000972301, ""K9_advisory_consensus"": 0.007299997378140688, ""K4_nli_and_bypass_check"": 192.55949999205768, ""K5_decision"": 160.833800007822}",13712
FACTURK-0457,DOĞRU,"[3638, 26883, 3954, 4240, 28920, 18470, 18635, 7599, 23660, 22040, 24289, 18207, 25258, 12580, 26167, 26739, 26178, 15677, 6541, 9470]","[0.988711953163147, 2.014569145103451e-05, 0.0014048678567633033, 3.1201914680423215e-05, 9.387641330249608e-05, 2.710879925871268e-05, 2.3369333575828932e-05, 6.452214438468218e-05, 0.00010720880527514964, 0.0002959570847451687, 1.7640199075685814e-05, 0.0001344663032796234, 8.415108459303156e-05, 1.6442494597868063e-05, 1.6442494597868063e-05, 2.710879925871268e-05, 1.7097478121286258e-05, 1.6061610949691385e-05, 1.6187581422855146e-05, 2.4682904040673748e-05]","[0.9908058047294617, 0.004961771424859762, 0.004232351202517748]","[0.9908058047294617, 0.004961771424859762, 0.004232351202517748]",False,YALAN,RED,False,False,2132.3984999908134,"{""K1_input_and_readiness"": 0.06660001236014068, ""K7_context"": 0.0021999876480549574, ""K1_normalization"": 0.015199999324977398, ""K6_advisory"": 36.15440000430681, ""K1_intent"": 0.05220001912675798, ""K2_retrieval"": 132.98620001296513, ""K3_reranker"": 1869.2483000049833, ""K8_weighted_ranking"": 1.145999995060265, ""K3_candidate_filters"": 5.590499989921227, ""K9_advisory_consensus"": 0.007200025720521808, ""K4_nli_and_bypass_check"": 53.44730001525022, ""K5_decision"": 30.428099998971447}",3638
FACTURK-0458,DOĞRU,"[29203, 7986, 22211, 2951, 17586, 10655, 12912, 19271, 13228, 16729, 22323, 28784, 22368, 24303, 25101, 8318, 5342, 14842, 24868, 17602]","[0.00020988310279790312, 1.6061610949691385e-05, 1.6314539607265033e-05, 0.0009659748757258058, 1.750292540236842e-05, 0.0006047102506272495, 1.7640199075685814e-05, 3.591300992411561e-05, 2.1278065105434507e-05, 0.0026316740550100803, 0.0002591582597233355, 7.426380761899054e-05, 2.161314114346169e-05, 0.0005725466180592775, 0.19620941579341888, 1.6187581422855146e-05, 1.8486754925106652e-05, 0.0018458482809364796, 1.6061610949691385e-05, 0.001383117400109768]","[0.003154987934976816, 0.16881118714809418, 0.8280338644981384]","[0.003154987934976816, 0.16881118714809418, 0.8280338644981384]",False,DOĞRU,ONAY,False,False,1832.4987999803852,"{""K1_input_and_readiness"": 0.05679999594576657, ""K7_context"": 0.001200009137392044, ""K1_normalization"": 0.012200005585327744, ""K6_advisory"": 33.9582999877166, ""K1_intent"": 0.04369998350739479, ""K2_retrieval"": 151.71919998829253, ""K3_reranker"": 1610.0095000001602, ""K8_weighted_ranking"": 1.1024000123143196, ""K3_candidate_filters"": 5.586699990089983, ""K9_advisory_consensus"": 0.005799985956400633, ""K4_nli_and_bypass_check"": 26.5281000174582, ""K5_decision"": 0.3150000120513141}",22368
FACTURK-0459,DOĞRU,"[4012, 27823, 7968, 29502, 26299, 25662, 17467, 20162, 26227, 27910, 6254, 2043, 17845, 16119, 12935, 25193, 29595, 24508, 15755, 17830]","[5.738759500673041e-05, 0.0011247574584558606, 1.6187581422855146e-05, 0.0028118586633354425, 3.975192521465942e-05, 0.0001511819864390418, 1.6061610949691385e-05, 1.6314539607265033e-05, 0.00012053649697918445, 0.9599125981330872, 1.683241134742275e-05, 9.993031562771648e-05, 1.6187581422855146e-05, 1.6314539607265033e-05, 8.415108459303156e-05, 0.001629308913834393, 0.0007524627726525068, 1.657145367062185e-05, 0.0006878511630930007, 1.6314539607265033e-05]","[0.01673148386180401, 0.9830133318901062, 0.0002551537472754717]","[0.01673148386180401, 0.9830133318901062, 0.0002551537472754717]",False,YETERSİZ VERİ,RET,True,False,1976.5511000005063,"{""K1_input_and_readiness"": 0.04029998672194779, ""K7_context"": 0.001600012183189392, ""K1_normalization"": 0.009200011845678091, ""K6_advisory"": 33.63119999994524, ""K1_intent"": 0.037900026654824615, ""K2_retrieval"": 118.05620000814088, ""K3_reranker"": 1596.936200017808, ""K8_weighted_ranking"": 1.4724000066053122, ""K3_candidate_filters"": 6.522999989101663, ""K9_advisory_consensus"": 0.006999995093792677, ""K4_nli_and_bypass_check"": 126.51970001752488, ""K5_decision"": 90.095299994573}",27910
FACTURK-0460,DOĞRU,"[6952, 10933, 8942, 15741, 7284, 14392, 26562, 28591, 26929, 20767, 9463, 27727, 852, 15196, 8785, 4292, 26808, 5108, 9535, 28800]","[0.001069126301445067, 0.005797401536256075, 0.000491681566927582, 0.2018132209777832, 0.0023596605751663446, 0.00018522572645451874, 0.4157288372516632, 1.967902426258661e-05, 0.0003077430883422494, 0.0008592476369813085, 0.004451041109859943, 0.3812195360660553, 1.67014204635052e-05, 0.15418487787246704, 0.0012255674228072166, 1.7640199075685814e-05, 1.6061610949691385e-05, 0.00341627886518836, 0.34224167466163635, 9.17019642656669e-05]","[0.030627423897385597, 0.8942487835884094, 0.07512382417917252]","[0.030627423897385597, 0.8942487835884094, 0.07512382417917252]",False,YALAN,RED,False,False,3145.807100023376,"{""K1_input_and_readiness"": 0.07760000880807638, ""K7_context"": 0.0016999838408082724, ""K1_normalization"": 0.015300000086426735, ""K6_advisory"": 35.464199987472966, ""K1_intent"": 0.052800023695454, ""K2_retrieval"": 161.41800000332296, ""K3_reranker"": 2084.415399993304, ""K8_weighted_ranking"": 1.2237000046297908, ""K3_candidate_filters"": 6.415399984689429, ""K9_advisory_consensus"": 0.007199996616691351, ""K4_nli_and_bypass_check"": 505.45619998592883, ""K5_decision"": 347.7617999888025}",26562
FACTURK-0461,DOĞRU,"[16362, 27523, 5821, 18468, 21803, 7451, 2088, 26694, 2450, 1572, 20683, 10106, 23880, 21874, 28510, 6418, 29138, 20718, 11058, 8008]","[0.003135835751891136, 0.018761085346341133, 0.0007733057136647403, 0.2420264333486557, 0.0010083435336127877, 0.00020502213737927377, 5.0644717703107744e-05, 0.001220795209519565, 0.00012830943160224706, 0.00012148174573667347, 0.004736748989671469, 0.0074030146934092045, 1.8486754925106652e-05, 0.0003366621967870742, 0.2889702320098877, 0.021739594638347626, 0.17078441381454468, 0.0002234163403045386, 0.01615283451974392, 3.244481558795087e-05]","[0.003221618477255106, 0.9935641884803772, 0.0032141890842467546]","[0.003221618477255106, 0.9935641884803772, 0.0032141890842467546]",False,YETERSİZ VERİ,RET,True,False,1863.6736999906134,"{""K1_input_and_readiness"": 0.05490001058205962, ""K7_context"": 0.0014999823179095984, ""K1_normalization"": 0.011199997970834374, ""K6_advisory"": 36.898399994242936, ""K1_intent"": 0.07760000880807638, ""K2_retrieval"": 194.68509999569505, ""K3_reranker"": 1337.5579999992624, ""K8_weighted_ranking"": 1.219800004037097, ""K3_candidate_filters"": 5.997200001729652, ""K9_advisory_consensus"": 0.006999995093792677, ""K4_nli_and_bypass_check"": 139.3982000008691, ""K5_decision"": 144.3894999974873}",28510
FACTURK-0462,DOĞRU,"[22886, 11229, 27460, 2294, 8916, 15736, 5113, 14231, 13369, 6592, 28576, 26581, 15208, 2238, 13166, 19441, 15313, 4127, 1814, 6380]","[0.00039821304380893707, 0.005469274241477251, 5.649793456541374e-05, 1.6187581422855146e-05, 1.6442494597868063e-05, 1.67014204635052e-05, 2.4300241420860402e-05, 8.682210318511352e-05, 6.868317723274231e-05, 1.6187581422855146e-05, 3.219233258278109e-05, 2.7969301299890503e-05, 1.892514956125524e-05, 3.508111694827676e-05, 1.6187581422855146e-05, 0.00037555923336185515, 1.6061610949691385e-05, 5.920916373725049e-05, 0.00010229986219201237, 3.4537253668531775e-05]","[0.006400851532816887, 0.0030256856698542833, 0.9905734658241272]","[0.006400851532816887, 0.0030256856698542833, 0.9905734658241272]",False,YETERSİZ VERİ,KISMI,True,False,2340.9404999983963,"{""K1_input_and_readiness"": 0.04499999340623617, ""K7_context"": 0.001700012944638729, ""K1_normalization"": 0.008599978173151612, ""K6_advisory"": 32.4978000135161, ""K1_intent"": 0.029300019377842546, ""K2_retrieval"": 109.03789999429137, ""K3_reranker"": 1930.6701000023168, ""K8_weighted_ranking"": 1.9610999734140933, ""K3_candidate_filters"": 6.456700008129701, ""K9_advisory_consensus"": 0.007399998139590025, ""K4_nli_and_bypass_check"": 195.06689999252558, ""K5_decision"": 61.395500000799075}",11229
FACTURK-0463,DOĞRU,"[4682, 20136, 23757, 12622, 2899, 7178, 26355, 29494, 19661, 2846, 8792, 22394, 17885, 1766, 13950, 24625, 14107, 1645, 16824, 28704]","[2.161314114346169e-05, 0.0035657365806400776, 0.0015669887652620673, 0.15674921870231628, 0.00010071400902234018, 2.318747829122003e-05, 0.0005907104350626469, 2.3369333575828932e-05, 1.7231572201126255e-05, 1.6187581422855146e-05, 0.04099902883172035, 0.00020825010142289102, 3.1693256460130215e-05, 6.452214438468218e-05, 3.591300992411561e-05, 0.001536727068014443, 4.231559796608053e-05, 0.0007379196467809379, 2.6688529032981023e-05, 1.6187581422855146e-05]","[0.0004852986603509635, 0.9992152452468872, 0.0002993864181917161]","[0.0004852986603509635, 0.9992152452468872, 0.0002993864181917161]",False,YALAN,UYARI,False,False,1871.486799995182,"{""K1_input_and_readiness"": 0.06700001540593803, ""K7_context"": 0.0013999815564602613, ""K1_normalization"": 0.012200005585327744, ""K6_advisory"": 34.61370000150055, ""K1_intent"": 0.04529999569058418, ""K2_retrieval"": 175.78980000689626, ""K3_reranker"": 1630.5167000100482, ""K8_weighted_ranking"": 1.211800001328811, ""K3_candidate_filters"": 5.229600006714463, ""K9_advisory_consensus"": 0.00589998671784997, ""K4_nli_and_bypass_check"": 20.74080001330003, ""K5_decision"": 0.28479998582042754}",8792
FACTURK-0464,DOĞRU,"[16491, 16499, 17870, 13946, 24749, 15962, 5228, 5908, 26201, 23309, 27957, 1572, 14155, 120, 1149, 70, 7836, 15658, 15763, 7681]","[0.0007236572564579546, 0.21900326013565063, 0.00046917638974264264, 0.0009326360304839909, 5.3075080359121785e-05, 2.392351052549202e-05, 1.6061610949691385e-05, 0.0007180297398008406, 3.7931622500764206e-05, 1.6187581422855146e-05, 1.6061610949691385e-05, 0.07356304675340652, 0.000159678646014072, 6.302758993115276e-05, 0.00011866796558024362, 6.0613183450186625e-05, 0.004538431763648987, 1.6442494597868063e-05, 0.0007321811863221228, 2.7751651941798627e-05]","[0.0027298738714307547, 0.8305953741073608, 0.16667479276657104]","[0.0027298738714307547, 0.8305953741073608, 0.16667479276657104]",False,YETERSİZ VERİ,RET,True,False,1612.0464999985415,"{""K1_input_and_readiness"": 0.04089999129064381, ""K7_context"": 0.001300009898841381, ""K1_normalization"": 0.007299997378140688, ""K6_advisory"": 33.13910000724718, ""K1_intent"": 0.04849999095313251, ""K2_retrieval"": 108.40600001392886, ""K3_reranker"": 1189.009800000349, ""K8_weighted_ranking"": 1.1153999948874116, ""K3_candidate_filters"": 5.77530000009574, ""K9_advisory_consensus"": 0.007399998139590025, ""K4_nli_and_bypass_check"": 143.50459998240694, ""K5_decision"": 127.77750001987442}",120
FACTURK-0465,DOĞRU,"[28440, 12379, 4872, 26755, 17277, 23872, 7309, 2436, 24566, 20837, 486, 23590, 29661, 8329, 23337, 19343, 19431, 3513, 18880, 17831]","[2.2474090656032786e-05, 2.566613329690881e-05, 1.6442494597868063e-05, 1.593661909282673e-05, 1.6061610949691385e-05, 0.00017536994710098952, 1.683241134742275e-05, 1.6442494597868063e-05, 3.244481558795087e-05, 4.5044595026411116e-05, 1.593661909282673e-05, 1.6314539607265033e-05, 0.20577459037303925, 1.67014204635052e-05, 0.0008659808663651347, 1.593661909282673e-05, 1.6061610949691385e-05, 0.0015307451831176877, 1.6187581422855146e-05, 0.002580904169008136]","[0.00039459599065594375, 0.9992204904556274, 0.0003848425403703004]","[0.00039459599065594375, 0.9992204904556274, 0.0003848425403703004]",False,YETERSİZ VERİ,RET,True,False,1723.510100011481,"{""K1_input_and_readiness"": 0.0577000027988106, ""K7_context"": 0.001400010660290718, ""K1_normalization"": 0.009100011084228754, ""K6_advisory"": 33.72760000638664, ""K1_intent"": 0.03680001827888191, ""K2_retrieval"": 107.85939998459071, ""K3_reranker"": 1148.8070000195876, ""K8_weighted_ranking"": 1.3139000220689923, ""K3_candidate_filters"": 6.338800012599677, ""K9_advisory_consensus"": 0.006999995093792677, ""K4_nli_and_bypass_check"": 215.0217000162229, ""K5_decision"": 206.8186999822501}",3513
FACTURK-0466,YALAN,"[9011, 5635, 7236, 2149, 27453, 11007, 2780, 7179, 5782, 18016, 20105, 7082, 4299, 26537, 24615, 22931, 174, 154, 29807, 17046]","[1.6964426322374493e-05, 0.00017674513219390064, 0.0002234163403045386, 0.017442485317587852, 0.0001837845629779622, 0.00012731103925034404, 1.892514956125524e-05, 0.0009510130621492863, 2.0785171727766283e-05, 4.006369272246957e-05, 3.975192521465942e-05, 0.00026738259475678205, 0.00012148174573667347, 1.922317096614279e-05, 1.6061610949691385e-05, 1.6187581422855146e-05, 0.0021322614047676325, 0.0018675660248845816, 1.6061610949691385e-05, 1.967902426258661e-05]","[0.004324728157371283, 0.9336389899253845, 0.06203634291887283]","[0.004324728157371283, 0.9336389899253845, 0.06203634291887283]",False,YALAN,RED,False,False,1817.9716999875382,"{""K1_input_and_readiness"": 0.05310002597980201, ""K7_context"": 0.001400010660290718, ""K1_normalization"": 0.011099997209385037, ""K6_advisory"": 33.317399997031316, ""K1_intent"": 0.04980000085197389, ""K2_retrieval"": 131.60579997929744, ""K3_reranker"": 1308.1232999975327, ""K8_weighted_ranking"": 1.3294000236783177, ""K3_candidate_filters"": 6.847200012998655, ""K9_advisory_consensus"": 0.007700000423938036, ""K4_nli_and_bypass_check"": 177.0886999729555, ""K5_decision"": 156.19750000769272}",2149
FACTURK-0467,YALAN,"[29807, 22407, 7192, 22931, 12134, 23177, 20042, 24615, 21573, 16760, 22428, 15797, 8522, 14957, 2513, 27837, 13904, 6556, 11867, 25240]","[0.00011235327838221565, 4.94715895911213e-05, 0.0874079093337059, 2.8409744118107483e-05, 0.0003770285693462938, 0.0006905414629727602, 0.007176882121711969, 0.0015854305820539594, 6.814872176619247e-05, 0.00018093574908562005, 9.17019642656669e-05, 0.02909075655043125, 0.004433765076100826, 1.593661909282673e-05, 0.0006070755189284682, 1.7917987861437723e-05, 1.6314539607265033e-05, 3.852893496514298e-05, 1.6061610949691385e-05, 2.6897845600615256e-05]","[0.04816511645913124, 0.8904672861099243, 0.06136757880449295]","[0.04816511645913124, 0.8904672861099243, 0.06136757880449295]",False,YALAN,RED,False,False,1835.4548999923281,"{""K1_input_and_readiness"": 0.06000002031214535, ""K7_context"": 0.001500011421740055, ""K1_normalization"": 0.010799994925037026, ""K6_advisory"": 33.974099991610274, ""K1_intent"": 0.08019999950192869, ""K2_retrieval"": 124.74669999210164, ""K3_reranker"": 1123.860199993942, ""K8_weighted_ranking"": 2.209500002209097, ""K3_candidate_filters"": 13.139700022293255, ""K9_advisory_consensus"": 0.011500000255182385, ""K4_nli_and_bypass_check"": 297.81660001026466, ""K5_decision"": 236.2942000036128}",14957
FACTURK-0468,YALAN,"[9150, 19258, 25228, 8347, 25108, 9220, 16150, 21058, 487, 21518, 7421, 29414, 30024, 2899, 2984, 21539, 26355, 13541, 13639, 26694]","[0.03050205484032631, 0.0007124459953047335, 0.00034329999471083283, 0.01057048887014389, 0.0006851712241768837, 5.34913269802928e-05, 5.5622065701754764e-05, 2.1278065105434507e-05, 0.0005336928297765553, 0.0002715921145863831, 2.265035072923638e-05, 4.683888619183563e-05, 0.00341627886518836, 3.095910506090149e-05, 1.683241134742275e-05, 0.00012148174573667347, 0.00016093082376755774, 0.00046371284406632185, 7.782753527862951e-05, 0.0004747042548842728]","[0.0013141789240762591, 0.9977015852928162, 0.0009842345025390387]","[0.0013141789240762591, 0.9977015852928162, 0.0009842345025390387]",False,YALAN,UYARI,False,False,2045.6337000068743,"{""K1_input_and_readiness"": 0.06659998325631022, ""K7_context"": 0.001400010660290718, ""K1_normalization"": 0.014299992471933365, ""K6_advisory"": 34.585899993544444, ""K1_intent"": 0.06540000322274864, ""K2_retrieval"": 179.80839998926967, ""K3_reranker"": 1793.9972000021953, ""K8_weighted_ranking"": 1.2091000098735094, ""K3_candidate_filters"": 6.496499991044402, ""K9_advisory_consensus"": 0.00680002267472446, ""K4_nli_and_bypass_check"": 25.900600012391806, ""K5_decision"": 0.2044999855570495}",9150
FACTURK-0469,DOĞRU,"[24613, 16017, 19390, 21244, 18181, 12821, 9915, 3841, 12152, 3067, 18681, 3703, 6620, 16202, 24153, 22724, 13693, 26001, 25875, 526]","[0.75743567943573, 0.0009146137163043022, 0.014227046631276608, 3.269927037763409e-05, 0.00029365462251007557, 4.365878339740448e-05, 0.0007824140484444797, 0.0029121784027665854, 0.0009146137163043022, 2.1444948288262822e-05, 0.0002269338583573699, 0.0006070755189284682, 0.002123966347426176, 2.818866414600052e-05, 2.449082603561692e-05, 1.9988918211311102e-05, 2.93115390377352e-05, 3.508111694827676e-05, 2.2827996872365475e-05, 1.9833367332466878e-05]","[0.6761459708213806, 0.2240755259990692, 0.09977848082780838]","[0.6761459708213806, 0.2240755259990692, 0.09977848082780838]",False,YALAN,RED,False,False,2622.453400021186,"{""K1_input_and_readiness"": 0.08140000863932073, ""K7_context"": 0.0016999838408082724, ""K1_normalization"": 0.012100004823878407, ""K6_advisory"": 35.34100000979379, ""K1_intent"": 0.04129999433644116, ""K2_retrieval"": 145.47570000286214, ""K3_reranker"": 2079.483399982564, ""K8_weighted_ranking"": 1.1099999828729779, ""K3_candidate_filters"": 5.652499996358529, ""K9_advisory_consensus"": 0.00680002267472446, ""K4_nli_and_bypass_check"": 192.09099997533485, ""K5_decision"": 159.8435000050813}",24613
FACTURK-0470,DOĞRU,"[17601, 9145, 6895, 26436, 11362, 25508, 29390, 7759, 6665, 14585, 23841, 16987, 27375, 21185, 6754, 24053, 19329, 11785, 18709, 1633]","[0.0008559006964787841, 0.002278330735862255, 0.00010071400902234018, 0.0028560124337673187, 1.6061610949691385e-05, 0.0015070488443598151, 2.195349043176975e-05, 1.6314539607265033e-05, 0.0003920417802873999, 0.0012065897462889552, 0.00214894930832088, 0.018546566367149353, 0.009898064658045769, 0.009708477184176445, 1.6442494597868063e-05, 1.6061610949691385e-05, 0.00034599160426296294, 1.6187581422855146e-05, 0.00010637458035489544, 0.0006641048239544034]","[0.020065488293766975, 0.9727575778961182, 0.007176981773227453]","[0.020065488293766975, 0.9727575778961182, 0.007176981773227453]",False,YALAN,RED,False,False,2475.409300008323,"{""K1_input_and_readiness"": 0.07119998917914927, ""K7_context"": 0.0012999807950109243, ""K1_normalization"": 0.014100020052865148, ""K6_advisory"": 34.326400025747716, ""K1_intent"": 0.05140001303516328, ""K2_retrieval"": 207.78160000918433, ""K3_reranker"": 2084.702099993592, ""K8_weighted_ranking"": 1.337299996521324, ""K3_candidate_filters"": 6.301800021901727, ""K9_advisory_consensus"": 0.007299997378140688, ""K4_nli_and_bypass_check"": 136.70790000469424, ""K5_decision"": 0.40959997568279505}",16987
FACTURK-0471,YALAN,"[8807, 16545, 25920, 7476, 26892, 21598, 27492, 521, 3316, 15765, 9030, 3594, 10491, 21287, 9052, 17208, 11075, 11769, 8104, 28187]","[0.000159678646014072, 1.6442494597868063e-05, 2.1444948288262822e-05, 0.00018093574908562005, 0.0002396868512732908, 0.00014539113908540457, 5.2662067901110277e-05, 0.08725224435329437, 0.0006337125087156892, 0.0015669887652620673, 7.602479308843613e-05, 0.0008761798962950706, 0.0002287133247591555, 0.0008525666198693216, 3.321419353596866e-05, 0.0004092474700883031, 2.449082603561692e-05, 1.67014204635052e-05, 0.0003029734070878476, 0.00017265156202483922]","[0.0017881355015560985, 0.9949983358383179, 0.0032135406509041786]","[0.0017881355015560985, 0.9949983358383179, 0.0032135406509041786]",False,YETERSİZ VERİ,RET,True,False,3411.7944999889005,"{""K1_input_and_readiness"": 0.09330001194030046, ""K7_context"": 0.001800013706088066, ""K1_normalization"": 0.01689998316578567, ""K6_advisory"": 37.31700000935234, ""K1_intent"": 0.05629999213851988, ""K2_retrieval"": 187.00890001491643, ""K3_reranker"": 1797.759799985215, ""K8_weighted_ranking"": 1.302599994232878, ""K3_candidate_filters"": 6.692099996143952, ""K9_advisory_consensus"": 0.008200004231184721, ""K4_nli_and_bypass_check"": 788.9239999931306, ""K5_decision"": 589.4803999981377}",17208
FACTURK-0472,DOĞRU,"[20141, 22106, 7048, 6047, 4701, 3202, 19673, 19683, 29892, 16074, 12523, 1499, 23757, 24354, 17678, 20754, 13614, 10490, 13354, 11242]","[0.003664220217615366, 0.20197059214115143, 0.0009399438858963549, 5.475977377500385e-05, 0.0003785036678891629, 0.0003799845289904624, 0.05738753825426102, 0.0019418168812990189, 2.8409744118107483e-05, 0.0014895173953846097, 0.0016613906482234597, 0.00015843621804378927, 0.009161027148365974, 0.0008263576892204583, 0.0014607495395466685, 1.6061610949691385e-05, 0.0010362669127061963, 1.6061610949691385e-05, 1.8631746570463292e-05, 7.905303937150165e-05]","[0.0029538257513195276, 0.9592911601066589, 0.03775505721569061]","[0.0029538257513195276, 0.9592911601066589, 0.03775505721569061]",False,YETERSİZ VERİ,RET,True,False,2893.634200008819,"{""K1_input_and_readiness"": 0.04749998333863914, ""K7_context"": 0.001300009898841381, ""K1_normalization"": 0.009799987310543656, ""K6_advisory"": 32.78039998258464, ""K1_intent"": 0.03440000000409782, ""K2_retrieval"": 133.58610001159832, ""K3_reranker"": 2387.6597000053152, ""K8_weighted_ranking"": 1.3584000116679817, ""K3_candidate_filters"": 6.620000000111759, ""K9_advisory_consensus"": 0.00790000194683671, ""K4_nli_and_bypass_check"": 178.98549998062663, ""K5_decision"": 149.04650000971742}",19673
FACTURK-0473,YALAN,"[29883, 27132, 12627, 6496, 16635, 9508, 11877, 22446, 9648, 21527, 18088, 3779, 4999, 18615, 5222, 12802, 12862, 10150, 20632, 14102]","[0.005934066604822874, 3.0006618544575758e-05, 1.67014204635052e-05, 5.34913269802928e-05, 0.0031115086749196053, 1.657145367062185e-05, 0.0005336928297765553, 1.6314539607265033e-05, 0.0035936026833951473, 2.3737338779028505e-05, 1.6061610949691385e-05, 1.6061610949691385e-05, 0.00027586790383793414, 0.00023231418163049966, 0.003273064736276865, 0.0005316132446750998, 3.591300992411561e-05, 6.253713218029588e-05, 9.993031562771648e-05, 0.0001015038214973174]","[0.023716745898127556, 0.29599490761756897, 0.6802883744239807]","[0.023716745898127556, 0.29599490761756897, 0.6802883744239807]",False,DOĞRU,ONAY,False,False,2288.546399999177,"{""K1_input_and_readiness"": 0.05370000144466758, ""K7_context"": 0.0015999830793589354, ""K1_normalization"": 0.011199997970834374, ""K6_advisory"": 35.013899992918596, ""K1_intent"": 0.048999994760379195, ""K2_retrieval"": 152.89890000713058, ""K3_reranker"": 1526.9150000240188, ""K8_weighted_ranking"": 1.3718999980483204, ""K3_candidate_filters"": 6.466199993155897, ""K9_advisory_consensus"": 0.007599999662488699, ""K4_nli_and_bypass_check"": 291.71590000623837, ""K5_decision"": 270.81940000061877}",20632
FACTURK-0474,DOĞRU,"[14015, 5289, 17025, 20971, 13338, 25537, 25711, 27420, 18127, 23653, 22792, 14775, 12187, 635, 3335, 348, 13080, 20867, 7387, 24686]","[0.9952816367149353, 0.20212802290916443, 4.832564081880264e-05, 0.002822832902893424, 0.5973730087280273, 0.004792316351085901, 0.000458312890259549, 0.00011412239109631628, 0.002082970691844821, 0.0024822766426950693, 1.892514956125524e-05, 1.8777873265207745e-05, 2.0785171727766283e-05, 0.01912403479218483, 1.805851934477687e-05, 0.006666931323707104, 0.00016093082376755774, 0.002074867021292448, 0.012576347216963768, 6.156764720799401e-05]","[0.9963602423667908, 0.002959925215691328, 0.0006798380636610091]","[0.9963602423667908, 0.002959925215691328, 0.0006798380636610091]",False,YETERSİZ VERİ,KISMI,True,False,2095.6769000040367,"{""K1_input_and_readiness"": 0.05210001836530864, ""K7_context"": 0.0011999800335615873, ""K1_normalization"": 0.011099997209385037, ""K6_advisory"": 33.90799998305738, ""K1_intent"": 0.048299989430233836, ""K2_retrieval"": 134.81489999685436, ""K3_reranker"": 1761.0266999981832, ""K8_weighted_ranking"": 1.5422999858856201, ""K3_candidate_filters"": 6.276200001593679, ""K9_advisory_consensus"": 0.007099995855242014, ""K4_nli_and_bypass_check"": 89.99569999286905, ""K5_decision"": 64.76370000746101}",14015
FACTURK-0475,YALAN,"[12587, 20389, 12068, 10260, 24664, 23961, 27788, 26367, 21565, 2359, 15658, 15107, 7836, 25457, 29272, 13730, 3341, 1788, 25402, 6352]","[0.8687154054641724, 0.17078441381454468, 0.002704429440200329, 0.00031015597051009536, 1.6314539607265033e-05, 0.016466174274683, 0.0001699752756394446, 0.0003077430883422494, 9.535461140330881e-05, 0.0006047102506272495, 0.00011682839976856485, 1.6964426322374493e-05, 0.0024822766426950693, 2.9541422918555327e-05, 3.8831109122838825e-05, 0.0003905139456037432, 1.6061610949691385e-05, 3.219233258278109e-05, 3.508111694827676e-05, 1.805851934477687e-05]","[0.11814358085393906, 0.8353666067123413, 0.046489834785461426]","[0.11814358085393906, 0.8353666067123413, 0.046489834785461426]",False,YETERSİZ VERİ,RET,True,False,3167.526499979431,"{""K1_input_and_readiness"": 0.05269999383017421, ""K7_context"": 0.001400010660290718, ""K1_normalization"": 0.011500000255182385, ""K6_advisory"": 32.85200000391342, ""K1_intent"": 0.039099977584555745, ""K2_retrieval"": 169.1465000039898, ""K3_reranker"": 2203.1142999767326, ""K8_weighted_ranking"": 1.283499994315207, ""K3_candidate_filters"": 6.41390000237152, ""K9_advisory_consensus"": 0.006999995093792677, ""K4_nli_and_bypass_check"": 385.8862000051886, ""K5_decision"": 365.3661999851465}",12587
FACTURK-0476,DOĞRU,"[940, 26972, 18980, 14199, 23893, 23704, 10665, 3370, 15928, 14059, 26694, 2130, 21477, 14983, 29633, 15295, 26201, 10678, 24167, 5310]","[0.00024536947603337467, 0.0006851712241768837, 0.006265534088015556, 8.818923379294574e-05, 0.0001547666179249063, 0.0004529758298303932, 0.0026214411482214928, 6.108854722697288e-05, 1.6314539607265033e-05, 0.0005072812782600522, 0.00038747614598833025, 0.00014091856428422034, 3.508111694827676e-05, 0.00016474656877107918, 3.734356869244948e-05, 4.037790131405927e-05, 1.805851934477687e-05, 1.6187581422855146e-05, 0.0006487307837232947, 1.7231572201126255e-05]","[0.004907630383968353, 0.9789203405380249, 0.016172068193554878]","[0.004907630383968353, 0.9789203405380249, 0.016172068193554878]",False,YETERSİZ VERİ,RET,True,False,2867.3196000163443,"{""K1_input_and_readiness"": 0.06019999273121357, ""K7_context"": 0.0016999838408082724, ""K1_normalization"": 0.011399999493733048, ""K6_advisory"": 34.370799985481426, ""K1_intent"": 0.05289999535307288, ""K2_retrieval"": 164.5907999773044, ""K3_reranker"": 2005.2850000211038, ""K8_weighted_ranking"": 1.332600018940866, ""K3_candidate_filters"": 6.7131000105291605, ""K9_advisory_consensus"": 0.008000002708286047, ""K4_nli_and_bypass_check"": 348.23400000459515, ""K5_decision"": 303.3928999793716}",26694
FACTURK-0477,YALAN,"[11158, 19966, 27940, 13795, 6837, 1692, 321, 23950, 22811, 11691, 1480, 6905, 27764, 15565, 540, 20884, 4175, 28611, 19656, 22171]","[1.6187581422855146e-05, 0.015365341678261757, 0.0001699752756394446, 2.6897845600615256e-05, 1.7231572201126255e-05, 2.93115390377352e-05, 0.026708463206887245, 0.00023231418163049966, 1.7366719475830905e-05, 1.6314539607265033e-05, 0.26114246249198914, 0.00035557945375330746, 1.7097478121286258e-05, 1.6314539607265033e-05, 1.6314539607265033e-05, 1.892514956125524e-05, 0.0006959536112844944, 0.0031603530514985323, 2.1278065105434507e-05, 0.02655657008290291]","[0.030328989028930664, 0.9202245473861694, 0.0494464710354805]","[0.030328989028930664, 0.9202245473861694, 0.0494464710354805]",False,YALAN,UYARI,False,False,1852.5221000018064,"{""K1_input_and_readiness"": 0.06210000719875097, ""K7_context"": 0.0016999838408082724, ""K1_normalization"": 0.010399991879239678, ""K6_advisory"": 34.04120000777766, ""K1_intent"": 0.03660001675598323, ""K2_retrieval"": 132.7945999801159, ""K3_reranker"": 1646.6724000056274, ""K8_weighted_ranking"": 1.2962000037077814, ""K3_candidate_filters"": 6.821999995736405, ""K9_advisory_consensus"": 0.008100003469735384, ""K4_nli_and_bypass_check"": 26.968800026224926, ""K5_decision"": 0.4030000127386302}",1480
FACTURK-0478,DOĞRU,"[22549, 8148, 3213, 27519, 5660, 28597, 2151, 5039, 20867, 24927, 14350, 28325, 19098, 29261, 11240, 1571, 26468, 15833, 26435, 24267]","[1.6061610949691385e-05, 1.657145367062185e-05, 2.818866414600052e-05, 0.0004013350699096918, 1.6442494597868063e-05, 1.6964426322374493e-05, 2.2474090656032786e-05, 1.6314539607265033e-05, 2.5466406441410072e-05, 2.094818773912266e-05, 1.6314539607265033e-05, 1.805851934477687e-05, 1.6314539607265033e-05, 1.683241134742275e-05, 1.6187581422855146e-05, 1.6187581422855146e-05, 1.805851934477687e-05, 1.6442494597868063e-05, 1.683241134742275e-05, 1.7097478121286258e-05]","[0.03860441595315933, 0.9547051787376404, 0.006690411828458309]","[0.03860441595315933, 0.9547051787376404, 0.006690411828458309]",False,YETERSİZ VERİ,RET,True,False,2198.2965000206605,"{""K1_input_and_readiness"": 0.05949998740106821, ""K7_context"": 0.001600012183189392, ""K1_normalization"": 0.012599979527294636, ""K6_advisory"": 36.25039997859858, ""K1_intent"": 0.05289999535307288, ""K2_retrieval"": 132.7220999810379, ""K3_reranker"": 1532.5854000111576, ""K8_weighted_ranking"": 1.1526999878697097, ""K3_candidate_filters"": 5.764000001363456, ""K9_advisory_consensus"": 0.00680002267472446, ""K4_nli_and_bypass_check"": 253.36020000395365, ""K5_decision"": 232.65389999141917}",27519
FACTURK-0479,DOĞRU,"[24260, 1205, 5518, 17985, 28762, 2967, 4056, 17306, 2292, 23996, 21916, 8011, 26068, 20339, 26500, 7401, 21214, 1804, 15912, 17110]","[0.0003514382697176188, 0.00014091856428422034, 0.000159678646014072, 9.83811987680383e-05, 9.17019642656669e-05, 0.0002251682453788817, 0.00011412239109631628, 8.220189192797989e-05, 0.00020825010142289102, 3.7931622500764206e-05, 4.1335399146191776e-05, 5.738759500673041e-05, 0.0002251682453788817, 4.832564081880264e-05, 9.028038039105013e-05, 0.00015236754552461207, 1.9373936083866283e-05, 0.0001686527393758297, 0.0011203772155568004, 4.037790131405927e-05]","[0.005821270868182182, 0.9937726855278015, 0.000406053353799507]","[0.005821270868182182, 0.9937726855278015, 0.000406053353799507]",False,YETERSİZ VERİ,RET,True,False,3302.848899998935,"{""K1_input_and_readiness"": 0.060399994254112244, ""K7_context"": 0.0015999830793589354, ""K1_normalization"": 0.01270000939257443, ""K6_advisory"": 33.95660000387579, ""K1_intent"": 0.03649998689070344, ""K2_retrieval"": 133.82780001848005, ""K3_reranker"": 2478.1418000056874, ""K8_weighted_ranking"": 1.2321000103838742, ""K3_candidate_filters"": 6.16200000513345, ""K9_advisory_consensus"": 0.007199996616691351, ""K4_nli_and_bypass_check"": 341.9749999884516, ""K5_decision"": 303.65570000139996}",5518
FACTURK-0480,DOĞRU,"[20656, 28586, 14183, 18404, 6563, 1753, 25811, 11558, 17645, 23219, 14504, 18610, 20978, 10526, 1449, 2727, 29356, 23980, 23463, 4699]","[0.0026834397576749325, 0.47236397862434387, 0.0755847916007042, 0.002889581024646759, 0.000437334441812709, 0.0019342610612511635, 0.0003569706459529698, 6.868317723274231e-05, 0.005060331895947456, 0.0006214630557224154, 0.011331753805279732, 0.00019716942915692925, 1.8486754925106652e-05, 3.095910506090149e-05, 0.0009697519708424807, 0.0005884087877348065, 1.892514956125524e-05, 1.7231572201126255e-05, 0.003389783203601837, 0.0005053045460954309]","[0.0007203504792414606, 0.025831175968050957, 0.9734483957290649]","[0.0007203504792414606, 0.025831175968050957, 0.9734483957290649]",False,YALAN,RED,False,False,1538.3820999995805,"{""K1_input_and_readiness"": 0.05240002064965665, ""K7_context"": 0.001300009898841381, ""K1_normalization"": 0.010899995686486363, ""K6_advisory"": 34.059900004649535, ""K1_intent"": 0.04159999662078917, ""K2_retrieval"": 144.53170000342652, ""K3_reranker"": 1313.6871999886353, ""K8_weighted_ranking"": 2.0932999905198812, ""K3_candidate_filters"": 9.52960000722669, ""K9_advisory_consensus"": 0.009500014130026102, ""K4_nli_and_bypass_check"": 30.250799987697974, ""K5_decision"": 0.44639999396167696}",14183
FACTURK-0481,YALAN,"[24851, 12671, 10451, 29589, 9954, 2349, 12734, 16727, 20172, 23232, 4836, 21843, 15734, 28826, 8725, 23665, 22301, 1768, 6158, 1232]","[0.00025315635139122605, 3.4537253668531775e-05, 0.0008693674462847412, 1.67014204635052e-05, 8.682210318511352e-05, 0.0001195985751110129, 0.00012731103925034404, 0.0013354008551687002, 0.02517884224653244, 1.683241134742275e-05, 1.657145367062185e-05, 1.67014204635052e-05, 7.543320680269971e-05, 1.7366719475830905e-05, 2.265035072923638e-05, 1.6442494597868063e-05, 0.0004060639475937933, 2.195349043176975e-05, 6.352188938762993e-05, 0.0003053489199373871]","[0.33605295419692993, 0.6005949974060059, 0.06335204094648361]","[0.33605295419692993, 0.6005949974060059, 0.06335204094648361]",False,YETERSİZ VERİ,RET,True,False,2702.085700002499,"{""K1_input_and_readiness"": 0.08520000847056508, ""K7_context"": 0.0020999868866056204, ""K1_normalization"": 0.01580000389367342, ""K6_advisory"": 38.2114999811165, ""K1_intent"": 0.053099996875971556, ""K2_retrieval"": 141.53919997625053, ""K3_reranker"": 1726.53650000575, ""K8_weighted_ranking"": 1.276700000744313, ""K3_candidate_filters"": 6.694199983030558, ""K9_advisory_consensus"": 0.008100003469735384, ""K4_nli_and_bypass_check"": 461.9399000075646, ""K5_decision"": 322.53010000567883}",20172
FACTURK-0482,DOĞRU,"[999, 5998, 19228, 25094, 17207, 5664, 15775, 3247, 25691, 30163, 18572, 4240, 1916, 1148, 24873, 2099, 6553, 20929, 22427, 2090]","[0.9918121099472046, 0.13834533095359802, 0.0016809417866170406, 0.0009773502824828029, 1.67014204635052e-05, 0.000491681566927582, 0.007176882121711969, 1.6314539607265033e-05, 3.70529705833178e-05, 0.023153411224484444, 0.0001547666179249063, 0.0014048678567633033, 1.9988918211311102e-05, 0.001383117400109768, 1.6314539607265033e-05, 5.920916373725049e-05, 8.415108459303156e-05, 5.475977377500385e-05, 0.001151399570517242, 0.00016093082376755774]",null,"[1.0, 0.0, 0.0]",True,DOĞRU,ONAY,False,False,1356.6215999890119,"{""K1_input_and_readiness"": 0.044800020987167954, ""K7_context"": 0.001700012944638729, ""K1_normalization"": 0.008400005754083395, ""K6_advisory"": 33.23859997908585, ""K1_intent"": 0.03060000017285347, ""K2_retrieval"": 100.46210000291467, ""K3_reranker"": 1210.5912999832071, ""K8_weighted_ranking"": 1.232799986610189, ""K3_candidate_filters"": 6.477699993411079, ""K9_advisory_consensus"": 0.008299975888803601, ""K4_nli_and_bypass_check"": 0.3496000135783106, ""K5_decision"": 0.27740001678466797}",999
FACTURK-0483,YALAN,"[12820, 6482, 21780, 10555, 16794, 21830, 29189, 13439, 9607, 7850, 26119, 24858, 30010, 22246, 28458, 17807, 5794, 2290, 10642, 29791]","[0.003579642390832305, 0.001004416379146278, 0.006413164082914591, 2.5071596610359848e-05, 3.1941821362124756e-05, 1.6314539607265033e-05, 0.0013250223128125072, 0.0002780309587251395, 0.00042223287164233625, 0.0005295418086461723, 7.141901005525142e-05, 5.3075080359121785e-05, 2.7969301299890503e-05, 3.3474691008450463e-05, 0.00026738259475678205, 1.7231572201126255e-05, 0.000487857119878754, 0.00043055712012574077, 0.00011412239109631628, 3.975192521465942e-05]","[0.0013495025923475623, 0.9965119957923889, 0.002138465642929077]","[0.0013495025923475623, 0.9965119957923889, 0.002138465642929077]",False,YETERSİZ VERİ,RET,True,False,1745.3321999928448,"{""K1_input_and_readiness"": 0.06450002547353506, ""K7_context"": 0.001400010660290718, ""K1_normalization"": 0.011900003300979733, ""K6_advisory"": 37.22699999343604, ""K1_intent"": 0.04859999171458185, ""K2_retrieval"": 156.58520002034493, ""K3_reranker"": 1405.8670999947935, ""K8_weighted_ranking"": 1.3626999862026423, ""K3_candidate_filters"": 7.42879998870194, ""K9_advisory_consensus"": 0.007800001185387373, ""K4_nli_and_bypass_check"": 132.91250000474975, ""K5_decision"": 0.44510001316666603}",29791
FACTURK-0484,DOĞRU,"[11359, 29676, 6132, 12250, 13939, 12474, 10729, 23976, 15078, 20929, 25420, 8969, 13961, 11624, 22512, 2027, 4773, 25232, 15622, 9912]","[1.6964426322374493e-05, 0.0006411777576431632, 3.8229114579735324e-05, 0.0008426423300988972, 1.750292540236842e-05, 0.005641908384859562, 1.6964426322374493e-05, 0.00023597174731548876, 1.6187581422855146e-05, 6.205049430718645e-05, 0.0003814711526501924, 1.6187581422855146e-05, 1.6442494597868063e-05, 1.6314539607265033e-05, 0.00012339458044152707, 1.6061610949691385e-05, 1.657145367062185e-05, 9.098840382648632e-05, 1.8200149497715756e-05, 1.6314539607265033e-05]","[0.0004313561075832695, 0.9991845488548279, 0.000384092447347939]","[0.0004313561075832695, 0.9991845488548279, 0.000384092447347939]",False,YETERSİZ VERİ,RET,True,False,1950.322699995013,"{""K1_input_and_readiness"": 0.06479999865405262, ""K7_context"": 0.0013999815564602613, ""K1_normalization"": 0.010899995686486363, ""K6_advisory"": 35.54270000313409, ""K1_intent"": 0.06290001329034567, ""K2_retrieval"": 146.5514000155963, ""K3_reranker"": 1248.7580000015441, ""K8_weighted_ranking"": 1.340099988738075, ""K3_candidate_filters"": 7.000799989327788, ""K9_advisory_consensus"": 0.007099995855242014, ""K4_nli_and_bypass_check"": 271.70209999894723, ""K5_decision"": 235.34030001610518}",29676
FACTURK-0485,YALAN,"[3632, 29976, 3729, 9648, 1170, 15970, 6361, 20982, 7762, 9101, 6858, 743, 17824, 13753, 2885, 2034, 13200, 8315, 15306, 21585]","[0.005001672077924013, 0.0005152657395228744, 0.055310655385255814, 0.0006719278171658516, 0.0001621928095119074, 2.094818773912266e-05, 5.518923353520222e-05, 0.000503335555549711, 0.001674399245530367, 1.7917987861437723e-05, 0.00021485926117748022, 5.518923353520222e-05, 0.00046190584544092417, 3.8831109122838825e-05, 0.0003668626013677567, 0.0012255674228072166, 1.6314539607265033e-05, 1.6061610949691385e-05, 1.6061610949691385e-05, 0.0003199982165824622]","[0.00018964232003781945, 0.0021375962533056736, 0.9976727366447449]","[0.00018964232003781945, 0.0021375962533056736, 0.9976727366447449]",False,YALAN,RED,False,False,1516.1311000119895,"{""K1_input_and_readiness"": 0.06540000322274864, ""K7_context"": 0.0016999838408082724, ""K1_normalization"": 0.011099997209385037, ""K6_advisory"": 33.68389999377541, ""K1_intent"": 0.039000005926936865, ""K2_retrieval"": 117.91449997690506, ""K3_reranker"": 992.8517000225838, ""K8_weighted_ranking"": 1.209699985338375, ""K3_candidate_filters"": 6.272700004046783, ""K9_advisory_consensus"": 0.007599999662488699, ""K4_nli_and_bypass_check"": 197.63939999393187, ""K5_decision"": 163.08480000589043}",9101
FACTURK-0486,YALAN,"[6094, 6413, 1090, 19237, 22218, 9150, 438, 25228, 29106, 15238, 487, 25225, 15787, 15874, 15978, 27696, 8347, 17141, 13989, 1676]","[0.17064616084098816, 0.06853749603033066, 0.003678509034216404, 0.11858908832073212, 0.17638768255710602, 0.25183168053627014, 0.002757622394710779, 0.01024860143661499, 0.0024060888681560755, 0.0006142272031866014, 0.0018243826925754547, 0.01833445206284523, 0.0011335690505802631, 0.00026530236937105656, 0.0006959536112844944, 0.04778006672859192, 0.0019342610612511635, 0.019456572830677032, 0.005040702875703573, 0.0001956353517016396]","[0.0019071606220677495, 0.9967970252037048, 0.0012958787847310305]","[0.0019071606220677495, 0.9967970252037048, 0.0012958787847310305]",False,YALAN,UYARI,False,False,2021.4837999956217,"{""K1_input_and_readiness"": 0.07810001261532307, ""K7_context"": 0.0014999823179095984, ""K1_normalization"": 0.017000013031065464, ""K6_advisory"": 35.28420001384802, ""K1_intent"": 0.07340000593103468, ""K2_retrieval"": 185.67350000375882, ""K3_reranker"": 1763.7009999889415, ""K8_weighted_ranking"": 1.208100002259016, ""K3_candidate_filters"": 6.512400024803355, ""K9_advisory_consensus"": 0.007700000423938036, ""K4_nli_and_bypass_check"": 25.175400020089, ""K5_decision"": 0.20249999943189323}",9150
FACTURK-0487,YALAN,"[9220, 29892, 12189, 27894, 10761, 6047, 10832, 27764, 23719, 20356, 21022, 29914, 21295, 9755, 11980, 12539, 3579, 1264, 25225, 3962]","[0.004133968148380518, 0.0002611903182696551, 0.0032099615782499313, 0.00025118677876889706, 0.0010403185151517391, 4.400118632474914e-05, 0.0026112475898116827, 0.004022909794002771, 0.00010637458035489544, 0.0046455576084554195, 0.0001699752756394446, 0.000471011851914227, 0.008847354911267757, 8.029783930396661e-05, 0.00014539113908540457, 5.144220995134674e-05, 0.00415008096024394, 4.1335399146191776e-05, 0.00018093574908562005, 2.6688529032981023e-05]","[0.007050916086882353, 0.9912511110305786, 0.0016980022192001343]","[0.007050916086882353, 0.9912511110305786, 0.0016980022192001343]",False,YETERSİZ VERİ,RET,True,False,2586.724199994933,"{""K1_input_and_readiness"": 0.05889998283237219, ""K7_context"": 0.001500011421740055, ""K1_normalization"": 0.011999974958598614, ""K6_advisory"": 35.60769997420721, ""K1_intent"": 0.0549999822396785, ""K2_retrieval"": 166.7273000057321, ""K3_reranker"": 1596.4769000129309, ""K8_weighted_ranking"": 1.4535999798681587, ""K3_candidate_filters"": 6.656100013060495, ""K9_advisory_consensus"": 0.00790000194683671, ""K4_nli_and_bypass_check"": 386.34260001708753, ""K5_decision"": 389.9820000224281}",20356
FACTURK-0488,YALAN,"[10907, 28100, 24588, 7533, 2480, 1116, 6929, 5560, 6412, 26432, 13130, 30321, 14232, 19377, 27660, 1205, 15468, 12991, 9072, 274]","[0.4434799253940582, 0.056236349046230316, 0.0616496242582798, 0.20721471309661865, 0.5505167245864868, 0.0015916259726509452, 0.0948452427983284, 0.16331195831298828, 0.04107588902115822, 0.00013982206291984767, 0.004700060468167067, 0.3977629840373993, 0.00012053649697918445, 0.0004784255870617926, 0.01897803694009781, 0.0017140384297817945, 0.004810982849448919, 8.284655632451177e-05, 0.00220838887616992, 0.001838665222749114]","[0.007066041696816683, 0.3510240614414215, 0.6419099569320679]","[0.007066041696816683, 0.3510240614414215, 0.6419099569320679]",False,DOĞRU,ONAY,False,False,6944.496299984166,"{""K1_input_and_readiness"": 0.05370000144466758, ""K7_context"": 0.0018999853637069464, ""K1_normalization"": 0.011100026313215494, ""K6_advisory"": 34.14670002530329, ""K1_intent"": 0.05979998968541622, ""K2_retrieval"": 164.94359998614527, ""K3_reranker"": 6054.352600011043, ""K8_weighted_ranking"": 1.4039999805390835, ""K3_candidate_filters"": 6.65389999630861, ""K9_advisory_consensus"": 0.008200004231184721, ""K4_nli_and_bypass_check"": 356.978199997684, ""K5_decision"": 322.20029999734834}",10907
FACTURK-0489,YALAN,"[2443, 1865, 9829, 22908, 25142, 27461, 28903, 21708, 27438, 11111, 22010, 23108, 5739, 24721, 23726, 25997, 2048, 28575, 18149, 383]","[0.000471011851914227, 0.967777669429779, 0.0018748616566881537, 0.000552778656128794, 0.01196109689772129, 0.0002780309587251395, 1.6187581422855146e-05, 6.657015910604969e-05, 1.67014204635052e-05, 0.0019342610612511635, 0.00017265156202483922, 0.001995538594201207, 1.6314539607265033e-05, 0.00010391067189630121, 0.0002234163403045386, 3.8831109122838825e-05, 0.00012632041762117296, 2.3369333575828932e-05, 0.0005549409543164074, 1.8200149497715756e-05]","[0.0005913018831051886, 0.999151349067688, 0.00025739919510670006]","[0.0005913018831051886, 0.999151349067688, 0.00025739919510670006]",False,YETERSİZ VERİ,RET,True,False,2468.1028999912087,"{""K1_input_and_readiness"": 0.08239998714998364, ""K7_context"": 0.001800013706088066, ""K1_normalization"": 0.01680001150816679, ""K6_advisory"": 37.353299994720146, ""K1_intent"": 0.06160000339150429, ""K2_retrieval"": 158.74220000114292, ""K3_reranker"": 1385.486100014532, ""K8_weighted_ranking"": 1.302899996517226, ""K3_candidate_filters"": 6.320999993477017, ""K9_advisory_consensus"": 0.007700000423938036, ""K4_nli_and_bypass_check"": 404.1504999913741, ""K5_decision"": 471.0569999879226}",1865
FACTURK-0490,YALAN,"[2812, 27894, 19969, 17600, 25981, 8467, 1692, 5118, 23436, 18035, 16950, 11670, 5122, 2250, 15972, 21342, 27443, 19142, 15815, 1645]","[0.25109636783599854, 0.0011559007689356804, 0.00023782203788869083, 1.805851934477687e-05, 0.055720288306474686, 0.005819959100335836, 2.6274772608303465e-05, 0.14187483489513397, 0.0002269338583573699, 1.657145367062185e-05, 0.20008835196495056, 0.00018522572645451874, 2.4876489987946115e-05, 1.7366719475830905e-05, 1.67014204635052e-05, 2.3369333575828932e-05, 0.000458312890259549, 6.502816540887579e-05, 0.00010071400902234018, 1.750292540236842e-05]","[0.0005892952322028577, 0.9987204074859619, 0.0006902883760631084]","[0.0005892952322028577, 0.9987204074859619, 0.0006902883760631084]",False,YETERSİZ VERİ,RET,True,False,2240.390599996317,"{""K1_input_and_readiness"": 0.06829999620094895, ""K7_context"": 0.001500011421740055, ""K1_normalization"": 0.013400014722719789, ""K6_advisory"": 36.55009999056347, ""K1_intent"": 0.04950002767145634, ""K2_retrieval"": 206.73470001202077, ""K3_reranker"": 1963.1879000226036, ""K8_weighted_ranking"": 1.183400017907843, ""K3_candidate_filters"": 5.915399990044534, ""K9_advisory_consensus"": 0.00689999433234334, ""K4_nli_and_bypass_check"": 22.78110000770539, ""K5_decision"": 0.34589998540468514}",27894
FACTURK-0491,DOĞRU,"[15736, 10967, 21024, 22466, 24437, 28534, 8517, 11376, 23792, 15313, 1814, 1194, 20972, 2593, 657, 16188, 8404, 20796, 21853, 12930]","[0.9635748267173767, 0.00026947917649522424, 7.197912054834887e-05, 0.00038296362617984414, 0.00040765260928310454, 5.3075080359121785e-05, 1.6314539607265033e-05, 3.70529705833178e-05, 1.6187581422855146e-05, 1.6314539607265033e-05, 0.0061212810687720776, 1.7231572201126255e-05, 1.750292540236842e-05, 0.0006070755189284682, 1.6442494597868063e-05, 1.6314539607265033e-05, 0.0053225355222821236, 4.7206227463902906e-05, 3.3474691008450463e-05, 0.0026730059180408716]","[0.00044902804074808955, 0.9980494976043701, 0.0015014357632026076]","[0.00044902804074808955, 0.9980494976043701, 0.0015014357632026076]",False,YETERSİZ VERİ,RET,True,False,2162.3839999956544,"{""K1_input_and_readiness"": 0.07259999983943999, ""K7_context"": 0.001500011421740055, ""K1_normalization"": 0.011800002539530396, ""K6_advisory"": 38.736999995308, ""K1_intent"": 0.04719998105429113, ""K2_retrieval"": 178.67860000114888, ""K3_reranker"": 1905.549700022675, ""K8_weighted_ranking"": 1.3747000193689018, ""K3_candidate_filters"": 6.74580002669245, ""K9_advisory_consensus"": 0.008199975127354264, ""K4_nli_and_bypass_check"": 27.00380000169389, ""K5_decision"": 0.4656999954022467}",20972
FACTURK-0492,DOĞRU,"[18577, 17609, 15443, 10023, 24261, 785, 11650, 18100, 17138, 25835, 16925, 13669, 29339, 1274, 23902, 540, 17522, 10128, 23562, 19141]","[0.0002611903182696551, 0.0001713081874186173, 0.0002472934720572084, 0.0018821860430762172, 5.694102947018109e-05, 1.892514956125524e-05, 7.9673009167891e-05, 0.00022167809947859496, 1.6442494597868063e-05, 1.6314539607265033e-05, 4.6474400733131915e-05, 0.0004092474700883031, 0.006413164082914591, 0.015306354500353336, 1.6061610949691385e-05, 0.028870904818177223, 0.00014091856428422034, 0.002453428227454424, 1.6314539607265033e-05, 9.685608529252931e-05]","[0.17293210327625275, 0.04210801050066948, 0.7849597930908203]","[0.17293210327625275, 0.04210801050066948, 0.7849597930908203]",False,YALAN,RED,False,False,1983.9644999883603,"{""K1_input_and_readiness"": 0.06580000626854599, ""K7_context"": 0.001600012183189392, ""K1_normalization"": 0.011500000255182385, ""K6_advisory"": 33.37339998688549, ""K1_intent"": 0.06159997428767383, ""K2_retrieval"": 126.13230000715703, ""K3_reranker"": 1209.524900012184, ""K8_weighted_ranking"": 1.3116000045556575, ""K3_candidate_filters"": 6.6473000042606145, ""K9_advisory_consensus"": 0.007499998901039362, ""K4_nli_and_bypass_check"": 321.7620000068564, ""K5_decision"": 281.7257000133395}",1274
FACTURK-0493,YALAN,"[27044, 11558, 1365, 15778, 13315, 28126, 13522, 3865, 1003, 22556, 28814, 25811, 14503, 3841, 12289, 20769, 29014, 8366, 4233, 22116]","[0.3372035324573517, 0.013636835850775242, 0.004520817659795284, 0.003678509034216404, 0.004038591403514147, 0.0040543340146541595, 0.013121271505951881, 0.16465073823928833, 0.0005072812782600522, 0.03422932326793671, 0.019908789545297623, 0.00020988310279790312, 0.0007916296017356217, 0.10034840553998947, 0.00035281325108371675, 0.01750955730676651, 0.26702573895454407, 0.0002472934720572084, 0.004755199886858463, 0.13500382006168365]","[0.9328938722610474, 0.062313634902238846, 0.004792490974068642]","[0.9328938722610474, 0.062313634902238846, 0.004792490974068642]",False,YALAN,RED,False,False,2610.0793999794405,"{""K1_input_and_readiness"": 0.05420000525191426, ""K7_context"": 0.001700012944638729, ""K1_normalization"": 0.011600001016631722, ""K6_advisory"": 34.53289999742992, ""K1_intent"": 0.041799998143687844, ""K2_retrieval"": 134.9546000128612, ""K3_reranker"": 2001.8164000066463, ""K8_weighted_ranking"": 1.3801000022795051, ""K3_candidate_filters"": 6.684899999527261, ""K9_advisory_consensus"": 0.007399998139590025, ""K4_nli_and_bypass_check"": 295.2510000031907, ""K5_decision"": 131.7953999969177}",3865
FACTURK-0494,YALAN,"[1747, 10692, 3717, 9769, 17499, 18181, 29442, 4503, 26201, 13196, 16973, 2652, 9044, 2442, 29064, 10774, 1362, 4946, 16491, 36]","[0.00015720345254521817, 0.0019342610612511635, 0.31100818514823914, 2.710879925871268e-05, 0.00016093082376755774, 1.67014204635052e-05, 0.0002611903182696551, 0.00023597174731548876, 3.7636447814293206e-05, 0.0002002737601287663, 1.6314539607265033e-05, 2.6480842279852368e-05, 0.042087726294994354, 0.00021995337738189846, 0.0002251682453788817, 2.4300241420860402e-05, 0.0013885232619941235, 1.6061610949691385e-05, 0.002531111240386963, 3.591300992411561e-05]","[0.02141801454126835, 0.9105178117752075, 0.06806416064500809]","[0.02141801454126835, 0.9105178117752075, 0.06806416064500809]",False,YETERSİZ VERİ,RET,True,False,2754.6609999844804,"{""K1_input_and_readiness"": 0.0475000124424696, ""K7_context"": 0.0018999853637069464, ""K1_normalization"": 0.009500014130026102, ""K6_advisory"": 33.61569999833591, ""K1_intent"": 0.042100000428035855, ""K2_retrieval"": 134.0636000095401, ""K3_reranker"": 2226.676599995699, ""K8_weighted_ranking"": 1.4513999922201037, ""K3_candidate_filters"": 6.724000006215647, ""K9_advisory_consensus"": 0.006299989763647318, ""K4_nli_and_bypass_check"": 175.17910001333803, ""K5_decision"": 173.17560000810772}",17499
FACTURK-0495,YALAN,"[11256, 24219, 23210, 18834, 28495, 17988, 13395, 28970, 12929, 14316, 28018, 12657, 18986, 22555, 4506, 19637, 18101, 967, 27098, 17295]","[0.0010362669127061963, 2.6070309104397893e-05, 8.614650869276375e-05, 2.392351052549202e-05, 1.8777873265207745e-05, 1.6187581422855146e-05, 1.7231572201126255e-05, 1.6187581422855146e-05, 2.977311669383198e-05, 6.761842087144032e-05, 0.059537485241889954, 5.649793456541374e-05, 0.0003029734070878476, 0.00010889690747717395, 1.6314539607265033e-05, 1.67014204635052e-05, 1.6061610949691385e-05, 0.000347345310728997, 1.7640199075685814e-05, 1.9988918211311102e-05]","[0.0050804330967366695, 0.9909988641738892, 0.003920700401067734]","[0.0050804330967366695, 0.9909988641738892, 0.003920700401067734]",False,YALAN,RED,False,False,2416.3163999910466,"{""K1_input_and_readiness"": 0.04849999095313251, ""K7_context"": 0.0013999815564602613, ""K1_normalization"": 0.008700008038431406, ""K6_advisory"": 33.96840000641532, ""K1_intent"": 0.03090000245720148, ""K2_retrieval"": 105.44469999149442, ""K3_reranker"": 1984.0108999924269, ""K8_weighted_ranking"": 1.1147999903187156, ""K3_candidate_filters"": 5.877799994777888, ""K9_advisory_consensus"": 0.007099995855242014, ""K4_nli_and_bypass_check"": 221.05970000848174, ""K5_decision"": 61.5195999853313}",28018
FACTURK-0496,DOĞRU,"[14928, 13644, 12688, 676, 25349, 25225, 21520, 15787, 7456, 20020, 13820, 26306, 20616, 15946, 13402, 24065, 6292, 24534, 18561, 11667]","[0.8269913792610168, 1.7231572201126255e-05, 4.298194107832387e-05, 0.00028685410507023335, 1.6314539607265033e-05, 1.8342892872169614e-05, 0.0009659748757258058, 1.8200149497715756e-05, 1.6314539607265033e-05, 2.449082603561692e-05, 1.6187581422855146e-05, 2.0462934116949327e-05, 7.905303937150165e-05, 1.7366719475830905e-05, 1.6187581422855146e-05, 1.6442494597868063e-05, 7.197912054834887e-05, 1.657145367062185e-05, 1.657145367062185e-05, 6.156764720799401e-05]","[0.0021190429106354713, 0.9975591897964478, 0.00032174220541492105]","[0.0021190429106354713, 0.9975591897964478, 0.00032174220541492105]",False,YALAN,RED,False,False,1631.896399980178,"{""K1_input_and_readiness"": 0.052800023695454, ""K7_context"": 0.001400010660290718, ""K1_normalization"": 0.00890000956133008, ""K6_advisory"": 34.48099998058751, ""K1_intent"": 0.037999998312443495, ""K2_retrieval"": 118.29899999429472, ""K3_reranker"": 1201.274499995634, ""K8_weighted_ranking"": 1.137999992351979, ""K3_candidate_filters"": 5.764999979874119, ""K9_advisory_consensus"": 0.00689999433234334, ""K4_nli_and_bypass_check"": 142.88139998097904, ""K5_decision"": 123.64450001041405}",14928
FACTURK-0497,YALAN,"[15787, 23686, 26820, 12437, 14920, 14079, 10513, 24028, 8378, 15622, 20867, 25941, 29262, 2356, 25169, 22407, 30024, 15975, 24380, 6467]","[7.9673009167891e-05, 1.7097478121286258e-05, 0.015603534877300262, 4.5044595026411116e-05, 0.00019411319226492196, 0.0003654328465927392, 1.6314539607265033e-05, 0.754553496837616, 4.469407213036902e-05, 9.993031562771648e-05, 0.003456409554928541, 0.0009436192340217531, 0.0009039677679538727, 1.6314539607265033e-05, 2.178264912799932e-05, 1.6187581422855146e-05, 2.908344322349876e-05, 1.7097478121286258e-05, 1.7231572201126255e-05, 1.67014204635052e-05]","[0.00046908194781281054, 0.011768401600420475, 0.987762451171875]","[0.00046908194781281054, 0.011768401600420475, 0.987762451171875]",False,DOĞRU,ONAY,False,False,1786.027299996931,"{""K1_input_and_readiness"": 0.06049999501556158, ""K7_context"": 0.001500011421740055, ""K1_normalization"": 0.011099997209385037, ""K6_advisory"": 37.571099994238466, ""K1_intent"": 0.06080002640374005, ""K2_retrieval"": 134.20630001928657, ""K3_reranker"": 1314.0702999953646, ""K8_weighted_ranking"": 1.327700010733679, ""K3_candidate_filters"": 7.105199998477474, ""K9_advisory_consensus"": 0.008200004231184721, ""K4_nli_and_bypass_check"": 159.08449998823926, ""K5_decision"": 129.37790001160465}",26820
FACTURK-0498,DOĞRU,"[20020, 23751, 1291, 19589, 14089, 24834, 21497, 20519, 21402, 29627, 5491, 29912, 6573, 25969, 6263, 4331, 13338, 19866, 9114, 18234]","[0.0010775026166811585, 0.004755199886858463, 9.915272676153108e-05, 0.026861203834414482, 0.005343256052583456, 3.4808123018592596e-05, 2.2125668692751788e-05, 0.03173859417438507, 6.502816540887579e-05, 0.002225670963525772, 6.302758993115276e-05, 0.0012545944191515446, 0.0001699752756394446, 0.0004044814850203693, 3.269927037763409e-05, 0.00034329999471083283, 0.00046190584544092417, 4.006369272246957e-05, 0.0002802109520416707, 0.0015427322359755635]","[0.005011390428990126, 0.011136811226606369, 0.9838517308235168]","[0.005011390428990126, 0.011136811226606369, 0.9838517308235168]",False,DOĞRU,ONAY,False,False,1337.2609999787528,"{""K1_input_and_readiness"": 0.04350001108832657, ""K7_context"": 0.006599992047995329, ""K1_normalization"": 0.008400005754083395, ""K6_advisory"": 34.925299987662584, ""K1_intent"": 0.06469999789260328, ""K2_retrieval"": 137.93830000213347, ""K3_reranker"": 1117.052199988393, ""K8_weighted_ranking"": 1.0939000057987869, ""K3_candidate_filters"": 5.8972999977413565, ""K9_advisory_consensus"": 0.006599992047995329, ""K4_nli_and_bypass_check"": 36.2293999933172, ""K5_decision"": 0.22159999934956431}",23751
FACTURK-0499,YALAN,"[9150, 17048, 21827, 28547, 1090, 16652, 25228, 6684, 9629, 8347, 12278, 16150, 9642, 29414, 21058, 9686, 2984, 13390, 20257, 28029]","[0.007518718484789133, 8.957788668340072e-05, 0.013480102643370628, 0.355663001537323, 0.005511934403330088, 0.00010071400902234018, 0.009746103547513485, 3.619466951931827e-05, 5.518923353520222e-05, 0.0007733057136647403, 0.005576545372605324, 0.0326513797044754, 0.010368157178163528, 1.892514956125524e-05, 3.219233258278109e-05, 0.008093290030956268, 0.0001500056532677263, 0.009268013760447502, 4.6474400733131915e-05, 0.0039454069919884205]","[0.0021100901067256927, 0.8930284380912781, 0.10486146062612534]","[0.0021100901067256927, 0.8930284380912781, 0.10486146062612534]",False,YALAN,UYARI,False,False,2591.931900009513,"{""K1_input_and_readiness"": 0.07040001219138503, ""K7_context"": 0.0012999807950109243, ""K1_normalization"": 0.012800010154023767, ""K6_advisory"": 36.015399993630126, ""K1_intent"": 0.06669998401775956, ""K2_retrieval"": 187.33690000954084, ""K3_reranker"": 2336.962500005029, ""K8_weighted_ranking"": 1.2399000115692616, ""K3_candidate_filters"": 5.876799987163395, ""K9_advisory_consensus"": 0.006200018106028438, ""K4_nli_and_bypass_check"": 20.78379999147728, ""K5_decision"": 0.3176000027451664}",28547
FACTURK-0500,DOĞRU,"[27629, 4964, 18561, 9274, 10902, 5087, 11058, 25108, 28205, 15684, 14464, 27522, 25113, 2984, 27017, 20599, 27617, 29474, 15264, 21914]","[0.9986169338226318, 0.0022606407292187214, 0.00033535013790242374, 0.3197582960128784, 0.0001823546044761315, 0.0005571116926148534, 0.005384937860071659, 0.00013032974675297737, 1.9988918211311102e-05, 4.2647468944778666e-05, 2.265035072923638e-05, 1.67014204635052e-05, 1.657145367062185e-05, 0.0001387341326335445, 0.0010775026166811585, 1.6187581422855146e-05, 1.6187581422855146e-05, 0.0003569706459529698, 6.156764720799401e-05, 0.00044248730409890413]",null,"[1.0, 0.0, 0.0]",True,YETERSİZ VERİ,KISMI,True,False,1504.7302000166383,"{""K1_input_and_readiness"": 0.047999987145885825, ""K7_context"": 0.001400010660290718, ""K1_normalization"": 0.009299983503296971, ""K6_advisory"": 32.51200000522658, ""K1_intent"": 0.0357000099029392, ""K2_retrieval"": 114.93769998196512, ""K3_reranker"": 1344.6288999984972, ""K8_weighted_ranking"": 1.2790999899152666, ""K3_candidate_filters"": 6.757499999366701, ""K9_advisory_consensus"": 0.008600007276982069, ""K4_nli_and_bypass_check"": 0.382099999114871, ""K5_decision"": 0.3437999985180795}",27629
