claim_id,gold_verdict,retrieved_source_ids,rerank_scores,nli_probs,decision_probs,nli_bypassed,final_verdict,raw_status,abstained,cache_hit,latency_ms,layer_latency_ms,selected_source_id
FACTURK-0001,YALAN,"[5084, 14206, 12265, 15649, 29136, 23720, 11388, 25947, 11155, 29179, 24388, 16644, 8136, 708, 25537, 14040, 27443, 23236, 21407, 4682]","[0.009670992381870747, 0.019160708412528038, 0.0002234163403045386, 1.657145367062185e-05, 0.0023596605751663446, 0.00016603845870122313, 0.0067449891939759254, 2.4300241420860402e-05, 0.0011740821646526456, 2.1112482500029728e-05, 1.7366719475830905e-05, 0.42590367794036865, 1.750292540236842e-05, 4.006369272246957e-05, 0.04146226868033409, 0.00011061159602832049, 1.6442494597868063e-05, 0.0017614696407690644, 2.1278065105434507e-05, 1.7917987861437723e-05]","[0.0009598731994628906, 0.99853515625, 0.0005030632019042969]","[0.0009598731994628906, 0.99853515625, 0.0005030632019042969]",False,YALAN,RED,False,False,27485.17879999963,"{""K1_input_and_readiness"": 0.47339999946416356, ""K7_context"": 0.0018999999156221747, ""K1_normalization"": 0.25939999977708794, ""K6_advisory"": 47.14149999927031, ""K1_intent"": 0.26170000091951806, ""K2_retrieval"": 245.7458000008046, ""K3_reranker"": 2144.6278000003076, ""K8_weighted_ranking"": 1.1682000003929716, ""K3_candidate_filters"": 0.28540000130306, ""K9_advisory_consensus"": 0.004300000000512227, ""K4_nli_and_bypass_check"": 1236.897400000089, ""K5_decision"": 1204.9781000005169}",web_daffa79b_1
FACTURK-0002,YALAN,"[5161, 21314, 27176, 15452, 19821, 15313, 13566, 28567, 25882, 29461, 26954, 5398, 29680, 9918, 23602, 5162, 12338, 14911, 22734, 3195]","[0.0029464049730449915, 0.012431650422513485, 0.00013342000602278858, 0.0001673405058681965, 0.0003500686143524945, 0.054198723286390305, 0.0060503981076180935, 0.007665874902158976, 0.0031974869780242443, 1.6442494597868063e-05, 0.019985152408480644, 1.6061610949691385e-05, 1.6314539607265033e-05, 0.0032350558321923018, 1.6187581422855146e-05, 0.04795810207724571, 0.026506125926971436, 0.000191104321856983, 0.003621685551479459, 1.6061610949691385e-05]","[0.0511474609375, 0.947265625, 0.0017995834350585938]","[0.0511474609375, 0.947265625, 0.0017995834350585938]",False,YALAN,RED,False,False,20973.35860000021,"{""K1_input_and_readiness"": 0.06229999962670263, ""K7_context"": 0.0012000000424450263, ""K1_normalization"": 0.013099999705445953, ""K6_advisory"": 21.457099999679485, ""K1_intent"": 0.03139999898849055, ""K2_retrieval"": 165.25410000031115, ""K3_reranker"": 1298.5997999985557, ""K8_weighted_ranking"": 1.0291999988112366, ""K3_candidate_filters"": 0.002099999619531445, ""K9_advisory_consensus"": 0.01359999987471383, ""K4_nli_and_bypass_check"": 1154.2267999993783, ""K5_decision"": 1017.4942000012379}",web_b8f174a1_2
FACTURK-0003,DOĞRU,"[10643, 3679, 4493, 29985, 3830, 10187, 28232, 4720, 26773, 3368, 6837, 23537, 864, 18485, 5913, 1579, 15078, 12304, 10688, 30019]","[0.00048406238784082234, 1.7366719475830905e-05, 2.5071596610359848e-05, 2.3369333575828932e-05, 5.694102947018109e-05, 2.566613329690881e-05, 1.6061610949691385e-05, 8.682210318511352e-05, 1.6187581422855146e-05, 1.6187581422855146e-05, 1.7231572201126255e-05, 1.6187581422855146e-05, 1.6314539607265033e-05, 1.6442494597868063e-05, 1.6061610949691385e-05, 1.6442494597868063e-05, 1.6061610949691385e-05, 0.0005213363328948617, 1.683241134742275e-05, 1.6061610949691385e-05]",null,"[1.0, 0.0, 0.0]",True,DOĞRU,ONAY,False,False,10276.609500000632,"{""K1_input_and_readiness"": 0.040099999750964344, ""K7_context"": 0.0010999992809956893, ""K1_normalization"": 0.007700000423938036, ""K6_advisory"": 20.467399999688496, ""K1_intent"": 0.021300000298651867, ""K2_retrieval"": 158.05420000106096, ""K3_reranker"": 2160.5612999992445, ""K8_weighted_ranking"": 0.9891000008792616, ""K3_candidate_filters"": 0.0021000014385208488, ""K9_advisory_consensus"": 0.013300001228344627, ""K4_nli_and_bypass_check"": 0.5115000003570458, ""K5_decision"": 0.5719999990105862}",web_a5235acf_0
FACTURK-0004,YALAN,"[13928, 13159, 4829, 26049, 10491, 12198, 16843, 7716, 19331, 23472, 28091, 15833, 14158, 7204, 16105, 27795, 11156, 11180, 23662, 11990]","[0.004382336512207985, 0.007695646956562996, 0.016979992389678955, 0.012194132432341576, 0.0002780309587251395, 0.0027149852830916643, 0.034618835896253586, 0.03588069602847099, 0.0004124558763578534, 0.0029810327105224133, 8.888084994396195e-05, 0.0001511819864390418, 0.007636216934770346, 0.0021074723917990923, 0.0002131875662598759, 0.00041568948654457927, 3.1693256460130215e-05, 1.683241134742275e-05, 0.0003275842755101621, 0.00021824207215104252]","[0.25146484375, 0.744140625, 0.004390716552734375]","[0.25146484375, 0.744140625, 0.004390716552734375]",False,YALAN,RED,False,False,11879.024500000014,"{""K1_input_and_readiness"": 0.059699999837903306, ""K7_context"": 0.0013000008038943633, ""K1_normalization"": 0.011000000085914508, ""K6_advisory"": 21.231799999441137, ""K1_intent"": 0.043000000005122274, ""K2_retrieval"": 208.3628000000317, ""K3_reranker"": 1994.1188000011607, ""K8_weighted_ranking"": 1.0063000008813106, ""K3_candidate_filters"": 0.0018999999156221747, ""K9_advisory_consensus"": 0.013499999113264494, ""K4_nli_and_bypass_check"": 78.03109999986191, ""K5_decision"": 0.37340000017138664}",web_61fbfac7_0
FACTURK-0005,YALAN,"[29807, 27466, 11486, 9201, 11348, 2140, 24935, 20333, 209, 27288, 150, 22494, 2050, 29979, 29112, 4916, 13172, 13258, 4896, 16391]","[2.3007036361377686e-05, 1.6061610949691385e-05, 1.6187581422855146e-05, 1.593661909282673e-05, 1.6314539607265033e-05, 3.1693256460130215e-05, 0.0002715921145863831, 8.547616744181141e-05, 1.7917987861437723e-05, 0.0019723358564078808, 1.922317096614279e-05, 1.6061610949691385e-05, 4.683888619183563e-05, 1.6061610949691385e-05, 0.0037072531413286924, 3.5633544030133635e-05, 2.9541422918555327e-05, 1.8200149497715756e-05, 0.00026947917649522424, 1.6061610949691385e-05]","[0.6123046875, 0.38525390625, 0.002414703369140625]","[0.6123046875, 0.38525390625, 0.002414703369140625]",False,DOĞRU,ONAY,False,False,14157.015799999499,"{""K1_input_and_readiness"": 0.04619999890564941, ""K7_context"": 0.0012000000424450263, ""K1_normalization"": 0.009800000043469481, ""K6_advisory"": 21.09799999925599, ""K1_intent"": 0.028399999791872688, ""K2_retrieval"": 192.95950000014273, ""K3_reranker"": 1843.8004999989062, ""K8_weighted_ranking"": 0.9881999994831858, ""K3_candidate_filters"": 0.0017999991541728377, ""K9_advisory_consensus"": 0.01320000046689529, ""K4_nli_and_bypass_check"": 458.3079000003636, ""K5_decision"": 399.02429999892775}",web_dae8035c_0
FACTURK-0006,YALAN,"[13994, 27790, 7893, 8670, 17553, 15787, 9150, 9636, 12442, 28045, 22499, 10784, 11182, 23979, 24804, 22699, 15425, 21477, 18709, 6418]","[0.0011649561347439885, 0.0017342078499495983, 1.6442494597868063e-05, 3.508111694827676e-05, 3.0006618544575758e-05, 0.0006337125087156892, 0.009196552447974682, 1.6442494597868063e-05, 1.6442494597868063e-05, 1.9988918211311102e-05, 0.0002780309587251395, 4.794958294951357e-05, 0.0004859560285694897, 0.0008969392511062324, 1.6442494597868063e-05, 0.0010162440594285727, 0.001483718864619732, 1.6314539607265033e-05, 1.7097478121286258e-05, 0.006438102573156357]",null,null,False,YETERSİZ VERİ,RET,True,False,26434.442800000397,"{""K1_input_and_readiness"": 0.04179999996267725, ""K7_context"": 0.0010000003385357559, ""K1_normalization"": 0.008299999535665847, ""K6_advisory"": 21.169800000279793, ""K1_intent"": 0.026599998818710446, ""K2_retrieval"": 165.7374999995227, ""K3_reranker"": 1880.7711000008567, ""K8_weighted_ranking"": 1.0856999997486128, ""K3_candidate_filters"": 0.001999998858082108}",
FACTURK-0007,YALAN,"[9422, 22254, 11479, 9150, 3007, 16785, 635, 27268, 1272, 3592, 25225, 12977, 25178, 16910, 15675, 6336, 16150, 29240, 25228, 27696]","[0.002296159043908119, 0.0020190137438476086, 0.0008426423300988972, 0.0065388246439397335, 0.004755199886858463, 0.006877107545733452, 0.002957902615889907, 1.683241134742275e-05, 0.0010443859500810504, 0.00651349825784564, 0.0011740821646526456, 6.502816540887579e-05, 0.0004859560285694897, 0.00017674513219390064, 3.8229114579735324e-05, 0.0972188413143158, 0.006463137920945883, 0.0003225071995984763, 0.017712298780679703, 0.020884215831756592]",null,null,False,YETERSİZ VERİ,RET,True,False,16143.304100000023,"{""K1_input_and_readiness"": 0.06349999966914766, ""K7_context"": 0.0013000008038943633, ""K1_normalization"": 0.01219999830937013, ""K6_advisory"": 21.06600000115577, ""K1_intent"": 0.03389999983482994, ""K2_retrieval"": 213.2982000002812, ""K3_reranker"": 1907.2414999991452, ""K8_weighted_ranking"": 0.9294999999838183, ""K3_candidate_filters"": 0.0017999991541728377}",
FACTURK-0008,DOĞRU,"[23842, 9982, 10382, 9650, 15500, 19666, 11877, 9806, 3540, 14693, 3040, 14448, 20379, 22944, 8990, 3772, 22150, 23316, 22581, 6926]","[0.005865338258445263, 1.6442494597868063e-05, 2.4300241420860402e-05, 0.001048469333909452, 1.922317096614279e-05, 4.1335399146191776e-05, 0.0005725466180592775, 0.0005420927773229778, 1.6061610949691385e-05, 8.888084994396195e-05, 1.6314539607265033e-05, 0.015603534877300262, 2.3369333575828932e-05, 2.1112482500029728e-05, 0.0019418168812990189, 1.6187581422855146e-05, 9.7615658887662e-05, 0.023021258413791656, 0.0018031664658337831, 2.178264912799932e-05]",null,null,False,YETERSİZ VERİ,RET,True,False,15239.16509999981,"{""K1_input_and_readiness"": 0.04910000097879674, ""K7_context"": 0.0012000000424450263, ""K1_normalization"": 0.009999999747378752, ""K6_advisory"": 20.857100000284845, ""K1_intent"": 0.0259000007645227, ""K2_retrieval"": 185.7027999994898, ""K3_reranker"": 1307.631699999547, ""K8_weighted_ranking"": 1.0390999996161554, ""K3_candidate_filters"": 0.002099999619531445}",
FACTURK-0009,DOĞRU,"[1144, 24475, 27597, 16895, 6310, 20475, 12267, 7358, 14517, 19012, 6826, 22836, 27502, 8481, 8892, 19391, 27132, 6311, 12431, 3325]","[3.7931622500764206e-05, 0.0015548133524134755, 2.014569145103451e-05, 0.00013135180051904172, 0.0005420927773229778, 0.005001672077924013, 0.0013198634842410684, 0.0006693099858239293, 0.005159622989594936, 0.00026947917649522424, 0.0004494523163884878, 0.0005233757547102869, 2.977311669383198e-05, 0.00016346470511052758, 2.0785171727766283e-05, 5.0644717703107744e-05, 1.6314539607265033e-05, 0.0009362827986478806, 1.7366719475830905e-05, 2.2827996872365475e-05]","[0.0030574798583984375, 0.99560546875, 0.001125335693359375]","[0.0030574798583984375, 0.99560546875, 0.001125335693359375]",False,YALAN,RED,False,False,27814.462600001207,"{""K1_input_and_readiness"": 0.049700000090524554, ""K7_context"": 0.0014000015653437003, ""K1_normalization"": 0.010399999155197293, ""K6_advisory"": 20.94510000097216, ""K1_intent"": 0.02539999877626542, ""K2_retrieval"": 177.51619999944523, ""K3_reranker"": 1281.1753999994835, ""K8_weighted_ranking"": 1.000199999907636, ""K3_candidate_filters"": 0.0020000006770715117, ""K9_advisory_consensus"": 0.013799999578623101, ""K4_nli_and_bypass_check"": 508.50919999902544, ""K5_decision"": 410.91319999941334}",web_e1693dbe_0
FACTURK-0010,YALAN,"[24363, 8324, 13975, 27785, 18194, 8950, 8758, 10912, 28933, 2259, 11725, 129, 389, 10568, 29827, 5415, 11438, 14997, 27935, 2585]","[0.9533619284629822, 0.004520817659795284, 0.01214717049151659, 5.738759500673041e-05, 1.892514956125524e-05, 2.526822754589375e-05, 1.805851934477687e-05, 8.284655632451177e-05, 1.6061610949691385e-05, 1.657145367062185e-05, 2.6897845600615256e-05, 8.614650869276375e-05, 0.00035557945375330746, 0.0008559006964787841, 2.392351052549202e-05, 4.794958294951357e-05, 1.6442494597868063e-05, 0.00029365462251007557, 1.6314539607265033e-05, 3.734356869244948e-05]","[0.99853515625, 0.00025534629821777344, 0.0011091232299804688]","[0.99853515625, 0.00025534629821777344, 0.0011091232299804688]",False,YALAN,UYARI,False,False,2842.0627000014065,"{""K1_input_and_readiness"": 0.04149999949731864, ""K7_context"": 0.0011000010999850929, ""K1_normalization"": 0.008000000889296643, ""K6_advisory"": 21.076699998957338, ""K1_intent"": 0.029599999834317714, ""K2_retrieval"": 166.7875000002823, ""K3_reranker"": 2053.071099999215, ""K8_weighted_ranking"": 0.9958999999071239, ""K3_candidate_filters"": 0.2753999997366918, ""K9_advisory_consensus"": 0.004600000465870835, ""K4_nli_and_bypass_check"": 306.80709999978717, ""K5_decision"": 290.49969999869063}",24363
FACTURK-0011,YALAN,"[23718, 23479, 25507, 28191, 12587, 19428, 20172, 29572, 26988, 20389, 14814, 7826, 21721, 19006, 6047, 5185, 6648, 26079, 579, 2434]","[0.0006312434561550617, 0.00025714197545312345, 2.977311669383198e-05, 2.030369250860531e-05, 0.009708477184176445, 3.5633544030133635e-05, 0.011597361415624619, 1.892514956125524e-05, 0.0061450921930372715, 0.001573112211190164, 0.0005838325014337897, 1.67014204635052e-05, 0.00017265156202483922, 0.00023597174731548876, 0.0002287133247591555, 0.0010649627074599266, 2.0623421733034775e-05, 4.400118632474914e-05, 0.007968815043568611, 4.101373633602634e-05]",null,null,False,YETERSİZ VERİ,RET,True,False,3254.9070000004576,"{""K1_input_and_readiness"": 0.040299999454873614, ""K7_context"": 0.0010999992809956893, ""K1_normalization"": 0.008800001523923129, ""K6_advisory"": 23.566800000480725, ""K1_intent"": 0.04309999894758221, ""K2_retrieval"": 158.57150000010733, ""K3_reranker"": 1281.7699000006542, ""K8_weighted_ranking"": 1.0175000006711343, ""K3_candidate_filters"": 0.0018999999156221747}",
FACTURK-0012,DOĞRU,"[18918, 29855, 23011, 19541, 6622, 25720, 11529, 26278, 22626, 25180, 6142, 29775, 3162, 7148, 14891, 27742, 1743, 25865, 15735, 6336]","[0.0012893283274024725, 0.00012148174573667347, 0.0038996203802525997, 0.03403615206480026, 0.0003640086797531694, 0.0005549409543164074, 0.0020111582707613707, 2.4876489987946115e-05, 3.071818719035946e-05, 0.0009110511746257544, 0.005060331895947456, 0.00014313739666249603, 0.0003275842755101621, 0.0017752605490386486, 1.6314539607265033e-05, 0.0018031664658337831, 0.00013552077871281654, 3.3474691008450463e-05, 0.0004529758298303932, 0.0009399438858963549]",null,null,False,YETERSİZ VERİ,RET,True,False,31402.33790000093,"{""K1_input_and_readiness"": 0.04119999903196003, ""K7_context"": 0.0010999992809956893, ""K1_normalization"": 0.01089999932446517, ""K6_advisory"": 21.084299998619827, ""K1_intent"": 0.03400000059627928, ""K2_retrieval"": 167.94889999982843, ""K3_reranker"": 1173.6192000007577, ""K8_weighted_ranking"": 1.014499999655527, ""K3_candidate_filters"": 0.0019000017346115783}",
FACTURK-0013,DOĞRU,"[12699, 10893, 22737, 27933, 17446, 8374, 22357, 12534, 8303, 18096, 23089, 2528, 14887, 15062, 8216, 9657, 28054, 13101, 27013, 16012]","[0.7246754765510559, 0.1945207715034485, 1.8342892872169614e-05, 0.00023597174731548876, 0.004331501666456461, 9.7615658887662e-05, 0.0015916259726509452, 0.0027149852830916643, 0.0006959536112844944, 0.0003951153776142746, 0.000570315751247108, 3.734356869244948e-05, 0.0006142272031866014, 0.004520817659795284, 0.0001823546044761315, 0.0021074723917990923, 0.0030515100806951523, 0.0002415662893326953, 0.00031258779927156866, 0.00038296362617984414]","[0.0041961669921875, 0.481689453125, 0.51416015625]","[0.0041961669921875, 0.481689453125, 0.51416015625]",False,YETERSİZ VERİ,KISMI,True,False,23502.010100000916,"{""K1_input_and_readiness"": 0.05609999971056823, ""K7_context"": 0.0012000000424450263, ""K1_normalization"": 0.011699999959091656, ""K6_advisory"": 21.52159999968717, ""K1_intent"": 0.030899998819222674, ""K2_retrieval"": 175.75159999978496, ""K3_reranker"": 1731.4640000004147, ""K8_weighted_ranking"": 0.9906000013870653, ""K3_candidate_filters"": 0.301799998851493, ""K9_advisory_consensus"": 0.004800000169780105, ""K4_nli_and_bypass_check"": 19.89549999962037, ""K5_decision"": 0.16649999997753184}",web_f8135614_2
FACTURK-0014,YALAN,"[29080, 27142, 28266, 29892, 29834, 1095, 13298, 15868, 13341, 2537, 27999, 6418, 27730, 29881, 27601, 9507, 24354, 20632, 28088, 22608]","[0.09982065856456757, 0.16026602685451508, 0.012722708284854889, 0.005179712548851967, 0.04501553252339363, 0.13330234587192535, 0.0002234163403045386, 0.09334687888622284, 0.02843603305518627, 0.005426943302154541, 0.003087369492277503, 0.14010079205036163, 0.0011160142021253705, 0.060863446444272995, 0.0008659808663651347, 0.007431773468852043, 0.013636835850775242, 0.001495338510721922, 0.0011832797899842262, 0.0360160693526268]","[0.001789093017578125, 0.998046875, 0.00020706653594970703]","[0.001789093017578125, 0.998046875, 0.00020706653594970703]",False,YETERSİZ VERİ,RET,True,False,21882.218300001114,"{""K1_input_and_readiness"": 0.03980000110459514, ""K7_context"": 0.0013999997463542968, ""K1_normalization"": 0.007900000127847306, ""K6_advisory"": 21.437499999592546, ""K1_intent"": 0.025100000129896216, ""K2_retrieval"": 174.0417000000889, ""K3_reranker"": 1840.6649000007747, ""K8_weighted_ranking"": 1.1231999997107778, ""K3_candidate_filters"": 0.002099999619531445, ""K9_advisory_consensus"": 0.012900000001536682, ""K4_nli_and_bypass_check"": 461.43429999938235, ""K5_decision"": 375.0592999986111}",web_d8831cc8_0
FACTURK-0015,YALAN,"[4977, 15806, 18859, 2941, 29808, 3212, 23156, 7205, 26295, 12961, 15095, 2573, 22860, 24403, 27060, 1964, 25914, 19362, 15608, 2750]","[0.0005132579244673252, 2.265035072923638e-05, 0.0005792917218059301, 4.539786823443137e-05, 2.2474090656032786e-05, 0.01009131595492363, 0.0002287133247591555, 0.0001387341326335445, 0.00023597174731548876, 3.9135655242716894e-05, 0.0061212810687720776, 2.4682904040673748e-05, 0.00021485926117748022, 0.000487857119878754, 4.331903619458899e-05, 0.00025315635139122605, 2.0462934116949327e-05, 0.0014381353976204991, 0.001220795209519565, 0.0005213363328948617]","[0.0084228515625, 0.9892578125, 0.0023174285888671875]","[0.0084228515625, 0.9892578125, 0.0023174285888671875]",False,YALAN,RED,False,False,20795.227700000396,"{""K1_input_and_readiness"": 0.05690000034519471, ""K7_context"": 0.0013999997463542968, ""K1_normalization"": 0.010300000212737359, ""K6_advisory"": 21.67849999932514, ""K1_intent"": 0.038500000300700776, ""K2_retrieval"": 171.93890000089596, ""K3_reranker"": 1297.73380000006, ""K8_weighted_ranking"": 1.0136999990209006, ""K3_candidate_filters"": 0.0017999991541728377, ""K9_advisory_consensus"": 0.013100001524435356, ""K4_nli_and_bypass_check"": 1226.1065000002418, ""K5_decision"": 1165.3361999997287}",web_7795b01f_0
FACTURK-0016,DOĞRU,"[1988, 29568, 10107, 9053, 26997, 19128, 2671, 28296, 1386, 8942, 24244, 16982, 13542, 11388, 3711, 21094, 22490, 4613, 13246, 29202]","[0.3443332016468048, 0.00017265156202483922, 0.18111833930015564, 0.00029365462251007557, 1.6061610949691385e-05, 0.0019342610612511635, 1.6314539607265033e-05, 1.6314539607265033e-05, 0.00043393249507062137, 0.025323061272501945, 1.593661909282673e-05, 1.6061610949691385e-05, 1.6314539607265033e-05, 1.6314539607265033e-05, 1.6314539607265033e-05, 1.6314539607265033e-05, 1.6061610949691385e-05, 3.8229114579735324e-05, 0.0018102108733728528, 1.6061610949691385e-05]","[0.9990234375, 0.0002703666687011719, 0.0005826950073242188]","[0.9990234375, 0.0002703666687011719, 0.0005826950073242188]",False,YALAN,RED,False,False,27343.34459999991,"{""K1_input_and_readiness"": 0.04369999987829942, ""K7_context"": 0.0010000003385357559, ""K1_normalization"": 0.008200000593205914, ""K6_advisory"": 21.321300000636256, ""K1_intent"": 0.024599999960628338, ""K2_retrieval"": 149.75560000129917, ""K3_reranker"": 1772.488999999041, ""K8_weighted_ranking"": 1.0412000010546762, ""K3_candidate_filters"": 0.29380000160017516, ""K9_advisory_consensus"": 0.01340000017080456, ""K4_nli_and_bypass_check"": 395.8065999995597, ""K5_decision"": 352.9313999988517}",web_8018fa2d_1
FACTURK-0017,YALAN,"[11274, 2541, 28831, 8749, 19127, 17654, 23001, 21446, 8786, 21619, 2399, 350, 7578, 3161, 2773, 20870, 21760, 21169, 24882, 10116]","[0.04795810207724571, 0.000503335555549711, 1.683241134742275e-05, 4.1659583075670525e-05, 1.657145367062185e-05, 1.6314539607265033e-05, 0.00023782203788869083, 0.00020988310279790312, 0.00025514140725135803, 0.0011695103021338582, 5.783766391687095e-05, 1.593661909282673e-05, 1.593661909282673e-05, 5.225226777838543e-05, 1.6061610949691385e-05, 0.00020184421737212688, 1.593661909282673e-05, 1.9525883544702083e-05, 1.8200149497715756e-05, 0.00014202363672666252]",null,null,False,YETERSİZ VERİ,RET,True,False,12729.35040000084,"{""K1_input_and_readiness"": 0.04830000034417026, ""K7_context"": 0.0012000000424450263, ""K1_normalization"": 0.009399998816661537, ""K6_advisory"": 23.51219999945897, ""K1_intent"": 0.05210000017541461, ""K2_retrieval"": 200.0279000003502, ""K3_reranker"": 1607.1216000000277, ""K8_weighted_ranking"": 0.9707000008347677, ""K3_candidate_filters"": 0.001999998858082108}",
FACTURK-0018,YALAN,"[11509, 20020, 18468, 13474, 6336, 13842, 4897, 28378, 24002, 14073, 29892, 1424, 18297, 2337, 5278, 348, 12794, 25726, 17876, 10061]","[0.026205414906144142, 0.009232213720679283, 0.3624049127101898, 0.00039821304380893707, 5.0644717703107744e-05, 0.0011203772155568004, 7.905303937150165e-05, 0.0008393599418923259, 0.00570803415030241, 0.001052568550221622, 8.284655632451177e-05, 0.0004897656035609543, 0.0004747042548842728, 0.0008592476369813085, 0.0001500056532677263, 0.0003920417802873999, 0.00018667821132112294, 0.00011323437502142042, 0.003765413537621498, 0.0010005044750869274]","[0.004589080810546875, 0.9892578125, 0.006317138671875]","[0.004589080810546875, 0.9892578125, 0.006317138671875]",False,YETERSİZ VERİ,RET,True,False,31143.255200000567,"{""K1_input_and_readiness"": 0.04749999970954377, ""K7_context"": 0.0010000003385357559, ""K1_normalization"": 0.00960000033956021, ""K6_advisory"": 22.817299999587703, ""K1_intent"": 0.033999998777289875, ""K2_retrieval"": 173.98689999936323, ""K3_reranker"": 1283.4380000003875, ""K8_weighted_ranking"": 1.0598999997455394, ""K3_candidate_filters"": 0.30109999897831585, ""K9_advisory_consensus"": 0.005199999577598646, ""K4_nli_and_bypass_check"": 306.14520000017365, ""K5_decision"": 265.944100001434}",web_dbc03864_1
FACTURK-0019,YALAN,"[10019, 23626, 10855, 5995, 25163, 18608, 10430, 21693, 23143, 26301, 5665, 4198, 9385, 28726, 21404, 15562, 5174, 22499, 17993, 14676]","[0.698535144329071, 0.015663648024201393, 0.00020184421737212688, 0.0001476803736295551, 0.0014493984635919333, 0.0036499870475381613, 1.7778551409719512e-05, 3.219233258278109e-05, 4.331903619458899e-05, 1.922317096614279e-05, 9.098840382648632e-05, 0.006641112733632326, 0.000159678646014072, 0.00026738259475678205, 1.9525883544702083e-05, 0.0016420665197074413, 1.9073577277595177e-05, 0.0003199982165824622, 1.7097478121286258e-05, 2.0785171727766283e-05]","[0.002323150634765625, 0.99560546875, 0.001895904541015625]","[0.002323150634765625, 0.99560546875, 0.001895904541015625]",False,YETERSİZ VERİ,RET,True,False,18554.63559999953,"{""K1_input_and_readiness"": 0.040099999750964344, ""K7_context"": 0.0012000000424450263, ""K1_normalization"": 0.0071999984356807545, ""K6_advisory"": 21.15349999985483, ""K1_intent"": 0.023399999918183312, ""K2_retrieval"": 152.26330000041344, ""K3_reranker"": 2093.71210000063, ""K8_weighted_ranking"": 1.0130000009667128, ""K3_candidate_filters"": 0.2851999997801613, ""K9_advisory_consensus"": 0.005099998816149309, ""K4_nli_and_bypass_check"": 65.94909999876108, ""K5_decision"": 44.81369999848539}",web_a7437181_0
FACTURK-0020,YALAN,"[13472, 2332, 26217, 13547, 774, 25293, 29995, 14203, 24466, 10255, 8966, 8144, 26278, 26014, 12519, 12451, 30143, 13913, 22086, 28546]","[0.04130730405449867, 0.19513355195522308, 0.03228325769305229, 0.0008009536541067064, 0.08108212053775787, 1.6442494597868063e-05, 0.02964751049876213, 0.09534945338964462, 0.005260852165520191, 0.7611836194992065, 0.01784873753786087, 0.0010202174307778478, 1.9373936083866283e-05, 1.67014204635052e-05, 0.06954174488782883, 0.007093862164765596, 2.4300241420860402e-05, 0.003991728648543358, 0.0026316740550100803, 0.01214717049151659]","[0.0231475830078125, 0.97607421875, 0.0005474090576171875]","[0.0231475830078125, 0.97607421875, 0.0005474090576171875]",False,YALAN,RED,False,False,1580.1788000007946,"{""K1_input_and_readiness"": 0.036299999919719994, ""K7_context"": 0.0012000000424450263, ""K1_normalization"": 0.006999998731771484, ""K6_advisory"": 22.466799999165232, ""K1_intent"": 0.027399999453336932, ""K2_retrieval"": 156.8623999992269, ""K3_reranker"": 1199.128300000666, ""K8_weighted_ranking"": 1.014499999655527, ""K3_candidate_filters"": 0.30160000096657313, ""K9_advisory_consensus"": 0.004699999408330768, ""K4_nli_and_bypass_check"": 108.93150000083551, ""K5_decision"": 88.83199999945646}",10255
FACTURK-0021,YALAN,"[12182, 19013, 6837, 7010, 4206, 26575, 28420, 1571, 29643, 4320, 13627, 17331, 19157, 13247, 28705, 16457, 21786, 27365, 17272, 17009]","[0.06477169692516327, 0.0036499870475381613, 3.024195939360652e-05, 0.002736221067607403, 1.6187581422855146e-05, 0.0001511819864390418, 5.391084778239019e-05, 0.0009927261853590608, 6.014152313582599e-05, 1.6187581422855146e-05, 1.7778551409719512e-05, 3.70529705833178e-05, 1.67014204635052e-05, 0.00041568948654457927, 1.6061610949691385e-05, 1.6964426322374493e-05, 1.6314539607265033e-05, 0.004198795650154352, 1.8342892872169614e-05, 0.0020111582707613707]","[0.021240234375, 0.97802734375, 0.0006918907165527344]","[0.021240234375, 0.97802734375, 0.0006918907165527344]",False,YALAN,RED,False,False,19757.88399999874,"{""K1_input_and_readiness"": 0.059300000430084765, ""K7_context"": 0.0011000010999850929, ""K1_normalization"": 0.012399999832268804, ""K6_advisory"": 21.99560000008205, ""K1_intent"": 0.04099999932805076, ""K2_retrieval"": 186.3346999998612, ""K3_reranker"": 1934.2438000003312, ""K8_weighted_ranking"": 1.044799999363022, ""K3_candidate_filters"": 0.0018000009731622413, ""K9_advisory_consensus"": 0.012700000297627412, ""K4_nli_and_bypass_check"": 497.0915999983845, ""K5_decision"": 369.7847000003094}",web_0d75a156_0
FACTURK-0022,DOĞRU,"[17990, 24739, 29904, 26723, 9682, 25000, 15978, 21076, 10656, 26748, 19286, 3213, 14260, 9916, 21969, 15026, 10651, 27992, 12664, 1970]","[0.00039977103006094694, 0.0012113064294680953, 2.6274772608303465e-05, 0.0398624911904335, 0.01590639166533947, 1.593661909282673e-05, 0.001151399570517242, 0.0032986511941999197, 0.0014895173953846097, 1.6442494597868063e-05, 1.6061610949691385e-05, 0.0038244836032390594, 0.0002492325147613883, 1.6061610949691385e-05, 0.003087369492277503, 0.00037409563083201647, 1.6061610949691385e-05, 1.8631746570463292e-05, 0.0019342610612511635, 0.002531111240386963]",null,null,False,YETERSİZ VERİ,RET,True,False,23625.78819999908,"{""K1_input_and_readiness"": 0.04630000148608815, ""K7_context"": 0.0010000003385357559, ""K1_normalization"": 0.00909999835130293, ""K6_advisory"": 20.429099999091704, ""K1_intent"": 0.025999999706982635, ""K2_retrieval"": 199.85300000007555, ""K3_reranker"": 1943.5644000004686, ""K8_weighted_ranking"": 1.1420999999245396, ""K3_candidate_filters"": 0.0020000006770715117}",
FACTURK-0023,YALAN,"[3409, 12334, 14597, 4491, 21826, 22170, 22908, 2565, 15861, 1375, 13986, 25180, 27625, 4790, 23686, 26848, 7028, 11592, 7836, 16405]","[0.008950711227953434, 0.0037217086646705866, 0.0027683854568749666, 3.3474691008450463e-05, 1.967902426258661e-05, 0.00019871552649419755, 0.0032476764172315598, 2.732141365413554e-05, 2.195349043176975e-05, 0.0016875095898285508, 0.0076066721230745316, 0.018124720081686974, 3.1201914680423215e-05, 1.7640199075685814e-05, 0.00016474656877107918, 2.161314114346169e-05, 0.0009811719646677375, 0.00025514140725135803, 0.0026730059180408716, 0.0002434604539303109]",null,null,False,YETERSİZ VERİ,RET,True,False,18818.0095000007,"{""K1_input_and_readiness"": 0.05050000072515104, ""K7_context"": 0.0010000003385357559, ""K1_normalization"": 0.011599999197642319, ""K6_advisory"": 21.19180000045162, ""K1_intent"": 0.03189999915775843, ""K2_retrieval"": 196.64639999973588, ""K3_reranker"": 1947.0282999991468, ""K8_weighted_ranking"": 0.959000000875676, ""K3_candidate_filters"": 0.0017000002117129043}",
FACTURK-0024,DOĞRU,"[27158, 26595, 25666, 13838, 835, 28676, 4485, 25133, 11451, 14492, 16370, 29088, 1300, 3188, 2337, 2805, 13205, 4250, 8895, 20021]","[0.0009510130621492863, 0.006666931323707104, 0.007431773468852043, 0.00012931563833262771, 0.001094452221877873, 0.0029235428664833307, 0.0007763299508951604, 0.005934066604822874, 0.0005506247980520129, 0.002992665395140648, 0.002225670963525772, 0.00022167809947859496, 0.0002251682453788817, 2.195349043176975e-05, 1.9833367332466878e-05, 0.0005420927773229778, 0.0031974869780242443, 0.006957608740776777, 0.006903838831931353, 5.920916373725049e-05]",null,null,False,YETERSİZ VERİ,RET,True,False,18480.599399999846,"{""K1_input_and_readiness"": 0.07440000081260223, ""K7_context"": 0.0012999989849049598, ""K1_normalization"": 0.013900000340072438, ""K6_advisory"": 21.89600000019709, ""K1_intent"": 0.0470000013592653, ""K2_retrieval"": 218.82560000085505, ""K3_reranker"": 1895.4809999995632, ""K8_weighted_ranking"": 1.056600000083563, ""K3_candidate_filters"": 0.0020000006770715117}",
FACTURK-0025,YALAN,"[8892, 13320, 14209, 11996, 10769, 8197, 23866, 17459, 21866, 5662, 8259, 3325, 2199, 28974, 14604, 6692, 16542, 372, 28996, 7437]","[0.34775856137275696, 0.16331195831298828, 0.3432316780090332, 0.1772405207157135, 0.9833430051803589, 0.05429893732070923, 0.0015854305820539594, 0.0009927261853590608, 0.0006166297243908048, 0.0007180297398008406, 0.0019117692718282342, 1.7640199075685814e-05, 0.003456409554928541, 0.0011649561347439885, 0.0005636750720441341, 0.016850080341100693, 0.028707079589366913, 0.02742854133248329, 0.04240382835268974, 0.3944924771785736]","[0.0013790130615234375, 0.001255035400390625, 0.99755859375]","[0.0013790130615234375, 0.001255035400390625, 0.99755859375]",False,YALAN,RED,False,False,2335.96789999865,"{""K1_input_and_readiness"": 0.04129999979340937, ""K7_context"": 0.0012000000424450263, ""K1_normalization"": 0.008000000889296643, ""K6_advisory"": 21.12429999942833, ""K1_intent"": 0.023599999622092582, ""K2_retrieval"": 145.1312000008329, ""K3_reranker"": 1754.2915000012727, ""K8_weighted_ranking"": 0.969700000496232, ""K3_candidate_filters"": 1.0961999996652594, ""K9_advisory_consensus"": 0.005800000508315861, ""K4_nli_and_bypass_check"": 213.79190000152448, ""K5_decision"": 196.89420000031532}",10769
FACTURK-0026,YALAN,"[27715, 9714, 28551, 16076, 14684, 15854, 21424, 10115, 16235, 3831, 9638, 17890, 27544, 1828, 20230, 10050, 23184, 4357, 16951, 22711]","[0.00011501735571073368, 2.265035072923638e-05, 0.00025315635139122605, 0.009449081495404243, 0.00021995337738189846, 9.17019642656669e-05, 0.05654813349246979, 3.024195939360652e-05, 0.00016474656877107918, 1.683241134742275e-05, 0.034100424498319626, 0.003621685551479459, 0.013480102643370628, 1.6187581422855146e-05, 1.6061610949691385e-05, 1.6964426322374493e-05, 0.03521113470196724, 1.6061610949691385e-05, 0.004007289186120033, 0.00025514140725135803]",null,null,False,YETERSİZ VERİ,RET,True,False,7083.063899999615,"{""K1_input_and_readiness"": 0.04579999949783087, ""K7_context"": 0.0010999992809956893, ""K1_normalization"": 0.00909999835130293, ""K6_advisory"": 20.59920000101556, ""K1_intent"": 0.023600001441081986, ""K2_retrieval"": 157.43099999963306, ""K3_reranker"": 2132.0250000007945, ""K8_weighted_ranking"": 1.0992999996233266, ""K3_candidate_filters"": 0.0018999999156221747}",
FACTURK-0027,DOĞRU,"[15752, 13592, 27584, 7141, 21833, 13009, 27265, 29704, 16866, 8540, 24074, 27474, 10185, 19974, 28576, 2156, 28057, 28602, 7476, 15855]","[0.9997367262840271, 0.00013032974675297737, 2.586742994026281e-05, 0.00838045310229063, 1.6964426322374493e-05, 1.7097478121286258e-05, 6.761842087144032e-05, 0.005641908384859562, 1.8631746570463292e-05, 0.0009217804181389511, 3.269927037763409e-05, 0.0002287133247591555, 0.00023782203788869083, 0.0006487307837232947, 1.6061610949691385e-05, 6.0613183450186625e-05, 1.7917987861437723e-05, 5.649793456541374e-05, 1.8342892872169614e-05, 7.602479308843613e-05]","[0.99951171875, 0.00016629695892333984, 0.0003554821014404297]","[0.99951171875, 0.00016629695892333984, 0.0003554821014404297]",False,DOĞRU,ONAY,False,False,1879.4763999994757,"{""K1_input_and_readiness"": 0.04529999932856299, ""K7_context"": 0.0010999992809956893, ""K1_normalization"": 0.008899998647393659, ""K6_advisory"": 65.8476000007795, ""K1_intent"": 0.035400000342633575, ""K2_retrieval"": 221.350200001325, ""K3_reranker"": 1486.5281999991566, ""K8_weighted_ranking"": 1.073999999789521, ""K3_candidate_filters"": 0.286299999061157, ""K9_advisory_consensus"": 0.005300000339047983, ""K4_nli_and_bypass_check"": 60.681499999191146, ""K5_decision"": 41.00519999883545}",15752
FACTURK-0028,DOĞRU,"[7873, 29106, 1302, 10902, 11111, 17025, 26090, 6704, 16063, 30198, 24831, 26768, 2172, 29080, 22465, 26724, 9220, 30352, 1539, 11479]","[0.02241421490907669, 0.0905744731426239, 0.00266261282376945, 0.0042151594534516335, 0.00031015597051009536, 1.7097478121286258e-05, 5.433364276541397e-05, 0.10913478583097458, 0.011158031411468983, 0.00035419364576227963, 0.0005976693937554955, 1.7097478121286258e-05, 0.013955709524452686, 0.00038446192047558725, 0.030444350093603134, 0.0010282108560204506, 0.011375600472092628, 0.00015843621804378927, 0.0036499870475381613, 0.0009966077050194144]","[0.0033702850341796875, 0.99560546875, 0.0008697509765625]","[0.0033702850341796875, 0.99560546875, 0.0008697509765625]",False,YALAN,RED,False,False,16463.37549999953,"{""K1_input_and_readiness"": 0.04670000089390669, ""K7_context"": 0.0010000003385357559, ""K1_normalization"": 0.009699999282020144, ""K6_advisory"": 20.607899999959045, ""K1_intent"": 0.02680000034160912, ""K2_retrieval"": 179.7714000003907, ""K3_reranker"": 1648.6067000005278, ""K8_weighted_ranking"": 1.0070000007544877, ""K3_candidate_filters"": 0.0021000014385208488, ""K9_advisory_consensus"": 0.013299999409355223, ""K4_nli_and_bypass_check"": 583.1806000005599, ""K5_decision"": 500.22469999930763}",web_440244ad_0
FACTURK-0029,DOĞRU,"[29275, 3627, 29985, 16032, 5759, 2257, 1536, 18083, 29233, 22991, 11961, 4062, 9498, 20052, 30067, 4532, 5000, 28907, 4999, 15946]","[0.0075479233637452126, 0.003123648464679718, 0.002199798123911023, 0.00015356240328401327, 0.9757161140441895, 0.0027791904285550117, 0.00035976938670501113, 3.0479141059913673e-05, 5.391084778239019e-05, 0.0002287133247591555, 0.00015843621804378927, 1.6314539607265033e-05, 0.0001015038214973174, 0.0017546144081279635, 6.553815910592675e-05, 0.00020988310279790312, 0.00010720880527514964, 0.0002234163403045386, 6.657015910604969e-05, 5.920916373725049e-05]","[0.99365234375, 0.005458831787109375, 0.0006618499755859375]","[0.99365234375, 0.005458831787109375, 0.0006618499755859375]",False,DOĞRU,ONAY,False,False,2068.83359999847,"{""K1_input_and_readiness"": 0.03509999987727497, ""K7_context"": 0.0012999989849049598, ""K1_normalization"": 0.007099999493220821, ""K6_advisory"": 21.00860000064131, ""K1_intent"": 0.02409999979136046, ""K2_retrieval"": 152.82099999967613, ""K3_reranker"": 1602.3659000002226, ""K8_weighted_ranking"": 0.9272000006603776, ""K3_candidate_filters"": 0.2790000016830163, ""K9_advisory_consensus"": 0.005300000339047983, ""K4_nli_and_bypass_check"": 153.838000000178, ""K5_decision"": 135.08579999870562}",5759
FACTURK-0030,YALAN,"[29243, 18967, 12263, 28578, 25853, 18697, 26318, 8326, 14012, 9533, 7547, 8602, 3954, 14476, 15972, 26244, 8599, 13028, 13927, 19238]","[0.06536578387022018, 0.0020911062601953745, 0.010818447917699814, 0.00043393249507062137, 0.00014202363672666252, 0.000192602863535285, 0.0002396868512732908, 0.0023967307060956955, 0.00017674513219390064, 0.005021149758249521, 0.0029121784027665854, 0.00025118677876889706, 0.00026738259475678205, 6.60521473037079e-05, 0.0012399960542097688, 6.352188938762993e-05, 0.22901751101016998, 0.00036829791497439146, 0.009303949773311615, 0.0013198634842410684]",null,null,False,YETERSİZ VERİ,RET,True,False,15232.034500000736,"{""K1_input_and_readiness"": 0.05649999911838677, ""K7_context"": 0.0010000003385357559, ""K1_normalization"": 0.011099999028374441, ""K6_advisory"": 20.740399999340298, ""K1_intent"": 0.03149999974993989, ""K2_retrieval"": 202.7192000005016, ""K3_reranker"": 1607.239999999365, ""K8_weighted_ranking"": 0.9669999999459833, ""K3_candidate_filters"": 0.001999998858082108}",
FACTURK-0031,DOĞRU,"[767, 16372, 7295, 5586, 27621, 14552, 19768, 4672, 19703, 3917, 17742, 6920, 27568, 27971, 14475, 29996, 16760, 26261, 24047, 23035]","[0.044514428824186325, 0.00034599160426296294, 1.7097478121286258e-05, 8.156224066624418e-05, 1.6314539607265033e-05, 3.269927037763409e-05, 0.000638679601252079, 0.0001344663032796234, 0.0015487611526623368, 7.254361844388768e-05, 1.6964426322374493e-05, 7.086326513672248e-05, 0.07850097864866257, 0.04501553252339363, 0.0003889921063091606, 0.04001227021217346, 2.0462934116949327e-05, 0.0022606407292187214, 0.0002269338583573699, 1.805851934477687e-05]",null,null,False,YETERSİZ VERİ,RET,True,False,19425.525099999504,"{""K1_input_and_readiness"": 0.05889999920327682, ""K7_context"": 0.0015999994502635673, ""K1_normalization"": 0.0106999996205559, ""K6_advisory"": 22.891300000992487, ""K1_intent"": 0.0382999987778021, ""K2_retrieval"": 203.62380000005942, ""K3_reranker"": 1511.104699999123, ""K8_weighted_ranking"": 0.9420999995199963, ""K3_candidate_filters"": 0.0018999999156221747}",
FACTURK-0032,DOĞRU,"[23463, 23656, 27818, 24931, 11989, 12882, 5201, 25875, 13693, 18865, 22209, 23425, 27369, 4186, 26425, 26321, 3233, 14841, 18580, 28991]","[0.0006070755189284682, 0.00011866796558024362, 0.9976125955581665, 8.682210318511352e-05, 0.000437334441812709, 0.0001621928095119074, 0.0008525666198693216, 0.00034196203341707587, 3.9135655242716894e-05, 0.0010608151787891984, 0.0003583672805689275, 1.7640199075685814e-05, 1.6964426322374493e-05, 1.6314539607265033e-05, 1.6442494597868063e-05, 0.0016613906482234597, 5.605828482657671e-05, 5.0644717703107744e-05, 3.144662332488224e-05, 0.002199798123911023]","[0.0024166107177734375, 0.9970703125, 0.0003075599670410156]","[0.0024166107177734375, 0.9970703125, 0.0003075599670410156]",False,YETERSİZ VERİ,RET,True,False,23222.890899998674,"{""K1_input_and_readiness"": 0.046999999540275894, ""K7_context"": 0.0013999997463542968, ""K1_normalization"": 0.008999999408842996, ""K6_advisory"": 20.935299999109702, ""K1_intent"": 0.02479999966453761, ""K2_retrieval"": 167.02760000043781, ""K3_reranker"": 1090.5868000008923, ""K8_weighted_ranking"": 0.9752000005391892, ""K3_candidate_filters"": 0.2671999991434859, ""K9_advisory_consensus"": 0.005399999281507917, ""K4_nli_and_bypass_check"": 287.38309999971534, ""K5_decision"": 268.6909999993077}",27818
FACTURK-0033,DOĞRU,"[16046, 11509, 20020, 348, 28962, 13474, 6336, 16102, 29262, 18468, 25217, 28378, 29892, 11529, 9209, 13338, 6984, 19866, 13842, 3328]","[0.09268777817487717, 0.013636835850775242, 0.022889839485287666, 0.030733928084373474, 0.0010608151787891984, 0.00014653129619546235, 2.6274772608303465e-05, 0.0028671587351709604, 7.086326513672248e-05, 0.10284407436847687, 6.402006692951545e-05, 0.002182716503739357, 0.00021824207215104252, 0.00015236754552461207, 0.00014883848780300468, 0.006984650157392025, 0.01829933375120163, 6.402006692951545e-05, 0.0007947254925966263, 0.0008426423300988972]",null,"[1.0, 0.0, 0.0]",True,DOĞRU,ONAY,False,False,22666.6965000004,"{""K1_input_and_readiness"": 0.049199999921256676, ""K7_context"": 0.0014999986888142303, ""K1_normalization"": 0.008800001523923129, ""K6_advisory"": 21.62069999940286, ""K1_intent"": 0.02519999907235615, ""K2_retrieval"": 182.18069999966247, ""K3_reranker"": 1331.5355999984604, ""K8_weighted_ranking"": 0.9158000011666445, ""K3_candidate_filters"": 0.0017999991541728377, ""K9_advisory_consensus"": 0.013099999705445953, ""K4_nli_and_bypass_check"": 0.23569999939354602, ""K5_decision"": 0.28840000049967784}",web_c8f71704_0
FACTURK-0034,YALAN,"[9150, 10284, 6336, 8849, 10689, 12063, 6000, 6469, 18606, 12161, 9323, 23745, 13077, 7166, 20449, 10707, 24220, 6929, 10335, 9109]","[0.6513549089431763, 0.004101929254829884, 0.04001227021217346, 0.007204769179224968, 0.01678548939526081, 0.0033374049235135317, 2.6274772608303465e-05, 0.11636176705360413, 0.01353214867413044, 0.00013765462790615857, 0.0011559007689356804, 0.03875619173049927, 0.00020825010142289102, 0.14092636108398438, 7.905303937150165e-05, 0.05749328061938286, 0.01897803694009781, 0.004943688865751028, 0.0027683854568749666, 0.0059110685251653194]","[0.0008096694946289062, 0.998046875, 0.0009632110595703125]","[0.0008096694946289062, 0.998046875, 0.0009632110595703125]",False,YETERSİZ VERİ,RET,True,False,16611.025599999266,"{""K1_input_and_readiness"": 0.06770000072719995, ""K7_context"": 0.0014000015653437003, ""K1_normalization"": 0.01199999860546086, ""K6_advisory"": 20.60680000067805, ""K1_intent"": 0.03730000025825575, ""K2_retrieval"": 219.05690000130562, ""K3_reranker"": 1942.4230000004172, ""K8_weighted_ranking"": 1.2662000008276664, ""K3_candidate_filters"": 0.2669000004971167, ""K9_advisory_consensus"": 0.00419999923906289, ""K4_nli_and_bypass_check"": 17.28499999990163, ""K5_decision"": 0.14059999921300914}",9150
FACTURK-0035,DOĞRU,"[11509, 20020, 13842, 5278, 6302, 13474, 6832, 8688, 22914, 5122, 13143, 28378, 25726, 29892, 28962, 2337, 3328, 21495, 1849, 17014]","[0.01057048887014389, 0.011552670039236546, 0.00272558256983757, 0.000706905557308346, 0.06681232154369354, 0.0004092474700883031, 0.0034429810475558043, 0.046378202736377716, 0.01711088977754116, 0.0918697863817215, 0.09025323390960693, 0.006615392863750458, 0.0004205874283798039, 0.0012351677287369967, 1.7640199075685814e-05, 0.0010282108560204506, 0.00341627886518836, 0.0003006163169629872, 8.888084994396195e-05, 9.915272676153108e-05]",null,null,False,YETERSİZ VERİ,RET,True,False,19317.588899999464,"{""K1_input_and_readiness"": 0.0455999997939216, ""K7_context"": 0.0012999989849049598, ""K1_normalization"": 0.008299999535665847, ""K6_advisory"": 21.311700000296696, ""K1_intent"": 0.02409999979136046, ""K2_retrieval"": 144.9214000003849, ""K3_reranker"": 1064.0786000003573, ""K8_weighted_ranking"": 0.9315000006608898, ""K3_candidate_filters"": 0.002099999619531445}",
FACTURK-0036,YALAN,"[3812, 15659, 5493, 12322, 13629, 7546, 26825, 24726, 2387, 18795, 27970, 27634, 9828, 25225, 13059, 21281, 25962, 19128, 27201, 29417]","[0.00039821304380893707, 0.00031258779927156866, 0.0004747042548842728, 1.8486754925106652e-05, 0.0011604196624830365, 8.957788668340072e-05, 0.0007408055826090276, 2.195349043176975e-05, 1.7917987861437723e-05, 1.6314539607265033e-05, 0.0001823546044761315, 0.05300977826118469, 0.00035557945375330746, 0.0003077430883422494, 1.67014204635052e-05, 0.000159678646014072, 1.6442494597868063e-05, 1.6061610949691385e-05, 0.0005132579244673252, 1.805851934477687e-05]","[0.99853515625, 0.0005078315734863281, 0.0009598731994628906]","[0.99853515625, 0.0005078315734863281, 0.0009598731994628906]",False,DOĞRU,ONAY,False,False,13519.214899999497,"{""K1_input_and_readiness"": 0.0562999994144775, ""K7_context"": 0.0017000002117129043, ""K1_normalization"": 0.011000000085914508, ""K6_advisory"": 24.064600000201608, ""K1_intent"": 0.04020000051241368, ""K2_retrieval"": 170.35709999981918, ""K3_reranker"": 2108.699599999454, ""K8_weighted_ranking"": 1.0630999986460665, ""K3_candidate_filters"": 0.002099999619531445, ""K9_advisory_consensus"": 0.013900000340072438, ""K4_nli_and_bypass_check"": 199.33250000030966, ""K5_decision"": 160.52730000046722}",web_5220a12b_1
FACTURK-0037,YALAN,"[17297, 20136, 3001, 20020, 26211, 11189, 8849, 27740, 15511, 9150, 19187, 2337, 2792, 3694, 16831, 13842, 5606, 2607, 26442, 16390]","[0.0002591582597233355, 0.007577241398394108, 0.0019117692718282342, 0.000758359965402633, 0.00028685410507023335, 0.0003711854515131563, 0.574573814868927, 0.0013885232619941235, 4.6474400733131915e-05, 0.02186455763876438, 4.101373633602634e-05, 0.0007854739669710398, 0.0025016965810209513, 0.011915022507309914, 0.0006959536112844944, 0.018124720081686974, 1.6442494597868063e-05, 1.67014204635052e-05, 0.0002492325147613883, 0.002026899950578809]","[0.00940704345703125, 0.9892578125, 0.0012750625610351562]","[0.00940704345703125, 0.9892578125, 0.0012750625610351562]",False,YETERSİZ VERİ,RET,True,False,21950.34929999929,"{""K1_input_and_readiness"": 0.08440000055998098, ""K7_context"": 0.0010000003385357559, ""K1_normalization"": 0.013900000340072438, ""K6_advisory"": 20.901300000332412, ""K1_intent"": 0.04430000080901664, ""K2_retrieval"": 227.4799000006169, ""K3_reranker"": 2379.53220000054, ""K8_weighted_ranking"": 0.9069999996427214, ""K3_candidate_filters"": 0.26670000079320744, ""K9_advisory_consensus"": 0.004499999704421498, ""K4_nli_and_bypass_check"": 1040.435200000502, ""K5_decision"": 1038.1946999987122}",8849
FACTURK-0038,DOĞRU,"[16886, 29705, 29235, 8904, 14947, 27606, 29239, 29832, 12214, 510, 7538, 9702, 28823, 19156, 13967, 28170, 1153, 5185, 22167, 1970]","[0.0021657671313732862, 0.0019342610612511635, 0.0006771942134946585, 0.00043393249507062137, 0.01384861022233963, 0.005001672077924013, 0.0063635739497840405, 0.00025714197545312345, 0.10034840553998947, 0.002822832902893424, 2.2125668692751788e-05, 0.00011591933434829116, 1.67014204635052e-05, 0.005099818110466003, 0.002082970691844821, 0.0002959570847451687, 0.004485794343054295, 0.001995538594201207, 1.750292540236842e-05, 0.02108483947813511]","[0.80517578125, 0.03369140625, 0.1610107421875]","[0.80517578125, 0.03369140625, 0.1610107421875]",False,DOĞRU,ONAY,False,False,12225.995400000102,"{""K1_input_and_readiness"": 0.07069999992381781, ""K7_context"": 0.0012999989849049598, ""K1_normalization"": 0.012800001059076749, ""K6_advisory"": 20.66519999971206, ""K1_intent"": 0.037500001781154424, ""K2_retrieval"": 229.02450000037788, ""K3_reranker"": 2412.0327000000543, ""K8_weighted_ranking"": 1.0156000007555122, ""K3_candidate_filters"": 0.0018999999156221747, ""K9_advisory_consensus"": 0.012600001355167478, ""K4_nli_and_bypass_check"": 576.2629000000743, ""K5_decision"": 481.52010000012524}",web_e607a0a3_2
FACTURK-0039,DOĞRU,"[1215, 21561, 8693, 11919, 815, 28642, 28275, 27028, 29186, 16191, 3592, 21155, 15755, 10796, 28738, 3390, 14797, 24252, 13149, 21529]","[0.0007264875457622111, 3.3474691008450463e-05, 1.67014204635052e-05, 3.1201914680423215e-05, 0.00011682839976856485, 0.0007763299508951604, 0.00010071400902234018, 0.003429603995755315, 1.6061610949691385e-05, 0.0003275842755101621, 5.34913269802928e-05, 2.2474090656032786e-05, 3.2955729693640023e-05, 1.6061610949691385e-05, 1.6442494597868063e-05, 8.415108459303156e-05, 7.197912054834887e-05, 8.284655632451177e-05, 1.6061610949691385e-05, 0.0007124459953047335]","[0.0010023117065429688, 0.99853515625, 0.00022411346435546875]","[0.0010023117065429688, 0.99853515625, 0.00022411346435546875]",False,YETERSİZ VERİ,RET,True,False,17689.262900001268,"{""K1_input_and_readiness"": 0.03599999945436139, ""K7_context"": 0.0009999985195463523, ""K1_normalization"": 0.0070000005507608876, ""K6_advisory"": 20.849200000156998, ""K1_intent"": 0.022199999875738285, ""K2_retrieval"": 159.49489999911748, ""K3_reranker"": 1288.6786999988544, ""K8_weighted_ranking"": 0.9862999995675636, ""K3_candidate_filters"": 0.0018999999156221747, ""K9_advisory_consensus"": 0.012900000001536682, ""K4_nli_and_bypass_check"": 267.2763999999006, ""K5_decision"": 179.41549999886774}",web_8bae38de_1
FACTURK-0040,DOĞRU,"[20199, 29892, 2920, 13353, 18513, 6336, 15954, 11529, 7592, 30075, 2792, 8849, 22773, 22175, 17161, 4190, 9039, 20616, 14534, 23277]","[0.19868534803390503, 0.13511791825294495, 0.005554925184696913, 0.002560870721936226, 0.004297939129173756, 0.043691061437129974, 0.00012632041762117296, 0.02517884224653244, 0.008881675079464912, 0.011463796719908714, 0.032161444425582886, 0.044431429356336594, 0.008711384609341621, 0.013742320239543915, 0.007345826830714941, 0.09138210862874985, 0.0026214411482214928, 0.003273064736276865, 0.0016549242427572608, 0.0013670255430042744]",null,null,False,YETERSİZ VERİ,RET,True,False,9373.822099998506,"{""K1_input_and_readiness"": 0.0349000001733657, ""K7_context"": 0.0010000003385357559, ""K1_normalization"": 0.006300000677583739, ""K6_advisory"": 20.47889999994368, ""K1_intent"": 0.02010000025620684, ""K2_retrieval"": 162.31209999932616, ""K3_reranker"": 1330.9224000004178, ""K8_weighted_ranking"": 0.9654000004957197, ""K3_candidate_filters"": 0.0020000006770715117}",
FACTURK-0041,DOĞRU,"[25725, 17922, 701, 8074, 28419, 28690, 10209, 22542, 8487, 15372, 18172, 24002, 16852, 5491, 18561, 22552, 25726, 18809, 1887, 9450]","[0.039268750697374344, 0.08678673207759857, 6.976470467634499e-05, 0.07055959850549698, 0.2718311846256256, 0.024145424365997314, 0.10248421877622604, 0.000317508791340515, 0.004943688865751028, 0.10913478583097458, 0.06176270917057991, 0.01750955730676651, 0.03222229704260826, 0.005159622989594936, 0.0033766122069209814, 0.0443485826253891, 0.005957154091447592, 0.0389750711619854, 0.012241275049746037, 0.0008969392511062324]","[0.99853515625, 0.0009121894836425781, 0.0005168914794921875]","[0.99853515625, 0.0009121894836425781, 0.0005168914794921875]",False,DOĞRU,ONAY,False,False,22407.06169999976,"{""K1_input_and_readiness"": 0.04219999937049579, ""K7_context"": 0.0012000000424450263, ""K1_normalization"": 0.008299999535665847, ""K6_advisory"": 65.84169999950973, ""K1_intent"": 0.03509999987727497, ""K2_retrieval"": 218.43640000042797, ""K3_reranker"": 1408.78739999971, ""K8_weighted_ranking"": 0.9364999987155898, ""K3_candidate_filters"": 0.0017999991541728377, ""K9_advisory_consensus"": 0.013800001397612505, ""K4_nli_and_bypass_check"": 165.2940000003582, ""K5_decision"": 124.17570000070555}",web_45f4c866_0
FACTURK-0042,YALAN,"[15283, 11637, 22566, 14404, 16903, 7433, 27789, 15528, 23378, 8617, 18088, 19539, 29883, 15306, 1248, 8157, 28498, 22911, 28111, 2176]","[0.9345147609710693, 0.0009436192340217531, 6.452214438468218e-05, 0.00012339458044152707, 0.0006166297243908048, 0.0007408055826090276, 0.00011866796558024362, 2.161314114346169e-05, 0.0023596605751663446, 0.0017342078499495983, 1.7231572201126255e-05, 0.000628784007858485, 0.0001547666179249063, 0.06828854233026505, 1.6314539607265033e-05, 4.832564081880264e-05, 1.6187581422855146e-05, 0.00010229986219201237, 1.8777873265207745e-05, 2.195349043176975e-05]","[0.00385284423828125, 0.990234375, 0.00611114501953125]","[0.00385284423828125, 0.990234375, 0.00611114501953125]",False,YALAN,RED,False,False,14167.533100000583,"{""K1_input_and_readiness"": 0.053499999921768904, ""K7_context"": 0.0017000002117129043, ""K1_normalization"": 0.01049999991664663, ""K6_advisory"": 21.09050000035495, ""K1_intent"": 0.028500000553322025, ""K2_retrieval"": 208.4961000000476, ""K3_reranker"": 1282.4292000004789, ""K8_weighted_ranking"": 0.9883999991870951, ""K3_candidate_filters"": 0.2868999999918742, ""K9_advisory_consensus"": 0.005500000042957254, ""K4_nli_and_bypass_check"": 431.44109999957436, ""K5_decision"": 374.1702000006626}",web_00ce3cc3_1
FACTURK-0043,YALAN,"[30084, 24630, 18936, 26975, 4222, 9636, 14477, 24159, 24749, 22335, 17553, 27142, 8670, 25462, 29227, 11954, 16450, 14816, 24804, 16539]","[0.008711384609341621, 0.00012243441597092897, 4.434627408045344e-05, 2.0785171727766283e-05, 0.002026899950578809, 1.6187581422855146e-05, 5.1845658163074404e-05, 1.6964426322374493e-05, 1.6061610949691385e-05, 5.0644717703107744e-05, 4.539786823443137e-05, 0.009898064658045769, 1.6314539607265033e-05, 1.67014204635052e-05, 7.311254739761353e-05, 0.0001097509084502235, 3.975192521465942e-05, 3.1941821362124756e-05, 2.355261858610902e-05, 2.0462934116949327e-05]","[0.00627899169921875, 0.9921875, 0.0016317367553710938]","[0.00627899169921875, 0.9921875, 0.0016317367553710938]",False,YALAN,RED,False,False,18077.209900000526,"{""K1_input_and_readiness"": 0.04690000059781596, ""K7_context"": 0.0012999989849049598, ""K1_normalization"": 0.0090000012278324, ""K6_advisory"": 20.941599999787286, ""K1_intent"": 0.028200000087963417, ""K2_retrieval"": 173.7671999999293, ""K3_reranker"": 1094.3126999991364, ""K8_weighted_ranking"": 1.0170999994443264, ""K3_candidate_filters"": 0.002099999619531445, ""K9_advisory_consensus"": 0.013900000340072438, ""K4_nli_and_bypass_check"": 764.8456999995688, ""K5_decision"": 716.1359999990964}",web_53b35502_0
FACTURK-0044,YALAN,"[8787, 27055, 12353, 17721, 30356, 24749, 21537, 24159, 16712, 9150, 26284, 24868, 28198, 14477, 9477, 21135, 1202, 10016, 7986, 12047]","[0.008711384609341621, 0.02382536791265011, 3.321419353596866e-05, 0.6258955001831055, 0.25478699803352356, 0.0014664583140984178, 0.6524628400802612, 0.0018821860430762172, 0.00011323437502142042, 0.0074030146934092045, 0.03210070729255676, 2.0785171727766283e-05, 8.284655632451177e-05, 2.265035072923638e-05, 0.0019342610612511635, 0.0005658799782395363, 1.6061610949691385e-05, 0.03978780657052994, 2.161314114346169e-05, 0.0007096704212017357]","[0.001132965087890625, 0.994140625, 0.004619598388671875]","[0.001132965087890625, 0.994140625, 0.004619598388671875]",False,YETERSİZ VERİ,RET,True,False,20018.328899999688,"{""K1_input_and_readiness"": 0.061199998526717536, ""K7_context"": 0.0016000012692529708, ""K1_normalization"": 0.011199999789823778, ""K6_advisory"": 20.898400000078254, ""K1_intent"": 0.029499999072868377, ""K2_retrieval"": 193.77709999935178, ""K3_reranker"": 1925.8362000000488, ""K8_weighted_ranking"": 1.0555000008025672, ""K3_candidate_filters"": 0.5318000003171619, ""K9_advisory_consensus"": 0.004999999873689376, ""K4_nli_and_bypass_check"": 403.1245999995008, ""K5_decision"": 431.8462000010186}",21537
FACTURK-0045,YALAN,"[24915, 3984, 17820, 30356, 6336, 7940, 3236, 14091, 18560, 25127, 7592, 5035, 4190, 14534, 5512, 10743, 21774, 2797, 29168, 2496]","[0.06656918674707413, 0.0004784255870617926, 0.1563623547554016, 0.013121271505951881, 0.003039649687707424, 0.0028009270317852497, 0.01358439214527607, 0.019985152408480644, 0.00019716942915692925, 0.0040543340146541595, 0.14990432560443878, 0.009898064658045769, 0.006003595422953367, 0.03384403511881828, 6.922183820279315e-05, 0.0026316740550100803, 0.08137363195419312, 0.23810701072216034, 0.13318955898284912, 0.00013982206291984767]",null,null,False,YETERSİZ VERİ,RET,True,False,9349.972500000149,"{""K1_input_and_readiness"": 0.05090000013296958, ""K7_context"": 0.0012999989849049598, ""K1_normalization"": 0.010100000508828089, ""K6_advisory"": 20.970400000805967, ""K1_intent"": 0.027099998987978324, ""K2_retrieval"": 177.49709999952756, ""K3_reranker"": 1323.208899999372, ""K8_weighted_ranking"": 0.9700999999040505, ""K3_candidate_filters"": 0.002099999619531445}",
FACTURK-0046,DOĞRU,"[15238, 22651, 17859, 5428, 6630, 12007, 2779, 8130, 11431, 25834, 24591, 8231, 138, 4170, 5690, 13013, 4893, 12846, 24382, 9268]","[0.8264318704605103, 4.5044595026411116e-05, 0.01919744908809662, 0.034749627113342285, 0.004700060468167067, 0.20946967601776123, 0.00010310211655450985, 0.017242778092622757, 0.004166256170719862, 8.349628478754312e-05, 0.00482972152531147, 0.00023597174731548876, 0.00013238185783848166, 0.032161444425582886, 8.481103577651083e-05, 0.00016346470511052758, 5.225226777838543e-05, 6.657015910604969e-05, 2.5071596610359848e-05, 0.000570315751247108]","[0.9970703125, 0.0014934539794921875, 0.0013227462768554688]","[0.9970703125, 0.0014934539794921875, 0.0013227462768554688]",False,DOĞRU,ONAY,False,False,2020.3112999988662,"{""K1_input_and_readiness"": 0.059899999541812576, ""K7_context"": 0.0024000000848900527, ""K1_normalization"": 0.010200001270277426, ""K6_advisory"": 21.842500000275322, ""K1_intent"": 0.030100000003585592, ""K2_retrieval"": 200.13329999892449, ""K3_reranker"": 1497.8130999988934, ""K8_weighted_ranking"": 1.3355999999475898, ""K3_candidate_filters"": 0.39149999975052197, ""K9_advisory_consensus"": 0.009999999747378752, ""K4_nli_and_bypass_check"": 170.781500000885, ""K5_decision"": 125.17099999968195}",15238
FACTURK-0047,DOĞRU,"[18222, 23256, 10045, 17718, 14074, 11534, 6700, 22480, 11994, 5467, 19171, 19416, 9092, 4575, 24991, 19025, 11959, 1461, 9593, 24395]","[0.022542964667081833, 0.019908789545297623, 0.004365325905382633, 0.025083139538764954, 0.0003150386910419911, 0.003664220217615366, 0.0037507887464016676, 0.00028462239424698055, 0.0029464049730449915, 0.0008761798962950706, 0.0010901900241151452, 0.00042223287164233625, 0.0008969392511062324, 0.0009622126235626638, 0.0009217804181389511, 0.0026522595435380936, 0.001987774157896638, 0.007204769179224968, 0.00712142838165164, 0.00014539113908540457]",null,null,False,YETERSİZ VERİ,RET,True,False,19832.76019999903,"{""K1_input_and_readiness"": 0.044400001570465975, ""K7_context"": 0.0010000003385357559, ""K1_normalization"": 0.008899998647393659, ""K6_advisory"": 21.455199999763863, ""K1_intent"": 0.025100000129896216, ""K2_retrieval"": 168.87260000112292, ""K3_reranker"": 1663.4192999990773, ""K8_weighted_ranking"": 0.9412999988853699, ""K3_candidate_filters"": 0.002200000380980782}",
FACTURK-0048,YALAN,"[7857, 2292, 19202, 7083, 18363, 28762, 25741, 17200, 15145, 17041, 262, 794, 27912, 13048, 2088, 3213, 14363, 24428, 19904, 25537]","[0.9580694437026978, 5.225226777838543e-05, 0.0012843081494793296, 2.4876489987946115e-05, 1.67014204635052e-05, 0.0031603530514985323, 0.00011866796558024362, 5.9673518990166485e-05, 2.0462934116949327e-05, 7.9673009167891e-05, 0.00011147904297104105, 3.0006618544575758e-05, 4.400118632474914e-05, 4.365878339740448e-05, 7.031184941297397e-05, 9.461262379772961e-05, 1.750292540236842e-05, 1.7917987861437723e-05, 0.005752544850111008, 3.321419353596866e-05]","[0.94189453125, 0.036346435546875, 0.0215301513671875]","[0.94189453125, 0.036346435546875, 0.0215301513671875]",False,YALAN,UYARI,False,False,1759.3185999994603,"{""K1_input_and_readiness"": 0.0503999999637017, ""K7_context"": 0.0014000015653437003, ""K1_normalization"": 0.008300001354655251, ""K6_advisory"": 22.134499999083346, ""K1_intent"": 0.03609999839682132, ""K2_retrieval"": 185.78709999928833, ""K3_reranker"": 1385.9984999999142, ""K8_weighted_ranking"": 1.05729999995674, ""K3_candidate_filters"": 0.298099999781698, ""K9_advisory_consensus"": 0.00540000110049732, ""K4_nli_and_bypass_check"": 82.55220000137342, ""K5_decision"": 78.43890000003739}",7857
FACTURK-0049,DOĞRU,"[17625, 27366, 24020, 10375, 22772, 373, 13470, 2140, 8824, 984, 16852, 1641, 2274, 5177, 9095, 26703, 19213, 26681, 5702, 1694]","[0.020371293649077415, 0.0010202174307778478, 0.009303949773311615, 0.005384937860071659, 0.00010472556459717453, 2.526822754589375e-05, 0.16079244017601013, 0.00014539113908540457, 0.0002434604539303109, 2.908344322349876e-05, 0.0009584648651070893, 3.8229114579735324e-05, 1.6314539607265033e-05, 1.892514956125524e-05, 1.6442494597868063e-05, 3.508111694827676e-05, 0.010818447917699814, 5.104190859128721e-05, 0.0001686527393758297, 2.7751651941798627e-05]","[0.9423828125, 0.056549072265625, 0.001178741455078125]","[0.9423828125, 0.056549072265625, 0.001178741455078125]",False,DOĞRU,ONAY,False,False,22420.376000000033,"{""K1_input_and_readiness"": 0.04479999915929511, ""K7_context"": 0.0010000003385357559, ""K1_normalization"": 0.010399999155197293, ""K6_advisory"": 22.841200001494144, ""K1_intent"": 0.03459999970800709, ""K2_retrieval"": 246.88550000064424, ""K3_reranker"": 2004.1219999984605, ""K8_weighted_ranking"": 1.072099999873899, ""K3_candidate_filters"": 0.0018999999156221747, ""K9_advisory_consensus"": 0.013900000340072438, ""K4_nli_and_bypass_check"": 283.88710000035644, ""K5_decision"": 219.77540000079898}",web_5c3a7b18_1
FACTURK-0050,YALAN,"[15780, 27017, 14012, 9150, 21058, 6047, 1130, 8699, 29371, 17208, 18348, 8602, 9900, 27357, 25228, 5535, 2984, 15874, 8347, 23792]","[0.004755199886858463, 0.001629308913834393, 0.0014214044203981757, 0.005159622989594936, 0.0003770285693462938, 0.0015427322359755635, 0.0009436192340217531, 0.0018821860430762172, 0.00043055712012574077, 0.009898064658045769, 0.002560870721936226, 0.0002492325147613883, 0.1463310569524765, 0.0007321811863221228, 0.0006142272031866014, 0.0001476803736295551, 0.000192602863535285, 0.00022167809947859496, 3.734356869244948e-05, 0.001103026675991714]",null,null,False,YETERSİZ VERİ,RET,True,False,20945.11170000078,"{""K1_input_and_readiness"": 0.06709999979648273, ""K7_context"": 0.0010999992809956893, ""K1_normalization"": 0.012799999240087345, ""K6_advisory"": 21.933899999567075, ""K1_intent"": 0.05050000072515104, ""K2_retrieval"": 219.10229999957664, ""K3_reranker"": 1893.0885999998281, ""K8_weighted_ranking"": 0.9358999996038619, ""K3_candidate_filters"": 0.001999998858082108}",
FACTURK-0051,YALAN,"[11553, 12203, 3259, 2804, 2521, 1546, 24867, 11190, 18066, 24380, 13639, 1457, 11334, 27517, 3778, 9481, 20277, 36, 3348, 25770]","[0.7327831387519836, 0.0030515100806951523, 0.01358439214527607, 0.020964240655303, 0.0010202174307778478, 0.34764787554740906, 0.0005213363328948617, 0.022889839485287666, 0.00023050670279189944, 0.0034970103297382593, 0.029816539958119392, 0.00035419364576227963, 4.006369272246957e-05, 0.0008830457809381187, 0.03210070729255676, 0.0007350447704084218, 0.00851130299270153, 0.00026530236937105656, 0.018941707909107208, 1.6061610949691385e-05]","[6.449222564697266e-05, 9.012222290039062e-05, 1.0]","[6.449222564697266e-05, 9.012222290039062e-05, 1.0]",False,DOĞRU,ONAY,False,False,2453.1002000003355,"{""K1_input_and_readiness"": 0.07379999988188501, ""K7_context"": 0.0017999991541728377, ""K1_normalization"": 0.011800000720540993, ""K6_advisory"": 26.5705000001617, ""K1_intent"": 0.032500000088475645, ""K2_retrieval"": 171.17549999966286, ""K3_reranker"": 2019.6802000009484, ""K8_weighted_ranking"": 1.1178000004292699, ""K3_candidate_filters"": 0.5889000003662659, ""K9_advisory_consensus"": 0.005500000042957254, ""K4_nli_and_bypass_check"": 122.34110000099463, ""K5_decision"": 108.82070000116073}",11553
FACTURK-0052,DOĞRU,"[27564, 14007, 5146, 290, 10067, 11054, 28914, 10999, 29321, 5585, 9352, 26887, 16129, 19205, 29658, 20516, 8456, 1248, 23132, 22783]","[0.22017472982406616, 0.38191086053848267, 7.905303937150165e-05, 0.00026530236937105656, 0.0009436192340217531, 0.00023413581948261708, 1.8631746570463292e-05, 0.005448067560791969, 0.0014103584690019488, 3.975192521465942e-05, 0.008916126564145088, 0.00035419364576227963, 0.00016346470511052758, 3.70529705833178e-05, 0.00015843621804378927, 0.09964530169963837, 1.8486754925106652e-05, 0.0016356753185391426, 0.00039666122756898403, 0.00037263770354911685]","[0.002117156982421875, 0.99755859375, 0.0004067420959472656]","[0.002117156982421875, 0.99755859375, 0.0004067420959472656]",False,YETERSİZ VERİ,RET,True,False,17273.48669999992,"{""K1_input_and_readiness"": 0.06260000009206124, ""K7_context"": 0.0010000003385357559, ""K1_normalization"": 0.011500000255182385, ""K6_advisory"": 21.053000000392785, ""K1_intent"": 0.03980000110459514, ""K2_retrieval"": 243.3376999997563, ""K3_reranker"": 1819.996499998524, ""K8_weighted_ranking"": 0.9796000013011508, ""K3_candidate_filters"": 0.28950000159966294, ""K9_advisory_consensus"": 0.005300000339047983, ""K4_nli_and_bypass_check"": 31.347699999969336, ""K5_decision"": 0.2865999995265156}",14007
FACTURK-0053,DOĞRU,"[4481, 861, 19093, 11616, 21212, 5114, 7446, 7853, 7021, 27924, 15519, 28618, 26570, 20852, 12747, 4546, 4586, 23285, 16575, 615]","[0.1653234362602234, 0.707808792591095, 0.00341627886518836, 0.000609450158663094, 0.0030753696337342262, 0.0001823546044761315, 7.722192094661295e-05, 0.0006312434561550617, 0.0017140384297817945, 0.0011695103021338582, 0.0014437558129429817, 0.00049553596181795, 1.7231572201126255e-05, 6.922183820279315e-05, 1.6314539607265033e-05, 3.7931622500764206e-05, 4.400118632474914e-05, 2.195349043176975e-05, 1.9988918211311102e-05, 0.000191104321856983]","[0.994140625, 0.003765106201171875, 0.0021533966064453125]","[0.994140625, 0.003765106201171875, 0.0021533966064453125]",False,DOĞRU,ONAY,False,False,24530.91570000106,"{""K1_input_and_readiness"": 0.06620000021939632, ""K7_context"": 0.0013999997463542968, ""K1_normalization"": 0.011399999493733048, ""K6_advisory"": 23.03070000016305, ""K1_intent"": 0.035200000638724305, ""K2_retrieval"": 222.76010000132374, ""K3_reranker"": 1576.4314999996714, ""K8_weighted_ranking"": 1.0232000004180009, ""K3_candidate_filters"": 0.29829999948560726, ""K9_advisory_consensus"": 0.00529999852005858, ""K4_nli_and_bypass_check"": 19.83219999965513, ""K5_decision"": 0.1444000008632429}",web_1cdaf6e7_0
FACTURK-0054,YALAN,"[27391, 12232, 8195, 22214, 693, 16971, 22175, 19847, 676, 19631, 25011, 8958, 23791, 29564, 9414, 11355, 17489, 12390, 5003, 5913]","[0.00041568948654457927, 1.750292540236842e-05, 4.101373633602634e-05, 1.6442494597868063e-05, 2.7751651941798627e-05, 1.6964426322374493e-05, 4.539786823443137e-05, 0.00048029719619080424, 2.094818773912266e-05, 9.610241977497935e-05, 1.6187581422855146e-05, 0.0005884087877348065, 1.6442494597868063e-05, 2.3007036361377686e-05, 1.8631746570463292e-05, 5.433364276541397e-05, 1.8631746570463292e-05, 1.6061610949691385e-05, 1.6187581422855146e-05, 1.683241134742275e-05]",null,null,False,YETERSİZ VERİ,RET,True,False,8858.998100000463,"{""K1_input_and_readiness"": 0.06480000047304202, ""K7_context"": 0.0015999994502635673, ""K1_normalization"": 0.011399999493733048, ""K6_advisory"": 28.011600001264014, ""K1_intent"": 0.02640000093379058, ""K2_retrieval"": 185.66959999952815, ""K3_reranker"": 1341.125799999645, ""K8_weighted_ranking"": 0.9411999999429099, ""K3_candidate_filters"": 0.0018999999156221747}",
FACTURK-0055,DOĞRU,"[2566, 24272, 7441, 7000, 10593, 7662, 1218, 11901, 4985, 5174, 8252, 24484, 653, 23626, 7456, 8657, 13586, 4618, 28687, 28738]","[0.001667882315814495, 0.0009584648651070893, 0.003324436955153942, 0.0007379196467809379, 0.005060331895947456, 0.006615392863750458, 0.0006745558930560946, 0.0008295892039313912, 1.7097478121286258e-05, 0.0003225071995984763, 0.0014550630003213882, 3.975192521465942e-05, 1.6187581422855146e-05, 1.967902426258661e-05, 7.9673009167891e-05, 0.00016346470511052758, 1.8777873265207745e-05, 1.6964426322374493e-05, 1.6314539607265033e-05, 0.0001511819864390418]","[0.453125, 0.1083984375, 0.4384765625]","[0.453125, 0.1083984375, 0.4384765625]",False,YALAN,RED,False,False,17456.662399999914,"{""K1_input_and_readiness"": 0.03899999865097925, ""K7_context"": 0.0010000003385357559, ""K1_normalization"": 0.009299999874201603, ""K6_advisory"": 65.86680000145861, ""K1_intent"": 0.033299998904112726, ""K2_retrieval"": 249.23330000092392, ""K3_reranker"": 1286.406999999599, ""K8_weighted_ranking"": 0.9265999997296603, ""K3_candidate_filters"": 0.0017000002117129043, ""K9_advisory_consensus"": 0.013199998647905886, ""K4_nli_and_bypass_check"": 76.17589999972552, ""K5_decision"": 0.4595000009430805}",web_aa5c8b3c_2
FACTURK-0056,YALAN,"[9438, 28552, 14802, 23288, 18826, 27788, 5662, 21233, 8514, 23798, 5121, 25561, 26943, 6760, 18059, 12622, 26716, 8759, 27701, 8717]","[0.005774929653853178, 0.0013617033837363124, 0.000552778656128794, 1.8631746570463292e-05, 0.00039666122756898403, 3.852893496514298e-05, 1.67014204635052e-05, 1.6442494597868063e-05, 1.6442494597868063e-05, 1.6314539607265033e-05, 1.6314539607265033e-05, 1.6187581422855146e-05, 1.6964426322374493e-05, 9.535461140330881e-05, 1.67014204635052e-05, 0.0010005044750869274, 1.6442494597868063e-05, 2.014569145103451e-05, 1.6061610949691385e-05, 1.6061610949691385e-05]","[0.33740234375, 0.5146484375, 0.148193359375]","[0.33740234375, 0.5146484375, 0.148193359375]",False,YALAN,RED,False,False,11066.163999999844,"{""K1_input_and_readiness"": 0.02990000029967632, ""K7_context"": 0.0010000003385357559, ""K1_normalization"": 0.005800000508315861, ""K6_advisory"": 20.860299999185372, ""K1_intent"": 0.019799999790848233, ""K2_retrieval"": 150.44190000116942, ""K3_reranker"": 1193.16869999966, ""K8_weighted_ranking"": 0.9469000015087659, ""K3_candidate_filters"": 0.0018999999156221747, ""K9_advisory_consensus"": 0.013499999113264494, ""K4_nli_and_bypass_check"": 234.79279999992286, ""K5_decision"": 144.54029999978957}",web_5b2c2328_1
FACTURK-0057,YALAN,"[5168, 21146, 18032, 25577, 28404, 3772, 3097, 26662, 23213, 27847, 5125, 1970, 27142, 4856, 28032, 13143, 15997, 30352, 7836, 8243]","[0.0014381353976204991, 4.434627408045344e-05, 9.387641330249608e-05, 2.6070309104397893e-05, 0.001995538594201207, 5.2662067901110277e-05, 0.008644177578389645, 6.868317723274231e-05, 8.415108459303156e-05, 0.00016603845870122313, 4.870464181294665e-05, 0.00017813112935982645, 0.00014202363672666252, 1.7640199075685814e-05, 0.0017683517653495073, 0.01287075038999319, 1.6187581422855146e-05, 0.00017265156202483922, 0.00010637458035489544, 0.000503335555549711]",null,null,False,YETERSİZ VERİ,RET,True,False,17808.01859999883,"{""K1_input_and_readiness"": 0.04960000114806462, ""K7_context"": 0.0010000003385357559, ""K1_normalization"": 0.010600000678095967, ""K6_advisory"": 20.269500000722473, ""K1_intent"": 0.026599998818710446, ""K2_retrieval"": 193.53179999961867, ""K3_reranker"": 1791.7295000006561, ""K8_weighted_ranking"": 1.1317000007693423, ""K3_candidate_filters"": 0.002200000380980782}",
FACTURK-0058,YALAN,"[10302, 3873, 5087, 155, 229, 5913, 22642, 20703, 38, 12539, 88, 10712, 6915, 13939, 12469, 13465, 4421, 9120, 7653, 19416]","[0.00023597174731548876, 0.0001686527393758297, 0.0033766122069209814, 0.047337718307971954, 0.04742587357759476, 1.67014204635052e-05, 1.8342892872169614e-05, 2.265035072923638e-05, 0.0009362827986478806, 0.0018748616566881537, 0.0008796061738394201, 0.00013135180051904172, 0.0002234163403045386, 1.7097478121286258e-05, 1.657145367062185e-05, 1.9073577277595177e-05, 1.6187581422855146e-05, 0.0005193048855289817, 1.683241134742275e-05, 1.6442494597868063e-05]",null,null,False,YETERSİZ VERİ,RET,True,False,14821.894499998962,"{""K1_input_and_readiness"": 0.04270000135875307, ""K7_context"": 0.0013999997463542968, ""K1_normalization"": 0.007200000254670158, ""K6_advisory"": 21.530299998630653, ""K1_intent"": 0.024500001018168405, ""K2_retrieval"": 160.76690000045346, ""K3_reranker"": 1067.6605999997264, ""K8_weighted_ranking"": 1.0299000005034031, ""K3_candidate_filters"": 0.0018999999156221747}",
FACTURK-0059,YALAN,"[4488, 9252, 18529, 778, 12873, 27878, 20332, 2240, 27134, 25257, 21877, 16049, 7619, 18807, 28595, 9418, 26261, 19070, 3557, 26112]","[0.8830344080924988, 3.734356869244948e-05, 0.0002131875662598759, 8.092757343547419e-05, 0.0008492455235682428, 3.647853736765683e-05, 0.00012533752305898815, 0.0003569706459529698, 0.00018961740715894848, 0.0004013350699096918, 6.156764720799401e-05, 2.2827996872365475e-05, 3.4537253668531775e-05, 1.6061610949691385e-05, 0.008745181374251842, 0.00016603845870122313, 2.8857117285951972e-05, 8.220189192797989e-05, 0.00026323829661123455, 0.0018458482809364796]","[0.97314453125, 0.00757598876953125, 0.0193634033203125]","[0.97314453125, 0.00757598876953125, 0.0193634033203125]",False,YALAN,UYARI,False,False,1891.1703000012494,"{""K1_input_and_readiness"": 0.0486999997519888, ""K7_context"": 0.0015000005078036338, ""K1_normalization"": 0.0090000012278324, ""K6_advisory"": 20.977899999707006, ""K1_intent"": 0.024499999199179, ""K2_retrieval"": 164.82949999954144, ""K3_reranker"": 1510.2783000002091, ""K8_weighted_ranking"": 0.9379000002809335, ""K3_candidate_filters"": 0.27130000125907827, ""K9_advisory_consensus"": 0.004699999408330768, ""K4_nli_and_bypass_check"": 98.62620000058087, ""K5_decision"": 92.5271000014618}",4488
FACTURK-0060,YALAN,"[4807, 23832, 19346, 9908, 30420, 23719, 9135, 26303, 21723, 26979, 6775, 27935, 5481, 12725, 25677, 12400, 29411, 836, 7557, 29119]","[0.9994725584983826, 0.006338921841233969, 0.9256342649459839, 8.220189192797989e-05, 0.7759445905685425, 0.003736220533028245, 0.0018602986820042133, 0.07835980504751205, 5.3075080359121785e-05, 0.0024343819823116064, 0.0004124558763578534, 4.611274925991893e-05, 0.0006771942134946585, 0.6236061453819275, 6.014152313582599e-05, 0.0003920417802873999, 0.02044939436018467, 0.0005172813544049859, 5.0644717703107744e-05, 0.00023782203788869083]",null,"[1.0, 0.0, 0.0]",True,YALAN,UYARI,False,False,5429.79430000014,"{""K1_input_and_readiness"": 0.0351999988197349, ""K7_context"": 0.0013000008038943633, ""K1_normalization"": 0.007900000127847306, ""K6_advisory"": 20.598200000677025, ""K1_intent"": 0.020500001483014785, ""K2_retrieval"": 140.09299999997893, ""K3_reranker"": 5263.591999999335, ""K8_weighted_ranking"": 0.9881000005407259, ""K3_candidate_filters"": 1.1477999996714061, ""K9_advisory_consensus"": 0.006000000212225132, ""K4_nli_and_bypass_check"": 0.2950999987660907, ""K5_decision"": 0.3448999996180646}",4807
FACTURK-0061,DOĞRU,"[12093, 13610, 12697, 29858, 23520, 25762, 14551, 28440, 29414, 22377, 29166, 10130, 1344, 925, 6932, 2140, 27017, 16071, 22335, 23041]","[1.67014204635052e-05, 1.9073577277595177e-05, 1.6061610949691385e-05, 7.368592923739925e-05, 0.0012113064294680953, 1.6061610949691385e-05, 1.6187581422855146e-05, 2.2474090656032786e-05, 0.00037409563083201647, 1.6061610949691385e-05, 2.014569145103451e-05, 1.6061610949691385e-05, 1.967902426258661e-05, 0.0017821963410824537, 1.657145367062185e-05, 6.302758993115276e-05, 0.0013885232619941235, 0.0016484829830005765, 1.6061610949691385e-05, 0.0003569706459529698]","[0.0007944107055664062, 0.9990234375, 0.00013971328735351562]","[0.0007944107055664062, 0.9990234375, 0.00013971328735351562]",False,YALAN,RED,False,False,23882.31629999973,"{""K1_input_and_readiness"": 0.05859999873791821, ""K7_context"": 0.0010000003385357559, ""K1_normalization"": 0.012000000424450263, ""K6_advisory"": 24.02790000087407, ""K1_intent"": 0.043000000005122274, ""K2_retrieval"": 195.60050000109186, ""K3_reranker"": 1634.6173000001727, ""K8_weighted_ranking"": 0.9927999999490567, ""K3_candidate_filters"": 0.0020000006770715117, ""K9_advisory_consensus"": 0.01320000046689529, ""K4_nli_and_bypass_check"": 2048.4129000014946, ""K5_decision"": 1956.7188000000897}",web_05bc3eb4_2
FACTURK-0062,YALAN,"[21432, 26639, 11956, 15631, 3391, 22948, 17243, 9588, 15238, 3291, 259, 7509, 18591, 17960, 20109, 12897, 4142, 9403, 4440, 17341]","[0.1445106565952301, 0.0023504828568547964, 5.225226777838543e-05, 0.022074386477470398, 0.004924510605633259, 0.00045474787475541234, 0.015189048834145069, 0.004264635033905506, 0.0005172813544049859, 0.00040765260928310454, 8.888084994396195e-05, 0.0007947254925966263, 0.013121271505951881, 0.012241275049746037, 0.006718870252370834, 0.00038596606464125216, 9.242113446816802e-05, 4.5044595026411116e-05, 0.0140095679089427, 8.156224066624418e-05]","[0.0035953521728515625, 0.140380859375, 0.85595703125]","[0.0035953521728515625, 0.140380859375, 0.85595703125]",False,YALAN,RED,False,False,15018.076999998812,"{""K1_input_and_readiness"": 0.05269999928714242, ""K7_context"": 0.0018999999156221747, ""K1_normalization"": 0.009800000043469481, ""K6_advisory"": 20.764699998835567, ""K1_intent"": 0.026900001103058457, ""K2_retrieval"": 183.39930000001914, ""K3_reranker"": 2195.688899999368, ""K8_weighted_ranking"": 0.9761000001162756, ""K3_candidate_filters"": 0.0020000006770715117, ""K9_advisory_consensus"": 0.01300000076298602, ""K4_nli_and_bypass_check"": 1265.5727000001207, ""K5_decision"": 1199.4013000003179}",web_8072cd18_0
FACTURK-0063,YALAN,"[176, 233, 9408, 1795, 27505, 2726, 17124, 21869, 12268, 12648, 8024, 27201, 25777, 24650, 28287, 29950, 14756, 6753, 22149, 21915]","[0.00032503585680387914, 0.00033535013790242374, 4.575391358230263e-05, 0.0013406204525381327, 0.00013552077871281654, 1.9525883544702083e-05, 1.7097478121286258e-05, 2.4876489987946115e-05, 3.144662332488224e-05, 2.732141365413554e-05, 1.657145367062185e-05, 0.00014653129619546235, 0.00011235327838221565, 1.6442494597868063e-05, 0.0007041515782475471, 6.976470467634499e-05, 6.302758993115276e-05, 4.2647468944778666e-05, 3.5633544030133635e-05, 5.3075080359121785e-05]",null,null,False,YETERSİZ VERİ,RET,True,False,3856.690000000526,"{""K1_input_and_readiness"": 0.05109999983687885, ""K7_context"": 0.0008999995770864189, ""K1_normalization"": 0.00940000063565094, ""K6_advisory"": 20.422300000063842, ""K1_intent"": 0.0259000007645227, ""K2_retrieval"": 166.66410000107135, ""K3_reranker"": 2094.5952000001853, ""K8_weighted_ranking"": 0.9886000007099938, ""K3_candidate_filters"": 0.0017999991541728377}",
FACTURK-0064,YALAN,"[11993, 10902, 12442, 26184, 26175, 13994, 28815, 19515, 24031, 9406, 27391, 17640, 29992, 5745, 5659, 9959, 17617, 21058, 926, 5843]","[0.029256708920001984, 0.047337718307971954, 0.00018667821132112294, 0.00013135180051904172, 0.0002591582597233355, 8.750300185056403e-05, 2.977311669383198e-05, 1.7778551409719512e-05, 3.647853736765683e-05, 0.00220838887616992, 0.0007264875457622111, 0.0021657671313732862, 9.387641330249608e-05, 0.12106090039014816, 0.015483989380300045, 0.0015548133524134755, 0.0010403185151517391, 0.005980330519378185, 0.005199879873543978, 0.00026530236937105656]","[0.984375, 0.0130615234375, 0.0024394989013671875]","[0.984375, 0.0130615234375, 0.0024394989013671875]",False,DOĞRU,ONAY,False,False,16801.031400000284,"{""K1_input_and_readiness"": 0.07509999886678997, ""K7_context"": 0.0013000008038943633, ""K1_normalization"": 0.009399998816661537, ""K6_advisory"": 24.84550000008312, ""K1_intent"": 0.025499999537714757, ""K2_retrieval"": 164.33060000053956, ""K3_reranker"": 1083.3637999985513, ""K8_weighted_ranking"": 1.0192000008828472, ""K3_candidate_filters"": 0.0024000000848900527, ""K9_advisory_consensus"": 0.012399999832268804, ""K4_nli_and_bypass_check"": 209.21669999916048, ""K5_decision"": 174.67609999948763}",web_badc40a8_2
FACTURK-0065,DOĞRU,"[14949, 23236, 18086, 5266, 2457, 5390, 9551, 3139, 28834, 25975, 20876, 10145, 22997, 2337, 19911, 7753, 29109, 1272, 28579, 8810]","[0.9920312166213989, 0.1796744465827942, 0.028114058077335358, 0.03155902028083801, 4.0694576455280185e-05, 2.977311669383198e-05, 0.004382336512207985, 0.02182282693684101, 0.012383785098791122, 0.0001442598586436361, 1.9833367332466878e-05, 2.5071596610359848e-05, 0.0002802109520416707, 3.9442587876692414e-05, 0.07490526884794235, 0.0019192374311387539, 0.0001713081874186173, 0.0011291546979919076, 0.0007124459953047335, 0.00032503585680387914]","[0.9990234375, 0.0003216266632080078, 0.0007715225219726562]","[0.9990234375, 0.0003216266632080078, 0.0007715225219726562]",False,DOĞRU,ONAY,False,False,1925.9563000014168,"{""K1_input_and_readiness"": 0.05330000021785963, ""K7_context"": 0.0012000000424450263, ""K1_normalization"": 0.009999999747378752, ""K6_advisory"": 20.674999999755528, ""K1_intent"": 0.02320000021427404, ""K2_retrieval"": 160.3316000000632, ""K3_reranker"": 1473.0099999997037, ""K8_weighted_ranking"": 0.986300001386553, ""K3_candidate_filters"": 0.29879999965487514, ""K9_advisory_consensus"": 0.005399999281507917, ""K4_nli_and_bypass_check"": 142.77009999932488, ""K5_decision"": 125.40730000000622}",14949
FACTURK-0066,DOĞRU,"[25539, 14498, 6126, 16363, 23251, 14948, 10240, 19632, 9460, 815, 11919, 13023, 8130, 5197, 6630, 12846, 29368, 18833, 24421, 28275]","[5.433364276541397e-05, 2.1444948288262822e-05, 1.683241134742275e-05, 1.8342892872169614e-05, 1.6442494597868063e-05, 1.6314539607265033e-05, 1.6442494597868063e-05, 3.70529705833178e-05, 2.030369250860531e-05, 1.9373936083866283e-05, 1.657145367062185e-05, 1.6442494597868063e-05, 1.6314539607265033e-05, 1.7778551409719512e-05, 1.6314539607265033e-05, 1.6442494597868063e-05, 1.657145367062185e-05, 1.6442494597868063e-05, 1.6061610949691385e-05, 1.6187581422855146e-05]",null,null,False,YETERSİZ VERİ,RET,True,False,6181.328500000745,"{""K1_input_and_readiness"": 0.03879999894706998, ""K7_context"": 0.0010999992809956893, ""K1_normalization"": 0.007900000127847306, ""K6_advisory"": 21.27240000118036, ""K1_intent"": 0.032699999792384915, ""K2_retrieval"": 162.04740000102902, ""K3_reranker"": 1048.1918000004953, ""K8_weighted_ranking"": 0.9511000007478287, ""K3_candidate_filters"": 0.0018999999156221747}",
FACTURK-0067,YALAN,"[23632, 8578, 6185, 6336, 12150, 25037, 25127, 20957, 29087, 25178, 26650, 26575, 700, 11135, 28254, 24822, 28196, 24956, 9414, 9507]","[0.0002959570847451687, 0.0055333878844976425, 2.710879925871268e-05, 0.0005658799782395363, 6.014152313582599e-05, 0.0001740054285619408, 0.0005053045460954309, 6.156764720799401e-05, 0.00020825010142289102, 0.001573112211190164, 1.7917987861437723e-05, 0.6303436160087585, 0.002790037775412202, 3.426849070820026e-05, 1.6964426322374493e-05, 0.021948253735899925, 1.7778551409719512e-05, 0.014672035351395607, 1.6061610949691385e-05, 0.002511463360860944]","[0.99853515625, 0.00037360191345214844, 0.0010042190551757812]","[0.99853515625, 0.00037360191345214844, 0.0010042190551757812]",False,YALAN,UYARI,False,False,2366.185500000938,"{""K1_input_and_readiness"": 0.04340000123193022, ""K7_context"": 0.0010000003385357559, ""K1_normalization"": 0.008500001058564521, ""K6_advisory"": 66.771299998436, ""K1_intent"": 0.036100000215810724, ""K2_retrieval"": 227.88799999943876, ""K3_reranker"": 1603.4987999992154, ""K8_weighted_ranking"": 1.0010000005422626, ""K3_candidate_filters"": 0.2808999997796491, ""K9_advisory_consensus"": 0.004900000931229442, ""K4_nli_and_bypass_check"": 254.3710000009014, ""K5_decision"": 209.68299999913143}",26575
FACTURK-0068,YALAN,"[21058, 27564, 26083, 28510, 1499, 14012, 20457, 5146, 26330, 6308, 7549, 29321, 21059, 29417, 23792, 30002, 28293, 8602, 2421, 19237]","[0.00013238185783848166, 0.11124119907617569, 0.00031015597051009536, 0.0013670255430042744, 0.0033634924329817295, 0.003389783203601837, 0.0055333878844976425, 0.0014381353976204991, 3.4001819585682824e-05, 0.002174225402995944, 0.013325147330760956, 0.0031115086749196053, 3.4001819585682824e-05, 0.0037507887464016676, 0.0586685985326767, 0.0005930210463702679, 1.6442494597868063e-05, 0.0009181900531984866, 0.00012632041762117296, 2.8409744118107483e-05]",null,null,False,YETERSİZ VERİ,RET,True,False,15351.81349999948,"{""K1_input_and_readiness"": 0.06100000064179767, ""K7_context"": 0.0010000003385357559, ""K1_normalization"": 0.011399999493733048, ""K6_advisory"": 22.505099999762024, ""K1_intent"": 0.035600000046542846, ""K2_retrieval"": 214.30719999989378, ""K3_reranker"": 1748.7676000000647, ""K8_weighted_ranking"": 0.9204000016325153, ""K3_candidate_filters"": 0.0018999999156221747}",
FACTURK-0069,DOĞRU,"[23489, 2558, 26855, 6199, 15124, 22200, 3872, 3337, 25267, 12906, 26427, 3460, 8279, 12854, 12550, 28323, 29480, 26429, 12000, 4242]","[0.9937100410461426, 1.967902426258661e-05, 1.6187581422855146e-05, 0.00032503585680387914, 1.6061610949691385e-05, 1.6442494597868063e-05, 1.6442494597868063e-05, 4.231559796608053e-05, 1.6187581422855146e-05, 1.6061610949691385e-05, 1.8777873265207745e-05, 9.098840382648632e-05, 1.6187581422855146e-05, 1.7231572201126255e-05, 0.022977370768785477, 1.6187581422855146e-05, 0.0033766122069209814, 1.657145367062185e-05, 2.7751651941798627e-05, 1.7097478121286258e-05]","[0.9990234375, 0.0003104209899902344, 0.0007476806640625]","[0.9990234375, 0.0003104209899902344, 0.0007476806640625]",False,DOĞRU,ONAY,False,False,1293.6856000014814,"{""K1_input_and_readiness"": 0.06750000102329068, ""K7_context"": 0.0018000009731622413, ""K1_normalization"": 0.014600000213249587, ""K6_advisory"": 20.886299998892355, ""K1_intent"": 0.026300000172341242, ""K2_retrieval"": 173.12210000091, ""K3_reranker"": 1066.9748000000254, ""K8_weighted_ranking"": 0.9817000009206822, ""K3_candidate_filters"": 0.2855000002455199, ""K9_advisory_consensus"": 0.005300000339047983, ""K4_nli_and_bypass_check"": 28.647899998759385, ""K5_decision"": 0.27150000096298754}",23489
FACTURK-0070,DOĞRU,"[11509, 13842, 23529, 20020, 29892, 5168, 28378, 13474, 5278, 3328, 6336, 28962, 15114, 16046, 23361, 1849, 22914, 18468, 7025, 7224]","[0.0022694687359035015, 0.10894504189491272, 0.0024343819823116064, 0.005641908384859562, 0.00011501735571073368, 0.00021152888075448573, 0.0008328334079124033, 0.0004728544445242733, 0.00022167809947859496, 0.0012893283274024725, 2.449082603561692e-05, 0.00011774459562730044, 0.0022872276604175568, 0.0008796061738394201, 0.002182716503739357, 1.8777873265207745e-05, 0.00040290519245900214, 0.08464395254850388, 0.0042151594534516335, 0.08945459872484207]",null,null,False,YETERSİZ VERİ,RET,True,False,18300.822199998947,"{""K1_input_and_readiness"": 0.03409999953873921, ""K7_context"": 0.0009000013960758224, ""K1_normalization"": 0.006299998858594336, ""K6_advisory"": 24.169599999368074, ""K1_intent"": 0.022500000341096893, ""K2_retrieval"": 151.34049999869603, ""K3_reranker"": 1268.9814000004844, ""K8_weighted_ranking"": 1.0228000010101823, ""K3_candidate_filters"": 0.002200000380980782}",
FACTURK-0071,YALAN,"[13624, 19657, 24446, 11176, 28231, 20060, 21716, 11142, 11667, 5050, 14525, 20957, 20122, 5168, 26306, 25992, 14675, 23576, 6640, 21200]","[0.012241275049746037, 1.6061610949691385e-05, 0.7879312038421631, 1.6061610949691385e-05, 1.6061610949691385e-05, 0.0024249141570180655, 0.012722708284854889, 1.657145367062185e-05, 0.0018458482809364796, 0.2436424344778061, 0.2196720987558365, 1.6187581422855146e-05, 0.0009811719646677375, 0.004627529997378588, 0.007317397277802229, 0.0001740054285619408, 0.008093290030956268, 0.001512938179075718, 1.6314539607265033e-05, 1.6061610949691385e-05]","[0.99658203125, 0.0026111602783203125, 0.0006766319274902344]","[0.99658203125, 0.0026111602783203125, 0.0006766319274902344]",False,DOĞRU,ONAY,False,False,12775.588900000002,"{""K1_input_and_readiness"": 0.052200000936863944, ""K7_context"": 0.0013000008038943633, ""K1_normalization"": 0.010100000508828089, ""K6_advisory"": 22.502200001326855, ""K1_intent"": 0.031800000215298496, ""K2_retrieval"": 160.39839999939431, ""K3_reranker"": 1552.525400000377, ""K8_weighted_ranking"": 1.0545000004640315, ""K3_candidate_filters"": 0.298099999781698, ""K9_advisory_consensus"": 0.005399999281507917, ""K4_nli_and_bypass_check"": 172.24009999881673, ""K5_decision"": 187.43050000011863}",web_53e3669a_0
FACTURK-0072,DOĞRU,"[11552, 7076, 14598, 11647, 28830, 19317, 3097, 3817, 17227, 8517, 5125, 4439, 27142, 29735, 18895, 4856, 18348, 1667, 16619, 2263]","[0.027376487851142883, 0.19744445383548737, 0.0007041515782475471, 0.16913124918937683, 0.000682501879055053, 0.04336579889059067, 0.0007466114475391805, 1.6187581422855146e-05, 2.1278065105434507e-05, 0.00016603845870122313, 0.00034599160426296294, 0.0016420665197074413, 5.0644717703107744e-05, 1.6314539607265033e-05, 0.0004407629603520036, 1.8777873265207745e-05, 2.93115390377352e-05, 8.888084994396195e-05, 1.6314539607265033e-05, 0.01353214867413044]",null,null,False,YETERSİZ VERİ,RET,True,False,19981.33339999913,"{""K1_input_and_readiness"": 0.041900000724126585, ""K7_context"": 0.0010999992809956893, ""K1_normalization"": 0.008499999239575118, ""K6_advisory"": 20.5974000000424, ""K1_intent"": 0.022599999283556826, ""K2_retrieval"": 153.53909999976167, ""K3_reranker"": 2033.625199999733, ""K8_weighted_ranking"": 1.0975000004691537, ""K3_candidate_filters"": 0.002200000380980782}",
FACTURK-0073,YALAN,"[29572, 24903, 23246, 25750, 10051, 9553, 28109, 18856, 3817, 12803, 8933, 2786, 10139, 3971, 5632, 5364, 15579, 9414, 4474, 28876]","[3.1201914680423215e-05, 0.0009473089594393969, 0.003960787784308195, 1.6442494597868063e-05, 2.0462934116949327e-05, 2.526822754589375e-05, 2.030369250860531e-05, 0.0004044814850203693, 1.7231572201126255e-05, 3.6764631659025326e-05, 0.0007208379684016109, 1.8342892872169614e-05, 1.6061610949691385e-05, 1.6061610949691385e-05, 0.0028118586633354425, 1.7366719475830905e-05, 7.197912054834887e-05, 4.298194107832387e-05, 1.6187581422855146e-05, 0.00033535013790242374]",null,null,False,YETERSİZ VERİ,RET,True,False,13103.746099999626,"{""K1_input_and_readiness"": 0.04830000034417026, ""K7_context"": 0.0013000008038943633, ""K1_normalization"": 0.009299999874201603, ""K6_advisory"": 20.886499998596264, ""K1_intent"": 0.03549999928509351, ""K2_retrieval"": 180.64360000062152, ""K3_reranker"": 1908.8692999994237, ""K8_weighted_ranking"": 0.949699999182485, ""K3_candidate_filters"": 0.002099999619531445}",
FACTURK-0074,DOĞRU,"[13136, 25534, 6904, 17477, 29800, 20498, 20647, 29838, 4865, 29209, 26997, 8377, 11980, 10962, 5348, 12696, 22564, 26727, 16037, 6211]","[0.0024343819823116064, 0.00040290519245900214, 1.6061610949691385e-05, 0.000191104321856983, 3.373722574906424e-05, 1.6187581422855146e-05, 1.67014204635052e-05, 1.6187581422855146e-05, 1.6314539607265033e-05, 2.030369250860531e-05, 1.6442494597868063e-05, 1.6187581422855146e-05, 1.9833367332466878e-05, 1.6061610949691385e-05, 1.67014204635052e-05, 1.7097478121286258e-05, 8.220189192797989e-05, 1.6061610949691385e-05, 1.6061610949691385e-05, 1.657145367062185e-05]","[0.97802734375, 0.020751953125, 0.0012235641479492188]","[0.97802734375, 0.020751953125, 0.0012235641479492188]",False,DOĞRU,ONAY,False,False,14884.672799998953,"{""K1_input_and_readiness"": 0.04369999987829942, ""K7_context"": 0.0011000010999850929, ""K1_normalization"": 0.008799999704933725, ""K6_advisory"": 24.781400001302245, ""K1_intent"": 0.025100000129896216, ""K2_retrieval"": 161.53900000063004, ""K3_reranker"": 2090.4191000008723, ""K8_weighted_ranking"": 1.042300000335672, ""K3_candidate_filters"": 0.002099999619531445, ""K9_advisory_consensus"": 0.01300000076298602, ""K4_nli_and_bypass_check"": 589.9698000011995, ""K5_decision"": 543.7844999996742}",web_b7ac5931_0
FACTURK-0075,YALAN,"[1385, 28548, 24701, 7151, 5251, 5060, 26949, 16423, 21836, 11914, 25705, 8815, 3549, 2331, 19409, 2088, 27022, 14551, 3772, 20735]","[1.7917987861437723e-05, 1.6187581422855146e-05, 0.0018895388348028064, 0.011732463724911213, 9.098840382648632e-05, 4.101373633602634e-05, 0.0015669887652620673, 7.905303937150165e-05, 0.0001387341326335445, 1.67014204635052e-05, 9.7615658887662e-05, 0.001383117400109768, 9.028038039105013e-05, 0.018369639292359352, 0.0022170129232108593, 1.6442494597868063e-05, 1.6187581422855146e-05, 0.0018031664658337831, 1.7640199075685814e-05, 1.6314539607265033e-05]","[0.012359619140625, 0.9873046875, 0.00026297569274902344]","[0.012359619140625, 0.9873046875, 0.00026297569274902344]",False,YALAN,RED,False,False,9241.227399999843,"{""K1_input_and_readiness"": 0.04710000030172523, ""K7_context"": 0.0011000010999850929, ""K1_normalization"": 0.00799999907030724, ""K6_advisory"": 20.73960000052466, ""K1_intent"": 0.024900000425986946, ""K2_retrieval"": 168.68020000038086, ""K3_reranker"": 1334.1130999997404, ""K8_weighted_ranking"": 0.9354000012535835, ""K3_candidate_filters"": 0.002099999619531445, ""K9_advisory_consensus"": 0.01359999987471383, ""K4_nli_and_bypass_check"": 718.7075000001641, ""K5_decision"": 624.7684999998455}",web_b12626b0_0
FACTURK-0076,YALAN,"[16399, 6879, 2611, 27351, 25156, 29990, 2561, 23018, 15083, 29257, 25298, 17035, 17830, 29186, 2273, 9235, 4720, 20113, 8145, 18925]","[0.9081302285194397, 0.00014653129619546235, 0.0007408055826090276, 1.7366719475830905e-05, 1.6061610949691385e-05, 0.00037263770354911685, 1.6187581422855146e-05, 6.761842087144032e-05, 1.6187581422855146e-05, 0.012821214273571968, 0.00021995337738189846, 1.6187581422855146e-05, 5.144220995134674e-05, 1.6442494597868063e-05, 2.526822754589375e-05, 1.6061610949691385e-05, 3.219233258278109e-05, 2.586742994026281e-05, 1.6187581422855146e-05, 0.00012339458044152707]","[0.85693359375, 0.05078125, 0.0921630859375]","[0.85693359375, 0.05078125, 0.0921630859375]",False,YALAN,UYARI,False,False,2105.4048999994848,"{""K1_input_and_readiness"": 0.050099999498343095, ""K7_context"": 0.0012000000424450263, ""K1_normalization"": 0.00940000063565094, ""K6_advisory"": 21.444800000608666, ""K1_intent"": 0.025999999706982635, ""K2_retrieval"": 159.88819999984116, ""K3_reranker"": 1560.6863999983034, ""K8_weighted_ranking"": 1.0206000006292015, ""K3_candidate_filters"": 0.28080000083718915, ""K9_advisory_consensus"": 0.005399999281507917, ""K4_nli_and_bypass_check"": 198.64779999988968, ""K5_decision"": 160.85579999889887}",16399
FACTURK-0077,YALAN,"[18468, 28997, 5104, 22914, 18297, 28419, 27847, 19866, 15134, 23361, 4331, 2644, 5491, 19909, 19816, 12677, 19761, 23751, 9366, 7836]","[0.8637367486953735, 0.002058753278106451, 0.0003150386910419911, 0.0005861161625944078, 0.0014721895568072796, 0.0005725466180592775, 4.331903619458899e-05, 8.481103577651083e-05, 3.5633544030133635e-05, 6.868317723274231e-05, 0.000317508791340515, 0.0004859560285694897, 5.475977377500385e-05, 0.0023322340566664934, 0.0044683837331831455, 0.104843370616436, 0.0006798428948968649, 0.0009146137163043022, 0.0015916259726509452, 0.0011879054363816977]","[0.0013399124145507812, 0.998046875, 0.0005164146423339844]","[0.0013399124145507812, 0.998046875, 0.0005164146423339844]",False,YETERSİZ VERİ,RET,True,False,17380.310200000167,"{""K1_input_and_readiness"": 0.042300000131945126, ""K7_context"": 0.0009000013960758224, ""K1_normalization"": 0.008900000466383062, ""K6_advisory"": 20.331800000349176, ""K1_intent"": 0.021300000298651867, ""K2_retrieval"": 165.03829999965092, ""K3_reranker"": 1471.7209999998886, ""K8_weighted_ranking"": 0.9664999997767154, ""K3_candidate_filters"": 0.29099999846948776, ""K9_advisory_consensus"": 0.005199999577598646, ""K4_nli_and_bypass_check"": 18.24290000149631, ""K5_decision"": 0.10179999844694976}",18468
FACTURK-0078,DOĞRU,"[13244, 28856, 8758, 5470, 25952, 8303, 12500, 2849, 27933, 790, 9581, 2420, 720, 22357, 8980, 24082, 8286, 12699, 6942, 16419]","[1.6314539607265033e-05, 0.10576342046260834, 1.7231572201126255e-05, 0.0013096056645736098, 0.00019716942915692925, 0.0026419467758387327, 0.0025016965810209513, 0.007846239022910595, 0.0009146137163043022, 0.005281333811581135, 0.015424552373588085, 0.0002415662893326953, 7.782753527862951e-05, 0.009303949773311615, 0.00021654405281879008, 1.6314539607265033e-05, 0.000706905557308346, 0.00034464316559024155, 2.3369333575828932e-05, 1.6442494597868063e-05]",null,null,False,YETERSİZ VERİ,RET,True,False,17786.036499999682,"{""K1_input_and_readiness"": 0.04349999835540075, ""K7_context"": 0.0015999994502635673, ""K1_normalization"": 0.008700000762473792, ""K6_advisory"": 21.42700000149489, ""K1_intent"": 0.02680000034160912, ""K2_retrieval"": 153.58000000014727, ""K3_reranker"": 1099.4714999997086, ""K8_weighted_ranking"": 0.9425000007468043, ""K3_candidate_filters"": 0.0018999999156221747}",
FACTURK-0079,YALAN,"[8958, 19631, 6032, 4770, 18297, 12152, 4452, 14597, 5710, 5087, 18468, 29444, 12482, 20647, 10061, 9120, 2140, 17587, 4381, 17984]","[9.915272676153108e-05, 1.8631746570463292e-05, 0.0020033332984894514, 4.794958294951357e-05, 0.0007096704212017357, 1.6964426322374493e-05, 2.0785171727766283e-05, 0.0010162440594285727, 0.002560870721936226, 8.415108459303156e-05, 0.0010901900241151452, 1.9525883544702083e-05, 0.0001195985751110129, 1.750292540236842e-05, 5.475977377500385e-05, 0.001512938179075718, 2.2474090656032786e-05, 0.0007763299508951604, 6.868317723274231e-05, 0.0019800399895757437]","[0.03424072265625, 0.96435546875, 0.0014028549194335938]","[0.03424072265625, 0.96435546875, 0.0014028549194335938]",False,YALAN,RED,False,False,11568.964300000516,"{""K1_input_and_readiness"": 0.04960000114806462, ""K7_context"": 0.0012999989849049598, ""K1_normalization"": 0.01089999932446517, ""K6_advisory"": 20.86549999876297, ""K1_intent"": 0.027099998987978324, ""K2_retrieval"": 166.6609999992943, ""K3_reranker"": 1316.646799999944, ""K8_weighted_ranking"": 0.9356999998999527, ""K3_candidate_filters"": 0.001999998858082108, ""K9_advisory_consensus"": 0.013699998817173764, ""K4_nli_and_bypass_check"": 146.7331000003469, ""K5_decision"": 120.38079999911133}",web_1cb9a5a4_0
FACTURK-0080,YALAN,"[28014, 24630, 9150, 25225, 15787, 2130, 6426, 11113, 9220, 19258, 17022, 8377, 27894, 27730, 25169, 889, 9510, 12112, 2858, 24186]","[0.0023322340566664934, 0.05717659741640091, 0.005554925184696913, 0.0006878511630930007, 0.0008969392511062324, 0.0002396868512732908, 1.6964426322374493e-05, 1.6187581422855146e-05, 0.0011073390487581491, 0.00016474656877107918, 0.0031115086749196053, 3.144662332488224e-05, 5.605828482657671e-05, 2.6274772608303465e-05, 0.00014091856428422034, 4.794958294951357e-05, 0.0014493984635919333, 0.009596454910933971, 4.794958294951357e-05, 2.449082603561692e-05]",null,null,False,YETERSİZ VERİ,RET,True,False,26035.00079999867,"{""K1_input_and_readiness"": 0.04160000025876798, ""K7_context"": 0.0010999992809956893, ""K1_normalization"": 0.008999999408842996, ""K6_advisory"": 20.388400000229012, ""K1_intent"": 0.021899999410379678, ""K2_retrieval"": 151.28460000050836, ""K3_reranker"": 1607.911700000841, ""K8_weighted_ranking"": 1.0212999986833893, ""K3_candidate_filters"": 0.002200000380980782}",
FACTURK-0081,DOĞRU,"[29892, 30075, 16831, 20199, 24994, 28266, 19793, 17297, 14534, 6336, 9899, 10832, 889, 7592, 18513, 23277, 13077, 8098, 2920, 8849]","[0.11299101263284683, 0.11858908832073212, 0.9192084670066833, 0.03173859417438507, 0.113973468542099, 0.006564249750226736, 0.08035746961832047, 0.11476477235555649, 0.007876706309616566, 0.0555151142179966, 2.449082603561692e-05, 0.8337311148643494, 0.0007180297398008406, 0.2078571617603302, 0.02161533385515213, 0.007260866463184357, 0.8265718221664429, 0.0003785036678891629, 0.0026522595435380936, 0.16572807729244232]","[0.00213623046875, 0.2269287109375, 0.77099609375]","[0.00213623046875, 0.2269287109375, 0.77099609375]",False,DOĞRU,ONAY,False,False,1376.9519000015862,"{""K1_input_and_readiness"": 0.043799998820759356, ""K7_context"": 0.0012999989849049598, ""K1_normalization"": 0.007699998604948632, ""K6_advisory"": 22.400099998776568, ""K1_intent"": 0.03870000000461005, ""K2_retrieval"": 146.22640000015963, ""K3_reranker"": 1092.748199998823, ""K8_weighted_ranking"": 0.957800000833231, ""K3_candidate_filters"": 0.8931000011216383, ""K9_advisory_consensus"": 0.00839999847812578, ""K4_nli_and_bypass_check"": 62.03830000049493, ""K5_decision"": 48.98210000101244}",16831
FACTURK-0082,YALAN,"[19167, 4452, 22634, 5965, 16540, 16336, 18912, 16706, 14346, 5431, 23305, 7573, 26653, 21976, 26373, 20856, 18357, 12669, 24731, 23484]","[0.0005725466180592775, 0.09451042860746384, 2.977311669383198e-05, 2.1444948288262822e-05, 0.0004765612829942256, 2.0462934116949327e-05, 1.892514956125524e-05, 0.0026522595435380936, 4.037790131405927e-05, 0.004038591403514147, 5.829126530443318e-05, 1.6442494597868063e-05, 1.67014204635052e-05, 0.0010005044750869274, 1.6442494597868063e-05, 2.411113746347837e-05, 4.2647468944778666e-05, 2.411113746347837e-05, 2.6274772608303465e-05, 0.00037409563083201647]","[0.0023345947265625, 0.9970703125, 0.0006794929504394531]","[0.0023345947265625, 0.9970703125, 0.0006794929504394531]",False,YALAN,RED,False,False,21850.201799999923,"{""K1_input_and_readiness"": 0.04540000009001233, ""K7_context"": 0.0010000003385357559, ""K1_normalization"": 0.007900000127847306, ""K6_advisory"": 25.415500000235625, ""K1_intent"": 0.032500000088475645, ""K2_retrieval"": 172.14400000011665, ""K3_reranker"": 1123.6277999996673, ""K8_weighted_ranking"": 0.991700000668061, ""K3_candidate_filters"": 0.001999998858082108, ""K9_advisory_consensus"": 0.013800001397612505, ""K4_nli_and_bypass_check"": 1068.5704000006808, ""K5_decision"": 995.8258000006026}",web_151da9ed_0
FACTURK-0083,DOĞRU,"[5491, 23751, 18468, 23361, 20020, 20519, 25969, 26065, 3328, 13338, 21399, 5597, 18234, 19636, 21402, 16499, 1291, 4119, 2644, 25705]","[2.7969301299890503e-05, 0.0016941031208261847, 0.020332353189587593, 0.006692850962281227, 4.101373633602634e-05, 2.4682904040673748e-05, 6.502816540887579e-05, 0.0011832797899842262, 4.5044595026411116e-05, 0.0004108485300093889, 1.6061610949691385e-05, 1.6061610949691385e-05, 0.0009181900531984866, 1.922317096614279e-05, 5.104190859128721e-05, 0.00010310211655450985, 3.426849070820026e-05, 4.037790131405927e-05, 2.8632557587116025e-05, 5.694102947018109e-05]",null,null,False,YETERSİZ VERİ,RET,True,False,23205.8124999985,"{""K1_input_and_readiness"": 0.04140000055485871, ""K7_context"": 0.0012000000424450263, ""K1_normalization"": 0.008500001058564521, ""K6_advisory"": 20.958699999027885, ""K1_intent"": 0.023399999918183312, ""K2_retrieval"": 155.7781999999861, ""K3_reranker"": 1296.5406000002986, ""K8_weighted_ranking"": 0.9486999988439493, ""K3_candidate_filters"": 0.002499999027349986}",
FACTURK-0084,DOĞRU,"[11506, 25118, 16926, 10003, 29032, 12851, 17567, 10045, 22063, 4224, 20781, 16886, 29705, 22456, 263, 2446, 11778, 13967, 1970, 7307]","[0.0031480707693845034, 7.905303937150165e-05, 0.004451041109859943, 2.2125668692751788e-05, 0.00854433048516512, 0.000159678646014072, 0.002296159043908119, 0.0004459562187548727, 0.0012497093994170427, 0.0016103574307635427, 0.2312668114900589, 0.0009362827986478806, 0.0008659808663651347, 0.0009146137163043022, 1.8342892872169614e-05, 0.0037217086646705866, 0.0010242064017802477, 0.0006667023408226669, 0.011823395267128944, 0.0007733057136647403]",null,null,False,YETERSİZ VERİ,RET,True,False,8681.986999999936,"{""K1_input_and_readiness"": 0.062400000388151966, ""K7_context"": 0.0014999986888142303, ""K1_normalization"": 0.010600000678095967, ""K6_advisory"": 21.575799999482115, ""K1_intent"": 0.03409999953873921, ""K2_retrieval"": 204.83470000181114, ""K3_reranker"": 1944.4793999991816, ""K8_weighted_ranking"": 0.9618000003683846, ""K3_candidate_filters"": 0.0016999983927235007}",
FACTURK-0085,DOĞRU,"[26113, 13059, 1228, 17687, 810, 14969, 12751, 9230, 7396, 28223, 7447, 23913, 24344, 19653, 24737, 7982, 26710, 28442, 19893, 8333]","[0.0003077430883422494, 2.4300241420860402e-05, 4.231559796608053e-05, 0.014672035351395607, 1.6187581422855146e-05, 0.00018522572645451874, 9.535461140330881e-05, 2.2125668692751788e-05, 0.004086002707481384, 1.7097478121286258e-05, 0.0061450921930372715, 0.0002472934720572084, 1.6442494597868063e-05, 2.8857117285951972e-05, 0.005405900068581104, 3.219233258278109e-05, 0.005281333811581135, 3.4808123018592596e-05, 8.888084994396195e-05, 0.0001740054285619408]",null,null,False,YETERSİZ VERİ,RET,True,False,19361.502499999915,"{""K1_input_and_readiness"": 0.049000000217347406, ""K7_context"": 0.0011000010999850929, ""K1_normalization"": 0.016299998605973087, ""K6_advisory"": 21.02539999941655, ""K1_intent"": 0.029999999242136255, ""K2_retrieval"": 163.34850000021106, ""K3_reranker"": 1313.5337000003346, ""K8_weighted_ranking"": 0.951399999394198, ""K3_candidate_filters"": 0.002200000380980782}",
FACTURK-0086,DOĞRU,"[6314, 17464, 28221, 12939, 23903, 15073, 20736, 23166, 29513, 17416, 7000, 23892, 5052, 18953, 7456, 1893, 25662, 7092, 18460, 11309]","[0.0009697519708424807, 0.02029348537325859, 0.021990220993757248, 0.00079783343244344, 2.195349043176975e-05, 0.001103026675991714, 0.0001442598586436361, 2.6480842279852368e-05, 0.000414069538237527, 0.0009217804181389511, 0.0001344663032796234, 0.0002982776495628059, 0.0005013742484152317, 0.0029694451950490475, 2.3007036361377686e-05, 0.00214894930832088, 6.108854722697288e-05, 0.00034329999471083283, 0.000954731716774404, 0.0003225071995984763]","[0.99755859375, 0.0016088485717773438, 0.0006909370422363281]","[0.99755859375, 0.0016088485717773438, 0.0006909370422363281]",False,DOĞRU,ONAY,False,False,11808.03399999968,"{""K1_input_and_readiness"": 0.04660000013245735, ""K7_context"": 0.0012000000424450263, ""K1_normalization"": 0.00940000063565094, ""K6_advisory"": 21.724000000176602, ""K1_intent"": 0.029699998776777647, ""K2_retrieval"": 167.9509000005055, ""K3_reranker"": 1313.7149000012869, ""K8_weighted_ranking"": 0.9873999988485593, ""K3_candidate_filters"": 0.0020000006770715117, ""K9_advisory_consensus"": 0.013199998647905886, ""K4_nli_and_bypass_check"": 139.1702000000805, ""K5_decision"": 100.81480000008014}",web_662df26d_0
FACTURK-0087,DOĞRU,"[6336, 26371, 29892, 17493, 25906, 6779, 8849, 12974, 10054, 23965, 28611, 17203, 16397, 3162, 25721, 5866, 8688, 5364, 15308, 20244]","[0.00011591933434829116, 3.144662332488224e-05, 1.750292540236842e-05, 9.17019642656669e-05, 1.805851934477687e-05, 3.7931622500764206e-05, 0.005159622989594936, 0.004382336512207985, 3.8229114579735324e-05, 0.00010637458035489544, 2.1444948288262822e-05, 1.6314539607265033e-05, 9.610241977497935e-05, 1.9373936083866283e-05, 1.967902426258661e-05, 0.0003814711526501924, 2.030369250860531e-05, 1.6314539607265033e-05, 1.6442494597868063e-05, 2.1112482500029728e-05]","[0.011566162109375, 0.0853271484375, 0.9033203125]","[0.011566162109375, 0.0853271484375, 0.9033203125]",False,YALAN,RED,False,False,18105.090499999278,"{""K1_input_and_readiness"": 0.036299999919719994, ""K7_context"": 0.0011000010999850929, ""K1_normalization"": 0.006300000677583739, ""K6_advisory"": 20.530199999484466, ""K1_intent"": 0.019099999917671084, ""K2_retrieval"": 145.61199999843666, ""K3_reranker"": 1125.308299999233, ""K8_weighted_ranking"": 0.9594000002834946, ""K3_candidate_filters"": 0.0020000006770715117, ""K9_advisory_consensus"": 0.013299999409355223, ""K4_nli_and_bypass_check"": 112.92260000118404, ""K5_decision"": 67.22850000005565}",web_76747471_1
FACTURK-0088,DOĞRU,"[18, 4413, 24704, 27167, 26371, 29892, 6336, 22626, 20199, 12778, 23011, 25906, 8688, 11574, 22642, 558, 1902, 3162, 28611, 25796]","[0.0010083435336127877, 0.0006512682302854955, 0.03554439917206764, 0.05582314357161522, 2.3737338779028505e-05, 9.314593626186252e-05, 5.920916373725049e-05, 1.6314539607265033e-05, 0.001383117400109768, 0.00023231418163049966, 0.004736748989671469, 1.8342892872169614e-05, 7.782753527862951e-05, 0.0008830457809381187, 0.00021824207215104252, 0.0003029734070878476, 0.00482972152531147, 0.00010310211655450985, 0.0005614787805825472, 2.014569145103451e-05]","[0.007537841796875, 0.96240234375, 0.0301666259765625]","[0.007537841796875, 0.96240234375, 0.0301666259765625]",False,YETERSİZ VERİ,RET,True,False,18661.11180000007,"{""K1_input_and_readiness"": 0.03130000004603062, ""K7_context"": 0.0010999992809956893, ""K1_normalization"": 0.005800000508315861, ""K6_advisory"": 20.859800000835094, ""K1_intent"": 0.018599999748403206, ""K2_retrieval"": 139.5730000003823, ""K3_reranker"": 1093.6832999996113, ""K8_weighted_ranking"": 0.9815000012167729, ""K3_candidate_filters"": 0.0018999999156221747, ""K9_advisory_consensus"": 0.013699998817173764, ""K4_nli_and_bypass_check"": 137.18210000115505, ""K5_decision"": 66.90639999942505}",web_ee6a6e22_2
FACTURK-0089,DOĞRU,"[7912, 7529, 3233, 16400, 645, 24053, 23656, 16090, 15423, 19808, 27441, 21894, 9479, 28755, 12152, 1083, 13302, 4022, 23463, 2007]","[0.999935507774353, 0.6167627573013306, 0.0005013742484152317, 0.1457221657037735, 0.03796369582414627, 0.0012399960542097688, 0.00033535013790242374, 0.8830344080924988, 0.11299101263284683, 0.003839395008981228, 0.06313490122556686, 0.08093670755624771, 0.5575441718101501, 0.0004442183708306402, 0.0002492325147613883, 0.001495338510721922, 0.0025509123224765062, 2.8632557587116025e-05, 4.006369272246957e-05, 0.13028541207313538]","[0.9931640625, 0.00555419921875, 0.0012722015380859375]","[0.9931640625, 0.00555419921875, 0.0012722015380859375]",False,DOĞRU,ONAY,False,False,1554.527299998881,"{""K1_input_and_readiness"": 0.04999999873689376, ""K7_context"": 0.0010000003385357559, ""K1_normalization"": 0.00799999907030724, ""K6_advisory"": 20.87310000024445, ""K1_intent"": 0.024599999960628338, ""K2_retrieval"": 159.80990000025486, ""K3_reranker"": 1261.5372000000207, ""K8_weighted_ranking"": 0.9411999999429099, ""K3_candidate_filters"": 1.0254999997414416, ""K9_advisory_consensus"": 0.00529999852005858, ""K4_nli_and_bypass_check"": 68.57739999941259, ""K5_decision"": 39.24130000086734}",7912
FACTURK-0090,YALAN,"[26683, 26447, 920, 24673, 15048, 430, 17981, 14207, 26912, 3327, 3962, 11714, 18324, 1472, 14283, 19739, 18843, 3952, 25443, 9741]","[0.0013511208817362785, 0.00012533752305898815, 0.031439851969480515, 7.311254739761353e-05, 0.00010720880527514964, 0.00029137005913071334, 0.00029365462251007557, 0.0006047102506272495, 0.00039977103006094694, 0.0007293288363143802, 0.0007733057136647403, 0.00022167809947859496, 6.108854722697288e-05, 3.269927037763409e-05, 0.00014091856428422034, 0.0003640086797531694, 0.0007152324542403221, 0.00011682839976856485, 1.8342892872169614e-05, 1.6187581422855146e-05]","[0.99169921875, 0.004932403564453125, 0.003520965576171875]","[0.99169921875, 0.004932403564453125, 0.003520965576171875]",False,DOĞRU,ONAY,False,False,19986.018100000365,"{""K1_input_and_readiness"": 0.03409999953873921, ""K7_context"": 0.0010000003385357559, ""K1_normalization"": 0.0068999997893115506, ""K6_advisory"": 21.41720000145142, ""K1_intent"": 0.02539999877626542, ""K2_retrieval"": 154.64889999930165, ""K3_reranker"": 1091.1050999984582, ""K8_weighted_ranking"": 0.9446999993087957, ""K3_candidate_filters"": 0.0018999999156221747, ""K9_advisory_consensus"": 0.012999998943996616, ""K4_nli_and_bypass_check"": 439.6802999999636, ""K5_decision"": 346.33650000068883}",web_290fa03c_2
FACTURK-0091,DOĞRU,"[11667, 20565, 21782, 7134, 3909, 12330, 26480, 27058, 3583, 5512, 5235, 13264, 2400, 4312, 20454, 3209, 3131, 28139, 12685, 26306]","[0.9785082340240479, 0.014899643138051033, 2.7751651941798627e-05, 0.01342825498431921, 5.9673518990166485e-05, 0.0055333878844976425, 0.004718369338661432, 5.225226777838543e-05, 1.657145367062185e-05, 0.0019043302163481712, 0.05490385368466377, 5.2662067901110277e-05, 0.1173696517944336, 2.4876489987946115e-05, 1.6187581422855146e-05, 0.003456409554928541, 0.00043563017970882356, 0.00015236754552461207, 0.004886374808847904, 0.013325147330760956]","[0.00018298625946044922, 0.99951171875, 0.00018775463104248047]","[0.00018298625946044922, 0.99951171875, 0.00018775463104248047]",False,YALAN,RED,False,False,1799.7058999990259,"{""K1_input_and_readiness"": 0.056400000175926834, ""K7_context"": 0.0010999992809956893, ""K1_normalization"": 0.008700000762473792, ""K6_advisory"": 23.93380000103207, ""K1_intent"": 0.038500000300700776, ""K2_retrieval"": 174.20929999934742, ""K3_reranker"": 1394.047200001296, ""K8_weighted_ranking"": 0.9812999996938743, ""K3_candidate_filters"": 0.28019999990647193, ""K9_advisory_consensus"": 0.004899999112240039, ""K4_nli_and_bypass_check"": 112.65789999924891, ""K5_decision"": 90.71839999887743}",11667
FACTURK-0092,YALAN,"[18561, 28547, 29036, 27219, 1302, 5605, 2984, 23181, 7256, 15787, 25169, 11479, 14780, 14232, 29892, 25228, 13989, 12809, 24354, 20022]","[0.002378123812377453, 0.2223622351884842, 0.001220795209519565, 0.08961381763219833, 0.010489090345799923, 0.003930085338652134, 0.20529620349407196, 0.5658385753631592, 0.0010242064017802477, 0.009268013760447502, 0.002736221067607403, 0.10356715321540833, 0.4573790431022644, 0.12389466166496277, 0.055310655385255814, 0.25945019721984863, 0.023962024599313736, 0.06301946938037872, 0.024469668045639992, 0.17766813933849335]","[0.000606536865234375, 0.99658203125, 0.002704620361328125]","[0.000606536865234375, 0.99658203125, 0.002704620361328125]",False,YETERSİZ VERİ,RET,True,False,15542.746099999931,"{""K1_input_and_readiness"": 0.05459999920276459, ""K7_context"": 0.0012000000424450263, ""K1_normalization"": 0.010400000974186696, ""K6_advisory"": 21.103499999298947, ""K1_intent"": 0.031600000511389226, ""K2_retrieval"": 189.8421000005328, ""K3_reranker"": 1275.6866999989143, ""K8_weighted_ranking"": 0.9050999997270992, ""K3_candidate_filters"": 0.5275000003166497, ""K9_advisory_consensus"": 0.005100000635138713, ""K4_nli_and_bypass_check"": 259.7059999989142, ""K5_decision"": 252.57349999992584}",23181
FACTURK-0093,YALAN,"[5693, 11195, 24822, 3328, 11552, 25503, 1329, 12664, 18825, 4563, 1704, 1946, 15330, 28044, 29601, 704, 2296, 23052, 6793, 7635]","[1.967902426258661e-05, 0.029986508190631866, 0.010986941866576672, 0.006615392863750458, 0.011597361415624619, 1.683241134742275e-05, 2.6274772608303465e-05, 0.003087369492277503, 1.67014204635052e-05, 0.00021654405281879008, 0.004382336512207985, 1.6314539607265033e-05, 1.6314539607265033e-05, 0.0023322340566664934, 0.00034464316559024155, 0.008677716366946697, 4.683888619183563e-05, 0.0007014083093963563, 1.7097478121286258e-05, 1.6187581422855146e-05]",null,null,False,YETERSİZ VERİ,RET,True,False,18771.197200001552,"{""K1_input_and_readiness"": 0.062200000684242696, ""K7_context"": 0.0012000000424450263, ""K1_normalization"": 0.008799999704933725, ""K6_advisory"": 20.755899999130634, ""K1_intent"": 0.02700000004551839, ""K2_retrieval"": 162.86110000146437, ""K3_reranker"": 2346.4428999996017, ""K8_weighted_ranking"": 1.0258000002068002, ""K3_candidate_filters"": 0.001999998858082108}",
FACTURK-0094,YALAN,"[5418, 19923, 30246, 24789, 15901, 26970, 28805, 20156, 6702, 24986, 30410, 20501, 6865, 15993, 22135, 30483, 7409, 30482, 30481, 17860]","[0.003429603995755315, 5.02506154589355e-05, 1.6964426322374493e-05, 0.013020490296185017, 3.8831109122838825e-05, 4.794958294951357e-05, 0.0022343622986227274, 0.00017952796770259738, 0.0120537793263793, 0.00011412239109631628, 0.00013552077871281654, 0.00021152888075448573, 0.00017674513219390064, 1.805851934477687e-05, 0.002580904169008136, 2.2125668692751788e-05, 0.00029365462251007557, 1.7097478121286258e-05, 1.9525883544702083e-05, 0.001269364496693015]",null,null,False,YETERSİZ VERİ,RET,True,False,19210.265800000343,"{""K1_input_and_readiness"": 0.04519999856711365, ""K7_context"": 0.0012999989849049598, ""K1_normalization"": 0.008699998943484388, ""K6_advisory"": 24.757700000918703, ""K1_intent"": 0.022199999875738285, ""K2_retrieval"": 150.88689999902272, ""K3_reranker"": 3633.7163999996847, ""K8_weighted_ranking"": 1.1230000000068685, ""K3_candidate_filters"": 0.002099999619531445}",
FACTURK-0095,DOĞRU,"[14448, 23187, 27818, 14054, 23316, 5201, 19360, 9039, 13582, 28834, 20850, 26067, 18564, 10845, 5154, 1872, 11847, 30122, 4779, 11546]","[0.001987774157896638, 0.000124362253700383, 0.00021995337738189846, 0.00013342000602278858, 0.0006000071880407631, 1.750292540236842e-05, 8.818923379294574e-05, 0.0010566838318482041, 9.83811987680383e-05, 4.298194107832387e-05, 0.0004673480580095202, 0.00020502213737927377, 3.619466951931827e-05, 2.030369250860531e-05, 0.003135835751891136, 4.985958003089763e-05, 1.6442494597868063e-05, 3.373722574906424e-05, 1.7366719475830905e-05, 0.000159678646014072]","[0.994140625, 0.0037937164306640625, 0.0022792816162109375]","[0.994140625, 0.0037937164306640625, 0.0022792816162109375]",False,DOĞRU,ONAY,False,False,13221.005700001115,"{""K1_input_and_readiness"": 0.049000000217347406, ""K7_context"": 0.0011000010999850929, ""K1_normalization"": 0.009699999282020144, ""K6_advisory"": 22.185900001204573, ""K1_intent"": 0.0304000004689442, ""K2_retrieval"": 169.78129999915836, ""K3_reranker"": 1321.452300000601, ""K8_weighted_ranking"": 1.12500000068394, ""K3_candidate_filters"": 0.0022999993234407157, ""K9_advisory_consensus"": 0.013099999705445953, ""K4_nli_and_bypass_check"": 674.4862999985344, ""K5_decision"": 608.0294999992475}",web_6df58e29_1
FACTURK-0096,YALAN,"[6934, 28032, 1327, 23417, 6206, 48, 1293, 11256, 23788, 7882, 18810, 2039, 17459, 24548, 1536, 3328, 23866, 27720, 3557, 28501]","[0.6527949571609497, 3.4808123018592596e-05, 8.092757343547419e-05, 3.1941821362124756e-05, 0.01065251138061285, 0.0005254230927675962, 0.0001673405058681965, 0.00011682839976856485, 0.0005549409543164074, 8.156224066624418e-05, 0.0005953406798653305, 0.0002492325147613883, 0.0005316132446750998, 0.0011203772155568004, 7.197912054834887e-05, 1.683241134742275e-05, 0.00220838887616992, 3.5633544030133635e-05, 0.0017752605490386486, 4.794958294951357e-05]","[0.130615234375, 0.84423828125, 0.0251007080078125]","[0.130615234375, 0.84423828125, 0.0251007080078125]",False,YETERSİZ VERİ,RET,True,False,29583.784799999194,"{""K1_input_and_readiness"": 0.038100000892882235, ""K7_context"": 0.0009999985195463523, ""K1_normalization"": 0.0073999999585794285, ""K6_advisory"": 20.280799999454757, ""K1_intent"": 0.020600000425474718, ""K2_retrieval"": 151.08779999900435, ""K3_reranker"": 1567.4914000010176, ""K8_weighted_ranking"": 1.0570999984338414, ""K3_candidate_filters"": 0.2714000002015382, ""K9_advisory_consensus"": 0.005199999577598646, ""K4_nli_and_bypass_check"": 211.1034000008658, ""K5_decision"": 187.15449999945122}",web_e405a8cc_1
FACTURK-0097,YALAN,"[9071, 15922, 16534, 7077, 376, 30164, 11556, 14460, 8780, 16972, 26294, 5049, 9838, 29467, 21067, 24908, 2933, 7555, 2112, 23791]","[7.722192094661295e-05, 8.682210318511352e-05, 6.868317723274231e-05, 0.00020342698553577065, 3.3474691008450463e-05, 3.9135655242716894e-05, 2.014569145103451e-05, 0.0001823546044761315, 1.6314539607265033e-05, 3.8831109122838825e-05, 3.071818719035946e-05, 1.6314539607265033e-05, 0.00012931563833262771, 7.254361844388768e-05, 0.004086002707481384, 0.0004655269149225205, 0.00014539113908540457, 0.0008830457809381187, 0.0015792594058439136, 0.00024536947603337467]",null,null,False,YETERSİZ VERİ,RET,True,False,20268.4737999989,"{""K1_input_and_readiness"": 0.04269999953976367, ""K7_context"": 0.0010999992809956893, ""K1_normalization"": 0.008300001354655251, ""K6_advisory"": 21.52129999922181, ""K1_intent"": 0.027400001272326335, ""K2_retrieval"": 170.8729999991192, ""K3_reranker"": 1496.4472999999998, ""K8_weighted_ranking"": 0.9449999997741543, ""K3_candidate_filters"": 0.0021000014385208488}",
FACTURK-0098,YALAN,"[20894, 10080, 19065, 6439, 6298, 7948, 6392, 14859, 7330, 3665, 21129, 27513, 17030, 27639, 7955, 29902, 26242, 22514, 29138, 6269]","[0.0003697388747241348, 0.009974920190870762, 7.905303937150165e-05, 0.003976227715611458, 3.508111694827676e-05, 3.619466951931827e-05, 0.0019267346942797303, 0.004451041109859943, 0.024283869192004204, 0.0007702931761741638, 0.001483718864619732, 0.00014883848780300468, 0.00985985528677702, 2.818866414600052e-05, 0.0008459375239908695, 0.0007947254925966263, 0.0001740054285619408, 0.0035243413876742125, 0.0046636550687253475, 3.647853736765683e-05]","[0.96533203125, 0.033843994140625, 0.0007801055908203125]","[0.96533203125, 0.033843994140625, 0.0007801055908203125]",False,DOĞRU,ONAY,False,False,14688.160499999867,"{""K1_input_and_readiness"": 0.0455999997939216, ""K7_context"": 0.0010999992809956893, ""K1_normalization"": 0.008000000889296643, ""K6_advisory"": 24.943500000517815, ""K1_intent"": 0.024700000722077675, ""K2_retrieval"": 146.39580000039132, ""K3_reranker"": 2154.237500000818, ""K8_weighted_ranking"": 1.0896999992837664, ""K3_candidate_filters"": 0.0020000006770715117, ""K9_advisory_consensus"": 0.012700000297627412, ""K4_nli_and_bypass_check"": 159.04629999931785, ""K5_decision"": 133.01549999960116}",web_3085804e_0
FACTURK-0099,YALAN,"[13895, 8919, 6801, 19354, 16060, 25752, 25760, 16738, 19808, 26282, 4543, 9915, 21513, 8949, 28378, 25811, 11603, 16301, 19673, 28947]","[0.03594832494854927, 0.0007554056355729699, 0.31289464235305786, 0.020964240655303, 0.04084571450948715, 2.8857117285951972e-05, 0.01572399213910103, 0.11818139255046844, 0.0012448433553799987, 0.006903838831931353, 0.0003799845289904624, 0.00025118677876889706, 0.010611421428620815, 0.008745181374251842, 0.003635808825492859, 0.013376603834331036, 8.614650869276375e-05, 0.04410091042518616, 0.0012497093994170427, 0.0002287133247591555]","[0.00019180774688720703, 0.99951171875, 0.00014090538024902344]","[0.00019180774688720703, 0.99951171875, 0.00014090538024902344]",False,YETERSİZ VERİ,RET,True,False,26897.927200001504,"{""K1_input_and_readiness"": 0.09569999929226469, ""K7_context"": 0.0008999995770864189, ""K1_normalization"": 0.020199999198666774, ""K6_advisory"": 44.275300000663265, ""K1_intent"": 0.055700000302749686, ""K2_retrieval"": 332.4004000005516, ""K3_reranker"": 3292.494799999986, ""K8_weighted_ranking"": 1.110799999878509, ""K3_candidate_filters"": 0.34159999995608814, ""K9_advisory_consensus"": 0.014100000043981709, ""K4_nli_and_bypass_check"": 126.68139999914274, ""K5_decision"": 0.35030000071856193}",web_ff7807d9_0
FACTURK-0100,DOĞRU,"[23551, 22712, 10803, 20527, 14283, 24993, 7370, 22500, 20451, 16320, 9706, 2452, 16363, 5518, 12950, 15736, 28551, 3607, 14684, 19632]","[1.967902426258661e-05, 1.6314539607265033e-05, 1.9073577277595177e-05, 1.6061610949691385e-05, 1.6061610949691385e-05, 2.6070309104397893e-05, 1.6442494597868063e-05, 1.6442494597868063e-05, 1.6187581422855146e-05, 1.593661909282673e-05, 2.3369333575828932e-05, 1.67014204635052e-05, 3.1693256460130215e-05, 1.6061610949691385e-05, 0.0002611903182696551, 5.2662067901110277e-05, 1.6061610949691385e-05, 1.6964426322374493e-05, 1.6061610949691385e-05, 9.915272676153108e-05]",null,null,False,YETERSİZ VERİ,RET,True,False,15347.844000001714,"{""K1_input_and_readiness"": 0.042300000131945126, ""K7_context"": 0.0013999997463542968, ""K1_normalization"": 0.007200000254670158, ""K6_advisory"": 21.70269999987795, ""K1_intent"": 0.0259000007645227, ""K2_retrieval"": 147.3812000003818, ""K3_reranker"": 1102.3806000011973, ""K8_weighted_ranking"": 0.9637999992264668, ""K3_candidate_filters"": 0.0018999999156221747}",
FACTURK-0101,YALAN,"[1701, 15238, 17301, 16063, 9150, 19754, 15964, 15787, 14817, 16835, 15978, 10301, 30356, 27696, 25225, 26786, 1422, 20950, 4257, 2858]","[0.21601155400276184, 0.002378123812377453, 0.3317689299583435, 0.0991208627820015, 0.02319762483239174, 0.008677716366946697, 0.0012893283274024725, 0.00978387612849474, 2.2125668692751788e-05, 0.10837755352258682, 0.001838665222749114, 0.0001195985751110129, 0.0013302015140652657, 0.007431773468852043, 0.009596454910933971, 0.002323162741959095, 0.0019342610612511635, 1.8631746570463292e-05, 0.027272669598460197, 0.00017265156202483922]","[0.004367828369140625, 0.99462890625, 0.0009636878967285156]","[0.004367828369140625, 0.99462890625, 0.0009636878967285156]",False,YETERSİZ VERİ,RET,True,False,10399.944200000391,"{""K1_input_and_readiness"": 0.050299999202252366, ""K7_context"": 0.0012999989849049598, ""K1_normalization"": 0.010100000508828089, ""K6_advisory"": 22.966700000324636, ""K1_intent"": 0.03440000000409782, ""K2_retrieval"": 169.42380000000412, ""K3_reranker"": 1292.088000000149, ""K8_weighted_ranking"": 1.0350000011385418, ""K3_candidate_filters"": 0.28869999914604705, ""K9_advisory_consensus"": 0.01340000017080456, ""K4_nli_and_bypass_check"": 564.3125999995391, ""K5_decision"": 532.1849000010843}",web_192588f1_0
FACTURK-0102,YALAN,"[22441, 4436, 15880, 19092, 2248, 5678, 11916, 16106, 16208, 22237, 22762, 11594, 17027, 3558, 29057, 2480, 20713, 25399, 28004, 10874]","[0.00012533752305898815, 0.005469274241477251, 0.025662705302238464, 0.02241421490907669, 0.22953522205352783, 0.0029008574783802032, 0.000706905557308346, 0.00272558256983757, 0.00019716942915692925, 0.002251847181469202, 5.518923353520222e-05, 0.003469890682026744, 0.002058753278106451, 0.002736221067607403, 0.00010889690747717395, 0.18877223134040833, 0.00017536994710098952, 2.566613329690881e-05, 0.0015011823270469904, 0.0053640566766262054]","[0.9892578125, 0.0036373138427734375, 0.007320404052734375]","[0.9892578125, 0.0036373138427734375, 0.007320404052734375]",False,DOĞRU,ONAY,False,False,19056.322200000068,"{""K1_input_and_readiness"": 0.05360000068321824, ""K7_context"": 0.0013999997463542968, ""K1_normalization"": 0.009699999282020144, ""K6_advisory"": 20.915799999784213, ""K1_intent"": 0.02700000004551839, ""K2_retrieval"": 159.9368000006507, ""K3_reranker"": 2035.1737999990291, ""K8_weighted_ranking"": 1.1942000000999542, ""K3_candidate_filters"": 0.0020000006770715117, ""K9_advisory_consensus"": 0.012799999240087345, ""K4_nli_and_bypass_check"": 337.98639999986335, ""K5_decision"": 310.39740000051097}",web_38508e07_1
FACTURK-0103,YALAN,"[24013, 29892, 17161, 2349, 24822, 22773, 11781, 16390, 9507, 23054, 414, 11778, 25721, 23707, 20199, 11846, 8808, 4460, 26533, 14448]","[0.02992974780499935, 0.010209054686129093, 0.002889581024646759, 1.9833367332466878e-05, 0.0041179172694683075, 0.007431773468852043, 0.0002472934720572084, 0.0022694687359035015, 0.0005336928297765553, 0.07949569821357727, 0.0010242064017802477, 0.0017961491830646992, 0.0003077430883422494, 2.265035072923638e-05, 0.001536727068014443, 0.020685460418462753, 0.0017140384297817945, 0.00012731103925034404, 0.000471011851914227, 0.00046190584544092417]","[0.0008950233459472656, 0.9990234375, 0.00020051002502441406]","[0.0008950233459472656, 0.9990234375, 0.00020051002502441406]",False,YALAN,RED,False,False,14123.706000000311,"{""K1_input_and_readiness"": 0.03819999983534217, ""K7_context"": 0.0010999992809956893, ""K1_normalization"": 0.007599999662488699, ""K6_advisory"": 20.7855999997264, ""K1_intent"": 0.02570000106061343, ""K2_retrieval"": 185.8738999999332, ""K3_reranker"": 1342.9417999996076, ""K8_weighted_ranking"": 0.9762999998201849, ""K3_candidate_filters"": 0.0018999999156221747, ""K9_advisory_consensus"": 0.011699999959091656, ""K4_nli_and_bypass_check"": 983.2602999995288, ""K5_decision"": 913.7473999999202}",web_b1bdb7b4_0
FACTURK-0104,DOĞRU,"[28325, 9150, 27390, 24184, 25225, 8821, 15787, 25169, 2858, 27894, 882, 16363, 27696, 2928, 14817, 25098, 8393, 25503, 17111, 16712]","[0.9972099661827087, 0.004520817659795284, 2.2474090656032786e-05, 7.662102143513039e-05, 0.00010472556459717453, 1.6964426322374493e-05, 0.00017536994710098952, 3.321419353596866e-05, 2.265035072923638e-05, 0.0001015038214973174, 1.7917987861437723e-05, 0.0013511208817362785, 0.0007916296017356217, 4.101373633602634e-05, 0.0007793660624884069, 0.0003625900426413864, 1.67014204635052e-05, 5.605828482657671e-05, 2.710879925871268e-05, 1.6187581422855146e-05]","[0.9990234375, 0.0004260540008544922, 0.0006875991821289062]","[0.9990234375, 0.0004260540008544922, 0.0006875991821289062]",False,DOĞRU,ONAY,False,False,1574.5606000000407,"{""K1_input_and_readiness"": 0.04070000068168156, ""K7_context"": 0.0010000003385357559, ""K1_normalization"": 0.006999998731771484, ""K6_advisory"": 20.428800000445335, ""K1_intent"": 0.024200000552809797, ""K2_retrieval"": 154.65299999959825, ""K3_reranker"": 1292.2347000003356, ""K8_weighted_ranking"": 1.0142999999516178, ""K3_candidate_filters"": 0.27070000032836106, ""K9_advisory_consensus"": 0.004900000931229442, ""K4_nli_and_bypass_check"": 62.16839999979129, ""K5_decision"": 41.112900000371155}",28325
FACTURK-0105,DOĞRU,"[4982, 3215, 26716, 4751, 5319, 3694, 6426, 5443, 22212, 724, 22926, 17016, 24080, 24072, 29630, 28143, 24630, 5074, 22176, 29673]","[0.008847354911267757, 0.03197956085205078, 0.003854363691061735, 0.0009811719646677375, 0.012479699216783047, 0.0006878511630930007, 0.0003668626013677567, 0.0011832797899842262, 1.750292540236842e-05, 0.0009436192340217531, 0.0007264875457622111, 4.611274925991893e-05, 0.0003500686143524945, 1.8486754925106652e-05, 6.156764720799401e-05, 1.7097478121286258e-05, 0.00037555923336185515, 1.6442494597868063e-05, 2.178264912799932e-05, 0.0009436192340217531]","[0.9453125, 0.0194091796875, 0.0352783203125]","[0.9453125, 0.0194091796875, 0.0352783203125]",False,DOĞRU,ONAY,False,False,19779.247399999804,"{""K1_input_and_readiness"": 0.035200000638724305, ""K7_context"": 0.0008999995770864189, ""K1_normalization"": 0.006599999323952943, ""K6_advisory"": 20.642199999201694, ""K1_intent"": 0.01900000097521115, ""K2_retrieval"": 142.34140000007756, ""K3_reranker"": 956.6029999987222, ""K8_weighted_ranking"": 0.9267000004911097, ""K3_candidate_filters"": 0.0017000002117129043, ""K9_advisory_consensus"": 0.013700000636163168, ""K4_nli_and_bypass_check"": 141.58400000087568, ""K5_decision"": 67.72920000003069}",web_3b994711_0
FACTURK-0106,DOĞRU,"[9712, 13023, 12007, 5690, 8130, 6630, 2779, 8231, 29675, 12846, 23361, 8347, 3796, 30163, 2874, 4981, 21701, 24591, 14688, 17859]","[0.003350423648953438, 0.00524044968187809, 0.02044939436018467, 0.004264635033905506, 0.2881683111190796, 0.15052762627601624, 0.002511463360860944, 0.004886374808847904, 0.007289077155292034, 8.284655632451177e-05, 0.009196552447974682, 0.0044165560975670815, 7.905303937150165e-05, 0.0006070755189284682, 0.060197047889232635, 0.0013406204525381327, 0.000954731716774404, 0.0007672924548387527, 0.0023688741493970156, 0.002560870721936226]",null,null,False,YETERSİZ VERİ,RET,True,False,17869.87869999939,"{""K1_input_and_readiness"": 0.04030000127386302, ""K7_context"": 0.0010000003385357559, ""K1_normalization"": 0.008200000593205914, ""K6_advisory"": 20.72000000043772, ""K1_intent"": 0.022700000045006163, ""K2_retrieval"": 153.52030000030936, ""K3_reranker"": 1096.3463000007323, ""K8_weighted_ranking"": 0.9714999996504048, ""K3_candidate_filters"": 0.002300001142430119}",
FACTURK-0107,YALAN,"[13808, 1805, 10932, 15457, 20021, 8419, 8953, 1774, 20770, 14052, 9477, 11576, 15888, 26070, 9093, 9761, 25320, 12446, 16309, 11234]","[0.9657061100006104, 0.15304215252399445, 0.9984391331672668, 0.3936763405799866, 0.412234365940094, 0.9725714921951294, 0.7828285694122314, 0.9949396848678589, 0.6088847517967224, 0.9965029954910278, 0.9963357448577881, 0.9913892149925232, 0.9985730648040771, 0.016657039523124695, 0.060086652636528015, 0.19544048607349396, 0.5845083594322205, 0.0015792594058439136, 0.9961004257202148, 0.4371025562286377]","[0.0021877288818359375, 0.98828125, 0.00957489013671875]","[0.0021877288818359375, 0.98828125, 0.00957489013671875]",False,YETERSİZ VERİ,RET,True,False,12071.99159999982,"{""K1_input_and_readiness"": 0.059899999541812576, ""K7_context"": 0.0012000000424450263, ""K1_normalization"": 0.018400000044493936, ""K6_advisory"": 21.480500001416658, ""K1_intent"": 0.032699999792384915, ""K2_retrieval"": 188.38849999883678, ""K3_reranker"": 1945.7310999987385, ""K8_weighted_ranking"": 1.198800000565825, ""K3_candidate_filters"": 3.844799999569659, ""K9_advisory_consensus"": 0.0073999999585794285, ""K4_nli_and_bypass_check"": 17.806000001655775, ""K5_decision"": 0.18050000107905362}",web_95f0f0c0_0
FACTURK-0108,DOĞRU,"[9220, 2858, 23262, 29630, 3676, 26184, 23148, 29634, 9014, 24869, 27883, 25169, 487, 11993, 9150, 15787, 25225, 7138, 26378, 24025]","[0.9987157583236694, 0.00014883848780300468, 3.508111694827676e-05, 0.0001956353517016396, 0.00028685410507023335, 0.00036829791497439146, 0.0007524627726525068, 0.004182493779808283, 1.657145367062185e-05, 0.011115013621747494, 0.010368157178163528, 0.00838045310229063, 0.00019716942915692925, 8.092757343547419e-05, 0.005448067560791969, 0.0004821761976927519, 0.002693914109840989, 2.449082603561692e-05, 0.001629308913834393, 0.0002891032490879297]","[0.99755859375, 0.0016632080078125, 0.0008330345153808594]","[0.99755859375, 0.0016632080078125, 0.0008330345153808594]",False,DOĞRU,ONAY,False,False,1587.9368000005343,"{""K1_input_and_readiness"": 0.04309999894758221, ""K7_context"": 0.0010999992809956893, ""K1_normalization"": 0.008999999408842996, ""K6_advisory"": 21.506199998839293, ""K1_intent"": 0.02570000106061343, ""K2_retrieval"": 160.5515999999625, ""K3_reranker"": 1303.86019999969, ""K8_weighted_ranking"": 0.9577999990142416, ""K3_candidate_filters"": 0.2668999986781273, ""K9_advisory_consensus"": 0.004899999112240039, ""K4_nli_and_bypass_check"": 56.65709999993851, ""K5_decision"": 41.379199999937555}",9220
FACTURK-0109,YALAN,"[13220, 26380, 8807, 24417, 15694, 19679, 13354, 3100, 26924, 21875, 11171, 1942, 6246, 22959, 28954, 21527, 25868, 28769, 3515, 12376]","[1.967902426258661e-05, 3.1201914680423215e-05, 1.7366719475830905e-05, 1.657145367062185e-05, 0.0005378763889893889, 2.977311669383198e-05, 1.7231572201126255e-05, 2.3369333575828932e-05, 0.00016093082376755774, 1.6061610949691385e-05, 3.144662332488224e-05, 2.908344322349876e-05, 0.00013658353418577462, 2.908344322349876e-05, 0.00013982206291984767, 1.6314539607265033e-05, 0.00037555923336185515, 1.6442494597868063e-05, 0.00023597174731548876, 3.852893496514298e-05]","[0.0002467632293701172, 0.99951171875, 0.00031065940856933594]","[0.0002467632293701172, 0.99951171875, 0.00031065940856933594]",False,YALAN,RED,False,False,17428.819200000362,"{""K1_input_and_readiness"": 0.0548999996681232, ""K7_context"": 0.0013999997463542968, ""K1_normalization"": 0.012500000593718141, ""K6_advisory"": 20.689999999376596, ""K1_intent"": 0.024599999960628338, ""K2_retrieval"": 153.78419999979087, ""K3_reranker"": 1140.9509000004618, ""K8_weighted_ranking"": 0.9910999997373438, ""K3_candidate_filters"": 0.0018999999156221747, ""K9_advisory_consensus"": 0.013399998351815157, ""K4_nli_and_bypass_check"": 458.7682000001223, ""K5_decision"": 443.72180000027583}",web_a3f01153_2
FACTURK-0110,YALAN,"[10626, 17245, 28800, 7864, 30040, 15465, 24966, 23200, 1988, 21652, 19694, 16461, 12005, 13449, 12560, 25864, 17607, 13551, 8785, 17870]","[1.7917987861437723e-05, 0.00010804955672938377, 2.710879925871268e-05, 0.0004108485300093889, 0.0003199982165824622, 2.0785171727766283e-05, 0.0011740821646526456, 0.000192602863535285, 0.00040290519245900214, 0.0013406204525381327, 0.00014202363672666252, 2.2827996872365475e-05, 0.00014539113908540457, 1.6314539607265033e-05, 2.3369333575828932e-05, 1.6061610949691385e-05, 1.922317096614279e-05, 0.0001511819864390418, 3.508111694827676e-05, 0.00013135180051904172]","[0.00021398067474365234, 0.0019359588623046875, 0.998046875]","[0.00021398067474365234, 0.0019359588623046875, 0.998046875]",False,YALAN,RED,False,False,32444.295000001148,"{""K1_input_and_readiness"": 0.048800000513438135, ""K7_context"": 0.0010999992809956893, ""K1_normalization"": 0.008799999704933725, ""K6_advisory"": 21.07819999946514, ""K1_intent"": 0.02429999949526973, ""K2_retrieval"": 165.58719999920868, ""K3_reranker"": 1319.7810999990907, ""K8_weighted_ranking"": 0.9609999997337582, ""K3_candidate_filters"": 0.002099999619531445, ""K9_advisory_consensus"": 0.012900000001536682, ""K4_nli_and_bypass_check"": 422.2463999994943, ""K5_decision"": 381.3147000000754}",web_3c35d8b1_1
FACTURK-0111,DOĞRU,"[19058, 13414, 21229, 23565, 18623, 3491, 17751, 6292, 13448, 22130, 17084, 8180, 19374, 27826, 1530, 24266, 23567, 17022, 2771, 18436]","[0.0007733057136647403, 0.0016809417866170406, 0.015189048834145069, 0.003456409554928541, 0.005490562878549099, 0.008412977680563927, 0.009596454910933971, 0.01750955730676651, 0.008745181374251842, 2.818866414600052e-05, 0.0009622126235626638, 0.004773722495883703, 3.1941821362124756e-05, 0.0004494523163884878, 2.586742994026281e-05, 0.0013511208817362785, 6.761842087144032e-05, 0.00011501735571073368, 1.6187581422855146e-05, 1.7778551409719512e-05]","[0.07757568359375, 0.91796875, 0.0043182373046875]","[0.07757568359375, 0.91796875, 0.0043182373046875]",False,YALAN,RED,False,False,22795.59850000078,"{""K1_input_and_readiness"": 0.03640000068116933, ""K7_context"": 0.0011000010999850929, ""K1_normalization"": 0.006000000212225132, ""K6_advisory"": 24.154400000043097, ""K1_intent"": 0.02809999932651408, ""K2_retrieval"": 137.59290000052715, ""K3_reranker"": 1964.4658000015625, ""K8_weighted_ranking"": 1.1068999992858153, ""K3_candidate_filters"": 0.002099999619531445, ""K9_advisory_consensus"": 0.013099999705445953, ""K4_nli_and_bypass_check"": 276.4525999991747, ""K5_decision"": 257.6590999997279}",web_6ab06579_0
FACTURK-0112,YALAN,"[732, 25455, 29599, 1759, 21500, 9150, 22218, 28014, 25225, 9022, 3897, 14989, 18113, 16889, 3817, 28629, 2244, 20449, 29881, 3236]","[0.01411789283156395, 3.144662332488224e-05, 8.092757343547419e-05, 0.0003640086797531694, 0.0004124558763578534, 0.00034329999471083283, 0.0022170129232108593, 0.0005357805639505386, 0.0792103186249733, 0.0026522595435380936, 0.0003077430883422494, 2.1444948288262822e-05, 6.402006692951545e-05, 1.6061610949691385e-05, 1.7366719475830905e-05, 0.004718369338661432, 2.030369250860531e-05, 0.011288073845207691, 0.0008167381165549159, 0.014615669846534729]","[0.99072265625, 0.0076751708984375, 0.0016069412231445312]","[0.99072265625, 0.0076751708984375, 0.0016069412231445312]",False,DOĞRU,ONAY,False,False,17138.978799999677,"{""K1_input_and_readiness"": 0.04470000021683518, ""K7_context"": 0.0010999992809956893, ""K1_normalization"": 0.009699999282020144, ""K6_advisory"": 20.855200000369223, ""K1_intent"": 0.026300000172341242, ""K2_retrieval"": 166.4490000002843, ""K3_reranker"": 1949.6442999989085, ""K8_weighted_ranking"": 0.9711000002425862, ""K3_candidate_filters"": 0.0018999999156221747, ""K9_advisory_consensus"": 0.012900000001536682, ""K4_nli_and_bypass_check"": 218.55590000086522, ""K5_decision"": 171.95910000009462}",web_c02cdc26_0
FACTURK-0113,YALAN,"[19837, 4795, 2541, 6925, 13875, 18085, 6943, 19262, 27180, 29858, 23531, 18938, 19563, 3161, 1938, 23520, 19311, 23314, 26919, 7248]","[0.9930152893066406, 0.0004108485300093889, 0.0011649561347439885, 8.481103577651083e-05, 0.0003225071995984763, 0.000628784007858485, 9.610241977497935e-05, 1.6061610949691385e-05, 3.0006618544575758e-05, 7.031184941297397e-05, 0.009633651934564114, 0.0005254230927675962, 0.000471011851914227, 0.0002269338583573699, 0.0014664583140984178, 5.34913269802928e-05, 0.0006641048239544034, 0.0015011823270469904, 6.108854722697288e-05, 0.0003275842755101621]","[0.99755859375, 0.0008234977722167969, 0.0013875961303710938]","[0.99755859375, 0.0008234977722167969, 0.0013875961303710938]",False,YALAN,UYARI,False,False,1667.2228000006726,"{""K1_input_and_readiness"": 0.039000000469968654, ""K7_context"": 0.0009999985195463523, ""K1_normalization"": 0.007599999662488699, ""K6_advisory"": 21.072800000183634, ""K1_intent"": 0.023099999452824704, ""K2_retrieval"": 148.70340000015858, ""K3_reranker"": 1310.9650000005786, ""K8_weighted_ranking"": 1.0492000001249835, ""K3_candidate_filters"": 0.29569999969680794, ""K9_advisory_consensus"": 0.005899999450775795, ""K4_nli_and_bypass_check"": 101.73429999849759, ""K5_decision"": 80.89250000011816}",19837
FACTURK-0114,DOĞRU,"[2337, 10107, 20087, 5659, 11733, 26450, 926, 21058, 7457, 29590, 22552, 5710, 18468, 5023, 14246, 28547, 6014, 22248, 28225, 4596]","[1.9833367332466878e-05, 2.1112482500029728e-05, 1.6187581422855146e-05, 0.02655657008290291, 0.00010310211655450985, 1.8486754925106652e-05, 0.0007554056355729699, 0.001269364496693015, 1.6442494597868063e-05, 1.6061610949691385e-05, 0.0006142272031866014, 0.0007379196467809379, 0.0036499870475381613, 0.0010202174307778478, 0.00019411319226492196, 8.547616744181141e-05, 2.3369333575828932e-05, 0.0008459375239908695, 0.0001500056532677263, 1.6442494597868063e-05]",null,null,False,YETERSİZ VERİ,RET,True,False,15649.893999998312,"{""K1_input_and_readiness"": 0.039000000469968654, ""K7_context"": 0.0014999986888142303, ""K1_normalization"": 0.0075000007200287655, ""K6_advisory"": 20.80720000049041, ""K1_intent"": 0.02320000021427404, ""K2_retrieval"": 153.06189999864728, ""K3_reranker"": 1101.8034000007901, ""K8_weighted_ranking"": 0.985100001344108, ""K3_candidate_filters"": 0.0018999999156221747}",
FACTURK-0115,DOĞRU,"[20266, 26089, 28144, 5342, 3451, 17922, 11125, 11058, 12715, 13893, 7924, 18311, 21954, 18809, 15962, 18561, 18468, 1887, 9006, 11370]","[0.22151906788349152, 0.014392335899174213, 0.07237401604652405, 3.8229114579735324e-05, 0.007999754510819912, 0.006314364727586508, 0.03594832494854927, 0.03481519594788551, 0.0036499870475381613, 0.010902374982833862, 0.002693914109840989, 0.03963883966207504, 1.9073577277595177e-05, 0.0016941031208261847, 0.0035243413876742125, 0.004773722495883703, 0.5179519057273865, 0.020527787506580353, 0.013171950355172157, 0.0002234163403045386]","[0.86865234375, 0.10284423828125, 0.0284423828125]","[0.86865234375, 0.10284423828125, 0.0284423828125]",False,DOĞRU,ONAY,False,False,22567.011699999057,"{""K1_input_and_readiness"": 0.05060000148660038, ""K7_context"": 0.0012000000424450263, ""K1_normalization"": 0.008999999408842996, ""K6_advisory"": 21.33499999945343, ""K1_intent"": 0.025299999833805487, ""K2_retrieval"": 165.31639999993786, ""K3_reranker"": 1263.210999999501, ""K8_weighted_ranking"": 0.9450999987166142, ""K3_candidate_filters"": 0.27800000134448055, ""K9_advisory_consensus"": 0.004899999112240039, ""K4_nli_and_bypass_check"": 379.8018999987107, ""K5_decision"": 356.74329999892507}",web_cb7bfab4_2
FACTURK-0116,DOĞRU,"[1945, 8849, 12063, 6336, 426, 26995, 8456, 28690, 12150, 26171, 2244, 3236, 18570, 2496, 30356, 11846, 25255, 9150, 21827, 17820]","[0.0005658799782395363, 0.004297939129173756, 0.0008525666198693216, 0.0007885457598604262, 0.09653531759977341, 1.67014204635052e-05, 0.0003654328465927392, 0.0018243826925754547, 0.004848532844334841, 0.005040702875703573, 0.22000710666179657, 0.0015070488443598151, 0.00010472556459717453, 5.694102947018109e-05, 0.002058753278106451, 0.0018748616566881537, 0.18315489590168, 0.027585282921791077, 0.0007236572564579546, 0.0018969200318679214]",null,null,False,YETERSİZ VERİ,RET,True,False,14893.094900000506,"{""K1_input_and_readiness"": 0.04330000047048088, ""K7_context"": 0.0015999994502635673, ""K1_normalization"": 0.007599999662488699, ""K6_advisory"": 20.84850000028382, ""K1_intent"": 0.023599999622092582, ""K2_retrieval"": 157.5490000013815, ""K3_reranker"": 1564.3725999998424, ""K8_weighted_ranking"": 0.9871000002021901, ""K3_candidate_filters"": 0.0018999999156221747}",
FACTURK-0117,DOĞRU,"[7705, 20071, 27096, 331, 15691, 17337, 24780, 9507, 6967, 9627, 1922, 29985, 18686, 16063, 6800, 3689, 25459, 26494, 25822, 22185]","[0.002182716503739357, 0.9931760430335999, 0.0009039677679538727, 0.0001344663032796234, 0.0003150386910419911, 1.6187581422855146e-05, 0.002833849750459194, 0.0046636550687253475, 1.6187581422855146e-05, 1.6442494597868063e-05, 1.9525883544702083e-05, 0.00013765462790615857, 1.6061610949691385e-05, 0.011915022507309914, 0.0041179172694683075, 0.012479699216783047, 1.6061610949691385e-05, 1.9525883544702083e-05, 1.6187581422855146e-05, 0.00013765462790615857]","[0.998046875, 0.001453399658203125, 0.00046133995056152344]","[0.998046875, 0.001453399658203125, 0.00046133995056152344]",False,DOĞRU,ONAY,False,False,2038.1709999983286,"{""K1_input_and_readiness"": 0.06310000026132911, ""K7_context"": 0.0018000009731622413, ""K1_normalization"": 0.01359999987471383, ""K6_advisory"": 26.163499998801854, ""K1_intent"": 0.02719999974942766, ""K2_retrieval"": 155.80450000015844, ""K3_reranker"": 1470.547400000214, ""K8_weighted_ranking"": 0.9296999996877275, ""K3_candidate_filters"": 0.27740000041376334, ""K9_advisory_consensus"": 0.004900000931229442, ""K4_nli_and_bypass_check"": 201.15050000094925, ""K5_decision"": 180.734499999744}",20071
FACTURK-0118,DOĞRU,"[28091, 28559, 12525, 1876, 11311, 18134, 2814, 24153, 27365, 16736, 23462, 16972, 28350, 4325, 16318, 4888, 8519, 22209, 13426, 18137]","[1.8486754925106652e-05, 0.00020825010142289102, 0.001069126301445067, 3.071818719035946e-05, 2.030369250860531e-05, 0.00027372167096473277, 1.6442494597868063e-05, 9.387641330249608e-05, 5.104190859128721e-05, 0.0017342078499495983, 0.0018675660248845816, 1.6442494597868063e-05, 6.657015910604969e-05, 1.6061610949691385e-05, 4.231559796608053e-05, 0.0005907104350626469, 3.244481558795087e-05, 0.00013765462790615857, 0.00035419364576227963, 1.805851934477687e-05]","[0.00518798828125, 0.98486328125, 0.00978851318359375]","[0.00518798828125, 0.98486328125, 0.00978851318359375]",False,YALAN,RED,False,False,17655.020700000023,"{""K1_input_and_readiness"": 0.04650000118999742, ""K7_context"": 0.0010999992809956893, ""K1_normalization"": 0.008799999704933725, ""K6_advisory"": 20.612400001482456, ""K1_intent"": 0.025200000891345553, ""K2_retrieval"": 183.69579999853158, ""K3_reranker"": 1274.8201999984303, ""K8_weighted_ranking"": 0.9968000013031997, ""K3_candidate_filters"": 0.0018999999156221747, ""K9_advisory_consensus"": 0.013299999409355223, ""K4_nli_and_bypass_check"": 108.25680000016291, ""K5_decision"": 0.4850000004807953}",web_e3b34e7d_1
FACTURK-0119,YALAN,"[2797, 4622, 17381, 25914, 21832, 9192, 24566, 8181, 6688, 17635, 1162, 19995, 19461, 13478, 7592, 24609, 12722, 7301, 29848, 1173]","[0.802710235118866, 0.019870713353157043, 0.012241275049746037, 0.004101929254829884, 0.13546064496040344, 0.015967654064297676, 0.007260866463184357, 0.007999754510819912, 0.0011247574584558606, 1.9073577277595177e-05, 0.0003366621967870742, 0.03185885399580002, 0.0003905139456037432, 2.5466406441410072e-05, 0.7371581792831421, 0.0001344663032796234, 0.002757622394710779, 3.9442587876692414e-05, 2.1278065105434507e-05, 0.015603534877300262]","[0.0044708251953125, 0.99267578125, 0.0029850006103515625]","[0.0044708251953125, 0.99267578125, 0.0029850006103515625]",False,YALAN,RED,False,False,19289.069200000085,"{""K1_input_and_readiness"": 0.07499999992433004, ""K7_context"": 0.0012999989849049598, ""K1_normalization"": 0.00799999907030724, ""K6_advisory"": 21.427400000902708, ""K1_intent"": 0.03130000004603062, ""K2_retrieval"": 164.46540000106324, ""K3_reranker"": 1567.0910999997432, ""K8_weighted_ranking"": 0.9515999990981072, ""K3_candidate_filters"": 0.5526000004465459, ""K9_advisory_consensus"": 0.00520000139658805, ""K4_nli_and_bypass_check"": 256.035399999746, ""K5_decision"": 240.13270000068587}",web_b171ff22_1
FACTURK-0120,YALAN,"[29281, 3460, 13847, 2660, 21914, 23213, 14534, 30022, 29386, 3872, 29174, 12087, 18134, 19307, 2734, 21737, 7818, 13672, 9185, 19555]","[0.0011972112115472555, 0.005980330519378185, 0.00028462239424698055, 0.01615283451974392, 0.25330647826194763, 0.014842416159808636, 0.00010554686014074832, 0.00032503585680387914, 0.020332353189587593, 0.0002982776495628059, 0.004248078912496567, 8.220189192797989e-05, 0.00014653129619546235, 0.00013658353418577462, 0.0011559007689356804, 0.014559517614543438, 0.0011469158343970776, 6.108854722697288e-05, 2.195349043176975e-05, 4.611274925991893e-05]",null,null,False,YETERSİZ VERİ,RET,True,False,25518.564199999673,"{""K1_input_and_readiness"": 0.03870000000461005, ""K7_context"": 0.0013000008038943633, ""K1_normalization"": 0.007900000127847306, ""K6_advisory"": 20.7592000006116, ""K1_intent"": 0.021699999706470408, ""K2_retrieval"": 152.68660000037926, ""K3_reranker"": 2357.7525000000605, ""K8_weighted_ranking"": 1.087500000721775, ""K3_candidate_filters"": 0.0027999994927085936}",
FACTURK-0121,YALAN,"[16187, 22249, 16886, 29705, 12851, 14226, 29107, 14580, 8904, 22456, 18398, 3956, 20781, 3485, 19156, 1756, 13967, 9726, 5185, 5010]","[0.05749328061938286, 0.00220838887616992, 0.0031850608065724373, 0.004182493779808283, 0.003736220533028245, 0.002580904169008136, 0.0002982776495628059, 0.011823395267128944, 0.0018172829877585173, 0.01784873753786087, 0.003854363691061735, 0.06608537584543228, 0.13695430755615234, 0.0003199982165824622, 0.00682395463809371, 0.0005636750720441341, 0.0015247863484546542, 2.161314114346169e-05, 0.0038244836032390594, 0.00019411319226492196]",null,null,False,YETERSİZ VERİ,RET,True,False,26179.333300000508,"{""K1_input_and_readiness"": 0.07420000110869296, ""K7_context"": 0.0013000008038943633, ""K1_normalization"": 0.013699998817173764, ""K6_advisory"": 22.472900000138907, ""K1_intent"": 0.046299999667098746, ""K2_retrieval"": 244.26360000143177, ""K3_reranker"": 2175.6024999995134, ""K8_weighted_ranking"": 1.0119999988091877, ""K3_candidate_filters"": 0.0020000006770715117}",
FACTURK-0122,YALAN,"[12539, 5659, 19997, 21058, 19237, 8347, 487, 15780, 29240, 5898, 1090, 6047, 9366, 9150, 27142, 438, 27017, 5535, 15787, 21518]","[0.010735162533819675, 0.24762336909770966, 0.28746768832206726, 0.00033535013790242374, 0.04146226868033409, 0.0039454069919884205, 0.009449081495404243, 0.0006337125087156892, 0.015306354500353336, 0.07490526884794235, 0.012970386072993279, 0.09367800503969193, 0.37159261107444763, 0.6776873469352722, 0.007149102166295052, 0.04328484088182449, 0.0011116681853309274, 0.002074867021292448, 0.009232213720679283, 0.0007613258203491569]","[0.002239227294921875, 0.99560546875, 0.0021266937255859375]","[0.002239227294921875, 0.99560546875, 0.0021266937255859375]",False,YETERSİZ VERİ,RET,True,False,16945.415300000604,"{""K1_input_and_readiness"": 0.06279999979597051, ""K7_context"": 0.0012000000424450263, ""K1_normalization"": 0.011600001016631722, ""K6_advisory"": 21.263700000417884, ""K1_intent"": 0.031800000215298496, ""K2_retrieval"": 213.3103000014671, ""K3_reranker"": 1582.2613000000274, ""K8_weighted_ranking"": 1.0564000003796536, ""K3_candidate_filters"": 0.5577000010816846, ""K9_advisory_consensus"": 0.005699999746866524, ""K4_nli_and_bypass_check"": 26.24160000050324, ""K5_decision"": 0.14110000120126642}",9150
FACTURK-0123,DOĞRU,"[10651, 15605, 8760, 3595, 8151, 2953, 18454, 24229, 22326, 11310, 19724, 22931, 3806, 18342, 10590, 7694, 19559, 24381, 23061, 29890]","[0.00048029719619080424, 2.355261858610902e-05, 1.6187581422855146e-05, 5.225226777838543e-05, 1.7778551409719512e-05, 3.144662332488224e-05, 5.2662067901110277e-05, 3.095910506090149e-05, 1.6964426322374493e-05, 2.6070309104397893e-05, 5.1845658163074404e-05, 0.00034464316559024155, 1.6964426322374493e-05, 2.9541422918555327e-05, 5.391084778239019e-05, 5.9673518990166485e-05, 0.00017952796770259738, 1.6187581422855146e-05, 4.469407213036902e-05, 4.5044595026411116e-05]",null,null,False,YETERSİZ VERİ,RET,True,False,34376.31390000024,"{""K1_input_and_readiness"": 0.04620000072463881, ""K7_context"": 0.0013000008038943633, ""K1_normalization"": 0.009299999874201603, ""K6_advisory"": 20.886700000119163, ""K1_intent"": 0.021800000467919745, ""K2_retrieval"": 161.82889999981853, ""K3_reranker"": 1102.3604000001797, ""K8_weighted_ranking"": 0.9266000015486497, ""K3_candidate_filters"": 0.0017000002117129043}",
FACTURK-0124,YALAN,"[26587, 30347, 11667, 28347, 27219, 28547, 25127, 2993, 9150, 25098, 15787, 1266, 19035, 28088, 15238, 5512, 25225, 29036, 22504, 15402]","[0.10856642574071884, 0.8879840970039368, 0.07850097864866257, 0.08240150660276413, 0.05644402652978897, 0.12700155377388, 0.03594832494854927, 0.028167473152279854, 0.020371293649077415, 0.0008559006964787841, 0.0011879054363816977, 0.0032224843744188547, 0.00272558256983757, 0.009936418384313583, 0.0007702931761741638, 0.012920473702251911, 0.0017073675990104675, 0.00010804955672938377, 0.06903792917728424, 0.00045474787475541234]","[0.0006070137023925781, 0.0003616809844970703, 0.9990234375]","[0.0006070137023925781, 0.0003616809844970703, 0.9990234375]",False,YALAN,RED,False,False,2217.997899999318,"{""K1_input_and_readiness"": 0.05330000021785963, ""K7_context"": 0.0011000010999850929, ""K1_normalization"": 0.01049999991664663, ""K6_advisory"": 21.11229999900388, ""K1_intent"": 0.032300000384566374, ""K2_retrieval"": 154.02420000100392, ""K3_reranker"": 1931.6042000009475, ""K8_weighted_ranking"": 0.9351999997306848, ""K3_candidate_filters"": 0.2657000004546717, ""K9_advisory_consensus"": 0.004800000169780105, ""K4_nli_and_bypass_check"": 67.4607000000833, ""K5_decision"": 40.0102000003244}",30347
FACTURK-0125,DOĞRU,"[12715, 2720, 23188, 16369, 3699, 15546, 26306, 28144, 12864, 29036, 11125, 22914, 23090, 9756, 29265, 3104, 18133, 8897, 909, 28442]","[0.9997950196266174, 0.00042887922609224916, 0.0003770285693462938, 0.00018814207578543574, 3.144662332488224e-05, 0.026105914264917374, 0.0029008574783802032, 0.01808999478816986, 0.012100386433303356, 1.7778551409719512e-05, 0.0487670972943306, 0.0008295892039313912, 0.0002591582597233355, 1.6061610949691385e-05, 0.0031115086749196053, 0.0001195985751110129, 0.00027586790383793414, 0.000437334441812709, 0.00021654405281879008, 4.757645365316421e-05]",null,"[1.0, 0.0, 0.0]",True,DOĞRU,ONAY,False,False,1514.2940999994607,"{""K1_input_and_readiness"": 0.038500000300700776, ""K7_context"": 0.0008999995770864189, ""K1_normalization"": 0.007100001312210225, ""K6_advisory"": 20.373999999719672, ""K1_intent"": 0.02220000169472769, ""K2_retrieval"": 176.5835000005609, ""K3_reranker"": 1312.9848999997193, ""K8_weighted_ranking"": 0.9270000009564683, ""K3_candidate_filters"": 0.26950000028591603, ""K9_advisory_consensus"": 0.005100000635138713, ""K4_nli_and_bypass_check"": 0.27940000109083485, ""K5_decision"": 0.25690000074973796}",12715
FACTURK-0126,DOĞRU,"[9119, 19662, 23230, 15235, 21520, 13820, 13644, 12688, 10667, 676, 20628, 1147, 26014, 25659, 28915, 19432, 22737, 1734, 6218, 11379]","[0.6952345967292786, 0.7490872144699097, 0.05174953490495682, 0.024283869192004204, 0.0015307451831176877, 2.161314114346169e-05, 0.00028462239424698055, 0.0013198634842410684, 0.002736221067607403, 0.010408313944935799, 1.967902426258661e-05, 0.00013135180051904172, 0.0012448433553799987, 1.805851934477687e-05, 9.685608529252931e-05, 0.002580904169008136, 1.6314539607265033e-05, 0.00010071400902234018, 0.017176708206534386, 0.0010403185151517391]","[0.0028362274169921875, 0.99609375, 0.0011959075927734375]","[0.0028362274169921875, 0.99609375, 0.0011959075927734375]",False,YALAN,RED,False,False,1846.5290000003733,"{""K1_input_and_readiness"": 0.03889999970851932, ""K7_context"": 0.0010000003385357559, ""K1_normalization"": 0.0075000007200287655, ""K6_advisory"": 20.84900000045309, ""K1_intent"": 0.026100000468431972, ""K2_retrieval"": 152.57550000023912, ""K3_reranker"": 1262.1142999996664, ""K8_weighted_ranking"": 0.94609999905515, ""K3_candidate_filters"": 0.5445999995572492, ""K9_advisory_consensus"": 0.004999999873689376, ""K4_nli_and_bypass_check"": 215.96089999911783, ""K5_decision"": 191.02449999991222}",19662
FACTURK-0127,YALAN,"[22334, 27788, 4506, 12839, 28563, 20747, 29121, 23205, 6377, 17727, 17546, 848, 7517, 10970, 20051, 29643, 24584, 14452, 6055, 12587]","[0.007204769179224968, 0.0005254230927675962, 0.20275871455669403, 0.0032350558321923018, 0.030329255387187004, 2.6688529032981023e-05, 0.019345102831721306, 0.0017207354540005326, 0.002746900776401162, 0.02013874053955078, 2.586742994026281e-05, 2.1444948288262822e-05, 0.0001956353517016396, 2.0462934116949327e-05, 0.0026730059180408716, 0.004331501666456461, 0.002511463360860944, 0.00032503585680387914, 0.0005233757547102869, 0.004736748989671469]",null,null,False,YETERSİZ VERİ,RET,True,False,10673.239800000374,"{""K1_input_and_readiness"": 0.056200000472017564, ""K7_context"": 0.0012000000424450263, ""K1_normalization"": 0.011000000085914508, ""K6_advisory"": 19.67530000001716, ""K1_intent"": 0.03060000017285347, ""K2_retrieval"": 203.38489999994636, ""K3_reranker"": 2060.647299998891, ""K8_weighted_ranking"": 1.1016999997082166, ""K3_candidate_filters"": 0.002599999788799323}",
FACTURK-0128,DOĞRU,"[8680, 2959, 21756, 28795, 14162, 18170, 8377, 27894, 228, 18569, 25225, 96, 21222, 21518, 15487, 635, 22331, 30136, 27443, 9959]","[0.009633651934564114, 0.0024154833517968655, 0.0002472934720572084, 0.0020911062601953745, 0.0005838325014337897, 4.101373633602634e-05, 4.400118632474914e-05, 0.0003301527176517993, 0.00017536994710098952, 0.0003697388747241348, 0.00010804955672938377, 0.0002396868512732908, 1.6061610949691385e-05, 0.0002802109520416707, 1.7366719475830905e-05, 0.01851104572415352, 3.4537253668531775e-05, 7.843789353501052e-05, 0.009974920190870762, 1.7231572201126255e-05]","[0.0027141571044921875, 0.9951171875, 0.0022716522216796875]","[0.0027141571044921875, 0.9951171875, 0.0022716522216796875]",False,YETERSİZ VERİ,RET,True,False,15141.518899999937,"{""K1_input_and_readiness"": 0.07000000005064066, ""K7_context"": 0.0010999992809956893, ""K1_normalization"": 0.010199999451288022, ""K6_advisory"": 22.652999999991152, ""K1_intent"": 0.03590000051190145, ""K2_retrieval"": 189.77070000073581, ""K3_reranker"": 1566.080000000511, ""K8_weighted_ranking"": 0.9645999998610932, ""K3_candidate_filters"": 0.0017999991541728377, ""K9_advisory_consensus"": 0.013099999705445953, ""K4_nli_and_bypass_check"": 1575.8292999998957, ""K5_decision"": 1468.9546000008704}",web_e90c3f1f_0
FACTURK-0129,DOĞRU,"[28243, 11814, 10694, 12, 22144, 21277, 19300, 6641, 5132, 23030, 11854, 22441, 13233, 18032, 22700, 29985, 29285, 20444, 7, 9810]","[0.011823395267128944, 0.011419613845646381, 0.0004013350699096918, 5.1845658163074404e-05, 2.411113746347837e-05, 0.00045121065340936184, 1.7097478121286258e-05, 0.09451042860746384, 0.006666931323707104, 0.00035557945375330746, 1.6061610949691385e-05, 6.108854722697288e-05, 1.6964426322374493e-05, 0.005934066604822874, 0.0005013742484152317, 0.0006411777576431632, 0.0002472934720572084, 2.2827996872365475e-05, 0.002296159043908119, 0.0005747861578129232]","[0.125, 0.873046875, 0.0020008087158203125]","[0.125, 0.873046875, 0.0020008087158203125]",False,YETERSİZ VERİ,RET,True,False,20825.714399999924,"{""K1_input_and_readiness"": 0.0441999982285779, ""K7_context"": 0.0010000003385357559, ""K1_normalization"": 0.008499999239575118, ""K6_advisory"": 20.7711000002746, ""K1_intent"": 0.02789999962260481, ""K2_retrieval"": 163.60789999998815, ""K3_reranker"": 1288.5158999997657, ""K8_weighted_ranking"": 1.0427999986859504, ""K3_candidate_filters"": 0.0018999999156221747, ""K9_advisory_consensus"": 0.012900000001536682, ""K4_nli_and_bypass_check"": 177.16629999995348, ""K5_decision"": 98.10850000030769}",web_74301e55_2
FACTURK-0130,DOĞRU,"[6386, 27763, 18172, 6553, 5998, 6760, 29080, 16567, 4885, 27830, 28419, 12587, 27355, 23936, 29862, 1507, 4267, 13261, 7228, 6980]","[0.0018602986820042133, 0.0030753696337342262, 0.04107588902115822, 0.0006462032906711102, 0.0006487307837232947, 2.0785171727766283e-05, 0.0036499870475381613, 1.683241134742275e-05, 4.400118632474914e-05, 0.0016103574307635427, 0.045777276158332825, 0.0023141263518482447, 0.0011972112115472555, 0.0005233757547102869, 0.001052568550221622, 0.0020911062601953745, 0.00023050670279189944, 2.732141365413554e-05, 1.6187581422855146e-05, 2.6070309104397893e-05]",null,null,False,YETERSİZ VERİ,RET,True,False,3096.147000000201,"{""K1_input_and_readiness"": 0.05310000051395036, ""K7_context"": 0.0012000000424450263, ""K1_normalization"": 0.008400000297115184, ""K6_advisory"": 20.659299998442293, ""K1_intent"": 0.026499999876250513, ""K2_retrieval"": 160.8081000013044, ""K3_reranker"": 1275.6171000000904, ""K8_weighted_ranking"": 0.9964000000763917, ""K3_candidate_filters"": 0.001999998858082108}",
FACTURK-0131,DOĞRU,"[4096, 16306, 13420, 13698, 15585, 15179, 29763, 10479, 21898, 4775, 20151, 2148, 14485, 6205, 18881, 7278, 18071, 25429, 27695, 1127]","[0.010130411013960838, 0.0024343819823116064, 0.00029137005913071334, 2.318747829122003e-05, 1.9988918211311102e-05, 6.657015910604969e-05, 4.1335399146191776e-05, 1.657145367062185e-05, 2.2125668692751788e-05, 0.00020502213737927377, 0.00011323437502142042, 1.7097478121286258e-05, 3.373722574906424e-05, 0.00020988310279790312, 0.00011323437502142042, 3.9135655242716894e-05, 0.004086002707481384, 0.0003006163169629872, 1.6061610949691385e-05, 1.7640199075685814e-05]","[0.020751953125, 0.4111328125, 0.56787109375]","[0.020751953125, 0.4111328125, 0.56787109375]",False,YALAN,RED,False,False,10204.890500001056,"{""K1_input_and_readiness"": 0.04710000030172523, ""K7_context"": 0.0011000010999850929, ""K1_normalization"": 0.009900000804918818, ""K6_advisory"": 22.271800000453368, ""K1_intent"": 0.05290000081004109, ""K2_retrieval"": 165.26449999946635, ""K3_reranker"": 1233.2556000001205, ""K8_weighted_ranking"": 1.003899998977431, ""K3_candidate_filters"": 0.002099999619531445, ""K9_advisory_consensus"": 0.012799999240087345, ""K4_nli_and_bypass_check"": 43.53789999913715, ""K5_decision"": 0.4580000004352769}",web_d3d2ac34_0
FACTURK-0132,YALAN,"[22791, 12263, 22149, 18967, 28392, 13927, 26114, 7430, 29016, 14255, 22277, 18697, 19520, 23912, 19238, 10050, 15024, 26861, 24615, 24055]","[0.007039045449346304, 0.009708477184176445, 2.1278065105434507e-05, 0.013376603834331036, 0.0012255674228072166, 0.00013238185783848166, 0.0012065897462889552, 8.614650869276375e-05, 5.738759500673041e-05, 5.391084778239019e-05, 2.0785171727766283e-05, 0.00014091856428422034, 0.0024060888681560755, 2.8632557587116025e-05, 0.0011559007689356804, 1.6061610949691385e-05, 0.0029810327105224133, 1.805851934477687e-05, 1.6187581422855146e-05, 0.00013552077871281654]","[0.0029392242431640625, 0.99609375, 0.0008015632629394531]","[0.0029392242431640625, 0.99609375, 0.0008015632629394531]",False,YALAN,RED,False,False,12882.466000000932,"{""K1_input_and_readiness"": 0.04889999945589807, ""K7_context"": 0.0010999992809956893, ""K1_normalization"": 0.009100000170292333, ""K6_advisory"": 21.01320000110718, ""K1_intent"": 0.06279999979597051, ""K2_retrieval"": 165.29420000006212, ""K3_reranker"": 1330.016899999464, ""K8_weighted_ranking"": 0.9483000012551202, ""K3_candidate_filters"": 0.002099999619531445, ""K9_advisory_consensus"": 0.013099999705445953, ""K4_nli_and_bypass_check"": 101.22819999924104, ""K5_decision"": 0.4825999985769158}",web_e81d2faa_1
FACTURK-0133,DOĞRU,"[6132, 26308, 9730, 14189, 17729, 2146, 11414, 24289, 27651, 14817, 6823, 882, 26178, 13225, 3844, 12897, 25503, 24673, 7355, 16976]","[1.6442494597868063e-05, 0.00025714197545312345, 1.657145367062185e-05, 0.019419347867369652, 0.0006070755189284682, 0.007577241398394108, 1.6314539607265033e-05, 1.6187581422855146e-05, 0.0002131875662598759, 1.9988918211311102e-05, 1.6061610949691385e-05, 1.6314539607265033e-05, 1.6187581422855146e-05, 1.7097478121286258e-05, 1.683241134742275e-05, 1.657145367062185e-05, 1.6314539607265033e-05, 1.6314539607265033e-05, 1.6061610949691385e-05, 2.4876489987946115e-05]",null,null,False,YETERSİZ VERİ,RET,True,False,17718.541000000187,"{""K1_input_and_readiness"": 0.041200000850949436, ""K7_context"": 0.0012000000424450263, ""K1_normalization"": 0.006800000846851617, ""K6_advisory"": 22.257599999647937, ""K1_intent"": 0.027099998987978324, ""K2_retrieval"": 148.75169999868376, ""K3_reranker"": 1045.7626999996137, ""K8_weighted_ranking"": 0.9625999991840217, ""K3_candidate_filters"": 0.0018999999156221747}",
FACTURK-0134,DOĞRU,"[4929, 15860, 1632, 4441, 252, 249, 16304, 13106, 3328, 3266, 5917, 11794, 16999, 101, 17608, 29203, 51, 7237, 9640, 16233]","[0.005119676236063242, 0.0004044814850203693, 3.4001819585682824e-05, 1.6442494597868063e-05, 0.00015720345254521817, 8.957788668340072e-05, 0.00032503585680387914, 0.0004494523163884878, 0.0009735437924973667, 0.00015356240328401327, 0.0003225071995984763, 3.024195939360652e-05, 3.1941821362124756e-05, 4.400118632474914e-05, 1.6187581422855146e-05, 1.6187581422855146e-05, 3.975192521465942e-05, 0.0009510130621492863, 0.0003611769643612206, 1.6187581422855146e-05]","[0.28857421875, 0.70751953125, 0.00395965576171875]","[0.28857421875, 0.70751953125, 0.00395965576171875]",False,YALAN,RED,False,False,16944.0938000007,"{""K1_input_and_readiness"": 0.0411000000895001, ""K7_context"": 0.0009000013960758224, ""K1_normalization"": 0.00819999877421651, ""K6_advisory"": 65.93770000108634, ""K1_intent"": 0.024200000552809797, ""K2_retrieval"": 213.96540000023379, ""K3_reranker"": 1637.7702000008867, ""K8_weighted_ranking"": 1.023999999233638, ""K3_candidate_filters"": 0.0018999999156221747, ""K9_advisory_consensus"": 0.01300000076298602, ""K4_nli_and_bypass_check"": 168.93399999935355, ""K5_decision"": 90.12479999910283}",web_ce3a3159_0
FACTURK-0135,DOĞRU,"[26308, 9635, 14917, 24289, 9730, 2146, 15631, 14189, 26178, 16493, 29037, 10297, 27200, 19084, 6166, 2319, 4489, 21673, 21168, 14817]","[4.5044595026411116e-05, 0.0007437028689309955, 2.977311669383198e-05, 3.0006618544575758e-05, 1.6442494597868063e-05, 0.0003150386910419911, 1.892514956125524e-05, 0.0011649561347439885, 1.6442494597868063e-05, 1.657145367062185e-05, 1.6442494597868063e-05, 0.0005274784052744508, 1.6187581422855146e-05, 1.6061610949691385e-05, 0.00838045310229063, 2.449082603561692e-05, 3.1201914680423215e-05, 1.6964426322374493e-05, 1.6187581422855146e-05, 1.6442494597868063e-05]","[0.0218658447265625, 0.9775390625, 0.00039649009704589844]","[0.0218658447265625, 0.9775390625, 0.00039649009704589844]",False,YALAN,RED,False,False,21201.87900000019,"{""K1_input_and_readiness"": 0.03460000152699649, ""K7_context"": 0.0010999992809956893, ""K1_normalization"": 0.006399999620043673, ""K6_advisory"": 20.615400000679074, ""K1_intent"": 0.020899999071843922, ""K2_retrieval"": 145.24139999957697, ""K3_reranker"": 979.9005999993824, ""K8_weighted_ranking"": 0.9563999992678873, ""K3_candidate_filters"": 0.002099999619531445, ""K9_advisory_consensus"": 0.01320000046689529, ""K4_nli_and_bypass_check"": 368.06390000128886, ""K5_decision"": 272.708499998771}",web_a0950ed9_0
FACTURK-0136,DOĞRU,"[26917, 8611, 22295, 15561, 18562, 20689, 30144, 10919, 21508, 22219, 1536, 30006, 10476, 2690, 11686, 27788, 12371, 18202, 21789, 28373]","[0.9982993006706238, 2.4682904040673748e-05, 9.7615658887662e-05, 8.818923379294574e-05, 0.004700060468167067, 2.6480842279852368e-05, 0.0004565269045997411, 0.0001559802913106978, 5.920916373725049e-05, 1.7097478121286258e-05, 2.1278065105434507e-05, 0.00011866796558024362, 1.9373936083866283e-05, 0.0003640086797531694, 1.6442494597868063e-05, 0.0013302015140652657, 5.920916373725049e-05, 0.0015427322359755635, 1.6061610949691385e-05, 0.0018748616566881537]",null,"[1.0, 0.0, 0.0]",True,DOĞRU,ONAY,False,False,1450.5640999996103,"{""K1_input_and_readiness"": 0.03400000059627928, ""K7_context"": 0.0013000008038943633, ""K1_normalization"": 0.005699999746866524, ""K6_advisory"": 20.501699998931144, ""K1_intent"": 0.020400000721565448, ""K2_retrieval"": 141.55730000129552, ""K3_reranker"": 1284.2542999987927, ""K8_weighted_ranking"": 1.003600000331062, ""K3_candidate_filters"": 0.27749999935622327, ""K9_advisory_consensus"": 0.004999999873689376, ""K4_nli_and_bypass_check"": 0.15630000052624382, ""K5_decision"": 0.19299999985378236}",26917
FACTURK-0137,YALAN,"[9507, 28629, 3451, 26891, 25228, 29881, 27698, 16150, 1499, 9150, 21467, 25098, 11125, 2858, 1701, 27136, 9220, 17721, 2993, 27696]","[0.4928402900695801, 0.12787027657032013, 0.11930549889802933, 0.013480102643370628, 0.7293270230293274, 0.257951945066452, 0.3396085798740387, 0.0634823590517044, 0.00651349825784564, 0.06301946938037872, 0.07211220264434814, 0.003678509034216404, 0.324556440114975, 0.002704429440200329, 0.052134256809949875, 0.002560870721936226, 0.11240508407354355, 0.07892588526010513, 0.1257079392671585, 0.06730107218027115]","[0.03594970703125, 0.88134765625, 0.08258056640625]","[0.03594970703125, 0.88134765625, 0.08258056640625]",False,YETERSİZ VERİ,RET,True,False,21149.196100001063,"{""K1_input_and_readiness"": 0.06100000064179767, ""K7_context"": 0.0018999999156221747, ""K1_normalization"": 0.012000000424450263, ""K6_advisory"": 21.21870000155468, ""K1_intent"": 0.025299999833805487, ""K2_retrieval"": 162.57760000007693, ""K3_reranker"": 1794.1735000003973, ""K8_weighted_ranking"": 1.02100000003702, ""K3_candidate_filters"": 1.1307000004308065, ""K9_advisory_consensus"": 0.005600000804406591, ""K4_nli_and_bypass_check"": 240.83339999924647, ""K5_decision"": 209.53970000118716}",25228
FACTURK-0138,YALAN,"[21065, 12157, 5506, 22743, 6499, 2442, 7295, 19448, 6336, 11706, 20685, 704, 23882, 12146, 6538, 26727, 28424, 4410, 3213, 9503]","[0.00079783343244344, 0.0007916296017356217, 0.0002002737601287663, 1.9373936083866283e-05, 0.00415008096024394, 1.805851934477687e-05, 2.094818773912266e-05, 0.00016603845870122313, 1.657145367062185e-05, 0.003087369492277503, 1.9988918211311102e-05, 0.0029464049730449915, 0.00011147904297104105, 0.0014381353976204991, 2.710879925871268e-05, 0.0011291546979919076, 0.0007124459953047335, 0.0002891032490879297, 0.00046190584544092417, 1.9073577277595177e-05]","[0.99365234375, 0.006031036376953125, 0.0003814697265625]","[0.99365234375, 0.006031036376953125, 0.0003814697265625]",False,DOĞRU,ONAY,False,False,14295.305099998586,"{""K1_input_and_readiness"": 0.055199998314492404, ""K7_context"": 0.0012999989849049598, ""K1_normalization"": 0.009999999747378752, ""K6_advisory"": 22.45969999967201, ""K1_intent"": 0.029800001357216388, ""K2_retrieval"": 183.33480000001146, ""K3_reranker"": 2205.937199998516, ""K8_weighted_ranking"": 1.0542999989411328, ""K3_candidate_filters"": 0.0021000014385208488, ""K9_advisory_consensus"": 0.012600001355167478, ""K4_nli_and_bypass_check"": 807.8554999992775, ""K5_decision"": 744.7587000006024}",web_4ddb0f92_0
FACTURK-0139,DOĞRU,"[453, 373, 29892, 4102, 11509, 13268, 6855, 2140, 25796, 984, 5291, 2792, 3644, 24002, 22840, 28129, 1130, 22356, 25726, 12713]","[4.757645365316421e-05, 0.0006070755189284682, 9.610241977497935e-05, 0.00015356240328401327, 0.11930549889802933, 0.00018814207578543574, 2.6274772608303465e-05, 6.922183820279315e-05, 3.1693256460130215e-05, 0.0017614696407690644, 0.000706905557308346, 0.0005193048855289817, 5.225226777838543e-05, 0.034358687698841095, 7.9673009167891e-05, 0.00035557945375330746, 0.0008864988922141492, 1.6314539607265033e-05, 0.0012497093994170427, 1.6964426322374493e-05]","[0.002727508544921875, 0.990234375, 0.007053375244140625]","[0.002727508544921875, 0.990234375, 0.007053375244140625]",False,YETERSİZ VERİ,RET,True,False,18493.9231999997,"{""K1_input_and_readiness"": 0.04430000080901664, ""K7_context"": 0.0013000008038943633, ""K1_normalization"": 0.008800001523923129, ""K6_advisory"": 22.335800000291783, ""K1_intent"": 0.02320000021427404, ""K2_retrieval"": 154.22460000081628, ""K3_reranker"": 1299.1962999985844, ""K8_weighted_ranking"": 0.9727000015118392, ""K3_candidate_filters"": 0.001999998858082108, ""K9_advisory_consensus"": 0.012600001355167478, ""K4_nli_and_bypass_check"": 264.5202000003337, ""K5_decision"": 186.28689999968628}",web_5765bfe2_1
FACTURK-0140,YALAN,"[81, 28, 156, 247, 12851, 29239, 2953, 27663, 8904, 1838, 17481, 13967, 1111, 29338, 4549, 29090, 4224, 17197, 25162, 20781]","[0.5354627966880798, 0.4037431478500366, 0.10932482779026031, 0.11260009557008743, 1.892514956125524e-05, 6.814872176619247e-05, 7.368592923739925e-05, 2.4876489987946115e-05, 7.368592923739925e-05, 0.000638679601252079, 8.092757343547419e-05, 0.0001387341326335445, 3.852893496514298e-05, 0.0019043302163481712, 1.7640199075685814e-05, 4.469407213036902e-05, 0.0006411777576431632, 5.2662067901110277e-05, 5.34913269802928e-05, 8.092757343547419e-05]","[0.027984619140625, 0.96875, 0.0030956268310546875]","[0.027984619140625, 0.96875, 0.0030956268310546875]",False,YETERSİZ VERİ,RET,True,False,12313.724699999511,"{""K1_input_and_readiness"": 0.042499999835854396, ""K7_context"": 0.0010999992809956893, ""K1_normalization"": 0.008699998943484388, ""K6_advisory"": 20.714399999633315, ""K1_intent"": 0.022700000045006163, ""K2_retrieval"": 163.91730000032112, ""K3_reranker"": 1493.6848000015743, ""K8_weighted_ranking"": 1.0693000003811903, ""K3_candidate_filters"": 0.5203000000619795, ""K9_advisory_consensus"": 0.005300000339047983, ""K4_nli_and_bypass_check"": 137.45120000021416, ""K5_decision"": 121.19960000018182}",81
FACTURK-0141,DOĞRU,"[5257, 2719, 8320, 24669, 17519, 577, 17334, 20080, 23475, 22395, 9722, 29412, 5393, 20845, 23132, 13440, 12704, 13080, 18517, 21778]","[0.01353214867413044, 0.0753123015165329, 0.03810661658644676, 0.13106197118759155, 0.007518718484789133, 0.0017342078499495983, 0.015967654064297676, 0.0004459562187548727, 0.0005213363328948617, 0.003350423648953438, 0.4830387830734253, 4.985958003089763e-05, 0.0004974745097570121, 0.06418264657258987, 6.761842087144032e-05, 0.00010554686014074832, 0.006026951130479574, 0.004433765076100826, 1.657145367062185e-05, 0.10429472476243973]","[0.0006356239318847656, 0.99072265625, 0.00850677490234375]","[0.0006356239318847656, 0.99072265625, 0.00850677490234375]",False,YALAN,RED,False,False,16916.55340000034,"{""K1_input_and_readiness"": 0.05109999983687885, ""K7_context"": 0.0010000003385357559, ""K1_normalization"": 0.0106999996205559, ""K6_advisory"": 22.376900000381283, ""K1_intent"": 0.0397000003431458, ""K2_retrieval"": 175.41710000114108, ""K3_reranker"": 2288.7324999992416, ""K8_weighted_ranking"": 0.9768999989319127, ""K3_candidate_filters"": 0.2817999993567355, ""K9_advisory_consensus"": 0.004900000931229442, ""K4_nli_and_bypass_check"": 17.8948999982822, ""K5_decision"": 0.22390000049199443}",web_61f0cc3b_1
FACTURK-0142,YALAN,"[15675, 23213, 6775, 9003, 25605, 5889, 15848, 28032, 8347, 12726, 14758, 19744, 6336, 27943, 26587, 13341, 13847, 17035, 26694, 13077]","[0.002992665395140648, 0.0001699752756394446, 0.006314364727586508, 0.000317508791340515, 0.0027683854568749666, 0.057918086647987366, 0.004231587518006563, 0.1149633526802063, 0.0030515100806951523, 0.05561760812997818, 0.008950711227953434, 3.9135655242716894e-05, 0.2906787395477295, 0.0015548133524134755, 0.001987774157896638, 0.0001699752756394446, 0.02190636843442917, 0.0003006163169629872, 0.08678673207759857, 0.0015070488443598151]",null,null,False,YETERSİZ VERİ,RET,True,False,17656.85780000058,"{""K1_input_and_readiness"": 0.05859999873791821, ""K7_context"": 0.0012000000424450263, ""K1_normalization"": 0.012000000424450263, ""K6_advisory"": 19.874499999787076, ""K1_intent"": 0.03339999966556206, ""K2_retrieval"": 212.35109999906854, ""K3_reranker"": 2317.06000000122, ""K8_weighted_ranking"": 1.0139999994862592, ""K3_candidate_filters"": 0.002099999619531445}",
FACTURK-0143,DOĞRU,"[8560, 27311, 13070, 27133, 10235, 21320, 29684, 21689, 21260, 2568, 3622, 19477, 28673, 23928, 18168, 22012, 6376, 9351, 26777, 11335]","[0.9630224108695984, 0.002225670963525772, 0.0022170129232108593, 0.01196109689772129, 0.0006411777576431632, 3.852893496514298e-05, 8.092757343547419e-05, 1.9988918211311102e-05, 0.0014269596431404352, 0.0007524627726525068, 0.0023141263518482447, 9.242113446816802e-05, 6.814872176619247e-05, 0.0009290033485740423, 0.0003150386910419911, 0.00035557945375330746, 3.6764631659025326e-05, 3.4808123018592596e-05, 2.7535690605873242e-05, 0.0002415662893326953]","[0.9990234375, 0.0002970695495605469, 0.0005049705505371094]","[0.9990234375, 0.0002970695495605469, 0.0005049705505371094]",False,DOĞRU,ONAY,False,False,2505.760399999417,"{""K1_input_and_readiness"": 0.04939999962516595, ""K7_context"": 0.0017000002117129043, ""K1_normalization"": 0.008500001058564521, ""K6_advisory"": 20.920200000546174, ""K1_intent"": 0.02559999848017469, ""K2_retrieval"": 165.0073999990127, ""K3_reranker"": 1794.3977000013547, ""K8_weighted_ranking"": 0.9539999991829973, ""K3_candidate_filters"": 0.27570000020205043, ""K9_advisory_consensus"": 0.004999999873689376, ""K4_nli_and_bypass_check"": 279.20040000026347, ""K5_decision"": 242.34450000039942}",8560
FACTURK-0144,YALAN,"[487, 6047, 8347, 21058, 22218, 13989, 257, 29240, 4682, 21822, 30219, 2874, 19258, 1272, 22050, 2498, 2959, 19827, 19237, 15874]","[0.8293538093566895, 0.22253112494945526, 0.008315778337419033, 0.00041894835885614157, 0.12095703184604645, 0.1378803551197052, 0.00048029719619080424, 0.004848532844334841, 0.00045474787475541234, 0.026056302711367607, 0.09859886765480042, 0.04008735716342926, 0.03527754917740822, 0.10052486509084702, 0.5560681223869324, 0.007149102166295052, 0.9527502655982971, 0.03155902028083801, 0.011288073845207691, 0.000552778656128794]","[0.0008454322814941406, 0.99853515625, 0.0005354881286621094]","[0.0008454322814941406, 0.99853515625, 0.0005354881286621094]",False,YETERSİZ VERİ,RET,True,False,15255.73439999971,"{""K1_input_and_readiness"": 0.05830000009154901, ""K7_context"": 0.0010000003385357559, ""K1_normalization"": 0.011000000085914508, ""K6_advisory"": 20.281900000554742, ""K1_intent"": 0.0304000004689442, ""K2_retrieval"": 228.8005999998859, ""K3_reranker"": 1910.0873000006686, ""K8_weighted_ranking"": 0.9329000004072441, ""K3_candidate_filters"": 0.8333000005222857, ""K9_advisory_consensus"": 0.005600000804406591, ""K4_nli_and_bypass_check"": 18.1631000014022, ""K5_decision"": 0.1520000005257316}",2959
FACTURK-0145,YALAN,"[686, 20525, 16193, 12882, 1493, 3408, 28437, 577, 27974, 22943, 1860, 21547, 27847, 1499, 12504, 4452, 2660, 13048, 8304, 21154]","[0.001299427472986281, 1.6061610949691385e-05, 0.0003275842755101621, 7.484622619813308e-05, 0.0010242064017802477, 0.0002472934720572084, 0.0006411777576431632, 0.00015356240328401327, 7.086326513672248e-05, 0.0020507434383034706, 0.0007264875457622111, 0.000192602863535285, 0.005021149758249521, 0.008093290030956268, 1.6061610949691385e-05, 0.00046010586083866656, 3.7931622500764206e-05, 0.0011116681853309274, 0.0003905139456037432, 1.9833367332466878e-05]",null,null,False,YETERSİZ VERİ,RET,True,False,14238.180099999227,"{""K1_input_and_readiness"": 0.05310000051395036, ""K7_context"": 0.0016000012692529708, ""K1_normalization"": 0.008600000001024455, ""K6_advisory"": 22.318799999993644, ""K1_intent"": 0.04509999962465372, ""K2_retrieval"": 162.96080000029178, ""K3_reranker"": 1302.4727999982133, ""K8_weighted_ranking"": 1.0690999988582917, ""K3_candidate_filters"": 0.002200000380980782}",
FACTURK-0146,YALAN,"[9220, 22218, 6047, 1090, 15787, 26378, 27696, 9150, 25225, 25169, 1272, 11479, 15780, 29403, 28629, 13390, 19237, 23344, 29050, 25228]","[0.08570927381515503, 0.1268933266401291, 0.0012303582625463605, 0.001674399245530367, 0.0019723358564078808, 0.04123002663254738, 0.08151976019144058, 0.13273923099040985, 0.01009131595492363, 0.004905405919998884, 0.01678548939526081, 0.001747785834595561, 0.0031603530514985323, 0.3555510938167572, 0.010489090345799923, 0.0011832797899842262, 0.005865338258445263, 0.007289077155292034, 0.0044683837331831455, 0.025662705302238464]","[0.0009665489196777344, 0.998046875, 0.001186370849609375]","[0.0009665489196777344, 0.998046875, 0.001186370849609375]",False,YETERSİZ VERİ,RET,True,False,15747.33980000019,"{""K1_input_and_readiness"": 0.06440000106522348, ""K7_context"": 0.0010000003385357559, ""K1_normalization"": 0.012599999536178075, ""K6_advisory"": 24.768799999947078, ""K1_intent"": 0.033799999073380604, ""K2_retrieval"": 211.12429999993765, ""K3_reranker"": 1694.2087999996147, ""K8_weighted_ranking"": 0.8875000003172318, ""K3_candidate_filters"": 0.2795000000332948, ""K9_advisory_consensus"": 0.004800000169780105, ""K4_nli_and_bypass_check"": 18.21600000039325, ""K5_decision"": 0.15330000132962596}",29403
FACTURK-0147,YALAN,"[16651, 3405, 17134, 4452, 19995, 12954, 2498, 20240, 4421, 16620, 22320, 22504, 18535, 4767, 17947, 6328, 27889, 17074, 19118, 15203]","[0.9726234674453735, 1.7640199075685814e-05, 1.6442494597868063e-05, 1.67014204635052e-05, 6.352188938762993e-05, 0.002736221067607403, 0.010735162533819675, 0.0009075025445781648, 0.0001740054285619408, 2.8857117285951972e-05, 0.002757622394710779, 0.01196109689772129, 0.0001699752756394446, 2.0785171727766283e-05, 1.6314539607265033e-05, 1.683241134742275e-05, 1.8342892872169614e-05, 0.00018667821132112294, 3.024195939360652e-05, 1.6061610949691385e-05]","[0.316650390625, 0.464111328125, 0.219482421875]","[0.316650390625, 0.464111328125, 0.219482421875]",False,YETERSİZ VERİ,RET,True,False,24479.125199999544,"{""K1_input_and_readiness"": 0.05149999924469739, ""K7_context"": 0.0012999989849049598, ""K1_normalization"": 0.009999999747378752, ""K6_advisory"": 22.219599999516504, ""K1_intent"": 0.029000000722589903, ""K2_retrieval"": 169.91910000069765, ""K3_reranker"": 2000.5545000003622, ""K8_weighted_ranking"": 1.0073000012198463, ""K3_candidate_filters"": 0.28109999948355835, ""K9_advisory_consensus"": 0.00520000139658805, ""K4_nli_and_bypass_check"": 257.9640999992989, ""K5_decision"": 245.8861999984947}",16651
FACTURK-0148,YALAN,"[20653, 6268, 12210, 21599, 26086, 9476, 7517, 6841, 20108, 16459, 13473, 22456, 14814, 9810, 28264, 20389, 5032, 25049, 23249, 10289]","[3.8831109122838825e-05, 0.006168995052576065, 0.00651349825784564, 0.009746103547513485, 1.750292540236842e-05, 0.0006745558930560946, 0.00012830943160224706, 0.03321117162704468, 2.229919846286066e-05, 0.00011412239109631628, 0.0012743262341246009, 0.0008072304772213101, 8.029783930396661e-05, 0.00045121065340936184, 7.141901005525142e-05, 9.242113446816802e-05, 2.710879925871268e-05, 0.00048406238784082234, 1.7231572201126255e-05, 7.722192094661295e-05]",null,null,False,YETERSİZ VERİ,RET,True,False,13252.15019999996,"{""K1_input_and_readiness"": 0.05020000025979243, ""K7_context"": 0.0013999997463542968, ""K1_normalization"": 0.009299999874201603, ""K6_advisory"": 20.82449999943492, ""K1_intent"": 0.027399999453336932, ""K2_retrieval"": 166.42510000019684, ""K3_reranker"": 1692.8533999998763, ""K8_weighted_ranking"": 0.9939999999915017, ""K3_candidate_filters"": 0.0017000002117129043}",
FACTURK-0149,DOĞRU,"[9992, 414, 24963, 11479, 27486, 1302, 22388, 7825, 2172, 12809, 30352, 5137, 18664, 30217, 13860, 13217, 1232, 16707, 11910, 12587]","[1.8631746570463292e-05, 3.373722574906424e-05, 0.00027586790383793414, 0.0007124459953047335, 7.141901005525142e-05, 0.00407013762742281, 0.018440209329128265, 1.8200149497715756e-05, 0.0005072812782600522, 0.0005636750720441341, 0.0001673405058681965, 4.832564081880264e-05, 0.0005907104350626469, 6.814872176619247e-05, 4.94715895911213e-05, 1.6187581422855146e-05, 0.000191104321856983, 0.001667882315814495, 0.0011740821646526456, 4.870464181294665e-05]",null,null,False,YETERSİZ VERİ,RET,True,False,12592.033099999753,"{""K1_input_and_readiness"": 0.05059999966761097, ""K7_context"": 0.0010999992809956893, ""K1_normalization"": 0.010300000212737359, ""K6_advisory"": 25.362399999721674, ""K1_intent"": 0.029400000130408444, ""K2_retrieval"": 173.4905000012077, ""K3_reranker"": 1548.4775000004447, ""K8_weighted_ranking"": 1.1128999994980404, ""K3_candidate_filters"": 0.0027999994927085936}",
FACTURK-0150,YALAN,"[9537, 25683, 12870, 11454, 4331, 11914, 28419, 14107, 4119, 5414, 25341, 7358, 18097, 6943, 27847, 14860, 5796, 14246, 23263, 16994]","[0.003469890682026744, 0.0001015038214973174, 0.003429603995755315, 0.0005420927773229778, 0.07978200167417526, 0.0005378763889893889, 0.00038296362617984414, 0.003135835751891136, 0.0009584648651070893, 0.0001713081874186173, 1.6442494597868063e-05, 1.922317096614279e-05, 6.253713218029588e-05, 2.586742994026281e-05, 0.00011235327838221565, 1.6442494597868063e-05, 3.1693256460130215e-05, 4.7206227463902906e-05, 1.67014204635052e-05, 6.761842087144032e-05]",null,null,False,YETERSİZ VERİ,RET,True,False,11435.734599999705,"{""K1_input_and_readiness"": 0.05250000140222255, ""K7_context"": 0.0009999985195463523, ""K1_normalization"": 0.008999999408842996, ""K6_advisory"": 23.143899999922724, ""K1_intent"": 0.027099998987978324, ""K2_retrieval"": 171.10060000049998, ""K3_reranker"": 1908.0119999998715, ""K8_weighted_ranking"": 0.9778000003279885, ""K3_candidate_filters"": 0.002099999619531445}",
FACTURK-0151,YALAN,"[1205, 3084, 14598, 5206, 7605, 21916, 274, 3176, 4056, 17985, 21214, 24260, 22565, 21531, 23996, 28119, 26068, 7401, 2011, 21783]","[0.004924510605633259, 0.03138042986392975, 0.0001442598586436361, 0.005957154091447592, 0.18082883954048157, 0.0030994154512882233, 0.00041894835885614157, 0.002058753278106451, 0.001299427472986281, 0.0013406204525381327, 0.0014550630003213882, 0.00025514140725135803, 0.0014550630003213882, 0.002305125119164586, 0.004231587518006563, 0.002387409098446369, 0.0006166297243908048, 8.029783930396661e-05, 0.0008626077906228602, 0.15291562676429749]","[0.0029354095458984375, 0.9404296875, 0.05682373046875]","[0.0029354095458984375, 0.9404296875, 0.05682373046875]",False,YALAN,RED,False,False,19771.385899999586,"{""K1_input_and_readiness"": 0.050099999498343095, ""K7_context"": 0.0012000000424450263, ""K1_normalization"": 0.010599998859106563, ""K6_advisory"": 23.065999999744236, ""K1_intent"": 0.03580000156944152, ""K2_retrieval"": 162.9654999997001, ""K3_reranker"": 2315.564300000915, ""K8_weighted_ranking"": 1.1259999992034864, ""K3_candidate_filters"": 0.0020000006770715117, ""K9_advisory_consensus"": 0.01300000076298602, ""K4_nli_and_bypass_check"": 307.995099999971, ""K5_decision"": 0.349000001733657}",web_4e92e768_1
FACTURK-0152,YALAN,"[27363, 15963, 27712, 12221, 12083, 27229, 23329, 17607, 2188, 27854, 26315, 23364, 5168, 9467, 19381, 5755, 8754, 4893, 28707, 15163]","[0.019568676128983498, 0.0012893283274024725, 0.03283695504069328, 0.0005953406798653305, 0.0004108485300093889, 0.008061991073191166, 3.0006618544575758e-05, 0.0004765612829942256, 0.0007293288363143802, 0.016657039523124695, 0.002251847181469202, 2.8632557587116025e-05, 0.000503335555549711, 1.7640199075685814e-05, 0.00021485926117748022, 0.00026738259475678205, 1.6442494597868063e-05, 0.014957086183130741, 2.318747829122003e-05, 0.003991728648543358]","[0.0262908935546875, 0.96435546875, 0.00914764404296875]","[0.0262908935546875, 0.96435546875, 0.00914764404296875]",False,YETERSİZ VERİ,RET,True,False,14420.302800001082,"{""K1_input_and_readiness"": 0.04199999966658652, ""K7_context"": 0.0011999982234556228, ""K1_normalization"": 0.008600000001024455, ""K6_advisory"": 23.07509999809554, ""K1_intent"": 0.03389999983482994, ""K2_retrieval"": 178.36019999958808, ""K3_reranker"": 1315.9051000002364, ""K8_weighted_ranking"": 0.955300001805881, ""K3_candidate_filters"": 0.0021000014385208488, ""K9_advisory_consensus"": 0.013799999578623101, ""K4_nli_and_bypass_check"": 102.91219999999157, ""K5_decision"": 0.25629999800003134}",web_22795a84_2
FACTURK-0153,YALAN,"[14312, 3923, 19683, 16066, 28105, 17625, 18666, 19557, 29062, 15546, 16162, 27532, 3323, 1450, 24271, 18881, 14268, 7492, 7149, 28305]","[6.253713218029588e-05, 1.9373936083866283e-05, 2.1112482500029728e-05, 0.0004442183708306402, 7.484622619813308e-05, 0.00012053649697918445, 1.7778551409719512e-05, 1.7917987861437723e-05, 1.9833367332466878e-05, 0.00018961740715894848, 1.6314539607265033e-05, 1.657145367062185e-05, 0.00043904531048610806, 0.0002131875662598759, 1.6442494597868063e-05, 0.0014381353976204991, 0.0008761798962950706, 2.93115390377352e-05, 1.6061610949691385e-05, 1.6187581422855146e-05]",null,null,False,YETERSİZ VERİ,RET,True,False,19816.645099999732,"{""K1_input_and_readiness"": 0.046899996959837154, ""K7_context"": 0.0012999989849049598, ""K1_normalization"": 0.009999999747378752, ""K6_advisory"": 20.62659999864991, ""K1_intent"": 0.026100002287421376, ""K2_retrieval"": 172.3085000012361, ""K3_reranker"": 1608.2787999985158, ""K8_weighted_ranking"": 1.0581999995338265, ""K3_candidate_filters"": 0.0021999985619913787}",
FACTURK-0154,YALAN,"[15547, 28059, 2822, 13124, 22456, 27407, 17356, 21804, 10376, 15315, 6905, 29867, 16503, 13375, 28482, 1375, 1153, 20951, 6960, 26182]","[0.0001559802913106978, 0.00079783343244344, 0.007815888151526451, 0.00025514140725135803, 0.003538086311891675, 1.8342892872169614e-05, 7.197912054834887e-05, 0.0002982776495628059, 0.0021657671313732862, 0.00023597174731548876, 1.6061610949691385e-05, 2.3007036361377686e-05, 0.0005053045460954309, 0.0015487611526623368, 0.00031258779927156866, 0.0008559006964787841, 0.006564249750226736, 3.9135655242716894e-05, 0.00011866796558024362, 1.6442494597868063e-05]",null,null,False,YETERSİZ VERİ,RET,True,False,19444.881899999018,"{""K1_input_and_readiness"": 0.055100001191021875, ""K7_context"": 0.0013000026228837669, ""K1_normalization"": 0.009800001862458885, ""K6_advisory"": 22.461699998530094, ""K1_intent"": 0.0335000004270114, ""K2_retrieval"": 183.36980000094627, ""K3_reranker"": 2095.5985999971745, ""K8_weighted_ranking"": 0.9501000022282824, ""K3_candidate_filters"": 0.0019999970390927047}",
FACTURK-0155,DOĞRU,"[20048, 12365, 24651, 16498, 28437, 18475, 1691, 24248, 3505, 19788, 10361, 20612, 17944, 21427, 10234, 3232, 1860, 24016, 11911, 10513]","[0.0011972112115472555, 0.0028783478774130344, 0.0037507887464016676, 0.0007152324542403221, 0.011375600472092628, 0.0005053045460954309, 3.508111694827676e-05, 0.002521268092095852, 0.0003611769643612206, 0.0002287133247591555, 0.0008592476369813085, 0.00017952796770259738, 0.0004565269045997411, 0.0004859560285694897, 0.00031015597051009536, 0.002082970691844821, 0.0005420927773229778, 1.7097478121286258e-05, 0.00014313739666249603, 4.1986306314356625e-05]","[0.9375, 0.057708740234375, 0.004550933837890625]","[0.9375, 0.057708740234375, 0.004550933837890625]",False,DOĞRU,ONAY,False,False,17085.64550000301,"{""K1_input_and_readiness"": 0.05199999941396527, ""K7_context"": 0.0010000003385357559, ""K1_normalization"": 0.009100000170292333, ""K6_advisory"": 20.997900002839742, ""K1_intent"": 0.026300000172341242, ""K2_retrieval"": 154.70759999880102, ""K3_reranker"": 1127.6250000009895, ""K8_weighted_ranking"": 1.0024999974120874, ""K3_candidate_filters"": 0.0021999985619913787, ""K9_advisory_consensus"": 0.012500000593718141, ""K4_nli_and_bypass_check"": 323.13950000025216, ""K5_decision"": 294.9049999988347}",web_63738a4f_0
FACTURK-0156,YALAN,"[4634, 19419, 7761, 27242, 27142, 11288, 27801, 5912, 14169, 7268, 21613, 28808, 30097, 12521, 26765, 23430, 12770, 5723, 4097, 20078]","[0.724090576171875, 0.0008199321455322206, 0.003736220533028245, 0.8786270022392273, 0.019160708412528038, 6.205049430718645e-05, 0.024656856432557106, 0.00016093082376755774, 0.005980330519378185, 0.0013302015140652657, 4.0694576455280185e-05, 0.0004092474700883031, 0.0006563728675246239, 0.0017683517653495073, 3.269927037763409e-05, 1.805851934477687e-05, 2.3007036361377686e-05, 7.543320680269971e-05, 0.0005463420529849827, 7.722192094661295e-05]","[0.00020575523376464844, 0.9970703125, 0.0025177001953125]","[0.00020575523376464844, 0.9970703125, 0.0025177001953125]",False,YALAN,RED,False,False,18949.055699999008,"{""K1_input_and_readiness"": 0.061800001276424155, ""K7_context"": 0.0012999989849049598, ""K1_normalization"": 0.011499996617203578, ""K6_advisory"": 21.100600002682768, ""K1_intent"": 0.03260000084992498, ""K2_retrieval"": 186.14899999738554, ""K3_reranker"": 2094.3908000008378, ""K8_weighted_ranking"": 0.9853000010480173, ""K3_candidate_filters"": 0.5679999994754326, ""K9_advisory_consensus"": 0.005100002454128116, ""K4_nli_and_bypass_check"": 513.264799999888, ""K5_decision"": 503.4603000021889}",web_a24f4b4f_1
FACTURK-0157,DOĞRU,"[29255, 21246, 20506, 20602, 23772, 25690, 27037, 24300, 21440, 11100, 22569, 5518, 29377, 2318, 7070, 12442, 23973, 29572, 11303, 19151]","[0.00031258779927156866, 1.657145367062185e-05, 3.024195939360652e-05, 0.0012843081494793296, 0.00016603845870122313, 3.9442587876692414e-05, 0.004101929254829884, 0.0001673405058681965, 1.6314539607265033e-05, 0.008478401228785515, 6.922183820279315e-05, 0.00017674513219390064, 1.6187581422855146e-05, 0.00018522572645451874, 2.178264912799932e-05, 1.6187581422855146e-05, 2.566613329690881e-05, 2.4682904040673748e-05, 1.6314539607265033e-05, 0.00017536994710098952]","[0.00054931640625, 0.9990234375, 0.00018656253814697266]","[0.00054931640625, 0.9990234375, 0.00018656253814697266]",False,YETERSİZ VERİ,RET,True,False,13092.31010000076,"{""K1_input_and_readiness"": 0.058400000852998346, ""K7_context"": 0.0012999989849049598, ""K1_normalization"": 0.01309999788645655, ""K6_advisory"": 19.980700002633967, ""K1_intent"": 0.030499999411404133, ""K2_retrieval"": 191.064999999071, ""K3_reranker"": 1649.5223000019905, ""K8_weighted_ranking"": 0.9290999987570103, ""K3_candidate_filters"": 0.0018999999156221747, ""K9_advisory_consensus"": 0.013100001524435356, ""K4_nli_and_bypass_check"": 615.1568000022962, ""K5_decision"": 526.5204000024823}",web_991ce5b3_2
FACTURK-0158,DOĞRU,"[10802, 4965, 8061, 18339, 3097, 5125, 11734, 29735, 5858, 17815, 6939, 7151, 3213, 6263, 6328, 14044, 28626, 13872, 17581, 26597]","[0.02456308901309967, 0.00013032974675297737, 2.2125668692751788e-05, 0.011915022507309914, 0.0011695103021338582, 5.738759500673041e-05, 2.265035072923638e-05, 3.2955729693640023e-05, 2.094818773912266e-05, 1.657145367062185e-05, 1.6187581422855146e-05, 0.003123648464679718, 0.0009927261853590608, 1.67014204635052e-05, 2.2474090656032786e-05, 0.0010566838318482041, 1.6187581422855146e-05, 3.6764631659025326e-05, 1.6061610949691385e-05, 0.003765413537621498]",null,null,False,YETERSİZ VERİ,RET,True,False,17988.846399999602,"{""K1_input_and_readiness"": 0.04540000009001233, ""K7_context"": 0.0008999995770864189, ""K1_normalization"": 0.008200000593205914, ""K6_advisory"": 21.016800001234515, ""K1_intent"": 0.029999999242136255, ""K2_retrieval"": 163.8956999995571, ""K3_reranker"": 1319.9768999984371, ""K8_weighted_ranking"": 0.9712999999464955, ""K3_candidate_filters"": 0.0018999999156221747}",
FACTURK-0159,YALAN,"[1609, 24771, 19594, 4036, 5236, 27598, 9587, 22729, 20466, 28091, 15846, 24538, 6519, 9591, 26699, 20250, 23610, 2600, 5980, 12184]","[0.9946980476379395, 0.005934066604822874, 0.029145970940589905, 0.007725534029304981, 0.0007264875457622111, 0.0035657365806400776, 7.141901005525142e-05, 2.566613329690881e-05, 0.0034970103297382593, 0.0009888596832752228, 0.0011972112115472555, 0.0003053489199373871, 3.373722574906424e-05, 0.0005092656938359141, 0.0012594986474141479, 0.000626334105618298, 0.0005274784052744508, 0.00013765462790615857, 1.6187581422855146e-05, 0.0001195985751110129]","[0.0927734375, 0.0740966796875, 0.8330078125]","[0.0927734375, 0.0740966796875, 0.8330078125]",False,DOĞRU,ONAY,False,False,1781.9246999970346,"{""K1_input_and_readiness"": 0.047900000936351717, ""K7_context"": 0.0010999974620062858, ""K1_normalization"": 0.008799997885944322, ""K6_advisory"": 22.49840000149561, ""K1_intent"": 0.02930000118794851, ""K2_retrieval"": 152.506500002346, ""K3_reranker"": 1501.3858999991498, ""K8_weighted_ranking"": 0.9479000000283122, ""K3_candidate_filters"": 0.26529999740887433, ""K9_advisory_consensus"": 0.005299996701069176, ""K4_nli_and_bypass_check"": 57.417500000156, ""K5_decision"": 44.17000000103144}",1609
FACTURK-0160,DOĞRU,"[13325, 19725, 8116, 24377, 29040, 2980, 11607, 6247, 10864, 21327, 8411, 24678, 21673, 9688, 20314, 19452, 1044, 13847, 12309, 30219]","[0.6623597741127014, 1.67014204635052e-05, 0.0004060639475937933, 4.575391358230263e-05, 1.7097478121286258e-05, 1.750292540236842e-05, 0.003678509034216404, 0.007695646956562996, 1.67014204635052e-05, 5.1845658163074404e-05, 6.709224544465542e-05, 0.007785655092447996, 1.8777873265207745e-05, 1.6314539607265033e-05, 1.7366719475830905e-05, 0.0028783478774130344, 2.014569145103451e-05, 0.0004407629603520036, 8.957788668340072e-05, 0.00012632041762117296]","[0.9814453125, 0.0178680419921875, 0.0006914138793945312]","[0.9814453125, 0.0178680419921875, 0.0006914138793945312]",False,YALAN,UYARI,False,False,1775.0959000004514,"{""K1_input_and_readiness"": 0.035499997466104105, ""K7_context"": 0.0010000003385357559, ""K1_normalization"": 0.007099999493220821, ""K6_advisory"": 21.897300001000986, ""K1_intent"": 0.021200001356191933, ""K2_retrieval"": 152.58240000184742, ""K3_reranker"": 1496.6158999995969, ""K8_weighted_ranking"": 0.9891999980027322, ""K3_candidate_filters"": 0.288799998088507, ""K9_advisory_consensus"": 0.005100002454128116, ""K4_nli_and_bypass_check"": 60.415500000090105, ""K5_decision"": 39.76259999762988}",13325
FACTURK-0161,YALAN,"[27219, 2984, 20109, 29036, 26639, 12161, 28547, 15094, 2366, 9150, 6336, 15675, 487, 26236, 29240, 25178, 1919, 1090, 27402, 15573]","[0.9996970891952515, 0.9343951344490051, 0.8690492510795593, 0.4384545385837555, 0.02044939436018467, 0.0014550630003213882, 0.02132808044552803, 0.7022238373756409, 0.007460643537342548, 0.07654563337564468, 0.004867417272180319, 0.001674399245530367, 9.915272676153108e-05, 0.000539980421308428, 0.0007293288363143802, 0.0014664583140984178, 0.01009131595492363, 0.0007916296017356217, 0.0007495314348489046, 1.7640199075685814e-05]","[0.00103759765625, 0.99853515625, 0.00043272972106933594]","[0.00103759765625, 0.99853515625, 0.00043272972106933594]",False,YETERSİZ VERİ,RET,True,False,13375.767199999245,"{""K1_input_and_readiness"": 0.052999999752501026, ""K7_context"": 0.0010999974620062858, ""K1_normalization"": 0.013199998647905886, ""K6_advisory"": 22.820099999080412, ""K1_intent"": 0.040800001443130895, ""K2_retrieval"": 192.88400000004913, ""K3_reranker"": 1698.8258000019414, ""K8_weighted_ranking"": 0.9664999997767154, ""K3_candidate_filters"": 1.3562999993155245, ""K9_advisory_consensus"": 0.005599998985417187, ""K4_nli_and_bypass_check"": 18.647799999598647, ""K5_decision"": 0.17949999892152846}",27219
FACTURK-0162,DOĞRU,"[2000, 17883, 5997, 25210, 11278, 25537, 25049, 20482, 22185, 10051, 23682, 28715, 21599, 24903, 6569, 11923, 19685, 10375, 16225, 9810]","[0.7942253947257996, 0.09351231157779694, 0.04336579889059067, 0.0001511819864390418, 0.0002415662893326953, 0.0005013742484152317, 0.8344069123268127, 0.0004060639475937933, 9.242113446816802e-05, 0.00010804955672938377, 0.0001621928095119074, 3.591300992411561e-05, 0.008950711227953434, 0.10743747651576996, 4.0694576455280185e-05, 0.000124362253700383, 0.00026947917649522424, 0.00034870431409217417, 6.60521473037079e-05, 6.814872176619247e-05]","[0.97021484375, 0.023284912109375, 0.006500244140625]","[0.97021484375, 0.023284912109375, 0.006500244140625]",False,DOĞRU,ONAY,False,False,16438.59820000216,"{""K1_input_and_readiness"": 0.0638999990769662, ""K7_context"": 0.0013999997463542968, ""K1_normalization"": 0.01049999991664663, ""K6_advisory"": 26.93610000278568, ""K1_intent"": 0.03739999738172628, ""K2_retrieval"": 182.5098999979673, ""K3_reranker"": 1646.0530000003928, ""K8_weighted_ranking"": 1.0107999987667426, ""K3_candidate_filters"": 0.5711999983759597, ""K9_advisory_consensus"": 0.005699999746866524, ""K4_nli_and_bypass_check"": 232.59710000274936, ""K5_decision"": 220.46290000071167}",web_c6418a4c_2
FACTURK-0163,DOĞRU,"[29221, 2861, 10780, 19639, 4529, 6618, 16181, 4244, 19539, 2521, 25861, 532, 25361, 28155, 26223, 30100, 14355, 19722, 8746, 10893]","[0.9736446738243103, 0.010408313944935799, 1.805851934477687e-05, 0.0005072812782600522, 0.0002982776495628059, 2.908344322349876e-05, 0.0003150386910419911, 0.00021824207215104252, 0.0032350558321923018, 0.00018522572645451874, 0.001674399245530367, 0.00014653129619546235, 0.0015854305820539594, 2.2474090656032786e-05, 0.0032476764172315598, 2.566613329690881e-05, 1.6964426322374493e-05, 1.7231572201126255e-05, 2.4682904040673748e-05, 0.030271869152784348]","[0.0021514892578125, 0.9970703125, 0.0005431175231933594]","[0.0021514892578125, 0.9970703125, 0.0005431175231933594]",False,YETERSİZ VERİ,RET,True,False,21113.122300001123,"{""K1_input_and_readiness"": 0.04749999789055437, ""K7_context"": 0.0012000018614344299, ""K1_normalization"": 0.00960000033956021, ""K6_advisory"": 20.60210000126972, ""K1_intent"": 0.023699998564552516, ""K2_retrieval"": 157.82639999815729, ""K3_reranker"": 1308.9954999995825, ""K8_weighted_ranking"": 0.9539000020595267, ""K3_candidate_filters"": 0.29100000028847717, ""K9_advisory_consensus"": 0.004999998054699972, ""K4_nli_and_bypass_check"": 17.85840000229655, ""K5_decision"": 0.13780000153928995}",29221
FACTURK-0164,YALAN,"[17536, 27552, 13482, 20172, 24936, 5739, 12587, 26463, 20389, 21491, 7274, 13878, 26984, 2008, 20885, 23578, 25464, 16836, 4942, 22776]","[0.0003029734070878476, 1.657145367062185e-05, 1.750292540236842e-05, 0.0033634924329817295, 1.7778551409719512e-05, 3.852893496514298e-05, 0.00651349825784564, 0.0005792917218059301, 0.0008459375239908695, 1.8631746570463292e-05, 0.0005053045460954309, 1.8777873265207745e-05, 0.0014158706180751324, 1.6964426322374493e-05, 0.0014048678567633033, 1.67014204635052e-05, 0.014672035351395607, 1.6314539607265033e-05, 1.9073577277595177e-05, 1.8631746570463292e-05]","[0.00704193115234375, 0.9892578125, 0.003696441650390625]","[0.00704193115234375, 0.9892578125, 0.003696441650390625]",False,YALAN,RED,False,False,14230.824100002792,"{""K1_input_and_readiness"": 0.04489999992074445, ""K7_context"": 0.0011000010999850929, ""K1_normalization"": 0.00799999907030724, ""K6_advisory"": 22.25220000036643, ""K1_intent"": 0.027000001864507794, ""K2_retrieval"": 162.62219999771332, ""K3_reranker"": 1281.3974000018789, ""K8_weighted_ranking"": 1.072899998689536, ""K3_candidate_filters"": 0.0020999978005420417, ""K9_advisory_consensus"": 0.013500000932253897, ""K4_nli_and_bypass_check"": 767.3211000001174, ""K5_decision"": 649.8854999990726}",web_606b7256_2
FACTURK-0165,YALAN,"[24002, 6595, 2047, 19290, 17027, 17151, 25894, 14516, 4802, 24946, 15975, 1170, 12212, 4346, 24327, 316, 9491, 13731, 26208, 19463]","[0.0026522595435380936, 0.00043563017970882356, 0.00016346470511052758, 0.0031603530514985323, 0.00010637458035489544, 1.6964426322374493e-05, 0.0012743262341246009, 0.8022459149360657, 2.93115390377352e-05, 7.543320680269971e-05, 0.0015792594058439136, 0.40992921590805054, 0.03365296497941017, 0.0001837845629779622, 1.6314539607265033e-05, 1.6442494597868063e-05, 0.0007947254925966263, 0.0006851712241768837, 0.004627529997378588, 1.683241134742275e-05]","[0.481689453125, 0.50146484375, 0.0166015625]","[0.481689453125, 0.50146484375, 0.0166015625]",False,YALAN,UYARI,False,False,2258.493200002704,"{""K1_input_and_readiness"": 0.04359999729786068, ""K7_context"": 0.0011000010999850929, ""K1_normalization"": 0.008299997716676444, ""K6_advisory"": 20.72260000204551, ""K1_intent"": 0.02470000254106708, ""K2_retrieval"": 153.0884000021615, ""K3_reranker"": 1478.0566000008548, ""K8_weighted_ranking"": 1.0174000017286744, ""K3_candidate_filters"": 0.5483000022650231, ""K9_advisory_consensus"": 0.005099998816149309, ""K4_nli_and_bypass_check"": 281.13950000260957, ""K5_decision"": 321.12749999942025}",14516
FACTURK-0166,DOĞRU,"[11295, 12013, 20210, 2892, 9113, 17032, 24484, 8107, 12704, 21399, 2630, 19665, 27377, 4158, 23350, 19405, 10772, 9953, 22252, 7036]","[0.00028462239424698055, 5.649793456541374e-05, 0.0007321811863221228, 0.0004013350699096918, 0.0059110685251653194, 0.0016166499117389321, 0.000638679601252079, 0.0001559802913106978, 0.21027937531471252, 0.0007495314348489046, 2.2125668692751788e-05, 0.003678509034216404, 0.0010608151787891984, 0.013121271505951881, 0.011552670039236546, 1.657145367062185e-05, 0.048136770725250244, 2.5466406441410072e-05, 0.021287351846694946, 1.8200149497715756e-05]","[0.005413055419921875, 0.9931640625, 0.001483917236328125]","[0.005413055419921875, 0.9931640625, 0.001483917236328125]",False,YALAN,RED,False,False,18500.19319999774,"{""K1_input_and_readiness"": 0.06579999899258837, ""K7_context"": 0.000900003215065226, ""K1_normalization"": 0.012799999240087345, ""K6_advisory"": 19.85409999906551, ""K1_intent"": 0.03390000347280875, ""K2_retrieval"": 230.13210000135587, ""K3_reranker"": 1327.9923000009148, ""K8_weighted_ranking"": 0.9361999982502311, ""K3_candidate_filters"": 0.0020000006770715117, ""K9_advisory_consensus"": 0.013199998647905886, ""K4_nli_and_bypass_check"": 76.85630000196397, ""K5_decision"": 0.49650000073597766}",web_500922ee_1
FACTURK-0167,YALAN,"[22804, 30151, 3328, 27847, 1912, 7451, 7384, 8794, 14417, 9006, 18292, 25821, 6263, 14187, 1291, 4736, 18234, 25969, 9084, 20020]","[0.9977568984031677, 0.9501341581344604, 0.00034870431409217417, 0.0017342078499495983, 0.0023688741493970156, 5.874842099728994e-05, 0.0003697388747241348, 0.014281935058534145, 2.449082603561692e-05, 0.003692853031679988, 0.00360761652700603, 0.00457386439666152, 0.005957154091447592, 0.00628990214318037, 9.461262379772961e-05, 0.01805533468723297, 0.001201891340315342, 3.269927037763409e-05, 0.003469890682026744, 7.426380761899054e-05]","[0.99072265625, 0.007030487060546875, 0.002407073974609375]","[0.99072265625, 0.007030487060546875, 0.002407073974609375]",False,YALAN,UYARI,False,False,1749.3572999992466,"{""K1_input_and_readiness"": 0.04020000051241368, ""K7_context"": 0.0013999997463542968, ""K1_normalization"": 0.007500002539018169, ""K6_advisory"": 20.62619999924209, ""K1_intent"": 0.024900000425986946, ""K2_retrieval"": 151.75409999937983, ""K3_reranker"": 1301.2649000011152, ""K8_weighted_ranking"": 0.9247000016330276, ""K3_candidate_filters"": 0.5187999995541759, ""K9_advisory_consensus"": 0.005300000339047983, ""K4_nli_and_bypass_check"": 138.72690000061993, ""K5_decision"": 132.95930000094813}",22804
FACTURK-0168,YALAN,"[3532, 18681, 28597, 23859, 10235, 22012, 21454, 11270, 8731, 651, 2033, 10046, 27426, 2462, 21260, 15771, 12756, 928, 19674, 5613]","[0.9972955584526062, 8.682210318511352e-05, 0.0017821963410824537, 7.254361844388768e-05, 0.02784845046699047, 0.002225670963525772, 1.657145367062185e-05, 1.7640199075685814e-05, 3.244481558795087e-05, 2.566613329690881e-05, 0.00012731103925034404, 0.0008727670647203922, 3.0006618544575758e-05, 0.0029235428664833307, 2.3007036361377686e-05, 6.976470467634499e-05, 1.6964426322374493e-05, 7.311254739761353e-05, 0.0001621928095119074, 0.00020988310279790312]","[0.9970703125, 0.0009107589721679688, 0.0020160675048828125]","[0.9970703125, 0.0009107589721679688, 0.0020160675048828125]",False,YALAN,UYARI,False,False,1395.6878000026336,"{""K1_input_and_readiness"": 0.03730000025825575, ""K7_context"": 0.0010999974620062858, ""K1_normalization"": 0.00670000008540228, ""K6_advisory"": 20.648500001698267, ""K1_intent"": 0.022000000171829015, ""K2_retrieval"": 155.8236000018951, ""K3_reranker"": 1106.064299998252, ""K8_weighted_ranking"": 0.9515999990981072, ""K3_candidate_filters"": 0.26529999740887433, ""K9_advisory_consensus"": 0.004599998646881431, ""K4_nli_and_bypass_check"": 69.07970000247587, ""K5_decision"": 40.15389999767649}",3532
FACTURK-0169,DOĞRU,"[20457, 7549, 16605, 6000, 29321, 5146, 2131, 9143, 10655, 18240, 14987, 5693, 19205, 9693, 10199, 26819, 20516, 13675, 13077, 3877]","[0.012336100451648235, 0.006217078305780888, 0.08419108390808105, 4.7206227463902906e-05, 0.0008830457809381187, 0.0012113064294680953, 0.034358687698841095, 0.29665425419807434, 0.026861203834414482, 1.6061610949691385e-05, 0.009596454910933971, 1.6061610949691385e-05, 0.00014653129619546235, 2.93115390377352e-05, 0.0006070755189284682, 0.013171950355172157, 0.030733928084373474, 0.0031115086749196053, 1.6442494597868063e-05, 0.0007885457598604262]",null,null,False,YETERSİZ VERİ,RET,True,False,19441.448499997932,"{""K1_input_and_readiness"": 0.051399998483248055, ""K7_context"": 0.0008999995770864189, ""K1_normalization"": 0.008900002285372466, ""K6_advisory"": 20.269199998438125, ""K1_intent"": 0.029099999665049836, ""K2_retrieval"": 189.02900000102818, ""K3_reranker"": 1323.0354000006628, ""K8_weighted_ranking"": 0.9811999989324249, ""K3_candidate_filters"": 0.0018999999156221747}",
FACTURK-0170,YALAN,"[18398, 3764, 17095, 25958, 1813, 24738, 3598, 5396, 2758, 21009, 12587, 20389, 21279, 22041, 2534, 17371, 13958, 11628, 29552, 26934]","[0.002174225402995944, 0.0008231385727412999, 0.001085944357328117, 0.00012339458044152707, 0.00018814207578543574, 3.1941821362124756e-05, 1.657145367062185e-05, 0.006438102573156357, 4.870464181294665e-05, 0.00028462239424698055, 0.009898064658045769, 0.0005013742484152317, 0.00016093082376755774, 0.00041568948654457927, 0.002491967985406518, 5.738759500673041e-05, 1.8200149497715756e-05, 2.014569145103451e-05, 0.0002824080875143409, 1.6442494597868063e-05]","[0.029022216796875, 0.26220703125, 0.708984375]","[0.029022216796875, 0.26220703125, 0.708984375]",False,YALAN,RED,False,False,18196.19740000053,"{""K1_input_and_readiness"": 0.052299998060334474, ""K7_context"": 0.0012999989849049598, ""K1_normalization"": 0.009799998224480078, ""K6_advisory"": 20.699799999420065, ""K1_intent"": 0.02849999873433262, ""K2_retrieval"": 168.43489999882877, ""K3_reranker"": 1316.8068999984825, ""K8_weighted_ranking"": 0.9927999999490567, ""K3_candidate_filters"": 0.0021000014385208488, ""K9_advisory_consensus"": 0.013599998055724427, ""K4_nli_and_bypass_check"": 750.7220000006782, ""K5_decision"": 658.8550999986182}",web_997b4835_2
FACTURK-0171,DOĞRU,"[23557, 41, 16619, 91, 25454, 1814, 21277, 20498, 4924, 13220, 1194, 22466, 23965, 12930, 14524, 20969, 3892, 11502, 10107, 17850]","[0.006930672097951174, 0.0007763299508951604, 0.00017674513219390064, 0.0009075025445781648, 4.6474400733131915e-05, 0.0012793075293302536, 9.83811987680383e-05, 1.892514956125524e-05, 4.1986306314356625e-05, 0.0015307451831176877, 4.0694576455280185e-05, 0.00017813112935982645, 1.8631746570463292e-05, 1.6964426322374493e-05, 2.030369250860531e-05, 8.156224066624418e-05, 1.6442494597868063e-05, 1.8486754925106652e-05, 1.6187581422855146e-05, 1.8342892872169614e-05]","[0.011077880859375, 0.98828125, 0.0005888938903808594]","[0.011077880859375, 0.98828125, 0.0005888938903808594]",False,YETERSİZ VERİ,RET,True,False,17526.593800001137,"{""K1_input_and_readiness"": 0.03989999822806567, ""K7_context"": 0.0010000003385357559, ""K1_normalization"": 0.006900001608300954, ""K6_advisory"": 22.31000000028871, ""K1_intent"": 0.03060000017285347, ""K2_retrieval"": 154.14319999763393, ""K3_reranker"": 1292.7870999992592, ""K8_weighted_ranking"": 1.0438999997859355, ""K3_candidate_filters"": 0.0018999999156221747, ""K9_advisory_consensus"": 0.012700002116616815, ""K4_nli_and_bypass_check"": 112.59369999970659, ""K5_decision"": 42.75659999984782}",web_4c9fb180_0
FACTURK-0172,YALAN,"[29620, 28075, 11010, 21491, 21163, 5937, 6286, 19866, 13134, 3371, 20126, 18661, 25062, 27420, 16772, 10255, 12614, 2173, 1339, 19924]","[0.019908789545297623, 6.156764720799401e-05, 2.818866414600052e-05, 0.00036829791497439146, 1.7917987861437723e-05, 1.6061610949691385e-05, 0.00854433048516512, 2.2125668692751788e-05, 0.0002715921145863831, 0.0007096704212017357, 1.6442494597868063e-05, 0.0003275842755101621, 0.0023413407616317272, 0.007876706309616566, 1.6442494597868063e-05, 0.00015843621804378927, 2.5071596610359848e-05, 0.0037948342505842447, 0.004433765076100826, 0.0018821860430762172]","[0.0007138252258300781, 0.9990234375, 0.0002956390380859375]","[0.0007138252258300781, 0.9990234375, 0.0002956390380859375]",False,YALAN,RED,False,False,18286.891799998557,"{""K1_input_and_readiness"": 0.042400002712383866, ""K7_context"": 0.0010000003385357559, ""K1_normalization"": 0.009100000170292333, ""K6_advisory"": 20.86549999876297, ""K1_intent"": 0.02640000093379058, ""K2_retrieval"": 180.44120000195107, ""K3_reranker"": 1471.6630000002624, ""K8_weighted_ranking"": 0.9755000028235372, ""K3_candidate_filters"": 0.0021000014385208488, ""K9_advisory_consensus"": 0.013600001693703234, ""K4_nli_and_bypass_check"": 934.5844000017678, ""K5_decision"": 896.8897000013385}",web_a9edd7e5_2
FACTURK-0173,YALAN,"[996, 4529, 24773, 22430, 14486, 1617, 27683, 12081, 3259, 489, 2916, 22925, 28155, 17095, 9068, 20336, 2521, 27480, 21144, 16001]","[2.318747829122003e-05, 0.004792316351085901, 0.00017674513219390064, 0.0012893283274024725, 6.253713218029588e-05, 1.657145367062185e-05, 3.591300992411561e-05, 4.1335399146191776e-05, 0.00014653129619546235, 7.086326513672248e-05, 0.000337979436153546, 2.014569145103451e-05, 0.00046917638974264264, 0.00025514140725135803, 1.6314539607265033e-05, 0.00025714197545312345, 0.0008459375239908695, 2.014569145103451e-05, 0.00016474656877107918, 0.00042388474685139954]",null,null,False,YETERSİZ VERİ,RET,True,False,25657.108899999002,"{""K1_input_and_readiness"": 0.044299998990027234, ""K7_context"": 0.0011000010999850929, ""K1_normalization"": 0.008200000593205914, ""K6_advisory"": 20.358500001748325, ""K1_intent"": 0.025000001187436283, ""K2_retrieval"": 166.78329999922425, ""K3_reranker"": 1261.5373999979056, ""K8_weighted_ranking"": 0.9894000031636097, ""K3_candidate_filters"": 0.0021000014385208488}",
FACTURK-0174,YALAN,"[30024, 15787, 22388, 27696, 25225, 11479, 431, 487, 23508, 8685, 3189, 9150, 27894, 4693, 23686, 1701, 8347, 19258, 24354, 5898]","[0.7876046895980835, 0.007011794950813055, 0.8978744745254517, 0.06779313832521439, 0.009090382605791092, 0.003736220533028245, 0.0077555361203849316, 0.590484082698822, 0.06244528666138649, 0.16762703657150269, 0.28587010502815247, 0.2859697937965393, 0.0003668626013677567, 0.0005053045460954309, 0.002387409098446369, 0.3362220823764801, 0.14306792616844177, 0.015845362097024918, 0.017242778092622757, 0.33252713084220886]","[0.0033245086669921875, 0.015380859375, 0.9814453125]","[0.0033245086669921875, 0.015380859375, 0.9814453125]",False,DOĞRU,ONAY,False,False,2007.9604999991716,"{""K1_input_and_readiness"": 0.06299999949987978, ""K7_context"": 0.0013999997463542968, ""K1_normalization"": 0.01219999830937013, ""K6_advisory"": 21.5022999982466, ""K1_intent"": 0.03550000110408291, ""K2_retrieval"": 190.6730000009702, ""K3_reranker"": 1770.5802999989828, ""K8_weighted_ranking"": 0.9522000000288244, ""K3_candidate_filters"": 1.3266999994812068, ""K9_advisory_consensus"": 0.005199999577598646, ""K4_nli_and_bypass_check"": 19.840900000417605, ""K5_decision"": 0.3640999966592062}",22388
FACTURK-0175,YALAN,"[17313, 24305, 9450, 22559, 25408, 6426, 18574, 5771, 22772, 19278, 17170, 13192, 396, 18056, 19074, 9597, 17371, 405, 17913, 2287]","[0.995685338973999, 0.009340023621916771, 0.0012351677287369967, 0.00029137005913071334, 5.920916373725049e-05, 2.392351052549202e-05, 4.331903619458899e-05, 1.6964426322374493e-05, 1.805851934477687e-05, 0.004609572235494852, 1.6442494597868063e-05, 0.01833445206284523, 0.000810387369710952, 6.302758993115276e-05, 1.6442494597868063e-05, 1.6187581422855146e-05, 0.0026419467758387327, 1.7366719475830905e-05, 1.6314539607265033e-05, 2.411113746347837e-05]","[0.0474853515625, 0.916015625, 0.03656005859375]","[0.0474853515625, 0.916015625, 0.03656005859375]",False,YETERSİZ VERİ,RET,True,False,17027.7004999989,"{""K1_input_and_readiness"": 0.03619999915827066, ""K7_context"": 0.0011000010999850929, ""K1_normalization"": 0.006599999323952943, ""K6_advisory"": 22.396699998353142, ""K1_intent"": 0.030899998819222674, ""K2_retrieval"": 158.77419999742415, ""K3_reranker"": 1297.7788999996847, ""K8_weighted_ranking"": 0.916600001801271, ""K3_candidate_filters"": 0.2683000020624604, ""K9_advisory_consensus"": 0.005000001692678779, ""K4_nli_and_bypass_check"": 73.37570000163396, ""K5_decision"": 54.08779999925173}",17313
FACTURK-0176,YALAN,"[11277, 4817, 1610, 25169, 4340, 12685, 24184, 10416, 11617, 19061, 5209, 6532, 22504, 5007, 14212, 2338, 12542, 21954, 12819, 744]","[0.0002269338583573699, 0.07978200167417526, 1.7231572201126255e-05, 0.22901751101016998, 2.265035072923638e-05, 1.6442494597868063e-05, 0.00012148174573667347, 1.6187581422855146e-05, 0.008412977680563927, 3.7636447814293206e-05, 0.00020988310279790312, 3.619466951931827e-05, 0.04552200436592102, 2.2827996872365475e-05, 1.8342892872169614e-05, 1.8631746570463292e-05, 0.0003799845289904624, 0.0019800399895757437, 0.0019494021544232965, 1.6442494597868063e-05]",null,null,False,YETERSİZ VERİ,RET,True,False,13770.45779999753,"{""K1_input_and_readiness"": 0.051799997891066596, ""K7_context"": 0.0012000018614344299, ""K1_normalization"": 0.008999999408842996, ""K6_advisory"": 20.675799998571165, ""K1_intent"": 0.031600000511389226, ""K2_retrieval"": 172.5097000016831, ""K3_reranker"": 1948.0441999985487, ""K8_weighted_ranking"": 1.0241000018140767, ""K3_candidate_filters"": 0.0020999978005420417}",
FACTURK-0177,YALAN,"[19484, 22465, 19816, 8740, 29474, 7224, 27522, 18975, 15546, 27004, 2720, 10902, 26306, 17510, 14277, 10285, 15372, 25758, 3579, 6232]","[0.02595735713839531, 0.11299101263284683, 0.0874079093337059, 0.010529711842536926, 0.28279000520706177, 0.14045409858226776, 0.002463006880134344, 0.022074386477470398, 0.047514185309410095, 0.2753245234489441, 0.024053551256656647, 0.188323974609375, 0.022074386477470398, 0.02048855647444725, 0.07004895806312561, 0.6776873469352722, 0.018941707909107208, 0.1173696517944336, 0.006338921841233969, 0.2890705466270447]","[0.0421142578125, 0.004093170166015625, 0.95361328125]","[0.0421142578125, 0.004093170166015625, 0.95361328125]",False,DOĞRU,ONAY,False,False,1785.311299998284,"{""K1_input_and_readiness"": 0.04699999772128649, ""K7_context"": 0.0011999982234556228, ""K1_normalization"": 0.009700001101009548, ""K6_advisory"": 21.331799998733914, ""K1_intent"": 0.024900000425986946, ""K2_retrieval"": 158.1445999981952, ""K3_reranker"": 1330.6179999999586, ""K8_weighted_ranking"": 0.9170000012090895, ""K3_candidate_filters"": 0.2789000027405564, ""K9_advisory_consensus"": 0.004800000169780105, ""K4_nli_and_bypass_check"": 146.3177999976324, ""K5_decision"": 125.14749999900232}",10285
FACTURK-0178,YALAN,"[28388, 26070, 12161, 4119, 15675, 22538, 26587, 27997, 26343, 25857, 11780, 6336, 15874, 12446, 19888, 25178, 8787, 16309, 30356, 24277]","[0.23970511555671692, 0.0007613258203491569, 0.0007466114475391805, 1.6061610949691385e-05, 3.975192521465942e-05, 0.00039977103006094694, 0.0012448433553799987, 0.0016103574307635427, 0.00046010586083866656, 0.04804735630750656, 0.002790037775412202, 0.0008727670647203922, 0.0001500056532677263, 9.915272676153108e-05, 0.0017614696407690644, 0.00019871552649419755, 0.005343256052583456, 0.011777842417359352, 0.005730246659368277, 0.00021995337738189846]",null,null,False,YETERSİZ VERİ,RET,True,False,16595.612499997515,"{""K1_input_and_readiness"": 0.0515000028826762, ""K7_context"": 0.0008999995770864189, ""K1_normalization"": 0.009499999578110874, ""K6_advisory"": 20.269699998607393, ""K1_intent"": 0.029200000426499173, ""K2_retrieval"": 190.72489999962272, ""K3_reranker"": 2063.443400002143, ""K8_weighted_ranking"": 1.152200002252357, ""K3_candidate_filters"": 0.0026000016077887267}",
FACTURK-0179,DOĞRU,"[20593, 29609, 5214, 27098, 25113, 27780, 5724, 20468, 2386, 25969, 4506, 6056, 8654, 21925, 22131, 4872, 18101, 17988, 16554, 22328]","[0.9986541271209717, 2.6688529032981023e-05, 2.4682904040673748e-05, 1.593661909282673e-05, 0.005663865711539984, 2.7535690605873242e-05, 1.6314539607265033e-05, 1.9525883544702083e-05, 0.037326887249946594, 0.0013096056645736098, 1.6061610949691385e-05, 1.6314539607265033e-05, 0.0030278346966952085, 1.6061610949691385e-05, 1.657145367062185e-05, 0.00035281325108371675, 1.6061610949691385e-05, 1.593661909282673e-05, 0.000124362253700383, 0.00015356240328401327]",null,"[1.0, 0.0, 0.0]",True,DOĞRU,ONAY,False,False,1326.1196999992535,"{""K1_input_and_readiness"": 0.04939999780617654, ""K7_context"": 0.0012999989849049598, ""K1_normalization"": 0.008099999831756577, ""K6_advisory"": 21.802999999636086, ""K1_intent"": 0.026799996703630313, ""K2_retrieval"": 154.94290000060573, ""K3_reranker"": 1144.292700002552, ""K8_weighted_ranking"": 1.0056999999505933, ""K3_candidate_filters"": 0.28699999893433414, ""K9_advisory_consensus"": 0.005199999577598646, ""K4_nli_and_bypass_check"": 0.1919999995152466, ""K5_decision"": 0.21209999977145344}",20593
FACTURK-0180,YALAN,"[2000, 25049, 4855, 4721, 4866, 5214, 11451, 15684, 8884, 18468, 21500, 10051, 12622, 4532, 8759, 5710, 4469, 7730, 13838, 11058]","[0.043042849749326706, 0.010013571009039879, 0.001383117400109768, 0.06108710914850235, 2.2474090656032786e-05, 0.018404889851808548, 1.6442494597868063e-05, 0.00011501735571073368, 0.009268013760447502, 0.7994422912597656, 0.0005484792054630816, 0.002560870721936226, 0.543347954750061, 0.000626334105618298, 0.00018093574908562005, 0.0012399960542097688, 1.8342892872169614e-05, 1.6187581422855146e-05, 7.722192094661295e-05, 0.16105617582798004]","[0.0009355545043945312, 0.998046875, 0.0007739067077636719]","[0.0009355545043945312, 0.998046875, 0.0007739067077636719]",False,YETERSİZ VERİ,RET,True,False,19303.77210000006,"{""K1_input_and_readiness"": 0.0670000008540228, ""K7_context"": 0.0010999974620062858, ""K1_normalization"": 0.012099997547920793, ""K6_advisory"": 24.534100000892067, ""K1_intent"": 0.048999998398358, ""K2_retrieval"": 286.95710000101826, ""K3_reranker"": 2049.3108999980905, ""K8_weighted_ranking"": 1.1287000015727244, ""K3_candidate_filters"": 0.6233000021893531, ""K9_advisory_consensus"": 0.006300000677583739, ""K4_nli_and_bypass_check"": 914.1732999996748, ""K5_decision"": 835.2470999998332}",18468
FACTURK-0181,YALAN,"[14032, 18387, 30196, 15852, 8159, 11490, 29900, 16917, 28530, 18487, 18617, 4861, 22908, 24497, 10414, 18635, 24331, 24083, 11545, 22405]","[0.003350423648953438, 0.0006411777576431632, 0.002957902615889907, 4.231559796608053e-05, 0.0003225071995984763, 0.0003301527176517993, 0.00015720345254521817, 0.00010804955672938377, 4.5044595026411116e-05, 0.02382536791265011, 0.0006512682302854955, 0.0026522595435380936, 0.0004747042548842728, 0.00010229986219201237, 0.00982179306447506, 0.000192602863535285, 0.38722676038742065, 0.0002802109520416707, 0.0009659748757258058, 0.0002002737601287663]","[0.99365234375, 0.004215240478515625, 0.0023403167724609375]","[0.99365234375, 0.004215240478515625, 0.0023403167724609375]",False,YALAN,UYARI,False,False,2174.374900001567,"{""K1_input_and_readiness"": 0.05720000262954272, ""K7_context"": 0.0015000005078036338, ""K1_normalization"": 0.010199997632298619, ""K6_advisory"": 25.46000000074855, ""K1_intent"": 0.03719999949680641, ""K2_retrieval"": 210.26490000076592, ""K3_reranker"": 1488.0812999981572, ""K8_weighted_ranking"": 1.097600001230603, ""K3_candidate_filters"": 0.33400000029359944, ""K9_advisory_consensus"": 0.005900001269765198, ""K4_nli_and_bypass_check"": 237.98290000195266, ""K5_decision"": 207.51170000221464}",24331
FACTURK-0182,DOĞRU,"[1120, 25757, 9686, 8503, 15618, 25115, 29017, 9527, 21415, 14105, 27517, 3452, 29365, 20531, 19835, 26567, 704, 3259, 29838, 15978]","[0.004086002707481384, 0.004281254485249519, 0.003538086311891675, 0.4538971781730652, 0.6868953704833984, 0.0003500686143524945, 0.010052368976175785, 1.7917987861437723e-05, 4.469407213036902e-05, 0.0004044814850203693, 0.0029464049730449915, 1.6314539607265033e-05, 0.00012533752305898815, 1.6314539607265033e-05, 0.9465966820716858, 1.6061610949691385e-05, 0.0074030146934092045, 0.0003514382697176188, 0.0010608151787891984, 0.015424552373588085]","[0.998046875, 0.0008869171142578125, 0.0012884140014648438]","[0.998046875, 0.0008869171142578125, 0.0012884140014648438]",False,YETERSİZ VERİ,KISMI,True,False,2555.354099997203,"{""K1_input_and_readiness"": 0.08929999967222102, ""K7_context"": 0.0025000008463393897, ""K1_normalization"": 0.016400001186411828, ""K6_advisory"": 28.270599999814294, ""K1_intent"": 0.06179999763844535, ""K2_retrieval"": 229.8174999996263, ""K3_reranker"": 2091.6247999994084, ""K8_weighted_ranking"": 1.048800000717165, ""K3_candidate_filters"": 0.8349999989150092, ""K9_advisory_consensus"": 0.006099999154685065, ""K4_nli_and_bypass_check"": 114.18740000226535, ""K5_decision"": 86.58879999711644}",19835
FACTURK-0183,DOĞRU,"[12380, 6322, 20718, 20932, 26371, 24551, 14190, 16502, 9718, 14909, 28415, 26393, 28654, 28254, 8486, 15899, 24012, 9387, 11229, 23551]","[0.01358439214527607, 0.0003275842755101621, 0.0028009270317852497, 0.0004108485300093889, 0.0035243413876742125, 1.6442494597868063e-05, 0.0017752605490386486, 5.5622065701754764e-05, 0.00016346470511052758, 2.4876489987946115e-05, 0.0002269338583573699, 3.269927037763409e-05, 0.00029137005913071334, 0.00016093082376755774, 0.000159678646014072, 0.006463137920945883, 3.4808123018592596e-05, 1.750292540236842e-05, 0.00024536947603337467, 2.1278065105434507e-05]",null,null,False,YETERSİZ VERİ,RET,True,False,29183.590900000127,"{""K1_input_and_readiness"": 0.04510000144364312, ""K7_context"": 0.0011000010999850929, ""K1_normalization"": 0.007299997378140688, ""K6_advisory"": 22.11430000170367, ""K1_intent"": 0.0289999989036005, ""K2_retrieval"": 155.0390000011248, ""K3_reranker"": 1591.8239999991783, ""K8_weighted_ranking"": 1.0298999986844137, ""K3_candidate_filters"": 0.0018999999156221747}",
FACTURK-0184,DOĞRU,"[11764, 1410, 9488, 542, 14511, 21637, 27031, 2739, 22527, 11839, 29879, 23547, 13590, 2431, 28017, 12922, 19554, 9599, 13938, 3770]","[0.1581743359565735, 0.02527489699423313, 0.07290027290582657, 0.0002234163403045386, 0.000337979436153546, 0.02076473832130432, 0.00025714197545312345, 0.001512938179075718, 2.094818773912266e-05, 0.00013982206291984767, 4.365878339740448e-05, 0.000458312890259549, 2.178264912799932e-05, 0.01024860143661499, 0.0004013350699096918, 7.484622619813308e-05, 0.0008559006964787841, 1.7366719475830905e-05, 0.0026834397576749325, 3.7931622500764206e-05]","[0.99853515625, 0.0006222724914550781, 0.0007576942443847656]","[0.99853515625, 0.0006222724914550781, 0.0007576942443847656]",False,DOĞRU,ONAY,False,False,16228.371100001823,"{""K1_input_and_readiness"": 0.06719999873894267, ""K7_context"": 0.001400003384333104, ""K1_normalization"": 0.01340000017080456, ""K6_advisory"": 21.77999999912572, ""K1_intent"": 0.03640000068116933, ""K2_retrieval"": 211.65759999712463, ""K3_reranker"": 1673.7696999989566, ""K8_weighted_ranking"": 1.0355000013078097, ""K3_candidate_filters"": 0.0022000021999701858, ""K9_advisory_consensus"": 0.013699998817173764, ""K4_nli_and_bypass_check"": 37.362400002166396, ""K5_decision"": 0.3589999978430569}",web_2b0c21a7_1
FACTURK-0185,DOĞRU,"[18230, 10903, 18181, 2007, 5164, 22922, 12152, 18865, 22209, 526, 20027, 23463, 1582, 3233, 14101, 11989, 4186, 17961, 13302, 23656]","[0.0013458604225888848, 0.0003301527176517993, 0.0011291546979919076, 0.002074867021292448, 0.002199798123911023, 0.006718870252370834, 0.00034329999471083283, 0.010052368976175785, 0.00034464316559024155, 2.526822754589375e-05, 0.0001547666179249063, 3.70529705833178e-05, 0.0011879054363816977, 2.178264912799932e-05, 0.002199798123911023, 0.00018667821132112294, 3.426849070820026e-05, 1.805851934477687e-05, 0.00010804955672938377, 4.870464181294665e-05]",null,null,False,YETERSİZ VERİ,RET,True,False,20113.16330000045,"{""K1_input_and_readiness"": 0.043000000005122274, ""K7_context"": 0.0010000003385357559, ""K1_normalization"": 0.008200000593205914, ""K6_advisory"": 20.343300002423348, ""K1_intent"": 0.025099998310906813, ""K2_retrieval"": 168.06230000293, ""K3_reranker"": 1261.1265999985335, ""K8_weighted_ranking"": 0.9872000009636395, ""K3_candidate_filters"": 0.0021000014385208488}",
FACTURK-0186,DOĞRU,"[22218, 12864, 21058, 13989, 12715, 5023, 9150, 28547, 20446, 5535, 1499, 13390, 27696, 25228, 1272, 28144, 11479, 11125, 18332, 23757]","[0.6504672765731812, 0.022715754806995392, 0.000437334441812709, 0.07198162376880646, 0.09268777817487717, 0.017309095710515976, 0.22135066986083984, 0.004101929254829884, 0.046378202736377716, 0.006003595422953367, 0.006984650157392025, 0.0030160662718117237, 0.03155902028083801, 0.7975568175315857, 0.020567094907164574, 0.38110437989234924, 0.016850080341100693, 0.08601588010787964, 0.0075479233637452126, 0.0012893283274024725]","[0.0007004737854003906, 0.01128387451171875, 0.98779296875]","[0.0007004737854003906, 0.01128387451171875, 0.98779296875]",False,DOĞRU,ONAY,False,False,2099.576699998579,"{""K1_input_and_readiness"": 0.07079999704728834, ""K7_context"": 0.0011000010999850929, ""K1_normalization"": 0.012699998478638008, ""K6_advisory"": 20.764599998074118, ""K1_intent"": 0.035099998058285564, ""K2_retrieval"": 218.22270000120625, ""K3_reranker"": 1832.7008000014757, ""K8_weighted_ranking"": 0.8932999990065582, ""K3_candidate_filters"": 0.7654000000911765, ""K9_advisory_consensus"": 0.005599998985417187, ""K4_nli_and_bypass_check"": 22.53980000023148, ""K5_decision"": 0.3229999965697061}",25228
FACTURK-0187,DOĞRU,"[6858, 1791, 17272, 3889, 29381, 9214, 8352, 21772, 13354, 17824, 25444, 25038, 7762, 15609, 23933, 8315, 21737, 16434, 6816, 1056]","[0.0017342078499495983, 0.0002251682453788817, 0.22371606528759003, 0.0006986756343394518, 2.4876489987946115e-05, 0.02319762483239174, 0.0002131875662598759, 0.00021152888075448573, 0.0006462032906711102, 1.67014204635052e-05, 0.0501442477107048, 0.26664361357688904, 1.683241134742275e-05, 0.06754669547080994, 0.02010023407638073, 1.67014204635052e-05, 0.03339982032775879, 4.1335399146191776e-05, 0.000192602863535285, 7.031184941297397e-05]",null,null,False,YETERSİZ VERİ,RET,True,False,19419.75739999907,"{""K1_input_and_readiness"": 0.035700002626981586, ""K7_context"": 0.0010000003385357559, ""K1_normalization"": 0.007099999493220821, ""K6_advisory"": 21.868300002097385, ""K1_intent"": 0.026500001695239916, ""K2_retrieval"": 168.3028999977978, ""K3_reranker"": 2410.1196999981767, ""K8_weighted_ranking"": 1.1061000004701782, ""K3_candidate_filters"": 0.0020000006770715117}",
FACTURK-0188,YALAN,"[5578, 5949, 24661, 21674, 12087, 30148, 4532, 4452, 29415, 3324, 29267, 28266, 3185, 2080, 12071, 6189, 28091, 22587, 4160, 27302]","[0.0017614696407690644, 0.00039357561036013067, 0.00012731103925034404, 0.0064882696606218815, 0.042087726294994354, 0.007011794950813055, 0.002278330735862255, 0.01353214867413044, 0.00035281325108371675, 0.008847354911267757, 0.0010566838318482041, 0.00048406238784082234, 0.0008727670647203922, 8.888084994396195e-05, 0.0007437028689309955, 0.0001344663032796234, 1.9073577277595177e-05, 2.1278065105434507e-05, 3.071818719035946e-05, 1.6061610949691385e-05]",null,null,False,YETERSİZ VERİ,RET,True,False,11951.161799999682,"{""K1_input_and_readiness"": 0.0608000009378884, ""K7_context"": 0.0016000012692529708, ""K1_normalization"": 0.011000000085914508, ""K6_advisory"": 21.03940000233706, ""K1_intent"": 0.03190000279573724, ""K2_retrieval"": 186.87759999738773, ""K3_reranker"": 1737.999499997386, ""K8_weighted_ranking"": 0.9653999986767303, ""K3_candidate_filters"": 0.0017999991541728377}",
FACTURK-0189,DOĞRU,"[19351, 18431, 13442, 29094, 11010, 7735, 23905, 17153, 12798, 5895, 5668, 9658, 16651, 19588, 28962, 21996, 16699, 5494, 12305, 24009]","[0.06313490122556686, 0.0003799845289904624, 0.00015720345254521817, 1.67014204635052e-05, 2.6897845600615256e-05, 1.9525883544702083e-05, 1.6442494597868063e-05, 0.06244528666138649, 1.6314539607265033e-05, 3.244481558795087e-05, 1.6314539607265033e-05, 4.0694576455280185e-05, 1.9525883544702083e-05, 1.6187581422855146e-05, 6.922183820279315e-05, 0.0025708682369440794, 0.048496000468730927, 8.415108459303156e-05, 1.6314539607265033e-05, 1.67014204635052e-05]","[0.414306640625, 0.55029296875, 0.03564453125]","[0.414306640625, 0.55029296875, 0.03564453125]",False,YETERSİZ VERİ,KISMI,True,False,17308.578899999702,"{""K1_input_and_readiness"": 0.050499998906161636, ""K7_context"": 0.0011999982234556228, ""K1_normalization"": 0.010100000508828089, ""K6_advisory"": 21.014899997680914, ""K1_intent"": 0.025699999241624027, ""K2_retrieval"": 155.09629999723984, ""K3_reranker"": 1097.8964999994787, ""K8_weighted_ranking"": 0.9242999985872302, ""K3_candidate_filters"": 0.0020000006770715117, ""K9_advisory_consensus"": 0.013100001524435356, ""K4_nli_and_bypass_check"": 78.85519999763346, ""K5_decision"": 0.3974999999627471}",web_fc2d43a2_2
FACTURK-0190,YALAN,"[21442, 18363, 27285, 27885, 8127, 9622, 2615, 3887, 27879, 7227, 27467, 24621, 17660, 24271, 21657, 20506, 10655, 26771, 20768, 20891]","[0.0005112579092383385, 0.0003301527176517993, 0.0008864988922141492, 2.586742994026281e-05, 0.0011203772155568004, 0.00018093574908562005, 0.0003799845289904624, 0.0004994205664843321, 0.0014895173953846097, 0.009412589482963085, 0.0003006163169629872, 0.00815624836832285, 0.0013096056645736098, 0.04509957134723663, 6.253713218029588e-05, 0.052327629178762436, 0.0008796061738394201, 0.0007321811863221228, 0.0015916259726509452, 0.0005907104350626469]",null,null,False,YETERSİZ VERİ,RET,True,False,15109.477699999843,"{""K1_input_and_readiness"": 0.05160000000614673, ""K7_context"": 0.0012999989849049598, ""K1_normalization"": 0.008699997124494985, ""K6_advisory"": 23.049700001138262, ""K1_intent"": 0.032100000680657104, ""K2_retrieval"": 174.44940000132192, ""K3_reranker"": 967.8693000023486, ""K8_weighted_ranking"": 0.9984999996959232, ""K3_candidate_filters"": 0.0016999983927235007}",
FACTURK-0191,DOĞRU,"[5224, 19539, 17558, 12191, 25103, 26149, 24920, 3972, 489, 7290, 10178, 21619, 16071, 14360, 12175, 20963, 7967, 17152, 9013, 17870]","[0.0008899655076675117, 2.4300241420860402e-05, 0.002511463360860944, 1.9525883544702083e-05, 1.67014204635052e-05, 1.6314539607265033e-05, 1.6187581422855146e-05, 2.818866414600052e-05, 1.7097478121286258e-05, 2.1112482500029728e-05, 1.593661909282673e-05, 8.888084994396195e-05, 0.00032503585680387914, 1.6187581422855146e-05, 1.922317096614279e-05, 1.6061610949691385e-05, 1.593661909282673e-05, 1.6314539607265033e-05, 1.6187581422855146e-05, 2.4682904040673748e-05]",null,null,False,YETERSİZ VERİ,RET,True,False,11639.424999997573,"{""K1_input_and_readiness"": 0.054799998906673864, ""K7_context"": 0.0013999997463542968, ""K1_normalization"": 0.009800001862458885, ""K6_advisory"": 22.30789999885019, ""K1_intent"": 0.028800001018680632, ""K2_retrieval"": 155.37639999820385, ""K3_reranker"": 1053.0012999988685, ""K8_weighted_ranking"": 0.9528000009595416, ""K3_candidate_filters"": 0.0018999999156221747}",
FACTURK-0192,DOĞRU,"[19325, 27343, 11505, 20335, 6977, 2313, 1288, 5692, 28002, 12545, 10454, 12305, 27852, 6334, 24499, 10438, 16288, 19631, 4147, 23204]","[0.9460012316703796, 0.00020825010142289102, 0.00012731103925034404, 0.0001559802913106978, 0.00015843621804378927, 0.0008199321455322206, 4.006369272246957e-05, 0.00022167809947859496, 0.0011469158343970776, 0.000539980421308428, 0.00013982206291984767, 7.254361844388768e-05, 0.0001344663032796234, 0.0005112579092383385, 0.0004747042548842728, 5.694102947018109e-05, 1.6314539607265033e-05, 2.1278065105434507e-05, 1.6314539607265033e-05, 0.0008796061738394201]","[0.998046875, 0.0009555816650390625, 0.0009279251098632812]","[0.998046875, 0.0009555816650390625, 0.0009279251098632812]",False,DOĞRU,ONAY,False,False,19751.125899998442,"{""K1_input_and_readiness"": 0.040800001443130895, ""K7_context"": 0.0010999974620062858, ""K1_normalization"": 0.007099999493220821, ""K6_advisory"": 65.76330000098096, ""K1_intent"": 0.036200002796249464, ""K2_retrieval"": 212.19829999972717, ""K3_reranker"": 1513.5851000013645, ""K8_weighted_ranking"": 0.9501000022282824, ""K3_candidate_filters"": 0.2666000000317581, ""K9_advisory_consensus"": 0.005500001861946657, ""K4_nli_and_bypass_check"": 117.64150000090012, ""K5_decision"": 89.79059999910532}",web_c2e1efeb_1
FACTURK-0193,DOĞRU,"[4093, 4710, 2121, 16665, 27488, 25295, 28378, 4659, 11250, 17797, 7409, 18508, 14559, 3503, 17170, 7203, 23512, 16807, 9953, 2623]","[0.025662705302238464, 0.12787027657032013, 0.0032350558321923018, 0.0001621928095119074, 0.0003889921063091606, 0.004520817659795284, 0.000609450158663094, 5.694102947018109e-05, 9.387641330249608e-05, 0.015543648041784763, 0.0018102108733728528, 0.0001956353517016396, 0.00014539113908540457, 0.0014550630003213882, 4.1659583075670525e-05, 0.059101540595293045, 0.0001511819864390418, 0.0013993984321132302, 2.7751651941798627e-05, 0.001004416379146278]","[0.0198974609375, 0.9794921875, 0.0004475116729736328]","[0.0198974609375, 0.9794921875, 0.0004475116729736328]",False,YETERSİZ VERİ,RET,True,False,15799.891800001205,"{""K1_input_and_readiness"": 0.039599999581696466, ""K7_context"": 0.0011000010999850929, ""K1_normalization"": 0.008600000001024455, ""K6_advisory"": 22.756300000764895, ""K1_intent"": 0.03260000084992498, ""K2_retrieval"": 176.4379000014742, ""K3_reranker"": 1829.8795000009704, ""K8_weighted_ranking"": 0.9415999993507285, ""K3_candidate_filters"": 0.0018000027921516448, ""K9_advisory_consensus"": 0.012800002878066152, ""K4_nli_and_bypass_check"": 364.1715000012482, ""K5_decision"": 293.03629999776604}",web_849f92bc_0
FACTURK-0194,DOĞRU,"[8602, 5958, 15787, 28867, 9563, 25004, 12818, 23631, 475, 25873, 10217, 3737, 22737, 17958, 4791, 4694, 23117, 2157, 10662, 3641]","[0.029760092496871948, 0.0002780309587251395, 4.1335399146191776e-05, 0.004591683857142925, 4.683888619183563e-05, 0.00014091856428422034, 0.00021824207215104252, 5.738759500673041e-05, 0.005865338258445263, 0.00010720880527514964, 0.008251599036157131, 6.014152313582599e-05, 3.619466951931827e-05, 7.254361844388768e-05, 7.602479308843613e-05, 0.0015669887652620673, 7.031184941297397e-05, 3.9135655242716894e-05, 0.00032503585680387914, 7.602479308843613e-05]","[0.9970703125, 0.0004856586456298828, 0.002376556396484375]","[0.9970703125, 0.0004856586456298828, 0.002376556396484375]",False,DOĞRU,ONAY,False,False,14853.89159999977,"{""K1_input_and_readiness"": 0.04239999907440506, ""K7_context"": 0.0010999974620062858, ""K1_normalization"": 0.00960000033956021, ""K6_advisory"": 20.41820000158623, ""K1_intent"": 0.02300000051036477, ""K2_retrieval"": 168.65030000190018, ""K3_reranker"": 1947.0805000019027, ""K8_weighted_ranking"": 1.0138000034203287, ""K3_candidate_filters"": 0.0018999999156221747, ""K9_advisory_consensus"": 0.014000001101521775, ""K4_nli_and_bypass_check"": 470.88929999881657, ""K5_decision"": 383.27030000073137}",web_6ea035c7_1
FACTURK-0195,YALAN,"[4770, 25033, 30006, 2129, 4872, 75, 28039, 125, 7577, 25399, 17816, 18895, 27699, 1890, 12613, 27074, 20837, 9360, 17066, 5756]","[0.00027372167096473277, 0.00010637458035489544, 0.000191104321856983, 0.0003569706459529698, 1.7097478121286258e-05, 0.00020342698553577065, 1.7778551409719512e-05, 0.00020825010142289102, 2.1278065105434507e-05, 0.0002591582597233355, 6.761842087144032e-05, 0.00020502213737927377, 0.000487857119878754, 1.6187581422855146e-05, 0.0001673405058681965, 1.6187581422855146e-05, 0.0001837845629779622, 1.683241134742275e-05, 4.794958294951357e-05, 4.832564081880264e-05]",null,null,False,YETERSİZ VERİ,RET,True,False,15301.61919999955,"{""K1_input_and_readiness"": 0.0397000003431458, ""K7_context"": 0.0011000010999850929, ""K1_normalization"": 0.006400001439033076, ""K6_advisory"": 22.655100001429673, ""K1_intent"": 0.025000001187436283, ""K2_retrieval"": 149.17160000186414, ""K3_reranker"": 1127.7167000007466, ""K8_weighted_ranking"": 0.983599999017315, ""K3_candidate_filters"": 0.0017999991541728377}",
FACTURK-0196,DOĞRU,"[24272, 1218, 18325, 7662, 5817, 2566, 12706, 11149, 11901, 13591, 7441, 16473, 13586, 18352, 9606, 19558, 13813, 10484, 15923, 16948]","[0.00044770087697543204, 0.0002287133247591555, 0.0006798428948968649, 0.00021824207215104252, 1.6964426322374493e-05, 0.0003053489199373871, 0.0023688741493970156, 5.920916373725049e-05, 0.0007466114475391805, 0.001747785834595561, 0.00407013762742281, 1.6964426322374493e-05, 1.8486754925106652e-05, 0.005620036274194717, 4.757645365316421e-05, 4.575391358230263e-05, 2.0623421733034775e-05, 3.4001819585682824e-05, 0.0008295892039313912, 1.6442494597868063e-05]",null,null,False,YETERSİZ VERİ,RET,True,False,16294.694300002448,"{""K1_input_and_readiness"": 0.052299998060334474, ""K7_context"": 0.0012999989849049598, ""K1_normalization"": 0.010100000508828089, ""K6_advisory"": 21.91310000125668, ""K1_intent"": 0.036699999327538535, ""K2_retrieval"": 168.72270000021672, ""K3_reranker"": 1312.6693000012892, ""K8_weighted_ranking"": 0.994500001979759, ""K3_candidate_filters"": 0.0021000014385208488}",
FACTURK-0197,YALAN,"[5272, 5300, 20863, 29196, 10360, 4119, 14792, 12161, 30347, 13711, 1840, 6047, 29875, 30352, 21515, 3315, 24421, 21495, 4384, 24454]","[0.4563492238521576, 0.4480036199092865, 0.0028009270317852497, 0.0003150386910419911, 0.00049553596181795, 6.402006692951545e-05, 0.005040702875703573, 0.05155818909406662, 0.18403315544128418, 0.1557193398475647, 0.007968815043568611, 0.0626743733882904, 1.9833367332466878e-05, 0.0014779430348426104, 0.007846239022910595, 0.002580904169008136, 0.006388320587575436, 2.2827996872365475e-05, 0.009633651934564114, 1.683241134742275e-05]","[0.00186920166015625, 0.98388671875, 0.01447296142578125]","[0.00186920166015625, 0.98388671875, 0.01447296142578125]",False,YETERSİZ VERİ,RET,True,False,19212.225899998884,"{""K1_input_and_readiness"": 0.07449999975506216, ""K7_context"": 0.0011999982234556228, ""K1_normalization"": 0.013900000340072438, ""K6_advisory"": 20.71520000026794, ""K1_intent"": 0.038899997889529914, ""K2_retrieval"": 232.9234999997425, ""K3_reranker"": 2125.971200002823, ""K8_weighted_ranking"": 0.9575000003678724, ""K3_candidate_filters"": 0.54190000082599, ""K9_advisory_consensus"": 0.005599998985417187, ""K4_nli_and_bypass_check"": 28.17920000234153, ""K5_decision"": 0.16150000010384247}",5272
FACTURK-0198,DOĞRU,"[23181, 26284, 22218, 1272, 2993, 29892, 11479, 25228, 15787, 27696, 25225, 12809, 8347, 28417, 21089, 9039, 6047, 1302, 28347, 23686]","[0.14730967581272125, 0.5824910402297974, 0.20721471309661865, 0.026455774903297424, 0.005260852165520191, 0.027376487851142883, 0.03697755187749863, 0.03919513151049614, 0.013273886404931545, 0.35353976488113403, 0.045183755457401276, 0.016466174274683, 0.016593176871538162, 0.49782949686050415, 0.19147881865501404, 0.4706149399280548, 0.00027372167096473277, 0.0011424495605751872, 0.005957154091447592, 0.003854363691061735]","[0.0007500648498535156, 0.1748046875, 0.82421875]","[0.0007500648498535156, 0.1748046875, 0.82421875]",False,DOĞRU,ONAY,False,False,2697.917800000141,"{""K1_input_and_readiness"": 0.05949999831500463, ""K7_context"": 0.0012999989849049598, ""K1_normalization"": 0.01089999932446517, ""K6_advisory"": 21.106799998960923, ""K1_intent"": 0.034100001357728615, ""K2_retrieval"": 205.83190000252216, ""K3_reranker"": 1604.7958000017388, ""K8_weighted_ranking"": 0.9261999985028524, ""K3_candidate_filters"": 1.0884000002988614, ""K9_advisory_consensus"": 0.005699999746866524, ""K4_nli_and_bypass_check"": 459.6610000007786, ""K5_decision"": 401.5685000013036}",26284
FACTURK-0199,DOĞRU,"[12333, 19190, 5039, 6412, 13983, 1562, 12469, 27018, 6069, 29539, 25231, 4002, 21998, 8813, 11330, 16824, 23772, 10656, 3249, 9572]","[0.01024860143661499, 0.0006000071880407631, 0.00026530236937105656, 0.0011335690505802631, 0.00031015597051009536, 1.6442494597868063e-05, 1.6314539607265033e-05, 0.00026947917649522424, 0.0007208379684016109, 5.5622065701754764e-05, 1.7097478121286258e-05, 1.7366719475830905e-05, 0.00016603845870122313, 0.0006118340534158051, 8.415108459303156e-05, 6.0613183450186625e-05, 0.0025909794494509697, 3.1201914680423215e-05, 1.6442494597868063e-05, 0.0011559007689356804]","[0.0217132568359375, 0.0024814605712890625, 0.9755859375]","[0.0217132568359375, 0.0024814605712890625, 0.9755859375]",False,YALAN,RED,False,False,25626.148600000306,"{""K1_input_and_readiness"": 0.03850000211969018, ""K7_context"": 0.0012000018614344299, ""K1_normalization"": 0.007400001777568832, ""K6_advisory"": 21.845999999641208, ""K1_intent"": 0.03650000144261867, ""K2_retrieval"": 182.58419999983744, ""K3_reranker"": 2191.8124000003445, ""K8_weighted_ranking"": 1.0121000013896264, ""K3_candidate_filters"": 0.0024000000848900527, ""K9_advisory_consensus"": 0.013700002455152571, ""K4_nli_and_bypass_check"": 303.016399997432, ""K5_decision"": 297.2766999992018}",web_fd5e381c_0
FACTURK-0200,DOĞRU,"[4119, 24217, 3423, 25108, 12763, 16322, 10, 30120, 26227, 3339, 6312, 14012, 15755, 21058, 7120, 8602, 2506, 7623, 8507, 5535]","[1.7366719475830905e-05, 0.020332353189587593, 0.28348374366760254, 0.008412977680563927, 0.001987774157896638, 3.4537253668531775e-05, 0.039048291742801666, 0.0014214044203981757, 0.0008199321455322206, 0.0007947254925966263, 7.905303937150165e-05, 0.0013096056645736098, 0.00029137005913071334, 0.00013658353418577462, 0.19528697431087494, 0.007039045449346304, 0.0001956353517016396, 0.0001686527393758297, 3.5633544030133635e-05, 0.00018667821132112294]",null,null,False,YETERSİZ VERİ,RET,True,False,12499.224099999992,"{""K1_input_and_readiness"": 0.05919999966863543, ""K7_context"": 0.0010000003385357559, ""K1_normalization"": 0.01179999890155159, ""K6_advisory"": 19.695499999215826, ""K1_intent"": 0.03400000059627928, ""K2_retrieval"": 214.7817999975814, ""K3_reranker"": 1729.1751999982807, ""K8_weighted_ranking"": 1.0794000008900184, ""K3_candidate_filters"": 0.0020000006770715117}",
FACTURK-0201,DOĞRU,"[24946, 6387, 10614, 1212, 22301, 29832, 5133, 11411, 13673, 2724, 20296, 16041, 17124, 14919, 16218, 26733, 3670, 23215, 18988, 29507]","[0.9995505213737488, 0.009020279161632061, 0.19436779618263245, 0.027954399585723877, 0.0003569706459529698, 0.00034870431409217417, 0.00034870431409217417, 0.0005092656938359141, 6.452214438468218e-05, 0.02433018945157528, 0.00038446192047558725, 0.00011682839976856485, 1.6061610949691385e-05, 0.0005861161625944078, 0.004773722495883703, 0.00043904531048610806, 0.004982269834727049, 0.0019646615255624056, 0.0008040859247557819, 0.0023596605751663446]",null,"[1.0, 0.0, 0.0]",True,DOĞRU,ONAY,False,False,2063.1374000004143,"{""K1_input_and_readiness"": 0.05020000025979243, ""K7_context"": 0.0011000010999850929, ""K1_normalization"": 0.00960000033956021, ""K6_advisory"": 22.357500001817243, ""K1_intent"": 0.04070000068168156, ""K2_retrieval"": 169.4800999975996, ""K3_reranker"": 1866.9800999996369, ""K8_weighted_ranking"": 1.0087999980896711, ""K3_candidate_filters"": 0.30059999699005857, ""K9_advisory_consensus"": 0.005199999577598646, ""K4_nli_and_bypass_check"": 0.17139999908977188, ""K5_decision"": 0.240100001974497}",24946
FACTURK-0202,DOĞRU,"[29775, 22661, 24091, 4525, 5206, 17307, 8293, 8064, 19296, 20659, 30200, 13876, 4056, 11061, 28389, 11482, 22309, 9984, 7686, 16472]","[0.01342825498431921, 0.005685906857252121, 0.006903838831931353, 0.008093290030956268, 0.0018102108733728528, 0.00677120964974165, 0.007937993854284286, 0.004248078912496567, 0.005119676236063242, 0.0007014083093963563, 0.0004407629603520036, 5.783766391687095e-05, 0.0012644219677895308, 5.0644717703107744e-05, 0.00013658353418577462, 4.539786823443137e-05, 0.0011424495605751872, 6.976470467634499e-05, 7.368592923739925e-05, 0.0007379196467809379]","[0.88818359375, 0.086669921875, 0.0253448486328125]","[0.88818359375, 0.086669921875, 0.0253448486328125]",False,DOĞRU,ONAY,False,False,18096.68469999815,"{""K1_input_and_readiness"": 0.04350000017439015, ""K7_context"": 0.0010000003385357559, ""K1_normalization"": 0.00839999847812578, ""K6_advisory"": 20.99669999734033, ""K1_intent"": 0.024900000425986946, ""K2_retrieval"": 170.24010000022827, ""K3_reranker"": 1693.1172000004153, ""K8_weighted_ranking"": 1.1598000019148458, ""K3_candidate_filters"": 0.0018999999156221747, ""K9_advisory_consensus"": 0.012900000001536682, ""K4_nli_and_bypass_check"": 817.2395000001416, ""K5_decision"": 757.3875999987649}",web_568e191b_0
FACTURK-0203,YALAN,"[29110, 7773, 4632, 18925, 6920, 1522, 12134, 28320, 11978, 26261, 14298, 29203, 29255, 806, 15490, 19698, 30481, 23869, 30480, 1988]","[0.9965837001800537, 0.005842605605721474, 0.0007014083093963563, 7.843789353501052e-05, 0.0004124558763578534, 0.20339089632034302, 0.002822832902893424, 0.00039666122756898403, 0.07613247632980347, 0.0004897656035609543, 0.00028462239424698055, 0.00020184421737212688, 0.000570315751247108, 0.031439851969480515, 0.49691399931907654, 0.0002396868512732908, 1.6314539607265033e-05, 0.0001015038214973174, 1.6442494597868063e-05, 0.0008525666198693216]",null,"[1.0, 0.0, 0.0]",True,YALAN,UYARI,False,False,2263.904999999795,"{""K1_input_and_readiness"": 0.03870000000461005, ""K7_context"": 0.0010000003385357559, ""K1_normalization"": 0.008300001354655251, ""K6_advisory"": 24.851400001352886, ""K1_intent"": 0.0213999992411118, ""K2_retrieval"": 143.56219999899622, ""K3_reranker"": 2090.467300000455, ""K8_weighted_ranking"": 0.9332000008726027, ""K3_candidate_filters"": 0.5268999993859325, ""K9_advisory_consensus"": 0.005500001861946657, ""K4_nli_and_bypass_check"": 0.2289000003656838, ""K5_decision"": 0.27720000070985407}",29110
FACTURK-0204,DOĞRU,"[10770, 25701, 29480, 12616, 21676, 1781, 4012, 14033, 28728, 14044, 1970, 18355, 20341, 9013, 11155, 6234, 7148, 19578, 2688, 18535]","[0.05613277852535248, 0.000458312890259549, 0.08850465714931488, 2.094818773912266e-05, 0.0004765612829942256, 2.3007036361377686e-05, 1.7778551409719512e-05, 1.6061610949691385e-05, 0.0013045065570622683, 4.0694576455280185e-05, 0.010288300924003124, 3.321419353596866e-05, 2.6897845600615256e-05, 1.6314539607265033e-05, 1.6314539607265033e-05, 0.002191240666434169, 0.0014103584690019488, 0.00023413581948261708, 1.6061610949691385e-05, 0.0009075025445781648]","[0.99951171875, 0.0001537799835205078, 0.00025463104248046875]","[0.99951171875, 0.0001537799835205078, 0.00025463104248046875]",False,DOĞRU,ONAY,False,False,21058.691300000646,"{""K1_input_and_readiness"": 0.056799999583745375, ""K7_context"": 0.0010000003385357559, ""K1_normalization"": 0.010700001439545304, ""K6_advisory"": 21.711800000048243, ""K1_intent"": 0.030899998819222674, ""K2_retrieval"": 185.6971999986854, ""K3_reranker"": 2290.172699998948, ""K8_weighted_ranking"": 1.1085000005550683, ""K3_candidate_filters"": 0.0020000006770715117, ""K9_advisory_consensus"": 0.012399999832268804, ""K4_nli_and_bypass_check"": 282.19629999875906, ""K5_decision"": 263.1063999979233}",web_17a65a52_0
FACTURK-0205,DOĞRU,"[20122, 26698, 28378, 4516, 19554, 16363, 23251, 13218, 4999, 26468, 12375, 16671, 29365, 3607, 25037, 14498, 621, 9980, 15290, 20529]","[0.004591683857142925, 2.318747829122003e-05, 1.8631746570463292e-05, 7.141901005525142e-05, 1.657145367062185e-05, 0.0014325366355478764, 0.0013617033837363124, 0.00015236754552461207, 5.783766391687095e-05, 2.1278065105434507e-05, 1.6187581422855146e-05, 1.6187581422855146e-05, 1.6442494597868063e-05, 1.9988918211311102e-05, 4.985958003089763e-05, 0.00020662980386987329, 1.6314539607265033e-05, 1.6314539607265033e-05, 1.657145367062185e-05, 5.649793456541374e-05]",null,null,False,YETERSİZ VERİ,RET,True,False,7248.297600002843,"{""K1_input_and_readiness"": 0.041799998143687844, ""K7_context"": 0.0010000003385357559, ""K1_normalization"": 0.007700000423938036, ""K6_advisory"": 21.048799997515744, ""K1_intent"": 0.020300001779105514, ""K2_retrieval"": 147.43680000174209, ""K3_reranker"": 1102.5079999999434, ""K8_weighted_ranking"": 0.9503000001132023, ""K3_candidate_filters"": 0.0018000027921516448}",
FACTURK-0206,YALAN,"[29913, 19220, 2031, 23504, 16021, 17576, 17883, 13945, 8855, 20823, 17094, 25239, 17244, 1587, 22123, 20323, 25948, 17604, 2288, 10719]","[0.9994786381721497, 0.0009326360304839909, 1.657145367062185e-05, 1.8486754925106652e-05, 0.00013658353418577462, 0.00010391067189630121, 0.007317397277802229, 0.0001500056532677263, 1.7640199075685814e-05, 8.415108459303156e-05, 0.00027586790383793414, 0.00041568948654457927, 3.647853736765683e-05, 0.0007014083093963563, 0.0036499870475381613, 0.00022167809947859496, 3.70529705833178e-05, 1.6061610949691385e-05, 1.805851934477687e-05, 0.00018522572645451874]","[0.99951171875, 0.00019550323486328125, 0.0004296302795410156]","[0.99951171875, 0.00019550323486328125, 0.0004296302795410156]",False,YALAN,UYARI,False,False,2129.881300003035,"{""K1_input_and_readiness"": 0.05289999899105169, ""K7_context"": 0.0011999982234556228, ""K1_normalization"": 0.008799997885944322, ""K6_advisory"": 20.987100000638748, ""K1_intent"": 0.02769999991869554, ""K2_retrieval"": 173.13430000285734, ""K3_reranker"": 1549.0199999985634, ""K8_weighted_ranking"": 1.0311000005458482, ""K3_candidate_filters"": 0.28839999868068844, ""K9_advisory_consensus"": 0.00540000110049732, ""K4_nli_and_bypass_check"": 192.87970000004862, ""K5_decision"": 189.47789999947418}",29913
FACTURK-0207,DOĞRU,"[16231, 4992, 27818, 12152, 27017, 13048, 25108, 15036, 7924, 29025, 20105, 22465, 18561, 10902, 12622, 29505, 17599, 7224, 9872, 12330]","[0.0019043302163481712, 2.030369250860531e-05, 0.004281254485249519, 3.095910506090149e-05, 0.0013993984321132302, 0.002225670963525772, 3.269927037763409e-05, 0.02157406695187092, 6.922183820279315e-05, 2.2125668692751788e-05, 0.0035518845543265343, 0.00010554686014074832, 0.00011147904297104105, 6.402006692951545e-05, 0.007204769179224968, 0.00026323829661123455, 1.657145367062185e-05, 0.009055263362824917, 0.0011695103021338582, 7.031184941297397e-05]",null,null,False,YETERSİZ VERİ,RET,True,False,14339.465500001097,"{""K1_input_and_readiness"": 0.051399998483248055, ""K7_context"": 0.0011999982234556228, ""K1_normalization"": 0.010399999155197293, ""K6_advisory"": 22.659399997792207, ""K1_intent"": 0.02760000279522501, ""K2_retrieval"": 178.1436000019312, ""K3_reranker"": 1085.3028999990784, ""K8_weighted_ranking"": 0.9755999999470077, ""K3_candidate_filters"": 0.0020000006770715117}",
FACTURK-0208,DOĞRU,"[26920, 1739, 3717, 24186, 19534, 18453, 10692, 17530, 8055, 24114, 26333, 16884, 16845, 18561, 12531, 23594, 18597, 29442, 17448, 20106]","[0.9992706179618835, 0.04385456070303917, 0.0004407629603520036, 0.00011323437502142042, 2.0462934116949327e-05, 2.6688529032981023e-05, 0.0007613258203491569, 0.0002982776495628059, 1.6964426322374493e-05, 0.003469890682026744, 0.012673736549913883, 1.7917987861437723e-05, 0.00011682839976856485, 0.000124362253700383, 1.7640199075685814e-05, 2.3737338779028505e-05, 1.6442494597868063e-05, 1.8486754925106652e-05, 3.734356869244948e-05, 0.00012931563833262771]",null,"[1.0, 0.0, 0.0]",True,DOĞRU,ONAY,False,False,1963.8559999984864,"{""K1_input_and_readiness"": 0.05030000102124177, ""K7_context"": 0.0010999974620062858, ""K1_normalization"": 0.0092999980552122, ""K6_advisory"": 21.03729999726056, ""K1_intent"": 0.025200002710334957, ""K2_retrieval"": 166.685399999551, ""K3_reranker"": 1771.8783000018448, ""K8_weighted_ranking"": 0.9750999997777399, ""K3_candidate_filters"": 0.26509999952395447, ""K9_advisory_consensus"": 0.005300000339047983, ""K4_nli_and_bypass_check"": 0.20700000095530413, ""K5_decision"": 0.2571000004536472}",26920
FACTURK-0209,YALAN,"[6451, 7811, 2729, 13875, 29858, 18085, 25254, 2416, 25750, 23604, 505, 28708, 15550, 11389, 27669, 6618, 8139, 17950, 14328, 8025]","[0.9754835963249207, 0.58521968126297, 0.004331501666456461, 0.0009253848693333566, 0.05223086103796959, 0.0012351677287369967, 0.00020988310279790312, 0.013325147330760956, 0.0009075025445781648, 1.683241134742275e-05, 0.0016941031208261847, 0.00016093082376755774, 1.657145367062185e-05, 1.6061610949691385e-05, 2.8632557587116025e-05, 1.6187581422855146e-05, 0.00011147904297104105, 0.0041179172694683075, 3.219233258278109e-05, 1.6061610949691385e-05]","[0.99853515625, 0.000789642333984375, 0.0008368492126464844]","[0.99853515625, 0.000789642333984375, 0.0008368492126464844]",False,YALAN,UYARI,False,False,1609.5784999997704,"{""K1_input_and_readiness"": 0.04310000076657161, ""K7_context"": 0.0010000003385357559, ""K1_normalization"": 0.00799999907030724, ""K6_advisory"": 20.823700000619283, ""K1_intent"": 0.026199999410891905, ""K2_retrieval"": 160.44569999939995, ""K3_reranker"": 1317.5192000016978, ""K8_weighted_ranking"": 0.9632999972382095, ""K3_candidate_filters"": 0.5364999997254927, ""K9_advisory_consensus"": 0.005599998985417187, ""K4_nli_and_bypass_check"": 63.069699997868156, ""K5_decision"": 43.71929999979329}",6451
FACTURK-0210,YALAN,"[24354, 25228, 8347, 25169, 14305, 3189, 25225, 28629, 1676, 27219, 26284, 3315, 27883, 431, 28547, 438, 15787, 27894, 2244, 9150]","[0.44188374280929565, 0.5017337799072266, 0.5582065582275391, 0.003914823289960623, 0.0011203772155568004, 0.7789857983589172, 0.026657739654183388, 0.24059611558914185, 0.16145241260528564, 0.006877107545733452, 0.3935598134994507, 0.04418331757187843, 0.32562777400016785, 0.08064661175012589, 0.03371654078364372, 0.00985985528677702, 0.002934951800853014, 0.00035419364576227963, 0.006241259165108204, 0.10687687993049622]","[0.002079010009765625, 0.0196380615234375, 0.978515625]","[0.002079010009765625, 0.0196380615234375, 0.978515625]",False,DOĞRU,ONAY,False,False,2755.4022000003897,"{""K1_input_and_readiness"": 0.04839999746764079, ""K7_context"": 0.0010000003385357559, ""K1_normalization"": 0.009499999578110874, ""K6_advisory"": 20.329700000729645, ""K1_intent"": 0.02599999788799323, ""K2_retrieval"": 183.7989000014204, ""K3_reranker"": 1656.0936999994738, ""K8_weighted_ranking"": 0.9438000015506987, ""K3_candidate_filters"": 1.6422000007878523, ""K9_advisory_consensus"": 0.005600002623395994, ""K4_nli_and_bypass_check"": 472.19089999998687, ""K5_decision"": 417.3551999992924}",3189
FACTURK-0211,YALAN,"[16298, 4991, 27142, 16929, 700, 4724, 13479, 12413, 20498, 1031, 8503, 9660, 24726, 4782, 29728, 5702, 13470, 22504, 26703, 11778]","[0.007093862164765596, 0.0018895388348028064, 0.00039821304380893707, 0.0009927261853590608, 0.001314724562689662, 0.0002715921145863831, 5.144220995134674e-05, 4.832564081880264e-05, 1.7640199075685814e-05, 0.0009075025445781648, 0.004867417272180319, 1.6061610949691385e-05, 0.002099273493513465, 1.6187581422855146e-05, 0.001269364496693015, 0.00011235327838221565, 0.002957902615889907, 0.06489010900259018, 1.6187581422855146e-05, 0.0061450921930372715]",null,null,False,YETERSİZ VERİ,RET,True,False,24421.528599999874,"{""K1_input_and_readiness"": 0.0562999994144775, ""K7_context"": 0.0010999974620062858, ""K1_normalization"": 0.008999999408842996, ""K6_advisory"": 23.477499998989515, ""K1_intent"": 0.03780000042752363, ""K2_retrieval"": 176.66839999947115, ""K3_reranker"": 2054.016199999751, ""K8_weighted_ranking"": 1.0307999982615001, ""K3_candidate_filters"": 0.0018999999156221747}",
FACTURK-0212,YALAN,"[23187, 1775, 25009, 24929, 23468, 27074, 2324, 7310, 8674, 23566, 9932, 21054, 18573, 701, 27124, 28993, 15419, 4646, 29597, 6871]","[7.484622619813308e-05, 0.00021485926117748022, 0.03090895712375641, 0.005159622989594936, 4.469407213036902e-05, 1.6061610949691385e-05, 0.0003920417802873999, 3.1941821362124756e-05, 1.657145367062185e-05, 0.004248078912496567, 7.086326513672248e-05, 0.0014493984635919333, 0.0009811719646677375, 2.229919846286066e-05, 0.002521268092095852, 2.818866414600052e-05, 0.00022167809947859496, 3.6764631659025326e-05, 0.0009326360304839909, 0.0003077430883422494]",null,null,False,YETERSİZ VERİ,RET,True,False,12535.726300000533,"{""K1_input_and_readiness"": 0.04489999992074445, ""K7_context"": 0.0012999989849049598, ""K1_normalization"": 0.008600000001024455, ""K6_advisory"": 21.442200002638856, ""K1_intent"": 0.03020000076503493, ""K2_retrieval"": 163.41470000043046, ""K3_reranker"": 1658.3651000000827, ""K8_weighted_ranking"": 0.9682999989308883, ""K3_candidate_filters"": 0.0017999991541728377}",
FACTURK-0213,DOĞRU,"[4659, 11250, 13687, 18508, 1989, 11295, 4442, 25295, 12458, 16807, 13209, 16665, 27322, 29875, 24396, 18643, 13849, 23465, 5149, 2565]","[0.0026834397576749325, 0.005598248913884163, 0.04724971577525139, 0.005620036274194717, 0.012673736549913883, 1.6187581422855146e-05, 4.5044595026411116e-05, 0.08850465714931488, 0.001094452221877873, 0.006589771714061499, 0.003579642390832305, 0.0020667945500463247, 0.004718369338661432, 3.1693256460130215e-05, 0.005620036274194717, 0.0022694687359035015, 0.00023050670279189944, 0.0011203772155568004, 4.757645365316421e-05, 1.6314539607265033e-05]",null,null,False,YETERSİZ VERİ,RET,True,False,16212.344600000506,"{""K1_input_and_readiness"": 0.06349999966914766, ""K7_context"": 0.0011000010999850929, ""K1_normalization"": 0.0121000011858996, ""K6_advisory"": 20.786699999007396, ""K1_intent"": 0.03170000127283856, ""K2_retrieval"": 184.64630000016768, ""K3_reranker"": 1264.3807000022207, ""K8_weighted_ranking"": 0.9398000001965556, ""K3_candidate_filters"": 0.0018999999156221747}",
FACTURK-0214,YALAN,"[4452, 6765, 4658, 9985, 3607, 25087, 2933, 18638, 20927, 13795, 10318, 22149, 28871, 25037, 11, 23140, 720, 17814, 9460, 15579]","[0.0011559007689356804, 0.008745181374251842, 0.001085944357328117, 4.434627408045344e-05, 0.00010310211655450985, 0.0008727670647203922, 0.011642225086688995, 0.00016603845870122313, 0.00012632041762117296, 0.00026323829661123455, 2.1278065105434507e-05, 1.892514956125524e-05, 0.00015356240328401327, 0.00014539113908540457, 1.6314539607265033e-05, 0.00017952796770259738, 3.508111694827676e-05, 1.922317096614279e-05, 0.00016093082376755774, 0.0003006163169629872]","[0.0046539306640625, 0.99267578125, 0.00244140625]","[0.0046539306640625, 0.99267578125, 0.00244140625]",False,YALAN,RED,False,False,22260.584499999823,"{""K1_input_and_readiness"": 0.05539999983739108, ""K7_context"": 0.0012000018614344299, ""K1_normalization"": 0.01049999991664663, ""K6_advisory"": 21.186599999055034, ""K1_intent"": 0.032500000088475645, ""K2_retrieval"": 156.1271000027773, ""K3_reranker"": 1552.2049000028346, ""K8_weighted_ranking"": 0.9423999981663655, ""K3_candidate_filters"": 0.0018999999156221747, ""K9_advisory_consensus"": 0.013500000932253897, ""K4_nli_and_bypass_check"": 1123.3079000012367, ""K5_decision"": 1036.7001999984495}",web_56dc1894_0
FACTURK-0215,DOĞRU,"[27985, 10642, 11212, 6047, 19808, 24613, 18181, 29270, 17677, 15403, 18230, 12740, 401, 17720, 25537, 24875, 18865, 17587, 8559, 15684]","[0.3209277093410492, 0.05707139894366264, 0.09687653183937073, 5.2662067901110277e-05, 0.0027149852830916643, 0.005099818110466003, 0.00031015597051009536, 0.00012053649697918445, 0.002540992572903633, 0.001629308913834393, 0.0010083435336127877, 0.000609450158663094, 0.001356401713564992, 5.3075080359121785e-05, 0.006797532085329294, 0.00014883848780300468, 0.013273886404931545, 2.3369333575828932e-05, 0.00037555923336185515, 0.00029137005913071334]","[0.99658203125, 0.0027923583984375, 0.0004112720489501953]","[0.99658203125, 0.0027923583984375, 0.0004112720489501953]",False,DOĞRU,ONAY,False,False,16984.420499997213,"{""K1_input_and_readiness"": 0.06009999924572185, ""K7_context"": 0.0011000010999850929, ""K1_normalization"": 0.011500000255182385, ""K6_advisory"": 20.74449999781791, ""K1_intent"": 0.036200002796249464, ""K2_retrieval"": 187.20030000258703, ""K3_reranker"": 1728.2401000011305, ""K8_weighted_ranking"": 0.9506000023975503, ""K3_candidate_filters"": 0.2746999998635147, ""K9_advisory_consensus"": 0.013100001524435356, ""K4_nli_and_bypass_check"": 979.957799998374, ""K5_decision"": 903.8447999992059}",web_33465440_0
FACTURK-0216,DOĞRU,"[1270, 22702, 14856, 26958, 6193, 14760, 18995, 7583, 29186, 12473, 19153, 22674, 2988, 3818, 26559, 20279, 18945, 12319, 29967, 15806]","[0.0005636750720441341, 0.010013571009039879, 0.000758359965402633, 0.009340023621916771, 2.4682904040673748e-05, 1.657145367062185e-05, 0.04742587357759476, 9.028038039105013e-05, 2.526822754589375e-05, 2.0785171727766283e-05, 5.1845658163074404e-05, 0.0001621928095119074, 1.6314539607265033e-05, 0.00016603845870122313, 0.0004092474700883031, 5.518923353520222e-05, 0.00028685410507023335, 1.6187581422855146e-05, 0.0026316740550100803, 1.657145367062185e-05]",null,null,False,YETERSİZ VERİ,RET,True,False,16885.09300000078,"{""K1_input_and_readiness"": 0.045900000259280205, ""K7_context"": 0.0010000003385357559, ""K1_normalization"": 0.009899998985929415, ""K6_advisory"": 20.869299998594215, ""K1_intent"": 0.025299999833805487, ""K2_retrieval"": 161.45930000129738, ""K3_reranker"": 1498.3389000008174, ""K8_weighted_ranking"": 0.9773999991011806, ""K3_candidate_filters"": 0.0021000014385208488}",
FACTURK-0217,DOĞRU,"[13585, 16948, 23957, 11056, 11536, 4702, 22737, 14882, 4694, 10176, 9657, 10501, 15970, 7981, 20895, 20355, 27529, 10776, 21327, 18282]","[0.04038906842470169, 0.0003697388747241348, 2.9541422918555327e-05, 2.9541422918555327e-05, 0.0003053489199373871, 2.9541422918555327e-05, 1.6061610949691385e-05, 0.00021654405281879008, 0.004886374808847904, 0.0037072531413286924, 4.101373633602634e-05, 0.0005420927773229778, 1.7097478121286258e-05, 0.104843370616436, 1.6964426322374493e-05, 0.032405514270067215, 1.6442494597868063e-05, 0.00017952796770259738, 1.6964426322374493e-05, 1.6061610949691385e-05]",null,null,False,YETERSİZ VERİ,RET,True,False,19587.189599998965,"{""K1_input_and_readiness"": 0.04610000178217888, ""K7_context"": 0.0013999997463542968, ""K1_normalization"": 0.008700000762473792, ""K6_advisory"": 21.483100001205457, ""K1_intent"": 0.03300000025774352, ""K2_retrieval"": 173.7336999976833, ""K3_reranker"": 1124.2170999976224, ""K8_weighted_ranking"": 0.9279000005335547, ""K3_candidate_filters"": 0.0018000027921516448}",
FACTURK-0218,YALAN,"[18561, 18655, 11083, 15404, 7773, 2140, 20136, 5177, 25399, 16419, 16238, 2644, 5710, 18468, 17354, 29138, 9414, 22518, 25030, 12539]","[0.0005725466180592775, 0.005774929653853178, 0.0001621928095119074, 0.00024536947603337467, 2.8409744118107483e-05, 2.178264912799932e-05, 9.915272676153108e-05, 2.8632557587116025e-05, 0.0015307451831176877, 1.6314539607265033e-05, 8.029783930396661e-05, 0.00011501735571073368, 0.004022909794002771, 0.0120537793263793, 9.387641330249608e-05, 0.00035281325108371675, 1.657145367062185e-05, 0.005888158921152353, 2.014569145103451e-05, 1.683241134742275e-05]","[0.000766754150390625, 0.99853515625, 0.0009121894836425781]","[0.000766754150390625, 0.99853515625, 0.0009121894836425781]",False,YALAN,RED,False,False,15503.216900000552,"{""K1_input_and_readiness"": 0.053499999921768904, ""K7_context"": 0.0012000018614344299, ""K1_normalization"": 0.008499999239575118, ""K6_advisory"": 20.862199999100994, ""K1_intent"": 0.026799996703630313, ""K2_retrieval"": 180.71920000147657, ""K3_reranker"": 2195.4392999978154, ""K8_weighted_ranking"": 0.9518000006210059, ""K3_candidate_filters"": 0.0020000006770715117, ""K9_advisory_consensus"": 0.013200002285884693, ""K4_nli_and_bypass_check"": 807.8342999979213, ""K5_decision"": 782.3929000005592}",web_5df7ce79_0
FACTURK-0219,YALAN,"[8352, 18589, 30214, 2359, 2839, 17009, 27092, 25882, 17208, 24330, 6531, 5701, 5045, 21930, 22273, 14323, 7909, 273, 12420, 13607]","[3.1941821362124756e-05, 0.00017813112935982645, 0.0006118340534158051, 1.750292540236842e-05, 5.2662067901110277e-05, 0.0002824080875143409, 1.6061610949691385e-05, 2.030369250860531e-05, 1.7366719475830905e-05, 1.657145367062185e-05, 5.225226777838543e-05, 1.7097478121286258e-05, 4.400118632474914e-05, 9.461262379772961e-05, 1.7640199075685814e-05, 0.0005976693937554955, 1.6187581422855146e-05, 1.67014204635052e-05, 1.6061610949691385e-05, 1.6187581422855146e-05]",null,null,False,YETERSİZ VERİ,RET,True,False,6524.697699998796,"{""K1_input_and_readiness"": 0.06270000085351057, ""K7_context"": 0.0012000018614344299, ""K1_normalization"": 0.012300002708798274, ""K6_advisory"": 22.00970000194502, ""K1_intent"": 0.03560000186553225, ""K2_retrieval"": 216.4733999998134, ""K3_reranker"": 1757.048899999063, ""K8_weighted_ranking"": 0.9819000006245915, ""K3_candidate_filters"": 0.0020000006770715117}",
FACTURK-0220,DOĞRU,"[6080, 2940, 8700, 28708, 8958, 27780, 16810, 3189, 13945, 21942, 12159, 15020, 19927, 7251, 7301, 4520, 13089, 25697, 28252, 13244]","[3.244481558795087e-05, 1.593661909282673e-05, 6.553815910592675e-05, 0.0016103574307635427, 0.00014539113908540457, 1.922317096614279e-05, 1.593661909282673e-05, 5.5622065701754764e-05, 0.00033274127054028213, 1.6187581422855146e-05, 0.00026947917649522424, 1.6187581422855146e-05, 9.098840382648632e-05, 0.0010282108560204506, 9.685608529252931e-05, 1.6061610949691385e-05, 2.411113746347837e-05, 1.6314539607265033e-05, 0.00046190584544092417, 1.6314539607265033e-05]","[0.003032684326171875, 0.99658203125, 0.00018393993377685547]","[0.003032684326171875, 0.99658203125, 0.00018393993377685547]",False,YETERSİZ VERİ,RET,True,False,16140.676799997891,"{""K1_input_and_readiness"": 0.06469999789260328, ""K7_context"": 0.0013000026228837669, ""K1_normalization"": 0.009700001101009548, ""K6_advisory"": 20.813600000110455, ""K1_intent"": 0.02519999907235615, ""K2_retrieval"": 164.52299999946263, ""K3_reranker"": 1247.4601000030816, ""K8_weighted_ranking"": 0.9482000023126602, ""K3_candidate_filters"": 0.0020000006770715117, ""K9_advisory_consensus"": 0.01300000076298602, ""K4_nli_and_bypass_check"": 212.77459999691928, ""K5_decision"": 114.05010000089533}",web_c6aa8162_0
FACTURK-0221,DOĞRU,"[25098, 13624, 22098, 24730, 19208, 7924, 4532, 22581, 27853, 12622, 28932, 23159, 28886, 5710, 20535, 22266, 2498, 7224, 12539, 23751]","[0.00034196203341707587, 0.025858774781227112, 0.0002492325147613883, 1.6442494597868063e-05, 0.030733928084373474, 0.012431650422513485, 0.0042151594534516335, 0.0019570167642086744, 0.9843964576721191, 0.8665847778320312, 0.00172745855525136, 0.00013552077871281654, 5.3075080359121785e-05, 0.00021654405281879008, 0.0005725466180592775, 4.539786823443137e-05, 0.0008072304772213101, 0.056756895035505295, 0.0003406293108128011, 0.008478401228785515]","[0.998046875, 0.0005207061767578125, 0.0013561248779296875]","[0.998046875, 0.0005207061767578125, 0.0013561248779296875]",False,YETERSİZ VERİ,KISMI,True,False,2617.134399999486,"{""K1_input_and_readiness"": 0.04400000034365803, ""K7_context"": 0.0012000018614344299, ""K1_normalization"": 0.009900002623908222, ""K6_advisory"": 22.77410000169766, ""K1_intent"": 0.0380000019504223, ""K2_retrieval"": 169.39579999962007, ""K3_reranker"": 2012.799600001017, ""K8_weighted_ranking"": 0.9611999994376674, ""K3_candidate_filters"": 0.5534999982046429, ""K9_advisory_consensus"": 0.005199999577598646, ""K4_nli_and_bypass_check"": 207.1066000025894, ""K5_decision"": 200.90950000303565}",27853
FACTURK-0222,DOĞRU,"[16225, 20333, 1546, 13791, 27970, 29365, 4488, 18098, 10999, 6967, 27462, 13993, 3246, 2204, 12005, 16162, 6049, 8174, 19977, 27097]","[0.00628990214318037, 0.00020502213737927377, 1.7097478121286258e-05, 6.402006692951545e-05, 0.02881619706749916, 1.6061610949691385e-05, 0.013325147330760956, 1.6187581422855146e-05, 1.657145367062185e-05, 0.0001500056532677263, 5.3075080359121785e-05, 1.7640199075685814e-05, 0.07517640292644501, 0.00017536994710098952, 1.9833367332466878e-05, 1.6187581422855146e-05, 1.922317096614279e-05, 1.6314539607265033e-05, 1.6061610949691385e-05, 0.008445626124739647]",null,null,False,YETERSİZ VERİ,RET,True,False,18273.92730000065,"{""K1_input_and_readiness"": 0.04519999856711365, ""K7_context"": 0.0011000010999850929, ""K1_normalization"": 0.008700000762473792, ""K6_advisory"": 21.111600002768682, ""K1_intent"": 0.02600000152597204, ""K2_retrieval"": 177.05380000188597, ""K3_reranker"": 1295.5873999999312, ""K8_weighted_ranking"": 0.9717000029922929, ""K3_candidate_filters"": 0.0019999970390927047}",
FACTURK-0223,DOĞRU,"[6499, 15087, 20728, 6522, 13644, 8377, 26886, 1339, 234, 704, 26727, 196, 13220, 23074, 27568, 27899, 21467, 26380, 3348, 27162]","[0.99935382604599, 0.003273064736276865, 2.014569145103451e-05, 0.00024536947603337467, 1.6061610949691385e-05, 0.001356401713564992, 1.6314539607265033e-05, 1.7097478121286258e-05, 0.0001547666179249063, 0.0010083435336127877, 0.0010083435336127877, 0.00017813112935982645, 0.00010071400902234018, 1.6964426322374493e-05, 2.93115390377352e-05, 1.6314539607265033e-05, 3.244481558795087e-05, 2.8632557587116025e-05, 0.006589771714061499, 0.001383117400109768]","[0.9990234375, 0.0004935264587402344, 0.00035953521728515625]","[0.9990234375, 0.0004935264587402344, 0.00035953521728515625]",False,DOĞRU,ONAY,False,False,2534.886800000095,"{""K1_input_and_readiness"": 0.05050000254414044, ""K7_context"": 0.0012999989849049598, ""K1_normalization"": 0.0092999980552122, ""K6_advisory"": 21.26979999957257, ""K1_intent"": 0.026699999580159783, ""K2_retrieval"": 160.05349999977625, ""K3_reranker"": 2159.590399998706, ""K8_weighted_ranking"": 1.065000000380678, ""K3_candidate_filters"": 0.2840000015567057, ""K9_advisory_consensus"": 0.005699999746866524, ""K4_nli_and_bypass_check"": 101.6964000009466, ""K5_decision"": 88.0524999993213}",6499
FACTURK-0224,YALAN,"[15330, 5693, 1329, 27610, 28723, 20338, 21178, 2905, 24822, 11328, 12203, 5717, 25503, 20527, 18825, 1970, 23950, 12483, 1704, 21782]","[1.657145367062185e-05, 1.67014204635052e-05, 1.6442494597868063e-05, 3.3474691008450463e-05, 1.750292540236842e-05, 1.6442494597868063e-05, 1.7640199075685814e-05, 0.01652955636382103, 0.003172682598233223, 1.6442494597868063e-05, 0.00011235327838221565, 1.657145367062185e-05, 1.6314539607265033e-05, 1.6061610949691385e-05, 1.657145367062185e-05, 0.001201891340315342, 1.6187581422855146e-05, 1.750292540236842e-05, 0.009232213720679283, 1.6314539607265033e-05]",null,null,False,YETERSİZ VERİ,RET,True,False,15508.520699997462,"{""K1_input_and_readiness"": 0.04410000110510737, ""K7_context"": 0.0013999997463542968, ""K1_normalization"": 0.007299997378140688, ""K6_advisory"": 21.846499999810476, ""K1_intent"": 0.06880000000819564, ""K2_retrieval"": 164.11750000042957, ""K3_reranker"": 1712.0942000001378, ""K8_weighted_ranking"": 0.963500002399087, ""K3_candidate_filters"": 0.0017999991541728377}",
FACTURK-0225,YALAN,"[20997, 10326, 17988, 16161, 27624, 17319, 1948, 881, 26700, 4506, 1280, 10615, 21692, 6234, 15916, 27098, 9547, 14854, 3935, 18101]","[5.1845658163074404e-05, 0.0011424495605751872, 1.7366719475830905e-05, 1.67014204635052e-05, 0.0001387341326335445, 2.014569145103451e-05, 0.02600678615272045, 0.006984650157392025, 0.006589771714061499, 2.7751651941798627e-05, 2.5071596610359848e-05, 0.002463006880134344, 0.00026738259475678205, 1.67014204635052e-05, 0.001220795209519565, 1.6061610949691385e-05, 0.0024726230185478926, 0.0018172829877585173, 0.0007236572564579546, 1.657145367062185e-05]","[0.2318115234375, 0.66162109375, 0.10638427734375]","[0.2318115234375, 0.66162109375, 0.10638427734375]",False,YALAN,RED,False,False,18266.756400000304,"{""K1_input_and_readiness"": 0.05120000059832819, ""K7_context"": 0.0010999974620062858, ""K1_normalization"": 0.008200000593205914, ""K6_advisory"": 22.144599999592174, ""K1_intent"": 0.027400001272326335, ""K2_retrieval"": 161.92059999957564, ""K3_reranker"": 2170.026700001472, ""K8_weighted_ranking"": 0.9485999980825, ""K3_candidate_filters"": 0.0018999999156221747, ""K9_advisory_consensus"": 0.01349999729427509, ""K4_nli_and_bypass_check"": 619.905600000493, ""K5_decision"": 264.19779999923776}",web_1cc1aee0_0
FACTURK-0226,DOĞRU,"[13989, 28629, 22851, 28685, 1272, 8130, 17516, 29881, 16785, 1324, 22218, 15787, 28145, 19140, 7898, 25098, 23851, 2550, 15778, 26330]","[0.8407825827598572, 0.07369627058506012, 7.031184941297397e-05, 0.2935057282447815, 0.13318955898284912, 0.015189048834145069, 0.0014664583140984178, 0.13117322325706482, 0.04611974582076073, 4.870464181294665e-05, 0.05242456495761871, 0.0021573416888713837, 0.0006745558930560946, 0.0140095679089427, 3.269927037763409e-05, 0.04360952600836754, 0.0004044814850203693, 0.08210662752389908, 1.922317096614279e-05, 1.7640199075685814e-05]","[0.004119873046875, 0.9931640625, 0.0025806427001953125]","[0.004119873046875, 0.9931640625, 0.0025806427001953125]",False,YALAN,RED,False,False,13794.651399999566,"{""K1_input_and_readiness"": 0.03870000000461005, ""K7_context"": 0.0010000003385357559, ""K1_normalization"": 0.00679999720887281, ""K6_advisory"": 20.939599999110214, ""K1_intent"": 0.024199998733820394, ""K2_retrieval"": 152.04390000144485, ""K3_reranker"": 1095.6622999983665, ""K8_weighted_ranking"": 0.954699997237185, ""K3_candidate_filters"": 0.2734000008786097, ""K9_advisory_consensus"": 0.006099999154685065, ""K4_nli_and_bypass_check"": 101.99339999962831, ""K5_decision"": 81.22020000155317}",web_0d8e7af6_0
FACTURK-0227,YALAN,"[10743, 6336, 26533, 12071, 7592, 12150, 14217, 5959, 1906, 24184, 25127, 25420, 14091, 21827, 17820, 2792, 6782, 2797, 4190, 27115]","[0.005260852165520191, 0.0008231385727412999, 0.0028671587351709604, 3.095910506090149e-05, 0.0025509123224765062, 0.000192602863535285, 0.00020988310279790312, 0.0006589401164092124, 3.619466951931827e-05, 0.000609450158663094, 0.00026323829661123455, 1.7366719475830905e-05, 0.0002472934720572084, 0.004297939129173756, 0.0007379196467809379, 0.0009253848693333566, 2.710879925871268e-05, 0.0013354008551687002, 0.006903838831931353, 0.0005484792054630816]",null,null,False,YETERSİZ VERİ,RET,True,False,20567.76660000105,"{""K1_input_and_readiness"": 0.045599997974932194, ""K7_context"": 0.0011000010999850929, ""K1_normalization"": 0.008700000762473792, ""K6_advisory"": 20.920299997669645, ""K1_intent"": 0.023399999918183312, ""K2_retrieval"": 157.17850000146427, ""K3_reranker"": 1517.948400000023, ""K8_weighted_ranking"": 0.9792000018933322, ""K3_candidate_filters"": 0.0018999999156221747}",
FACTURK-0228,YALAN,"[5512, 5035, 22496, 25024, 22360, 23013, 1816, 3779, 15291, 13561, 5097, 19793, 18913, 23311, 27463, 24949, 11851, 15947, 18468, 26419]","[0.000661517377011478, 0.0061212810687720776, 0.02319762483239174, 2.732141365413554e-05, 0.002790037775412202, 8.415108459303156e-05, 0.0033115192782133818, 0.00013982206291984767, 0.028274601325392723, 0.0013045065570622683, 0.00017265156202483922, 4.298194107832387e-05, 1.6187581422855146e-05, 0.00018667821132112294, 0.00012148174573667347, 0.15015339851379395, 0.0005274784052744508, 0.0003654328465927392, 0.0024438868276774883, 0.0013617033837363124]",null,null,False,YETERSİZ VERİ,RET,True,False,12622.954500002379,"{""K1_input_and_readiness"": 0.05219999729888514, ""K7_context"": 0.0012999989849049598, ""K1_normalization"": 0.0092999980552122, ""K6_advisory"": 21.506399996724213, ""K1_intent"": 0.027099998987978324, ""K2_retrieval"": 169.9942999985069, ""K3_reranker"": 2171.806499998638, ""K8_weighted_ranking"": 1.0919000014837366, ""K3_candidate_filters"": 0.0018999999156221747}",
FACTURK-0229,YALAN,"[16971, 23757, 204, 25874, 17227, 25246, 5988, 8943, 6019, 22057, 11410, 29875, 11582, 22794, 21516, 10701, 7196, 22911, 17649, 14444]","[0.00012243441597092897, 0.01358439214527607, 0.0009510130621492863, 1.6442494597868063e-05, 0.0026112475898116827, 0.00012632041762117296, 0.00011061159602832049, 4.2647468944778666e-05, 0.0009436192340217531, 0.000191104321856983, 0.0015247863484546542, 0.0003029734070878476, 0.002082970691844821, 0.00016474656877107918, 2.732141365413554e-05, 0.00013238185783848166, 0.00020662980386987329, 2.195349043176975e-05, 0.00204276479780674, 1.657145367062185e-05]","[0.0029544830322265625, 0.99658203125, 0.00026345252990722656]","[0.0029544830322265625, 0.99658203125, 0.00026345252990722656]",False,YETERSİZ VERİ,RET,True,False,19611.62189999959,"{""K1_input_and_readiness"": 0.054700001783203334, ""K7_context"": 0.0012000018614344299, ""K1_normalization"": 0.009999999747378752, ""K6_advisory"": 20.886399997834815, ""K1_intent"": 0.028700000257231295, ""K2_retrieval"": 197.0255999985966, ""K3_reranker"": 1825.3140000015264, ""K8_weighted_ranking"": 0.9933000001183245, ""K3_candidate_filters"": 0.0018000027921516448, ""K9_advisory_consensus"": 0.013500000932253897, ""K4_nli_and_bypass_check"": 246.65900000036345, ""K5_decision"": 177.82230000011623}",web_b15186a1_0
FACTURK-0230,YALAN,"[28011, 25180, 9366, 6047, 12539, 1499, 27017, 9120, 12161, 15874, 19484, 12068, 10285, 20136, 7224, 14597, 18393, 24849, 15684, 29414]","[0.5315741300582886, 0.06941547244787216, 0.03061777912080288, 0.12368281930685043, 0.0004936049808748066, 0.00821969285607338, 0.005774929653853178, 0.010209054686129093, 0.00010554686014074832, 0.015072628855705261, 0.0040543340146541595, 0.004905405919998884, 0.0018458482809364796, 0.010448625311255455, 0.01065251138061285, 0.002560870721936226, 0.0006905414629727602, 0.08866234868764877, 0.018546566367149353, 0.001674399245530367]","[0.00031304359436035156, 0.9990234375, 0.0007190704345703125]","[0.00031304359436035156, 0.9990234375, 0.0007190704345703125]",False,YETERSİZ VERİ,RET,True,False,16819.569899998896,"{""K1_input_and_readiness"": 0.04950000220560469, ""K7_context"": 0.0013999997463542968, ""K1_normalization"": 0.008499999239575118, ""K6_advisory"": 22.579000000405358, ""K1_intent"": 0.04059999992023222, ""K2_retrieval"": 175.32539999956498, ""K3_reranker"": 1285.4400999967766, ""K8_weighted_ranking"": 0.9714999978314154, ""K3_candidate_filters"": 0.2821000016410835, ""K9_advisory_consensus"": 0.005199999577598646, ""K4_nli_and_bypass_check"": 288.4971999992558, ""K5_decision"": 268.01459999842336}",28011
FACTURK-0231,YALAN,"[12560, 11111, 1112, 2247, 22241, 4452, 16147, 21619, 10897, 20480, 13401, 1429, 15948, 18245, 5962, 834, 22924, 2461, 22811, 7658]","[0.0005274784052744508, 0.000539980421308428, 0.0005930210463702679, 6.108854722697288e-05, 0.0004272078804206103, 0.0008295892039313912, 0.000628784007858485, 0.06828854233026505, 1.7097478121286258e-05, 0.00029365462251007557, 6.868317723274231e-05, 1.8342892872169614e-05, 1.6187581422855146e-05, 0.03588069602847099, 0.0007124459953047335, 9.387641330249608e-05, 2.3007036361377686e-05, 2.732141365413554e-05, 1.8631746570463292e-05, 0.0008727670647203922]",null,null,False,YETERSİZ VERİ,RET,True,False,12132.262300001457,"{""K1_input_and_readiness"": 0.07570000161649659, ""K7_context"": 0.0017000020307023078, ""K1_normalization"": 0.014500001270789653, ""K6_advisory"": 23.694899999100016, ""K1_intent"": 0.045600001612911, ""K2_retrieval"": 207.84769999954733, ""K3_reranker"": 1892.5196999989566, ""K8_weighted_ranking"": 0.9948000006261282, ""K3_candidate_filters"": 0.0020000006770715117}",
FACTURK-0232,DOĞRU,"[2149, 7236, 13206, 9627, 23681, 10479, 15179, 2235, 25429, 8233, 16812, 11039, 4775, 4576, 29036, 14485, 11328, 28152, 19079, 21898]","[0.9968763589859009, 6.253713218029588e-05, 4.794958294951357e-05, 3.3474691008450463e-05, 0.0014437558129429817, 8.092757343547419e-05, 3.6764631659025326e-05, 0.0006361912237480283, 1.7640199075685814e-05, 0.00011591933434829116, 1.9073577277595177e-05, 1.8342892872169614e-05, 2.0623421733034775e-05, 0.003869391046464443, 1.7097478121286258e-05, 1.8777873265207745e-05, 1.8777873265207745e-05, 0.00012830943160224706, 1.6314539607265033e-05, 1.8777873265207745e-05]","[0.99951171875, 0.00020623207092285156, 0.00023412704467773438]","[0.99951171875, 0.00020623207092285156, 0.00023412704467773438]",False,DOĞRU,ONAY,False,False,1458.5398999988683,"{""K1_input_and_readiness"": 0.0503999981447123, ""K7_context"": 0.0011000010999850929, ""K1_normalization"": 0.009399998816661537, ""K6_advisory"": 22.342300002492266, ""K1_intent"": 0.029000002541579306, ""K2_retrieval"": 166.88970000177505, ""K3_reranker"": 1077.5025000002643, ""K8_weighted_ranking"": 0.9830999988480471, ""K3_candidate_filters"": 0.2745000019785948, ""K9_advisory_consensus"": 0.004899997293250635, ""K4_nli_and_bypass_check"": 99.16030000022147, ""K5_decision"": 88.82340000127442}",2149
FACTURK-0233,DOĞRU,"[18468, 3054, 20718, 26623, 27523, 9866, 6263, 12622, 7451, 5514, 28944, 27847, 21402, 20683, 171, 187, 8243, 3328, 1724, 4119]","[0.9780936241149902, 3.244481558795087e-05, 0.000954731716774404, 4.757645365316421e-05, 0.0009697519708424807, 9.993031562771648e-05, 0.00017536994710098952, 0.047691281884908676, 9.461262379772961e-05, 0.004792316351085901, 0.22118240594863892, 3.071818719035946e-05, 0.055720288306474686, 0.012722708284854889, 1.9833367332466878e-05, 1.9833367332466878e-05, 0.00017952796770259738, 5.920916373725049e-05, 0.03853849694132805, 7.543320680269971e-05]","[0.0007066726684570312, 0.9990234375, 0.00018227100372314453]","[0.0007066726684570312, 0.9990234375, 0.00018227100372314453]",False,YETERSİZ VERİ,RET,True,False,22653.28330000193,"{""K1_input_and_readiness"": 0.04389999958220869, ""K7_context"": 0.0008999995770864189, ""K1_normalization"": 0.008600000001024455, ""K6_advisory"": 20.319899998867186, ""K1_intent"": 0.028300000849412754, ""K2_retrieval"": 167.07269999824348, ""K3_reranker"": 1471.2696000024152, ""K8_weighted_ranking"": 0.9849999987636693, ""K3_candidate_filters"": 0.26559999969322234, ""K9_advisory_consensus"": 0.004800000169780105, ""K4_nli_and_bypass_check"": 16.644000002997927, ""K5_decision"": 0.09480000153416768}",18468
FACTURK-0234,YALAN,"[17625, 8503, 25169, 23132, 18332, 11479, 9150, 28547, 1272, 25225, 14012, 8347, 27696, 12107, 27366, 24354, 16150, 28347, 25228, 23792]","[0.45489591360092163, 0.34191203117370605, 0.03346293419599533, 0.019531238824129105, 0.000626334105618298, 0.018404889851808548, 0.2516477108001709, 0.016593176871538162, 0.012100386433303356, 0.028114058077335358, 0.0032476764172315598, 0.0004747042548842728, 0.011463796719908714, 0.03521113470196724, 0.005774929653853178, 0.010328153148293495, 0.00041894835885614157, 0.017712298780679703, 0.015189048834145069, 0.009412589482963085]",null,null,False,YETERSİZ VERİ,RET,True,False,19543.444000002637,"{""K1_input_and_readiness"": 0.07760000153211877, ""K7_context"": 0.0010999974620062858, ""K1_normalization"": 0.013799999578623101, ""K6_advisory"": 20.300299998780247, ""K1_intent"": 0.03899999865097925, ""K2_retrieval"": 222.81020000082208, ""K3_reranker"": 2014.7019000032742, ""K8_weighted_ranking"": 0.9567000015522353, ""K3_candidate_filters"": 0.5634000008285511}",
FACTURK-0235,DOĞRU,"[6218, 26948, 2915, 5275, 27529, 17446, 10229, 23792, 1270, 22911, 21693, 16855, 13372, 29897, 29892, 27534, 19344, 7866, 1155, 11295]","[0.08601588010787964, 0.14223189651966095, 0.029591374099254608, 0.007999754510819912, 0.0005274784052744508, 0.0007854739669710398, 8.957788668340072e-05, 0.0011116681853309274, 0.003123648464679718, 2.5071596610359848e-05, 2.449082603561692e-05, 1.6061610949691385e-05, 0.005426943302154541, 1.6061610949691385e-05, 7.843789353501052e-05, 2.6897845600615256e-05, 0.0002982776495628059, 0.03468417376279831, 2.178264912799932e-05, 2.2474090656032786e-05]","[0.98974609375, 0.0043487548828125, 0.005901336669921875]","[0.98974609375, 0.0043487548828125, 0.005901336669921875]",False,DOĞRU,ONAY,False,False,16796.95449999781,"{""K1_input_and_readiness"": 0.056700002460274845, ""K7_context"": 0.0013999997463542968, ""K1_normalization"": 0.01089999932446517, ""K6_advisory"": 20.982400001230417, ""K1_intent"": 0.03060000017285347, ""K2_retrieval"": 198.74609999897075, ""K3_reranker"": 1268.343999996432, ""K8_weighted_ranking"": 0.9401999996043742, ""K3_candidate_filters"": 0.0018999999156221747, ""K9_advisory_consensus"": 0.013100001524435356, ""K4_nli_and_bypass_check"": 71.36840000021039, ""K5_decision"": 0.4138999975111801}",web_107016d0_1
FACTURK-0236,YALAN,"[19977, 9070, 5365, 7425, 7968, 8514, 28586, 865, 17240, 3721, 5046, 25525, 26225, 21192, 8835, 9183, 24306, 13969, 14680, 11287]","[0.9950946569442749, 0.0008693674462847412, 0.0005132579244673252, 0.00017813112935982645, 1.750292540236842e-05, 4.757645365316421e-05, 3.373722574906424e-05, 1.9833367332466878e-05, 0.00023597174731548876, 4.298194107832387e-05, 0.00020502213737927377, 1.6061610949691385e-05, 1.6314539607265033e-05, 0.02843603305518627, 1.7097478121286258e-05, 1.6187581422855146e-05, 0.001622967072762549, 0.019345102831721306, 1.6061610949691385e-05, 0.004503272473812103]",null,"[1.0, 0.0, 0.0]",True,YALAN,UYARI,False,False,1520.0748999995994,"{""K1_input_and_readiness"": 0.03730000025825575, ""K7_context"": 0.0010000003385357559, ""K1_normalization"": 0.007200000254670158, ""K6_advisory"": 22.68969999931869, ""K1_intent"": 0.026599998818710446, ""K2_retrieval"": 152.2657999994408, ""K3_reranker"": 1340.7684000012523, ""K8_weighted_ranking"": 0.9830999988480471, ""K3_candidate_filters"": 0.2739999981713481, ""K9_advisory_consensus"": 0.005500001861946657, ""K4_nli_and_bypass_check"": 0.238199998420896, ""K5_decision"": 0.276099999609869}",19977
FACTURK-0237,DOĞRU,"[7224, 21058, 257, 23757, 14277, 1427, 18311, 25675, 15238, 1499, 14012, 10061, 7695, 25108, 8602, 1970, 4214, 25130, 12068, 24849]","[0.017242778092622757, 0.0005636750720441341, 0.0003569706459529698, 0.024798160418868065, 0.016721142455935478, 0.23440666496753693, 0.014227046631276608, 0.012383785098791122, 0.007039045449346304, 0.009596454910933971, 0.027690259739756584, 0.028328312560915947, 0.03760863468050957, 0.0028009270317852497, 0.03753800690174103, 0.00046917638974264264, 0.00038446192047558725, 0.024516336619853973, 0.0076066721230745316, 0.023962024599313736]",null,null,False,YETERSİZ VERİ,RET,True,False,17674.222200002987,"{""K1_input_and_readiness"": 0.07660000119358301, ""K7_context"": 0.0010999974620062858, ""K1_normalization"": 0.015499997971346602, ""K6_advisory"": 24.97909999874537, ""K1_intent"": 0.041299997974419966, ""K2_retrieval"": 254.98220000008587, ""K3_reranker"": 2064.2837999985204, ""K8_weighted_ranking"": 0.9305000021413434, ""K3_candidate_filters"": 0.0021000014385208488}",
FACTURK-0238,DOĞRU,"[3621, 25245, 24917, 29318, 28160, 23796, 19381, 13123, 27023, 4157, 27608, 25613, 23405, 25737, 7176, 7602, 15144, 11540, 29721, 12458]","[1.657145367062185e-05, 0.0020190137438476086, 0.0002287133247591555, 0.002540992572903633, 1.6314539607265033e-05, 0.001048469333909452, 0.00011591933434829116, 1.6314539607265033e-05, 1.6442494597868063e-05, 1.6314539607265033e-05, 5.433364276541397e-05, 1.6442494597868063e-05, 1.593661909282673e-05, 3.9135655242716894e-05, 1.593661909282673e-05, 1.6187581422855146e-05, 0.00034464316559024155, 3.8831109122838825e-05, 4.832564081880264e-05, 2.3737338779028505e-05]",null,"[1.0, 0.0, 0.0]",True,DOĞRU,ONAY,False,False,17197.381400001177,"{""K1_input_and_readiness"": 0.04579999949783087, ""K7_context"": 0.0012999989849049598, ""K1_normalization"": 0.009100000170292333, ""K6_advisory"": 21.140400000149384, ""K1_intent"": 0.025600002118153498, ""K2_retrieval"": 163.77420000208076, ""K3_reranker"": 1743.4210999999777, ""K8_weighted_ranking"": 0.9613000001991168, ""K3_candidate_filters"": 0.0022999993234407157, ""K9_advisory_consensus"": 0.013199998647905886, ""K4_nli_and_bypass_check"": 0.258100000792183, ""K5_decision"": 0.3150999982608482}",web_e5316acb_0
FACTURK-0239,YALAN,"[1676, 14780, 26979, 9150, 15787, 27294, 25169, 25228, 17350, 12375, 13989, 1942, 24782, 3995, 19888, 2244, 889, 19258, 2496, 13897]","[0.12116485089063644, 0.8193157911300659, 0.012431650422513485, 0.024423090741038322, 0.02898062951862812, 0.0076066721230745316, 0.011419613845646381, 0.035745810717344284, 0.0007947254925966263, 0.22695492208003998, 0.06584469974040985, 0.006026951130479574, 0.01805533468723297, 0.00021824207215104252, 0.0010649627074599266, 0.009522485546767712, 0.0007124459953047335, 0.015845362097024918, 0.5101990699768066, 0.0002802109520416707]","[0.002803802490234375, 0.99560546875, 0.0015964508056640625]","[0.002803802490234375, 0.99560546875, 0.0015964508056640625]",False,YETERSİZ VERİ,RET,True,False,18367.33539999841,"{""K1_input_and_readiness"": 0.04850000186706893, ""K7_context"": 0.0012000018614344299, ""K1_normalization"": 0.008899998647393659, ""K6_advisory"": 21.367200002714526, ""K1_intent"": 0.027099998987978324, ""K2_retrieval"": 160.48980000050506, ""K3_reranker"": 1291.572800000722, ""K8_weighted_ranking"": 0.9588000029907562, ""K3_candidate_filters"": 0.5506000015884638, ""K9_advisory_consensus"": 0.005399997462518513, ""K4_nli_and_bypass_check"": 330.86659999753465, ""K5_decision"": 300.2762000032817}",14780
FACTURK-0240,YALAN,"[10424, 16682, 13598, 23600, 18466, 11438, 18895, 23238, 11476, 15659, 7876, 9015, 12410, 8816, 15489, 16552, 6570, 5258, 20634, 7705]","[0.047514185309410095, 0.00014883848780300468, 0.2447238266468048, 0.0004013350699096918, 0.03711691126227379, 5.874842099728994e-05, 0.005448067560791969, 0.0011160142021253705, 0.013121271505951881, 0.0009181900531984866, 0.00023413581948261708, 0.0036499870475381613, 0.0023141263518482447, 0.005001672077924013, 0.00043904531048610806, 1.9833367332466878e-05, 0.00012731103925034404, 0.014899643138051033, 0.0006771942134946585, 0.21833586692810059]","[0.97412109375, 0.0250396728515625, 0.00080108642578125]","[0.97412109375, 0.0250396728515625, 0.00080108642578125]",False,DOĞRU,ONAY,False,False,23393.031800002063,"{""K1_input_and_readiness"": 0.05410000085248612, ""K7_context"": 0.0013999997463542968, ""K1_normalization"": 0.010699997801566496, ""K6_advisory"": 22.15010000145412, ""K1_intent"": 0.033700001949910074, ""K2_retrieval"": 199.83530000172323, ""K3_reranker"": 1964.258299998619, ""K8_weighted_ranking"": 1.1215999984415248, ""K3_candidate_filters"": 0.0021999985619913787, ""K9_advisory_consensus"": 0.013799999578623101, ""K4_nli_and_bypass_check"": 290.19960000005085, ""K5_decision"": 177.3152999994636}",web_689e890d_0
FACTURK-0241,DOĞRU,"[25710, 24130, 3133, 29318, 23944, 26305, 27823, 14879, 5745, 4182, 9288, 10966, 21451, 28250, 10117, 12237, 12939, 1490, 29088, 23096]","[1.8200149497715756e-05, 0.0003077430883422494, 0.0007379196467809379, 0.0006667023408226669, 1.7097478121286258e-05, 0.0001442598586436361, 1.6061610949691385e-05, 1.892514956125524e-05, 1.6314539607265033e-05, 0.0007554056355729699, 1.8777873265207745e-05, 4.9086618673754856e-05, 3.591300992411561e-05, 1.6187581422855146e-05, 1.6187581422855146e-05, 1.6314539607265033e-05, 1.6061610949691385e-05, 1.6061610949691385e-05, 1.6187581422855146e-05, 2.526822754589375e-05]",null,null,False,YETERSİZ VERİ,RET,True,False,17163.466199999675,"{""K1_input_and_readiness"": 0.045599997974932194, ""K7_context"": 0.0011000010999850929, ""K1_normalization"": 0.008400002116104588, ""K6_advisory"": 21.427499999845168, ""K1_intent"": 0.0349000001733657, ""K2_retrieval"": 179.571799999394, ""K3_reranker"": 2058.4211999994295, ""K8_weighted_ranking"": 0.9938000002875924, ""K3_candidate_filters"": 0.0018999999156221747}",
FACTURK-0242,YALAN,"[10033, 13795, 13858, 25236, 9919, 16645, 4757, 4993, 4738, 8790, 18661, 3086, 11781, 3963, 20488, 18383, 2627, 7940, 28927, 28704]","[0.0017821963410824537, 0.1678997427225113, 0.0003053489199373871, 0.004905405919998884, 0.0005770345451310277, 0.0040543340146541595, 0.0027683854568749666, 0.0017891592578962445, 0.009522485546767712, 0.0007702931761741638, 0.00046190584544092417, 0.00026323829661123455, 0.0003583672805689275, 0.00025514140725135803, 0.0009850083151832223, 3.144662332488224e-05, 0.00017265156202483922, 0.0003697388747241348, 0.0008899655076675117, 0.001094452221877873]","[0.0003256797790527344, 0.99951171875, 0.00026679039001464844]","[0.0003256797790527344, 0.99951171875, 0.00026679039001464844]",False,YALAN,RED,False,False,21592.236000000412,"{""K1_input_and_readiness"": 0.05149999924469739, ""K7_context"": 0.0013000026228837669, ""K1_normalization"": 0.009300001693191007, ""K6_advisory"": 25.099099999351893, ""K1_intent"": 0.02719999974942766, ""K2_retrieval"": 172.51580000083777, ""K3_reranker"": 1099.4820999985677, ""K8_weighted_ranking"": 0.9393000000272878, ""K3_candidate_filters"": 0.0017999991541728377, ""K9_advisory_consensus"": 0.024199998733820394, ""K4_nli_and_bypass_check"": 986.9863999992958, ""K5_decision"": 901.0076000013214}",web_19d97c97_1
FACTURK-0243,DOĞRU,"[29414, 21058, 25160, 5937, 24782, 1427, 19827, 1499, 14012, 14277, 487, 25968, 8699, 26355, 27564, 18311, 8602, 20305, 8051, 19909]","[0.07369627058506012, 0.00025315635139122605, 0.01890544593334198, 8.888084994396195e-05, 0.07751765847206116, 0.8423450589179993, 0.02931223064661026, 0.0033766122069209814, 0.002992665395140648, 0.013795365579426289, 0.0024822766426950693, 0.0014895173953846097, 0.002560870721936226, 0.00821969285607338, 0.00017813112935982645, 0.0025909794494509697, 0.0003029734070878476, 0.0009039677679538727, 0.007289077155292034, 0.054098695516586304]","[0.0009517669677734375, 0.99609375, 0.0028591156005859375]","[0.0009517669677734375, 0.99609375, 0.0028591156005859375]",False,YETERSİZ VERİ,RET,True,False,18201.822700000776,"{""K1_input_and_readiness"": 0.06650000068475492, ""K7_context"": 0.0012000018614344299, ""K1_normalization"": 0.01880000127130188, ""K6_advisory"": 20.808500001294306, ""K1_intent"": 0.03529999958118424, ""K2_retrieval"": 216.58530000058818, ""K3_reranker"": 1851.8335000007937, ""K8_weighted_ranking"": 0.9379000002809335, ""K3_candidate_filters"": 0.28590000147232786, ""K9_advisory_consensus"": 0.005199999577598646, ""K4_nli_and_bypass_check"": 20.094200001040008, ""K5_decision"": 0.1951000012923032}",1427
FACTURK-0244,DOĞRU,"[16434, 13753, 12595, 824, 6224, 1791, 29986, 6858, 20982, 4999, 24349, 16304, 4195, 8315, 16532, 7762, 23963, 19802, 13200, 743]","[0.0007096704212017357, 0.0031480707693845034, 0.036288294941186905, 0.0001442598586436361, 5.5622065701754764e-05, 0.00020342698553577065, 0.00037555923336185515, 0.00015720345254521817, 1.67014204635052e-05, 1.657145367062185e-05, 0.007232763804495335, 0.0006000071880407631, 2.710879925871268e-05, 1.7231572201126255e-05, 1.67014204635052e-05, 1.6314539607265033e-05, 7.602479308843613e-05, 0.001103026675991714, 1.6442494597868063e-05, 1.657145367062185e-05]","[0.0007319450378417969, 0.9970703125, 0.00200653076171875]","[0.0007319450378417969, 0.9970703125, 0.00200653076171875]",False,YETERSİZ VERİ,RET,True,False,15415.870699998777,"{""K1_input_and_readiness"": 0.05160000000614673, ""K7_context"": 0.0012999989849049598, ""K1_normalization"": 0.009000003046821803, ""K6_advisory"": 23.119699999369914, ""K1_intent"": 0.03499999729683623, ""K2_retrieval"": 171.09239999990677, ""K3_reranker"": 840.3351000015391, ""K8_weighted_ranking"": 0.9565000000293367, ""K3_candidate_filters"": 0.0020000006770715117, ""K9_advisory_consensus"": 0.01300000076298602, ""K4_nli_and_bypass_check"": 419.3300000006275, ""K5_decision"": 462.51919999849633}",web_d9720545_0
FACTURK-0245,DOĞRU,"[12658, 15787, 27382, 27623, 21653, 9150, 27617, 10809, 13538, 15294, 22773, 25225, 11142, 23054, 3189, 2858, 19237, 19258, 25098, 27894]","[0.050611432641744614, 0.012722708284854889, 0.0007437028689309955, 0.0018602986820042133, 1.9073577277595177e-05, 0.03271312639117241, 4.1659583075670525e-05, 0.0001097509084502235, 0.004591683857142925, 3.1941821362124756e-05, 0.9828232526779175, 0.014392335899174213, 2.6480842279852368e-05, 0.07237401604652405, 0.06903792917728424, 0.0006878511630930007, 0.022371459752321243, 0.0140095679089427, 0.0008231385727412999, 0.006564249750226736]","[0.97412109375, 0.02386474609375, 0.002254486083984375]","[0.97412109375, 0.02386474609375, 0.002254486083984375]",False,DOĞRU,ONAY,False,False,1656.8564000008337,"{""K1_input_and_readiness"": 0.04529999932856299, ""K7_context"": 0.0012000018614344299, ""K1_normalization"": 0.007200000254670158, ""K6_advisory"": 23.414500003127614, ""K1_intent"": 0.03690000085043721, ""K2_retrieval"": 190.62580000172602, ""K3_reranker"": 1119.6423000001232, ""K8_weighted_ranking"": 1.0685000015655532, ""K3_candidate_filters"": 0.30899999910616316, ""K9_advisory_consensus"": 0.005199999577598646, ""K4_nli_and_bypass_check"": 166.2298000010196, ""K5_decision"": 152.7844999982335}",22773
FACTURK-0246,DOĞRU,"[24283, 6304, 11721, 14939, 7516, 22903, 13560, 16769, 23550, 9516, 12889, 26089, 29667, 21782, 26050, 2719, 399, 23475, 17229, 429]","[0.007039045449346304, 7.031184941297397e-05, 0.0003275842755101621, 2.1278065105434507e-05, 1.6314539607265033e-05, 0.0016875095898285508, 9.028038039105013e-05, 2.5466406441410072e-05, 1.6187581422855146e-05, 8.156224066624418e-05, 0.0001511819864390418, 3.0479141059913673e-05, 1.9073577277595177e-05, 8.818923379294574e-05, 1.6061610949691385e-05, 1.67014204635052e-05, 1.6187581422855146e-05, 1.6442494597868063e-05, 5.144220995134674e-05, 1.6314539607265033e-05]","[0.4736328125, 0.5009765625, 0.0254669189453125]","[0.4736328125, 0.5009765625, 0.0254669189453125]",False,YALAN,RED,False,False,19630.82829999985,"{""K1_input_and_readiness"": 0.06299999949987978, ""K7_context"": 0.0010000003385357559, ""K1_normalization"": 0.011500000255182385, ""K6_advisory"": 20.52700000058394, ""K1_intent"": 0.029200000426499173, ""K2_retrieval"": 189.32760000097915, ""K3_reranker"": 1640.6286000019463, ""K8_weighted_ranking"": 1.0237999995297287, ""K3_candidate_filters"": 0.0022999993234407157, ""K9_advisory_consensus"": 0.012699998478638008, ""K4_nli_and_bypass_check"": 105.3161000018008, ""K5_decision"": 0.49479999870527536}",web_3cd6e70e_1
FACTURK-0247,YALAN,"[24726, 23686, 24956, 30211, 29892, 15978, 19981, 17499, 13791, 25169, 27894, 22175, 6758, 14232, 25225, 21518, 22268, 4991, 22198, 22504]","[0.9995842576026917, 0.018689308315515518, 0.23109324276447296, 0.00266261282376945, 0.10502681136131287, 0.08006926625967026, 0.026405517011880875, 0.0023688741493970156, 0.017242778092622757, 0.024191485717892647, 0.005060331895947456, 0.0029121784027665854, 0.00011412239109631628, 0.0697949230670929, 0.22354651987552643, 0.0022343622986227274, 0.0011604196624830365, 0.018124720081686974, 0.0010202174307778478, 0.020606474950909615]","[0.99951171875, 0.0001722574234008789, 0.00039267539978027344]","[0.99951171875, 0.0001722574234008789, 0.00039267539978027344]",False,YALAN,UYARI,False,False,2229.238100000657,"{""K1_input_and_readiness"": 0.043000000005122274, ""K7_context"": 0.0011000010999850929, ""K1_normalization"": 0.008600000001024455, ""K6_advisory"": 21.74839999861433, ""K1_intent"": 0.030400002287933603, ""K2_retrieval"": 177.46709999846644, ""K3_reranker"": 1914.7128000004159, ""K8_weighted_ranking"": 1.01360000189743, ""K3_candidate_filters"": 0.2840000015567057, ""K9_advisory_consensus"": 0.005000001692678779, ""K4_nli_and_bypass_check"": 62.96990000191727, ""K5_decision"": 47.921600002155174}",24726
FACTURK-0248,YALAN,"[18148, 26461, 21223, 3213, 29251, 25862, 16193, 22690, 6309, 9463, 8419, 29177, 1570, 28346, 23755, 10877, 13378, 915, 10061, 29755]","[0.07250525057315826, 0.028870904818177223, 0.0030515100806951523, 0.004231587518006563, 0.0015916259726509452, 0.0011469158343970776, 5.9673518990166485e-05, 0.0018172829877585173, 0.015424552373588085, 0.00045474787475541234, 0.0006312434561550617, 2.392351052549202e-05, 0.0006312434561550617, 5.920916373725049e-05, 1.6314539607265033e-05, 0.0001686527393758297, 1.6061610949691385e-05, 0.06620602309703827, 9.098840382648632e-05, 0.00034870431409217417]","[0.99853515625, 0.0008287429809570312, 0.0007414817810058594]","[0.99853515625, 0.0008287429809570312, 0.0007414817810058594]",False,DOĞRU,ONAY,False,False,16622.87490000017,"{""K1_input_and_readiness"": 0.04400000034365803, ""K7_context"": 0.0010000003385357559, ""K1_normalization"": 0.008600000001024455, ""K6_advisory"": 22.308499999780906, ""K1_intent"": 0.03730000025825575, ""K2_retrieval"": 157.69910000017262, ""K3_reranker"": 1837.2530000015104, ""K8_weighted_ranking"": 1.1162000009790063, ""K3_candidate_filters"": 0.0025999979698099196, ""K9_advisory_consensus"": 0.012799999240087345, ""K4_nli_and_bypass_check"": 432.78039999859175, ""K5_decision"": 361.2447000014072}",web_b9269388_1
FACTURK-0249,DOĞRU,"[16856, 427, 27940, 29568, 16420, 17094, 23265, 8286, 6437, 15887, 21829, 16585, 26598, 25916, 4842, 19220, 13524, 8628, 26312, 24737]","[0.00012632041762117296, 0.9881765246391296, 1.6061610949691385e-05, 1.6442494597868063e-05, 0.001674399245530367, 0.001052568550221622, 1.6187581422855146e-05, 2.93115390377352e-05, 0.00012339458044152707, 0.0001387341326335445, 1.7097478121286258e-05, 4.0694576455280185e-05, 0.01890544593334198, 0.00019716942915692925, 4.7206227463902906e-05, 7.602479308843613e-05, 3.071818719035946e-05, 1.7366719475830905e-05, 1.657145367062185e-05, 1.6187581422855146e-05]","[0.99609375, 0.0026569366455078125, 0.0011301040649414062]","[0.99609375, 0.0026569366455078125, 0.0011301040649414062]",False,DOĞRU,ONAY,False,False,1722.1325999998953,"{""K1_input_and_readiness"": 0.04479999915929511, ""K7_context"": 0.0010000003385357559, ""K1_normalization"": 0.008900002285372466, ""K6_advisory"": 20.738999999593943, ""K1_intent"": 0.024900000425986946, ""K2_retrieval"": 153.67719999994733, ""K3_reranker"": 1277.5466999992204, ""K8_weighted_ranking"": 0.9400000017194543, ""K3_candidate_filters"": 0.32670000291545875, ""K9_advisory_consensus"": 0.005500001861946657, ""K4_nli_and_bypass_check"": 138.07249999808846, ""K5_decision"": 128.2790000004752}",427
FACTURK-0250,YALAN,"[12539, 14277, 10302, 5953, 21058, 10589, 15780, 24849, 19068, 8347, 15297, 27017, 21117, 25673, 4270, 25108, 19997, 4867, 2984, 7224]","[0.000706905557308346, 0.054701510816812515, 0.015306354500353336, 0.016593176871538162, 0.00019716942915692925, 0.003510648850351572, 0.002115703420713544, 0.4801282584667206, 0.0013939501950517297, 0.0030278346966952085, 0.02489279955625534, 0.008348053321242332, 0.20481863617897034, 0.01214717049151659, 0.007937993854284286, 0.0030043430160731077, 0.00029137005913071334, 0.08050192147493362, 0.00016474656877107918, 0.007725534029304981]","[0.0004906654357910156, 0.99951171875, 0.00020492076873779297]","[0.0004906654357910156, 0.99951171875, 0.00020492076873779297]",False,YETERSİZ VERİ,RET,True,False,18604.445699998905,"{""K1_input_and_readiness"": 0.07449999975506216, ""K7_context"": 0.0010000003385357559, ""K1_normalization"": 0.01300000076298602, ""K6_advisory"": 24.108199999318458, ""K1_intent"": 0.045000000682193786, ""K2_retrieval"": 233.87329999968642, ""K3_reranker"": 2094.789899998432, ""K8_weighted_ranking"": 0.9242000014637597, ""K3_candidate_filters"": 0.2677000011317432, ""K9_advisory_consensus"": 0.004900000931229442, ""K4_nli_and_bypass_check"": 21.877899998798966, ""K5_decision"": 0.16700000196578912}",24849
FACTURK-0251,DOĞRU,"[26178, 24289, 4452, 5104, 27018, 12622, 2755, 7944, 9730, 6170, 12330, 6765, 2933, 26308, 18638, 26627, 10424, 25503, 24002, 23246]","[0.0015487611526623368, 8.156224066624418e-05, 0.0011786719551309943, 0.0053640566766262054, 8.888084994396195e-05, 0.02203226462006569, 0.00022167809947859496, 0.00019411319226492196, 0.0001442598586436361, 0.0006337125087156892, 0.0010322310263291001, 0.0023688741493970156, 0.0028671587351709604, 0.0005274784052744508, 0.0005316132446750998, 0.00011412239109631628, 0.0002002737601287663, 0.00272558256983757, 0.004924510605633259, 0.0005614787805825472]",null,null,False,YETERSİZ VERİ,RET,True,False,20725.51469999962,"{""K1_input_and_readiness"": 0.057600002037361264, ""K7_context"": 0.0012000018614344299, ""K1_normalization"": 0.010399999155197293, ""K6_advisory"": 23.41280000109691, ""K1_intent"": 0.04020000051241368, ""K2_retrieval"": 190.54420000247774, ""K3_reranker"": 1966.1638999969, ""K8_weighted_ranking"": 0.9967000005417503, ""K3_candidate_filters"": 0.0020000006770715117}",
FACTURK-0252,YALAN,"[5630, 2429, 28582, 4402, 8731, 29070, 29379, 12391, 13025, 16652, 17161, 24542, 18711, 8833, 12102, 10127, 7375, 13621, 3524, 8024]","[0.9993175268173218, 0.0025509123224765062, 0.02080448903143406, 0.015483989380300045, 0.0007854739669710398, 0.00038296362617984414, 0.0001387341326335445, 9.685608529252931e-05, 0.005888158921152353, 0.008847354911267757, 0.00026947917649522424, 0.04107588902115822, 8.547616744181141e-05, 0.0019723358564078808, 2.265035072923638e-05, 3.591300992411561e-05, 0.04377274215221405, 0.01590639166533947, 0.005001672077924013, 0.00010310211655450985]",null,"[1.0, 0.0, 0.0]",True,YALAN,UYARI,False,False,2486.0960000005434,"{""K1_input_and_readiness"": 0.04830000034417026, ""K7_context"": 0.0011999982234556228, ""K1_normalization"": 0.009399998816661537, ""K6_advisory"": 20.808000001125038, ""K1_intent"": 0.024400000256719068, ""K2_retrieval"": 158.86899999895832, ""K3_reranker"": 2301.90219999713, ""K8_weighted_ranking"": 1.1794999991252553, ""K3_candidate_filters"": 0.2844000009645242, ""K9_advisory_consensus"": 0.00540000110049732, ""K4_nli_and_bypass_check"": 0.17440000010537915, ""K5_decision"": 0.2596000012999866}",5630
FACTURK-0253,YALAN,"[13795, 6837, 22811, 23132, 24304, 1959, 27357, 5396, 23686, 15247, 9810, 7836, 24179, 14814, 6352, 26079, 21253, 27830, 30352, 3772]","[0.00014653129619546235, 2.0462934116949327e-05, 1.6314539607265033e-05, 0.00015720345254521817, 0.0005953406798653305, 1.6314539607265033e-05, 0.0004044814850203693, 1.657145367062185e-05, 1.6187581422855146e-05, 1.6314539607265033e-05, 0.0009966077050194144, 0.019568676128983498, 1.6442494597868063e-05, 7.9673009167891e-05, 2.1112482500029728e-05, 1.6314539607265033e-05, 1.6061610949691385e-05, 2.265035072923638e-05, 3.071818719035946e-05, 4.101373633602634e-05]",null,null,False,YETERSİZ VERİ,RET,True,False,3434.3540000008943,"{""K1_input_and_readiness"": 0.04609999814420007, ""K7_context"": 0.0013999997463542968, ""K1_normalization"": 0.009400002454640344, ""K6_advisory"": 20.918300000630552, ""K1_intent"": 0.02809999932651408, ""K2_retrieval"": 195.73179999861168, ""K3_reranker"": 1317.2024999985297, ""K8_weighted_ranking"": 1.0081000000354834, ""K3_candidate_filters"": 0.0020000006770715117}",
FACTURK-0254,YALAN,"[16423, 19084, 16491, 6705, 12442, 5304, 11198, 17023, 10107, 16687, 27748, 29373, 16645, 24955, 5228, 26983, 23309, 1155, 29364, 30133]","[1.8777873265207745e-05, 0.0023413407616317272, 0.0011380005162209272, 4.101373633602634e-05, 0.0006070755189284682, 0.004433765076100826, 0.001269364496693015, 1.6442494597868063e-05, 1.6061610949691385e-05, 1.9833367332466878e-05, 3.508111694827676e-05, 0.0001195985751110129, 0.0003301527176517993, 8.029783930396661e-05, 1.6061610949691385e-05, 0.0014721895568072796, 1.6314539607265033e-05, 4.5044595026411116e-05, 0.0009004466701298952, 0.0007916296017356217]","[0.0020008087158203125, 0.99658203125, 0.0015306472778320312]","[0.0020008087158203125, 0.99658203125, 0.0015306472778320312]",False,YALAN,RED,False,False,19166.88499999873,"{""K1_input_and_readiness"": 0.04830000034417026, ""K7_context"": 0.0011000010999850929, ""K1_normalization"": 0.009100000170292333, ""K6_advisory"": 24.84040000126697, ""K1_intent"": 0.02689999746507965, ""K2_retrieval"": 181.76500000117812, ""K3_reranker"": 1553.9762000007613, ""K8_weighted_ranking"": 1.0277000001224224, ""K3_candidate_filters"": 0.0024999972083605826, ""K9_advisory_consensus"": 0.013799999578623101, ""K4_nli_and_bypass_check"": 896.0235999984434, ""K5_decision"": 825.7484999994631}",web_875065c8_1
FACTURK-0255,DOĞRU,"[6199, 21702, 4987, 2558, 18926, 15525, 26352, 4226, 15849, 13422, 10873, 8950, 18876, 19437, 17342, 322, 27758, 12813, 16473, 9164]","[0.005281333811581135, 0.0008009536541067064, 0.012007349170744419, 2.0462934116949327e-05, 0.005405900068581104, 2.4682904040673748e-05, 0.0006190416170284152, 0.02898062951862812, 2.2474090656032786e-05, 1.657145367062185e-05, 5.02506154589355e-05, 0.008030813187360764, 1.7097478121286258e-05, 2.178264912799932e-05, 6.253713218029588e-05, 0.024798160418868065, 0.0023141263518482447, 0.0005316132446750998, 0.014957086183130741, 0.00048406238784082234]",null,null,False,YETERSİZ VERİ,RET,True,False,17621.39440000101,"{""K1_input_and_readiness"": 0.05569999848376028, ""K7_context"": 0.0010000003385357559, ""K1_normalization"": 0.013900000340072438, ""K6_advisory"": 19.971599998825695, ""K1_intent"": 0.0332000017806422, ""K2_retrieval"": 200.4242000002705, ""K3_reranker"": 1750.627199999144, ""K8_weighted_ranking"": 1.0045000017271377, ""K3_candidate_filters"": 0.0020000006770715117}",
FACTURK-0256,YALAN,"[15787, 25225, 9150, 25098, 17721, 16785, 27894, 21537, 2858, 11479, 16063, 15238, 24184, 28629, 30356, 2244, 25169, 487, 24591, 2537]","[0.001151399570517242, 0.0019646615255624056, 0.008985428139567375, 0.0002396868512732908, 0.4686386287212372, 0.0006047102506272495, 0.014172364957630634, 0.468030720949173, 0.0001476803736295551, 0.00020184421737212688, 0.002580904169008136, 0.004700060468167067, 0.0007824140484444797, 0.006413164082914591, 0.1748325228691101, 7.905303937150165e-05, 0.00011412239109631628, 0.0029008574783802032, 0.0007096704212017357, 0.026405517011880875]","[0.001087188720703125, 0.99609375, 0.002777099609375]","[0.001087188720703125, 0.99609375, 0.002777099609375]",False,YALAN,RED,False,False,2454.270500002167,"{""K1_input_and_readiness"": 0.04619999890564941, ""K7_context"": 0.0012999989849049598, ""K1_normalization"": 0.008299997716676444, ""K6_advisory"": 21.120600002177525, ""K1_intent"": 0.024099997972371057, ""K2_retrieval"": 154.50609999970766, ""K3_reranker"": 1997.8636000014376, ""K8_weighted_ranking"": 1.0369999981776346, ""K3_candidate_filters"": 0.5547000000660773, ""K9_advisory_consensus"": 0.00540000110049732, ""K4_nli_and_bypass_check"": 145.87150000079419, ""K5_decision"": 130.17060000129277}",17721
FACTURK-0257,DOĞRU,"[25662, 27521, 18052, 17425, 18391, 12763, 15121, 13817, 9725, 18112, 26227, 27233, 29612, 29091, 11295, 2043, 5149, 1974, 15859, 3976]","[0.19759924709796906, 0.0055333878844976425, 0.03222229704260826, 0.015663648024201393, 0.19590157270431519, 0.060418423265218735, 0.11104825139045715, 0.02013874053955078, 0.008445626124739647, 0.018194368109107018, 0.018797073513269424, 0.017442485317587852, 0.03191915154457092, 0.011029469780623913, 1.657145367062185e-05, 0.011029469780623913, 6.60521473037079e-05, 0.0037800956051796675, 0.02909075655043125, 0.015483989380300045]","[0.196533203125, 0.80224609375, 0.0013017654418945312]","[0.196533203125, 0.80224609375, 0.0013017654418945312]",False,YALAN,RED,False,False,12199.747400001797,"{""K1_input_and_readiness"": 0.054299998737405986, ""K7_context"": 0.0011000010999850929, ""K1_normalization"": 0.009800001862458885, ""K6_advisory"": 22.85199999823817, ""K1_intent"": 0.03780000042752363, ""K2_retrieval"": 190.6928999997035, ""K3_reranker"": 2368.5138000000734, ""K8_weighted_ranking"": 1.1435999986133538, ""K3_candidate_filters"": 0.0018999999156221747, ""K9_advisory_consensus"": 0.015899997379165143, ""K4_nli_and_bypass_check"": 99.35600000244449, ""K5_decision"": 0.44490000072983094}",web_74017981_0
FACTURK-0258,DOĞRU,"[28345, 13989, 13706, 16594, 2194, 29289, 12429, 14954, 8100, 28354, 11758, 2993, 24747, 11751, 4877, 18975, 23797, 2677, 6575, 21977]","[0.049681153148412704, 0.02241421490907669, 0.009020279161632061, 0.01009131595492363, 0.00937623716890812, 0.03782128915190697, 0.009125636890530586, 0.003678509034216404, 0.0008360903011634946, 0.0006487307837232947, 0.002123966347426176, 0.02409944497048855, 0.0008796061738394201, 0.0007096704212017357, 0.0013096056645736098, 0.028328312560915947, 0.002540992572903633, 0.001192549243569374, 0.00025118677876889706, 0.0007466114475391805]",null,null,False,YETERSİZ VERİ,RET,True,False,10882.497499998863,"{""K1_input_and_readiness"": 0.04709999848273583, ""K7_context"": 0.0010999974620062858, ""K1_normalization"": 0.008099999831756577, ""K6_advisory"": 20.903999997244682, ""K1_intent"": 0.028100002964492887, ""K2_retrieval"": 186.25500000052853, ""K3_reranker"": 1843.454699999711, ""K8_weighted_ranking"": 0.9642000004532747, ""K3_candidate_filters"": 0.0018999999156221747}",
FACTURK-0259,DOĞRU,"[25585, 6348, 10277, 27364, 11842, 24904, 1682, 16400, 6758, 20527, 11122, 28198, 13321, 17229, 19122, 2307, 15897, 3377, 21400, 27436]","[0.6801354885101318, 0.00021995337738189846, 0.0008199321455322206, 5.104190859128721e-05, 8.818923379294574e-05, 1.7778551409719512e-05, 1.8777873265207745e-05, 3.4537253668531775e-05, 0.004886374808847904, 9.915272676153108e-05, 2.014569145103451e-05, 1.6442494597868063e-05, 4.611274925991893e-05, 0.0002982776495628059, 0.006589771714061499, 1.8342892872169614e-05, 1.7231572201126255e-05, 1.67014204635052e-05, 1.7778551409719512e-05, 2.265035072923638e-05]","[0.1268310546875, 0.85595703125, 0.017242431640625]","[0.1268310546875, 0.85595703125, 0.017242431640625]",False,YALAN,RED,False,False,18901.85410000049,"{""K1_input_and_readiness"": 0.04610000178217888, ""K7_context"": 0.0012000018614344299, ""K1_normalization"": 0.008400002116104588, ""K6_advisory"": 20.963099999789847, ""K1_intent"": 0.02519999907235615, ""K2_retrieval"": 164.85850000026403, ""K3_reranker"": 2155.569299997296, ""K8_weighted_ranking"": 1.1092999993707053, ""K3_candidate_filters"": 0.28480000037234277, ""K9_advisory_consensus"": 0.005500001861946657, ""K4_nli_and_bypass_check"": 309.04050000026473, ""K5_decision"": 294.7829000004276}",web_9828a6ed_2
FACTURK-0260,DOĞRU,"[3138, 7704, 16683, 25343, 13960, 11169, 2262, 20048, 6828, 18437, 28777, 16740, 18735, 14100, 27763, 2961, 27568, 2399, 299, 3945]","[1.6061610949691385e-05, 1.7917987861437723e-05, 0.0028560124337673187, 1.6187581422855146e-05, 1.8200149497715756e-05, 0.000458312890259549, 1.67014204635052e-05, 0.00034329999471083283, 1.6061610949691385e-05, 4.7206227463902906e-05, 1.6187581422855146e-05, 3.244481558795087e-05, 1.6314539607265033e-05, 1.892514956125524e-05, 1.6061610949691385e-05, 1.6314539607265033e-05, 1.6442494597868063e-05, 0.0002287133247591555, 1.6061610949691385e-05, 1.6061610949691385e-05]","[0.058807373046875, 0.94091796875, 0.0004830360412597656]","[0.058807373046875, 0.94091796875, 0.0004830360412597656]",False,YALAN,RED,False,False,16512.77520000076,"{""K1_input_and_readiness"": 0.06040000153006986, ""K7_context"": 0.0010000003385357559, ""K1_normalization"": 0.009899998985929415, ""K6_advisory"": 23.69619999808492, ""K1_intent"": 0.06719999873894267, ""K2_retrieval"": 176.32989999765414, ""K3_reranker"": 1649.9664000002667, ""K8_weighted_ranking"": 0.9924999976647086, ""K3_candidate_filters"": 0.0021000014385208488, ""K9_advisory_consensus"": 0.015099998563528061, ""K4_nli_and_bypass_check"": 249.26780000168947, ""K5_decision"": 165.11840000021039}",web_f98e0746_0
FACTURK-0261,YALAN,"[20431, 12900, 27643, 15617, 9834, 26193, 2749, 28246, 16384, 27752, 11185, 23464, 27400, 9378, 21875, 27965, 7243, 10952, 676, 28236]","[0.005980330519378185, 1.67014204635052e-05, 0.00017952796770259738, 0.0003366621967870742, 2.586742994026281e-05, 1.7640199075685814e-05, 1.9988918211311102e-05, 0.0007264875457622111, 1.7097478121286258e-05, 3.3474691008450463e-05, 3.5633544030133635e-05, 3.321419353596866e-05, 0.0010443859500810504, 1.750292540236842e-05, 0.0003920417802873999, 1.750292540236842e-05, 2.355261858610902e-05, 0.00010554686014074832, 0.0001837845629779622, 2.566613329690881e-05]",null,null,False,YETERSİZ VERİ,RET,True,False,3457.9343999976118,"{""K1_input_and_readiness"": 0.06230000144569203, ""K7_context"": 0.0011000010999850929, ""K1_normalization"": 0.012799999240087345, ""K6_advisory"": 23.17860000039218, ""K1_intent"": 0.048499998229090124, ""K2_retrieval"": 208.86139999856823, ""K3_reranker"": 1647.8916000014578, ""K8_weighted_ranking"": 0.9572000017215032, ""K3_candidate_filters"": 0.0018999999156221747}",
FACTURK-0262,DOĞRU,"[2381, 11778, 29892, 4452, 22773, 28266, 29075, 4156, 6336, 23686, 27763, 2920, 23475, 11723, 22504, 28251, 21748, 18348, 10809, 5576]","[0.2078571617603302, 0.026963500306010246, 0.0017683517653495073, 0.0002234163403045386, 0.038321975618600845, 0.0008830457809381187, 3.0006618544575758e-05, 1.8777873265207745e-05, 0.0010733063099905849, 0.000317508791340515, 0.0003053489199373871, 0.0003889921063091606, 2.710879925871268e-05, 4.006369272246957e-05, 0.016721142455935478, 0.00011866796558024362, 7.782753527862951e-05, 3.4537253668531775e-05, 1.967902426258661e-05, 1.8631746570463292e-05]",null,null,False,YETERSİZ VERİ,RET,True,False,10705.299599998398,"{""K1_input_and_readiness"": 0.0453000029665418, ""K7_context"": 0.0011000010999850929, ""K1_normalization"": 0.008600000001024455, ""K6_advisory"": 21.672399998351466, ""K1_intent"": 0.025400000595254824, ""K2_retrieval"": 170.5724999992526, ""K3_reranker"": 2023.3483999982127, ""K8_weighted_ranking"": 1.0118000027432572, ""K3_candidate_filters"": 0.0020000006770715117}",
FACTURK-0263,YALAN,"[8905, 21473, 21599, 28194, 11383, 16291, 5273, 9426, 23763, 15874, 1130, 10031, 1761, 8888, 5961, 28559, 7358, 6472, 6538, 3623]","[0.0001097509084502235, 0.00014883848780300468, 0.008283626288175583, 0.0005072812782600522, 0.011463796719908714, 0.00021485926117748022, 0.0011740821646526456, 0.0026316740550100803, 0.0001740054285619408, 1.8200149497715756e-05, 3.70529705833178e-05, 0.002323162741959095, 0.00012931563833262771, 0.0009217804181389511, 2.7535690605873242e-05, 2.93115390377352e-05, 5.9673518990166485e-05, 0.0005072812782600522, 3.373722574906424e-05, 5.2662067901110277e-05]","[0.01178741455078125, 0.91796875, 0.07012939453125]","[0.01178741455078125, 0.91796875, 0.07012939453125]",False,YETERSİZ VERİ,RET,True,False,22331.558199999563,"{""K1_input_and_readiness"": 0.05600000076810829, ""K7_context"": 0.0012000018614344299, ""K1_normalization"": 0.009999999747378752, ""K6_advisory"": 20.80969999951776, ""K1_intent"": 0.027700003556674346, ""K2_retrieval"": 189.29779999962193, ""K3_reranker"": 1603.8021999993362, ""K8_weighted_ranking"": 0.9457999985897914, ""K3_candidate_filters"": 0.0021000014385208488, ""K9_advisory_consensus"": 0.013200002285884693, ""K4_nli_and_bypass_check"": 1092.699900000298, ""K5_decision"": 1017.8839000000153}",web_b2372fb1_2
FACTURK-0264,DOĞRU,"[11058, 17516, 19761, 1424, 5710, 17984, 5087, 2337, 24534, 27015, 20305, 12152, 30224, 17022, 15968, 11986, 2513, 18468, 11571, 27857]","[0.39210402965545654, 0.0023967307060956955, 0.9388007521629333, 0.016466174274683, 0.019908789545297623, 0.03061777912080288, 0.00026323829661123455, 0.0008659808663651347, 3.1201914680423215e-05, 0.0928521603345871, 0.0011380005162209272, 0.00017952796770259738, 0.0032099615782499313, 1.750292540236842e-05, 1.8777873265207745e-05, 0.0008693674462847412, 0.019531238824129105, 0.8875949382781982, 1.657145367062185e-05, 1.9373936083866283e-05]","[0.85302734375, 0.070556640625, 0.0765380859375]","[0.85302734375, 0.070556640625, 0.0765380859375]",False,YETERSİZ VERİ,KISMI,True,False,1771.8869000018458,"{""K1_input_and_readiness"": 0.04369999805931002, ""K7_context"": 0.0008999995770864189, ""K1_normalization"": 0.007899998308857903, ""K6_advisory"": 20.987700001569465, ""K1_intent"": 0.02559999848017469, ""K2_retrieval"": 141.69269999911194, ""K3_reranker"": 1315.7059000004665, ""K8_weighted_ranking"": 0.9341000004496891, ""K3_candidate_filters"": 0.7949000028020237, ""K9_advisory_consensus"": 0.00540000110049732, ""K4_nli_and_bypass_check"": 159.10060000169324, ""K5_decision"": 129.89369999922928}",19761
FACTURK-0265,YALAN,"[4991, 10657, 6119, 7268, 2235, 2549, 2984, 14780, 27018, 28547, 25731, 27997, 3259, 20078, 6765, 5723, 1970, 1505, 13059, 11389]","[0.06536578387022018, 0.00937623716890812, 0.08601588010787964, 0.00023782203788869083, 0.0061212810687720776, 0.0013617033837363124, 0.0001713081874186173, 0.0004044814850203693, 0.0004092474700883031, 0.000758359965402633, 0.05370030552148819, 0.0012497093994170427, 0.0030634168069809675, 2.6480842279852368e-05, 0.00020342698553577065, 2.0462934116949327e-05, 0.01778038963675499, 1.892514956125524e-05, 0.0001713081874186173, 0.002174225402995944]",null,null,False,YETERSİZ VERİ,RET,True,False,17010.153600000194,"{""K1_input_and_readiness"": 0.047100002120714635, ""K7_context"": 0.0010000003385357559, ""K1_normalization"": 0.009400002454640344, ""K6_advisory"": 21.04180000242195, ""K1_intent"": 0.02599999788799323, ""K2_retrieval"": 166.8948000005912, ""K3_reranker"": 2292.5780000005034, ""K8_weighted_ranking"": 1.0723999985202681, ""K3_candidate_filters"": 0.0022000021999701858}",
FACTURK-0266,DOĞRU,"[4491, 9117, 23520, 19604, 23297, 19212, 8025, 22170, 10061, 15367, 12727, 23862, 23361, 8658, 26848, 27625, 1399, 1459, 16491, 21965]","[3.373722574906424e-05, 1.7231572201126255e-05, 0.00010637458035489544, 1.8777873265207745e-05, 3.373722574906424e-05, 2.014569145103451e-05, 1.6187581422855146e-05, 1.6187581422855146e-05, 1.9525883544702083e-05, 0.000124362253700383, 1.683241134742275e-05, 5.738759500673041e-05, 3.852893496514298e-05, 1.8777873265207745e-05, 1.6061610949691385e-05, 1.6442494597868063e-05, 0.06928940862417221, 1.67014204635052e-05, 1.657145367062185e-05, 1.6314539607265033e-05]","[0.00021398067474365234, 0.99951171875, 6.723403930664062e-05]","[0.00021398067474365234, 0.99951171875, 6.723403930664062e-05]",False,YETERSİZ VERİ,RET,True,False,13406.98699999848,"{""K1_input_and_readiness"": 0.06579999899258837, ""K7_context"": 0.0012999989849049598, ""K1_normalization"": 0.011399999493733048, ""K6_advisory"": 24.298000000271713, ""K1_intent"": 0.036600002204068005, ""K2_retrieval"": 225.03199999846402, ""K3_reranker"": 1925.7335000002058, ""K8_weighted_ranking"": 0.9303999977419153, ""K3_candidate_filters"": 0.0017999991541728377, ""K9_advisory_consensus"": 0.013799999578623101, ""K4_nli_and_bypass_check"": 18.43869999720482, ""K5_decision"": 0.14929999815649353}",web_6b7704cd_0
FACTURK-0267,YALAN,"[26279, 20172, 25269, 15061, 22301, 4316, 10451, 20024, 13189, 7236, 15662, 385, 2149, 23491, 20781, 19187, 9711, 25156, 24851, 5540]","[0.06754669547080994, 0.011732463724911213, 0.01764446496963501, 0.00266261282376945, 0.000437334441812709, 0.00821969285607338, 7.031184941297397e-05, 0.6211962699890137, 0.0006361912237480283, 0.001995538594201207, 0.0001823546044761315, 0.0004994205664843321, 0.00038296362617984414, 0.0008559006964787841, 0.005774929653853178, 0.007317397277802229, 5.0644717703107744e-05, 3.373722574906424e-05, 2.161314114346169e-05, 1.6442494597868063e-05]","[0.0069122314453125, 0.68212890625, 0.31103515625]","[0.0069122314453125, 0.68212890625, 0.31103515625]",False,YETERSİZ VERİ,RET,True,False,14952.682899998763,"{""K1_input_and_readiness"": 0.04289999924367294, ""K7_context"": 0.0008999995770864189, ""K1_normalization"": 0.009499999578110874, ""K6_advisory"": 21.991000001435168, ""K1_intent"": 0.032899999496294186, ""K2_retrieval"": 179.74060000051395, ""K3_reranker"": 1752.4081999981718, ""K8_weighted_ranking"": 0.9871000002021901, ""K3_candidate_filters"": 0.28200000087963417, ""K9_advisory_consensus"": 0.00540000110049732, ""K4_nli_and_bypass_check"": 305.34410000109347, ""K5_decision"": 285.9355000000505}",20024
FACTURK-0268,YALAN,"[10329, 25178, 11026, 2823, 6269, 29138, 7330, 700, 22390, 13382, 2498, 23276, 4149, 21058, 16150, 24255, 23693, 27369, 3956, 27818]","[0.46815231442451477, 3.373722574906424e-05, 0.010052368976175785, 0.0030043430160731077, 0.00013342000602278858, 0.00854433048516512, 0.007785655092447996, 0.007431773468852043, 0.001269364496693015, 0.018404889851808548, 0.00034329999471083283, 0.000628784007858485, 0.0007152324542403221, 0.0022694687359035015, 0.004700060468167067, 0.007176882121711969, 4.575391358230263e-05, 1.892514956125524e-05, 0.006930672097951174, 0.000954731716774404]","[0.0110015869140625, 0.0231781005859375, 0.9658203125]","[0.0110015869140625, 0.0231781005859375, 0.9658203125]",False,DOĞRU,ONAY,False,False,3072.3249000002397,"{""K1_input_and_readiness"": 0.061400001868605614, ""K7_context"": 0.0011000010999850929, ""K1_normalization"": 0.01080000220099464, ""K6_advisory"": 21.02509999895119, ""K1_intent"": 0.044200001866556704, ""K2_retrieval"": 206.34979999886127, ""K3_reranker"": 2129.75699999879, ""K8_weighted_ranking"": 0.9960999996110331, ""K3_candidate_filters"": 0.2832000027410686, ""K9_advisory_consensus"": 0.005500001861946657, ""K4_nli_and_bypass_check"": 370.36910000097123, ""K5_decision"": 340.7812000004924}",10329
FACTURK-0269,DOĞRU,"[30119, 28319, 18961, 19824, 12622, 16465, 23361, 19288, 4119, 13421, 27402, 24912, 15928, 4813, 26660, 25841, 8468, 16288, 25178, 10748]","[2.977311669383198e-05, 0.0006142272031866014, 0.0002396868512732908, 0.04099902883172035, 0.6921219825744629, 0.0018602986820042133, 0.0024726230185478926, 1.9525883544702083e-05, 0.0003514382697176188, 1.6061610949691385e-05, 0.00020988310279790312, 1.6061610949691385e-05, 1.6061610949691385e-05, 0.0031480707693845034, 1.6314539607265033e-05, 1.6187581422855146e-05, 1.6442494597868063e-05, 1.6061610949691385e-05, 1.6061610949691385e-05, 1.6187581422855146e-05]","[0.00176239013671875, 0.9404296875, 0.058013916015625]","[0.00176239013671875, 0.9404296875, 0.058013916015625]",False,YETERSİZ VERİ,RET,True,False,14963.548200001242,"{""K1_input_and_readiness"": 0.054600001021754, ""K7_context"": 0.0011999982234556228, ""K1_normalization"": 0.01059999704011716, ""K6_advisory"": 20.368799996504094, ""K1_intent"": 0.03149999974993989, ""K2_retrieval"": 204.95369999844115, ""K3_reranker"": 1707.079399999202, ""K8_weighted_ranking"": 0.9678000023995992, ""K3_candidate_filters"": 0.28200000087963417, ""K9_advisory_consensus"": 0.00549999822396785, ""K4_nli_and_bypass_check"": 18.558399999164976, ""K5_decision"": 0.14029999874765053}",web_340d32f0_0
FACTURK-0270,YALAN,"[9483, 7705, 6970, 9798, 668, 15293, 27988, 12204, 23686, 9270, 11788, 8910, 1231, 25177, 27101, 10999, 24876, 27387, 16162, 1546]","[1.6187581422855146e-05, 5.1845658163074404e-05, 1.657145367062185e-05, 0.0012351677287369967, 0.0001699752756394446, 0.00020184421737212688, 1.6187581422855146e-05, 7.543320680269971e-05, 0.00010310211655450985, 3.0479141059913673e-05, 0.0006932422984391451, 3.6764631659025326e-05, 1.6187581422855146e-05, 9.610241977497935e-05, 0.00012931563833262771, 3.734356869244948e-05, 1.6187581422855146e-05, 2.93115390377352e-05, 1.9073577277595177e-05, 0.002123966347426176]",null,null,False,YETERSİZ VERİ,RET,True,False,11171.97209999722,"{""K1_input_and_readiness"": 0.04579999949783087, ""K7_context"": 0.0011000010999850929, ""K1_normalization"": 0.009799998224480078, ""K6_advisory"": 21.837199998117285, ""K1_intent"": 0.026699999580159783, ""K2_retrieval"": 174.35459999978775, ""K3_reranker"": 1302.75459999757, ""K8_weighted_ranking"": 0.9229999996023253, ""K3_candidate_filters"": 0.0020000006770715117}",
FACTURK-0271,YALAN,"[1873, 21359, 11447, 16922, 2152, 29388, 8325, 6631, 7337, 28382, 2955, 26770, 12819, 10157, 13355, 12600, 25375, 16977, 28265, 13064]","[0.00023050670279189944, 2.1112482500029728e-05, 7.662102143513039e-05, 1.657145367062185e-05, 4.1659583075670525e-05, 3.1693256460130215e-05, 0.00014313739666249603, 4.331903619458899e-05, 2.411113746347837e-05, 0.00010391067189630121, 0.003839395008981228, 0.0010733063099905849, 1.6187581422855146e-05, 4.469407213036902e-05, 0.0007264875457622111, 1.9525883544702083e-05, 0.0008626077906228602, 1.6061610949691385e-05, 9.993031562771648e-05, 0.0009039677679538727]","[0.998046875, 0.0009784698486328125, 0.0012006759643554688]","[0.998046875, 0.0009784698486328125, 0.0012006759643554688]",False,DOĞRU,ONAY,False,False,9213.917600001878,"{""K1_input_and_readiness"": 0.04039999839733355, ""K7_context"": 0.0011000010999850929, ""K1_normalization"": 0.007600003300467506, ""K6_advisory"": 23.003599999356084, ""K1_intent"": 0.02930000118794851, ""K2_retrieval"": 138.02769999892917, ""K3_reranker"": 1336.5370999999868, ""K8_weighted_ranking"": 0.9364999968966004, ""K3_candidate_filters"": 0.0017999991541728377, ""K9_advisory_consensus"": 0.013199998647905886, ""K4_nli_and_bypass_check"": 98.54830000040238, ""K5_decision"": 79.5655000001716}",web_fa28e155_0
FACTURK-0272,YALAN,"[10913, 15616, 15372, 7421, 21402, 25269, 5491, 20985, 18468, 19866, 28419, 23751, 11668, 20683, 27883, 20020, 21063, 7447, 20024, 17820]","[0.970687747001648, 0.03993731364607811, 0.18609505891799927, 0.012479699216783047, 0.000810387369710952, 0.0009399438858963549, 0.0001511819864390418, 0.049681153148412704, 0.018404889851808548, 0.002934951800853014, 0.00021654405281879008, 0.0011291546979919076, 0.004503272473812103, 0.0010443859500810504, 0.009746103547513485, 0.000159678646014072, 0.01287075038999319, 0.0006878511630930007, 0.0022343622986227274, 0.0011786719551309943]","[0.015777587890625, 0.98291015625, 0.0012912750244140625]","[0.015777587890625, 0.98291015625, 0.0012912750244140625]",False,YETERSİZ VERİ,RET,True,False,14284.187000001111,"{""K1_input_and_readiness"": 0.04780000017490238, ""K7_context"": 0.0011000010999850929, ""K1_normalization"": 0.010100000508828089, ""K6_advisory"": 20.75469999908819, ""K1_intent"": 0.028200000087963417, ""K2_retrieval"": 195.0275999988662, ""K3_reranker"": 1595.2838999983214, ""K8_weighted_ranking"": 0.9943000004568603, ""K3_candidate_filters"": 0.28929999825777486, ""K9_advisory_consensus"": 0.005800000508315861, ""K4_nli_and_bypass_check"": 177.06080000061775, ""K5_decision"": 148.92689999760478}",10913
FACTURK-0273,YALAN,"[19518, 16836, 841, 8148, 8759, 29903, 2008, 20460, 17536, 26467, 3427, 1077, 2048, 11665, 19557, 19892, 15020, 14710, 7767, 27818]","[0.0009622126235626638, 3.8229114579735324e-05, 2.6688529032981023e-05, 1.6964426322374493e-05, 0.0022170129232108593, 7.031184941297397e-05, 2.732141365413554e-05, 2.195349043176975e-05, 2.977311669383198e-05, 0.06406543403863907, 2.318747829122003e-05, 0.01384861022233963, 0.0001547666179249063, 0.004231587518006563, 0.0011203772155568004, 2.566613329690881e-05, 1.7231572201126255e-05, 1.7366719475830905e-05, 0.00020184421737212688, 0.00026530236937105656]","[0.08038330078125, 0.84619140625, 0.07318115234375]","[0.08038330078125, 0.84619140625, 0.07318115234375]",False,YETERSİZ VERİ,RET,True,False,13444.828299998335,"{""K1_input_and_readiness"": 0.05030000102124177, ""K7_context"": 0.0012000018614344299, ""K1_normalization"": 0.010199997632298619, ""K6_advisory"": 21.186199999647215, ""K1_intent"": 0.027099998987978324, ""K2_retrieval"": 161.66059999886784, ""K3_reranker"": 1357.0325000000594, ""K8_weighted_ranking"": 0.9492999997746665, ""K3_candidate_filters"": 0.0020000006770715117, ""K9_advisory_consensus"": 0.012799999240087345, ""K4_nli_and_bypass_check"": 56.59469999955036, ""K5_decision"": 39.04999999940628}",web_0f92856f_0
FACTURK-0274,YALAN,"[25858, 16064, 6263, 5387, 20020, 19213, 9114, 6232, 1291, 5491, 29036, 9006, 13335, 23751, 16633, 15579, 24612, 25969, 18234, 9865]","[0.02843603305518627, 0.0005614787805825472, 0.012383785098791122, 0.00012533752305898815, 0.0004994205664843321, 0.0007152324542403221, 0.0012943679466843605, 0.0033766122069209814, 0.0007733057136647403, 0.00033274127054028213, 2.014569145103451e-05, 0.0064882696606218815, 0.06941547244787216, 5.104190859128721e-05, 1.67014204635052e-05, 0.0031603530514985323, 0.002225670963525772, 0.005554925184696913, 0.0012303582625463605, 0.06791667640209198]",null,"[1.0, 0.0, 0.0]",True,DOĞRU,ONAY,False,False,12248.487400000158,"{""K1_input_and_readiness"": 0.040499999158782884, ""K7_context"": 0.0010000003385357559, ""K1_normalization"": 0.008800001523923129, ""K6_advisory"": 20.389400000567548, ""K1_intent"": 0.022599997464567423, ""K2_retrieval"": 162.6605000019481, ""K3_reranker"": 1549.3633999976737, ""K8_weighted_ranking"": 0.9352000015496742, ""K3_candidate_filters"": 0.0020000006770715117, ""K9_advisory_consensus"": 0.012799999240087345, ""K4_nli_and_bypass_check"": 0.16600000162725337, ""K5_decision"": 0.19670000256155618}",web_17c49d88_0
FACTURK-0275,DOĞRU,"[13874, 926, 17815, 21626, 3044, 2838, 22050, 27830, 16813, 3953, 25916, 22835, 29781, 5889, 26063, 10589, 4030, 19524, 10166, 20110]","[0.000552778656128794, 0.00407013762742281, 3.1693256460130215e-05, 2.5071596610359848e-05, 5.9673518990166485e-05, 0.00079783343244344, 3.4808123018592596e-05, 0.0016484829830005765, 1.750292540236842e-05, 0.000337979436153546, 1.7778551409719512e-05, 0.0005930210463702679, 0.001995538594201207, 1.7097478121286258e-05, 0.0011649561347439885, 1.6442494597868063e-05, 0.0001500056532677263, 0.0001956353517016396, 0.001629308913834393, 1.6442494597868063e-05]","[0.99951171875, 0.00018596649169921875, 0.00021946430206298828]","[0.99951171875, 0.00018596649169921875, 0.00021946430206298828]",False,DOĞRU,ONAY,False,False,9800.303899999562,"{""K1_input_and_readiness"": 0.05869999949936755, ""K7_context"": 0.0011000010999850929, ""K1_normalization"": 0.011699998140102252, ""K6_advisory"": 21.113999999215594, ""K1_intent"": 0.03599999763537198, ""K2_retrieval"": 282.60059999956866, ""K3_reranker"": 2040.525799999159, ""K8_weighted_ranking"": 0.9844999985944014, ""K3_candidate_filters"": 0.0018999999156221747, ""K9_advisory_consensus"": 0.0121000011858996, ""K4_nli_and_bypass_check"": 268.06520000172895, ""K5_decision"": 277.9793999980029}",web_9d48c7fa_0
FACTURK-0276,YALAN,"[27894, 29050, 17813, 25763, 25169, 27696, 25225, 22218, 9150, 25448, 15787, 8564, 22126, 28629, 25228, 12189, 4710, 6704, 24869, 9220]","[0.04931359738111496, 0.4468265771865845, 0.643105149269104, 0.05174953490495682, 0.07343005388975143, 0.12592275440692902, 0.09877259284257889, 0.4985523521900177, 0.38635820150375366, 0.00033274127054028213, 0.0030515100806951523, 0.023419944569468498, 0.0787840187549591, 0.042166538536548615, 0.08819004148244858, 0.44179344177246094, 0.00937623716890812, 0.4076280891895294, 0.20963142812252045, 0.2762998044490814]","[0.003936767578125, 0.1204833984375, 0.87548828125]","[0.003936767578125, 0.1204833984375, 0.87548828125]",False,DOĞRU,ONAY,False,False,2372.5434000007226,"{""K1_input_and_readiness"": 0.04549999721348286, ""K7_context"": 0.0011000010999850929, ""K1_normalization"": 0.00920000093174167, ""K6_advisory"": 21.681999998691026, ""K1_intent"": 0.025800000003073364, ""K2_retrieval"": 174.510900000314, ""K3_reranker"": 1736.7952999993577, ""K8_weighted_ranking"": 0.9174000006169081, ""K3_candidate_filters"": 1.5761999966343865, ""K9_advisory_consensus"": 0.005599998985417187, ""K4_nli_and_bypass_check"": 228.7176999998337, ""K5_decision"": 205.48250000138069}",17813
FACTURK-0277,DOĞRU,"[13191, 23767, 27135, 24982, 23319, 10688, 12191, 9682, 13007, 9769, 22598, 22329, 22671, 19799, 3617, 10886, 2534, 26984, 15662, 17558]","[3.591300992411561e-05, 5.518923353520222e-05, 5.475977377500385e-05, 1.6187581422855146e-05, 1.657145367062185e-05, 1.6061610949691385e-05, 2.4682904040673748e-05, 0.000191104321856983, 3.071818719035946e-05, 1.683241134742275e-05, 0.001495338510721922, 2.030369250860531e-05, 1.6442494597868063e-05, 2.0785171727766283e-05, 1.6314539607265033e-05, 1.6061610949691385e-05, 2.318747829122003e-05, 1.6187581422855146e-05, 1.6314539607265033e-05, 2.161314114346169e-05]","[0.99951171875, 0.0002918243408203125, 0.0004372596740722656]","[0.99951171875, 0.0002918243408203125, 0.0004372596740722656]",False,DOĞRU,ONAY,False,False,8584.593200001109,"{""K1_input_and_readiness"": 0.039599999581696466, ""K7_context"": 0.0008999995770864189, ""K1_normalization"": 0.007200000254670158, ""K6_advisory"": 22.05110000068089, ""K1_intent"": 0.020799998310394585, ""K2_retrieval"": 156.11789999820758, ""K3_reranker"": 1268.4767999999167, ""K8_weighted_ranking"": 0.9737000000313856, ""K3_candidate_filters"": 0.0020000006770715117, ""K9_advisory_consensus"": 0.013999997463542968, ""K4_nli_and_bypass_check"": 62.83830000029411, ""K5_decision"": 43.33970000152476}",web_45596726_0
FACTURK-0278,DOĞRU,"[9514, 9572, 3375, 18788, 14847, 2638, 27102, 29013, 2231, 27594, 14440, 22785, 7843, 20473, 1416, 14242, 10214, 5790, 28590, 22656]","[0.15791445970535278, 0.03711691126227379, 0.001597845577634871, 0.0002002737601287663, 0.01009131595492363, 0.0120537793263793, 0.0005614787805825472, 0.0024249141570180655, 0.042642392218112946, 0.00011412239109631628, 0.00017265156202483922, 0.0001956353517016396, 0.0005213363328948617, 0.0015427322359755635, 0.006564249750226736, 0.0005213363328948617, 0.07978200167417526, 0.0009217804181389511, 0.013636835850775242, 5.605828482657671e-05]",null,null,False,YETERSİZ VERİ,RET,True,False,16659.081900001183,"{""K1_input_and_readiness"": 0.05919999966863543, ""K7_context"": 0.0010000003385357559, ""K1_normalization"": 0.01049999991664663, ""K6_advisory"": 20.538000000669854, ""K1_intent"": 0.030700000934302807, ""K2_retrieval"": 194.76720000238856, ""K3_reranker"": 2044.8685999981535, ""K8_weighted_ranking"": 1.003500001388602, ""K3_candidate_filters"": 0.0018999999156221747}",
FACTURK-0279,YALAN,"[15787, 8347, 9150, 13989, 25225, 13390, 21058, 3189, 22218, 8197, 18332, 28547, 12539, 8685, 24915, 23508, 11479, 29240, 487, 1272]","[0.6815148591995239, 0.392686128616333, 0.9974787831306458, 0.1516549438238144, 0.07613247632980347, 0.013070784509181976, 0.0010083435336127877, 0.631026029586792, 0.18639107048511505, 0.13443464040756226, 0.15140382945537567, 0.01615283451974392, 0.009196552447974682, 0.2114168256521225, 0.4135955572128296, 0.059756580740213394, 0.032161444425582886, 0.004297939129173756, 0.0014325366355478764, 0.011115013621747494]","[0.0008864402770996094, 0.9990234375, 0.00030684471130371094]","[0.0008864402770996094, 0.9990234375, 0.00030684471130371094]",False,YETERSİZ VERİ,RET,True,False,13732.809799999814,"{""K1_input_and_readiness"": 0.06479999865405262, ""K7_context"": 0.0011999982234556228, ""K1_normalization"": 0.012799999240087345, ""K6_advisory"": 20.62339999974938, ""K1_intent"": 0.032199997804127634, ""K2_retrieval"": 203.52569999886327, ""K3_reranker"": 1634.748500000569, ""K8_weighted_ranking"": 0.9267999994335696, ""K3_candidate_filters"": 1.3340000004973263, ""K9_advisory_consensus"": 0.005099998816149309, ""K4_nli_and_bypass_check"": 17.699499996524537, ""K5_decision"": 0.13269999908516183}",9150
FACTURK-0280,YALAN,"[25783, 3133, 811, 21233, 29676, 1681, 10688, 793, 25785, 30025, 15119, 26256, 429, 23354, 29312, 21875, 20599, 7720, 16415, 2600]","[0.0006070755189284682, 0.0012644219677895308, 0.03649376705288887, 1.6314539607265033e-05, 2.9541422918555327e-05, 0.005469274241477251, 0.0005442132824100554, 0.00013552077871281654, 0.0005295418086461723, 0.0001740054285619408, 0.0006238938658498228, 0.00011866796558024362, 0.00011323437502142042, 2.6070309104397893e-05, 0.0010282108560204506, 1.967902426258661e-05, 1.6061610949691385e-05, 1.67014204635052e-05, 1.657145367062185e-05, 0.0017342078499495983]","[0.9990234375, 0.0004925727844238281, 0.0005407333374023438]","[0.9990234375, 0.0004925727844238281, 0.0005407333374023438]",False,DOĞRU,ONAY,False,False,12151.459599997906,"{""K1_input_and_readiness"": 0.05020000025979243, ""K7_context"": 0.0012000018614344299, ""K1_normalization"": 0.006900001608300954, ""K6_advisory"": 22.64909999939846, ""K1_intent"": 0.02390000008745119, ""K2_retrieval"": 148.75329999995301, ""K3_reranker"": 1051.202499998908, ""K8_weighted_ranking"": 0.949699999182485, ""K3_candidate_filters"": 0.0018999999156221747, ""K9_advisory_consensus"": 0.011899999663000926, ""K4_nli_and_bypass_check"": 88.51430000140681, ""K5_decision"": 50.23090000031516}",web_8b922262_0
FACTURK-0281,YALAN,"[26562, 12005, 15196, 9232, 6952, 21652, 10439, 28357, 27727, 12560, 14392, 7864, 5005, 507, 264, 2892, 27681, 28800, 27331, 26315]","[0.5516039133071899, 0.0008934455690905452, 0.0991208627820015, 1.6187581422855146e-05, 0.0002982776495628059, 0.0019342610612511635, 0.008124708198010921, 0.0009110511746257544, 0.5256123542785645, 0.00015720345254521817, 0.00021824207215104252, 0.00033535013790242374, 0.07055959850549698, 0.00018093574908562005, 0.06669065356254578, 1.683241134742275e-05, 0.0006487307837232947, 0.0002591582597233355, 0.0006462032906711102, 0.0008559006964787841]","[0.0001323223114013672, 1.0, 0.00010848045349121094]","[0.0001323223114013672, 1.0, 0.00010848045349121094]",False,YALAN,RED,False,False,2495.483200000308,"{""K1_input_and_readiness"": 0.041700001020217314, ""K7_context"": 0.0008999995770864189, ""K1_normalization"": 0.009900002623908222, ""K6_advisory"": 23.40819999881205, ""K1_intent"": 0.03769999966607429, ""K2_retrieval"": 194.10269999934826, ""K3_reranker"": 2252.269600001455, ""K8_weighted_ranking"": 0.9872000009636395, ""K3_candidate_filters"": 0.5177999992156401, ""K9_advisory_consensus"": 0.004999998054699972, ""K4_nli_and_bypass_check"": 21.321900003385963, ""K5_decision"": 0.2199000009568408}",26562
FACTURK-0282,DOĞRU,"[11065, 26518, 16232, 824, 2885, 20982, 16434, 4999, 22566, 13753, 11063, 20328, 10470, 11245, 11570, 3328, 16387, 2034, 23767, 15735]","[2.4300241420860402e-05, 0.9664104580879211, 0.00029137005913071334, 6.709224544465542e-05, 0.0008167381165549159, 7.722192094661295e-05, 2.7535690605873242e-05, 0.0001442598586436361, 9.387641330249608e-05, 0.0033115192782133818, 1.6314539607265033e-05, 0.0018675660248845816, 1.8631746570463292e-05, 1.8777873265207745e-05, 0.00012632041762117296, 0.0013302015140652657, 0.00021654405281879008, 0.00012632041762117296, 4.434627408045344e-05, 0.0012644219677895308]","[0.0024280548095703125, 0.9970703125, 0.0005249977111816406]","[0.0024280548095703125, 0.9970703125, 0.0005249977111816406]",False,YALAN,RED,False,False,1308.7106999992102,"{""K1_input_and_readiness"": 0.036600002204068005, ""K7_context"": 0.0012000018614344299, ""K1_normalization"": 0.007400001777568832, ""K6_advisory"": 22.334700002829777, ""K1_intent"": 0.02769999991869554, ""K2_retrieval"": 164.02670000024955, ""K3_reranker"": 1090.5464999996184, ""K8_weighted_ranking"": 0.9494999976595864, ""K3_candidate_filters"": 0.27119999867863953, ""K9_advisory_consensus"": 0.005099998816149309, ""K4_nli_and_bypass_check"": 27.756099996622652, ""K5_decision"": 0.22119999994174577}",26518
FACTURK-0283,YALAN,"[29752, 21270, 21847, 28361, 21213, 8290, 12505, 29984, 25302, 21783, 7606, 22221, 17010, 17753, 6469, 5369, 13193, 9176, 17306, 19981]","[0.0017007222631946206, 0.9342753291130066, 0.021044565364718437, 0.03455362468957901, 0.9865199327468872, 0.035813190042972565, 0.24780535697937012, 0.4642638862133026, 0.031143832951784134, 0.023870835080742836, 0.9318356513977051, 0.1678997427225113, 0.015845362097024918, 0.0013096056645736098, 0.005099818110466003, 0.05480259656906128, 0.49064749479293823, 0.004365325905382633, 0.09434341639280319, 0.0013096056645736098]","[0.28173828125, 0.055267333984375, 0.6630859375]","[0.28173828125, 0.055267333984375, 0.6630859375]",False,YALAN,RED,False,False,12766.034000000218,"{""K1_input_and_readiness"": 0.032899999496294186, ""K7_context"": 0.0010000003385357559, ""K1_normalization"": 0.00679999720887281, ""K6_advisory"": 24.197700000513578, ""K1_intent"": 0.024199998733820394, ""K2_retrieval"": 159.8080999974627, ""K3_reranker"": 2059.7688000016205, ""K8_weighted_ranking"": 1.1573000010685064, ""K3_candidate_filters"": 1.3396000031207222, ""K9_advisory_consensus"": 0.005599998985417187, ""K4_nli_and_bypass_check"": 18.217999997432344, ""K5_decision"": 0.25039999673026614}",web_7b747012_0
FACTURK-0284,YALAN,"[2532, 8091, 29892, 4452, 2381, 22695, 20135, 23686, 18638, 13795, 23277, 11778, 2920, 3565, 28266, 9507, 9702, 17161, 28371, 12150]","[0.02681019715964794, 0.22490549087524414, 0.019794780761003494, 0.011597361415624619, 0.08035746961832047, 0.07807816565036774, 0.0025016965810209513, 0.002790037775412202, 0.0027791904285550117, 0.0032350558321923018, 0.0032224843744188547, 0.0018821860430762172, 0.013171950355172157, 0.0017073675990104675, 0.00028462239424698055, 0.011552670039236546, 0.0007208379684016109, 0.018833130598068237, 0.02742854133248329, 0.01572399213910103]",null,"[1.0, 0.0, 0.0]",True,DOĞRU,ONAY,False,False,13418.568299999606,"{""K1_input_and_readiness"": 0.03809999907389283, ""K7_context"": 0.0011000010999850929, ""K1_normalization"": 0.007099999493220821, ""K6_advisory"": 20.532700000330806, ""K1_intent"": 0.02050000330200419, ""K2_retrieval"": 150.3749000003154, ""K3_reranker"": 1343.5733000005712, ""K8_weighted_ranking"": 0.9190999990096316, ""K3_candidate_filters"": 0.0020000006770715117, ""K9_advisory_consensus"": 0.01469999915570952, ""K4_nli_and_bypass_check"": 0.20450000010896474, ""K5_decision"": 0.19410000095376745}",web_71eac0df_0
FACTURK-0285,YALAN,"[1813, 20389, 12587, 3764, 21279, 28279, 397, 6904, 2597, 3705, 21994, 6047, 11628, 19582, 20402, 300, 13342, 14523, 13179, 25037]","[0.006957608740776777, 0.003621685551479459, 0.02498779632151127, 0.0013723686570301652, 0.0023413407616317272, 5.518923353520222e-05, 0.0009966077050194144, 8.415108459303156e-05, 0.0010242064017802477, 4.469407213036902e-05, 2.4682904040673748e-05, 0.0009399438858963549, 1.6442494597868063e-05, 6.553815910592675e-05, 1.6061610949691385e-05, 0.0015487611526623368, 1.6964426322374493e-05, 1.6187581422855146e-05, 0.0001956353517016396, 0.00031015597051009536]",null,null,False,YETERSİZ VERİ,RET,True,False,12357.649199999287,"{""K1_input_and_readiness"": 0.04029999763588421, ""K7_context"": 0.0015000005078036338, ""K1_normalization"": 0.007299997378140688, ""K6_advisory"": 21.916999998211395, ""K1_intent"": 0.030499999411404133, ""K2_retrieval"": 164.589200001501, ""K3_reranker"": 1272.6894999977958, ""K8_weighted_ranking"": 0.9339999996882398, ""K3_candidate_filters"": 0.0016999983927235007}",
FACTURK-0286,DOĞRU,"[27369, 12395, 25375, 28998, 26924, 12458, 20283, 17742, 12113, 7410, 9642, 21354, 10910, 28722, 3455, 15463, 8269, 26977, 14842, 29668]","[2.4300241420860402e-05, 0.0015307451831176877, 0.0017073675990104675, 6.502816540887579e-05, 1.67014204635052e-05, 2.229919846286066e-05, 0.0002002737601287663, 1.657145367062185e-05, 5.518923353520222e-05, 0.002833849750459194, 0.0006538155721500516, 0.008985428139567375, 1.6187581422855146e-05, 5.475977377500385e-05, 0.004503272473812103, 2.355261858610902e-05, 0.00012931563833262771, 0.0030634168069809675, 1.6187581422855146e-05, 0.002453428227454424]",null,"[1.0, 0.0, 0.0]",True,DOĞRU,ONAY,False,False,13127.668899996934,"{""K1_input_and_readiness"": 0.05059999966761097, ""K7_context"": 0.0011999982234556228, ""K1_normalization"": 0.00920000093174167, ""K6_advisory"": 22.388200002751546, ""K1_intent"": 0.03149999974993989, ""K2_retrieval"": 152.9578000008769, ""K3_reranker"": 1838.1589999989956, ""K8_weighted_ranking"": 1.0889000004681293, ""K3_candidate_filters"": 0.0025000008463393897, ""K9_advisory_consensus"": 0.013500000932253897, ""K4_nli_and_bypass_check"": 0.1596000001882203, ""K5_decision"": 0.20000000222353265}",web_24f2b8f3_0
FACTURK-0287,DOĞRU,"[26898, 3279, 29766, 18815, 882, 16627, 7287, 26127, 29320, 29262, 16866, 25941, 28443, 6286, 6760, 9633, 27135, 4899, 14909, 26267]","[1.6061610949691385e-05, 4.101373633602634e-05, 2.318747829122003e-05, 2.4682904040673748e-05, 1.6187581422855146e-05, 2.710879925871268e-05, 2.5466406441410072e-05, 3.8229114579735324e-05, 1.750292540236842e-05, 1.6187581422855146e-05, 1.6187581422855146e-05, 1.6187581422855146e-05, 2.8632557587116025e-05, 1.7366719475830905e-05, 1.6061610949691385e-05, 0.0018602986820042133, 1.593661909282673e-05, 1.6442494597868063e-05, 2.710879925871268e-05, 1.967902426258661e-05]",null,"[1.0, 0.0, 0.0]",True,DOĞRU,ONAY,False,False,8565.09780000124,"{""K1_input_and_readiness"": 0.04439999975147657, ""K7_context"": 0.0012000018614344299, ""K1_normalization"": 0.009700001101009548, ""K6_advisory"": 20.818200002395315, ""K1_intent"": 0.02809999932651408, ""K2_retrieval"": 163.94619999846327, ""K3_reranker"": 1103.1023000032292, ""K8_weighted_ranking"": 0.9198000007017981, ""K3_candidate_filters"": 0.0018000027921516448, ""K9_advisory_consensus"": 0.04199999966658652, ""K4_nli_and_bypass_check"": 0.18009999985224567, ""K5_decision"": 0.19599999723141082}",web_88931788_0
FACTURK-0288,DOĞRU,"[26900, 20123, 10946, 25537, 27420, 4986, 29432, 20556, 25181, 6308, 20384, 4586, 14823, 17595, 24686, 29764, 12647, 14773, 1398, 9102]","[4.037790131405927e-05, 0.2805178165435791, 5.518923353520222e-05, 0.0039454069919884205, 2.818866414600052e-05, 0.010288300924003124, 7.031184941297397e-05, 4.683888619183563e-05, 1.967902426258661e-05, 0.06644792854785919, 0.016657039523124695, 4.1986306314356625e-05, 0.15456733107566833, 1.6061610949691385e-05, 3.591300992411561e-05, 9.685608529252931e-05, 0.010130411013960838, 0.015247589908540249, 1.657145367062185e-05, 0.015247589908540249]",null,null,False,YETERSİZ VERİ,RET,True,False,12556.524999999965,"{""K1_input_and_readiness"": 0.06520000169984996, ""K7_context"": 0.0011999982234556228, ""K1_normalization"": 0.010100000508828089, ""K6_advisory"": 23.240300000907155, ""K1_intent"": 0.028599999495781958, ""K2_retrieval"": 167.06739999790443, ""K3_reranker"": 1462.7971000008984, ""K8_weighted_ranking"": 1.0550000006332994, ""K3_candidate_filters"": 0.0021000014385208488}",
FACTURK-0289,DOĞRU,"[21058, 14012, 12539, 23686, 5630, 1499, 23757, 14277, 9543, 25178, 27784, 15675, 17540, 4119, 10061, 4144, 8602, 12763, 13144, 4402]","[0.00025118677876889706, 0.011331753805279732, 0.0011247574584558606, 0.0008040859247557819, 0.06644792854785919, 0.010328153148293495, 0.006984650157392025, 0.0060503981076180935, 0.001085944357328117, 0.0002492325147613883, 0.0020190137438476086, 7.9673009167891e-05, 0.00037555923336185515, 1.967902426258661e-05, 0.024516336619853973, 0.0035936026833951473, 7.254361844388768e-05, 6.014152313582599e-05, 0.00010804955672938377, 0.001518850913271308]",null,null,False,YETERSİZ VERİ,RET,True,False,15390.919199999189,"{""K1_input_and_readiness"": 0.06950000170036219, ""K7_context"": 0.0011999982234556228, ""K1_normalization"": 0.012500000593718141, ""K6_advisory"": 33.14859999954933, ""K1_intent"": 0.040899998566601425, ""K2_retrieval"": 221.99819999877946, ""K3_reranker"": 1813.777299998037, ""K8_weighted_ranking"": 0.9501999993517529, ""K3_candidate_filters"": 0.0018999999156221747}",
FACTURK-0290,DOĞRU,"[13289, 5900, 4144, 14012, 27569, 27624, 11155, 29144, 26643, 21347, 25370, 21058, 19187, 2953, 8602, 19724, 15719, 26355, 27564, 23792]","[0.022542964667081833, 0.005554925184696913, 0.03690806403756142, 0.001622967072762549, 0.00020662980386987329, 0.20513691008090973, 0.0013096056645736098, 0.000628784007858485, 0.15960998833179474, 0.12421301752328873, 0.4132995009422302, 2.265035072923638e-05, 4.298194107832387e-05, 0.0030994154512882233, 0.0007041515782475471, 0.007725534029304981, 0.43128472566604614, 0.0009217804181389511, 0.00026323829661123455, 0.0008525666198693216]","[0.0007419586181640625, 0.9990234375, 0.0003788471221923828]","[0.0007419586181640625, 0.9990234375, 0.0003788471221923828]",False,YETERSİZ VERİ,RET,True,False,13949.283899997681,"{""K1_input_and_readiness"": 0.0718000010238029, ""K7_context"": 0.0012000018614344299, ""K1_normalization"": 0.012500000593718141, ""K6_advisory"": 20.659400001022732, ""K1_intent"": 0.03730000025825575, ""K2_retrieval"": 213.24220000315108, ""K3_reranker"": 1873.99970000115, ""K8_weighted_ranking"": 0.9379000002809335, ""K3_candidate_filters"": 0.5187000024307054, ""K9_advisory_consensus"": 0.005399997462518513, ""K4_nli_and_bypass_check"": 17.17329999883077, ""K5_decision"": 0.13750000289292075}",15719
FACTURK-0291,DOĞRU,"[29892, 20199, 22268, 23866, 26371, 17850, 6336, 7264, 8849, 11743, 7592, 20616, 1886, 25454, 28266, 16607, 2792, 28455, 11529, 1814]","[0.009746103547513485, 0.0015487611526623368, 0.0008693674462847412, 1.6061610949691385e-05, 5.1845658163074404e-05, 1.7640199075685814e-05, 0.012576347216963768, 1.750292540236842e-05, 0.01750955730676651, 5.104190859128721e-05, 0.0035518845543265343, 0.0008263576892204583, 2.161314114346169e-05, 1.6442494597868063e-05, 0.000570315751247108, 1.657145367062185e-05, 0.01358439214527607, 0.006168995052576065, 0.0037800956051796675, 1.6964426322374493e-05]",null,null,False,YETERSİZ VERİ,RET,True,False,15206.708300000173,"{""K1_input_and_readiness"": 0.05329999839887023, ""K7_context"": 0.0012000018614344299, ""K1_normalization"": 0.008200000593205914, ""K6_advisory"": 22.783500000514323, ""K1_intent"": 0.03380000271135941, ""K2_retrieval"": 171.60420000072918, ""K3_reranker"": 1168.797900001664, ""K8_weighted_ranking"": 0.983900001301663, ""K3_candidate_filters"": 0.0018999999156221747}",
FACTURK-0292,YALAN,"[6934, 1090, 12161, 6047, 26166, 15573, 20566, 28387, 22456, 6302, 13358, 5889, 487, 19253, 15848, 6832, 15675, 13989, 26355, 4119]","[0.5116174817085266, 0.0018969200318679214, 0.00020184421737212688, 0.009303949773311615, 0.00028685410507023335, 1.7366719475830905e-05, 0.0017683517653495073, 0.00031015597051009536, 0.0008263576892204583, 0.004348381422460079, 0.009485713206231594, 0.3338289260864258, 0.04569203406572342, 0.005281333811581135, 0.005448067560791969, 0.013121271505951881, 0.001052568550221622, 0.0026112475898116827, 0.0002959570847451687, 9.17019642656669e-05]","[0.0009160041809082031, 0.9990234375, 0.00020933151245117188]","[0.0009160041809082031, 0.9990234375, 0.00020933151245117188]",False,YETERSİZ VERİ,RET,True,False,9163.099500001408,"{""K1_input_and_readiness"": 0.05860000237589702, ""K7_context"": 0.0011999982234556228, ""K1_normalization"": 0.010600000678095967, ""K6_advisory"": 20.811099999264115, ""K1_intent"": 0.02930000118794851, ""K2_retrieval"": 180.9389000009105, ""K3_reranker"": 1905.0874000022304, ""K8_weighted_ranking"": 1.0243000033369754, ""K3_candidate_filters"": 0.5253000017546583, ""K9_advisory_consensus"": 0.005000001692678779, ""K4_nli_and_bypass_check"": 22.269600001891376, ""K5_decision"": 0.16450000111944973}",web_65b4263b_0
FACTURK-0293,YALAN,"[24621, 22838, 24475, 2165, 29208, 30100, 1470, 1927, 14907, 27952, 1127, 11382, 2712, 2172, 26888, 20457, 15687, 28861, 19931, 28416]","[0.00851130299270153, 0.0003006163169629872, 0.005554925184696913, 0.00015236754552461207, 0.022672437131404877, 0.00011866796558024362, 6.452214438468218e-05, 0.00011323437502142042, 0.00015720345254521817, 0.0026214411482214928, 1.8200149497715756e-05, 0.0006487307837232947, 0.006003595422953367, 0.00019716942915692925, 3.7636447814293206e-05, 2.6688529032981023e-05, 0.002174225402995944, 0.02391638606786728, 3.095910506090149e-05, 0.007431773468852043]",null,null,False,YETERSİZ VERİ,RET,True,False,15089.783600000374,"{""K1_input_and_readiness"": 0.042499999835854396, ""K7_context"": 0.0011000010999850929, ""K1_normalization"": 0.008600000001024455, ""K6_advisory"": 21.03279999937513, ""K1_intent"": 0.027300000510877, ""K2_retrieval"": 161.00329999972018, ""K3_reranker"": 2545.7410999988497, ""K8_weighted_ranking"": 1.0331000012229197, ""K3_candidate_filters"": 0.0020000006770715117}",
FACTURK-0294,YALAN,"[23576, 28629, 9366, 1536, 13620, 15787, 15111, 19853, 28510, 28057, 9021, 4856, 22218, 22175, 10792, 30419, 24828, 819, 12437, 22050]","[0.010328153148293495, 6.253713218029588e-05, 0.0027791904285550117, 0.00021485926117748022, 6.976470467634499e-05, 0.0011335690505802631, 0.00011412239109631628, 0.0003814711526501924, 1.7917987861437723e-05, 0.0015307451831176877, 4.6474400733131915e-05, 0.0018530592788010836, 4.331903619458899e-05, 2.0623421733034775e-05, 0.0034429810475558043, 1.9988918211311102e-05, 1.8200149497715756e-05, 0.002251847181469202, 7.602479308843613e-05, 6.709224544465542e-05]","[0.0009713172912597656, 0.9990234375, 0.00019276142120361328]","[0.0009713172912597656, 0.9990234375, 0.00019276142120361328]",False,YALAN,RED,False,False,14512.392100001307,"{""K1_input_and_readiness"": 0.06329999814624898, ""K7_context"": 0.0010999974620062858, ""K1_normalization"": 0.011399999493733048, ""K6_advisory"": 21.17500000167638, ""K1_intent"": 0.0335000004270114, ""K2_retrieval"": 206.807899998239, ""K3_reranker"": 1910.4110000007495, ""K8_weighted_ranking"": 0.9284000007028226, ""K3_candidate_filters"": 0.0016999983927235007, ""K9_advisory_consensus"": 0.012900000001536682, ""K4_nli_and_bypass_check"": 435.15259999912814, ""K5_decision"": 478.8942000013776}",web_bc750c50_0
FACTURK-0295,DOĞRU,"[18589, 12363, 5605, 28378, 20020, 1291, 24834, 11442, 13842, 23751, 5491, 5168, 16922, 486, 6885, 11363, 22918, 19927, 17815, 22587]","[0.007093862164765596, 0.005179712548851967, 0.008610767312347889, 0.00012931563833262771, 0.0015792594058439136, 5.783766391687095e-05, 4.94715895911213e-05, 0.001536727068014443, 0.0005420927773229778, 1.892514956125524e-05, 3.734356869244948e-05, 0.0001547666179249063, 1.6061610949691385e-05, 0.0004272078804206103, 0.0009253848693333566, 0.00041731575038284063, 0.018369639292359352, 1.6314539607265033e-05, 3.4537253668531775e-05, 0.00013032974675297737]",null,null,False,YETERSİZ VERİ,RET,True,False,14672.859600002994,"{""K1_input_and_readiness"": 0.054200001613935456, ""K7_context"": 0.0012000018614344299, ""K1_normalization"": 0.00969999746303074, ""K6_advisory"": 22.55179999701795, ""K1_intent"": 0.035000000934815034, ""K2_retrieval"": 190.2951000010944, ""K3_reranker"": 1564.6195999979682, ""K8_weighted_ranking"": 0.937000000703847, ""K3_candidate_filters"": 0.0018000027921516448}",
FACTURK-0296,DOĞRU,"[11532, 11716, 4640, 17459, 25537, 12013, 1360, 17757, 635, 4391, 8233, 5760, 18127, 10061, 5607, 672, 10383, 27420, 16703, 11807]","[0.9972744584083557, 0.0010162440594285727, 0.004609572235494852, 0.0010122860549017787, 0.002123966347426176, 0.0003150386910419911, 0.00017536994710098952, 0.00043904531048610806, 0.014337030239403248, 2.0462934116949327e-05, 2.4300241420860402e-05, 0.0010362669127061963, 0.0032986511941999197, 0.0029464049730449915, 0.00037409563083201647, 1.6314539607265033e-05, 5.783766391687095e-05, 0.00015356240328401327, 0.007204769179224968, 2.8632557587116025e-05]",null,"[1.0, 0.0, 0.0]",True,DOĞRU,ONAY,False,False,1766.669799999363,"{""K1_input_and_readiness"": 0.0470000013592653, ""K7_context"": 0.0015000005078036338, ""K1_normalization"": 0.008600000001024455, ""K6_advisory"": 20.71570000043721, ""K1_intent"": 0.02460000177961774, ""K2_retrieval"": 158.84920000098646, ""K3_reranker"": 1582.711000002746, ""K8_weighted_ranking"": 0.9678999995230697, ""K3_candidate_filters"": 0.2734000008786097, ""K9_advisory_consensus"": 0.004899997293250635, ""K4_nli_and_bypass_check"": 0.19629999951575883, ""K5_decision"": 0.22589999935007654}",11532
FACTURK-0297,DOĞRU,"[7695, 3460, 21165, 21185, 20, 18887, 24479, 19187, 3750, 15975, 8066, 2640, 12846, 16293, 2269, 29817, 21701, 10654, 13414, 17757]","[0.015603534877300262, 0.00028462239424698055, 0.00204276479780674, 0.006615392863750458, 0.006641112733632326, 0.00035557945375330746, 0.0005442132824100554, 0.0120537793263793, 0.0009510130621492863, 2.5071596610359848e-05, 0.0011291546979919076, 0.00021995337738189846, 2.1444948288262822e-05, 0.01572399213910103, 4.683888619183563e-05, 1.7366719475830905e-05, 0.009708477184176445, 0.0019192374311387539, 0.0007793660624884069, 9.461262379772961e-05]","[0.0012149810791015625, 0.99853515625, 0.0004901885986328125]","[0.0012149810791015625, 0.99853515625, 0.0004901885986328125]",False,YALAN,RED,False,False,14905.026699998416,"{""K1_input_and_readiness"": 0.059699999837903306, ""K7_context"": 0.0012000018614344299, ""K1_normalization"": 0.011299998732283711, ""K6_advisory"": 20.869800002401462, ""K1_intent"": 0.03300000025774352, ""K2_retrieval"": 203.52060000004712, ""K3_reranker"": 2031.458700002986, ""K8_weighted_ranking"": 0.9714000007079449, ""K3_candidate_filters"": 0.0021000014385208488, ""K9_advisory_consensus"": 0.014000001101521775, ""K4_nli_and_bypass_check"": 391.7637000013201, ""K5_decision"": 408.73520000241115}",web_d017ce5f_0
FACTURK-0298,DOĞRU,"[28319, 30119, 3103, 24714, 16908, 8663, 8386, 16465, 15489, 693, 15908, 17625, 7660, 22514, 3951, 5769, 14842, 26595, 6926, 12622]","[0.0003150386910419911, 0.0007293288363143802, 3.6764631659025326e-05, 0.0008199321455322206, 1.8342892872169614e-05, 0.00012931563833262771, 0.00010071400902234018, 3.244481558795087e-05, 1.6187581422855146e-05, 4.469407213036902e-05, 0.001085944357328117, 2.9541422918555327e-05, 0.000159678646014072, 0.00026530236937105656, 2.265035072923638e-05, 2.0623421733034775e-05, 1.6061610949691385e-05, 1.8342892872169614e-05, 1.967902426258661e-05, 0.059101540595293045]",null,null,False,YETERSİZ VERİ,RET,True,False,13003.080500002397,"{""K1_input_and_readiness"": 0.049799997213995084, ""K7_context"": 0.0011000010999850929, ""K1_normalization"": 0.008900002285372466, ""K6_advisory"": 21.592400000372436, ""K1_intent"": 0.0320999970426783, ""K2_retrieval"": 178.5989999989397, ""K3_reranker"": 1120.524400001159, ""K8_weighted_ranking"": 0.9199000014632475, ""K3_candidate_filters"": 0.0018999999156221747}",
FACTURK-0299,YALAN,"[10919, 22295, 20689, 16959, 5172, 18220, 13728, 15561, 8611, 18438, 18562, 6873, 12437, 29008, 29531, 21508, 16348, 20881, 11883, 18773]","[0.7983440160751343, 0.8790429830551147, 0.4050368368625641, 0.005301894154399633, 0.048136770725250244, 0.008061991073191166, 0.07068779319524765, 0.3472050130367279, 0.7706374526023865, 0.007907291874289513, 0.016850080341100693, 0.005598248913884163, 5.783766391687095e-05, 0.00023413581948261708, 0.003736220533028245, 0.002058753278106451, 0.0844927504658699, 0.003960787784308195, 0.010818447917699814, 5.605828482657671e-05]","[0.904296875, 0.08880615234375, 0.006984710693359375]","[0.904296875, 0.08880615234375, 0.006984710693359375]",False,YALAN,UYARI,False,False,1924.7980000000098,"{""K1_input_and_readiness"": 0.045900000259280205, ""K7_context"": 0.0012999989849049598, ""K1_normalization"": 0.008200000593205914, ""K6_advisory"": 20.835200000874465, ""K1_intent"": 0.02429999949526973, ""K2_retrieval"": 158.42089999932796, ""K3_reranker"": 1188.0034999994677, ""K8_weighted_ranking"": 0.9341999975731596, ""K3_candidate_filters"": 1.296300000831252, ""K9_advisory_consensus"": 0.00540000110049732, ""K4_nli_and_bypass_check"": 298.3855000020412, ""K5_decision"": 254.33039999916218}",22295
FACTURK-0300,YALAN,"[749, 14448, 23316, 16390, 8778, 21077, 6767, 2573, 12732, 12782, 29404, 15061, 19808, 3213, 25537, 12068, 1606, 6069, 9502, 17636]","[0.0030994154512882233, 0.4758184552192688, 0.022542964667081833, 3.269927037763409e-05, 4.757645365316421e-05, 0.004773722495883703, 0.002191240666434169, 8.750300185056403e-05, 0.04130730405449867, 3.321419353596866e-05, 0.0025909794494509697, 0.00010391067189630121, 0.0009888596832752228, 0.0002234163403045386, 0.0005233757547102869, 0.0002434604539303109, 0.00045121065340936184, 0.00041894835885614157, 0.0035936026833951473, 4.611274925991893e-05]","[0.0016603469848632812, 0.99755859375, 0.0006775856018066406]","[0.0016603469848632812, 0.99755859375, 0.0006775856018066406]",False,YALAN,RED,False,False,2442.5052000005962,"{""K1_input_and_readiness"": 0.05280000186758116, ""K7_context"": 0.0008999995770864189, ""K1_normalization"": 0.01089999932446517, ""K6_advisory"": 21.11750000040047, ""K1_intent"": 0.03279999873484485, ""K2_retrieval"": 183.40489999900456, ""K3_reranker"": 2215.635399999883, ""K8_weighted_ranking"": 1.1138000008941162, ""K3_candidate_filters"": 0.28170000223326497, ""K9_advisory_consensus"": 0.005099998816149309, ""K4_nli_and_bypass_check"": 18.08129999699304, ""K5_decision"": 0.20729999960167333}",14448
FACTURK-0301,YALAN,"[9795, 10358, 2498, 24179, 5491, 27402, 30219, 29049, 5707, 29892, 27488, 20446, 16150, 12622, 18311, 20863, 25130, 8050, 7224, 19909]","[0.0014325366355478764, 0.13106197118759155, 0.013636835850775242, 0.0009584648651070893, 0.01833445206284523, 0.012383785098791122, 0.00360761652700603, 0.00010229986219201237, 0.08359067142009735, 1.683241134742275e-05, 0.005842605605721474, 0.0015307451831176877, 0.0018031664658337831, 0.20055769383907318, 0.0031480707693845034, 0.0004044814850203693, 0.005957154091447592, 0.0017961491830646992, 0.002822832902893424, 0.0004272078804206103]","[0.97119140625, 0.0229949951171875, 0.00605010986328125]","[0.97119140625, 0.0229949951171875, 0.00605010986328125]",False,DOĞRU,ONAY,False,False,15727.999800001271,"{""K1_input_and_readiness"": 0.036699999327538535, ""K7_context"": 0.0010000003385357559, ""K1_normalization"": 0.007200000254670158, ""K6_advisory"": 22.407300002669217, ""K1_intent"": 0.03220000144210644, ""K2_retrieval"": 158.6927000025753, ""K3_reranker"": 1499.2690999970364, ""K8_weighted_ranking"": 0.9720999987621326, ""K3_candidate_filters"": 0.0020000006770715117, ""K9_advisory_consensus"": 0.01340000017080456, ""K4_nli_and_bypass_check"": 58.49619999935385, ""K5_decision"": 40.93540000030771}",web_069c9414_0
FACTURK-0302,YALAN,"[10289, 22554, 27385, 23619, 5632, 24903, 12113, 4617, 28290, 13278, 21111, 10263, 24633, 25750, 6679, 27763, 10812, 14420, 10058, 17779]","[7.9673009167891e-05, 0.00043055712012574077, 1.67014204635052e-05, 9.098840382648632e-05, 0.00570803415030241, 0.004038591403514147, 7.662102143513039e-05, 0.08570927381515503, 1.6061610949691385e-05, 0.000192602863535285, 1.6187581422855146e-05, 1.67014204635052e-05, 5.02506154589355e-05, 1.6964426322374493e-05, 1.6187581422855146e-05, 1.6187581422855146e-05, 0.0019723358564078808, 0.0029235428664833307, 6.302758993115276e-05, 1.6442494597868063e-05]","[0.0021457672119140625, 0.99658203125, 0.0010623931884765625]","[0.0021457672119140625, 0.99658203125, 0.0010623931884765625]",False,YALAN,RED,False,False,13248.870700001135,"{""K1_input_and_readiness"": 0.03949999882024713, ""K7_context"": 0.0010000003385357559, ""K1_normalization"": 0.007800001185387373, ""K6_advisory"": 20.401999998284737, ""K1_intent"": 0.026699999580159783, ""K2_retrieval"": 162.53290000167908, ""K3_reranker"": 1688.949600000342, ""K8_weighted_ranking"": 0.9714000007079449, ""K3_candidate_filters"": 0.0021999985619913787, ""K9_advisory_consensus"": 0.01300000076298602, ""K4_nli_and_bypass_check"": 308.62469999919995, ""K5_decision"": 277.4749999989581}",web_7a27f0f8_0
FACTURK-0303,YALAN,"[13756, 8683, 15530, 28988, 5842, 28339, 12028, 29608, 15869, 29415, 26190, 29778, 17525, 4383, 9131, 815, 22153, 24801, 11081, 20845]","[0.6785399913787842, 0.9460012316703796, 0.23458196222782135, 0.07224299758672714, 0.5873515009880066, 0.00035281325108371675, 1.6314539607265033e-05, 0.044597577303647995, 2.732141365413554e-05, 1.8342892872169614e-05, 5.433364276541397e-05, 0.0002002737601287663, 1.6442494597868063e-05, 2.8857117285951972e-05, 0.005469274241477251, 2.732141365413554e-05, 2.178264912799932e-05, 5.475977377500385e-05, 0.001987774157896638, 0.0008135565440170467]","[0.86767578125, 0.1220703125, 0.0100860595703125]","[0.86767578125, 0.1220703125, 0.0100860595703125]",False,DOĞRU,ONAY,False,False,12785.61769999942,"{""K1_input_and_readiness"": 0.03930000093532726, ""K7_context"": 0.0010000003385357559, ""K1_normalization"": 0.007200000254670158, ""K6_advisory"": 20.89689999775146, ""K1_intent"": 0.020300001779105514, ""K2_retrieval"": 149.37479999935022, ""K3_reranker"": 1950.3887999999279, ""K8_weighted_ranking"": 1.1851000017486513, ""K3_candidate_filters"": 0.7757999992463738, ""K9_advisory_consensus"": 0.004599998646881431, ""K4_nli_and_bypass_check"": 98.61699999964912, ""K5_decision"": 108.28440000113915}",web_acb94d84_0
FACTURK-0304,DOĞRU,"[2462, 635, 28487, 8560, 23236, 878, 1272, 13604, 4699, 10822, 16134, 13127, 29109, 27900, 21223, 3495, 7863, 17829, 22505, 27426]","[0.9829546809196472, 0.0007672924548387527, 0.035611413419246674, 0.04092230275273323, 0.10141132026910782, 0.004681822378188372, 0.002378123812377453, 0.0007041515782475471, 0.002746900776401162, 0.009898064658045769, 2.3737338779028505e-05, 0.0006745558930560946, 0.000758359965402633, 9.461262379772961e-05, 0.032161444425582886, 0.007066400721669197, 0.0004272078804206103, 0.000124362253700383, 0.00017265156202483922, 0.0009773502824828029]","[0.0303497314453125, 0.939453125, 0.0301666259765625]","[0.0303497314453125, 0.939453125, 0.0301666259765625]",False,YALAN,RED,False,False,1717.7144999986922,"{""K1_input_and_readiness"": 0.04400000034365803, ""K7_context"": 0.0010000003385357559, ""K1_normalization"": 0.00839999847812578, ""K6_advisory"": 20.433800000319025, ""K1_intent"": 0.02550000135670416, ""K2_retrieval"": 171.42080000121496, ""K3_reranker"": 1248.930300000211, ""K8_weighted_ranking"": 0.9411999999429099, ""K3_candidate_filters"": 0.2739999981713481, ""K9_advisory_consensus"": 0.00540000110049732, ""K4_nli_and_bypass_check"": 142.7008000027854, ""K5_decision"": 130.32179999936488}",2462
FACTURK-0305,DOĞRU,"[15481, 6476, 12823, 10017, 14000, 12395, 12955, 9538, 22615, 2227, 684, 14698, 508, 10849, 21639, 28897, 891, 9521, 6558, 16237]","[1.6314539607265033e-05, 2.9541422918555327e-05, 1.6187581422855146e-05, 1.6061610949691385e-05, 1.6314539607265033e-05, 0.0006411777576431632, 0.009232213720679283, 0.0003785036678891629, 1.6187581422855146e-05, 1.6314539607265033e-05, 0.00023782203788869083, 1.9833367332466878e-05, 1.6314539607265033e-05, 1.6061610949691385e-05, 1.6061610949691385e-05, 1.8631746570463292e-05, 3.4537253668531775e-05, 1.6314539607265033e-05, 1.6061610949691385e-05, 1.805851934477687e-05]",null,"[1.0, 0.0, 0.0]",True,DOĞRU,ONAY,False,False,12466.302400000131,"{""K1_input_and_readiness"": 0.04280000212020241, ""K7_context"": 0.0010999974620062858, ""K1_normalization"": 0.008099999831756577, ""K6_advisory"": 20.506100001512095, ""K1_intent"": 0.020899999071843922, ""K2_retrieval"": 164.25949999756995, ""K3_reranker"": 1286.6833000007318, ""K8_weighted_ranking"": 0.9744000017235521, ""K3_candidate_filters"": 0.0021999985619913787, ""K9_advisory_consensus"": 0.012299999070819467, ""K4_nli_and_bypass_check"": 0.15250000069499947, ""K5_decision"": 0.17780000052880496}",web_cef283a7_0
FACTURK-0306,YALAN,"[18255, 12924, 29887, 12905, 29990, 12585, 3500, 28989, 15528, 20539, 8052, 30, 22036, 23613, 24403, 23983, 83, 33, 4511, 9411]","[0.019160708412528038, 0.00020184421737212688, 0.0030160662718117237, 0.0012743262341246009, 0.00039821304380893707, 0.00023231418163049966, 0.004166256170719862, 2.7969301299890503e-05, 2.195349043176975e-05, 3.70529705833178e-05, 0.0006462032906711102, 0.003621685551479459, 3.619466951931827e-05, 1.6061610949691385e-05, 0.00046917638974264264, 1.6314539607265033e-05, 0.0044683837331831455, 0.004086002707481384, 0.00011774459562730044, 0.031618766486644745]","[0.99951171875, 0.0001499652862548828, 0.0001709461212158203]","[0.99951171875, 0.0001499652862548828, 0.0001709461212158203]",False,DOĞRU,ONAY,False,False,14139.68439999735,"{""K1_input_and_readiness"": 0.04320000152802095, ""K7_context"": 0.0010000003385357559, ""K1_normalization"": 0.007800001185387373, ""K6_advisory"": 21.00839999911841, ""K1_intent"": 0.025400000595254824, ""K2_retrieval"": 160.68580000137445, ""K3_reranker"": 1311.297000000195, ""K8_weighted_ranking"": 1.0529999999562278, ""K3_candidate_filters"": 0.0017999991541728377, ""K9_advisory_consensus"": 0.012600001355167478, ""K4_nli_and_bypass_check"": 55.968599997868296, ""K5_decision"": 38.67729999910807}",web_33a1ceea_0
FACTURK-0307,YALAN,"[17356, 11028, 806, 8969, 13398, 18300, 29051, 8076, 22068, 24035, 6458, 17045, 25190, 14201, 11006, 15517, 19097, 29500, 7658, 14548]","[0.18315489590168, 0.00010637458035489544, 0.0031603530514985323, 2.6274772608303465e-05, 1.657145367062185e-05, 0.00014313739666249603, 2.977311669383198e-05, 1.7778551409719512e-05, 7.086326513672248e-05, 0.0003150386910419911, 5.518923353520222e-05, 0.00021824207215104252, 1.6314539607265033e-05, 0.012970386072993279, 0.0017140384297817945, 1.6314539607265033e-05, 2.908344322349876e-05, 0.0005976693937554955, 2.977311669383198e-05, 0.00011147904297104105]",null,null,False,YETERSİZ VERİ,RET,True,False,14697.743699998682,"{""K1_input_and_readiness"": 0.036299999919719994, ""K7_context"": 0.0010000003385357559, ""K1_normalization"": 0.006199999916134402, ""K6_advisory"": 25.345799997012364, ""K1_intent"": 0.023200002033263445, ""K2_retrieval"": 150.92010000080336, ""K3_reranker"": 2010.3331999998773, ""K8_weighted_ranking"": 0.959000000875676, ""K3_candidate_filters"": 0.0020000006770715117}",
FACTURK-0308,DOĞRU,"[17336, 27529, 2957, 20444, 13372, 7387, 4791, 20248, 8312, 17446, 13190, 14058, 16779, 12381, 3550, 2915, 6218, 26922, 19113, 3804]","[0.1257079392671585, 0.0013250223128125072, 0.002693914109840989, 0.0004765612829942256, 0.008030813187360764, 0.16653981804847717, 0.004503272473812103, 0.007665874902158976, 1.6061610949691385e-05, 0.005099818110466003, 0.00011323437502142042, 0.0012793075293302536, 0.0012743262341246009, 2.8857117285951972e-05, 4.9086618673754856e-05, 0.001740983803756535, 0.05592617020010948, 6.0613183450186625e-05, 0.000471011851914227, 0.014615669846534729]",null,null,False,YETERSİZ VERİ,RET,True,False,13856.219700002839,"{""K1_input_and_readiness"": 0.041200000850949436, ""K7_context"": 0.0012000018614344299, ""K1_normalization"": 0.007800001185387373, ""K6_advisory"": 20.985500003007473, ""K1_intent"": 0.027499998395796865, ""K2_retrieval"": 172.18560000037542, ""K3_reranker"": 1586.9956999995338, ""K8_weighted_ranking"": 0.9253000025637448, ""K3_candidate_filters"": 0.0020000006770715117}",
FACTURK-0309,YALAN,"[19677, 54, 104, 14048, 1741, 28654, 27214, 4438, 28971, 28913, 13211, 24573, 28483, 18462, 14411, 18241, 6336, 24548, 15702, 8685]","[0.9433475732803345, 0.0012644219677895308, 0.0013939501950517297, 0.0022343622986227274, 0.00016603845870122313, 1.6187581422855146e-05, 1.6964426322374493e-05, 1.6964426322374493e-05, 1.750292540236842e-05, 3.619466951931827e-05, 1.6061610949691385e-05, 5.0644717703107744e-05, 0.3752484917640686, 1.6187581422855146e-05, 1.593661909282673e-05, 0.00023050670279189944, 0.001560889184474945, 1.8486754925106652e-05, 8.888084994396195e-05, 0.005384937860071659]","[0.003795623779296875, 0.9931640625, 0.0028400421142578125]","[0.003795623779296875, 0.9931640625, 0.0028400421142578125]",False,YETERSİZ VERİ,RET,True,False,3633.68360000095,"{""K1_input_and_readiness"": 0.05830000009154901, ""K7_context"": 0.0011999982234556228, ""K1_normalization"": 0.008999999408842996, ""K6_advisory"": 20.711299999675248, ""K1_intent"": 0.0242000023717992, ""K2_retrieval"": 180.84250000174507, ""K3_reranker"": 1314.3830000008165, ""K8_weighted_ranking"": 0.9882000013021752, ""K3_candidate_filters"": 0.5287000021780841, ""K9_advisory_consensus"": 0.005100002454128116, ""K4_nli_and_bypass_check"": 256.2886999985494, ""K5_decision"": 235.87469999984023}",19677
FACTURK-0310,YALAN,"[3964, 16107, 923, 16294, 25784, 16509, 10098, 2442, 12043, 7705, 23772, 18956, 8604, 5258, 29838, 23152, 16104, 8839, 14559, 17170]","[0.01764446496963501, 0.2137051820755005, 0.17203271389007568, 0.35209035873413086, 0.02409944497048855, 0.03588069602847099, 0.17652960121631622, 0.048405956476926804, 8.415108459303156e-05, 0.004182493779808283, 0.02881619706749916, 0.15215818583965302, 0.025516605004668236, 4.539786823443137e-05, 0.03919513151049614, 0.04931359738111496, 0.20149880647659302, 0.20593424141407013, 0.00017265156202483922, 4.5044595026411116e-05]","[0.00836944580078125, 0.990234375, 0.0015878677368164062]","[0.00836944580078125, 0.990234375, 0.0015878677368164062]",False,YETERSİZ VERİ,RET,True,False,15868.50940000295,"{""K1_input_and_readiness"": 0.04489999992074445, ""K7_context"": 0.0009999967005569488, ""K1_normalization"": 0.008999999408842996, ""K6_advisory"": 21.53309999994235, ""K1_intent"": 0.023600001441081986, ""K2_retrieval"": 172.13510000146925, ""K3_reranker"": 2073.046499997872, ""K8_weighted_ranking"": 1.2035999970976263, ""K3_candidate_filters"": 0.2691000008780975, ""K9_advisory_consensus"": 0.005199999577598646, ""K4_nli_and_bypass_check"": 329.5934000016132, ""K5_decision"": 280.91029999995953}",16294
FACTURK-0311,DOĞRU,"[9657, 16705, 9011, 11379, 1734, 3550, 16305, 6218, 8286, 7726, 10662, 25316, 29678, 4791, 5583, 13043, 29976, 12349, 20248, 13455]","[0.5023612976074219, 0.0005636750720441341, 0.021165618672966957, 0.0006000071880407631, 0.00018093574908562005, 0.0037507887464016676, 0.0023688741493970156, 0.02010023407638073, 0.008412977680563927, 0.003692853031679988, 0.0011424495605751872, 0.00013765462790615857, 0.00025118677876889706, 0.026056302711367607, 0.009020279161632061, 0.0007554056355729699, 0.00033274127054028213, 0.09417666494846344, 0.0360160693526268, 0.027272669598460197]","[0.037139892578125, 0.05877685546875, 0.904296875]","[0.037139892578125, 0.05877685546875, 0.904296875]",False,DOĞRU,ONAY,False,False,1738.550900001428,"{""K1_input_and_readiness"": 0.045099997805664316, ""K7_context"": 0.0012000018614344299, ""K1_normalization"": 0.008499999239575118, ""K6_advisory"": 21.90399999744841, ""K1_intent"": 0.032800002372823656, ""K2_retrieval"": 166.02469999997993, ""K3_reranker"": 1099.1175000017392, ""K8_weighted_ranking"": 0.9294000010413583, ""K3_candidate_filters"": 0.2657000004546717, ""K9_advisory_consensus"": 0.004800000169780105, ""K4_nli_and_bypass_check"": 233.4817999981169, ""K5_decision"": 214.17549999750918}",9657
FACTURK-0312,DOĞRU,"[7452, 13938, 6898, 11270, 25375, 22165, 1170, 2618, 25976, 7359, 29442, 3455, 5648, 12395, 27805, 2219, 28998, 4503, 27576, 15295]","[0.9999512434005737, 0.00013342000602278858, 0.000609450158663094, 0.00018667821132112294, 0.001629308913834393, 4.683888619183563e-05, 1.683241134742275e-05, 3.3474691008450463e-05, 3.2955729693640023e-05, 1.7231572201126255e-05, 1.6442494597868063e-05, 0.0035936026833951473, 1.6442494597868063e-05, 0.0001442598586436361, 1.7778551409719512e-05, 1.7231572201126255e-05, 2.2125668692751788e-05, 1.8342892872169614e-05, 0.004264635033905506, 1.6442494597868063e-05]","[0.99072265625, 0.00786590576171875, 0.0012111663818359375]","[0.99072265625, 0.00786590576171875, 0.0012111663818359375]",False,DOĞRU,ONAY,False,False,1374.3169999979727,"{""K1_input_and_readiness"": 0.040400002035312355, ""K7_context"": 0.0008999995770864189, ""K1_normalization"": 0.006400001439033076, ""K6_advisory"": 20.47639999727835, ""K1_intent"": 0.023399999918183312, ""K2_retrieval"": 157.1775999982492, ""K3_reranker"": 1095.5920000014885, ""K8_weighted_ranking"": 0.9310999994340818, ""K3_candidate_filters"": 0.27150000096298754, ""K9_advisory_consensus"": 0.004900000931229442, ""K4_nli_and_bypass_check"": 57.09720000231755, ""K5_decision"": 40.05870000037248}",7452
FACTURK-0313,DOĞRU,"[27844, 18468, 11712, 29304, 11509, 22914, 22301, 19866, 7346, 28419, 27847, 3083, 5491, 4331, 2337, 25726, 1912, 28378, 19415, 27788]","[0.009340023621916771, 0.4330222010612488, 0.9989308714866638, 0.00026947917649522424, 0.00214894930832088, 0.0003697388747241348, 0.0011972112115472555, 0.003960787784308195, 1.8486754925106652e-05, 0.0014550630003213882, 0.005080036818981171, 9.535461140330881e-05, 0.0029008574783802032, 0.006903838831931353, 0.001052568550221622, 2.8857117285951972e-05, 0.0019267346942797303, 0.0014158706180751324, 0.00013552077871281654, 4.7206227463902906e-05]",null,"[1.0, 0.0, 0.0]",True,YETERSİZ VERİ,KISMI,True,False,1663.6973999993643,"{""K1_input_and_readiness"": 0.041200000850949436, ""K7_context"": 0.0008999995770864189, ""K1_normalization"": 0.008300001354655251, ""K6_advisory"": 20.290100001147948, ""K1_intent"": 0.02229999881819822, ""K2_retrieval"": 155.531799999153, ""K3_reranker"": 1483.1842000021425, ""K8_weighted_ranking"": 0.9331000001111533, ""K3_candidate_filters"": 0.5464999994728714, ""K9_advisory_consensus"": 0.005299996701069176, ""K4_nli_and_bypass_check"": 0.31400000079884194, ""K5_decision"": 0.3598000002966728}",11712
FACTURK-0314,DOĞRU,"[28867, 20246, 475, 11597, 13372, 19541, 27529, 19898, 22408, 25381, 8043, 25980, 28538, 24314, 3213, 13274, 14016, 26227, 22357, 26566]","[0.4323030412197113, 0.6674728393554688, 0.09929540008306503, 0.04084571450948715, 0.00044248730409890413, 0.0006142272031866014, 0.0001195985751110129, 0.0014779430348426104, 0.0013670255430042744, 0.028652667999267578, 0.008445626124739647, 0.0026112475898116827, 0.0026419467758387327, 0.0020911062601953745, 0.006388320587575436, 3.1941821362124756e-05, 3.508111694827676e-05, 2.586742994026281e-05, 0.10105590522289276, 0.0010901900241151452]","[0.0223236083984375, 0.96240234375, 0.01519775390625]","[0.0223236083984375, 0.96240234375, 0.01519775390625]",False,YETERSİZ VERİ,RET,True,False,14281.115499998123,"{""K1_input_and_readiness"": 0.046799999836366624, ""K7_context"": 0.0011000010999850929, ""K1_normalization"": 0.00960000033956021, ""K6_advisory"": 21.287600000505336, ""K1_intent"": 0.03099999958067201, ""K2_retrieval"": 180.25430000125198, ""K3_reranker"": 1474.9699000021792, ""K8_weighted_ranking"": 0.9881999976641964, ""K3_candidate_filters"": 0.5344999990484212, ""K9_advisory_consensus"": 0.005199999577598646, ""K4_nli_and_bypass_check"": 25.32200000132434, ""K5_decision"": 0.11760000052163377}",web_96926ce7_0
FACTURK-0315,YALAN,"[18629, 11438, 23600, 27604, 5686, 1610, 16552, 23012, 6704, 6570, 22272, 22472, 19272, 25380, 3214, 7384, 28088, 12057, 744, 17093]","[0.4937632977962494, 0.04646466672420502, 0.04130730405449867, 0.09451042860746384, 0.008348053321242332, 0.8257302641868591, 0.009936418384313583, 0.0002611903182696551, 0.11162799596786499, 0.0044165560975670815, 0.07504072040319443, 1.7917987861437723e-05, 0.002174225402995944, 0.016277460381388664, 0.03090895712375641, 0.01342825498431921, 0.015967654064297676, 0.08850465714931488, 3.2955729693640023e-05, 0.010776725597679615]","[0.00592041015625, 0.99365234375, 0.0005869865417480469]","[0.00592041015625, 0.99365234375, 0.0005869865417480469]",False,YETERSİZ VERİ,RET,True,False,4012.0093000005,"{""K1_input_and_readiness"": 0.05070000042906031, ""K7_context"": 0.0011000010999850929, ""K1_normalization"": 0.008700000762473792, ""K6_advisory"": 20.320400002674432, ""K1_intent"": 0.027800000680144876, ""K2_retrieval"": 182.34909999955562, ""K3_reranker"": 1264.1016999987187, ""K8_weighted_ranking"": 0.9390999985043891, ""K3_candidate_filters"": 0.5304999976942781, ""K9_advisory_consensus"": 0.004999998054699972, ""K4_nli_and_bypass_check"": 408.28419999888865, ""K5_decision"": 382.54780000352184}",1610
FACTURK-0316,DOĞRU,"[6487, 20933, 13819, 25162, 20139, 29090, 3664, 29338, 17481, 22713, 29729, 25194, 4372, 24615, 5799, 22997, 20328, 19231, 25691, 24063]","[0.9982385635375977, 0.01750955730676651, 0.1527891606092453, 5.391084778239019e-05, 0.003621685551479459, 0.0009362827986478806, 5.605828482657671e-05, 0.0018458482809364796, 3.373722574906424e-05, 0.0001500056532677263, 0.000337979436153546, 0.0819595456123352, 0.0017007222631946206, 1.8486754925106652e-05, 8.547616744181141e-05, 0.00026323829661123455, 1.7640199075685814e-05, 0.00064368563471362, 3.591300992411561e-05, 0.0007793660624884069]","[0.9990234375, 0.00024580955505371094, 0.0005064010620117188]","[0.9990234375, 0.00024580955505371094, 0.0005064010620117188]",False,DOĞRU,ONAY,False,False,1592.6581999992777,"{""K1_input_and_readiness"": 0.04499999704421498, ""K7_context"": 0.0011000010999850929, ""K1_normalization"": 0.009199997293762863, ""K6_advisory"": 21.749499999714317, ""K1_intent"": 0.025299999833805487, ""K2_retrieval"": 161.6807999998855, ""K3_reranker"": 1289.631299998291, ""K8_weighted_ranking"": 0.9417000001121778, ""K3_candidate_filters"": 0.2684999999473803, ""K9_advisory_consensus"": 0.004800000169780105, ""K4_nli_and_bypass_check"": 69.6682999987388, ""K5_decision"": 46.05670000091777}",6487
FACTURK-0317,DOĞRU,"[22587, 30365, 10902, 11460, 7924, 1887, 15780, 22918, 5122, 24849, 2984, 14277, 19772, 4093, 22465, 27017, 10589, 7224, 20175, 4270]","[0.29370826482772827, 0.56391841173172, 0.005957154091447592, 0.01778038963675499, 0.3643251061439514, 0.08709682524204254, 0.2735744118690491, 0.21157968044281006, 0.11436853557825089, 0.37955084443092346, 0.00172745855525136, 0.15700754523277283, 0.006589771714061499, 0.012479699216783047, 0.06644792854785919, 0.008315778337419033, 0.03384403511881828, 0.17981843650341034, 0.004348381422460079, 0.035611413419246674]","[0.003143310546875, 0.99560546875, 0.0014820098876953125]","[0.003143310546875, 0.99560546875, 0.0014820098876953125]",False,YALAN,RED,False,False,5238.214300003165,"{""K1_input_and_readiness"": 0.041299997974419966, ""K7_context"": 0.0010000003385357559, ""K1_normalization"": 0.007800001185387373, ""K6_advisory"": 21.50479999909294, ""K1_intent"": 0.025299999833805487, ""K2_retrieval"": 161.4854000035848, ""K3_reranker"": 3655.9402999992017, ""K8_weighted_ranking"": 0.9877999982563779, ""K3_candidate_filters"": 0.800499998149462, ""K9_advisory_consensus"": 0.006300000677583739, ""K4_nli_and_bypass_check"": 736.6115000004356, ""K5_decision"": 658.3610999987286}",30365
FACTURK-0318,YALAN,"[1123, 27660, 2877, 5471, 4745, 23201, 21085, 9176, 13942, 12462, 627, 15340, 18839, 15696, 17990, 8517, 8290, 2955, 25237, 15511]","[0.23846149444580078, 0.0009659748757258058, 0.0019570167642086744, 0.02157406695187092, 0.009522485546767712, 0.0018172829877585173, 0.0005132579244673252, 0.0018895388348028064, 0.013742320239543915, 0.37170660495758057, 0.005797401536256075, 0.06030764430761337, 0.001081715221516788, 8.614650869276375e-05, 5.3075080359121785e-05, 0.000347345310728997, 0.0007096704212017357, 3.0479141059913673e-05, 0.0001823546044761315, 0.001518850913271308]","[0.984375, 0.005977630615234375, 0.0094451904296875]","[0.984375, 0.005977630615234375, 0.0094451904296875]",False,DOĞRU,ONAY,False,False,16526.892699999735,"{""K1_input_and_readiness"": 0.05109999983687885, ""K7_context"": 0.0013999997463542968, ""K1_normalization"": 0.009799998224480078, ""K6_advisory"": 20.4613000023528, ""K1_intent"": 0.027300000510877, ""K2_retrieval"": 200.15580000108457, ""K3_reranker"": 2251.153199998953, ""K8_weighted_ranking"": 1.073999999789521, ""K3_candidate_filters"": 0.2772999978333246, ""K9_advisory_consensus"": 0.005699999746866524, ""K4_nli_and_bypass_check"": 883.316500003275, ""K5_decision"": 878.900200001226}",web_45ff5f55_0
FACTURK-0319,DOĞRU,"[19343, 28010, 23590, 2436, 5590, 21114, 6932, 13838, 2425, 5265, 21218, 11848, 7364, 9502, 8291, 9216, 10374, 20208, 19431, 24636]","[0.0002591582597233355, 0.002531111240386963, 0.0001673405058681965, 0.00020502213737927377, 1.6314539607265033e-05, 2.411113746347837e-05, 0.0001387341326335445, 1.657145367062185e-05, 1.6964426322374493e-05, 1.6314539607265033e-05, 1.7778551409719512e-05, 1.657145367062185e-05, 1.9373936083866283e-05, 2.5071596610359848e-05, 5.144220995134674e-05, 0.0005953406798653305, 0.00012931563833262771, 0.0014664583140984178, 1.9073577277595177e-05, 1.6314539607265033e-05]",null,null,False,YETERSİZ VERİ,RET,True,False,14465.096100000665,"{""K1_input_and_readiness"": 0.05529999907594174, ""K7_context"": 0.0011000010999850929, ""K1_normalization"": 0.008999999408842996, ""K6_advisory"": 20.753299999341834, ""K1_intent"": 0.029999999242136255, ""K2_retrieval"": 190.6355999999505, ""K3_reranker"": 1760.491599998204, ""K8_weighted_ranking"": 1.049599999532802, ""K3_candidate_filters"": 0.0018999999156221747}",
FACTURK-0320,YALAN,"[1887, 1807, 25228, 7970, 14227, 15188, 25931, 20941, 668, 2158, 8125, 24929, 7135, 18249, 8599, 30193, 8926, 1676, 4603, 25967]","[0.903464674949646, 0.09704755246639252, 0.5811247825622559, 0.5891846418380737, 0.00014313739666249603, 0.02456308901309967, 0.05582314357161522, 0.002278330735862255, 0.0026010938454419374, 0.000337979436153546, 0.00272558256983757, 0.003635808825492859, 0.0060503981076180935, 0.002123966347426176, 2.526822754589375e-05, 0.0013045065570622683, 0.08725224435329437, 0.21883627772331238, 0.522567629814148, 0.00020662980386987329]","[0.033050537109375, 0.96533203125, 0.001743316650390625]","[0.033050537109375, 0.96533203125, 0.001743316650390625]",False,YETERSİZ VERİ,RET,True,False,13675.346799998806,"{""K1_input_and_readiness"": 0.05210000017541461, ""K7_context"": 0.0010999974620062858, ""K1_normalization"": 0.008600000001024455, ""K6_advisory"": 61.78150000050664, ""K1_intent"": 0.03479999941191636, ""K2_retrieval"": 179.1641999989224, ""K3_reranker"": 1545.8580000013171, ""K8_weighted_ranking"": 1.0461000019859057, ""K3_candidate_filters"": 1.0190000029979274, ""K9_advisory_consensus"": 0.005599998985417187, ""K4_nli_and_bypass_check"": 187.7533000006224, ""K5_decision"": 161.6797000024235}",1887
FACTURK-0321,YALAN,"[25225, 10243, 27894, 9150, 15787, 19391, 16063, 28222, 11548, 27696, 24956, 12864, 25169, 9220, 24184, 25228, 2984, 3313, 20449, 25098]","[0.9990745782852173, 0.058884695172309875, 0.07081620395183563, 0.018404889851808548, 0.001192549243569374, 4.870464181294665e-05, 0.0006337125087156892, 0.0007152324542403221, 0.004133968148380518, 0.0029694451950490475, 0.0005930210463702679, 0.0013511208817362785, 0.0003625900426413864, 0.0008727670647203922, 6.868317723274231e-05, 0.0003583672805689275, 1.8777873265207745e-05, 0.00010071400902234018, 0.03663136437535286, 0.00012148174573667347]",null,"[1.0, 0.0, 0.0]",True,YALAN,UYARI,False,False,1269.4240000018908,"{""K1_input_and_readiness"": 0.05219999729888514, ""K7_context"": 0.0013000026228837669, ""K1_normalization"": 0.009100000170292333, ""K6_advisory"": 22.56610000040382, ""K1_intent"": 0.04640000042854808, ""K2_retrieval"": 163.92740000082995, ""K3_reranker"": 1078.645099998539, ""K8_weighted_ranking"": 0.9175000013783574, ""K3_candidate_filters"": 0.2659999991010409, ""K9_advisory_consensus"": 0.005399997462518513, ""K4_nli_and_bypass_check"": 0.1415999977325555, ""K5_decision"": 0.1841000012063887}",25225
FACTURK-0322,YALAN,"[19974, 10172, 27265, 6287, 11158, 22220, 7476, 1134, 14936, 5811, 11075, 2403, 29492, 28979, 27304, 24074, 24175, 25299, 9398, 21249]","[0.40262696146965027, 0.0006771942134946585, 0.0009290033485740423, 0.010818447917699814, 0.0032476764172315598, 0.00013032974675297737, 4.683888619183563e-05, 1.6314539607265033e-05, 3.7636447814293206e-05, 0.00028462239424698055, 0.001151399570517242, 0.008124708198010921, 0.0005112579092383385, 0.0023504828568547964, 1.6314539607265033e-05, 0.03228325769305229, 0.0004747042548842728, 0.0001956353517016396, 0.00011774459562730044, 1.657145367062185e-05]","[0.0005679130554199219, 0.9990234375, 0.0004954338073730469]","[0.0005679130554199219, 0.9990234375, 0.0004954338073730469]",False,YETERSİZ VERİ,RET,True,False,15936.559400000988,"{""K1_input_and_readiness"": 0.05759999839938246, ""K7_context"": 0.0010000003385357559, ""K1_normalization"": 0.010700001439545304, ""K6_advisory"": 20.866700000624405, ""K1_intent"": 0.03199999991920777, ""K2_retrieval"": 203.06759999948554, ""K3_reranker"": 1891.17460000125, ""K8_weighted_ranking"": 0.9260000006179325, ""K3_candidate_filters"": 0.265499998931773, ""K9_advisory_consensus"": 0.004699999408330768, ""K4_nli_and_bypass_check"": 846.0465000025579, ""K5_decision"": 832.0679000025848}",19974
FACTURK-0323,DOĞRU,"[26984, 20781, 27337, 6352, 7596, 12551, 2446, 708, 13967, 8904, 10289, 19156, 28075, 247, 172, 26400, 156, 211, 11435, 25927]","[0.003678509034216404, 0.001383117400109768, 0.0038844761438667774, 0.0005884087877348065, 0.004867417272180319, 0.003510648850351572, 0.0007613258203491569, 0.0007208379684016109, 0.0012448433553799987, 0.00013658353418577462, 3.1201914680423215e-05, 0.00014202363672666252, 0.00023782203788869083, 0.007066400721669197, 0.0002415662893326953, 0.002540992572903633, 0.006615392863750458, 0.0001476803736295551, 0.0008525666198693216, 0.002560870721936226]",null,null,False,YETERSİZ VERİ,RET,True,False,13810.539699999936,"{""K1_input_and_readiness"": 0.05669999882229604, ""K7_context"": 0.0012000018614344299, ""K1_normalization"": 0.01049999991664663, ""K6_advisory"": 22.474899997178, ""K1_intent"": 0.037000001611886546, ""K2_retrieval"": 179.13740000221878, ""K3_reranker"": 1549.1720999998506, ""K8_weighted_ranking"": 1.0246000019833446, ""K3_candidate_filters"": 0.0022999993234407157}",
FACTURK-0324,DOĞRU,"[1701, 1620, 20305, 19176, 27696, 23686, 24172, 27196, 24782, 5535, 801, 14870, 15425, 24849, 18519, 26875, 22504, 21711, 11776, 19258]","[0.005119676236063242, 0.00079783343244344, 0.003579642390832305, 0.010408313944935799, 0.001483718864619732, 1.657145367062185e-05, 0.0013511208817362785, 0.002034817123785615, 0.014281935058534145, 0.00026738259475678205, 0.13117322325706482, 0.00021485926117748022, 0.0041179172694683075, 0.02595735713839531, 0.147801011800766, 6.922183820279315e-05, 0.0028009270317852497, 0.00677120964974165, 0.012920473702251911, 2.7535690605873242e-05]",null,null,False,YETERSİZ VERİ,RET,True,False,14583.720200000243,"{""K1_input_and_readiness"": 0.06009999924572185, ""K7_context"": 0.0013000026228837669, ""K1_normalization"": 0.010300002031726763, ""K6_advisory"": 20.888399998511886, ""K1_intent"": 0.029200000426499173, ""K2_retrieval"": 183.0946000009135, ""K3_reranker"": 2069.3214000020816, ""K8_weighted_ranking"": 0.9666000005381647, ""K3_candidate_filters"": 0.0021000014385208488}",
FACTURK-0325,YALAN,"[23846, 23815, 8193, 24551, 9436, 28722, 12486, 5782, 4454, 7410, 25313, 13507, 8269, 17776, 21219, 4638, 21231, 6751, 24987, 23504]","[9.028038039105013e-05, 0.00021995337738189846, 0.00012243441597092897, 0.002123966347426176, 0.001495338510721922, 0.0014895173953846097, 0.07159119844436646, 8.614650869276375e-05, 0.0002591582597233355, 0.025711586698889732, 0.03416481614112854, 0.002243087626993656, 9.098840382648632e-05, 0.002560870721936226, 0.00011591933434829116, 2.6480842279852368e-05, 2.4876489987946115e-05, 0.0013198634842410684, 3.269927037763409e-05, 1.6442494597868063e-05]",null,null,False,YETERSİZ VERİ,RET,True,False,13208.537200000137,"{""K1_input_and_readiness"": 0.05210000017541461, ""K7_context"": 0.0013999997463542968, ""K1_normalization"": 0.009400002454640344, ""K6_advisory"": 20.823599999857834, ""K1_intent"": 0.025499997718725353, ""K2_retrieval"": 163.83639999912702, ""K3_reranker"": 1050.6217000001925, ""K8_weighted_ranking"": 0.9438000015506987, ""K3_candidate_filters"": 0.0017999991541728377}",
FACTURK-0326,YALAN,"[23950, 15240, 7087, 29494, 28228, 24411, 29928, 16851, 19990, 2653, 5125, 28429, 4843, 2846, 13982, 13711, 18203, 16773, 11973, 7372]","[0.6772605776786804, 0.6363531351089478, 0.156491219997406, 0.3262714147567749, 0.7213507294654846, 0.016979992389678955, 0.01353214867413044, 0.27212125062942505, 0.0015669887652620673, 0.37547746300697327, 0.20769643783569336, 0.1291828602552414, 0.07935289293527603, 0.12907303869724274, 0.037326887249946594, 0.5820753574371338, 0.0018243826925754547, 0.8297680616378784, 0.715225100517273, 0.8987665772438049]","[0.99560546875, 0.00392913818359375, 0.0005130767822265625]","[0.99560546875, 0.00392913818359375, 0.0005130767822265625]",False,DOĞRU,ONAY,False,False,16060.38880000051,"{""K1_input_and_readiness"": 0.04770000305143185, ""K7_context"": 0.0015000005078036338, ""K1_normalization"": 0.008099999831756577, ""K6_advisory"": 21.29150000109803, ""K1_intent"": 0.0259000007645227, ""K2_retrieval"": 150.52510000168695, ""K3_reranker"": 2183.618499999284, ""K8_weighted_ranking"": 1.164900000730995, ""K3_candidate_filters"": 2.408099997410318, ""K9_advisory_consensus"": 0.00549999822396785, ""K4_nli_and_bypass_check"": 211.09989999968093, ""K5_decision"": 193.06609999694047}",web_17b2a6e2_0
FACTURK-0327,YALAN,"[11779, 16554, 21720, 28864, 19780, 16591, 6656, 5650, 14378, 6422, 26524, 25811, 22784, 15395, 15946, 23361, 14710, 21016, 14437, 25130]","[0.01578456163406372, 0.004810982849448919, 0.008061991073191166, 0.5661384463310242, 0.005641908384859562, 0.9463988542556763, 0.0044683837331831455, 0.1318424493074417, 0.029201289638876915, 0.009670992381870747, 0.0007854739669710398, 0.0333368256688118, 0.0006745558930560946, 0.020685460418462753, 4.985958003089763e-05, 0.0008459375239908695, 3.6764631659025326e-05, 1.6314539607265033e-05, 0.29310086369514465, 0.7918210625648499]","[0.018890380859375, 0.98046875, 0.000568389892578125]","[0.018890380859375, 0.98046875, 0.000568389892578125]",False,YETERSİZ VERİ,RET,True,False,14138.442399998894,"{""K1_input_and_readiness"": 0.061499998992076144, ""K7_context"": 0.0011000010999850929, ""K1_normalization"": 0.012900000001536682, ""K6_advisory"": 20.137700001214398, ""K1_intent"": 0.03189999915775843, ""K2_retrieval"": 207.08730000114883, ""K3_reranker"": 1730.5057000012312, ""K8_weighted_ranking"": 0.9374999972351361, ""K3_candidate_filters"": 0.7742000016150996, ""K9_advisory_consensus"": 0.005300000339047983, ""K4_nli_and_bypass_check"": 17.141599997557933, ""K5_decision"": 0.1370999998471234}",16591
FACTURK-0328,DOĞRU,"[18318, 8507, 7120, 3423, 27785, 2506, 12397, 10, 26352, 11718, 24450, 22396, 21551, 16322, 25919, 4987, 14748, 4527, 14084, 23397]","[0.0008761798962950706, 9.461262379772961e-05, 0.044431429356336594, 0.052618950605392456, 0.0002982776495628059, 2.1444948288262822e-05, 0.001103026675991714, 0.0697949230670929, 7.086326513672248e-05, 1.6061610949691385e-05, 0.0003814711526501924, 0.001560889184474945, 0.000337979436153546, 0.0006118340534158051, 0.002453428227454424, 0.0006667023408226669, 0.00046190584544092417, 0.0001476803736295551, 0.0039454069919884205, 0.0013458604225888848]",null,"[1.0, 0.0, 0.0]",True,DOĞRU,ONAY,False,False,12631.863699996757,"{""K1_input_and_readiness"": 0.05149999924469739, ""K7_context"": 0.0012999989849049598, ""K1_normalization"": 0.00839999847812578, ""K6_advisory"": 20.929000002070097, ""K1_intent"": 0.02640000093379058, ""K2_retrieval"": 160.16109999691253, ""K3_reranker"": 1050.656200000958, ""K8_weighted_ranking"": 0.9776000006240793, ""K3_candidate_filters"": 0.0022999993234407157, ""K9_advisory_consensus"": 0.014500001270789653, ""K4_nli_and_bypass_check"": 0.16429999959655106, ""K5_decision"": 0.19309999697725289}",web_9076469a_0
FACTURK-0329,DOĞRU,"[5153, 18953, 11309, 414, 3426, 30136, 6618, 1893, 17520, 23892, 29513, 17416, 5267, 18236, 3589, 20519, 11809, 18175, 12863, 29502]","[1.6314539607265033e-05, 0.0015854305820539594, 0.0001713081874186173, 1.6442494597868063e-05, 1.7640199075685814e-05, 0.0008135565440170467, 0.0016809417866170406, 0.0003225071995984763, 8.415108459303156e-05, 4.7206227463902906e-05, 2.3369333575828932e-05, 5.0644717703107744e-05, 0.0025016965810209513, 5.391084778239019e-05, 0.0003951153776142746, 0.0002131875662598759, 9.028038039105013e-05, 2.2125668692751788e-05, 1.6314539607265033e-05, 1.750292540236842e-05]",null,null,False,YETERSİZ VERİ,RET,True,False,15318.054600000323,"{""K1_input_and_readiness"": 0.04510000144364312, ""K7_context"": 0.0012999989849049598, ""K1_normalization"": 0.007899998308857903, ""K6_advisory"": 21.905000001424924, ""K1_intent"": 0.02649999805726111, ""K2_retrieval"": 153.33660000032978, ""K3_reranker"": 1084.109499999613, ""K8_weighted_ranking"": 1.028400001814589, ""K3_candidate_filters"": 0.0021999985619913787}",
FACTURK-0330,YALAN,"[1893, 19626, 18953, 17416, 1513, 24924, 23892, 13456, 17520, 18236, 11809, 29162, 11309, 18988, 30126, 18175, 6618, 338, 5950, 6072]","[0.006217078305780888, 0.0063635739497840405, 0.013480102643370628, 0.00027372167096473277, 0.0017821963410824537, 0.002822832902893424, 0.0007885457598604262, 0.02784845046699047, 0.002934951800853014, 0.0022170129232108593, 0.013480102643370628, 0.000638679601252079, 0.0007041515782475471, 0.00079783343244344, 0.017576882615685463, 0.0002611903182696551, 0.003123648464679718, 0.0002780309587251395, 0.014392335899174213, 0.00010391067189630121]",null,null,False,YETERSİZ VERİ,RET,True,False,13480.657299998711,"{""K1_input_and_readiness"": 0.049299997044727206, ""K7_context"": 0.0011999982234556228, ""K1_normalization"": 0.008099999831756577, ""K6_advisory"": 20.88299999741139, ""K1_intent"": 0.02559999848017469, ""K2_retrieval"": 185.1262999989558, ""K3_reranker"": 1276.4544000019669, ""K8_weighted_ranking"": 0.9303000006184448, ""K3_candidate_filters"": 0.0017999991541728377}",
FACTURK-0331,DOĞRU,"[1681, 24945, 10638, 18670, 18311, 16362, 12375, 7105, 17848, 20651, 12260, 15302, 12622, 4093, 27629, 27294, 7572, 27133, 30163, 15389]","[0.02178117074072361, 0.00020825010142289102, 0.07211220264434814, 0.0015916259726509452, 0.041852131485939026, 0.000638679601252079, 0.16981850564479828, 0.0005636750720441341, 0.00014313739666249603, 0.0002434604539303109, 0.022715754806995392, 1.6061610949691385e-05, 0.5909562706947327, 0.00035281325108371675, 0.00017813112935982645, 0.0007763299508951604, 4.298194107832387e-05, 1.6314539607265033e-05, 0.009596454910933971, 0.09334687888622284]","[0.4755859375, 0.51318359375, 0.0113677978515625]","[0.4755859375, 0.51318359375, 0.0113677978515625]",False,DOĞRU,ONAY,False,False,12690.101099997264,"{""K1_input_and_readiness"": 0.10300000212737359, ""K7_context"": 0.0034999975468963385, ""K1_normalization"": 0.01799999881768599, ""K6_advisory"": 23.57309999933932, ""K1_intent"": 0.03769999966607429, ""K2_retrieval"": 160.21159999945667, ""K3_reranker"": 1552.2770000025048, ""K8_weighted_ranking"": 0.9279000005335547, ""K3_candidate_filters"": 0.2668000015546568, ""K9_advisory_consensus"": 0.005199999577598646, ""K4_nli_and_bypass_check"": 305.38589999923715, ""K5_decision"": 277.8156999993371}",web_78c2afeb_0
FACTURK-0332,YALAN,"[30229, 25967, 9269, 7970, 8599, 5787, 20168, 13340, 20941, 15188, 18249, 2158, 14227, 8125, 10681, 668, 9822, 2110, 8325, 27472]","[2.566613329690881e-05, 0.0009075025445781648, 3.4537253668531775e-05, 0.005220125429332256, 1.67014204635052e-05, 0.0009927261853590608, 5.391084778239019e-05, 8.957788668340072e-05, 0.00016346470511052758, 0.0011649561347439885, 0.0002824080875143409, 7.031184941297397e-05, 1.67014204635052e-05, 0.0002234163403045386, 0.006615392863750458, 5.738759500673041e-05, 1.7366719475830905e-05, 0.00011774459562730044, 0.0005725466180592775, 0.0026522595435380936]",null,null,False,YETERSİZ VERİ,RET,True,False,13354.186900000059,"{""K1_input_and_readiness"": 0.04360000093583949, ""K7_context"": 0.0012000018614344299, ""K1_normalization"": 0.007000002369750291, ""K6_advisory"": 20.713800000521587, ""K1_intent"": 0.026600002456689253, ""K2_retrieval"": 160.45499999745516, ""K3_reranker"": 1107.473399999435, ""K8_weighted_ranking"": 0.9339999996882398, ""K3_candidate_filters"": 0.0017999991541728377}",
FACTURK-0333,YALAN,"[24866, 8860, 10194, 24106, 17990, 29116, 4464, 13407, 10566, 1275, 13598, 15160, 9918, 24171, 7299, 27567, 28026, 2214, 10887, 25825]","[0.01815951056778431, 0.00011866796558024362, 0.0007613258203491569, 0.0002269338583573699, 0.0015669887652620673, 0.010735162533819675, 0.001495338510721922, 2.7969301299890503e-05, 0.011331753805279732, 4.575391358230263e-05, 0.004264635033905506, 0.12199922651052475, 1.6061610949691385e-05, 1.67014204635052e-05, 2.526822754589375e-05, 2.818866414600052e-05, 0.008644177578389645, 0.0014048678567633033, 0.00019716942915692925, 0.015130727551877499]",null,null,False,YETERSİZ VERİ,RET,True,False,13682.138800002576,"{""K1_input_and_readiness"": 0.047500001528533176, ""K7_context"": 0.0011000010999850929, ""K1_normalization"": 0.008099999831756577, ""K6_advisory"": 21.006100003432948, ""K1_intent"": 0.024400000256719068, ""K2_retrieval"": 154.84959999957937, ""K3_reranker"": 1957.5546999985818, ""K8_weighted_ranking"": 1.0451999987708405, ""K3_candidate_filters"": 0.0017999991541728377}",
FACTURK-0334,DOĞRU,"[19685, 9321, 7904, 23856, 15826, 28084, 24694, 5498, 20607, 3994, 6437, 29017, 684, 3213, 19330, 891, 10877, 18368, 13179, 10573]","[0.9949788451194763, 1.6187581422855146e-05, 0.005220125429332256, 1.6314539607265033e-05, 0.00025118677876889706, 1.6187581422855146e-05, 2.318747829122003e-05, 0.00018961740715894848, 1.6061610949691385e-05, 1.6187581422855146e-05, 2.3007036361377686e-05, 0.005980330519378185, 6.402006692951545e-05, 0.0009850083151832223, 5.144220995134674e-05, 0.006666931323707104, 0.00010391067189630121, 3.508111694827676e-05, 0.00014883848780300468, 0.0001387341326335445]","[0.9970703125, 0.0022449493408203125, 0.0005130767822265625]","[0.9970703125, 0.0022449493408203125, 0.0005130767822265625]",False,DOĞRU,ONAY,False,False,1489.1798999997263,"{""K1_input_and_readiness"": 0.043799998820759356, ""K7_context"": 0.0011999982234556228, ""K1_normalization"": 0.006899997970322147, ""K6_advisory"": 20.853299996815622, ""K1_intent"": 0.022499996703118086, ""K2_retrieval"": 148.01490000172635, ""K3_reranker"": 1136.8106000008993, ""K8_weighted_ranking"": 0.952900001720991, ""K3_candidate_filters"": 0.2668000015546568, ""K9_advisory_consensus"": 0.004800000169780105, ""K4_nli_and_bypass_check"": 99.818900001992, ""K5_decision"": 79.80650000172318}",19685
FACTURK-0335,YALAN,"[7796, 1266, 26900, 2229, 28117, 12967, 4372, 12096, 22812, 11409, 612, 10708, 24615, 24142, 27043, 23324, 286, 17132, 19698, 23359]","[0.014785407111048698, 0.0004821761976927519, 0.0002824080875143409, 2.526822754589375e-05, 0.004022909794002771, 0.007815888151526451, 0.00017536994710098952, 3.219233258278109e-05, 0.6721165180206299, 0.0002611903182696551, 0.2276410013437271, 0.00013658353418577462, 0.0005053045460954309, 5.9673518990166485e-05, 4.298194107832387e-05, 4.231559796608053e-05, 0.007725534029304981, 0.2440025359392166, 0.0024822766426950693, 0.00013552077871281654]","[0.0004553794860839844, 0.9990234375, 0.0005068778991699219]","[0.0004553794860839844, 0.9990234375, 0.0005068778991699219]",False,YETERSİZ VERİ,RET,True,False,13583.905499999673,"{""K1_input_and_readiness"": 0.05579999924520962, ""K7_context"": 0.0008999995770864189, ""K1_normalization"": 0.010399999155197293, ""K6_advisory"": 19.81760000126087, ""K1_intent"": 0.02930000118794851, ""K2_retrieval"": 188.7561999974423, ""K3_reranker"": 1316.6018999982043, ""K8_weighted_ranking"": 1.0115000004589092, ""K3_candidate_filters"": 0.2746999998635147, ""K9_advisory_consensus"": 0.005399997462518513, ""K4_nli_and_bypass_check"": 17.610000002605375, ""K5_decision"": 0.11989999984507449}",web_190da1d6_0
FACTURK-0336,DOĞRU,"[26371, 12974, 16695, 13512, 1970, 15386, 22626, 9507, 11555, 27942, 3213, 28493, 27262, 4827, 20937, 29892, 24455, 8034, 6841, 5942]","[0.0006512682302854955, 0.009340023621916771, 0.0020667945500463247, 2.265035072923638e-05, 0.004101929254829884, 5.0644717703107744e-05, 0.00025315635139122605, 0.00011682839976856485, 2.2125668692751788e-05, 0.0012065897462889552, 0.001483718864619732, 6.922183820279315e-05, 2.7751651941798627e-05, 0.00020988310279790312, 0.01764446496963501, 0.000317508791340515, 0.00024536947603337467, 0.0001500056532677263, 0.0003611769643612206, 0.0029810327105224133]",null,"[1.0, 0.0, 0.0]",True,DOĞRU,ONAY,False,False,13144.050700000662,"{""K1_input_and_readiness"": 0.03890000152750872, ""K7_context"": 0.0010000003385357559, ""K1_normalization"": 0.008300001354655251, ""K6_advisory"": 20.55379999728757, ""K1_intent"": 0.021800002286909148, ""K2_retrieval"": 150.13550000003306, ""K3_reranker"": 1329.2091000002983, ""K8_weighted_ranking"": 0.9970999999495689, ""K3_candidate_filters"": 0.0019999970390927047, ""K9_advisory_consensus"": 0.013700002455152571, ""K4_nli_and_bypass_check"": 0.14630000077886507, ""K5_decision"": 0.16839999807416461}",web_dc156707_0
FACTURK-0337,YALAN,"[14578, 14516, 12212, 28161, 11217, 28207, 8368, 19726, 16230, 4788, 8599, 13731, 27764, 22471, 1170, 9491, 7917, 27543, 19984, 7407]","[0.9965969920158386, 0.9785903096199036, 0.003635808825492859, 0.0037507887464016676, 0.10989668220281601, 0.0017752605490386486, 0.0007041515782475471, 0.023419944569468498, 0.0006462032906711102, 0.003809630172327161, 0.001383117400109768, 0.0015487611526623368, 0.0016549242427572608, 0.00046917638974264264, 0.48418188095092773, 0.0010608151787891984, 0.010448625311255455, 0.002746900776401162, 0.00037263770354911685, 0.0003514382697176188]",null,"[1.0, 0.0, 0.0]",True,YALAN,UYARI,False,False,1493.1902999996964,"{""K1_input_and_readiness"": 0.03719999949680641, ""K7_context"": 0.0010999974620062858, ""K1_normalization"": 0.006400001439033076, ""K6_advisory"": 20.770500002981862, ""K1_intent"": 0.02049999966402538, ""K2_retrieval"": 144.56150000114576, ""K3_reranker"": 1323.038300000917, ""K8_weighted_ranking"": 0.9396000023116358, ""K3_candidate_filters"": 0.7678000001760665, ""K9_advisory_consensus"": 0.005099998816149309, ""K4_nli_and_bypass_check"": 0.20479999875533395, ""K5_decision"": 0.21579999884124845}",14578
FACTURK-0338,YALAN,"[8347, 15787, 9150, 23508, 1701, 15473, 25598, 19258, 29445, 11479, 28404, 23576, 26662, 487, 25225, 27894, 23826, 17721, 8685, 24184]","[0.20386597514152527, 0.0009927261853590608, 0.007846239022910595, 0.005040702875703573, 0.08882029354572296, 1.922317096614279e-05, 0.00018093574908562005, 0.003510648850351572, 1.6442494597868063e-05, 0.0003366621967870742, 2.265035072923638e-05, 0.007665874902158976, 1.922317096614279e-05, 0.0003406293108128011, 0.0002959570847451687, 0.00026323829661123455, 0.00043904531048610806, 0.00978387612849474, 0.026506125926971436, 0.0005172813544049859]",null,null,False,YETERSİZ VERİ,RET,True,False,13601.217600000382,"{""K1_input_and_readiness"": 0.04570000237436034, ""K7_context"": 0.0010999974620062858, ""K1_normalization"": 0.007399998139590025, ""K6_advisory"": 21.04940000208444, ""K1_intent"": 0.0259000007645227, ""K2_retrieval"": 151.97149999949033, ""K3_reranker"": 1751.8238999982714, ""K8_weighted_ranking"": 0.9580000005371403, ""K3_candidate_filters"": 0.0025000008463393897}",
FACTURK-0339,DOĞRU,"[26958, 29632, 635, 14027, 22738, 21400, 19561, 22854, 23512, 5267, 17711, 23344, 3971, 25515, 25041, 21165, 24849, 28795, 6743, 20867]","[0.011201213113963604, 3.0479141059913673e-05, 0.059866417199373245, 0.0017342078499495983, 0.016914913430809975, 0.0018748616566881537, 0.0006986756343394518, 0.0004205874283798039, 0.00011591933434829116, 0.020567094907164574, 0.0014437558129429817, 0.00025514140725135803, 0.0020111582707613707, 0.0040543340146541595, 0.00010229986219201237, 0.00043055712012574077, 0.0009217804181389511, 0.0026522595435380936, 0.08882029354572296, 0.07211220264434814]",null,null,False,YETERSİZ VERİ,RET,True,False,14679.160300001968,"{""K1_input_and_readiness"": 0.0652999988233205, ""K7_context"": 0.0011999982234556228, ""K1_normalization"": 0.011999996786471456, ""K6_advisory"": 20.815899999433896, ""K1_intent"": 0.031199997465591878, ""K2_retrieval"": 203.87359999949695, ""K3_reranker"": 2216.4054999993823, ""K8_weighted_ranking"": 0.9439999994356185, ""K3_candidate_filters"": 0.0020000006770715117}",
FACTURK-0340,YALAN,"[6352, 12551, 23686, 8990, 11498, 14909, 20929, 20460, 7324, 23842, 6286, 10518, 20927, 3915, 5962, 27977, 16866, 22428, 28109, 13705]","[0.0015916259726509452, 0.00851130299270153, 0.001085944357328117, 0.3361131250858307, 0.00010472556459717453, 0.02364434115588665, 0.0002780309587251395, 0.008711384609341621, 1.6187581422855146e-05, 0.0005636750720441341, 0.24166831374168396, 0.0005072812782600522, 0.0007208379684016109, 0.0006771942134946585, 0.00854433048516512, 1.593661909282673e-05, 5.605828482657671e-05, 1.6314539607265033e-05, 1.6061610949691385e-05, 0.018264278769493103]",null,null,False,YETERSİZ VERİ,RET,True,False,12758.561200000258,"{""K1_input_and_readiness"": 0.042400002712383866, ""K7_context"": 0.0011000010999850929, ""K1_normalization"": 0.007499998901039362, ""K6_advisory"": 20.878600000287406, ""K1_intent"": 0.024000000848900527, ""K2_retrieval"": 145.03800000238698, ""K3_reranker"": 1572.874799996498, ""K8_weighted_ranking"": 0.9843000007094815, ""K3_candidate_filters"": 0.26810000053956173}",
FACTURK-0341,DOĞRU,"[6564, 15078, 14378, 28760, 5384, 25331, 22050, 6683, 15134, 25597, 16567, 2959, 495, 19125, 16728, 8152, 27711, 23556, 16612, 28901]","[3.8229114579735324e-05, 1.8200149497715756e-05, 0.00043224150431342423, 0.0005636750720441341, 0.005080036818981171, 1.6187581422855146e-05, 0.029145970940589905, 0.06255973130464554, 0.00013135180051904172, 6.014152313582599e-05, 0.0020111582707613707, 0.002140589291229844, 0.03494669869542122, 1.9073577277595177e-05, 2.4682904040673748e-05, 1.6442494597868063e-05, 0.0011695103021338582, 2.318747829122003e-05, 4.683888619183563e-05, 1.6061610949691385e-05]",null,"[1.0, 0.0, 0.0]",True,DOĞRU,ONAY,False,False,11351.057200001378,"{""K1_input_and_readiness"": 0.04579999949783087, ""K7_context"": 0.0011000010999850929, ""K1_normalization"": 0.009100000170292333, ""K6_advisory"": 22.28590000231634, ""K1_intent"": 0.028200000087963417, ""K2_retrieval"": 150.461199998972, ""K3_reranker"": 1099.6493999991799, ""K8_weighted_ranking"": 0.9585999978298787, ""K3_candidate_filters"": 0.0018999999156221747, ""K9_advisory_consensus"": 0.013999997463542968, ""K4_nli_and_bypass_check"": 0.1401999979862012, ""K5_decision"": 0.15210000128718093}",web_84420843_0
FACTURK-0342,YALAN,"[30106, 7904, 6904, 19999, 12395, 2487, 25375, 15027, 6580, 4294, 21196, 684, 14698, 7040, 5498, 3837, 27369, 19364, 11863, 11787]","[1.657145367062185e-05, 2.9541422918555327e-05, 1.7231572201126255e-05, 0.8778960704803467, 0.10800065845251083, 1.683241134742275e-05, 2.93115390377352e-05, 3.9135655242716894e-05, 0.00036829791497439146, 1.593661909282673e-05, 1.6187581422855146e-05, 0.00040765260928310454, 4.757645365316421e-05, 1.6442494597868063e-05, 0.00011147904297104105, 2.161314114346169e-05, 1.6061610949691385e-05, 1.6187581422855146e-05, 1.6314539607265033e-05, 1.6187581422855146e-05]","[0.0014638900756835938, 0.0132904052734375, 0.9853515625]","[0.0014638900756835938, 0.0132904052734375, 0.9853515625]",False,DOĞRU,ONAY,False,False,1958.4396999998717,"{""K1_input_and_readiness"": 0.0486999997519888, ""K7_context"": 0.0010999974620062858, ""K1_normalization"": 0.008600000001024455, ""K6_advisory"": 30.179599998518825, ""K1_intent"": 0.04850000186706893, ""K2_retrieval"": 152.6408999998239, ""K3_reranker"": 1507.3403999995207, ""K8_weighted_ranking"": 0.9537000005366281, ""K3_candidate_filters"": 0.30360000164364465, ""K9_advisory_consensus"": 0.005300000339047983, ""K4_nli_and_bypass_check"": 143.48769999924116, ""K5_decision"": 120.8569999980682}",19999
FACTURK-0343,YALAN,"[13036, 13084, 8778, 12611, 19072, 20025, 7867, 8819, 9130, 24475, 8892, 16824, 6084, 30194, 608, 16935, 3318, 6270, 16169, 22454]","[0.17286890745162964, 8.415108459303156e-05, 0.060640547424554825, 0.2041831612586975, 0.0010122860549017787, 0.005119676236063242, 0.1489114761352539, 3.4537253668531775e-05, 0.0001686527393758297, 0.10105590522289276, 0.006615392863750458, 1.6187581422855146e-05, 0.001674399245530367, 0.0006214630557224154, 0.0035243413876742125, 0.5390439033508301, 0.01805533468723297, 0.003991728648543358, 0.7229183912277222, 0.009633651934564114]","[0.607421875, 0.0318603515625, 0.360595703125]","[0.607421875, 0.0318603515625, 0.360595703125]",False,YALAN,UYARI,False,False,1871.8934999997145,"{""K1_input_and_readiness"": 0.04540000009001233, ""K7_context"": 0.0008999995770864189, ""K1_normalization"": 0.008500002877553925, ""K6_advisory"": 20.69660000051954, ""K1_intent"": 0.023600001441081986, ""K2_retrieval"": 157.3391999991145, ""K3_reranker"": 1250.6180999989738, ""K8_weighted_ranking"": 0.9638999981689267, ""K3_candidate_filters"": 0.5242000006546732, ""K9_advisory_consensus"": 0.0047000030463095754, ""K4_nli_and_bypass_check"": 240.36699999851407, ""K5_decision"": 198.76169999770354}",16169
FACTURK-0344,DOĞRU,"[21953, 24245, 25721, 9565, 18787, 30295, 4425, 7708, 2561, 22341, 14770, 16603, 29355, 29054, 22776, 9045, 18563, 8513, 3861, 17916]","[0.9997507929801941, 0.017917344346642494, 0.030444350093603134, 0.023153411224484444, 0.020527787506580353, 0.027066174894571304, 0.0019570167642086744, 0.0005658799782395363, 0.0009075025445781648, 0.002736221067607403, 0.03079216741025448, 3.1201914680423215e-05, 1.6061610949691385e-05, 0.004538431763648987, 1.6061610949691385e-05, 1.6061610949691385e-05, 1.6187581422855146e-05, 1.6964426322374493e-05, 1.6187581422855146e-05, 0.010288300924003124]","[0.994140625, 0.0035648345947265625, 0.0021457672119140625]","[0.994140625, 0.0035648345947265625, 0.0021457672119140625]",False,DOĞRU,ONAY,False,False,2424.4475000014063,"{""K1_input_and_readiness"": 0.04450000051292591, ""K7_context"": 0.000900003215065226, ""K1_normalization"": 0.00960000033956021, ""K6_advisory"": 20.68679999865708, ""K1_intent"": 0.02680000034160912, ""K2_retrieval"": 188.50559999918914, ""K3_reranker"": 2110.9432999983255, ""K8_weighted_ranking"": 0.9415999993507285, ""K3_candidate_filters"": 0.26640000214683823, ""K9_advisory_consensus"": 0.004800000169780105, ""K4_nli_and_bypass_check"": 60.02889999945182, ""K5_decision"": 40.47770000033779}",21953
FACTURK-0345,DOĞRU,"[16807, 16665, 25295, 4659, 17170, 11250, 18508, 4710, 9421, 27949, 28848, 9150, 2219, 3486, 2623, 888, 14631, 23026, 20911, 25840]","[0.2091464400291443, 0.000638679601252079, 0.01815951056778431, 7.9673009167891e-05, 5.783766391687095e-05, 0.0006693099858239293, 0.0005316132446750998, 0.1678997427225113, 0.004538431763648987, 0.004867417272180319, 0.00016346470511052758, 0.5874698758125305, 5.920916373725049e-05, 0.008412977680563927, 0.0008727670647203922, 0.00021654405281879008, 0.6256668567657471, 0.001512938179075718, 0.0014607495395466685, 0.019681409001350403]","[0.0007495880126953125, 0.99560546875, 0.003818511962890625]","[0.0007495880126953125, 0.99560546875, 0.003818511962890625]",False,YETERSİZ VERİ,RET,True,False,14823.77009999982,"{""K1_input_and_readiness"": 0.046200002543628216, ""K7_context"": 0.000900003215065226, ""K1_normalization"": 0.008600000001024455, ""K6_advisory"": 20.347000001493143, ""K1_intent"": 0.025000001187436283, ""K2_retrieval"": 174.47270000047865, ""K3_reranker"": 1501.71980000232, ""K8_weighted_ranking"": 0.9404999982507434, ""K3_candidate_filters"": 0.5324999983713496, ""K9_advisory_consensus"": 0.005000001692678779, ""K4_nli_and_bypass_check"": 449.6910999987449, ""K5_decision"": 449.47139999931096}",9150
FACTURK-0346,YALAN,"[3246, 11555, 17883, 4225, 3327, 29557, 21071, 10557, 6376, 9796, 19808, 12522, 2036, 2652, 10692, 14805, 13160, 27480, 24529, 2683]","[0.9698426127433777, 0.004451041109859943, 0.0016549242427572608, 0.000682501879055053, 7.602479308843613e-05, 3.734356869244948e-05, 0.0024343819823116064, 0.0001740054285619408, 0.0005953406798653305, 1.6061610949691385e-05, 0.004943688865751028, 1.8631746570463292e-05, 2.0785171727766283e-05, 5.225226777838543e-05, 0.0021074723917990923, 0.003664220217615366, 1.6314539607265033e-05, 0.0001387341326335445, 1.67014204635052e-05, 1.67014204635052e-05]",null,"[1.0, 0.0, 0.0]",True,YALAN,UYARI,False,False,2175.745399999869,"{""K1_input_and_readiness"": 0.049700000090524554, ""K7_context"": 0.0011999982234556228, ""K1_normalization"": 0.0092999980552122, ""K6_advisory"": 21.55280000079074, ""K1_intent"": 0.028300000849412754, ""K2_retrieval"": 187.4348999990616, ""K3_reranker"": 1962.24390000134, ""K8_weighted_ranking"": 0.9092000000237022, ""K3_candidate_filters"": 0.2623000000312459, ""K9_advisory_consensus"": 0.005300000339047983, ""K4_nli_and_bypass_check"": 0.23160000273492187, ""K5_decision"": 0.28810000003431924}",3246
FACTURK-0347,DOĞRU,"[4119, 11919, 3399, 635, 11549, 1480, 23709, 3213, 26851, 11069, 25537, 19933, 24621, 8602, 25178, 25228, 12217, 28344, 30100, 14012]","[1.9373936083866283e-05, 3.095910506090149e-05, 0.001622967072762549, 0.002934951800853014, 0.00041731575038284063, 0.0012448433553799987, 1.6187581422855146e-05, 0.0004728544445242733, 0.002736221067607403, 0.00025315635139122605, 0.000159678646014072, 1.6442494597868063e-05, 0.00012053649697918445, 0.0019192374311387539, 7.543320680269971e-05, 1.967902426258661e-05, 8.284655632451177e-05, 6.60521473037079e-05, 4.1335399146191776e-05, 9.461262379772961e-05]",null,null,False,YETERSİZ VERİ,RET,True,False,14474.227099999553,"{""K1_input_and_readiness"": 0.06009999924572185, ""K7_context"": 0.0010000003385357559, ""K1_normalization"": 0.010700001439545304, ""K6_advisory"": 21.189099999901373, ""K1_intent"": 0.031600000511389226, ""K2_retrieval"": 194.43549999778043, ""K3_reranker"": 2177.340300000651, ""K8_weighted_ranking"": 0.9826999994402286, ""K3_candidate_filters"": 0.0020000006770715117}",
FACTURK-0348,DOĞRU,"[9120, 10072, 17587, 24955, 25000, 24615, 13246, 5316, 296, 22337, 17195, 2273, 17571, 28959, 935, 17984, 7423, 28640, 5087, 14597]","[0.004038591403514147, 6.657015910604969e-05, 0.01901443488895893, 2.0785171727766283e-05, 0.00021485926117748022, 2.4876489987946115e-05, 2.318747829122003e-05, 0.0005152657395228744, 3.071818719035946e-05, 7.843789353501052e-05, 3.535625000949949e-05, 0.0005506247980520129, 0.0012255674228072166, 3.975192521465942e-05, 3.7931622500764206e-05, 0.0360160693526268, 0.01678548939526081, 0.012673736549913883, 0.004485794343054295, 0.0003654328465927392]",null,null,False,YETERSİZ VERİ,RET,True,False,10741.87620000157,"{""K1_input_and_readiness"": 0.05579999924520962, ""K7_context"": 0.0011999982234556228, ""K1_normalization"": 0.010199997632298619, ""K6_advisory"": 25.746799998159986, ""K1_intent"": 0.0427999984822236, ""K2_retrieval"": 189.42440000319039, ""K3_reranker"": 1330.2070000027015, ""K8_weighted_ranking"": 0.9996000007959083, ""K3_candidate_filters"": 0.0018999999156221747}",
FACTURK-0349,DOĞRU,"[4517, 25291, 22493, 9965, 13292, 6585, 7560, 5536, 20604, 29908, 14370, 19743, 18426, 13388, 17491, 25505, 2860, 26044, 4293, 5362]","[0.18403315544128418, 0.01609087362885475, 0.003350423648953438, 0.008813166059553623, 0.04107588902115822, 0.022457052022218704, 0.022586042061448097, 0.0768222063779831, 0.04054073989391327, 0.002463006880134344, 9.17019642656669e-05, 0.0005592909292317927, 0.009055263362824917, 0.031439851969480515, 0.010328153148293495, 5.02506154589355e-05, 0.0017007222631946206, 0.008813166059553623, 0.011029469780623913, 0.0018102108733728528]",null,"[1.0, 0.0, 0.0]",True,DOĞRU,ONAY,False,False,13377.708500000153,"{""K1_input_and_readiness"": 0.054600001021754, ""K7_context"": 0.0013999997463542968, ""K1_normalization"": 0.008899998647393659, ""K6_advisory"": 20.782199997483985, ""K1_intent"": 0.025699999241624027, ""K2_retrieval"": 158.5635999981605, ""K3_reranker"": 1871.4171999999962, ""K8_weighted_ranking"": 0.9241000007023104, ""K3_candidate_filters"": 0.0018999999156221747, ""K9_advisory_consensus"": 0.012800002878066152, ""K4_nli_and_bypass_check"": 0.1742999993439298, ""K5_decision"": 0.21490000290214084}",web_d010bad4_0
FACTURK-0350,DOĞRU,"[15473, 26662, 28404, 5168, 9169, 23372, 1497, 1782, 8213, 24842, 23087, 1970, 26315, 19156, 1769, 11546, 10164, 29518, 3312, 25537]","[0.001299427472986281, 0.003765413537621498, 0.00034196203341707587, 0.0006905414629727602, 0.0006000071880407631, 0.0020507434383034706, 0.0005053045460954309, 0.010368157178163528, 0.002453428227454424, 1.683241134742275e-05, 1.67014204635052e-05, 0.009303949773311615, 0.00821969285607338, 0.0041179172694683075, 0.007876706309616566, 1.9833367332466878e-05, 0.0005792917218059301, 4.575391358230263e-05, 0.0011695103021338582, 0.010169658809900284]",null,"[1.0, 0.0, 0.0]",True,DOĞRU,ONAY,False,False,13329.588699998567,"{""K1_input_and_readiness"": 0.0473000000056345, ""K7_context"": 0.0011999982234556228, ""K1_normalization"": 0.008800001523923129, ""K6_advisory"": 20.721600001706975, ""K1_intent"": 0.02519999907235615, ""K2_retrieval"": 159.35669999817037, ""K3_reranker"": 1307.043499997235, ""K8_weighted_ranking"": 0.9845000022323802, ""K3_candidate_filters"": 0.0020000006770715117, ""K9_advisory_consensus"": 0.01300000076298602, ""K4_nli_and_bypass_check"": 0.15549999807262793, ""K5_decision"": 0.1869000006990973}",web_dacad02a_0
FACTURK-0351,YALAN,"[28305, 22821, 13420, 9068, 2148, 7278, 1127, 10111, 26312, 27889, 6205, 19128, 17132, 12173, 29565, 8717, 26267, 6437, 27848, 15807]","[0.9919067621231079, 0.18213440477848053, 0.0013670255430042744, 0.0027791904285550117, 0.0002396868512732908, 4.469407213036902e-05, 0.000192602863535285, 0.000539980421308428, 2.6480842279852368e-05, 0.0005930210463702679, 0.00036829791497439146, 1.6314539607265033e-05, 0.0017073675990104675, 0.008916126564145088, 1.8342892872169614e-05, 0.000159678646014072, 0.0015792594058439136, 3.975192521465942e-05, 3.144662332488224e-05, 1.67014204635052e-05]","[0.0168304443359375, 0.0117340087890625, 0.97119140625]","[0.0168304443359375, 0.0117340087890625, 0.97119140625]",False,DOĞRU,ONAY,False,False,1645.647800000006,"{""K1_input_and_readiness"": 0.042100000428035855, ""K7_context"": 0.0010000003385357559, ""K1_normalization"": 0.008700000762473792, ""K6_advisory"": 21.87709999998333, ""K1_intent"": 0.03590000051190145, ""K2_retrieval"": 149.09139999872423, ""K3_reranker"": 1290.4510000007576, ""K8_weighted_ranking"": 0.9228999988408759, ""K3_candidate_filters"": 0.27659999977913685, ""K9_advisory_consensus"": 0.004900000931229442, ""K4_nli_and_bypass_check"": 100.21680000136257, ""K5_decision"": 80.13909999863245}",28305
FACTURK-0352,DOĞRU,"[15423, 7912, 25815, 7529, 1083, 16400, 10870, 27441, 3233, 16090, 25875, 27251, 19808, 23656, 21894, 645, 11989, 13098, 18661, 8390]","[0.9999493360519409, 0.05877655744552612, 0.021739594638347626, 0.4433594048023224, 0.12421301752328873, 0.1788124442100525, 0.000638679601252079, 0.9003546833992004, 0.00026530236937105656, 0.23651622235774994, 0.0009399438858963549, 0.0026730059180408716, 0.0009075025445781648, 0.000638679601252079, 0.26798248291015625, 0.010328153148293495, 0.014899643138051033, 0.02753293886780739, 0.03825005888938904, 0.0029464049730449915]","[0.99951171875, 0.0001932382583618164, 0.0003287792205810547]","[0.99951171875, 0.0001932382583618164, 0.0003287792205810547]",False,DOĞRU,ONAY,False,False,1641.0507000000507,"{""K1_input_and_readiness"": 0.040499999158782884, ""K7_context"": 0.0010000003385357559, ""K1_normalization"": 0.006800000846851617, ""K6_advisory"": 20.324100001744227, ""K1_intent"": 0.02220000169472769, ""K2_retrieval"": 168.22919999685837, ""K3_reranker"": 1263.0682999988494, ""K8_weighted_ranking"": 0.9468999996897765, ""K3_candidate_filters"": 0.7862999991630204, ""K9_advisory_consensus"": 0.005699999746866524, ""K4_nli_and_bypass_check"": 103.79269999975804, ""K5_decision"": 81.2283999985084}",15423
FACTURK-0353,YALAN,"[10374, 5232, 29899, 10666, 523, 6099, 17087, 12123, 15499, 18579, 10845, 16781, 25421, 28293, 3756, 16753, 6601, 13890, 5632, 2580]","[0.42054012417793274, 1.7231572201126255e-05, 0.0008328334079124033, 0.17624586820602417, 0.0003150386910419911, 0.002757622394710779, 0.0007014083093963563, 2.93115390377352e-05, 0.0005680934991687536, 0.0022606407292187214, 1.6442494597868063e-05, 0.00016474656877107918, 0.0003406293108128011, 2.411113746347837e-05, 1.7231572201126255e-05, 0.000491681566927582, 1.6187581422855146e-05, 1.6187581422855146e-05, 0.001995538594201207, 0.02898062951862812]","[0.002765655517578125, 0.978515625, 0.0185546875]","[0.002765655517578125, 0.978515625, 0.0185546875]",False,YETERSİZ VERİ,RET,True,False,15541.813900003035,"{""K1_input_and_readiness"": 0.06450000000768341, ""K7_context"": 0.0008999995770864189, ""K1_normalization"": 0.012099997547920793, ""K6_advisory"": 20.7933999990928, ""K1_intent"": 0.0351999988197349, ""K2_retrieval"": 218.48740000132238, ""K3_reranker"": 1997.7136999987124, ""K8_weighted_ranking"": 0.9673000022303313, ""K3_candidate_filters"": 0.2720000011322554, ""K9_advisory_consensus"": 0.004699999408330768, ""K4_nli_and_bypass_check"": 1088.2109999984095, ""K5_decision"": 1156.0118999987026}",10374
FACTURK-0354,DOĞRU,"[18270, 4442, 27681, 11295, 5800, 24154, 22932, 7930, 28105, 1822, 19683, 4134, 15755, 2117, 10366, 20490, 25289, 20046, 13068, 20227]","[0.9958499670028687, 0.00026738259475678205, 0.002757622394710779, 1.6061610949691385e-05, 0.00019871552649419755, 1.6187581422855146e-05, 2.977311669383198e-05, 3.144662332488224e-05, 0.0009217804181389511, 1.9988918211311102e-05, 0.00043563017970882356, 0.001314724562689662, 3.0479141059913673e-05, 1.6187581422855146e-05, 1.6061610949691385e-05, 1.657145367062185e-05, 0.004773722495883703, 0.00046010586083866656, 1.6061610949691385e-05, 0.0008626077906228602]","[0.9990234375, 0.0005788803100585938, 0.0004379749298095703]","[0.9990234375, 0.0005788803100585938, 0.0004379749298095703]",False,DOĞRU,ONAY,False,False,2405.2857999995467,"{""K1_input_and_readiness"": 0.05270000110613182, ""K7_context"": 0.0011999982234556228, ""K1_normalization"": 0.009799998224480078, ""K6_advisory"": 21.434999998746207, ""K1_intent"": 0.029200000426499173, ""K2_retrieval"": 165.93970000030822, ""K3_reranker"": 2031.5621000008832, ""K8_weighted_ranking"": 1.0142999999516178, ""K3_candidate_filters"": 0.26670000079320744, ""K9_advisory_consensus"": 0.005099998816149309, ""K4_nli_and_bypass_check"": 101.00629999942612, ""K5_decision"": 81.46870000200579}",18270
FACTURK-0355,DOĞRU,"[20610, 326, 16137, 2020, 22756, 29027, 19078, 12693, 28909, 18679, 16125, 11990, 11489, 18729, 21050, 19466, 3845, 20534, 16340, 18958]","[0.03521113470196724, 0.0007824140484444797, 2.6070309104397893e-05, 0.0014779430348426104, 0.013171950355172157, 2.2125668692751788e-05, 0.3621792793273926, 0.003172682598233223, 7.484622619813308e-05, 2.8409744118107483e-05, 1.6442494597868063e-05, 0.0001387341326335445, 2.449082603561692e-05, 0.011029469780623913, 0.005119676236063242, 0.0034834241960197687, 8.349628478754312e-05, 5.3075080359121785e-05, 3.4808123018592596e-05, 0.0017342078499495983]","[0.0009436607360839844, 0.9990234375, 0.00012087821960449219]","[0.0009436607360839844, 0.9990234375, 0.00012087821960449219]",False,YETERSİZ VERİ,RET,True,False,12841.661299997213,"{""K1_input_and_readiness"": 0.057199998991563916, ""K7_context"": 0.0010999974620062858, ""K1_normalization"": 0.009999999747378752, ""K6_advisory"": 20.373400002426933, ""K1_intent"": 0.02849999873433262, ""K2_retrieval"": 186.9258999977319, ""K3_reranker"": 1261.1724000016693, ""K8_weighted_ranking"": 0.9596999989298638, ""K3_candidate_filters"": 0.2983999984280672, ""K9_advisory_consensus"": 0.013100001524435356, ""K4_nli_and_bypass_check"": 18.074299998261267, ""K5_decision"": 0.1277999981539324}",web_c2f43d4a_0
FACTURK-0356,YALAN,"[20136, 9120, 12068, 25761, 29403, 9366, 19789, 15787, 6166, 14597, 25180, 10589, 1959, 5122, 22811, 6047, 1302, 5255, 15845, 1280]","[0.05749328061938286, 0.005159622989594936, 0.015306354500353336, 0.013020490296185017, 0.0033766122069209814, 0.001094452221877873, 0.000192602863535285, 0.0006512682302854955, 1.892514956125524e-05, 0.0014550630003213882, 0.002199798123911023, 0.017576882615685463, 0.0029121784027665854, 0.01858215034008026, 0.0004459562187548727, 0.003621685551479459, 1.7917987861437723e-05, 0.0009110511746257544, 0.0008796061738394201, 2.6070309104397893e-05]","[0.9873046875, 0.01177978515625, 0.0010461807250976562]","[0.9873046875, 0.01177978515625, 0.0010461807250976562]",False,DOĞRU,ONAY,False,False,7536.610399998608,"{""K1_input_and_readiness"": 0.03930000093532726, ""K7_context"": 0.0008999995770864189, ""K1_normalization"": 0.006800000846851617, ""K6_advisory"": 20.358200003101956, ""K1_intent"": 0.025700002879602835, ""K2_retrieval"": 170.09399999733432, ""K3_reranker"": 1503.4372999980405, ""K8_weighted_ranking"": 0.9158000029856339, ""K3_candidate_filters"": 0.0020000006770715117, ""K9_advisory_consensus"": 0.013799999578623101, ""K4_nli_and_bypass_check"": 302.33059999955003, ""K5_decision"": 280.74779999951716}",web_247440b6_0
FACTURK-0357,YALAN,"[9150, 15787, 24963, 18807, 27894, 19827, 25225, 19258, 8137, 3189, 29050, 23030, 24184, 22218, 27696, 11785, 25169, 10117, 11479, 16063]","[0.07185126841068268, 0.004182493779808283, 0.003403005190193653, 1.750292540236842e-05, 0.0019043302163481712, 0.0011559007689356804, 0.0024154833517968655, 0.0020111582707613707, 0.0003625900426413864, 0.0063635739497840405, 0.0026010938454419374, 3.0479141059913673e-05, 3.852893496514298e-05, 0.004264635033905506, 0.0024438868276774883, 1.7640199075685814e-05, 0.00013658353418577462, 1.6964426322374493e-05, 0.00049553596181795, 0.010368157178163528]","[0.98388671875, 0.014312744140625, 0.0015840530395507812]","[0.98388671875, 0.014312744140625, 0.0015840530395507812]",False,DOĞRU,ONAY,False,False,7993.548500002362,"{""K1_input_and_readiness"": 0.03849999848171137, ""K7_context"": 0.0010000003385357559, ""K1_normalization"": 0.00670000008540228, ""K6_advisory"": 20.537199998216238, ""K1_intent"": 0.021800002286909148, ""K2_retrieval"": 153.8168000006408, ""K3_reranker"": 1079.8918999971647, ""K8_weighted_ranking"": 0.9384000004502013, ""K3_candidate_filters"": 0.0020000006770715117, ""K9_advisory_consensus"": 0.01300000076298602, ""K4_nli_and_bypass_check"": 101.03349999917555, ""K5_decision"": 80.1424000019324}",web_642f8fb6_0
FACTURK-0358,YALAN,"[28417, 1499, 1976, 4119, 8602, 14012, 29051, 12666, 10105, 25178, 29479, 4529, 19808, 26244, 16028, 2498, 10005, 20681, 21518, 29038]","[0.00021995337738189846, 0.0007350447704084218, 0.00570803415030241, 0.0005336928297765553, 0.000810387369710952, 0.0015669887652620673, 5.02506154589355e-05, 0.0001956353517016396, 0.0010282108560204506, 3.4537253668531775e-05, 0.0006851712241768837, 0.00010804955672938377, 2.6897845600615256e-05, 8.029783930396661e-05, 0.0009927261853590608, 8.029783930396661e-05, 0.0007208379684016109, 0.0001713081874186173, 1.9525883544702083e-05, 0.0001511819864390418]",null,null,False,YETERSİZ VERİ,RET,True,False,12891.328199999407,"{""K1_input_and_readiness"": 0.06770000254618935, ""K7_context"": 0.0011000010999850929, ""K1_normalization"": 0.013799999578623101, ""K6_advisory"": 20.890499999950407, ""K1_intent"": 0.03229999856557697, ""K2_retrieval"": 220.0641999988875, ""K3_reranker"": 2073.151999997208, ""K8_weighted_ranking"": 0.9137000015471131, ""K3_candidate_filters"": 0.0017999991541728377}",
FACTURK-0359,DOĞRU,"[7741, 25332, 4252, 17835, 16094, 29275, 11431, 15373, 4980, 15314, 179, 3368, 60, 28864, 192, 10459, 25561, 24573, 19538, 21452]","[0.0002959570847451687, 2.1444948288262822e-05, 1.6314539607265033e-05, 3.8831109122838825e-05, 5.694102947018109e-05, 0.0008492455235682428, 1.6187581422855146e-05, 1.67014204635052e-05, 0.0003301527176517993, 2.4876489987946115e-05, 0.0023322340566664934, 1.593661909282673e-05, 1.8200149497715756e-05, 1.6061610949691385e-05, 0.0027791904285550117, 0.0006214630557224154, 1.6061610949691385e-05, 2.030369250860531e-05, 2.229919846286066e-05, 1.6061610949691385e-05]",null,"[1.0, 0.0, 0.0]",True,DOĞRU,ONAY,False,False,13471.195599999191,"{""K1_input_and_readiness"": 0.04959999932907522, ""K7_context"": 0.0012000018614344299, ""K1_normalization"": 0.008800001523923129, ""K6_advisory"": 20.69879999908153, ""K1_intent"": 0.023299999156733975, ""K2_retrieval"": 150.0923999992665, ""K3_reranker"": 1322.8694000026735, ""K8_weighted_ranking"": 1.0017999993578997, ""K3_candidate_filters"": 0.0017999991541728377, ""K9_advisory_consensus"": 0.01340000017080456, ""K4_nli_and_bypass_check"": 0.14880000162520446, ""K5_decision"": 0.18179999824496917}",web_d4799c27_0
FACTURK-0360,DOĞRU,"[5510, 29091, 29612, 25662, 18052, 10796, 26227, 27420, 6443, 14546, 27521, 25537, 15859, 6035, 13843, 8523, 18391, 4586, 12312, 17425]","[0.35644665360450745, 0.9100669622421265, 0.1880255937576294, 0.07864238321781158, 0.7060891389846802, 0.04001227021217346, 0.05023736134171486, 2.2125668692751788e-05, 0.014728614129126072, 0.0013250223128125072, 0.28806814551353455, 0.00034196203341707587, 0.02527489699423313, 0.01711088977754116, 0.010052368976175785, 0.12984344363212585, 0.2839798927307129, 2.732141365413554e-05, 0.000192602863535285, 0.3258422613143921]","[0.99267578125, 0.005092620849609375, 0.0021762847900390625]","[0.99267578125, 0.005092620849609375, 0.0021762847900390625]",False,YALAN,RED,False,False,2518.671000001632,"{""K1_input_and_readiness"": 0.041299997974419966, ""K7_context"": 0.0013999997463542968, ""K1_normalization"": 0.00670000008540228, ""K6_advisory"": 26.061699998535914, ""K1_intent"": 0.029299997549969703, ""K2_retrieval"": 155.18199999860371, ""K3_reranker"": 2231.2966999998025, ""K8_weighted_ranking"": 1.1529000003065448, ""K3_candidate_filters"": 1.0629999997036066, ""K9_advisory_consensus"": 0.00540000110049732, ""K4_nli_and_bypass_check"": 58.259800000087125, ""K5_decision"": 42.80110000036075}",29091
FACTURK-0361,DOĞRU,"[10589, 5122, 4270, 2705, 321, 5659, 3328, 21058, 16421, 926, 5023, 17231, 20202, 10902, 29738, 14806, 12664, 22248, 11195, 22552]","[0.25349122285842896, 0.02630527876317501, 0.13039611279964447, 3.7636447814293206e-05, 0.16899405419826508, 0.017045317217707634, 0.0026419467758387327, 0.0060739340260624886, 0.18097352981567383, 0.003914823289960623, 0.020645929500460625, 0.004348381422460079, 1.6061610949691385e-05, 0.0001344663032796234, 0.020527787506580353, 0.00482972152531147, 0.0028783478774130344, 0.0007702931761741638, 0.003350423648953438, 0.00341627886518836]",null,"[1.0, 0.0, 0.0]",True,DOĞRU,ONAY,False,False,14319.123299999774,"{""K1_input_and_readiness"": 0.04159999662078917, ""K7_context"": 0.0013999997463542968, ""K1_normalization"": 0.008600000001024455, ""K6_advisory"": 22.040400002879323, ""K1_intent"": 0.029900002118665725, ""K2_retrieval"": 150.45239999744808, ""K3_reranker"": 1854.066600000806, ""K8_weighted_ranking"": 1.1430000013206154, ""K3_candidate_filters"": 0.004599998646881431, ""K9_advisory_consensus"": 0.013800003216601908, ""K4_nli_and_bypass_check"": 0.14899999951012433, ""K5_decision"": 0.17580000348971225}",web_72348043_0
FACTURK-0362,DOĞRU,"[1701, 8347, 3189, 19258, 9150, 15787, 487, 3579, 19237, 15848, 25169, 12007, 14525, 27961, 7518, 27219, 15373, 10832, 21556, 13541]","[0.5632578134536743, 0.2718311846256256, 0.8967949151992798, 0.008813166059553623, 0.013689476065337658, 0.0020667945500463247, 0.39041775465011597, 0.013121271505951881, 0.003765413537621498, 0.0011247574584558606, 0.00027372167096473277, 0.001740983803756535, 0.0026522595435380936, 2.4682904040673748e-05, 1.657145367062185e-05, 6.156764720799401e-05, 0.0035518845543265343, 0.007317397277802229, 2.2125668692751788e-05, 0.00821969285607338]","[0.373779296875, 0.615234375, 0.011077880859375]","[0.373779296875, 0.615234375, 0.011077880859375]",False,YALAN,RED,False,False,11867.925500002457,"{""K1_input_and_readiness"": 0.04180000178166665, ""K7_context"": 0.0013999997463542968, ""K1_normalization"": 0.00670000008540228, ""K6_advisory"": 20.835500003158813, ""K1_intent"": 0.026199999410891905, ""K2_retrieval"": 159.30920000027982, ""K3_reranker"": 1304.0725000028033, ""K8_weighted_ranking"": 0.9281000020564534, ""K3_candidate_filters"": 0.7886000021244399, ""K9_advisory_consensus"": 0.00549999822396785, ""K4_nli_and_bypass_check"": 255.48650000200723, ""K5_decision"": 215.57810000012978}",web_2dfc5115_0
FACTURK-0363,YALAN,"[11274, 15495, 15207, 12539, 27017, 18561, 15787, 9150, 8564, 6452, 28266, 29249, 20210, 29474, 12152, 21855, 17362, 10092, 9003, 18468]","[0.06644792854785919, 0.0010202174307778478, 0.002323162741959095, 0.0016613906482234597, 0.009485713206231594, 0.007317397277802229, 2.8632557587116025e-05, 0.0002959570847451687, 0.004867417272180319, 1.6442494597868063e-05, 2.8409744118107483e-05, 1.922317096614279e-05, 4.9086618673754856e-05, 0.003765413537621498, 5.3075080359121785e-05, 0.002387409098446369, 1.6187581422855146e-05, 4.1659583075670525e-05, 0.00013135180051904172, 0.0006851712241768837]",null,null,False,YETERSİZ VERİ,RET,True,False,12723.922799999855,"{""K1_input_and_readiness"": 0.042599996959324926, ""K7_context"": 0.0012000018614344299, ""K1_normalization"": 0.008300001354655251, ""K6_advisory"": 21.11510000031558, ""K1_intent"": 0.025099998310906813, ""K2_retrieval"": 150.68729999984498, ""K3_reranker"": 1290.47619999983, ""K8_weighted_ranking"": 0.9184000009554438, ""K3_candidate_filters"": 0.0017999991541728377}",
FACTURK-0364,YALAN,"[30362, 28646, 9650, 3772, 26266, 13310, 30005, 11120, 1362, 7836, 12239, 6926, 25775, 22751, 259, 21542, 1413, 16237, 14044, 701]","[0.003930085338652134, 1.6187581422855146e-05, 0.0010608151787891984, 7.543320680269971e-05, 4.400118632474914e-05, 1.9833367332466878e-05, 1.6187581422855146e-05, 0.0005172813544049859, 0.28726768493652344, 0.1511530578136444, 1.6061610949691385e-05, 1.67014204635052e-05, 0.0017961491830646992, 1.683241134742275e-05, 0.0005976693937554955, 0.0014048678567633033, 1.657145367062185e-05, 1.7097478121286258e-05, 0.011072160676121712, 1.6061610949691385e-05]",null,null,False,YETERSİZ VERİ,RET,True,False,32591.71190000052,"{""K1_input_and_readiness"": 0.06480000229203142, ""K7_context"": 0.0012000018614344299, ""K1_normalization"": 0.010600000678095967, ""K6_advisory"": 20.850500000960892, ""K1_intent"": 0.030699997296324, ""K2_retrieval"": 191.25509999867063, ""K3_reranker"": 3874.7696000027645, ""K8_weighted_ranking"": 0.9376999987580348, ""K3_candidate_filters"": 0.0021000014385208488}",
FACTURK-0365,YALAN,"[3119, 27625, 18468, 7451, 18267, 4331, 9006, 21667, 9366, 26623, 5104, 11509, 9084, 23993, 29757, 17060, 18694, 13143, 18561, 5236]","[0.00360761652700603, 0.00049553596181795, 0.02364434115588665, 0.0011649561347439885, 0.005405900068581104, 0.0003006163169629872, 0.010209054686129093, 0.0005193048855289817, 0.012771867215633392, 3.1941821362124756e-05, 6.761842087144032e-05, 7.905303937150165e-05, 0.0031115086749196053, 1.6314539607265033e-05, 0.005730246659368277, 0.0012943679466843605, 0.047074172645807266, 0.0007495314348489046, 0.049865905195474625, 2.392351052549202e-05]","[0.98095703125, 0.017578125, 0.0016222000122070312]","[0.98095703125, 0.017578125, 0.0016222000122070312]",False,DOĞRU,ONAY,False,False,9889.455500000622,"{""K1_input_and_readiness"": 0.05030000102124177, ""K7_context"": 0.0011000010999850929, ""K1_normalization"": 0.008200000593205914, ""K6_advisory"": 21.224500000244007, ""K1_intent"": 0.0318000020342879, ""K2_retrieval"": 147.10800000102608, ""K3_reranker"": 1323.9830000020447, ""K8_weighted_ranking"": 0.9347000013804063, ""K3_candidate_filters"": 0.0017999991541728377, ""K9_advisory_consensus"": 0.01300000076298602, ""K4_nli_and_bypass_check"": 58.022699999128236, ""K5_decision"": 40.380999998888}",web_9fbde6f7_0
FACTURK-0366,DOĞRU,"[23135, 5304, 13080, 11817, 20845, 21399, 490, 8426, 4374, 6256, 27140, 18496, 22954, 7295, 3411, 3917, 20916, 9980, 1094, 8466]","[0.0014437558129429817, 1.6187581422855146e-05, 0.00014653129619546235, 0.00016603845870122313, 1.7097478121286258e-05, 0.0007236572564579546, 1.6964426322374493e-05, 3.8229114579735324e-05, 1.6187581422855146e-05, 0.0004994205664843321, 0.00028685410507023335, 1.6314539607265033e-05, 0.0009326360304839909, 1.6442494597868063e-05, 1.67014204635052e-05, 1.6442494597868063e-05, 1.6187581422855146e-05, 1.6061610949691385e-05, 1.6187581422855146e-05, 0.00046917638974264264]",null,null,False,YETERSİZ VERİ,RET,True,False,13834.380899999815,"{""K1_input_and_readiness"": 0.0413999987358693, ""K7_context"": 0.0011000010999850929, ""K1_normalization"": 0.007800001185387373, ""K6_advisory"": 20.409700002346653, ""K1_intent"": 0.02260000110254623, ""K2_retrieval"": 152.3360999999568, ""K3_reranker"": 1729.3457999985549, ""K8_weighted_ranking"": 1.0412999981781468, ""K3_candidate_filters"": 0.0022999993234407157}",
FACTURK-0367,DOĞRU,"[15121, 29337, 12005, 18022, 28357, 14392, 6952, 10700, 19694, 28800, 10626, 18711, 12560, 14179, 15196, 1211, 25811, 1248, 25662, 9463]","[0.007460643537342548, 0.02806073985993862, 0.008577484637498856, 0.001838665222749114, 0.09619516879320145, 0.0002415662893326953, 0.0003077430883422494, 0.013376603834331036, 0.03875619173049927, 0.002693914109840989, 0.0001686527393758297, 0.08181270956993103, 0.0022343622986227274, 4.0694576455280185e-05, 0.001052568550221622, 0.002889581024646759, 0.0008492455235682428, 8.957788668340072e-05, 0.00015356240328401327, 0.003960787784308195]","[0.0009431838989257812, 0.99853515625, 0.0003781318664550781]","[0.0009431838989257812, 0.99853515625, 0.0003781318664550781]",False,YALAN,RED,False,False,14865.113800002291,"{""K1_input_and_readiness"": 0.05379999856813811, ""K7_context"": 0.0013999997463542968, ""K1_normalization"": 0.010100000508828089, ""K6_advisory"": 22.67750000100932, ""K1_intent"": 0.038300000596791506, ""K2_retrieval"": 180.30919999728212, ""K3_reranker"": 2269.8144000023603, ""K8_weighted_ranking"": 1.0710999995353632, ""K3_candidate_filters"": 0.0020000006770715117, ""K9_advisory_consensus"": 0.014700002793688327, ""K4_nli_and_bypass_check"": 18.92260000022361, ""K5_decision"": 0.2733000001171604}",web_ed8e8d34_0
FACTURK-0368,DOĞRU,"[24662, 17637, 4172, 8424, 18108, 27200, 18564, 11459, 2998, 21983, 29678, 4076, 12813, 14448, 1734, 1351, 1872, 20267, 5583, 24033]","[0.9972637891769409, 0.009196552447974682, 0.05634009838104248, 0.006692850962281227, 0.01737566478550434, 0.000337979436153546, 0.00021654405281879008, 0.0443485826253891, 0.007725534029304981, 0.003285833168774843, 1.7778551409719512e-05, 0.018653521314263344, 0.00010229986219201237, 0.0013670255430042744, 1.657145367062185e-05, 0.002251847181469202, 0.0005112579092383385, 7.254361844388768e-05, 1.6442494597868063e-05, 0.014899643138051033]","[0.9990234375, 0.00031065940856933594, 0.0007014274597167969]","[0.9990234375, 0.00031065940856933594, 0.0007014274597167969]",False,DOĞRU,ONAY,False,False,3049.5102999993833,"{""K1_input_and_readiness"": 0.0473000000056345, ""K7_context"": 0.0010000003385357559, ""K1_normalization"": 0.009100000170292333, ""K6_advisory"": 23.19809999971767, ""K1_intent"": 0.036299999919719994, ""K2_retrieval"": 261.4138999997522, ""K3_reranker"": 2551.9027000009373, ""K8_weighted_ranking"": 1.196400000480935, ""K3_candidate_filters"": 0.3219999998691492, ""K9_advisory_consensus"": 0.005699999746866524, ""K4_nli_and_bypass_check"": 113.63739999796962, ""K5_decision"": 93.9639000025636}",24662
FACTURK-0369,YALAN,"[9259, 9150, 23757, 4257, 5659, 21066, 27696, 16063, 28745, 29881, 27629, 23686, 10243, 15684, 26748, 14277, 10832, 23576, 30163, 22268]","[0.2590751051902771, 0.03468417376279831, 0.0029235428664833307, 0.8166989684104919, 0.03594832494854927, 0.0060739340260624886, 0.023689469322562218, 0.09025323390960693, 0.09268777817487717, 0.3928608000278473, 0.0003583672805689275, 0.001069126301445067, 0.11676400154829025, 0.013955709524452686, 0.13006426393985748, 0.0140095679089427, 0.0012743262341246009, 0.0938439592719078, 0.0009436192340217531, 0.3353508412837982]","[0.99755859375, 0.001308441162109375, 0.0011653900146484375]","[0.99755859375, 0.001308441162109375, 0.0011653900146484375]",False,DOĞRU,ONAY,False,False,13429.733799999667,"{""K1_input_and_readiness"": 0.05190000229049474, ""K7_context"": 0.010399999155197293, ""K1_normalization"": 0.008700000762473792, ""K6_advisory"": 24.979400001029717, ""K1_intent"": 0.03769999966607429, ""K2_retrieval"": 230.57479999988573, ""K3_reranker"": 1757.3998000007123, ""K8_weighted_ranking"": 0.9959999988495838, ""K3_candidate_filters"": 0.8340999993379228, ""K9_advisory_consensus"": 0.005699999746866524, ""K4_nli_and_bypass_check"": 201.3682999968296, ""K5_decision"": 143.22420000098646}",web_9b3c48b0_0
FACTURK-0370,DOĞRU,"[14216, 10733, 4884, 5890, 16157, 8208, 10849, 26855, 24056, 25743, 14815, 8549, 26112, 18901, 17876, 9916, 26228, 2539, 24955, 25646]","[0.08464395254850388, 5.5622065701754764e-05, 0.0004494523163884878, 0.0002434604539303109, 0.0004747042548842728, 5.518923353520222e-05, 4.434627408045344e-05, 2.526822754589375e-05, 0.0001673405058681965, 1.967902426258661e-05, 1.6314539607265033e-05, 1.6314539607265033e-05, 0.018124720081686974, 0.0010733063099905849, 1.6187581422855146e-05, 0.02595735713839531, 2.0623421733034775e-05, 0.002225670963525772, 1.6187581422855146e-05, 5.34913269802928e-05]","[0.000583648681640625, 0.99951171875, 0.00012874603271484375]","[0.000583648681640625, 0.99951171875, 0.00012874603271484375]",False,YETERSİZ VERİ,RET,True,False,13442.891099999542,"{""K1_input_and_readiness"": 0.12259999857633375, ""K7_context"": 0.0022999993234407157, ""K1_normalization"": 0.01889999839477241, ""K6_advisory"": 37.769300000945805, ""K1_intent"": 0.04459999763639644, ""K2_retrieval"": 397.5761000001512, ""K3_reranker"": 1956.721500002459, ""K8_weighted_ranking"": 1.0392000003776047, ""K3_candidate_filters"": 0.0020000006770715117, ""K9_advisory_consensus"": 0.013699998817173764, ""K4_nli_and_bypass_check"": 107.04500000065309, ""K5_decision"": 85.55690000139293}",web_af88b5b0_0
FACTURK-0371,DOĞRU,"[25009, 8436, 25577, 4452, 12092, 14163, 29800, 9515, 17702, 21947, 16466, 2562, 27847, 1365, 17593, 18481, 6085, 5132, 23726, 17696]","[0.9931495785713196, 0.01829933375120163, 0.0011740821646526456, 2.93115390377352e-05, 0.0002234163403045386, 0.0001823546044761315, 0.0008040859247557819, 0.0007613258203491569, 0.000317508791340515, 0.0034429810475558043, 2.7751651941798627e-05, 0.000191104321856983, 0.0004765612829942256, 0.00019716942915692925, 1.6061610949691385e-05, 1.6442494597868063e-05, 1.6314539607265033e-05, 0.004231587518006563, 6.657015910604969e-05, 1.6314539607265033e-05]","[0.006134033203125, 0.99365234375, 0.000324249267578125]","[0.006134033203125, 0.99365234375, 0.000324249267578125]",False,YALAN,RED,False,False,2387.027799999487,"{""K1_input_and_readiness"": 0.07170000026235357, ""K7_context"": 0.0016999983927235007, ""K1_normalization"": 0.01620000330149196, ""K6_advisory"": 24.10059999965597, ""K1_intent"": 0.043399999412940815, ""K2_retrieval"": 239.38540000017383, ""K3_reranker"": 1785.8790999998746, ""K8_weighted_ranking"": 1.1455999992904253, ""K3_candidate_filters"": 0.29120000181137584, ""K9_advisory_consensus"": 0.004999998054699972, ""K4_nli_and_bypass_check"": 179.2037999985041, ""K5_decision"": 154.15349999966566}",25009
FACTURK-0372,DOĞRU,"[9150, 19405, 28791, 25098, 25225, 15787, 4452, 25178, 9507, 11169, 28493, 25169, 11778, 27894, 1374, 2858, 8347, 16056, 10950, 8685]","[0.008916126564145088, 1.7917987861437723e-05, 6.868317723274231e-05, 0.007636216934770346, 0.00172745855525136, 0.000503335555549711, 8.029783930396661e-05, 0.0022872276604175568, 0.0025509123224765062, 0.00018814207578543574, 4.832564081880264e-05, 0.000661517377011478, 0.012241275049746037, 0.0002131875662598759, 8.682210318511352e-05, 5.649793456541374e-05, 0.01784873753786087, 0.0030278346966952085, 4.2647468944778666e-05, 0.0009697519708424807]","[0.9794921875, 0.0163116455078125, 0.003978729248046875]","[0.9794921875, 0.0163116455078125, 0.003978729248046875]",False,DOĞRU,ONAY,False,False,13466.856099999859,"{""K1_input_and_readiness"": 0.09240000144927762, ""K7_context"": 0.0010999974620062858, ""K1_normalization"": 0.0092999980552122, ""K6_advisory"": 21.24349999940023, ""K1_intent"": 0.04540000009001233, ""K2_retrieval"": 189.63130000338424, ""K3_reranker"": 1551.72500000117, ""K8_weighted_ranking"": 1.4913999984855764, ""K3_candidate_filters"": 0.0020000006770715117, ""K9_advisory_consensus"": 0.01460000203223899, ""K4_nli_and_bypass_check"": 65.87170000057085, ""K5_decision"": 46.692299998539966}",web_2a930923_0
FACTURK-0373,YALAN,"[5280, 8897, 10401, 30034, 6599, 15107, 10376, 10658, 13973, 12587, 29700, 6047, 19156, 5996, 15970, 12296, 11628, 15229, 20402, 18732]","[0.020924191921949387, 0.0333368256688118, 1.9525883544702083e-05, 0.0001713081874186173, 3.426849070820026e-05, 5.433364276541397e-05, 0.0002251682453788817, 0.00524044968187809, 0.0007124459953047335, 0.008030813187360764, 4.298194107832387e-05, 0.00022167809947859496, 0.00011774459562730044, 1.8631746570463292e-05, 1.657145367062185e-05, 0.003991728648543358, 2.318747829122003e-05, 2.392351052549202e-05, 2.0785171727766283e-05, 0.041852131485939026]",null,null,False,YETERSİZ VERİ,RET,True,False,13593.110899997555,"{""K1_input_and_readiness"": 0.06450000000768341, ""K7_context"": 0.0012000018614344299, ""K1_normalization"": 0.012700002116616815, ""K6_advisory"": 21.759799998108065, ""K1_intent"": 0.03189999915775843, ""K2_retrieval"": 203.70859999820823, ""K3_reranker"": 2437.0889000019815, ""K8_weighted_ranking"": 0.9337000010418706, ""K3_candidate_filters"": 0.0018999999156221747}",
FACTURK-0374,DOĞRU,"[15293, 10733, 29838, 8740, 27097, 6193, 30136, 26872, 27522, 8377, 26825, 25537, 18975, 24479, 8236, 14830, 22811, 9959, 3579, 2720]","[7.662102143513039e-05, 0.0002415662893326953, 0.0022170129232108593, 1.805851934477687e-05, 0.0001511819864390418, 2.094818773912266e-05, 0.00012533752305898815, 1.6314539607265033e-05, 1.750292540236842e-05, 3.975192521465942e-05, 1.750292540236842e-05, 0.00021152888075448573, 1.6187581422855146e-05, 2.6070309104397893e-05, 1.6187581422855146e-05, 1.657145367062185e-05, 1.6314539607265033e-05, 1.6314539607265033e-05, 4.870464181294665e-05, 1.6061610949691385e-05]",null,"[1.0, 0.0, 0.0]",True,DOĞRU,ONAY,False,False,6518.320099999983,"{""K1_input_and_readiness"": 0.05709999823011458, ""K7_context"": 0.0012999989849049598, ""K1_normalization"": 0.00799999907030724, ""K6_advisory"": 21.341400002711453, ""K1_intent"": 0.027599999157246202, ""K2_retrieval"": 161.47339999952237, ""K3_reranker"": 1381.839099998615, ""K8_weighted_ranking"": 0.989699998172, ""K3_candidate_filters"": 0.0018999999156221747, ""K9_advisory_consensus"": 0.013599998055724427, ""K4_nli_and_bypass_check"": 0.16620000315015204, ""K5_decision"": 0.21019999985583127}",web_1d25e72d_0
FACTURK-0375,YALAN,"[13949, 12272, 15731, 18894, 20433, 1347, 25443, 10884, 24334, 1796, 27584, 4425, 15533, 5083, 14070, 19194, 5358, 8721, 5199, 24794]","[0.021948253735899925, 3.7931622500764206e-05, 0.01590639166533947, 0.004331501666456461, 0.017442485317587852, 0.009936418384313583, 0.007907291874289513, 0.0010242064017802477, 0.006413164082914591, 0.002182716503739357, 0.00029365462251007557, 0.015365341678261757, 0.023153411224484444, 0.00044770087697543204, 0.0005378763889893889, 0.003579642390832305, 0.029035642743110657, 0.0007672924548387527, 0.00025714197545312345, 0.002992665395140648]","[0.9345703125, 0.048980712890625, 0.016571044921875]","[0.9345703125, 0.048980712890625, 0.016571044921875]",False,DOĞRU,ONAY,False,False,12550.085099999706,"{""K1_input_and_readiness"": 0.044699998397845775, ""K7_context"": 0.0012000018614344299, ""K1_normalization"": 0.00839999847812578, ""K6_advisory"": 62.561100003222236, ""K1_intent"": 0.03840000135824084, ""K2_retrieval"": 154.25019999747747, ""K3_reranker"": 1078.1870999999228, ""K8_weighted_ranking"": 0.9917999996105209, ""K3_candidate_filters"": 0.0020999978005420417, ""K9_advisory_consensus"": 0.01340000017080456, ""K4_nli_and_bypass_check"": 146.4533999969717, ""K5_decision"": 120.45790000047418}",web_b45fbb89_0
FACTURK-0376,DOĞRU,"[24714, 23029, 15129, 20933, 25162, 25178, 2719, 5799, 25525, 6369, 17382, 29729, 23475, 7496, 15647, 3624, 3664, 24319, 13077, 29051]","[0.0013993984321132302, 1.6442494597868063e-05, 0.0003150386910419911, 0.00012339458044152707, 0.00018093574908562005, 1.657145367062185e-05, 0.00014653129619546235, 0.00010720880527514964, 1.6964426322374493e-05, 8.957788668340072e-05, 2.265035072923638e-05, 0.0001686527393758297, 2.5071596610359848e-05, 0.0014779430348426104, 2.3737338779028505e-05, 2.6688529032981023e-05, 0.002058753278106451, 1.6442494597868063e-05, 1.6442494597868063e-05, 1.6061610949691385e-05]","[0.99951171875, 0.0002186298370361328, 0.0004425048828125]","[0.99951171875, 0.0002186298370361328, 0.0004425048828125]",False,DOĞRU,ONAY,False,False,6626.462600001105,"{""K1_input_and_readiness"": 0.040499999158782884, ""K7_context"": 0.0012999989849049598, ""K1_normalization"": 0.008299997716676444, ""K6_advisory"": 20.21729999978561, ""K1_intent"": 0.022099997295299545, ""K2_retrieval"": 166.44020000239834, ""K3_reranker"": 1105.4308000020683, ""K8_weighted_ranking"": 0.9571000009600539, ""K3_candidate_filters"": 0.0021999985619913787, ""K9_advisory_consensus"": 0.014500001270789653, ""K4_nli_and_bypass_check"": 58.150600001681596, ""K5_decision"": 41.047499998967396}",web_f18507cf_0
FACTURK-0377,DOĞRU,"[21821, 26676, 29686, 5087, 7423, 23936, 29080, 22146, 23361, 18468, 12587, 3927, 11628, 10343, 13261, 11058, 1177, 20402, 6047, 14523]","[4.400118632474914e-05, 3.1201914680423215e-05, 7.254361844388768e-05, 0.000661517377011478, 0.004700060468167067, 0.00014313739666249603, 0.0002891032490879297, 0.00021485926117748022, 0.00038596606464125216, 0.1603974997997284, 0.0002492325147613883, 3.269927037763409e-05, 1.657145367062185e-05, 0.000758359965402633, 1.7778551409719512e-05, 0.023419944569468498, 0.005040702875703573, 1.6314539607265033e-05, 0.0003053489199373871, 1.6187581422855146e-05]","[0.9921875, 0.006641387939453125, 0.00098419189453125]","[0.9921875, 0.006641387939453125, 0.00098419189453125]",False,DOĞRU,ONAY,False,False,8361.581500001193,"{""K1_input_and_readiness"": 0.038800000766059384, ""K7_context"": 0.0008999995770864189, ""K1_normalization"": 0.007399998139590025, ""K6_advisory"": 20.571199998812517, ""K1_intent"": 0.025800000003073364, ""K2_retrieval"": 150.9885999985272, ""K3_reranker"": 1083.383599998342, ""K8_weighted_ranking"": 1.002699998934986, ""K3_candidate_filters"": 0.0017999991541728377, ""K9_advisory_consensus"": 0.013500000932253897, ""K4_nli_and_bypass_check"": 156.75980000014533, ""K5_decision"": 120.46310000005178}",web_7874255a_0
FACTURK-0378,DOĞRU,"[13414, 23565, 1530, 6292, 17751, 23567, 3491, 18623, 21229, 25222, 3100, 19897, 8180, 3213, 12955, 13448, 24266, 26955, 21966, 899]","[0.02319762483239174, 0.00033535013790242374, 1.6442494597868063e-05, 0.0007124459953047335, 0.0003625900426413864, 0.0002982776495628059, 2.3007036361377686e-05, 5.694102947018109e-05, 3.2955729693640023e-05, 0.0001956353517016396, 1.6314539607265033e-05, 1.7097478121286258e-05, 0.0016166499117389321, 0.000317508791340515, 0.0009773502824828029, 0.004810982849448919, 3.321419353596866e-05, 1.6061610949691385e-05, 1.6187581422855146e-05, 1.6187581422855146e-05]",null,null,False,YETERSİZ VERİ,RET,True,False,13314.47660000049,"{""K1_input_and_readiness"": 0.07360000017797574, ""K7_context"": 0.014599998394260183, ""K1_normalization"": 0.014000001101521775, ""K6_advisory"": 26.564100000541657, ""K1_intent"": 0.038800000766059384, ""K2_retrieval"": 168.44100000162143, ""K3_reranker"": 2052.02780000036, ""K8_weighted_ranking"": 1.1074999965785537, ""K3_candidate_filters"": 0.0021000014385208488}",
FACTURK-0379,DOĞRU,"[21449, 14819, 5087, 23223, 2107, 27972, 2277, 11837, 6302, 2839, 12108, 13847, 3945, 7869, 10951, 23213, 28032, 12718, 6832, 13143]","[0.7851439118385315, 0.15027806162834167, 0.006168995052576065, 2.178264912799932e-05, 0.026405517011880875, 0.007149102166295052, 0.006984650157392025, 0.005343256052583456, 0.012007349170744419, 0.07081620395183563, 0.01678548939526081, 0.044431429356336594, 0.003930085338652134, 2.8409744118107483e-05, 0.003538086311891675, 0.0010566838318482041, 0.10176784545183182, 0.005620036274194717, 0.0360160693526268, 0.6743722558021545]","[0.0005855560302734375, 0.99853515625, 0.0007476806640625]","[0.0005855560302734375, 0.99853515625, 0.0007476806640625]",False,YETERSİZ VERİ,RET,True,False,12815.924599999562,"{""K1_input_and_readiness"": 0.10689999908208847, ""K7_context"": 0.0011999982234556228, ""K1_normalization"": 0.011999996786471456, ""K6_advisory"": 20.473000000492902, ""K1_intent"": 0.037099998735357076, ""K2_retrieval"": 226.97920000064187, ""K3_reranker"": 1910.8759999980975, ""K8_weighted_ranking"": 0.9675000001152512, ""K3_candidate_filters"": 0.5141000001458451, ""K9_advisory_consensus"": 0.004900000931229442, ""K4_nli_and_bypass_check"": 18.986899998708395, ""K5_decision"": 0.16649999815854244}",web_2621c97d_0
FACTURK-0380,YALAN,"[487, 29414, 12161, 19827, 8347, 15238, 4119, 9150, 25228, 19237, 15675, 1272, 25098, 2498, 29240, 18787, 23508, 27696, 25178, 27997]","[0.2781587541103363, 0.009708477184176445, 0.0016103574307635427, 0.21239535510540009, 0.00677120964974165, 0.019832711666822433, 5.829126530443318e-05, 0.02456308901309967, 0.013742320239543915, 0.0060503981076180935, 0.00020662980386987329, 0.0011380005162209272, 0.009232213720679283, 0.00023050670279189944, 0.004382336512207985, 5.874842099728994e-05, 0.01384861022233963, 0.08434179425239563, 0.00021152888075448573, 0.00020184421737212688]","[0.0023975372314453125, 0.99560546875, 0.0017986297607421875]","[0.0023975372314453125, 0.99560546875, 0.0017986297607421875]",False,YETERSİZ VERİ,RET,True,False,13283.346399999573,"{""K1_input_and_readiness"": 0.05370000144466758, ""K7_context"": 0.0010000003385357559, ""K1_normalization"": 0.010600000678095967, ""K6_advisory"": 20.58519999991404, ""K1_intent"": 0.032100000680657104, ""K2_retrieval"": 197.05400000020745, ""K3_reranker"": 1555.5512999999337, ""K8_weighted_ranking"": 0.90730000010808, ""K3_candidate_filters"": 0.0018999999156221747, ""K9_advisory_consensus"": 0.013900000340072438, ""K4_nli_and_bypass_check"": 18.341699997108663, ""K5_decision"": 0.156299996888265}",web_17165af7_0
FACTURK-0381,DOĞRU,"[12704, 11295, 22815, 2892, 21400, 7556, 24313, 29850, 24484, 13687, 9646, 24154, 11066, 14179, 3431, 1447, 24661, 6698, 21260, 6739]","[0.0007096704212017357, 1.7778551409719512e-05, 0.0008830457809381187, 0.0012113064294680953, 2.6274772608303465e-05, 1.6061610949691385e-05, 9.685608529252931e-05, 0.0017140384297817945, 0.000628784007858485, 5.694102947018109e-05, 1.6314539607265033e-05, 1.6314539607265033e-05, 0.0005658799782395363, 4.7206227463902906e-05, 1.6187581422855146e-05, 6.0613183450186625e-05, 4.331903619458899e-05, 1.6964426322374493e-05, 2.6274772608303465e-05, 1.967902426258661e-05]",null,"[1.0, 0.0, 0.0]",True,DOĞRU,ONAY,False,False,12300.105600003008,"{""K1_input_and_readiness"": 0.043000000005122274, ""K7_context"": 0.0011000010999850929, ""K1_normalization"": 0.009399998816661537, ""K6_advisory"": 23.80269999775919, ""K1_intent"": 0.04160000025876798, ""K2_retrieval"": 164.46580000047106, ""K3_reranker"": 2009.1076999997313, ""K8_weighted_ranking"": 1.2865000026067719, ""K3_candidate_filters"": 0.0018999999156221747, ""K9_advisory_consensus"": 0.012799999240087345, ""K4_nli_and_bypass_check"": 0.16289999985019676, ""K5_decision"": 0.19299999985378236}",web_17b29e77_0
FACTURK-0382,YALAN,"[29892, 24158, 26480, 2761, 26295, 12819, 13891, 29923, 17025, 23853, 7407, 8285, 706, 6336, 1175, 29597, 3257, 19061, 2792, 14166]","[0.031143832951784134, 0.08093670755624771, 0.004485794343054295, 0.0012351677287369967, 0.0033115192782133818, 0.0005053045460954309, 0.00524044968187809, 0.0009850083151832223, 4.037790131405927e-05, 0.00020184421737212688, 2.9541422918555327e-05, 0.05634009838104248, 0.00014202363672666252, 0.12283853441476822, 0.0001442598586436361, 0.00015356240328401327, 0.03912164643406868, 3.1693256460130215e-05, 0.008881675079464912, 2.2474090656032786e-05]","[0.00199127197265625, 0.99560546875, 0.0026111602783203125]","[0.00199127197265625, 0.99560546875, 0.0026111602783203125]",False,YALAN,RED,False,False,7027.732700000342,"{""K1_input_and_readiness"": 0.049199999921256676, ""K7_context"": 0.0012000018614344299, ""K1_normalization"": 0.008999999408842996, ""K6_advisory"": 20.94050000232528, ""K1_intent"": 0.028200000087963417, ""K2_retrieval"": 208.96110000103363, ""K3_reranker"": 1282.6275000006717, ""K8_weighted_ranking"": 0.9552000010444317, ""K3_candidate_filters"": 0.0018999999156221747, ""K9_advisory_consensus"": 0.012999997125007212, ""K4_nli_and_bypass_check"": 334.43049999914365, ""K5_decision"": 276.5042999999423}",web_0b235b53_0
FACTURK-0383,DOĞRU,"[20020, 16064, 11476, 21638, 23751, 1291, 11509, 5491, 17057, 25969, 16632, 13749, 18530, 6263, 11274, 9084, 22869, 24834, 9114, 3119]","[0.0012448433553799987, 0.00017536994710098952, 0.0001344663032796234, 0.0003301527176517993, 0.002746900776401162, 7.782753527862951e-05, 0.00023782203788869083, 3.071818719035946e-05, 4.539786823443137e-05, 0.00023597174731548876, 0.0007041515782475471, 0.00017265156202483922, 0.0001559802913106978, 2.8632557587116025e-05, 0.0001559802913106978, 0.0009584648651070893, 7.031184941297397e-05, 1.805851934477687e-05, 0.000124362253700383, 1.6442494597868063e-05]",null,null,False,YETERSİZ VERİ,RET,True,False,8320.704199999454,"{""K1_input_and_readiness"": 0.035799999750452116, ""K7_context"": 0.0008999995770864189, ""K1_normalization"": 0.007399998139590025, ""K6_advisory"": 20.54630000202451, ""K1_intent"": 0.021899999410379678, ""K2_retrieval"": 150.9196000006341, ""K3_reranker"": 1569.0160000012838, ""K8_weighted_ranking"": 0.9958999980881345, ""K3_candidate_filters"": 0.0018999999156221747}",
FACTURK-0384,DOĞRU,"[29698, 16223, 5886, 27529, 10782, 989, 9023, 28381, 22922, 17442, 4010, 11132, 26111, 13284, 24037, 7376, 8774, 17616, 23634, 10839]","[0.13706977665424347, 0.0015792594058439136, 5.144220995134674e-05, 2.566613329690881e-05, 0.0013670255430042744, 2.710879925871268e-05, 0.9947391152381897, 5.3075080359121785e-05, 0.01214717049151659, 0.00027372167096473277, 2.5071596610359848e-05, 2.6070309104397893e-05, 0.008187909610569477, 8.092757343547419e-05, 0.00017813112935982645, 0.009055263362824917, 4.683888619183563e-05, 2.5071596610359848e-05, 1.922317096614279e-05, 3.647853736765683e-05]","[0.96728515625, 0.0234527587890625, 0.0091400146484375]","[0.96728515625, 0.0234527587890625, 0.0091400146484375]",False,DOĞRU,ONAY,False,False,1595.3406999979052,"{""K1_input_and_readiness"": 0.04760000228998251, ""K7_context"": 0.0011000010999850929, ""K1_normalization"": 0.007599999662488699, ""K6_advisory"": 65.39830000110669, ""K1_intent"": 0.0332000017806422, ""K2_retrieval"": 208.7368000029528, ""K3_reranker"": 1299.0513000004285, ""K8_weighted_ranking"": 0.9457000014663208, ""K3_candidate_filters"": 0.27290000070934184, ""K9_advisory_consensus"": 0.009999999747378752, ""K4_nli_and_bypass_check"": 17.895199998747557, ""K5_decision"": 0.30920000062906183}",9023
FACTURK-0385,DOĞRU,"[29362, 16885, 21965, 14642, 22170, 5725, 5126, 22120, 13610, 4588, 15095, 15861, 9363, 23520, 8624, 4031, 14435, 13525, 27022, 25439]","[0.0004272078804206103, 1.6187581422855146e-05, 1.7231572201126255e-05, 5.920916373725049e-05, 1.683241134742275e-05, 8.092757343547419e-05, 1.750292540236842e-05, 4.331903619458899e-05, 2.449082603561692e-05, 2.0623421733034775e-05, 1.9988918211311102e-05, 1.67014204635052e-05, 1.6187581422855146e-05, 1.6314539607265033e-05, 1.6314539607265033e-05, 1.6061610949691385e-05, 1.683241134742275e-05, 3.321419353596866e-05, 6.302758993115276e-05, 0.00020502213737927377]",null,"[1.0, 0.0, 0.0]",True,DOĞRU,ONAY,False,False,13217.833200000314,"{""K1_input_and_readiness"": 0.0365999985660892, ""K7_context"": 0.0010000003385357559, ""K1_normalization"": 0.008299997716676444, ""K6_advisory"": 20.786200002476107, ""K1_intent"": 0.020800001948373392, ""K2_retrieval"": 159.33349999977509, ""K3_reranker"": 1126.845400001912, ""K8_weighted_ranking"": 0.9337000010418706, ""K3_candidate_filters"": 0.0018999999156221747, ""K9_advisory_consensus"": 0.013299999409355223, ""K4_nli_and_bypass_check"": 0.14659999942523427, ""K5_decision"": 0.16110000069602393}",web_b9ded9f0_0
FACTURK-0386,YALAN,"[20843, 1747, 21393, 29486, 15787, 11714, 9101, 11485, 23720, 926, 29414, 25537, 10589, 25225, 10563, 28347, 18282, 30024, 25169, 28287]","[2.1278065105434507e-05, 0.001674399245530367, 0.0005152657395228744, 0.0009253848693333566, 1.9073577277595177e-05, 0.19208428263664246, 0.0021322614047676325, 2.1112482500029728e-05, 0.0060975621454417706, 3.7636447814293206e-05, 1.8777873265207745e-05, 0.014392335899174213, 1.9073577277595177e-05, 5.9673518990166485e-05, 0.0001686527393758297, 1.7097478121286258e-05, 0.002560870721936226, 1.67014204635052e-05, 2.3007036361377686e-05, 1.922317096614279e-05]",null,null,False,YETERSİZ VERİ,RET,True,False,13600.112599997374,"{""K1_input_and_readiness"": 0.055900000006658956, ""K7_context"": 0.0011000010999850929, ""K1_normalization"": 0.010299998393747956, ""K6_advisory"": 22.269600001891376, ""K1_intent"": 0.032500000088475645, ""K2_retrieval"": 190.99400000050082, ""K3_reranker"": 1583.6154000026, ""K8_weighted_ranking"": 0.9280999984184746, ""K3_candidate_filters"": 0.0021000014385208488}",
FACTURK-0387,YALAN,"[8023, 8015, 9478, 20028, 26276, 15898, 26819, 24208, 13958, 6784, 19631, 14930, 24037, 2380, 4033, 17025, 26224, 13064, 16809, 16109]","[0.0005953406798653305, 1.67014204635052e-05, 0.042642392218112946, 1.7778551409719512e-05, 1.657145367062185e-05, 0.0012743262341246009, 1.6187581422855146e-05, 1.6061610949691385e-05, 1.6061610949691385e-05, 7.782753527862951e-05, 1.6314539607265033e-05, 1.6061610949691385e-05, 0.0004044814850203693, 1.6187581422855146e-05, 1.6187581422855146e-05, 1.6442494597868063e-05, 1.6314539607265033e-05, 3.426849070820026e-05, 0.00040765260928310454, 1.6314539607265033e-05]","[0.041778564453125, 0.95703125, 0.0013704299926757812]","[0.041778564453125, 0.95703125, 0.0013704299926757812]",False,YALAN,RED,False,False,7787.387600001239,"{""K1_input_and_readiness"": 0.055500000598840415, ""K7_context"": 0.0012999989849049598, ""K1_normalization"": 0.00960000033956021, ""K6_advisory"": 20.88290000028792, ""K1_intent"": 0.03260000084992498, ""K2_retrieval"": 151.06340000056662, ""K3_reranker"": 1281.3296000022092, ""K8_weighted_ranking"": 0.9554999996908009, ""K3_candidate_filters"": 0.0020000006770715117, ""K9_advisory_consensus"": 0.014799999917158857, ""K4_nli_and_bypass_check"": 99.77369999978691, ""K5_decision"": 82.29760000176611}",web_c9f593e4_0
FACTURK-0388,YALAN,"[16939, 26310, 27720, 4261, 24828, 14070, 1014, 9635, 8246, 27711, 12955, 14318, 16716, 16791, 13476, 5259, 18931, 16237, 12347, 5752]","[0.2902761995792389, 0.055720288306474686, 0.00028685410507023335, 0.00017813112935982645, 2.5071596610359848e-05, 1.7231572201126255e-05, 1.6061610949691385e-05, 0.0007096704212017357, 1.8200149497715756e-05, 3.508111694827676e-05, 1.750292540236842e-05, 1.6442494597868063e-05, 9.314593626186252e-05, 4.1659583075670525e-05, 1.6187581422855146e-05, 0.0004728544445242733, 0.0003799845289904624, 1.6061610949691385e-05, 1.6314539607265033e-05, 0.0003889921063091606]",null,"[1.0, 0.0, 0.0]",True,DOĞRU,ONAY,False,False,12254.3880000012,"{""K1_input_and_readiness"": 0.03849999848171137, ""K7_context"": 0.0009999967005569488, ""K1_normalization"": 0.006199999916134402, ""K6_advisory"": 21.53309999994235, ""K1_intent"": 0.022000000171829015, ""K2_retrieval"": 140.54620000024443, ""K3_reranker"": 1050.7694999978412, ""K8_weighted_ranking"": 0.9833000003709458, ""K3_candidate_filters"": 0.0017999991541728377, ""K9_advisory_consensus"": 0.013699998817173764, ""K4_nli_and_bypass_check"": 0.2147999985027127, ""K5_decision"": 0.2241000001959037}",web_6d3782c8_0
FACTURK-0389,YALAN,"[9056, 21518, 19560, 6268, 9323, 6336, 22504, 12088, 14770, 1970, 11529, 9150, 4807, 3213, 14758, 4452, 544, 9588, 20897, 3259]","[0.003692853031679988, 0.00041731575038284063, 0.0005976693937554955, 0.002296159043908119, 0.010448625311255455, 0.0696682333946228, 0.16317856311798096, 0.00010889690747717395, 0.00027372167096473277, 0.0023413407616317272, 0.0005484792054630816, 0.07094483077526093, 2.3369333575828932e-05, 0.0002802109520416707, 0.00034196203341707587, 0.0009966077050194144, 0.000192602863535285, 4.400118632474914e-05, 0.0011469158343970776, 1.8342892872169614e-05]",null,null,False,YETERSİZ VERİ,RET,True,False,15244.386700000177,"{""K1_input_and_readiness"": 0.0962999984039925, ""K7_context"": 0.0010000003385357559, ""K1_normalization"": 0.019499999325489625, ""K6_advisory"": 32.33630000249832, ""K1_intent"": 0.05230000169831328, ""K2_retrieval"": 285.9887999984494, ""K3_reranker"": 2593.7950999978057, ""K8_weighted_ranking"": 0.9866000000329223, ""K3_candidate_filters"": 0.0019999970390927047}",
FACTURK-0390,DOĞRU,"[19816, 29892, 1902, 10949, 2172, 6336, 11509, 12974, 8688, 28611, 7289, 24618, 11557, 25567, 13486, 809, 12583, 7836, 9081, 20055]","[0.0015070488443598151, 0.00010804955672938377, 0.008847354911267757, 1.8342892872169614e-05, 1.6442494597868063e-05, 0.0001673405058681965, 0.0022872276604175568, 0.001674399245530367, 0.0001195985751110129, 0.003930085338652134, 9.387641330249608e-05, 0.000661517377011478, 1.6314539607265033e-05, 1.6187581422855146e-05, 0.002191240666434169, 1.6442494597868063e-05, 2.0785171727766283e-05, 0.007999754510819912, 1.6061610949691385e-05, 1.6187581422855146e-05]",null,null,False,YETERSİZ VERİ,RET,True,False,6528.304499999649,"{""K1_input_and_readiness"": 0.04690000059781596, ""K7_context"": 0.0010000003385357559, ""K1_normalization"": 0.008200000593205914, ""K6_advisory"": 21.86690000235103, ""K1_intent"": 0.03239999932702631, ""K2_retrieval"": 153.53010000035283, ""K3_reranker"": 1261.4969999995083, ""K8_weighted_ranking"": 0.9385000012116507, ""K3_candidate_filters"": 0.0018999999156221747}",
FACTURK-0391,DOĞRU,"[9150, 28629, 18570, 15787, 16785, 24184, 2858, 14444, 27894, 29892, 17721, 15848, 19586, 27463, 29140, 25098, 4358, 19827, 17859, 20228]","[0.007011794950813055, 0.0037948342505842447, 0.0004974745097570121, 0.0018530592788010836, 0.0002715921145863831, 0.00014883848780300468, 0.0011740821646526456, 0.00038446192047558725, 0.004382336512207985, 0.01912403479218483, 0.005663865711539984, 0.0007643033168278635, 2.411113746347837e-05, 0.00028462239424698055, 2.229919846286066e-05, 0.0012893283274024725, 1.6061610949691385e-05, 0.01572399213910103, 3.321419353596866e-05, 1.6187581422855146e-05]",null,null,False,YETERSİZ VERİ,RET,True,False,12983.875400001125,"{""K1_input_and_readiness"": 0.047999998059822246, ""K7_context"": 0.0012999989849049598, ""K1_normalization"": 0.007899998308857903, ""K6_advisory"": 21.99980000295909, ""K1_intent"": 0.02819999644998461, ""K2_retrieval"": 146.06289999937871, ""K3_reranker"": 1661.8492000015976, ""K8_weighted_ranking"": 0.9623000005376525, ""K3_candidate_filters"": 0.0020000006770715117}",
FACTURK-0392,YALAN,"[17086, 5344, 24184, 9150, 9277, 25178, 9693, 1970, 22218, 2244, 15675, 8347, 6268, 9518, 16786, 21058, 4682, 27519, 11155, 19205]","[0.0003500686143524945, 0.021739594638347626, 0.014227046631276608, 0.015663648024201393, 0.08663206547498703, 0.0032224843744188547, 0.00017265156202483922, 0.007260866463184357, 0.012821214273571968, 0.00018522572645451874, 7.782753527862951e-05, 0.0018243826925754547, 0.0053640566766262054, 0.004248078912496567, 3.0006618544575758e-05, 0.00016093082376755774, 1.657145367062185e-05, 0.003429603995755315, 1.8631746570463292e-05, 1.6314539607265033e-05]",null,null,False,YETERSİZ VERİ,RET,True,False,14872.82950000008,"{""K1_input_and_readiness"": 0.07220000043162145, ""K7_context"": 0.0011000010999850929, ""K1_normalization"": 0.012500000593718141, ""K6_advisory"": 20.81969999926514, ""K1_intent"": 0.033799999073380604, ""K2_retrieval"": 210.17380000193953, ""K3_reranker"": 1793.893999998545, ""K8_weighted_ranking"": 0.9702999996079598, ""K3_candidate_filters"": 0.0018999999156221747}",
FACTURK-0393,DOĞRU,"[8836, 19180, 18799, 22100, 3722, 9341, 2283, 11989, 373, 7267, 23363, 26447, 1418, 8919, 27807, 25190, 26337, 1730, 19163, 2337]","[0.9935368895530701, 0.1946738213300705, 0.054701510816812515, 0.05707139894366264, 0.0038244836032390594, 0.0017342078499495983, 0.006168995052576065, 0.0007554056355729699, 0.004022909794002771, 0.12592275440692902, 0.002757622394710779, 0.015603534877300262, 0.0027683854568749666, 0.00014202363672666252, 0.004331501666456461, 0.0002780309587251395, 0.01621503196656704, 5.2662067901110277e-05, 0.0005725466180592775, 0.0019342610612511635]","[0.99853515625, 0.00041604042053222656, 0.0011224746704101562]","[0.99853515625, 0.00041604042053222656, 0.0011224746704101562]",False,DOĞRU,ONAY,False,False,1616.5226999983133,"{""K1_input_and_readiness"": 0.052200000936863944, ""K7_context"": 0.0011000010999850929, ""K1_normalization"": 0.00920000093174167, ""K6_advisory"": 22.31519999986631, ""K1_intent"": 0.02930000118794851, ""K2_retrieval"": 165.14490000190563, ""K3_reranker"": 1325.8783999990555, ""K8_weighted_ranking"": 0.9284000007028226, ""K3_candidate_filters"": 0.2769999991869554, ""K9_advisory_consensus"": 0.004800000169780105, ""K4_nli_and_bypass_check"": 58.36300000009942, ""K5_decision"": 40.96629999912693}",8836
FACTURK-0394,YALAN,"[19788, 2701, 15510, 14849, 28395, 1989, 5149, 23610, 3505, 14308, 27881, 6163, 14676, 20116, 29871, 21153, 21427, 3344, 14553, 9385]","[0.01572399213910103, 1.657145367062185e-05, 0.0013617033837363124, 2.4300241420860402e-05, 0.0005792917218059301, 0.0005378763889893889, 1.6442494597868063e-05, 1.6061610949691385e-05, 0.00043563017970882356, 1.6187581422855146e-05, 6.302758993115276e-05, 3.1201914680423215e-05, 1.657145367062185e-05, 0.0007763299508951604, 6.352188938762993e-05, 1.6314539607265033e-05, 4.1659583075670525e-05, 0.0003406293108128011, 1.6442494597868063e-05, 1.6442494597868063e-05]",null,null,False,YETERSİZ VERİ,RET,True,False,11692.71160000062,"{""K1_input_and_readiness"": 0.04369999805931002, ""K7_context"": 0.0010000003385357559, ""K1_normalization"": 0.007599999662488699, ""K6_advisory"": 20.307599999796366, ""K1_intent"": 0.025399996957276016, ""K2_retrieval"": 174.46530000233906, ""K3_reranker"": 1885.7177999998385, ""K8_weighted_ranking"": 0.925299998925766, ""K3_candidate_filters"": 0.0017999991541728377}",
FACTURK-0395,DOĞRU,"[22843, 21145, 20842, 23053, 29481, 4766, 13096, 8790, 25720, 29296, 21342, 22153, 14465, 23303, 2919, 19733, 21619, 20466, 9314, 11059]","[0.0008135565440170467, 0.00025118677876889706, 0.011463796719908714, 0.0005747861578129232, 0.0002824080875143409, 0.0002715921145863831, 1.967902426258661e-05, 0.00012931563833262771, 0.012576347216963768, 0.6196439266204834, 0.00013765462790615857, 0.00020342698553577065, 0.0007152324542403221, 7.905303937150165e-05, 0.0005658799782395363, 3.4001819585682824e-05, 0.0003770285693462938, 1.6314539607265033e-05, 0.0024726230185478926, 0.0011469158343970776]","[0.04449462890625, 0.953125, 0.002147674560546875]","[0.04449462890625, 0.953125, 0.002147674560546875]",False,YALAN,RED,False,False,1248.4721999971953,"{""K1_input_and_readiness"": 0.053899999329587445, ""K7_context"": 0.0011999982234556228, ""K1_normalization"": 0.007700000423938036, ""K6_advisory"": 21.65890000105719, ""K1_intent"": 0.03730000025825575, ""K2_retrieval"": 164.4077000019024, ""K3_reranker"": 1041.280800000095, ""K8_weighted_ranking"": 0.9152000020549167, ""K3_candidate_filters"": 0.26339999749325216, ""K9_advisory_consensus"": 0.004699999408330768, ""K4_nli_and_bypass_check"": 17.07680000254186, ""K5_decision"": 0.2013000012084376}",29296
FACTURK-0396,YALAN,"[27420, 16440, 16134, 25537, 4586, 5237, 12375, 6734, 27900, 10743, 20831, 20214, 12312, 17036, 14293, 4744, 2242, 6269, 14636, 9988]","[0.011029469780623913, 0.0030515100806951523, 0.0002891032490879297, 0.001667882315814495, 0.0023688741493970156, 0.0002802109520416707, 8.349628478754312e-05, 0.9946150183677673, 0.0003583672805689275, 0.00043224150431342423, 0.00020662980386987329, 0.00028462239424698055, 0.0008459375239908695, 0.0009735437924973667, 1.657145367062185e-05, 0.00018093574908562005, 1.6061610949691385e-05, 0.002296159043908119, 0.07094483077526093, 0.00026530236937105656]","[0.99951171875, 0.00014448165893554688, 0.00025272369384765625]","[0.99951171875, 0.00014448165893554688, 0.00025272369384765625]",False,YALAN,UYARI,False,False,1698.61149999997,"{""K1_input_and_readiness"": 0.038800000766059384, ""K7_context"": 0.0010000003385357559, ""K1_normalization"": 0.007300001016119495, ""K6_advisory"": 20.995200000470504, ""K1_intent"": 0.0242000023717992, ""K2_retrieval"": 163.34280000228318, ""K3_reranker"": 1329.5919000011054, ""K8_weighted_ranking"": 0.976200000877725, ""K3_candidate_filters"": 0.2645999993546866, ""K9_advisory_consensus"": 0.004899997293250635, ""K4_nli_and_bypass_check"": 97.95039999880828, ""K5_decision"": 82.79539999784902}",6734
FACTURK-0397,YALAN,"[16260, 27647, 14848, 1336, 5499, 1070, 7152, 767, 4672, 13993, 22423, 7198, 11102, 12102, 10999, 29379, 16162, 1970, 1546, 11965]","[0.24490438401699066, 0.0011073390487581491, 0.053304679691791534, 0.004101929254829884, 0.0333368256688118, 8.750300185056403e-05, 0.00013342000602278858, 2.178264912799932e-05, 0.00021995337738189846, 0.0008231385727412999, 0.00018961740715894848, 1.6314539607265033e-05, 0.004451041109859943, 4.683888619183563e-05, 2.908344322349876e-05, 0.0005680934991687536, 1.6187581422855146e-05, 0.0007379196467809379, 0.0010083435336127877, 0.0003029734070878476]","[0.00023043155670166016, 0.99951171875, 0.00011211633682250977]","[0.00023043155670166016, 0.99951171875, 0.00011211633682250977]",False,YALAN,RED,False,False,13750.956199997745,"{""K1_input_and_readiness"": 0.04369999805931002, ""K7_context"": 0.0010000003385357559, ""K1_normalization"": 0.008600000001024455, ""K6_advisory"": 20.886700000119163, ""K1_intent"": 0.02599999788799323, ""K2_retrieval"": 172.76589999892167, ""K3_reranker"": 1336.4665000008245, ""K8_weighted_ranking"": 0.9839999984251335, ""K3_candidate_filters"": 0.0018999999156221747, ""K9_advisory_consensus"": 0.013100001524435356, ""K4_nli_and_bypass_check"": 298.05689999921015, ""K5_decision"": 301.03650000091875}",web_b6aaa519_0
FACTURK-0398,YALAN,"[28547, 27453, 11479, 9150, 2984, 30347, 15675, 27219, 2498, 1272, 11668, 6336, 25178, 25429, 26587, 23681, 29590, 26537, 8602, 8347]","[0.027376487851142883, 0.005511934403330088, 0.011597361415624619, 0.0016613906482234597, 0.0003406293108128011, 0.8608377575874329, 0.00029137005913071334, 0.0002492325147613883, 0.0003697388747241348, 0.0018458482809364796, 4.331903619458899e-05, 0.10576342046260834, 0.0009473089594393969, 0.03210070729255676, 0.0003770285693462938, 0.006338921841233969, 0.09334687888622284, 5.874842099728994e-05, 2.93115390377352e-05, 6.553815910592675e-05]","[0.00037598609924316406, 0.99853515625, 0.0010766983032226562]","[0.00037598609924316406, 0.99853515625, 0.0010766983032226562]",False,YETERSİZ VERİ,RET,True,False,12925.741399998515,"{""K1_input_and_readiness"": 0.060200000007171184, ""K7_context"": 0.0008999995770864189, ""K1_normalization"": 0.010799998563015833, ""K6_advisory"": 21.152399996935856, ""K1_intent"": 0.03369999831193127, ""K2_retrieval"": 196.6218999987177, ""K3_reranker"": 1928.1635000006645, ""K8_weighted_ranking"": 0.9105000026465859, ""K3_candidate_filters"": 0.2647000001161359, ""K9_advisory_consensus"": 0.005199999577598646, ""K4_nli_and_bypass_check"": 19.436999999015825, ""K5_decision"": 0.2012999975704588}",30347
FACTURK-0399,YALAN,"[27242, 28388, 24277, 15675, 6270, 12161, 25857, 7776, 6047, 15663, 648, 6261, 26355, 1499, 4682, 15874, 21358, 1970, 4724, 28198]","[0.9291837811470032, 0.006903838831931353, 0.001483718864619732, 0.0001500056532677263, 0.5840932130813599, 0.005774929653853178, 0.14010079205036163, 0.05439931899309158, 0.06903792917728424, 0.26961395144462585, 0.8858291506767273, 0.10687687993049622, 0.005080036818981171, 0.00014091856428422034, 4.832564081880264e-05, 0.00015356240328401327, 0.0013458604225888848, 0.01737566478550434, 0.00035976938670501113, 5.694102947018109e-05]","[0.0026531219482421875, 0.994140625, 0.0032958984375]","[0.0026531219482421875, 0.994140625, 0.0032958984375]",False,YETERSİZ VERİ,RET,True,False,13858.785099997476,"{""K1_input_and_readiness"": 0.10100000145030208, ""K7_context"": 0.0012999989849049598, ""K1_normalization"": 0.01309999788645655, ""K6_advisory"": 20.952000002580462, ""K1_intent"": 0.03239999932702631, ""K2_retrieval"": 209.26350000081584, ""K3_reranker"": 1946.7597999973805, ""K8_weighted_ranking"": 0.9371000014652964, ""K3_candidate_filters"": 0.7676000022911467, ""K9_advisory_consensus"": 0.005000001692678779, ""K4_nli_and_bypass_check"": 18.11989999987418, ""K5_decision"": 0.12269999933778308}",27242
FACTURK-0400,YALAN,"[28204, 22879, 6846, 13194, 17036, 13020, 28719, 17535, 28590, 22096, 27202, 17534, 15745, 10086, 13059, 15077, 27163, 27201, 17563, 29565]","[0.0030753696337342262, 5.1845658163074404e-05, 0.0003889921063091606, 7.197912054834887e-05, 1.7097478121286258e-05, 0.0001699752756394446, 0.000570315751247108, 0.00027586790383793414, 0.009936418384313583, 0.0030994154512882233, 3.426849070820026e-05, 0.0014607495395466685, 0.00020184421737212688, 2.8409744118107483e-05, 1.7231572201126255e-05, 1.657145367062185e-05, 0.47826993465423584, 0.0002824080875143409, 2.265035072923638e-05, 1.6187581422855146e-05]","[0.0003249645233154297, 0.99951171875, 0.000202178955078125]","[0.0003249645233154297, 0.99951171875, 0.000202178955078125]",False,YETERSİZ VERİ,RET,True,False,14266.84430000023,"{""K1_input_and_readiness"": 0.05070000042906031, ""K7_context"": 0.0013999997463542968, ""K1_normalization"": 0.009900002623908222, ""K6_advisory"": 21.120599998539547, ""K1_intent"": 0.026599998818710446, ""K2_retrieval"": 159.14899999916088, ""K3_reranker"": 1996.2483000017528, ""K8_weighted_ranking"": 0.9917999996105209, ""K3_candidate_filters"": 0.27290000070934184, ""K9_advisory_consensus"": 0.005099998816149309, ""K4_nli_and_bypass_check"": 347.798500002682, ""K5_decision"": 344.6332999992592}",27163
FACTURK-0401,DOĞRU,"[9711, 11529, 13077, 700, 15264, 15675, 11334, 17161, 25178, 1766, 26355, 21518, 9323, 4119, 20449, 6336, 24625, 6473, 30215, 9150]","[0.0009039677679538727, 0.00978387612849474, 0.0007854739669710398, 0.00049553596181795, 0.008847354911267757, 0.000317508791340515, 0.0014721895568072796, 0.14235107600688934, 0.0005442132824100554, 0.00031258779927156866, 0.003914823289960623, 0.00012731103925034404, 0.02742854133248329, 1.922317096614279e-05, 0.0005861161625944078, 0.0077555361203849316, 0.005819959100335836, 1.6442494597868063e-05, 3.6764631659025326e-05, 0.21833586692810059]",null,null,False,YETERSİZ VERİ,RET,True,False,14153.159699999378,"{""K1_input_and_readiness"": 0.06710000161547214, ""K7_context"": 0.0012999989849049598, ""K1_normalization"": 0.012500000593718141, ""K6_advisory"": 22.136499999760417, ""K1_intent"": 0.04359999729786068, ""K2_retrieval"": 203.3177000012074, ""K3_reranker"": 1914.2959999990126, ""K8_weighted_ranking"": 0.9404999982507434, ""K3_candidate_filters"": 0.0018000027921516448}",
FACTURK-0402,YALAN,"[16053, 11547, 17599, 30013, 11774, 17616, 9653, 13879, 3512, 1365, 12230, 29973, 26573, 14555, 1337, 15844, 28451, 404, 25396, 6404]","[0.002934951800853014, 0.0024822766426950693, 0.009232213720679283, 0.39992883801460266, 0.0008295892039313912, 0.0024249141570180655, 1.6442494597868063e-05, 0.0015916259726509452, 0.008881675079464912, 0.002115703420713544, 0.0019342610612511635, 0.0031480707693845034, 0.009485713206231594, 0.0042151594534516335, 0.014615669846534729, 0.0008693674462847412, 0.006388320587575436, 0.003135835751891136, 1.657145367062185e-05, 0.0010649627074599266]","[0.00052642822265625, 0.99951171875, 8.71419906616211e-05]","[0.00052642822265625, 0.99951171875, 8.71419906616211e-05]",False,YETERSİZ VERİ,RET,True,False,12475.638700001582,"{""K1_input_and_readiness"": 0.05030000102124177, ""K7_context"": 0.0011000010999850929, ""K1_normalization"": 0.009399998816661537, ""K6_advisory"": 22.05619999949704, ""K1_intent"": 0.030700000934302807, ""K2_retrieval"": 163.78609999810578, ""K3_reranker"": 1048.5030999989249, ""K8_weighted_ranking"": 0.9507000031589996, ""K3_candidate_filters"": 0.27010000121663325, ""K9_advisory_consensus"": 0.004800000169780105, ""K4_nli_and_bypass_check"": 324.30380000005243, ""K5_decision"": 287.0978999999352}",30013
FACTURK-0403,YALAN,"[12901, 27017, 1424, 5087, 8740, 4093, 21855, 21475, 25758, 29403, 1959, 14299, 11552, 6984, 19208, 27522, 8564, 15780, 6232, 18297]","[0.9917803406715393, 0.004718369338661432, 0.005469274241477251, 0.00042388474685139954, 0.0013302015140652657, 0.0003150386910419911, 0.0005295418086461723, 0.005405900068581104, 0.0011160142021253705, 0.015543648041784763, 0.00048029719619080424, 0.00023597174731548876, 0.00026323829661123455, 0.0003366621967870742, 0.0026834397576749325, 0.0003029734070878476, 0.00015356240328401327, 0.008251599036157131, 0.0003301527176517993, 0.00010229986219201237]","[0.99951171875, 0.0003094673156738281, 0.0004036426544189453]","[0.99951171875, 0.0003094673156738281, 0.0004036426544189453]",False,YALAN,UYARI,False,False,2053.06550000023,"{""K1_input_and_readiness"": 0.05439999949885532, ""K7_context"": 0.0012000018614344299, ""K1_normalization"": 0.012500000593718141, ""K6_advisory"": 20.74170000196318, ""K1_intent"": 0.027500002033775672, ""K2_retrieval"": 159.00019999753567, ""K3_reranker"": 1604.765000000043, ""K8_weighted_ranking"": 0.9011000001919456, ""K3_candidate_filters"": 0.27459999910206534, ""K9_advisory_consensus"": 0.005100002454128116, ""K4_nli_and_bypass_check"": 142.77030000084778, ""K5_decision"": 122.02400000023772}",12901
FACTURK-0404,DOĞRU,"[29892, 19997, 17351, 6832, 2839, 14232, 6336, 2949, 15848, 8849, 24209, 431, 12288, 9150, 23277, 28494, 20071, 12658, 16355, 7592]","[0.10123348236083984, 0.0012545944191515446, 0.05242456495761871, 0.007232763804495335, 0.1201288029551506, 0.005554925184696913, 0.006314364727586508, 0.02600678615272045, 0.029201289638876915, 0.009633651934564114, 0.013121271505951881, 0.02048855647444725, 0.00020502213737927377, 0.0033374049235135317, 0.04629189893603325, 0.021044565364718437, 0.039268750697374344, 0.00021152888075448573, 0.06941547244787216, 0.0032986511941999197]",null,null,False,YETERSİZ VERİ,RET,True,False,13764.849800001684,"{""K1_input_and_readiness"": 0.04660000195144676, ""K7_context"": 0.000900003215065226, ""K1_normalization"": 0.014100001862971112, ""K6_advisory"": 20.94310000029509, ""K1_intent"": 0.027999998565064743, ""K2_retrieval"": 180.0933000013174, ""K3_reranker"": 1574.3959999999788, ""K8_weighted_ranking"": 0.913099996978417, ""K3_candidate_filters"": 0.0017999991541728377}",
FACTURK-0405,YALAN,"[635, 23681, 4775, 6119, 13440, 19914, 28793, 15179, 29590, 11628, 20402, 2235, 29763, 7209, 29036, 19672, 4720, 8846, 20151, 21731]","[0.005281333811581135, 0.00020502213737927377, 4.1659583075670525e-05, 2.8409744118107483e-05, 0.0003199982165824622, 1.7640199075685814e-05, 7.031184941297397e-05, 1.8200149497715756e-05, 1.67014204635052e-05, 1.6061610949691385e-05, 1.6187581422855146e-05, 0.00013658353418577462, 3.852893496514298e-05, 1.6314539607265033e-05, 1.6061610949691385e-05, 3.5633544030133635e-05, 0.000317508791340515, 1.750292540236842e-05, 2.3007036361377686e-05, 5.104190859128721e-05]",null,null,False,YETERSİZ VERİ,RET,True,False,11773.876800001744,"{""K1_input_and_readiness"": 0.04939999780617654, ""K7_context"": 0.0010000003385357559, ""K1_normalization"": 0.009100000170292333, ""K6_advisory"": 21.066900000732858, ""K1_intent"": 0.028399997972883284, ""K2_retrieval"": 162.66879999966477, ""K3_reranker"": 1147.8893000021344, ""K8_weighted_ranking"": 1.01859999995213, ""K3_candidate_filters"": 0.0020999978005420417}",
FACTURK-0406,DOĞRU,"[21898, 28168, 5018, 14008, 635, 20355, 25980, 26758, 10680, 24661, 21100, 5995, 5665, 3213, 24527, 5174, 1970, 24967, 25537, 8102]","[0.14706450700759888, 0.23161423206329346, 0.2073751986026764, 0.005001672077924013, 0.005865338258445263, 0.010052368976175785, 0.16749083995819092, 0.020924191921949387, 0.000539980421308428, 8.750300185056403e-05, 0.0002234163403045386, 1.683241134742275e-05, 0.0003275842755101621, 0.008315778337419033, 1.7097478121286258e-05, 1.683241134742275e-05, 0.0039454069919884205, 0.0006771942134946585, 0.0024343819823116064, 1.8631746570463292e-05]",null,null,False,YETERSİZ VERİ,RET,True,False,14512.7195999994,"{""K1_input_and_readiness"": 0.11699999959091656, ""K7_context"": 0.0011999982234556228, ""K1_normalization"": 0.02599999788799323, ""K6_advisory"": 30.693199998495402, ""K1_intent"": 0.06519999806187116, ""K2_retrieval"": 304.47519999870565, ""K3_reranker"": 3488.4084000004805, ""K8_weighted_ranking"": 1.0208999992755707, ""K3_candidate_filters"": 0.0020000006770715117}",
FACTURK-0407,YALAN,"[14727, 5593, 13220, 23269, 18318, 21875, 19283, 11728, 22582, 25421, 20982, 3326, 23464, 30027, 27649, 6858, 22834, 5602, 26506, 22192]","[0.6909762620925903, 0.029816539958119392, 1.8342892872169614e-05, 0.0010566838318482041, 0.0004124558763578534, 2.8409744118107483e-05, 1.805851934477687e-05, 0.0004655269149225205, 0.0002611903182696551, 0.000159678646014072, 1.67014204635052e-05, 1.922317096614279e-05, 1.6442494597868063e-05, 1.7640199075685814e-05, 2.3737338779028505e-05, 1.6442494597868063e-05, 2.2474090656032786e-05, 4.469407213036902e-05, 1.683241134742275e-05, 1.8200149497715756e-05]","[0.004180908203125, 0.99267578125, 0.0031528472900390625]","[0.004180908203125, 0.99267578125, 0.0031528472900390625]",False,YETERSİZ VERİ,RET,True,False,13497.161700001016,"{""K1_input_and_readiness"": 0.04609999814420007, ""K7_context"": 0.0011000010999850929, ""K1_normalization"": 0.00799999907030724, ""K6_advisory"": 21.070099999633385, ""K1_intent"": 0.02649999805726111, ""K2_retrieval"": 158.32729999965522, ""K3_reranker"": 1282.9152999984217, ""K8_weighted_ranking"": 0.9862000006251037, ""K3_candidate_filters"": 0.27889999910257757, ""K9_advisory_consensus"": 0.005300000339047983, ""K4_nli_and_bypass_check"": 31.58169999733218, ""K5_decision"": 0.29100000028847717}",14727
FACTURK-0408,YALAN,"[15724, 4452, 15457, 18777, 7556, 9319, 13795, 13967, 12783, 10932, 21211, 22914, 4460, 9477, 26082, 29031, 22538, 25304, 21495, 13048]","[0.01640303246676922, 0.28876960277557373, 0.004348381422460079, 0.03397199511528015, 1.683241134742275e-05, 0.22661244869232178, 0.0037072531413286924, 0.044431429356336594, 0.10894504189491272, 0.0003199982165824622, 2.355261858610902e-05, 0.03853849694132805, 0.12885363399982452, 0.008677716366946697, 0.007876706309616566, 1.6314539607265033e-05, 0.045777276158332825, 1.6314539607265033e-05, 0.0007321811863221228, 0.005021149758249521]",null,null,False,YETERSİZ VERİ,RET,True,False,14937.650599997141,"{""K1_input_and_readiness"": 0.05539999983739108, ""K7_context"": 0.0012999989849049598, ""K1_normalization"": 0.01089999932446517, ""K6_advisory"": 20.772899999428773, ""K1_intent"": 0.02979999771923758, ""K2_retrieval"": 172.78599999917787, ""K3_reranker"": 2319.79069999943, ""K8_weighted_ranking"": 1.0327999989385717, ""K3_candidate_filters"": 0.0016999983927235007}",
FACTURK-0409,YALAN,"[2149, 19970, 8006, 3129, 28204, 25156, 3810, 10423, 5540, 16332, 27010, 13433, 24615, 22931, 12486, 6531, 1300, 20105, 23881, 4182]","[0.08344116806983948, 0.00014091856428422034, 1.657145367062185e-05, 0.0009039677679538727, 0.0001097509084502235, 1.6187581422855146e-05, 1.67014204635052e-05, 1.6061610949691385e-05, 1.6061610949691385e-05, 8.614650869276375e-05, 8.220189192797989e-05, 6.761842087144032e-05, 0.0002415662893326953, 0.0001699752756394446, 1.6187581422855146e-05, 9.17019642656669e-05, 2.8632557587116025e-05, 0.0003199982165824622, 1.6314539607265033e-05, 6.976470467634499e-05]","[0.99951171875, 0.00012552738189697266, 0.0002014636993408203]","[0.99951171875, 0.00012552738189697266, 0.0002014636993408203]",False,DOĞRU,ONAY,False,False,13758.928000002925,"{""K1_input_and_readiness"": 0.047100002120714635, ""K7_context"": 0.0012999989849049598, ""K1_normalization"": 0.008099999831756577, ""K6_advisory"": 21.0927999978594, ""K1_intent"": 0.025600002118153498, ""K2_retrieval"": 154.3684000025678, ""K3_reranker"": 1705.9888000003411, ""K8_weighted_ranking"": 0.9774999998626299, ""K3_candidate_filters"": 0.0021999985619913787, ""K9_advisory_consensus"": 0.014799999917158857, ""K4_nli_and_bypass_check"": 58.879399999568705, ""K5_decision"": 40.7374999995227}",web_ce76bd4a_0
FACTURK-0410,YALAN,"[24630, 21674, 27242, 29199, 20266, 26267, 4222, 30084, 12611, 27823, 3328, 861, 16539, 24661, 7028, 19468, 13467, 8836, 21737, 3300]","[0.006168995052576065, 0.0035936026833951473, 0.6349961161613464, 0.00034196203341707587, 0.008348053321242332, 1.6061610949691385e-05, 0.007907291874289513, 0.034100424498319626, 2.030369250860531e-05, 3.70529705833178e-05, 0.0009290033485740423, 0.00035557945375330746, 0.0006905414629727602, 7.9673009167891e-05, 0.003538086311891675, 3.4001819585682824e-05, 0.0010403185151517391, 0.00038296362617984414, 0.0004092474700883031, 0.00019411319226492196]","[0.002361297607421875, 0.99658203125, 0.0010833740234375]","[0.002361297607421875, 0.99658203125, 0.0010833740234375]",False,YETERSİZ VERİ,RET,True,False,14729.490800000349,"{""K1_input_and_readiness"": 0.04749999789055437, ""K7_context"": 0.0008999995770864189, ""K1_normalization"": 0.009400002454640344, ""K6_advisory"": 21.631399999023415, ""K1_intent"": 0.031600000511389226, ""K2_retrieval"": 182.10030000045663, ""K3_reranker"": 2059.996799998771, ""K8_weighted_ranking"": 0.9624999984225724, ""K3_candidate_filters"": 0.2688999993551988, ""K9_advisory_consensus"": 0.004800000169780105, ""K4_nli_and_bypass_check"": 400.07730000070296, ""K5_decision"": 359.66740000003483}",27242
FACTURK-0411,DOĞRU,"[8583, 12534, 9657, 13043, 9405, 14887, 4791, 13534, 12699, 20248, 2235, 9131, 18096, 27270, 22357, 13101, 12349, 25873, 28328, 11988]","[3.1941821362124756e-05, 0.008610767312347889, 0.004627529997378588, 0.0006641048239544034, 8.349628478754312e-05, 0.00220838887616992, 0.00048406238784082234, 0.0008492455235682428, 0.0008135565440170467, 0.0006745558930560946, 9.83811987680383e-05, 0.0014721895568072796, 0.00016603845870122313, 0.0001823546044761315, 0.005426943302154541, 0.0005295418086461723, 0.07146149128675461, 4.870464181294665e-05, 0.0005484792054630816, 0.0007885457598604262]","[0.0002161264419555664, 0.99951171875, 6.759166717529297e-05]","[0.0002161264419555664, 0.99951171875, 6.759166717529297e-05]",False,YALAN,RED,False,False,14747.049100002187,"{""K1_input_and_readiness"": 0.052699997468153015, ""K7_context"": 0.0011999982234556228, ""K1_normalization"": 0.009800001862458885, ""K6_advisory"": 22.185100002388936, ""K1_intent"": 0.03339999966556206, ""K2_retrieval"": 167.43700000006356, ""K3_reranker"": 2132.5295999995433, ""K8_weighted_ranking"": 1.041400002577575, ""K3_candidate_filters"": 0.0018999999156221747, ""K9_advisory_consensus"": 0.014400000509340316, ""K4_nli_and_bypass_check"": 16.61390000299434, ""K5_decision"": 0.2271999983349815}",web_ea7a83a7_0
FACTURK-0412,DOĞRU,"[25558, 9754, 12923, 14076, 20544, 14240, 6486, 3535, 29982, 28968, 27024, 23260, 9374, 2065, 20627, 10088, 9756, 16569, 8462, 27144]","[0.6085359454154968, 0.0018243826925754547, 0.0005725466180592775, 9.610241977497935e-05, 0.0009039677679538727, 0.00035419364576227963, 0.00012632041762117296, 0.0005092656938359141, 6.868317723274231e-05, 0.0004124558763578534, 0.0003053489199373871, 5.144220995134674e-05, 0.0003569706459529698, 6.302758993115276e-05, 1.8200149497715756e-05, 0.0001511819864390418, 0.00204276479780674, 0.8602518439292908, 4.539786823443137e-05, 0.0005614787805825472]","[0.15478515625, 0.3466796875, 0.49853515625]","[0.15478515625, 0.3466796875, 0.49853515625]",False,YALAN,RED,False,False,1907.0361999984016,"{""K1_input_and_readiness"": 0.03859999924316071, ""K7_context"": 0.0008999995770864189, ""K1_normalization"": 0.006499998562503606, ""K6_advisory"": 20.656199998484226, ""K1_intent"": 0.02479999966453761, ""K2_retrieval"": 152.32499999910942, ""K3_reranker"": 1282.9731999991054, ""K8_weighted_ranking"": 0.9226999973179772, ""K3_candidate_filters"": 0.5134000020916574, ""K9_advisory_consensus"": 0.004999998054699972, ""K4_nli_and_bypass_check"": 216.12759999698028, ""K5_decision"": 230.76229999787756}",16569
FACTURK-0413,DOĞRU,"[2640, 1116, 21853, 12460, 20696, 27566, 11323, 28252, 11736, 9834, 23417, 48, 18206, 21717, 28285, 15736, 12905, 16428, 2735, 20378]","[0.996434211730957, 2.977311669383198e-05, 0.0006462032906711102, 2.449082603561692e-05, 1.7917987861437723e-05, 6.402006692951545e-05, 1.6061610949691385e-05, 1.67014204635052e-05, 1.6187581422855146e-05, 0.0008393599418923259, 0.0004673480580095202, 0.0006312434561550617, 2.6897845600615256e-05, 1.6061610949691385e-05, 9.098840382648632e-05, 2.5466406441410072e-05, 0.000159678646014072, 1.6187581422855146e-05, 5.9673518990166485e-05, 8.957788668340072e-05]","[0.9990234375, 0.0005326271057128906, 0.0004782676696777344]","[0.9990234375, 0.0005326271057128906, 0.0004782676696777344]",False,DOĞRU,ONAY,False,False,1585.218000000168,"{""K1_input_and_readiness"": 0.0411000000895001, ""K7_context"": 0.0010000003385357559, ""K1_normalization"": 0.007300001016119495, ""K6_advisory"": 20.86319999943953, ""K1_intent"": 0.023399999918183312, ""K2_retrieval"": 152.3806000004697, ""K3_reranker"": 1305.6329999999434, ""K8_weighted_ranking"": 0.9649999992689118, ""K3_candidate_filters"": 0.2750999992713332, ""K9_advisory_consensus"": 0.004999998054699972, ""K4_nli_and_bypass_check"": 58.25399999957881, ""K5_decision"": 44.144800001959084}",2640
FACTURK-0414,YALAN,"[14200, 13022, 17867, 5253, 1134, 25536, 26210, 291, 5989, 11398, 16881, 14933, 10077, 23063, 23684, 28917, 9631, 19753, 3025, 23178]","[0.11338309943675995, 0.00036829791497439146, 0.007066400721669197, 0.00032503585680387914, 0.00026738259475678205, 0.03676946833729744, 0.005774929653853178, 0.01590639166533947, 0.00821969285607338, 0.0061212810687720776, 0.6192986369132996, 0.0014664583140984178, 0.10725032538175583, 0.000552778656128794, 0.08601588010787964, 0.001151399570517242, 0.0002269338583573699, 0.005099818110466003, 0.0012943679466843605, 0.0002251682453788817]","[0.9990234375, 0.0004973411560058594, 0.0006127357482910156]","[0.9990234375, 0.0004973411560058594, 0.0006127357482910156]",False,DOĞRU,ONAY,False,False,13964.58150000035,"{""K1_input_and_readiness"": 0.05219999729888514, ""K7_context"": 0.0011000010999850929, ""K1_normalization"": 0.010100000508828089, ""K6_advisory"": 20.527900000161026, ""K1_intent"": 0.028300000849412754, ""K2_retrieval"": 194.00390000009793, ""K3_reranker"": 1310.7767000001331, ""K8_weighted_ranking"": 0.9518000006210059, ""K3_candidate_filters"": 0.274499998340616, ""K9_advisory_consensus"": 0.005100002454128116, ""K4_nli_and_bypass_check"": 589.2922999992152, ""K5_decision"": 533.892300001753}",web_05b19810_0
FACTURK-0415,DOĞRU,"[1375, 10701, 3786, 12334, 12098, 1388, 4166, 26261, 17263, 8254, 25180, 28319, 14613, 28462, 17165, 26229, 15769, 8832, 20428, 19903]","[0.001085944357328117, 0.0012448433553799987, 2.265035072923638e-05, 0.00021485926117748022, 1.6187581422855146e-05, 1.6442494597868063e-05, 0.00039666122756898403, 1.6442494597868063e-05, 7.141901005525142e-05, 2.0462934116949327e-05, 0.005119676236063242, 4.0694576455280185e-05, 1.750292540236842e-05, 0.004591683857142925, 1.6061610949691385e-05, 3.619466951931827e-05, 1.6187581422855146e-05, 1.6314539607265033e-05, 1.6187581422855146e-05, 2.6274772608303465e-05]",null,"[1.0, 0.0, 0.0]",True,DOĞRU,ONAY,False,False,13167.077999998583,"{""K1_input_and_readiness"": 0.03730000025825575, ""K7_context"": 0.0009999967005569488, ""K1_normalization"": 0.007200000254670158, ""K6_advisory"": 20.685999999841442, ""K1_intent"": 0.019899998733308166, ""K2_retrieval"": 149.74520000032499, ""K3_reranker"": 1290.4083000030369, ""K8_weighted_ranking"": 0.9262999992643017, ""K3_candidate_filters"": 0.0018999999156221747, ""K9_advisory_consensus"": 0.01420000262442045, ""K4_nli_and_bypass_check"": 0.1405000002705492, ""K5_decision"": 0.15929999790387228}",web_64bda737_0
FACTURK-0416,YALAN,"[6039, 4402, 331, 10905, 19286, 4975, 21449, 21506, 28232, 14232, 27460, 86, 23537, 3945, 136, 17161, 22929, 6189, 28672, 1406]","[0.0002492325147613883, 0.018264278769493103, 0.0005930210463702679, 0.005554925184696913, 0.005384937860071659, 0.00020988310279790312, 0.00012830943160224706, 0.0009362827986478806, 1.6061610949691385e-05, 0.04672495648264885, 1.657145367062185e-05, 0.009161027148365974, 1.6061610949691385e-05, 8.220189192797989e-05, 0.0060739340260624886, 0.0008969392511062324, 0.00013982206291984767, 0.0005770345451310277, 2.6480842279852368e-05, 0.0001699752756394446]","[0.0013647079467773438, 0.017486572265625, 0.98095703125]","[0.0013647079467773438, 0.017486572265625, 0.98095703125]",False,YALAN,RED,False,False,12904.360500000621,"{""K1_input_and_readiness"": 0.04950000220560469, ""K7_context"": 0.0012000018614344299, ""K1_normalization"": 0.009100000170292333, ""K6_advisory"": 21.184299999731593, ""K1_intent"": 0.032800002372823656, ""K2_retrieval"": 161.21570000177599, ""K3_reranker"": 1279.2016999992484, ""K8_weighted_ranking"": 1.0881000016524922, ""K3_candidate_filters"": 0.0024000000848900527, ""K9_advisory_consensus"": 0.013700002455152571, ""K4_nli_and_bypass_check"": 177.49739999999292, ""K5_decision"": 154.43370000139112}",web_5cbeb636_0
FACTURK-0417,DOĞRU,"[3016, 24512, 27939, 5730, 4573, 20675, 6028, 3008, 10764, 12664, 20948, 8563, 4708, 2498, 3328, 11195, 5203, 13365, 25798, 1122]","[0.00014653129619546235, 0.00014313739666249603, 0.000192602863535285, 0.00026530236937105656, 0.0016484829830005765, 0.00026947917649522424, 7.311254739761353e-05, 7.141901005525142e-05, 1.7640199075685814e-05, 0.0029694451950490475, 0.02970374934375286, 1.6314539607265033e-05, 1.7778551409719512e-05, 3.2955729693640023e-05, 9.915272676153108e-05, 0.00048406238784082234, 0.002790037775412202, 0.0026010938454419374, 1.6314539607265033e-05, 1.7231572201126255e-05]",null,"[1.0, 0.0, 0.0]",True,DOĞRU,ONAY,False,False,12162.397800002509,"{""K1_input_and_readiness"": 0.03909999941242859, ""K7_context"": 0.0008999995770864189, ""K1_normalization"": 0.007899998308857903, ""K6_advisory"": 20.197199999529403, ""K1_intent"": 0.023299999156733975, ""K2_retrieval"": 151.74889999980223, ""K3_reranker"": 1312.7881000000343, ""K8_weighted_ranking"": 0.9666999976616353, ""K3_candidate_filters"": 0.0017999991541728377, ""K9_advisory_consensus"": 0.01340000017080456, ""K4_nli_and_bypass_check"": 0.1503000021330081, ""K5_decision"": 0.17440000010537915}",web_29d431cf_0
FACTURK-0418,YALAN,"[21415, 13335, 959, 24015, 13795, 29403, 15297, 29365, 14105, 24613, 17227, 16619, 9527, 5496, 4452, 19484, 23686, 22218, 12265, 2000]","[0.0014269596431404352, 0.01750955730676651, 0.008711384609341621, 0.5323339700698853, 0.4607134461402893, 0.09235979616641998, 0.009232213720679283, 2.566613329690881e-05, 0.010408313944935799, 0.0443485826253891, 0.00043055712012574077, 0.00214894930832088, 0.003579642390832305, 0.04328484088182449, 0.014615669846534729, 0.03767939284443855, 0.0022872276604175568, 0.004485794343054295, 0.03390795737504959, 0.060086652636528015]","[0.026580810546875, 0.9716796875, 0.0018939971923828125]","[0.026580810546875, 0.9716796875, 0.0018939971923828125]",False,YETERSİZ VERİ,RET,True,False,15209.804799997073,"{""K1_input_and_readiness"": 0.06519999806187116, ""K7_context"": 0.0010999974620062858, ""K1_normalization"": 0.009399998816661537, ""K6_advisory"": 60.720199999195756, ""K1_intent"": 0.0441999982285779, ""K2_retrieval"": 197.01379999969504, ""K3_reranker"": 1628.2452999985253, ""K8_weighted_ranking"": 0.9358999996038619, ""K3_candidate_filters"": 0.5315999987942632, ""K9_advisory_consensus"": 0.005699999746866524, ""K4_nli_and_bypass_check"": 547.4484999976994, ""K5_decision"": 539.9919999981648}",24015
FACTURK-0419,DOĞRU,"[2263, 4563, 28522, 26429, 18895, 22945, 9072, 13212, 16285, 736, 6412, 18134, 18466, 5082, 328, 7874, 2305, 758, 25747, 28405]","[0.1559762954711914, 0.04931359738111496, 0.004681822378188372, 4.469407213036902e-05, 0.0003029734070878476, 0.23074638843536377, 0.00032503585680387914, 0.0007885457598604262, 0.007815888151526451, 0.009412589482963085, 9.7615658887662e-05, 8.156224066624418e-05, 0.004773722495883703, 1.6964426322374493e-05, 0.006850480102002621, 1.6314539607265033e-05, 0.00034870431409217417, 0.004101929254829884, 1.6061610949691385e-05, 0.004365325905382633]",null,null,False,YETERSİZ VERİ,RET,True,False,13857.175699999061,"{""K1_input_and_readiness"": 0.051700000767596066, ""K7_context"": 0.0011000010999850929, ""K1_normalization"": 0.008799997885944322, ""K6_advisory"": 20.889399998850422, ""K1_intent"": 0.028200000087963417, ""K2_retrieval"": 165.27490000225953, ""K3_reranker"": 2355.566300000646, ""K8_weighted_ranking"": 1.1782000001403503, ""K3_candidate_filters"": 0.0024999972083605826}",
FACTURK-0420,YALAN,"[23624, 17707, 13918, 16937, 5137, 11587, 2701, 1232, 26065, 9812, 15905, 5659, 28278, 28011, 24784, 23377, 26543, 26648, 11908, 4999]","[8.750300185056403e-05, 1.683241134742275e-05, 0.00028462239424698055, 0.00014883848780300468, 5.2662067901110277e-05, 1.6442494597868063e-05, 1.6061610949691385e-05, 1.6187581422855146e-05, 0.0059110685251653194, 1.7366719475830905e-05, 9.242113446816802e-05, 0.02881619706749916, 1.7366719475830905e-05, 0.0002492325147613883, 0.0005506247980520129, 1.805851934477687e-05, 2.0785171727766283e-05, 1.6964426322374493e-05, 1.6061610949691385e-05, 0.0014895173953846097]",null,"[1.0, 0.0, 0.0]",True,DOĞRU,ONAY,False,False,14407.813599998917,"{""K1_input_and_readiness"": 0.047900000936351717, ""K7_context"": 0.0012999989849049598, ""K1_normalization"": 0.009499999578110874, ""K6_advisory"": 20.999899999878835, ""K1_intent"": 0.03409999771974981, ""K2_retrieval"": 166.2501999999222, ""K3_reranker"": 1570.6399000009696, ""K8_weighted_ranking"": 1.009600000543287, ""K3_candidate_filters"": 0.0024000000848900527, ""K9_advisory_consensus"": 0.012999997125007212, ""K4_nli_and_bypass_check"": 0.15500000154133886, ""K5_decision"": 0.18540000019129366}",web_b51faed1_0
FACTURK-0421,YALAN,"[20918, 5519, 2830, 16277, 5488, 11845, 12130, 22939, 7660, 14775, 20923, 7649, 60, 27151, 6914, 3241, 19436, 10081, 2724, 2304]","[0.02280263602733612, 0.009974920190870762, 0.0026419467758387327, 0.007937993854284286, 0.001667882315814495, 0.10176784545183182, 0.002074867021292448, 0.05360114201903343, 0.003538086311891675, 0.0023688741493970156, 0.0012065897462889552, 0.0006771942134946585, 1.805851934477687e-05, 4.9086618673754856e-05, 0.00014313739666249603, 0.000758359965402633, 0.005980330519378185, 0.40397825837135315, 8.284655632451177e-05, 0.0022694687359035015]","[0.204345703125, 0.00823211669921875, 0.78759765625]","[0.204345703125, 0.00823211669921875, 0.78759765625]",False,YALAN,RED,False,False,1365.823399999499,"{""K1_input_and_readiness"": 0.036299999919719994, ""K7_context"": 0.0010999974620062858, ""K1_normalization"": 0.006999998731771484, ""K6_advisory"": 24.585399998613866, ""K1_intent"": 0.02479999966453761, ""K2_retrieval"": 139.14909999948577, ""K3_reranker"": 1096.2781000016548, ""K8_weighted_ranking"": 0.9787000017240644, ""K3_candidate_filters"": 0.26839999918593094, ""K9_advisory_consensus"": 0.005000001692678779, ""K4_nli_and_bypass_check"": 62.18730000182404, ""K5_decision"": 39.5762999978615}",10081
FACTURK-0422,YALAN,"[7487, 8774, 1956, 3567, 4432, 18538, 8652, 21422, 7736, 9393, 18977, 16946, 2534, 27218, 13574, 7834, 4987, 23946, 7761, 24706]","[0.9207897186279297, 0.0009004466701298952, 0.002182716503739357, 0.0007014083093963563, 0.0015792594058439136, 0.0003640086797531694, 0.0011291546979919076, 0.0020111582707613707, 0.005641908384859562, 0.000347345310728997, 6.657015910604969e-05, 0.0010362669127061963, 0.0012065897462889552, 0.00038747614598833025, 6.352188938762993e-05, 0.00014313739666249603, 0.00012632041762117296, 0.005641908384859562, 1.657145367062185e-05, 0.005469274241477251]","[0.98779296875, 0.0098419189453125, 0.0021915435791015625]","[0.98779296875, 0.0098419189453125, 0.0021915435791015625]",False,YALAN,UYARI,False,False,1436.2001999979839,"{""K1_input_and_readiness"": 0.039100003050407395, ""K7_context"": 0.000900003215065226, ""K1_normalization"": 0.007800001185387373, ""K6_advisory"": 21.22810000219033, ""K1_intent"": 0.024900000425986946, ""K2_retrieval"": 149.64349999718252, ""K3_reranker"": 1243.9816000005521, ""K8_weighted_ranking"": 0.9380000010423828, ""K3_candidate_filters"": 0.26870000147027895, ""K9_advisory_consensus"": 0.004800000169780105, ""K4_nli_and_bypass_check"": 17.232800000783755, ""K5_decision"": 0.3141999986837618}",7487
FACTURK-0423,DOĞRU,"[7288, 22754, 29572, 28582, 10220, 15747, 18427, 28927, 5739, 26267, 7122, 13321, 12890, 28463, 8833, 4376, 17883, 9299, 2262, 16683]","[1.6314539607265033e-05, 3.2955729693640023e-05, 0.00011501735571073368, 4.6474400733131915e-05, 0.0007124459953047335, 3.4001819585682824e-05, 0.00027372167096473277, 1.7097478121286258e-05, 0.0002396868512732908, 1.750292540236842e-05, 1.6187581422855146e-05, 4.469407213036902e-05, 2.0785171727766283e-05, 1.657145367062185e-05, 0.001151399570517242, 1.6187581422855146e-05, 0.0006745558930560946, 0.00046190584544092417, 2.265035072923638e-05, 0.0020667945500463247]",null,"[1.0, 0.0, 0.0]",True,DOĞRU,ONAY,False,False,14563.30750000052,"{""K1_input_and_readiness"": 0.039200000173877925, ""K7_context"": 0.0010000003385357559, ""K1_normalization"": 0.008000002708286047, ""K6_advisory"": 21.125999999640044, ""K1_intent"": 0.026199999410891905, ""K2_retrieval"": 156.44139999858453, ""K3_reranker"": 2014.423499997065, ""K8_weighted_ranking"": 1.003000001219334, ""K3_candidate_filters"": 0.0038000034692231566, ""K9_advisory_consensus"": 0.014400000509340316, ""K4_nli_and_bypass_check"": 0.21940000078757294, ""K5_decision"": 0.2409999979136046}",web_07f1f9de_0
FACTURK-0424,DOĞRU,"[10712, 13465, 16334, 6915, 9360, 19707, 26822, 28258, 11397, 28039, 2129, 4872, 25033, 7816, 27699, 27675, 18479, 4770, 29101, 18376]","[0.00012148174573667347, 0.020685460418462753, 0.0006238938658498228, 6.402006692951545e-05, 4.1986306314356625e-05, 0.0007702931761741638, 0.004556113854050636, 2.710879925871268e-05, 1.7097478121286258e-05, 0.0003920417802873999, 1.7097478121286258e-05, 1.7231572201126255e-05, 1.6187581422855146e-05, 0.0004442183708306402, 0.00028462239424698055, 1.6187581422855146e-05, 2.3737338779028505e-05, 1.9373936083866283e-05, 4.539786823443137e-05, 6.402006692951545e-05]",null,"[1.0, 0.0, 0.0]",True,DOĞRU,ONAY,False,False,6316.444199997932,"{""K1_input_and_readiness"": 0.05059999966761097, ""K7_context"": 0.0010000003385357559, ""K1_normalization"": 0.008800001523923129, ""K6_advisory"": 20.74480000010226, ""K1_intent"": 0.028800001018680632, ""K2_retrieval"": 168.9245999987179, ""K3_reranker"": 1188.33480000103, ""K8_weighted_ranking"": 0.9277000026486348, ""K3_candidate_filters"": 0.0018999999156221747, ""K9_advisory_consensus"": 0.013200002285884693, ""K4_nli_and_bypass_check"": 0.19729999985429458, ""K5_decision"": 0.24300000222865492}",web_1b0628ce_0
FACTURK-0425,DOĞRU,"[11467, 372, 23857, 15573, 9799, 28435, 23363, 28856, 30193, 14098, 9581, 15663, 9061, 11935, 23181, 5774, 28770, 24639, 18701, 13912]","[6.868317723274231e-05, 0.006338921841233969, 4.683888619183563e-05, 0.00026947917649522424, 1.67014204635052e-05, 0.0034834241960197687, 3.095910506090149e-05, 0.014728614129126072, 6.922183820279315e-05, 5.144220995134674e-05, 2.178264912799932e-05, 0.0008072304772213101, 4.0694576455280185e-05, 0.0010403185151517391, 0.0025016965810209513, 3.975192521465942e-05, 0.00044248730409890413, 0.0022872276604175568, 0.0003053489199373871, 5.605828482657671e-05]",null,null,False,YETERSİZ VERİ,RET,True,False,13955.467699997826,"{""K1_input_and_readiness"": 0.05669999882229604, ""K7_context"": 0.0009999967005569488, ""K1_normalization"": 0.010799998563015833, ""K6_advisory"": 21.198700000240933, ""K1_intent"": 0.030899998819222674, ""K2_retrieval"": 174.65630000151577, ""K3_reranker"": 1244.2492000009224, ""K8_weighted_ranking"": 0.9365000005345792, ""K3_candidate_filters"": 0.0018999999156221747}",
FACTURK-0426,DOĞRU,"[14525, 22551, 487, 20305, 19258, 1272, 12161, 28629, 19175, 20828, 25811, 2498, 25178, 4119, 6336, 15675, 26355, 26166, 29881, 5898]","[0.9330658316612244, 0.019531238824129105, 0.019606182351708412, 0.7585106492042542, 0.02489279955625534, 0.001052568550221622, 0.0009217804181389511, 0.007431773468852043, 0.003456409554928541, 3.373722574906424e-05, 0.005957154091447592, 0.00020988310279790312, 0.00019871552649419755, 0.0016103574307635427, 0.003172682598233223, 0.0002251682453788817, 0.0012545944191515446, 0.0029008574783802032, 0.0035243413876742125, 0.010130411013960838]","[0.004306793212890625, 0.99462890625, 0.0008473396301269531]","[0.004306793212890625, 0.99462890625, 0.0008473396301269531]",False,YETERSİZ VERİ,RET,True,False,12748.755500000698,"{""K1_input_and_readiness"": 0.09979999958886765, ""K7_context"": 0.0011999982234556228, ""K1_normalization"": 0.011100000847363845, ""K6_advisory"": 20.8723000032478, ""K1_intent"": 0.03189999915775843, ""K2_retrieval"": 190.7229999997071, ""K3_reranker"": 1706.7714000004344, ""K8_weighted_ranking"": 0.8988000008685049, ""K3_candidate_filters"": 0.5219000013312325, ""K9_advisory_consensus"": 0.005099998816149309, ""K4_nli_and_bypass_check"": 16.978700001345715, ""K5_decision"": 0.11900000026798807}",web_5e86c727_0
FACTURK-0427,YALAN,"[16404, 2409, 15160, 20175, 4441, 6593, 15673, 27707, 22840, 29203, 28765, 5321, 14505, 22626, 16026, 7375, 438, 18017, 25537, 15097]","[0.05070536583662033, 0.07963873445987701, 0.008251599036157131, 0.08284562826156616, 0.09170696139335632, 0.0008231385727412999, 0.7851439118385315, 0.007011794950813055, 0.6782203912734985, 0.00013552077871281654, 0.058884695172309875, 0.005199879873543978, 0.0019800399895757437, 0.4131811261177063, 0.0009399438858963549, 0.0018675660248845816, 0.019985152408480644, 0.0064882696606218815, 0.00677120964974165, 0.002992665395140648]","[0.00847625732421875, 0.98291015625, 0.0087738037109375]","[0.00847625732421875, 0.98291015625, 0.0087738037109375]",False,YALAN,RED,False,False,17923.680399999284,"{""K1_input_and_readiness"": 0.08560000060242601, ""K7_context"": 0.0011000010999850929, ""K1_normalization"": 0.018300001102034003, ""K6_advisory"": 20.256499999959487, ""K1_intent"": 0.042100000428035855, ""K2_retrieval"": 251.39459999991232, ""K3_reranker"": 2249.675199997, ""K8_weighted_ranking"": 0.9949000013875775, ""K3_candidate_filters"": 0.8428999972238671, ""K9_advisory_consensus"": 0.005699999746866524, ""K4_nli_and_bypass_check"": 1059.3879000007291, ""K5_decision"": 1047.2605000031763}",web_11b794f2_0
FACTURK-0428,YALAN,"[25041, 24525, 3378, 11788, 8278, 24380, 12437, 2424, 24083, 15787, 7449, 2900, 16862, 15442, 12664, 27696, 327, 12334, 3778, 22752]","[0.001512938179075718, 0.9133679866790771, 0.003914823289960623, 0.018797073513269424, 0.016593176871538162, 0.03004336729645729, 2.9541422918555327e-05, 0.022328782826662064, 6.976470467634499e-05, 2.178264912799932e-05, 0.014337030239403248, 0.0003711854515131563, 0.009412589482963085, 0.0010566838318482041, 0.0017073675990104675, 0.0008592476369813085, 0.0018458482809364796, 1.7231572201126255e-05, 0.014337030239403248, 0.01358439214527607]","[0.99951171875, 0.00022292137145996094, 0.0002605915069580078]","[0.99951171875, 0.00022292137145996094, 0.0002605915069580078]",False,DOĞRU,ONAY,False,False,14186.418799999956,"{""K1_input_and_readiness"": 0.04230000195093453, ""K7_context"": 0.0011000010999850929, ""K1_normalization"": 0.008200000593205914, ""K6_advisory"": 20.30419999937294, ""K1_intent"": 0.0230999976338353, ""K2_retrieval"": 165.77130000223406, ""K3_reranker"": 2132.6541999987967, ""K8_weighted_ranking"": 1.1278999991191085, ""K3_candidate_filters"": 0.28419999944162555, ""K9_advisory_consensus"": 0.004500001523410901, ""K4_nli_and_bypass_check"": 269.83019999897806, ""K5_decision"": 256.0520999977598}",web_a4f2d378_0
FACTURK-0429,DOĞRU,"[11936, 11989, 1488, 15463, 9479, 18230, 3233, 2177, 15516, 27251, 2007, 13302, 18181, 24053, 526, 8727, 12152, 23463, 20148, 18202]","[0.9734434485435486, 0.0005907104350626469, 1.7640199075685814e-05, 0.28140559792518616, 0.000810387369710952, 1.9525883544702083e-05, 2.4300241420860402e-05, 0.00010391067189630121, 0.0024060888681560755, 1.6442494597868063e-05, 9.098840382648632e-05, 3.8229114579735324e-05, 1.6442494597868063e-05, 2.014569145103451e-05, 1.67014204635052e-05, 1.8631746570463292e-05, 1.6314539607265033e-05, 3.1941821362124756e-05, 0.004773722495883703, 4.6474400733131915e-05]","[0.9990234375, 0.0005636215209960938, 0.00048089027404785156]","[0.9990234375, 0.0005636215209960938, 0.00048089027404785156]",False,DOĞRU,ONAY,False,False,1599.4817999999213,"{""K1_input_and_readiness"": 0.03690000085043721, ""K7_context"": 0.0010000003385357559, ""K1_normalization"": 0.00670000008540228, ""K6_advisory"": 21.784399999887682, ""K1_intent"": 0.024599998141638935, ""K2_retrieval"": 148.10080000097514, ""K3_reranker"": 1328.2490000019607, ""K8_weighted_ranking"": 0.9367999991809484, ""K3_candidate_filters"": 0.26989999969373457, ""K9_advisory_consensus"": 0.005000001692678779, ""K4_nli_and_bypass_check"": 56.55950000073062, ""K5_decision"": 40.85029999987455}",11936
FACTURK-0430,DOĞRU,"[5082, 28961, 1571, 853, 18120, 17227, 21738, 26770, 12833, 20822, 12277, 23694, 12905, 7186, 5225, 23153, 16384, 3798, 28705, 676]","[1.750292540236842e-05, 1.6314539607265033e-05, 1.7778551409719512e-05, 3.70529705833178e-05, 1.7778551409719512e-05, 0.0002472934720572084, 1.7917987861437723e-05, 1.6314539607265033e-05, 1.657145367062185e-05, 0.004848532844334841, 1.6061610949691385e-05, 0.0017683517653495073, 9.915272676153108e-05, 1.7366719475830905e-05, 0.00019411319226492196, 1.6442494597868063e-05, 1.7231572201126255e-05, 1.6314539607265033e-05, 1.67014204635052e-05, 4.9086618673754856e-05]",null,"[1.0, 0.0, 0.0]",True,DOĞRU,ONAY,False,False,13085.476099997322,"{""K1_input_and_readiness"": 0.038800000766059384, ""K7_context"": 0.0010000003385357559, ""K1_normalization"": 0.006800000846851617, ""K6_advisory"": 20.961799997166963, ""K1_intent"": 0.025499997718725353, ""K2_retrieval"": 153.24970000074245, ""K3_reranker"": 1342.5795000002836, ""K8_weighted_ranking"": 0.9686000012152363, ""K3_candidate_filters"": 0.0018999999156221747, ""K9_advisory_consensus"": 0.014499997632810846, ""K4_nli_and_bypass_check"": 0.14739999824087135, ""K5_decision"": 0.176199999259552}",web_d8557151_0
FACTURK-0431,DOĞRU,"[19220, 20316, 14728, 17796, 12560, 6149, 10127, 10148, 16026, 25167, 21318, 16931, 454, 19799, 24087, 12063, 15358, 561, 16021, 1135]","[0.003429603995755315, 0.0001823546044761315, 0.004755199886858463, 0.0012303582625463605, 0.000337979436153546, 0.0005336928297765553, 1.6187581422855146e-05, 1.67014204635052e-05, 0.0014437558129429817, 0.0003029734070878476, 1.657145367062185e-05, 4.365878339740448e-05, 0.006026951130479574, 0.000503335555549711, 1.6442494597868063e-05, 2.818866414600052e-05, 0.00020342698553577065, 2.0462934116949327e-05, 2.2474090656032786e-05, 0.00033930176869034767]","[0.0007700920104980469, 0.9990234375, 0.0003941059112548828]","[0.0007700920104980469, 0.9990234375, 0.0003941059112548828]",False,YALAN,RED,False,False,15642.38910000131,"{""K1_input_and_readiness"": 0.06660000144620426, ""K7_context"": 0.0016000012692529708, ""K1_normalization"": 0.011199997970834374, ""K6_advisory"": 24.409599998762133, ""K1_intent"": 0.04690000059781596, ""K2_retrieval"": 204.67030000145314, ""K3_reranker"": 2115.3254999990168, ""K8_weighted_ranking"": 1.0857999986910727, ""K3_candidate_filters"": 0.0022999993234407157, ""K9_advisory_consensus"": 0.013100001524435356, ""K4_nli_and_bypass_check"": 646.3796999996703, ""K5_decision"": 610.0177999978769}",web_b171d938_0
FACTURK-0432,DOĞRU,"[24888, 22474, 8448, 21526, 15476, 3483, 18630, 18332, 29315, 20075, 6941, 26521, 557, 7323, 25166, 10302, 14624, 17738, 18607, 22908]","[0.3443332016468048, 0.0009659748757258058, 0.0013617033837363124, 0.0014381353976204991, 0.03488088399171829, 0.003260345896705985, 0.0003611769643612206, 0.003403005190193653, 0.055005285888910294, 0.04724971577525139, 0.008030813187360764, 0.01784873753786087, 0.034358687698841095, 0.0009927261853590608, 0.0008761798962950706, 0.0004673480580095202, 0.0004974745097570121, 3.619466951931827e-05, 0.00034870431409217417, 0.002833849750459194]","[0.96142578125, 0.01666259765625, 0.0217437744140625]","[0.96142578125, 0.01666259765625, 0.0217437744140625]",False,DOĞRU,ONAY,False,False,13609.784500000387,"{""K1_input_and_readiness"": 0.03479999941191636, ""K7_context"": 0.0008999995770864189, ""K1_normalization"": 0.006400001439033076, ""K6_advisory"": 21.7969000004814, ""K1_intent"": 0.020700001186924055, ""K2_retrieval"": 142.2342000005301, ""K3_reranker"": 1885.9445000016422, ""K8_weighted_ranking"": 1.0212999986833893, ""K3_candidate_filters"": 0.2643000007083174, ""K9_advisory_consensus"": 0.01340000017080456, ""K4_nli_and_bypass_check"": 163.32609999881242, ""K5_decision"": 122.43000000307802}",web_139c9a0d_0
FACTURK-0433,YALAN,"[15799, 15871, 24275, 12463, 12682, 25027, 9745, 13159, 4181, 16370, 4354, 8281, 19323, 14174, 10376, 10374, 16962, 24636, 23312, 29455]","[0.001518850913271308, 8.156224066624418e-05, 5.1845658163074404e-05, 8.349628478754312e-05, 0.026355354115366936, 0.003403005190193653, 1.67014204635052e-05, 1.6187581422855146e-05, 2.030369250860531e-05, 0.0003366621967870742, 0.013325147330760956, 1.6187581422855146e-05, 2.7751651941798627e-05, 1.6187581422855146e-05, 0.0019418168812990189, 0.007345826830714941, 0.0010122860549017787, 2.0785171727766283e-05, 0.00013032974675297737, 7.662102143513039e-05]","[0.00836944580078125, 0.93017578125, 0.061676025390625]","[0.00836944580078125, 0.93017578125, 0.061676025390625]",False,YALAN,RED,False,False,11010.073499997816,"{""K1_input_and_readiness"": 0.05160000000614673, ""K7_context"": 0.0010000003385357559, ""K1_normalization"": 0.010600000678095967, ""K6_advisory"": 20.412300000316463, ""K1_intent"": 0.02800000220304355, ""K2_retrieval"": 173.61280000113766, ""K3_reranker"": 2295.6990000020596, ""K8_weighted_ranking"": 0.9228000017174054, ""K3_candidate_filters"": 0.0019999970390927047, ""K9_advisory_consensus"": 0.012900000001536682, ""K4_nli_and_bypass_check"": 587.6174000004539, ""K5_decision"": 522.3465999988548}",web_5610e665_0
FACTURK-0434,DOĞRU,"[28652, 11740, 24477, 12089, 13838, 25205, 11648, 18950, 3817, 24455, 6604, 26468, 17595, 15366, 7669, 22981, 30247, 25113, 18468, 10139]","[2.566613329690881e-05, 0.0017007222631946206, 3.426849070820026e-05, 2.818866414600052e-05, 5.475977377500385e-05, 1.805851934477687e-05, 5.738759500673041e-05, 7.311254739761353e-05, 2.030369250860531e-05, 1.7917987861437723e-05, 1.922317096614279e-05, 1.657145367062185e-05, 1.8342892872169614e-05, 5.920916373725049e-05, 0.05033063143491745, 1.967902426258661e-05, 1.6187581422855146e-05, 0.04138471558690071, 0.052134256809949875, 1.6187581422855146e-05]","[0.99755859375, 0.0015115737915039062, 0.0008578300476074219]","[0.99755859375, 0.0015115737915039062, 0.0008578300476074219]",False,DOĞRU,ONAY,False,False,14669.478499999968,"{""K1_input_and_readiness"": 0.045500000851461664, ""K7_context"": 0.0010000003385357559, ""K1_normalization"": 0.00790000194683671, ""K6_advisory"": 20.228299999871524, ""K1_intent"": 0.026300000172341242, ""K2_retrieval"": 167.43569999744068, ""K3_reranker"": 1247.0648000016809, ""K8_weighted_ranking"": 0.9288000001106411, ""K3_candidate_filters"": 0.0018999999156221747, ""K9_advisory_consensus"": 0.013299999409355223, ""K4_nli_and_bypass_check"": 94.92279999903985, ""K5_decision"": 79.8821999997017}",web_de62d5e4_0
FACTURK-0435,DOĞRU,"[15719, 3941, 25675, 3321, 4308, 8281, 17172, 10971, 19036, 741, 9228, 24164, 9375, 6420, 22355, 4144, 2829, 19633, 19463, 21128]","[0.0077555361203849316, 0.0004565269045997411, 0.0011160142021253705, 0.06866228580474854, 2.030369250860531e-05, 0.011687257327139378, 0.08374040573835373, 0.4724704921245575, 0.00037263770354911685, 3.071818719035946e-05, 0.00017536994710098952, 2.094818773912266e-05, 3.1201914680423215e-05, 0.0008559006964787841, 0.00011682839976856485, 0.0002780309587251395, 0.00023413581948261708, 0.00021824207215104252, 2.0623421733034775e-05, 4.037790131405927e-05]","[0.98828125, 0.00830078125, 0.0032958984375]","[0.98828125, 0.00830078125, 0.0032958984375]",False,DOĞRU,ONAY,False,False,13074.577299998055,"{""K1_input_and_readiness"": 0.04819999958272092, ""K7_context"": 0.0010999974620062858, ""K1_normalization"": 0.008600000001024455, ""K6_advisory"": 20.784500000445405, ""K1_intent"": 0.024499997380189598, ""K2_retrieval"": 155.82659999927273, ""K3_reranker"": 1047.34439999811, ""K8_weighted_ranking"": 1.0470999986864626, ""K3_candidate_filters"": 0.3112999984296039, ""K9_advisory_consensus"": 0.005999998393235728, ""K4_nli_and_bypass_check"": 227.78050000124495, ""K5_decision"": 204.3130000020028}",web_2ec60330_0
FACTURK-0436,YALAN,"[25225, 15787, 9220, 29106, 6704, 21007, 27894, 27696, 16063, 29050, 22218, 3189, 9150, 19237, 19258, 22465, 11479, 26284, 28547, 25228]","[0.015424552373588085, 0.017712298780679703, 0.02748069167137146, 0.8358858227729797, 0.13511791825294495, 0.44845646619796753, 0.008644177578389645, 0.0838903859257698, 0.2780607044696808, 0.20930801331996918, 0.06632687151432037, 0.0626743733882904, 0.5691343545913696, 0.06441766768693924, 0.006413164082914591, 0.26683464646339417, 0.01764446496963501, 0.043446898460388184, 0.013121271505951881, 0.17426970601081848]","[0.9990234375, 0.0004856586456298828, 0.0004329681396484375]","[0.9990234375, 0.0004856586456298828, 0.0004329681396484375]",False,DOĞRU,ONAY,False,False,11492.839300000924,"{""K1_input_and_readiness"": 0.048899997636908665, ""K7_context"": 0.0008999995770864189, ""K1_normalization"": 0.00920000093174167, ""K6_advisory"": 20.607300000847317, ""K1_intent"": 0.02719999974942766, ""K2_retrieval"": 177.44429999947897, ""K3_reranker"": 1329.5791000018653, ""K8_weighted_ranking"": 0.9043000027304515, ""K3_candidate_filters"": 0.7590999994135927, ""K9_advisory_consensus"": 0.0047000030463095754, ""K4_nli_and_bypass_check"": 300.94000000099186, ""K5_decision"": 277.1001000000979}",web_36b62e21_0
FACTURK-0437,DOĞRU,"[1217, 4441, 18277, 23453, 14335, 10293, 15713, 4021, 14868, 2629, 20275, 29440, 1900, 26726, 60, 19754, 12120, 13896, 12892, 24088]","[0.0004747042548842728, 0.00037555923336185515, 0.0007947254925966263, 1.8777873265207745e-05, 1.6314539607265033e-05, 0.004433765076100826, 1.7231572201126255e-05, 0.0004108485300093889, 4.6474400733131915e-05, 0.002521268092095852, 9.7615658887662e-05, 1.6314539607265033e-05, 0.0029008574783802032, 0.0006238938658498228, 1.6187581422855146e-05, 2.0623421733034775e-05, 1.6187581422855146e-05, 1.750292540236842e-05, 0.0009773502824828029, 4.331903619458899e-05]",null,"[1.0, 0.0, 0.0]",True,DOĞRU,ONAY,False,False,13046.01940000066,"{""K1_input_and_readiness"": 0.046299999667098746, ""K7_context"": 0.0011999982234556228, ""K1_normalization"": 0.009100000170292333, ""K6_advisory"": 20.873999998002546, ""K1_intent"": 0.027400001272326335, ""K2_retrieval"": 157.8826000004483, ""K3_reranker"": 2015.0991000009526, ""K8_weighted_ranking"": 1.0808000006363727, ""K3_candidate_filters"": 0.0018999999156221747, ""K9_advisory_consensus"": 0.012799999240087345, ""K4_nli_and_bypass_check"": 0.15839999832678586, ""K5_decision"": 0.19800000154646114}",web_b3c8af12_0
FACTURK-0438,YALAN,"[9556, 26997, 14048, 24244, 3711, 21190, 9044, 15568, 17350, 15869, 28285, 11008, 13927, 6221, 10748, 12440, 23857, 11548, 3995, 410]","[0.015306354500353336, 1.6442494597868063e-05, 5.874842099728994e-05, 1.7640199075685814e-05, 1.6187581422855146e-05, 0.00272558256983757, 0.0053225355222821236, 1.6314539607265033e-05, 1.6314539607265033e-05, 1.6442494597868063e-05, 1.8777873265207745e-05, 1.805851934477687e-05, 1.6314539607265033e-05, 0.0002415662893326953, 1.6442494597868063e-05, 1.657145367062185e-05, 1.6314539607265033e-05, 1.9525883544702083e-05, 1.6314539607265033e-05, 0.0034834241960197687]",null,"[1.0, 0.0, 0.0]",True,DOĞRU,ONAY,False,False,8995.197400003235,"{""K1_input_and_readiness"": 0.03890000152750872, ""K7_context"": 0.0011000010999850929, ""K1_normalization"": 0.006300000677583739, ""K6_advisory"": 25.171599998429883, ""K1_intent"": 0.030399998649954796, ""K2_retrieval"": 150.73929999925895, ""K3_reranker"": 2167.922399999952, ""K8_weighted_ranking"": 0.9919999974954408, ""K3_candidate_filters"": 0.0020000006770715117, ""K9_advisory_consensus"": 0.013900000340072438, ""K4_nli_and_bypass_check"": 0.1373999984934926, ""K5_decision"": 0.1579000017954968}",web_0d84d01d_0
FACTURK-0439,DOĞRU,"[25194, 4945, 25343, 20885, 26464, 5848, 23744, 29365, 12826, 28337, 13373, 3703, 7812, 28722, 29553, 21674, 350, 4638, 18681, 27480]","[0.0014437558129429817, 0.00013658353418577462, 4.1659583075670525e-05, 2.3007036361377686e-05, 0.0006878511630930007, 5.5622065701754764e-05, 3.4537253668531775e-05, 1.6187581422855146e-05, 0.00019871552649419755, 1.6187581422855146e-05, 2.586742994026281e-05, 1.683241134742275e-05, 1.6442494597868063e-05, 0.00017813112935982645, 0.0028449096716940403, 0.0033374049235135317, 1.6187581422855146e-05, 0.0017891592578962445, 7.031184941297397e-05, 0.0010005044750869274]",null,"[1.0, 0.0, 0.0]",True,DOĞRU,ONAY,False,False,11830.724100000225,"{""K1_input_and_readiness"": 0.04450000051292591, ""K7_context"": 0.0012000018614344299, ""K1_normalization"": 0.006999998731771484, ""K6_advisory"": 21.48700000179815, ""K1_intent"": 0.05109999983687885, ""K2_retrieval"": 152.8930999993463, ""K3_reranker"": 1121.6163999997661, ""K8_weighted_ranking"": 0.9406000026501715, ""K3_candidate_filters"": 0.0018999999156221747, ""K9_advisory_consensus"": 0.01340000017080456, ""K4_nli_and_bypass_check"": 0.14820000069448724, ""K5_decision"": 0.179899998329347}",web_b9acd45c_0
FACTURK-0440,YALAN,"[7010, 1570, 21223, 15749, 17750, 25396, 9855, 22321, 17009, 10366, 2770, 2859, 2643, 29574, 26659, 8660, 22195, 24237, 5728, 12060]","[0.006168995052576065, 0.0019192374311387539, 0.0002396868512732908, 0.00012931563833262771, 0.0015427322359755635, 0.00034464316559024155, 2.977311669383198e-05, 0.006564249750226736, 0.00016346470511052758, 1.6442494597868063e-05, 0.000539980421308428, 0.0025016965810209513, 0.000810387369710952, 0.0011832797899842262, 0.0026834397576749325, 2.8409744118107483e-05, 0.00010637458035489544, 1.6442494597868063e-05, 4.94715895911213e-05, 0.0011649561347439885]",null,null,False,YETERSİZ VERİ,RET,True,False,13689.329799999541,"{""K1_input_and_readiness"": 0.04540000009001233, ""K7_context"": 0.0011999982234556228, ""K1_normalization"": 0.007899998308857903, ""K6_advisory"": 21.145099999557715, ""K1_intent"": 0.025499997718725353, ""K2_retrieval"": 160.29060000073514, ""K3_reranker"": 1148.3398000018497, ""K8_weighted_ranking"": 0.9810000010475051, ""K3_candidate_filters"": 0.0018999999156221747}",
FACTURK-0441,YALAN,"[28944, 11083, 20052, 5621, 2337, 3843, 5659, 27985, 14516, 15394, 25811, 17017, 3819, 2047, 25399, 7836, 5397, 18468, 13066, 6189]","[0.03339982032775879, 0.00034196203341707587, 1.7231572201126255e-05, 3.647853736765683e-05, 5.649793456541374e-05, 1.9373936083866283e-05, 0.009898064658045769, 0.00014313739666249603, 1.6314539607265033e-05, 0.007846239022910595, 1.6061610949691385e-05, 0.00035419364576227963, 0.00017674513219390064, 1.67014204635052e-05, 0.0011380005162209272, 7.662102143513039e-05, 1.6314539607265033e-05, 0.07963873445987701, 1.6314539607265033e-05, 3.024195939360652e-05]",null,null,False,YETERSİZ VERİ,RET,True,False,6049.901000002137,"{""K1_input_and_readiness"": 0.054299998737405986, ""K7_context"": 0.0012999989849049598, ""K1_normalization"": 0.009400002454640344, ""K6_advisory"": 22.16989999942598, ""K1_intent"": 0.037000001611886546, ""K2_retrieval"": 153.92609999980778, ""K3_reranker"": 1590.2165999978024, ""K8_weighted_ranking"": 0.9220000029017683, ""K3_candidate_filters"": 0.0018000027921516448}",
FACTURK-0442,YALAN,"[4436, 22762, 23745, 22441, 309, 6469, 19092, 17360, 18606, 17970, 18358, 21437, 7166, 1995, 17027, 17900, 28501, 6291, 15938, 8019]","[0.00013765462790615857, 0.000159678646014072, 0.004886374808847904, 6.302758993115276e-05, 0.0015070488443598151, 0.0004859560285694897, 0.0037948342505842447, 0.003403005190193653, 0.0010901900241151452, 0.012527932412922382, 0.001201891340315342, 0.0006538155721500516, 0.0016484829830005765, 0.0014550630003213882, 0.0009004466701298952, 0.00033535013790242374, 0.0012448433553799987, 0.0013198634842410684, 0.0031603530514985323, 0.0001344663032796234]",null,null,False,YETERSİZ VERİ,RET,True,False,7264.142699998047,"{""K1_input_and_readiness"": 0.04760000228998251, ""K7_context"": 0.0013000026228837669, ""K1_normalization"": 0.008700000762473792, ""K6_advisory"": 66.9082000022172, ""K1_intent"": 0.028799997380701825, ""K2_retrieval"": 225.96269999849028, ""K3_reranker"": 2265.0823000003584, ""K8_weighted_ranking"": 1.203799998620525, ""K3_candidate_filters"": 0.0018999999156221747}",
FACTURK-0443,YALAN,"[13967, 4452, 6765, 26400, 4561, 12677, 14405, 13795, 11778, 8213, 4143, 17797, 20781, 4224, 24567, 12248, 10892, 30371, 5199, 11855]","[0.03397199511528015, 0.00028685410507023335, 0.00026947917649522424, 0.06131153553724289, 0.016721142455935478, 0.01615283451974392, 0.025711586698889732, 0.002992665395140648, 0.0007180297398008406, 0.0001547666179249063, 0.003324436955153942, 0.002140589291229844, 0.0009850083151832223, 0.0040543340146541595, 0.007785655092447996, 0.00014539113908540457, 0.0017546144081279635, 0.0016875095898285508, 0.0002780309587251395, 0.0016103574307635427]",null,null,False,YETERSİZ VERİ,RET,True,False,5927.940099998523,"{""K1_input_and_readiness"": 0.05480000254465267, ""K7_context"": 0.0011000010999850929, ""K1_normalization"": 0.008999999408842996, ""K6_advisory"": 21.033300003182376, ""K1_intent"": 0.027300000510877, ""K2_retrieval"": 167.5394999983837, ""K3_reranker"": 4025.612599998567, ""K8_weighted_ranking"": 0.943900002312148, ""K3_candidate_filters"": 0.0018999999156221747}",
FACTURK-0444,YALAN,"[10913, 12442, 25269, 15372, 15616, 28886, 30193, 2121, 7447, 17081, 27463, 18807, 6112, 4964, 4222, 20985, 10408, 11668, 16688, 13994]","[0.9826908707618713, 0.08772001415491104, 0.0014048678567633033, 0.18892180919647217, 0.10320506244897842, 0.059101540595293045, 0.000706905557308346, 0.009161027148365974, 0.000954731716774404, 3.373722574906424e-05, 0.00014539113908540457, 0.058884695172309875, 0.00019871552649419755, 0.011823395267128944, 0.0016941031208261847, 0.042166538536548615, 0.03283695504069328, 0.006463137920945883, 0.004264635033905506, 1.6442494597868063e-05]","[0.01934814453125, 0.97802734375, 0.002521514892578125]","[0.01934814453125, 0.97802734375, 0.002521514892578125]",False,YETERSİZ VERİ,RET,True,False,14581.94039999944,"{""K1_input_and_readiness"": 0.08650000017951243, ""K7_context"": 0.0008999995770864189, ""K1_normalization"": 0.01089999932446517, ""K6_advisory"": 21.645400000124937, ""K1_intent"": 0.03239999932702631, ""K2_retrieval"": 171.579699999711, ""K3_reranker"": 1690.973299999314, ""K8_weighted_ranking"": 0.9170000012090895, ""K3_candidate_filters"": 0.26330000036978163, ""K9_advisory_consensus"": 0.005300000339047983, ""K4_nli_and_bypass_check"": 182.3819999990519, ""K5_decision"": 158.1280999998853}",10913
FACTURK-0445,DOĞRU,"[7505, 1362, 14542, 21056, 24882, 12686, 21609, 21491, 5980, 371, 448, 23792, 217, 17009, 163, 24521, 25534, 17654, 25701, 14659]","[0.9760379791259766, 1.750292540236842e-05, 1.6442494597868063e-05, 2.3737338779028505e-05, 0.0003006163169629872, 0.0002715921145863831, 0.0012065897462889552, 1.67014204635052e-05, 2.265035072923638e-05, 6.205049430718645e-05, 1.657145367062185e-05, 1.6964426322374493e-05, 0.0010005044750869274, 1.750292540236842e-05, 0.0006719278171658516, 0.0011160142021253705, 3.975192521465942e-05, 2.411113746347837e-05, 4.794958294951357e-05, 1.6442494597868063e-05]","[0.99658203125, 0.0004863739013671875, 0.00283050537109375]","[0.99658203125, 0.0004863739013671875, 0.00283050537109375]",False,DOĞRU,ONAY,False,False,2790.731599998253,"{""K1_input_and_readiness"": 0.07399999958579428, ""K7_context"": 0.0011999982234556228, ""K1_normalization"": 0.00920000093174167, ""K6_advisory"": 24.715499999729218, ""K1_intent"": 0.02479999966453761, ""K2_retrieval"": 158.37859999737702, ""K3_reranker"": 2343.520800000988, ""K8_weighted_ranking"": 1.0187999978370499, ""K3_candidate_filters"": 0.2615000012156088, ""K9_advisory_consensus"": 0.00540000110049732, ""K4_nli_and_bypass_check"": 140.2541999996174, ""K5_decision"": 119.87760000192793}",7505
FACTURK-0446,YALAN,"[16903, 3458, 12161, 25177, 4599, 12966, 27317, 4366, 14191, 15496, 29066, 19856, 21614, 19205, 16125, 12729, 6904, 7146, 11287, 20781]","[1.6187581422855146e-05, 4.1659583075670525e-05, 4.7206227463902906e-05, 3.591300992411561e-05, 1.683241134742275e-05, 0.00013552077871281654, 1.67014204635052e-05, 0.0002415662893326953, 0.00015720345254521817, 0.00027372167096473277, 0.0008796061738394201, 1.6187581422855146e-05, 1.7366719475830905e-05, 1.6442494597868063e-05, 2.908344322349876e-05, 1.6314539607265033e-05, 4.1986306314356625e-05, 7.197912054834887e-05, 0.0001823546044761315, 1.6314539607265033e-05]",null,null,False,YETERSİZ VERİ,RET,True,False,13579.718100001628,"{""K1_input_and_readiness"": 0.0503999981447123, ""K7_context"": 0.0008999995770864189, ""K1_normalization"": 0.010000003385357559, ""K6_advisory"": 20.46909999990021, ""K1_intent"": 0.028500002372311428, ""K2_retrieval"": 195.5623000030755, ""K3_reranker"": 1556.337000001804, ""K8_weighted_ranking"": 0.949200002651196, ""K3_candidate_filters"": 0.0018999999156221747}",
FACTURK-0447,DOĞRU,"[2103, 21527, 9381, 7958, 23317, 18731, 5375, 20541, 12671, 1984, 24165, 17083, 10633, 17115, 16607, 4102, 9666, 9722, 7276, 24377]","[0.0005680934991687536, 1.6442494597868063e-05, 0.0005549409543164074, 0.00010229986219201237, 1.6964426322374493e-05, 1.7917987861437723e-05, 2.710879925871268e-05, 3.9135655242716894e-05, 0.00018667821132112294, 1.6314539607265033e-05, 0.00015843621804378927, 1.6314539607265033e-05, 1.67014204635052e-05, 1.67014204635052e-05, 1.6442494597868063e-05, 1.6442494597868063e-05, 2.2827996872365475e-05, 0.00020825010142289102, 2.2125668692751788e-05, 1.6314539607265033e-05]",null,"[1.0, 0.0, 0.0]",True,DOĞRU,ONAY,False,False,5847.114500000316,"{""K1_input_and_readiness"": 0.04649999755201861, ""K7_context"": 0.0014999968698248267, ""K1_normalization"": 0.008199996955227107, ""K6_advisory"": 20.896300000458723, ""K1_intent"": 0.02600000152597204, ""K2_retrieval"": 149.51170000131242, ""K3_reranker"": 1076.5811999990547, ""K8_weighted_ranking"": 0.9704000003694091, ""K3_candidate_filters"": 0.0018999999156221747, ""K9_advisory_consensus"": 0.014000001101521775, ""K4_nli_and_bypass_check"": 0.1416000013705343, ""K5_decision"": 0.16200000027311035}",web_f6351ba2_0
FACTURK-0448,DOĞRU,"[17625, 18508, 17939, 16821, 9982, 22772, 3103, 8663, 14305, 1300, 1351, 16929, 19578, 3951, 26186, 19740, 7339, 27862, 14198, 1970]","[0.08093670755624771, 0.0012065897462889552, 0.08464395254850388, 1.6964426322374493e-05, 1.6187581422855146e-05, 0.0002396868512732908, 0.00025118677876889706, 0.0029694451950490475, 1.657145367062185e-05, 0.00043224150431342423, 0.060863446444272995, 0.007815888151526451, 0.0006851712241768837, 0.00017265156202483922, 4.365878339740448e-05, 1.6964426322374493e-05, 0.0002434604539303109, 1.67014204635052e-05, 2.030369250860531e-05, 0.022715754806995392]",null,null,False,YETERSİZ VERİ,RET,True,False,14571.707600000082,"{""K1_input_and_readiness"": 0.04660000195144676, ""K7_context"": 0.0012000018614344299, ""K1_normalization"": 0.008999999408842996, ""K6_advisory"": 20.776500001375098, ""K1_intent"": 0.028700000257231295, ""K2_retrieval"": 186.6418000026897, ""K3_reranker"": 1562.3123000004853, ""K8_weighted_ranking"": 0.9640999996918254, ""K3_candidate_filters"": 0.0019999970390927047}",
FACTURK-0449,DOĞRU,"[202, 137, 20529, 14866, 3503, 4195, 7301, 16066, 12802, 20596, 20771, 18354, 58, 13753, 12309, 9953, 20079, 2795, 4999, 3213]","[0.023554330691695213, 0.029367854818701744, 0.0010202174307778478, 3.071818719035946e-05, 0.00048029719619080424, 2.908344322349876e-05, 0.004182493779808283, 1.6314539607265033e-05, 2.178264912799932e-05, 7.484622619813308e-05, 3.591300992411561e-05, 1.6061610949691385e-05, 1.6187581422855146e-05, 0.010489090345799923, 1.6314539607265033e-05, 5.605828482657671e-05, 0.00025315635139122605, 1.6187581422855146e-05, 0.0005484792054630816, 0.0028009270317852497]",null,"[1.0, 0.0, 0.0]",True,DOĞRU,ONAY,False,False,13225.189599997975,"{""K1_input_and_readiness"": 0.0577000027988106, ""K7_context"": 0.0012000018614344299, ""K1_normalization"": 0.008800001523923129, ""K6_advisory"": 20.949799996742513, ""K1_intent"": 0.02680000034160912, ""K2_retrieval"": 154.67729999727453, ""K3_reranker"": 1058.7980999989668, ""K8_weighted_ranking"": 1.0141999991901685, ""K3_candidate_filters"": 0.0022999993234407157, ""K9_advisory_consensus"": 0.012099997547920793, ""K4_nli_and_bypass_check"": 0.15440000061062165, ""K5_decision"": 0.19179999799234793}",web_9da6a38d_0
FACTURK-0450,DOĞRU,"[11726, 25030, 3796, 11235, 12342, 21608, 5011, 19802, 11964, 8785, 17532, 2575, 16630, 2395, 4450, 1293, 27711, 20046, 6860, 10573]","[0.00016346470511052758, 3.5633544030133635e-05, 8.750300185056403e-05, 0.0014721895568072796, 0.0010322310263291001, 3.1201914680423215e-05, 0.0037800956051796675, 4.101373633602634e-05, 0.0003770285693462938, 4.400118632474914e-05, 0.003538086311891675, 0.005469274241477251, 0.0013617033837363124, 1.6442494597868063e-05, 0.000471011851914227, 2.0785171727766283e-05, 1.9833367332466878e-05, 0.004314687568694353, 1.6314539607265033e-05, 7.843789353501052e-05]",null,null,False,YETERSİZ VERİ,RET,True,False,13413.402599999245,"{""K1_input_and_readiness"": 0.046299999667098746, ""K7_context"": 0.0011000010999850929, ""K1_normalization"": 0.009399998816661537, ""K6_advisory"": 21.677099997759797, ""K1_intent"": 0.032800002372823656, ""K2_retrieval"": 158.7534999998752, ""K3_reranker"": 2097.520399998757, ""K8_weighted_ranking"": 1.0586999997030944, ""K3_candidate_filters"": 0.0018999999156221747}",
FACTURK-0451,DOĞRU,"[19719, 22320, 3682, 13440, 29740, 13944, 14249, 20867, 19329, 30011, 16987, 11606, 12404, 1506, 2951, 22738, 29348, 8281, 13159, 23092]","[0.999127209186554, 0.00012148174573667347, 0.014672035351395607, 0.0004784255870617926, 0.00019871552649419755, 1.7231572201126255e-05, 0.001483718864619732, 0.0015247863484546542, 0.0012303582625463605, 0.007039045449346304, 7.197912054834887e-05, 0.00018961740715894848, 0.0001500056532677263, 3.219233258278109e-05, 2.977311669383198e-05, 0.00017536994710098952, 0.00010889690747717395, 1.6187581422855146e-05, 1.6061610949691385e-05, 1.6061610949691385e-05]",null,"[1.0, 0.0, 0.0]",True,DOĞRU,ONAY,False,False,1700.9876999982225,"{""K1_input_and_readiness"": 0.05520000195247121, ""K7_context"": 0.0013000026228837669, ""K1_normalization"": 0.009900002623908222, ""K6_advisory"": 22.234199997910764, ""K1_intent"": 0.03220000144210644, ""K2_retrieval"": 170.74959999808925, ""K3_reranker"": 1503.6508000011963, ""K8_weighted_ranking"": 0.9350000000267755, ""K3_candidate_filters"": 0.26819999766303226, ""K9_advisory_consensus"": 0.004900000931229442, ""K4_nli_and_bypass_check"": 0.1717000013741199, ""K5_decision"": 0.23270000019692816}",19719
FACTURK-0452,YALAN,"[23438, 3473, 26119, 7164, 15133, 19963, 5169, 12902, 11966, 617, 20307, 2417, 28350, 25852, 23586, 1569, 18865, 11666, 10890, 2501]","[0.07094483077526093, 0.004231587518006563, 0.0014895173953846097, 0.001573112211190164, 0.00012830943160224706, 0.02527489699423313, 0.0017821963410824537, 0.022243669256567955, 0.012100386433303356, 0.00046917638974264264, 3.70529705833178e-05, 0.13251455128192902, 0.0036499870475381613, 0.003538086311891675, 0.0006719278171658516, 0.011777842417359352, 0.0046636550687253475, 0.021044565364718437, 0.011597361415624619, 0.0004859560285694897]",null,"[1.0, 0.0, 0.0]",True,DOĞRU,ONAY,False,False,11966.56449999864,"{""K1_input_and_readiness"": 0.04359999729786068, ""K7_context"": 0.0011000010999850929, ""K1_normalization"": 0.00790000194683671, ""K6_advisory"": 22.502700001496123, ""K1_intent"": 0.03319999814266339, ""K2_retrieval"": 157.5062000010803, ""K3_reranker"": 1002.2456999977294, ""K8_weighted_ranking"": 0.9325999999418855, ""K3_candidate_filters"": 0.0019999970390927047, ""K9_advisory_consensus"": 0.0121000011858996, ""K4_nli_and_bypass_check"": 0.15220000204863027, ""K5_decision"": 0.18039999849861488}",web_24dca6a6_0
FACTURK-0453,DOĞRU,"[16831, 9899, 24994, 15270, 16014, 24746, 5321, 19793, 14138, 23080, 2839, 25107, 8098, 17635, 16732, 17297, 20133, 2948, 22599, 21665]","[0.5991333723068237, 0.00041731575038284063, 0.0029694451950490475, 4.469407213036902e-05, 1.6061610949691385e-05, 1.6187581422855146e-05, 1.6187581422855146e-05, 0.0001673405058681965, 1.6187581422855146e-05, 0.0008199321455322206, 0.04054073989391327, 2.0462934116949327e-05, 1.6061610949691385e-05, 6.709224544465542e-05, 0.0009326360304839909, 0.13603349030017853, 1.6187581422855146e-05, 0.00010472556459717453, 0.006718870252370834, 1.683241134742275e-05]","[0.00501251220703125, 0.1585693359375, 0.83642578125]","[0.00501251220703125, 0.1585693359375, 0.83642578125]",False,DOĞRU,ONAY,False,False,2114.5580999982485,"{""K1_input_and_readiness"": 0.047999998059822246, ""K7_context"": 0.0011999982234556228, ""K1_normalization"": 0.00839999847812578, ""K6_advisory"": 22.623000000749016, ""K1_intent"": 0.03149999974993989, ""K2_retrieval"": 160.79959999842686, ""K3_reranker"": 1259.15150000219, ""K8_weighted_ranking"": 0.9222000007866882, ""K3_candidate_filters"": 0.26989999969373457, ""K9_advisory_consensus"": 0.004499997885432094, ""K4_nli_and_bypass_check"": 342.9588999970292, ""K5_decision"": 325.17850000294857}",16831
FACTURK-0454,DOĞRU,"[394, 7110, 28636, 9362, 10959, 30174, 15500, 27598, 22098, 12955, 21260, 24668, 17607, 4012, 5238, 19626, 21980, 2177, 2892, 26299]","[0.9743373394012451, 0.057599205523729324, 0.0003814711526501924, 0.0006959536112844944, 6.0613183450186625e-05, 2.0623421733034775e-05, 0.00010889690747717395, 3.852893496514298e-05, 0.003579642390832305, 0.0035936026833951473, 1.657145367062185e-05, 0.0011380005162209272, 4.575391358230263e-05, 2.586742994026281e-05, 1.8486754925106652e-05, 0.00027586790383793414, 0.00025118677876889706, 4.870464181294665e-05, 2.318747829122003e-05, 1.6187581422855146e-05]","[0.004177093505859375, 0.9951171875, 0.0007162094116210938]","[0.004177093505859375, 0.9951171875, 0.0007162094116210938]",False,YALAN,RED,False,False,2165.018699997745,"{""K1_input_and_readiness"": 0.042100000428035855, ""K7_context"": 0.0010000003385357559, ""K1_normalization"": 0.008800001523923129, ""K6_advisory"": 21.754400000645546, ""K1_intent"": 0.03359999755048193, ""K2_retrieval"": 172.92779999843333, ""K3_reranker"": 1585.755699998117, ""K8_weighted_ranking"": 0.9938000002875924, ""K3_candidate_filters"": 0.2853999976650812, ""K9_advisory_consensus"": 0.00540000110049732, ""K4_nli_and_bypass_check"": 190.4813999972248, ""K5_decision"": 190.1977999987139}",394
FACTURK-0455,DOĞRU,"[23792, 5980, 14012, 8602, 3532, 20136, 6181, 2431, 19547, 1970, 26087, 13144, 28157, 19484, 29976, 12068, 22598, 18615, 6047, 29038]","[0.08756384253501892, 0.08137363195419312, 0.02124669775366783, 0.06681232154369354, 0.11221037805080414, 0.07198162376880646, 0.0005930210463702679, 0.0012448433553799987, 0.0008135565440170467, 0.0019267346942797303, 1.6442494597868063e-05, 0.0005592909292317927, 0.037256766110658646, 0.000437334441812709, 0.001512938179075718, 0.003456409554928541, 0.057918086647987366, 7.843789353501052e-05, 0.0002780309587251395, 0.0003920417802873999]",null,null,False,YETERSİZ VERİ,RET,True,False,13593.06309999738,"{""K1_input_and_readiness"": 0.05520000195247121, ""K7_context"": 0.0010000003385357559, ""K1_normalization"": 0.011399999493733048, ""K6_advisory"": 22.05110000068089, ""K1_intent"": 0.033299998904112726, ""K2_retrieval"": 212.49299999908544, ""K3_reranker"": 1774.595999999292, ""K8_weighted_ranking"": 0.9690000006230548, ""K3_candidate_filters"": 0.0025000008463393897}",
FACTURK-0456,DOĞRU,"[13712, 12152, 18172, 14909, 6760, 14443, 526, 18181, 23726, 18230, 3233, 19808, 17587, 28942, 17510, 8759, 11712, 18865, 9006, 2007]","[0.9600626826286316, 0.0468120314180851, 0.020725060254335403, 0.009125636890530586, 0.00011774459562730044, 0.0006166297243908048, 5.829126530443318e-05, 0.0005172813544049859, 0.003621685551479459, 0.00026947917649522424, 1.8631746570463292e-05, 0.0005193048855289817, 0.00037263770354911685, 0.00407013762742281, 0.026205414906144142, 0.031439851969480515, 0.004022909794002771, 0.001622967072762549, 0.012336100451648235, 0.00036829791497439146]","[0.002651214599609375, 0.99609375, 0.0010194778442382812]","[0.002651214599609375, 0.99609375, 0.0010194778442382812]",False,YALAN,RED,False,False,1875.5249999994703,"{""K1_input_and_readiness"": 0.0548999996681232, ""K7_context"": 0.0015000005078036338, ""K1_normalization"": 0.00920000093174167, ""K6_advisory"": 20.696799998404458, ""K1_intent"": 0.028899998142151162, ""K2_retrieval"": 163.49080000145477, ""K3_reranker"": 1262.031999998726, ""K8_weighted_ranking"": 0.9831999996094964, ""K3_candidate_filters"": 0.2640000020619482, ""K9_advisory_consensus"": 0.006500002200482413, ""K4_nli_and_bypass_check"": 214.19720000267262, ""K5_decision"": 211.22850000028848}",13712
FACTURK-0457,DOĞRU,"[3638, 24731, 26883, 3954, 15108, 22098, 20735, 23660, 24289, 11989, 25258, 17597, 4240, 15677, 5201, 27889, 4872, 28620, 6541, 15620]","[0.988711953163147, 0.0005316132446750998, 2.014569145103451e-05, 0.0014103584690019488, 2.6274772608303465e-05, 0.00011501735571073368, 1.6187581422855146e-05, 0.00010804955672938377, 1.7640199075685814e-05, 0.00014883848780300468, 8.349628478754312e-05, 1.657145367062185e-05, 3.095910506090149e-05, 1.6061610949691385e-05, 1.6187581422855146e-05, 1.6442494597868063e-05, 1.7097478121286258e-05, 1.67014204635052e-05, 1.6187581422855146e-05, 1.6061610949691385e-05]","[0.99072265625, 0.004947662353515625, 0.0041961669921875]","[0.99072265625, 0.004947662353515625, 0.0041961669921875]",False,DOĞRU,ONAY,False,False,1546.4841000029992,"{""K1_input_and_readiness"": 0.04209999679005705, ""K7_context"": 0.0008999995770864189, ""K1_normalization"": 0.010299998393747956, ""K6_advisory"": 20.24170000004233, ""K1_intent"": 0.02300000051036477, ""K2_retrieval"": 159.2068999998446, ""K3_reranker"": 1262.4542999983532, ""K8_weighted_ranking"": 0.9533000011288095, ""K3_candidate_filters"": 0.2682999984244816, ""K9_advisory_consensus"": 0.005199999577598646, ""K4_nli_and_bypass_check"": 60.02150000131223, ""K5_decision"": 40.6842999982473}",3638
FACTURK-0458,DOĞRU,"[19271, 20849, 2951, 29203, 12912, 16729, 14257, 21637, 24303, 5342, 17586, 22323, 28784, 22211, 4733, 18978, 9652, 1155, 10655, 1860]","[3.591300992411561e-05, 0.0001686527393758297, 0.0009659748757258058, 0.00020988310279790312, 1.7640199075685814e-05, 0.0026316740550100803, 1.6061610949691385e-05, 0.00016474656877107918, 0.0005725466180592775, 1.8486754925106652e-05, 1.750292540236842e-05, 0.0002591582597233355, 7.426380761899054e-05, 1.6314539607265033e-05, 4.037790131405927e-05, 4.575391358230263e-05, 0.00022167809947859496, 1.892514956125524e-05, 0.0006047102506272495, 1.6314539607265033e-05]",null,null,False,YETERSİZ VERİ,RET,True,False,12597.325200000341,"{""K1_input_and_readiness"": 0.04609999814420007, ""K7_context"": 0.0010999974620062858, ""K1_normalization"": 0.010100000508828089, ""K6_advisory"": 21.232499999314314, ""K1_intent"": 0.03319999814266339, ""K2_retrieval"": 193.18760000169277, ""K3_reranker"": 1580.3616999983205, ""K8_weighted_ranking"": 1.0234999972453807, ""K3_candidate_filters"": 0.0021000014385208488}",
FACTURK-0459,DOĞRU,"[4012, 27823, 27910, 25662, 6254, 26299, 29502, 26227, 3976, 29621, 20162, 2384, 2043, 11893, 3902, 8961, 15755, 17845, 9587, 23830]","[5.738759500673041e-05, 0.0011116681853309274, 0.9598374962806702, 0.0001511819864390418, 1.683241134742275e-05, 3.975192521465942e-05, 0.002790037775412202, 0.00012053649697918445, 5.5622065701754764e-05, 6.452214438468218e-05, 1.6314539607265033e-05, 0.00010071400902234018, 0.00010071400902234018, 1.6314539607265033e-05, 1.657145367062185e-05, 1.6187581422855146e-05, 0.0006878511630930007, 1.6187581422855146e-05, 2.0623421733034775e-05, 0.006641112733632326]","[0.016998291015625, 0.98291015625, 0.00025582313537597656]","[0.016998291015625, 0.98291015625, 0.00025582313537597656]",False,YETERSİZ VERİ,RET,True,False,13817.804700000124,"{""K1_input_and_readiness"": 0.04450000051292591, ""K7_context"": 0.0011000010999850929, ""K1_normalization"": 0.008800001523923129, ""K6_advisory"": 22.49890000166488, ""K1_intent"": 0.03339999966556206, ""K2_retrieval"": 153.20150000115973, ""K3_reranker"": 1296.6746000020066, ""K8_weighted_ranking"": 1.053799998771865, ""K3_candidate_filters"": 0.26509999952395447, ""K9_advisory_consensus"": 0.004900000931229442, ""K4_nli_and_bypass_check"": 141.378899999836, ""K5_decision"": 122.8525999977137}",27910
FACTURK-0460,DOĞRU,"[15741, 28591, 20767, 17385, 14392, 30237, 9535, 26562, 23184, 24510, 6952, 9463, 2526, 24966, 27331, 5108, 17205, 24521, 10714, 9053]","[0.2018132209777832, 1.967902426258661e-05, 0.0008592476369813085, 3.321419353596866e-05, 0.00018522572645451874, 0.001004416379146278, 0.34224167466163635, 0.4157288372516632, 0.03753800690174103, 0.00012931563833262771, 0.001069126301445067, 0.004451041109859943, 8.029783930396661e-05, 0.014957086183130741, 0.0012793075293302536, 0.00341627886518836, 0.024516336619853973, 3.024195939360652e-05, 0.00023050670279189944, 4.365878339740448e-05]","[0.0306549072265625, 0.89697265625, 0.0723876953125]","[0.0306549072265625, 0.89697265625, 0.0723876953125]",False,YALAN,RED,False,False,2997.397200000705,"{""K1_input_and_readiness"": 0.060999998822808266, ""K7_context"": 0.0011999982234556228, ""K1_normalization"": 0.011400003131711856, ""K6_advisory"": 21.225399999821093, ""K1_intent"": 0.03260000084992498, ""K2_retrieval"": 180.7184999997844, ""K3_reranker"": 1959.9440000019968, ""K8_weighted_ranking"": 0.9421000031579752, ""K3_candidate_filters"": 0.5291000015859026, ""K9_advisory_consensus"": 0.004899997293250635, ""K4_nli_and_bypass_check"": 412.3295999997936, ""K5_decision"": 418.9288999987184}",26562
FACTURK-0461,DOĞRU,"[16362, 27523, 21803, 18468, 20730, 19657, 21874, 5821, 28510, 26694, 20718, 8008, 6418, 11442, 10106, 29138, 4119, 20683, 1887, 10997]","[0.003135835751891136, 0.018761085346341133, 0.0010083435336127877, 0.2420264333486557, 0.008677716366946697, 1.6314539607265033e-05, 0.0003366621967870742, 0.0007733057136647403, 0.2889702320098877, 0.001220795209519565, 0.0002234163403045386, 3.244481558795087e-05, 0.021739594638347626, 0.2080180048942566, 0.0074030146934092045, 0.17078441381454468, 0.002934951800853014, 0.004736748989671469, 0.01196109689772129, 0.00272558256983757]",null,null,False,YETERSİZ VERİ,RET,True,False,13516.029899998102,"{""K1_input_and_readiness"": 0.04270000135875307, ""K7_context"": 0.0010000003385357559, ""K1_normalization"": 0.00960000033956021, ""K6_advisory"": 24.15810000093188, ""K1_intent"": 0.03300000025774352, ""K2_retrieval"": 166.7617999992217, ""K3_reranker"": 1301.1694999986503, ""K8_weighted_ranking"": 0.9386999990965705, ""K3_candidate_filters"": 0.0020000006770715117}",
FACTURK-0462,DOĞRU,"[22886, 27460, 11229, 1814, 26581, 14360, 23213, 6380, 5113, 8916, 15736, 1194, 3235, 2197, 2281, 4127, 2294, 6592, 5557, 25038]","[0.00039821304380893707, 5.649793456541374e-05, 0.005469274241477251, 0.00010229986219201237, 2.7969301299890503e-05, 2.710879925871268e-05, 1.892514956125524e-05, 3.4537253668531775e-05, 2.4300241420860402e-05, 1.6442494597868063e-05, 1.67014204635052e-05, 1.6314539607265033e-05, 4.006369272246957e-05, 1.6187581422855146e-05, 1.6187581422855146e-05, 5.920916373725049e-05, 1.6187581422855146e-05, 1.6187581422855146e-05, 1.657145367062185e-05, 4.985958003089763e-05]","[0.99169921875, 0.007396697998046875, 0.0008883476257324219]","[0.99169921875, 0.007396697998046875, 0.0008883476257324219]",False,DOĞRU,ONAY,False,False,14552.107199997408,"{""K1_input_and_readiness"": 0.0453000029665418, ""K7_context"": 0.0011999982234556228, ""K1_normalization"": 0.008099999831756577, ""K6_advisory"": 20.86810000037076, ""K1_intent"": 0.022000000171829015, ""K2_retrieval"": 144.3937999974878, ""K3_reranker"": 2192.80179999987, ""K8_weighted_ranking"": 1.5897000012046192, ""K3_candidate_filters"": 0.0030000010156072676, ""K9_advisory_consensus"": 0.013799999578623101, ""K4_nli_and_bypass_check"": 96.31050000098185, ""K5_decision"": 78.5892000021704}",web_5b939c81_0
FACTURK-0463,DOĞRU,"[23757, 15675, 20136, 16824, 13796, 4682, 15719, 4119, 26138, 12622, 28388, 2899, 29138, 1766, 4144, 21058, 2498, 25537, 26355, 8792]","[0.0015669887652620673, 2.4876489987946115e-05, 0.0035657365806400776, 2.6688529032981023e-05, 0.016029147431254387, 2.161314114346169e-05, 0.04099902883172035, 7.843789353501052e-05, 0.0014381353976204991, 0.15674921870231628, 1.9373936083866283e-05, 0.00010071400902234018, 0.0027683854568749666, 6.452214438468218e-05, 0.0007854739669710398, 2.265035072923638e-05, 4.5044595026411116e-05, 0.0006745558930560946, 0.0005907104350626469, 0.04099902883172035]",null,null,False,YETERSİZ VERİ,RET,True,False,13829.34209999803,"{""K1_input_and_readiness"": 0.05609999789157882, ""K7_context"": 0.0008999995770864189, ""K1_normalization"": 0.01049999991664663, ""K6_advisory"": 20.286200000555255, ""K1_intent"": 0.02849999873433262, ""K2_retrieval"": 180.9438999989652, ""K3_reranker"": 1589.7054000015487, ""K8_weighted_ranking"": 0.9736999963934068, ""K3_candidate_filters"": 0.0020000006770715117}",
FACTURK-0464,DOĞRU,"[16499, 17870, 20974, 70, 23378, 16491, 25298, 120, 5228, 8304, 25705, 27957, 26958, 23309, 3402, 7091, 14155, 21399, 7681, 21542]","[0.21900326013565063, 0.00046917638974264264, 0.08374040573835373, 6.0613183450186625e-05, 0.01858215034008026, 0.0007236572564579546, 0.011463796719908714, 6.302758993115276e-05, 1.6061610949691385e-05, 0.08137363195419312, 0.0120537793263793, 1.6061610949691385e-05, 0.07949569821357727, 1.6187581422855146e-05, 0.038610927760601044, 0.0007236572564579546, 0.000159678646014072, 4.331903619458899e-05, 2.7751651941798627e-05, 0.0008592476369813085]","[0.045654296875, 0.94091796875, 0.0135650634765625]","[0.045654296875, 0.94091796875, 0.0135650634765625]",False,YALAN,RED,False,False,12346.027899999171,"{""K1_input_and_readiness"": 0.04690000059781596, ""K7_context"": 0.0013000026228837669, ""K1_normalization"": 0.008300001354655251, ""K6_advisory"": 21.014900001318892, ""K1_intent"": 0.023300002794712782, ""K2_retrieval"": 144.26380000077188, ""K3_reranker"": 1104.1818000012427, ""K8_weighted_ranking"": 1.0452999995322898, ""K3_candidate_filters"": 0.0017999991541728377, ""K9_advisory_consensus"": 0.012900000001536682, ""K4_nli_and_bypass_check"": 56.19300000034855, ""K5_decision"": 42.38850000183447}",web_67e4a0de_0
FACTURK-0465,DOĞRU,"[11397, 25052, 28440, 19431, 8376, 12992, 15297, 29414, 29661, 26755, 1792, 19343, 12732, 23337, 2436, 12379, 15898, 8329, 24101, 21113]","[1.6187581422855146e-05, 2.3737338779028505e-05, 2.2474090656032786e-05, 1.6061610949691385e-05, 1.922317096614279e-05, 4.539786823443137e-05, 0.007636216934770346, 0.0645354762673378, 0.20577459037303925, 1.593661909282673e-05, 1.892514956125524e-05, 1.593661909282673e-05, 0.12410681694746017, 0.0008659808663651347, 1.6442494597868063e-05, 2.5466406441410072e-05, 0.047691281884908676, 1.67014204635052e-05, 1.6314539607265033e-05, 0.03132111579179764]","[0.9931640625, 0.00489044189453125, 0.0018949508666992188]","[0.9931640625, 0.00489044189453125, 0.0018949508666992188]",False,DOĞRU,ONAY,False,False,12398.91080000234,"{""K1_input_and_readiness"": 0.04169999738223851, ""K7_context"": 0.0010000003385357559, ""K1_normalization"": 0.006499998562503606, ""K6_advisory"": 20.653600000514416, ""K1_intent"": 0.02010000025620684, ""K2_retrieval"": 142.3678999999538, ""K3_reranker"": 1092.3008999998274, ""K8_weighted_ranking"": 0.9395000015501864, ""K3_candidate_filters"": 0.0018999999156221747, ""K9_advisory_consensus"": 0.012599997717188671, ""K4_nli_and_bypass_check"": 56.3518999988446, ""K5_decision"": 39.30720000062138}",web_8f453482_0
FACTURK-0466,YALAN,"[2149, 27453, 7236, 5635, 23119, 11007, 4846, 7082, 3133, 25538, 5319, 1814, 26537, 154, 24899, 5782, 174, 20506, 20288, 21849]","[0.017442485317587852, 0.0001837845629779622, 0.0002234163403045386, 0.00017674513219390064, 0.0009927261853590608, 0.00012731103925034404, 0.00018522572645451874, 0.00026738259475678205, 6.205049430718645e-05, 0.00018814207578543574, 1.6187581422855146e-05, 1.6187581422855146e-05, 1.922317096614279e-05, 0.0018675660248845816, 2.5071596610359848e-05, 2.0785171727766283e-05, 0.0021322614047676325, 6.814872176619247e-05, 1.6061610949691385e-05, 1.6314539607265033e-05]",null,null,False,YETERSİZ VERİ,RET,True,False,9575.958999997965,"{""K1_input_and_readiness"": 0.04659999831346795, ""K7_context"": 0.0010000003385357559, ""K1_normalization"": 0.00799999907030724, ""K6_advisory"": 20.68399999916437, ""K1_intent"": 0.029999999242136255, ""K2_retrieval"": 159.5220999988669, ""K3_reranker"": 1246.1825999998837, ""K8_weighted_ranking"": 0.9754999991855584, ""K3_candidate_filters"": 0.0021999985619913787}",
FACTURK-0467,YALAN,"[22428, 7192, 16760, 15797, 18021, 24615, 28155, 8522, 24087, 24295, 25240, 2513, 25153, 14322, 20042, 24752, 15763, 4529, 22812, 19254]","[9.17019642656669e-05, 0.0874079093337059, 0.00018093574908562005, 0.02909075655043125, 0.010776725597679615, 0.0015854305820539594, 0.0044165560975670815, 0.004433765076100826, 2.6688529032981023e-05, 0.011331753805279732, 2.6897845600615256e-05, 0.0006070755189284682, 0.00039821304380893707, 0.004264635033905506, 0.007176882121711969, 0.001192549243569374, 4.870464181294665e-05, 0.04913078621029854, 0.11104825139045715, 0.003172682598233223]",null,null,False,YETERSİZ VERİ,RET,True,False,13726.93100000106,"{""K1_input_and_readiness"": 0.047100002120714635, ""K7_context"": 0.0012000018614344299, ""K1_normalization"": 0.008000002708286047, ""K6_advisory"": 20.912799998768605, ""K1_intent"": 0.031000003218650818, ""K2_retrieval"": 152.91470000011032, ""K3_reranker"": 1092.6387999970757, ""K8_weighted_ranking"": 0.9247000016330276, ""K3_candidate_filters"": 0.0017999991541728377}",
FACTURK-0468,YALAN,"[9150, 8347, 13639, 21518, 8456, 20449, 21058, 13796, 26355, 10960, 2498, 24184, 1766, 5535, 2984, 25675, 23508, 24591, 6420, 25178]","[0.03050205484032631, 0.01057048887014389, 7.782753527862951e-05, 0.0002715921145863831, 0.00012148174573667347, 5.144220995134674e-05, 2.1278065105434507e-05, 0.001299427472986281, 0.00016093082376755774, 0.0005614787805825472, 6.205049430718645e-05, 0.00041731575038284063, 3.647853736765683e-05, 4.231559796608053e-05, 1.683241134742275e-05, 2.6688529032981023e-05, 0.000192602863535285, 0.0002472934720572084, 0.002082970691844821, 0.000638679601252079]",null,null,False,YETERSİZ VERİ,RET,True,False,14593.63989999838,"{""K1_input_and_readiness"": 0.06380000195349567, ""K7_context"": 0.0016000012692529708, ""K1_normalization"": 0.018500002624932677, ""K6_advisory"": 20.690800000011222, ""K1_intent"": 0.032899999496294186, ""K2_retrieval"": 195.25290000092355, ""K3_reranker"": 1746.144100001402, ""K8_weighted_ranking"": 0.9156000014627352, ""K3_candidate_filters"": 0.0020000006770715117}",
FACTURK-0469,DOĞRU,"[24613, 18181, 13693, 19390, 19808, 21244, 526, 16017, 12821, 18865, 6620, 3703, 17720, 7019, 12152, 2109, 2007, 16202, 3233, 3841]","[0.75743567943573, 0.00029365462251007557, 2.93115390377352e-05, 0.014227046631276608, 0.004314687568694353, 3.269927037763409e-05, 1.9833367332466878e-05, 0.0009146137163043022, 4.365878339740448e-05, 0.0014550630003213882, 0.002123966347426176, 0.0006070755189284682, 2.8409744118107483e-05, 0.00015843621804378927, 0.0009146137163043022, 0.00014313739666249603, 0.00023050670279189944, 2.818866414600052e-05, 1.6964426322374493e-05, 0.0029121784027665854]","[0.6767578125, 0.223388671875, 0.09967041015625]","[0.6767578125, 0.223388671875, 0.09967041015625]",False,YALAN,RED,False,False,2695.0788000031025,"{""K1_input_and_readiness"": 0.050000002374872565, ""K7_context"": 0.0010000003385357559, ""K1_normalization"": 0.008800001523923129, ""K6_advisory"": 21.171799999137875, ""K1_intent"": 0.04400000034365803, ""K2_retrieval"": 171.45399999935762, ""K3_reranker"": 2061.474800000724, ""K8_weighted_ranking"": 0.9811999989324249, ""K3_candidate_filters"": 0.2663999985088594, ""K9_advisory_consensus"": 0.004900000931229442, ""K4_nli_and_bypass_check"": 216.63600000101724, ""K5_decision"": 220.38869999960298}",24613
FACTURK-0470,DOĞRU,"[21185, 26436, 17601, 16987, 11362, 14585, 26173, 10053, 24053, 12147, 27375, 7221, 15388, 12865, 3503, 23841, 6895, 1633, 18170, 28248]","[0.009708477184176445, 0.0028560124337673187, 0.0008559006964787841, 0.018546566367149353, 1.6061610949691385e-05, 0.0012065897462889552, 0.0001621928095119074, 1.6314539607265033e-05, 1.6061610949691385e-05, 0.0001195985751110129, 0.009898064658045769, 2.2827996872365475e-05, 1.6964426322374493e-05, 1.6187581422855146e-05, 1.6442494597868063e-05, 0.00214894930832088, 0.00010071400902234018, 0.0006641048239544034, 2.93115390377352e-05, 1.6314539607265033e-05]","[0.00557708740234375, 0.99267578125, 0.0015106201171875]","[0.00557708740234375, 0.99267578125, 0.0015106201171875]",False,YALAN,RED,False,False,14135.223000001133,"{""K1_input_and_readiness"": 0.05729999975301325, ""K7_context"": 0.0008999995770864189, ""K1_normalization"": 0.011399999493733048, ""K6_advisory"": 19.722500001080334, ""K1_intent"": 0.03149999974993989, ""K2_retrieval"": 208.66989999922225, ""K3_reranker"": 2047.6563999982318, ""K8_weighted_ranking"": 0.9415999993507285, ""K3_candidate_filters"": 0.0020999978005420417, ""K9_advisory_consensus"": 0.014099998224992305, ""K4_nli_and_bypass_check"": 17.51689999946393, ""K5_decision"": 0.28679999741143547}",web_b96a7f6c_0
FACTURK-0471,YALAN,"[8807, 9030, 26892, 21598, 15765, 7476, 16545, 12693, 3102, 16843, 3594, 25920, 521, 7613, 28620, 18729, 14093, 314, 27265, 26203]","[0.000159678646014072, 7.602479308843613e-05, 0.0002396868512732908, 0.00014539113908540457, 0.0015669887652620673, 0.00018093574908562005, 1.6442494597868063e-05, 0.00013342000602278858, 0.00021654405281879008, 0.0035243413876742125, 0.0008761798962950706, 2.1444948288262822e-05, 0.08725224435329437, 0.0002396868512732908, 0.003456409554928541, 0.006217078305780888, 0.00014313739666249603, 2.7535690605873242e-05, 0.024750972166657448, 7.602479308843613e-05]","[0.8408203125, 0.1485595703125, 0.01041412353515625]","[0.8408203125, 0.1485595703125, 0.01041412353515625]",False,DOĞRU,ONAY,False,False,13554.22329999783,"{""K1_input_and_readiness"": 0.06769999890821055, ""K7_context"": 0.0008999995770864189, ""K1_normalization"": 0.013599998055724427, ""K6_advisory"": 21.034100001998013, ""K1_intent"": 0.043799998820759356, ""K2_retrieval"": 211.48909999828902, ""K3_reranker"": 1829.2373000003863, ""K8_weighted_ranking"": 0.9344999998575076, ""K3_candidate_filters"": 0.0018999999156221747, ""K9_advisory_consensus"": 0.013199998647905886, ""K4_nli_and_bypass_check"": 397.50050000293413, ""K5_decision"": 408.1009000001359}",web_267e194e_0
FACTURK-0472,DOĞRU,"[7048, 19673, 6047, 20141, 17301, 22106, 19683, 27049, 17678, 14705, 26372, 3202, 16074, 23757, 2997, 13584, 29892, 4938, 2647, 24354]","[0.0009399438858963549, 0.05738753825426102, 5.475977377500385e-05, 0.003664220217615366, 6.976470467634499e-05, 0.20197059214115143, 0.0019418168812990189, 0.00020988310279790312, 0.0014607495395466685, 0.0024249141570180655, 0.0036499870475381613, 0.0003799845289904624, 0.0014895173953846097, 0.009161027148365974, 4.9086618673754856e-05, 0.0026522595435380936, 2.8409744118107483e-05, 0.0009004466701298952, 3.1693256460130215e-05, 0.0008263576892204583]","[0.98974609375, 0.0079193115234375, 0.0025806427001953125]","[0.98974609375, 0.0079193115234375, 0.0025806427001953125]",False,DOĞRU,ONAY,False,False,14600.832500000251,"{""K1_input_and_readiness"": 0.040899998566601425, ""K7_context"": 0.0010000003385357559, ""K1_normalization"": 0.008499999239575118, ""K6_advisory"": 21.15319999938947, ""K1_intent"": 0.03300000025774352, ""K2_retrieval"": 160.51089999746182, ""K3_reranker"": 2370.5712000009953, ""K8_weighted_ranking"": 1.0305999967386015, ""K3_candidate_filters"": 0.0017999991541728377, ""K9_advisory_consensus"": 0.01179999890155159, ""K4_nli_and_bypass_check"": 100.00420000142185, ""K5_decision"": 83.60650000031455}",web_d9078645_0
FACTURK-0473,YALAN,"[16635, 29883, 5222, 6252, 12870, 11877, 28823, 20628, 18615, 1856, 21527, 24499, 20315, 17923, 10070, 10150, 20632, 25088, 29846, 24287]","[0.003123648464679718, 0.005957154091447592, 0.003260345896705985, 2.4300241420860402e-05, 0.0008899655076675117, 0.0005316132446750998, 2.710879925871268e-05, 1.6187581422855146e-05, 0.00023413581948261708, 0.00045474787475541234, 2.392351052549202e-05, 0.0003711854515131563, 0.00023597174731548876, 0.0011247574584558606, 0.002123966347426176, 6.302758993115276e-05, 0.00010071400902234018, 6.922183820279315e-05, 0.00036829791497439146, 0.00040290519245900214]",null,null,False,YETERSİZ VERİ,RET,True,False,6035.636100001284,"{""K1_input_and_readiness"": 0.04369999805931002, ""K7_context"": 0.0010000003385357559, ""K1_normalization"": 0.009999999747378752, ""K6_advisory"": 20.56799999991199, ""K1_intent"": 0.025699999241624027, ""K2_retrieval"": 179.1395999971428, ""K3_reranker"": 1267.1226000020397, ""K8_weighted_ranking"": 0.9553999989293516, ""K3_candidate_filters"": 0.0018999999156221747}",
FACTURK-0474,DOĞRU,"[14015, 5289, 20971, 17025, 25711, 27420, 13338, 25537, 23653, 3314, 7387, 22792, 12187, 5520, 11532, 3335, 17684, 18127, 14775, 3213]","[0.9952816367149353, 0.20212802290916443, 0.002822832902893424, 4.832564081880264e-05, 0.000458312890259549, 0.00011412239109631628, 0.5973730087280273, 0.004792316351085901, 0.0024822766426950693, 0.0838903859257698, 0.012576347216963768, 1.892514956125524e-05, 2.0785171727766283e-05, 0.00020184421737212688, 0.00028685410507023335, 1.805851934477687e-05, 2.93115390377352e-05, 0.002082970691844821, 1.8777873265207745e-05, 0.001629308913834393]","[0.99658203125, 0.00295257568359375, 0.00067901611328125]","[0.99658203125, 0.00295257568359375, 0.00067901611328125]",False,YETERSİZ VERİ,KISMI,True,False,2098.06910000043,"{""K1_input_and_readiness"": 0.05459999738377519, ""K7_context"": 0.0011999982234556228, ""K1_normalization"": 0.009399998816661537, ""K6_advisory"": 20.668299999670126, ""K1_intent"": 0.024999997549457476, ""K2_retrieval"": 163.08009999920614, ""K3_reranker"": 1735.7749999973748, ""K8_weighted_ranking"": 1.006700000289129, ""K3_candidate_filters"": 0.5077000023447908, ""K9_advisory_consensus"": 0.005000001692678779, ""K4_nli_and_bypass_check"": 96.00370000043768, ""K5_decision"": 78.39139999850886}",14015
FACTURK-0475,YALAN,"[12587, 20389, 23961, 27788, 10260, 12068, 26367, 10039, 19509, 21565, 6377, 8674, 3341, 1571, 17084, 29272, 12497, 10183, 23590, 25402]","[0.8687154054641724, 0.17078441381454468, 0.016466174274683, 0.0001699752756394446, 0.00031015597051009536, 0.002704429440200329, 0.0003077430883422494, 0.0006851712241768837, 0.00045474787475541234, 9.535461140330881e-05, 0.0011649561347439885, 6.402006692951545e-05, 1.6061610949691385e-05, 0.0002611903182696551, 0.005620036274194717, 3.8831109122838825e-05, 0.0020033332984894514, 0.00040290519245900214, 0.00023231418163049966, 3.508111694827676e-05]","[0.11578369140625, 0.83837890625, 0.04583740234375]","[0.11578369140625, 0.83837890625, 0.04583740234375]",False,YETERSİZ VERİ,RET,True,False,15680.176600002596,"{""K1_input_and_readiness"": 0.046799999836366624, ""K7_context"": 0.0010000003385357559, ""K1_normalization"": 0.00960000033956021, ""K6_advisory"": 19.814100000075996, ""K1_intent"": 0.028399997972883284, ""K2_retrieval"": 181.6694999979518, ""K3_reranker"": 2179.276700000628, ""K8_weighted_ranking"": 0.9810000010475051, ""K3_candidate_filters"": 0.2694999966479372, ""K9_advisory_consensus"": 0.004900000931229442, ""K4_nli_and_bypass_check"": 515.3745999996318, ""K5_decision"": 449.26069999928586}",12587
FACTURK-0476,DOĞRU,"[19855, 18980, 10423, 14607, 30339, 940, 26972, 6775, 1663, 23704, 1864, 3370, 23893, 5310, 26694, 29633, 25768, 6256, 2710, 27128]","[3.5633544030133635e-05, 0.006265534088015556, 0.0001097509084502235, 0.0006589401164092124, 0.0014721895568072796, 0.00024536947603337467, 0.0006851712241768837, 0.0001956353517016396, 0.00021995337738189846, 0.0004529758298303932, 6.014152313582599e-05, 6.108854722697288e-05, 0.0001547666179249063, 1.7231572201126255e-05, 0.00038747614598833025, 3.734356869244948e-05, 0.0007124459953047335, 1.6187581422855146e-05, 9.915272676153108e-05, 2.392351052549202e-05]",null,null,False,YETERSİZ VERİ,RET,True,False,18981.376899999304,"{""K1_input_and_readiness"": 0.061800001276424155, ""K7_context"": 0.0012000018614344299, ""K1_normalization"": 0.010600000678095967, ""K6_advisory"": 23.336700000072597, ""K1_intent"": 0.03719999949680641, ""K2_retrieval"": 184.21379999927012, ""K3_reranker"": 5805.98259999897, ""K8_weighted_ranking"": 0.9671999978309032, ""K3_candidate_filters"": 0.0018999999156221747}",
FACTURK-0477,YALAN,"[321, 29738, 15375, 8377, 11552, 27940, 14600, 8792, 11691, 4175, 26727, 27764, 8486, 19966, 6837, 22171, 1480, 29838, 14508, 7028]","[0.026708463206887245, 0.11240508407354355, 1.7231572201126255e-05, 8.818923379294574e-05, 0.0059110685251653194, 0.0001699752756394446, 1.7917987861437723e-05, 6.976470467634499e-05, 1.6314539607265033e-05, 0.0006959536112844944, 0.0002982776495628059, 1.7097478121286258e-05, 2.3369333575828932e-05, 0.015365341678261757, 1.7231572201126255e-05, 0.02655657008290291, 0.26114246249198914, 0.04778006672859192, 0.0008592476369813085, 1.6314539607265033e-05]",null,"[1.0, 0.0, 0.0]",True,DOĞRU,ONAY,False,False,13782.544699999562,"{""K1_input_and_readiness"": 0.08729999899514951, ""K7_context"": 0.0013999997463542968, ""K1_normalization"": 0.013900000340072438, ""K6_advisory"": 27.3349999988568, ""K1_intent"": 0.07449999975506216, ""K2_retrieval"": 235.40219999995315, ""K3_reranker"": 2276.527399997576, ""K8_weighted_ranking"": 1.9839999986288603, ""K3_candidate_filters"": 0.005300000339047983, ""K9_advisory_consensus"": 0.014399996871361509, ""K4_nli_and_bypass_check"": 0.22360000002663583, ""K5_decision"": 0.2525999989302363}",web_4fbd615f_0
FACTURK-0478,DOĞRU,"[22549, 5660, 26234, 29261, 9452, 3213, 8148, 15833, 8821, 28597, 1192, 5039, 17814, 2151, 26468, 15444, 14350, 9502, 6090, 7868]","[1.6061610949691385e-05, 1.6442494597868063e-05, 1.7231572201126255e-05, 1.683241134742275e-05, 1.6187581422855146e-05, 2.818866414600052e-05, 1.657145367062185e-05, 1.6442494597868063e-05, 1.6061610949691385e-05, 1.6964426322374493e-05, 1.6442494597868063e-05, 1.6314539607265033e-05, 0.00011774459562730044, 2.2474090656032786e-05, 1.805851934477687e-05, 1.6061610949691385e-05, 1.6314539607265033e-05, 1.6061610949691385e-05, 1.6061610949691385e-05, 4.434627408045344e-05]",null,"[1.0, 0.0, 0.0]",True,DOĞRU,ONAY,False,False,13396.556399999099,"{""K1_input_and_readiness"": 0.04950000220560469, ""K7_context"": 0.0011000010999850929, ""K1_normalization"": 0.011000000085914508, ""K6_advisory"": 23.905999998532934, ""K1_intent"": 0.05149999924469739, ""K2_retrieval"": 240.25439999968512, ""K3_reranker"": 1834.9732999995467, ""K8_weighted_ranking"": 1.1042999976780266, ""K3_candidate_filters"": 0.0021000014385208488, ""K9_advisory_consensus"": 0.013600001693703234, ""K4_nli_and_bypass_check"": 0.1686000032350421, ""K5_decision"": 0.2172999993490521}",web_a7176fcb_0
FACTURK-0479,DOĞRU,"[24260, 4056, 18363, 17985, 28755, 28791, 5518, 2292, 25741, 10122, 2088, 12525, 20339, 26068, 7401, 27101, 3213, 3772, 1804, 19799]","[0.00035419364576227963, 0.00011412239109631628, 4.331903619458899e-05, 9.83811987680383e-05, 3.373722574906424e-05, 0.0014721895568072796, 0.000159678646014072, 0.00020825010142289102, 4.1986306314356625e-05, 2.4682904040673748e-05, 0.00017536994710098952, 2.8857117285951972e-05, 4.832564081880264e-05, 0.0002251682453788817, 0.0001511819864390418, 2.178264912799932e-05, 0.0012351677287369967, 0.002540992572903633, 0.0001686527393758297, 5.649793456541374e-05]",null,null,False,YETERSİZ VERİ,RET,True,False,14034.8625000006,"{""K1_input_and_readiness"": 0.07720000212430023, ""K7_context"": 0.0018000027921516448, ""K1_normalization"": 0.015300000086426735, ""K6_advisory"": 23.54650000052061, ""K1_intent"": 0.0368999972124584, ""K2_retrieval"": 214.0966999977536, ""K3_reranker"": 1474.329199998465, ""K8_weighted_ranking"": 1.0359000007156283, ""K3_candidate_filters"": 0.0020000006770715117}",
FACTURK-0480,DOĞRU,"[28586, 14504, 20656, 14183, 4699, 1753, 18404, 17645, 25811, 6563, 23463, 18610, 14393, 7457, 29356, 13570, 17542, 10695, 20884, 10526]","[0.4710254967212677, 0.011288073845207691, 0.0026730059180408716, 0.07585817575454712, 0.0005092656938359141, 0.0019418168812990189, 0.0028783478774130344, 0.005060331895947456, 0.00035976938670501113, 0.00043563017970882356, 0.00341627886518836, 0.00019716942915692925, 0.00010071400902234018, 0.00025118677876889706, 1.892514956125524e-05, 0.002323162741959095, 8.349628478754312e-05, 0.00013552077871281654, 0.005469274241477251, 3.095910506090149e-05]","[0.142333984375, 0.11785888671875, 0.73974609375]","[0.142333984375, 0.11785888671875, 0.73974609375]",False,YETERSİZ VERİ,KISMI,True,False,1442.9231000030995,"{""K1_input_and_readiness"": 0.05810000220662914, ""K7_context"": 0.0015000005078036338, ""K1_normalization"": 0.0121000011858996, ""K6_advisory"": 22.298500000033528, ""K1_intent"": 0.038800000766059384, ""K2_retrieval"": 198.3005999973102, ""K3_reranker"": 1198.8554999988992, ""K8_weighted_ranking"": 0.9543000014673453, ""K3_candidate_filters"": 0.27409999893279746, ""K9_advisory_consensus"": 0.004600002284860238, ""K4_nli_and_bypass_check"": 18.999399999302113, ""K5_decision"": 0.2294000005349517}",28586
FACTURK-0481,YALAN,"[24851, 25878, 28826, 9954, 1232, 23624, 2349, 11618, 22301, 20172, 11908, 18274, 10451, 29899, 22415, 16727, 23518, 15734, 15662, 21545]","[0.00025315635139122605, 3.535625000949949e-05, 1.7366719475830905e-05, 8.682210318511352e-05, 0.0003053489199373871, 3.9135655242716894e-05, 0.0001195985751110129, 5.1845658163074404e-05, 0.0004060639475937933, 0.02517884224653244, 1.6314539607265033e-05, 2.030369250860531e-05, 0.0008693674462847412, 0.00037555923336185515, 0.0002396868512732908, 0.0013354008551687002, 0.00016474656877107918, 7.543320680269971e-05, 0.00010310211655450985, 1.6061610949691385e-05]",null,null,False,YETERSİZ VERİ,RET,True,False,3782.734399999754,"{""K1_input_and_readiness"": 0.06610000127693638, ""K7_context"": 0.0029999973776284605, ""K1_normalization"": 0.0259000007645227, ""K6_advisory"": 27.25740000096266, ""K1_intent"": 0.08069999967119657, ""K2_retrieval"": 231.14820000046166, ""K3_reranker"": 1864.1110999997181, ""K8_weighted_ranking"": 0.9821000021474902, ""K3_candidate_filters"": 0.0020000006770715117}",
FACTURK-0482,DOĞRU,"[999, 4240, 25094, 5664, 2090, 21933, 5998, 18572, 15775, 6760, 2099, 1148, 6286, 5645, 2465, 27355, 13949, 27044, 21283, 14203]","[0.9918121099472046, 0.0014048678567633033, 0.0009773502824828029, 0.000491681566927582, 0.00016093082376755774, 3.7931622500764206e-05, 0.13834533095359802, 0.0001547666179249063, 0.007176882121711969, 0.0024154833517968655, 5.920916373725049e-05, 0.001383117400109768, 1.67014204635052e-05, 0.0011116681853309274, 1.6187581422855146e-05, 0.08404061198234558, 2.355261858610902e-05, 6.976470467634499e-05, 0.00023231418163049966, 6.553815910592675e-05]",null,"[1.0, 0.0, 0.0]",True,DOĞRU,ONAY,False,False,1546.0598999998183,"{""K1_input_and_readiness"": 0.04920000355923548, ""K7_context"": 0.0010000003385357559, ""K1_normalization"": 0.007700000423938036, ""K6_advisory"": 24.420300000201678, ""K1_intent"": 0.050499998906161636, ""K2_retrieval"": 179.69799999991665, ""K3_reranker"": 1336.571300002106, ""K8_weighted_ranking"": 0.9952000000339467, ""K3_candidate_filters"": 0.26840000282390974, ""K9_advisory_consensus"": 0.004900000931229442, ""K4_nli_and_bypass_check"": 0.15530000018770806, ""K5_decision"": 0.20090000180061907}",999
FACTURK-0483,YALAN,"[13439, 21780, 473, 6482, 29189, 12820, 15921, 19726, 4930, 24622, 18038, 16794, 8709, 12625, 539, 5294, 2741, 22078, 1921, 25499]","[0.00027586790383793414, 0.006413164082914591, 0.0004936049808748066, 0.001004416379146278, 0.0013354008551687002, 0.003579642390832305, 0.0004765612829942256, 0.00011061159602832049, 0.0007643033168278635, 4.985958003089763e-05, 0.0005172813544049859, 3.1941821362124756e-05, 1.7778551409719512e-05, 0.00023413581948261708, 1.7366719475830905e-05, 0.056861549615859985, 2.6274772608303465e-05, 1.67014204635052e-05, 1.9373936083866283e-05, 0.00025714197545312345]",null,null,False,YETERSİZ VERİ,RET,True,False,15251.913000000059,"{""K1_input_and_readiness"": 0.06379999831551686, ""K7_context"": 0.0015000005078036338, ""K1_normalization"": 0.010799998563015833, ""K6_advisory"": 24.30620000086492, ""K1_intent"": 0.04289999924367294, ""K2_retrieval"": 224.8059999983525, ""K3_reranker"": 1906.137400001171, ""K8_weighted_ranking"": 0.925600001210114, ""K3_candidate_filters"": 0.0020000006770715117}",
FACTURK-0484,DOĞRU,"[13939, 11359, 25420, 6132, 5400, 29676, 23976, 12474, 15898, 6269, 8969, 13961, 22512, 2027, 17855, 23474, 21581, 4773, 11624, 15622]","[1.750292540236842e-05, 1.6964426322374493e-05, 0.0003799845289904624, 3.8229114579735324e-05, 0.00011412239109631628, 0.0006361912237480283, 0.00023782203788869083, 0.005663865711539984, 0.03061777912080288, 0.00023231418163049966, 1.6187581422855146e-05, 1.6442494597868063e-05, 0.00012243441597092897, 1.6061610949691385e-05, 2.1278065105434507e-05, 1.6187581422855146e-05, 0.001573112211190164, 1.657145367062185e-05, 1.6314539607265033e-05, 1.8200149497715756e-05]",null,"[1.0, 0.0, 0.0]",True,DOĞRU,ONAY,False,False,15317.756000000372,"{""K1_input_and_readiness"": 0.058499997976468876, ""K7_context"": 0.0012999989849049598, ""K1_normalization"": 0.009400002454640344, ""K6_advisory"": 22.594800000661053, ""K1_intent"": 0.03939999805879779, ""K2_retrieval"": 239.68600000080187, ""K3_reranker"": 1526.0068000025058, ""K8_weighted_ranking"": 1.1239999985264149, ""K3_candidate_filters"": 0.0024000000848900527, ""K9_advisory_consensus"": 0.013200002285884693, ""K4_nli_and_bypass_check"": 0.18449999697622843, ""K5_decision"": 0.2893999990192242}",web_521c1eb9_0
FACTURK-0485,YALAN,"[3729, 29976, 3632, 6361, 1170, 17824, 9648, 20982, 7762, 16012, 2885, 15970, 743, 9101, 26514, 13753, 11449, 6858, 13200, 12595]","[0.05541279539465904, 0.0005132579244673252, 0.004962942097336054, 5.518923353520222e-05, 0.00016093082376755774, 0.0004655269149225205, 0.0006771942134946585, 0.000503335555549711, 0.0017007222631946206, 0.00021654405281879008, 0.00036829791497439146, 2.1112482500029728e-05, 5.518923353520222e-05, 1.7917987861437723e-05, 0.0019117692718282342, 3.8831109122838825e-05, 3.024195939360652e-05, 0.00021152888075448573, 1.6314539607265033e-05, 2.0785171727766283e-05]",null,"[1.0, 0.0, 0.0]",True,DOĞRU,ONAY,False,False,13756.03840000258,"{""K1_input_and_readiness"": 0.04980000085197389, ""K7_context"": 0.0011999982234556228, ""K1_normalization"": 0.007099999493220821, ""K6_advisory"": 22.911800002475502, ""K1_intent"": 0.0351999988197349, ""K2_retrieval"": 193.04319999719155, ""K3_reranker"": 1247.4655000005441, ""K8_weighted_ranking"": 1.070800000888994, ""K3_candidate_filters"": 0.0020000006770715117, ""K9_advisory_consensus"": 0.013500000932253897, ""K4_nli_and_bypass_check"": 0.20640000002458692, ""K5_decision"": 0.21439999909489416}",web_00f9b4cb_0
FACTURK-0486,YALAN,"[6413, 6094, 25225, 17141, 22218, 1090, 19237, 11668, 9150, 487, 25228, 8347, 15874, 438, 28547, 13989, 1676, 15675, 29240, 15487]","[0.06853749603033066, 0.17064616084098816, 0.01833445206284523, 0.019456572830677032, 0.17638768255710602, 0.003678509034216404, 0.11858908832073212, 0.012479699216783047, 0.25183168053627014, 0.0018243826925754547, 0.01024860143661499, 0.0019342610612511635, 0.00026530236937105656, 0.002757622394710779, 0.0029235428664833307, 0.005040702875703573, 0.0001956353517016396, 0.0002472934720572084, 0.0038844761438667774, 0.017309095710515976]",null,null,False,YETERSİZ VERİ,RET,True,False,13217.092400002002,"{""K1_input_and_readiness"": 0.0746000005165115, ""K7_context"": 0.0013999997463542968, ""K1_normalization"": 0.015199999324977398, ""K6_advisory"": 23.119199999200646, ""K1_intent"": 0.04329999865149148, ""K2_retrieval"": 234.18369999853894, ""K3_reranker"": 1902.601900001173, ""K8_weighted_ranking"": 0.9285999985877424, ""K3_candidate_filters"": 0.0020000006770715117}",
FACTURK-0487,YALAN,"[20356, 9220, 21295, 23840, 27764, 25758, 16758, 27894, 10832, 25225, 6047, 25180, 29914, 20587, 23719, 12229, 11980, 1264, 11494, 12189]","[0.0046455576084554195, 0.004133968148380518, 0.008847354911267757, 0.00013135180051904172, 0.004022909794002771, 0.006903838831931353, 0.018440209329128265, 0.00025118677876889706, 0.0026112475898116827, 0.00018093574908562005, 4.400118632474914e-05, 0.00021485926117748022, 0.000471011851914227, 6.205049430718645e-05, 0.00010637458035489544, 0.0007236572564579546, 0.00014539113908540457, 4.1335399146191776e-05, 0.0006411777576431632, 0.0032099615782499313]","[0.1436767578125, 0.85595703125, 0.0003533363342285156]","[0.1436767578125, 0.85595703125, 0.0003533363342285156]",False,YALAN,RED,False,False,15705.204400001094,"{""K1_input_and_readiness"": 0.0638999990769662, ""K7_context"": 0.0012000018614344299, ""K1_normalization"": 0.01089999932446517, ""K6_advisory"": 22.58599999913713, ""K1_intent"": 0.05539999983739108, ""K2_retrieval"": 232.0374000009906, ""K3_reranker"": 1726.055199997063, ""K8_weighted_ranking"": 0.9642000004532747, ""K3_candidate_filters"": 0.0024000000848900527, ""K9_advisory_consensus"": 0.013200002285884693, ""K4_nli_and_bypass_check"": 406.5740000005462, ""K5_decision"": 421.6569999989588}",web_17a341c0_0
FACTURK-0488,YALAN,"[28100, 6412, 13130, 10907, 6929, 24588, 1116, 17990, 8015, 2955, 19377, 26432, 5560, 27201, 2480, 10112, 4002, 24863, 12991, 14754]","[0.056236349046230316, 0.04107588902115822, 0.004700060468167067, 0.4434799253940582, 0.0948452427983284, 0.0616496242582798, 0.0015916259726509452, 0.002123966347426176, 6.814872176619247e-05, 0.01930808648467064, 0.0004784255870617926, 0.00013982206291984767, 0.16331195831298828, 0.0019267346942797303, 0.5505167245864868, 0.28746768832206726, 0.0002959570847451687, 0.003839395008981228, 8.284655632451177e-05, 0.007431773468852043]","[0.0027790069580078125, 0.99560546875, 0.0017156600952148438]","[0.0027790069580078125, 0.99560546875, 0.0017156600952148438]",False,YETERSİZ VERİ,RET,True,False,15847.874499999307,"{""K1_input_and_readiness"": 0.055599997722310945, ""K7_context"": 0.0011000010999850929, ""K1_normalization"": 0.009899998985929415, ""K6_advisory"": 22.390200003428617, ""K1_intent"": 0.03680000008898787, ""K2_retrieval"": 291.4941999988514, ""K3_reranker"": 2291.459299998678, ""K8_weighted_ranking"": 2.1520999980566557, ""K3_candidate_filters"": 1.755999997840263, ""K9_advisory_consensus"": 0.012399999832268804, ""K4_nli_and_bypass_check"": 62.9568999975163, ""K5_decision"": 0.4324999972595833}",2480
FACTURK-0489,YALAN,"[27461, 1865, 9829, 23091, 23726, 11111, 24721, 23108, 25997, 26834, 8174, 5739, 3336, 3473, 383, 20505, 22908, 28575, 7306, 20903]","[0.0002780309587251395, 0.967777669429779, 0.0018748616566881537, 9.7615658887662e-05, 0.0002234163403045386, 0.0019342610612511635, 0.00010391067189630121, 0.001995538594201207, 3.8831109122838825e-05, 0.0026010938454419374, 0.0001823546044761315, 1.6314539607265033e-05, 0.02280263602733612, 2.4300241420860402e-05, 1.8200149497715756e-05, 8.156224066624418e-05, 0.000552778656128794, 2.3369333575828932e-05, 0.0003905139456037432, 3.219233258278109e-05]","[0.0005788803100585938, 0.9990234375, 0.0005998611450195312]","[0.0005788803100585938, 0.9990234375, 0.0005998611450195312]",False,YALAN,RED,False,False,14834.03769999859,"{""K1_input_and_readiness"": 0.07289999848580919, ""K7_context"": 0.004699999408330768, ""K1_normalization"": 0.014000001101521775, ""K6_advisory"": 23.4837999996671, ""K1_intent"": 0.04600000102072954, ""K2_retrieval"": 247.49010000232374, ""K3_reranker"": 1515.7789000004414, ""K8_weighted_ranking"": 1.1081000011472497, ""K3_candidate_filters"": 0.35209999987273477, ""K9_advisory_consensus"": 0.008200000593205914, ""K4_nli_and_bypass_check"": 629.2190000021947, ""K5_decision"": 580.5710000022373}",web_84110bb0_0
FACTURK-0490,YALAN,"[2812, 27894, 25981, 19969, 19940, 5118, 649, 16950, 15815, 18585, 5122, 30440, 21342, 15972, 13064, 1187, 1645, 12924, 10902, 1116]","[0.25109636783599854, 0.0011559007689356804, 0.055720288306474686, 0.00023782203788869083, 7.311254739761353e-05, 0.14187483489513397, 0.007937993854284286, 0.20008835196495056, 0.00010071400902234018, 0.03346293419599533, 2.4876489987946115e-05, 0.011552670039236546, 2.3369333575828932e-05, 1.67014204635052e-05, 0.008093290030956268, 0.021044565364718437, 1.750292540236842e-05, 0.0001823546044761315, 1.6061610949691385e-05, 0.021990220993757248]",null,null,False,YETERSİZ VERİ,RET,True,False,13719.9698000004,"{""K1_input_and_readiness"": 0.06619999840040691, ""K7_context"": 0.0013999997463542968, ""K1_normalization"": 0.011899999663000926, ""K6_advisory"": 25.55470000152127, ""K1_intent"": 0.04950000220560469, ""K2_retrieval"": 276.5323999992688, ""K3_reranker"": 2209.199799999624, ""K8_weighted_ranking"": 2.031399999395944, ""K3_candidate_filters"": 0.02470000254106708}",
FACTURK-0491,DOĞRU,"[15736, 22466, 24437, 28534, 8517, 21024, 25454, 12930, 17850, 1814, 10967, 1194, 11376, 15313, 657, 9718, 14190, 16188, 23551, 6322]","[0.9636433720588684, 0.00038596606464125216, 0.00040765260928310454, 5.34913269802928e-05, 1.6314539607265033e-05, 7.197912054834887e-05, 0.0019117692718282342, 0.00266261282376945, 0.00014653129619546235, 0.0061212810687720776, 0.00026947917649522424, 1.7231572201126255e-05, 3.6764631659025326e-05, 1.6314539607265033e-05, 1.6442494597868063e-05, 0.051941562443971634, 0.0010733063099905849, 1.6314539607265033e-05, 0.5373145341873169, 0.011158031411468983]","[0.00782012939453125, 0.99169921875, 0.0002892017364501953]","[0.00782012939453125, 0.99169921875, 0.0002892017364501953]",False,YALAN,RED,False,False,13171.081200001936,"{""K1_input_and_readiness"": 0.09710000085760839, ""K7_context"": 0.0022000021999701858, ""K1_normalization"": 0.01929999780259095, ""K6_advisory"": 26.908799998636823, ""K1_intent"": 0.055800002883188426, ""K2_retrieval"": 306.83050000152434, ""K3_reranker"": 1468.1547000000137, ""K8_weighted_ranking"": 1.2499999975261744, ""K3_candidate_filters"": 0.5822999992233235, ""K9_advisory_consensus"": 0.006199999916134402, ""K4_nli_and_bypass_check"": 28.811700001824647, ""K5_decision"": 0.5404000003181864}",web_7c64d6a0_0
FACTURK-0492,DOĞRU,"[19141, 10023, 11650, 18577, 23240, 24261, 13669, 7311, 17522, 20023, 16925, 16620, 23902, 24444, 17609, 25835, 14954, 3972, 28036, 15443]","[9.685608529252931e-05, 0.0018821860430762172, 7.9673009167891e-05, 0.0002611903182696551, 0.0016875095898285508, 5.694102947018109e-05, 0.0004092474700883031, 0.9078037738800049, 0.00014091856428422034, 0.0014214044203981757, 4.6474400733131915e-05, 0.0044165560975670815, 1.6061610949691385e-05, 2.355261858610902e-05, 0.0001713081874186173, 1.6314539607265033e-05, 0.024283869192004204, 0.0016875095898285508, 0.00020825010142289102, 0.0002472934720572084]","[0.998046875, 0.00124359130859375, 0.0006775856018066406]","[0.998046875, 0.00124359130859375, 0.0006775856018066406]",False,YALAN,UYARI,False,False,2183.795299999474,"{""K1_input_and_readiness"": 0.07200000254670158, ""K7_context"": 0.0025000008463393897, ""K1_normalization"": 0.014000001101521775, ""K6_advisory"": 22.647599998890655, ""K1_intent"": 0.038399997720262036, ""K2_retrieval"": 181.30910000036238, ""K3_reranker"": 1178.2530000018596, ""K8_weighted_ranking"": 1.0302000009687617, ""K3_candidate_filters"": 0.2773000014713034, ""K9_advisory_consensus"": 0.00540000110049732, ""K4_nli_and_bypass_check"": 423.1584000008297, ""K5_decision"": 373.93669999801205}",7311
FACTURK-0493,YALAN,"[27044, 15778, 1365, 28814, 13522, 20769, 25806, 13315, 22556, 25811, 25577, 12993, 17702, 3841, 5132, 21947, 7139, 947, 28126, 11558]","[0.3372035324573517, 0.003678509034216404, 0.004520817659795284, 0.019908789545297623, 0.013121271505951881, 0.01750955730676651, 0.001314724562689662, 0.004038591403514147, 0.03422932326793671, 0.00020988310279790312, 0.00026323829661123455, 0.001987774157896638, 0.00022167809947859496, 0.10034840553998947, 0.002463006880134344, 0.009020279161632061, 3.219233258278109e-05, 0.07159119844436646, 0.0040543340146541595, 0.013636835850775242]","[0.9091796875, 0.0731201171875, 0.017791748046875]","[0.9091796875, 0.0731201171875, 0.017791748046875]",False,DOĞRU,ONAY,False,False,14532.935299997916,"{""K1_input_and_readiness"": 0.05330000203684904, ""K7_context"": 0.0015000005078036338, ""K1_normalization"": 0.010600000678095967, ""K6_advisory"": 22.879899999679765, ""K1_intent"": 0.03560000186553225, ""K2_retrieval"": 184.39060000309837, ""K3_reranker"": 2134.6836000011535, ""K8_weighted_ranking"": 1.145800000813324, ""K3_candidate_filters"": 0.2747999969869852, ""K9_advisory_consensus"": 0.022399999579647556, ""K4_nli_and_bypass_check"": 277.55919999981415, ""K5_decision"": 276.8638999987161}",web_2216f93f_0
FACTURK-0494,YALAN,"[3717, 29442, 15495, 10692, 18181, 1747, 13196, 17499, 20277, 26613, 8609, 4503, 29064, 20155, 12203, 16973, 26201, 1970, 2652, 12652]","[0.31100818514823914, 0.0002611903182696551, 0.053304679691791534, 0.0019342610612511635, 1.67014204635052e-05, 0.00015720345254521817, 0.0002002737601287663, 0.00016093082376755774, 0.003510648850351572, 0.01358439214527607, 0.000414069538237527, 0.00023597174731548876, 0.0002251682453788817, 0.0006959536112844944, 4.0694576455280185e-05, 1.6314539607265033e-05, 3.7636447814293206e-05, 0.0018821860430762172, 2.6480842279852368e-05, 0.0007613258203491569]","[0.0004429817199707031, 0.0006127357482910156, 0.9990234375]","[0.0004429817199707031, 0.0006127357482910156, 0.9990234375]",False,YALAN,RED,False,False,13888.85769999979,"{""K1_input_and_readiness"": 0.04839999746764079, ""K7_context"": 0.0010000003385357559, ""K1_normalization"": 0.00799999907030724, ""K6_advisory"": 26.020599998446414, ""K1_intent"": 0.04450000051292591, ""K2_retrieval"": 224.9076000007335, ""K3_reranker"": 2076.5271999989636, ""K8_weighted_ranking"": 1.2663999987125862, ""K3_candidate_filters"": 0.31060000037541613, ""K9_advisory_consensus"": 0.015300000086426735, ""K4_nli_and_bypass_check"": 151.47820000129286, ""K5_decision"": 136.78259999869624}",web_14f6548d_0
FACTURK-0495,YALAN,"[11256, 23036, 27098, 23210, 28018, 21891, 5724, 12929, 18709, 6108, 23478, 13395, 18986, 19084, 4506, 1969, 14913, 21034, 6780, 17988]","[0.0010362669127061963, 0.000414069538237527, 1.7640199075685814e-05, 8.614650869276375e-05, 0.059537485241889954, 0.004022909794002771, 1.657145367062185e-05, 2.977311669383198e-05, 4.539786823443137e-05, 2.9541422918555327e-05, 0.01024860143661499, 1.7231572201126255e-05, 0.0003029734070878476, 0.004007289186120033, 1.6314539607265033e-05, 1.6442494597868063e-05, 0.002026899950578809, 0.009485713206231594, 1.6187581422855146e-05, 1.6187581422855146e-05]",null,null,False,YETERSİZ VERİ,RET,True,False,14836.18039999783,"{""K1_input_and_readiness"": 0.04230000195093453, ""K7_context"": 0.0011000010999850929, ""K1_normalization"": 0.007200000254670158, ""K6_advisory"": 22.092999999586027, ""K1_intent"": 0.028700000257231295, ""K2_retrieval"": 181.82189999788534, ""K3_reranker"": 2135.302999999112, ""K8_weighted_ranking"": 1.027900001645321, ""K3_candidate_filters"": 0.0022000021999701858}",
FACTURK-0496,DOĞRU,"[25349, 12688, 21520, 9119, 14928, 19662, 13644, 13820, 676, 28915, 1147, 13402, 2131, 15235, 12928, 23230, 27629, 26306, 21785, 18569]","[1.6314539607265033e-05, 4.298194107832387e-05, 0.0009659748757258058, 0.000491681566927582, 0.8269913792610168, 0.0025708682369440794, 1.7231572201126255e-05, 1.6187581422855146e-05, 0.00028685410507023335, 4.2647468944778666e-05, 1.6442494597868063e-05, 1.6187581422855146e-05, 0.0007152324542403221, 1.750292540236842e-05, 0.00025714197545312345, 1.922317096614279e-05, 3.4537253668531775e-05, 2.0462934116949327e-05, 1.7231572201126255e-05, 0.0013885232619941235]","[0.002109527587890625, 0.99755859375, 0.0003211498260498047]","[0.002109527587890625, 0.99755859375, 0.0003211498260498047]",False,YALAN,RED,False,False,2044.286499996815,"{""K1_input_and_readiness"": 0.05140000212122686, ""K7_context"": 0.0015000005078036338, ""K1_normalization"": 0.00790000194683671, ""K6_advisory"": 26.445699997566408, ""K1_intent"": 0.03400000059627928, ""K2_retrieval"": 186.872600002971, ""K3_reranker"": 1343.0722999983118, ""K8_weighted_ranking"": 1.12490000174148, ""K3_candidate_filters"": 0.28530000054161064, ""K9_advisory_consensus"": 0.006199999916134402, ""K4_nli_and_bypass_check"": 254.622800002835, ""K5_decision"": 227.88539999964996}",14928
FACTURK-0497,YALAN,"[26820, 15787, 12437, 25941, 25169, 24028, 23686, 14079, 29262, 8378, 1057, 15622, 22499, 9830, 666, 8148, 19258, 6778, 22514, 30024]","[0.015603534877300262, 8.029783930396661e-05, 4.5044595026411116e-05, 0.0009510130621492863, 2.178264912799932e-05, 0.7536479830741882, 1.7097478121286258e-05, 0.0003668626013677567, 0.0008969392511062324, 4.434627408045344e-05, 0.01196109689772129, 9.993031562771648e-05, 0.006026951130479574, 1.805851934477687e-05, 0.006797532085329294, 0.0015070488443598151, 0.004365325905382633, 6.709224544465542e-05, 0.00034464316559024155, 2.908344322349876e-05]","[0.998046875, 0.0012636184692382812, 0.0004658699035644531]","[0.998046875, 0.0012636184692382812, 0.0004658699035644531]",False,DOĞRU,ONAY,False,False,14221.976999997423,"{""K1_input_and_readiness"": 0.05869999949936755, ""K7_context"": 0.0011999982234556228, ""K1_normalization"": 0.010200001270277426, ""K6_advisory"": 25.696799999423092, ""K1_intent"": 0.05990000136080198, ""K2_retrieval"": 216.94489999936195, ""K3_reranker"": 1293.9788000003318, ""K8_weighted_ranking"": 1.0153000002901535, ""K3_candidate_filters"": 0.32840000130818225, ""K9_advisory_consensus"": 0.007700000423938036, ""K4_nli_and_bypass_check"": 451.74000000042724, ""K5_decision"": 413.78640000039013}",web_9691fbf8_0
FACTURK-0498,DOĞRU,"[19589, 23751, 6573, 26065, 20519, 26538, 5491, 24586, 9650, 20020, 14089, 18234, 18468, 21066, 1291, 2337, 6263, 28436, 10997, 23361]","[0.026861203834414482, 0.004718369338661432, 0.0001699752756394446, 0.0017007222631946206, 0.03179866820573807, 0.0019267346942797303, 6.352188938762993e-05, 0.00012830943160224706, 0.0044165560975670815, 0.001081715221516788, 0.005343256052583456, 0.0015487611526623368, 0.010368157178163528, 0.00407013762742281, 9.915272676153108e-05, 9.685608529252931e-05, 3.269927037763409e-05, 0.0003006163169629872, 0.0019267346942797303, 0.0002251682453788817]","[0.06097412109375, 0.93310546875, 0.005893707275390625]","[0.06097412109375, 0.93310546875, 0.005893707275390625]",False,YETERSİZ VERİ,RET,True,False,14241.540099999838,"{""K1_input_and_readiness"": 0.058900001022266224, ""K7_context"": 0.0012999989849049598, ""K1_normalization"": 0.008800001523923129, ""K6_advisory"": 25.860599998850375, ""K1_intent"": 0.07900000127847306, ""K2_retrieval"": 210.94409999932395, ""K3_reranker"": 1745.1271999998426, ""K8_weighted_ranking"": 1.2877000008302275, ""K3_candidate_filters"": 0.005900001269765198, ""K9_advisory_consensus"": 0.013500000932253897, ""K4_nli_and_bypass_check"": 121.93909999768948, ""K5_decision"": 108.72010000093724}",web_2b77bda0_0
FACTURK-0499,YALAN,"[1090, 9150, 28547, 16150, 21827, 8347, 13390, 9323, 12278, 1272, 5535, 21058, 6336, 9642, 12063, 29414, 22504, 2244, 2984, 24827]","[0.005511934403330088, 0.007518718484789133, 0.355663001537323, 0.0326513797044754, 0.013480102643370628, 0.0007733057136647403, 0.009268013760447502, 0.005080036818981171, 0.005576545372605324, 0.003930085338652134, 0.0014607495395466685, 3.219233258278109e-05, 0.13580411672592163, 0.010368157178163528, 0.00341627886518836, 1.892514956125524e-05, 0.03390795737504959, 0.004609572235494852, 0.0001500056532677263, 0.0019646615255624056]","[0.0021266937255859375, 0.88916015625, 0.10882568359375]","[0.0021266937255859375, 0.88916015625, 0.10882568359375]",False,YETERSİZ VERİ,RET,True,False,14508.434000003035,"{""K1_input_and_readiness"": 0.08140000136336312, ""K7_context"": 0.0011999982234556228, ""K1_normalization"": 0.013899996702093631, ""K6_advisory"": 24.32520000002114, ""K1_intent"": 0.05109999983687885, ""K2_retrieval"": 272.39299999928335, ""K3_reranker"": 2583.4079000014754, ""K8_weighted_ranking"": 1.2036000007356051, ""K3_candidate_filters"": 0.29290000020409934, ""K9_advisory_consensus"": 0.005900001269765198, ""K4_nli_and_bypass_check"": 20.644199998059776, ""K5_decision"": 0.17239999942830764}",28547
FACTURK-0500,DOĞRU,"[27629, 4964, 14464, 9274, 18561, 28205, 29272, 13820, 389, 27017, 940, 10902, 29474, 4361, 28915, 4119, 10917, 20392, 13980, 29186]","[0.9986114501953125, 0.0022343622986227274, 2.2474090656032786e-05, 0.3195458948612213, 0.00033274127054028213, 1.9988918211311102e-05, 0.003635808825492859, 1.7366719475830905e-05, 9.028038039105013e-05, 0.0010733063099905849, 0.0004859560285694897, 0.0001823546044761315, 0.00035419364576227963, 0.0007321811863221228, 1.6187581422855146e-05, 0.0001195985751110129, 0.0015854305820539594, 0.0003785036678891629, 3.9135655242716894e-05, 1.8631746570463292e-05]",null,"[1.0, 0.0, 0.0]",True,YETERSİZ VERİ,KISMI,True,False,2038.0599000018265,"{""K1_input_and_readiness"": 0.06200000279932283, ""K7_context"": 0.0013999997463542968, ""K1_normalization"": 0.019099999917671084, ""K6_advisory"": 24.065300000074785, ""K1_intent"": 0.037900001188972965, ""K2_retrieval"": 372.6894999999786, ""K3_reranker"": 1634.7196999995504, ""K8_weighted_ranking"": 1.0779999975056853, ""K3_candidate_filters"": 0.5645999990520068, ""K9_advisory_consensus"": 0.005699999746866524, ""K4_nli_and_bypass_check"": 0.22899999748915434, ""K5_decision"": 0.28839999868068844}",27629
