claim_id,gold_verdict,retrieved_source_ids,rerank_scores,nli_probs,decision_probs,nli_bypassed,final_verdict,raw_status,abstained,cache_hit,latency_ms,layer_latency_ms,selected_source_id
FACTURK-0001,YALAN,"[5084, 14206, 12265, 15649, 29136, 23720, 11388, 25947, 11155, 29179, 24388, 16644, 8136, 708, 25537, 14040, 27443, 23236, 21407, 4682]","[0.009670992381870747, 0.019160708412528038, 0.0002234163403045386, 1.657145367062185e-05, 0.0023596605751663446, 0.00016603845870122313, 0.0067449891939759254, 2.4300241420860402e-05, 0.0011740821646526456, 2.1112482500029728e-05, 1.7366719475830905e-05, 0.42590367794036865, 1.750292540236842e-05, 4.006369272246957e-05, 0.04146226868033409, 0.00011061159602832049, 1.6442494597868063e-05, 0.0017614696407690644, 2.1278065105434507e-05, 1.7917987861437723e-05]","[0.0008872430771589279, 0.9986693859100342, 0.0004434417642187327]","[0.0008872430771589279, 0.9986693859100342, 0.0004434417642187327]",False,YALAN,UYARI,False,False,6689.879500016104,"{""K1_input_and_readiness"": 0.7157999789342284, ""K7_context"": 0.003300025127828121, ""K1_normalization"": 0.30369998421519995, ""K6_advisory"": 71.51300000259653, ""K1_intent"": 0.27870002668350935, ""K2_retrieval"": 442.0061999699101, ""K3_reranker"": 3464.5932000130415, ""K8_weighted_ranking"": 1.4172999653965235, ""K3_candidate_filters"": 5.961699993349612, ""K9_advisory_consensus"": 0.00589998671784997, ""K4_nli_and_bypass_check"": 1338.2269999710843, ""K5_decision"": 1356.0342999990098}",14206
FACTURK-0002,YALAN,"[5161, 21314, 27176, 15452, 19821, 15313, 13566, 28567, 25882, 29461, 26954, 5398, 29680, 9918, 23602, 5162, 12338, 14911, 22734, 3195]","[0.0029464049730449915, 0.012431650422513485, 0.00013342000602278858, 0.0001673405058681965, 0.0003500686143524945, 0.054198723286390305, 0.0060503981076180935, 0.007665874902158976, 0.0031974869780242443, 1.6442494597868063e-05, 0.019985152408480644, 1.6061610949691385e-05, 1.6314539607265033e-05, 0.0032350558321923018, 1.6187581422855146e-05, 0.04795810207724571, 0.026506125926971436, 0.000191104321856983, 0.003621685551479459, 1.6061610949691385e-05]","[0.025697533041238785, 0.9740145802497864, 0.0002878998639062047]","[0.025697533041238785, 0.9740145802497864, 0.0002878998639062047]",False,YETERSİZ VERİ,RET,True,False,3460.084500024095,"{""K1_input_and_readiness"": 0.07190002361312509, ""K7_context"": 0.001700012944638729, ""K1_normalization"": 0.011599971912801266, ""K6_advisory"": 36.64850001223385, ""K1_intent"": 0.04740001168102026, ""K2_retrieval"": 249.05119999311864, ""K3_reranker"": 2210.434499953408, ""K8_weighted_ranking"": 1.2667000410147011, ""K3_candidate_filters"": 6.5799999865703285, ""K9_advisory_consensus"": 0.007199996616691351, ""K4_nli_and_bypass_check"": 498.01949999528006, ""K5_decision"": 454.87819996196777}",5162
FACTURK-0003,DOĞRU,"[10643, 3679, 4493, 29985, 3830, 10187, 28232, 4720, 26773, 3368, 6837, 23537, 864, 18485, 5913, 1579, 15078, 12304, 10688, 30019]","[0.00048406238784082234, 1.7366719475830905e-05, 2.5071596610359848e-05, 2.3369333575828932e-05, 5.694102947018109e-05, 2.566613329690881e-05, 1.6061610949691385e-05, 8.682210318511352e-05, 1.6187581422855146e-05, 1.6187581422855146e-05, 1.7231572201126255e-05, 1.6187581422855146e-05, 1.6314539607265033e-05, 1.6442494597868063e-05, 1.6061610949691385e-05, 1.6442494597868063e-05, 1.6061610949691385e-05, 0.0005213363328948617, 1.683241134742275e-05, 1.6061610949691385e-05]","[0.01323450356721878, 0.6634135246276855, 0.3233519494533539]","[0.01323450356721878, 0.6634135246276855, 0.3233519494533539]",False,YETERSİZ VERİ,RET,True,False,5587.106899998616,"{""K1_input_and_readiness"": 0.05440000677481294, ""K7_context"": 0.001400010660290718, ""K1_normalization"": 0.008600007276982069, ""K6_advisory"": 35.56990000652149, ""K1_intent"": 0.04780001472681761, ""K2_retrieval"": 183.9433999848552, ""K3_reranker"": 3445.400700031314, ""K8_weighted_ranking"": 1.194800017401576, ""K3_candidate_filters"": 6.316700018942356, ""K9_advisory_consensus"": 0.007099995855242014, ""K4_nli_and_bypass_check"": 1082.2178000234999, ""K5_decision"": 829.2568000033498}",12304
FACTURK-0004,YALAN,"[13928, 13159, 4829, 26049, 10491, 12198, 16843, 7716, 19331, 23472, 28091, 15833, 14158, 7204, 16105, 27795, 11156, 11180, 23662, 11990]","[0.004382336512207985, 0.007695646956562996, 0.016979992389678955, 0.012194132432341576, 0.0002780309587251395, 0.0027149852830916643, 0.034618835896253586, 0.03588069602847099, 0.0004124558763578534, 0.0029810327105224133, 8.888084994396195e-05, 0.0001511819864390418, 0.007636216934770346, 0.0021074723917990923, 0.0002131875662598759, 0.00041568948654457927, 3.1693256460130215e-05, 1.683241134742275e-05, 0.0003275842755101621, 0.00021824207215104252]","[0.00028491808916442096, 0.003997188527137041, 0.9957179427146912]","[0.00028491808916442096, 0.003997188527137041, 0.9957179427146912]",False,YETERSİZ VERİ,KISMI,True,False,3793.0307000060566,"{""K1_input_and_readiness"": 0.0914999982342124, ""K7_context"": 0.001500011421740055, ""K1_normalization"": 0.01580000389367342, ""K6_advisory"": 36.46110004046932, ""K1_intent"": 0.21039997227489948, ""K2_retrieval"": 306.4271999755874, ""K3_reranker"": 3286.290399963036, ""K8_weighted_ranking"": 1.2375999940559268, ""K3_candidate_filters"": 6.520299997646362, ""K9_advisory_consensus"": 0.00689999433234334, ""K4_nli_and_bypass_check"": 150.7889000349678, ""K5_decision"": 0.5611999658867717}",13928
FACTURK-0005,YALAN,"[29807, 27466, 11486, 9201, 11348, 2140, 24935, 20333, 209, 27288, 150, 22494, 2050, 29979, 29112, 4916, 13172, 13258, 4896, 16391]","[2.3007036361377686e-05, 1.6061610949691385e-05, 1.6187581422855146e-05, 1.593661909282673e-05, 1.6314539607265033e-05, 3.1693256460130215e-05, 0.0002715921145863831, 8.547616744181141e-05, 1.7917987861437723e-05, 0.0019723358564078808, 1.922317096614279e-05, 1.6061610949691385e-05, 4.683888619183563e-05, 1.6061610949691385e-05, 0.0037072531413286924, 3.5633544030133635e-05, 2.9541422918555327e-05, 1.8200149497715756e-05, 0.00026947917649522424, 1.6061610949691385e-05]","[0.0031467918306589127, 0.9938655495643616, 0.002987699117511511]","[0.0031467918306589127, 0.9938655495643616, 0.002987699117511511]",False,YALAN,RED,False,False,3635.1449000067078,"{""K1_input_and_readiness"": 0.06160000339150429, ""K7_context"": 0.0012999516911804676, ""K1_normalization"": 0.011500029359012842, ""K6_advisory"": 36.991900007706136, ""K1_intent"": 0.0714000198058784, ""K2_retrieval"": 217.3462999635376, ""K3_reranker"": 3331.3865999807604, ""K8_weighted_ranking"": 1.3193999766372144, ""K3_candidate_filters"": 5.508300033397973, ""K9_advisory_consensus"": 0.006399990525096655, ""K4_nli_and_bypass_check"": 37.995200022123754, ""K5_decision"": 0.41879998752847314}",150
FACTURK-0006,YALAN,"[13994, 27790, 7893, 8670, 17553, 15787, 9150, 9636, 12442, 28045, 22499, 10784, 11182, 23979, 24804, 22699, 15425, 21477, 18709, 6418]","[0.0011649561347439885, 0.0017342078499495983, 1.6442494597868063e-05, 3.508111694827676e-05, 3.0006618544575758e-05, 0.0006337125087156892, 0.009196552447974682, 1.6442494597868063e-05, 1.6442494597868063e-05, 1.9988918211311102e-05, 0.0002780309587251395, 4.794958294951357e-05, 0.0004859560285694897, 0.0008969392511062324, 1.6442494597868063e-05, 0.0010162440594285727, 0.001483718864619732, 1.6314539607265033e-05, 1.7097478121286258e-05, 0.006438102573156357]","[0.0015175419393926859, 0.911361038684845, 0.08712147176265717]","[0.0015175419393926859, 0.911361038684845, 0.08712147176265717]",False,YALAN,UYARI,False,False,4431.1723000137135,"{""K1_input_and_readiness"": 0.06530003156512976, ""K7_context"": 0.002900022082030773, ""K1_normalization"": 0.013299984857439995, ""K6_advisory"": 37.57350001251325, ""K1_intent"": 0.03759999526664615, ""K2_retrieval"": 196.59359997604042, ""K3_reranker"": 3231.5253000124358, ""K8_weighted_ranking"": 2.2920999908819795, ""K3_candidate_filters"": 11.22609997401014, ""K9_advisory_consensus"": 0.013399985618889332, ""K4_nli_and_bypass_check"": 574.3912999751046, ""K5_decision"": 374.3038999964483}",9150
FACTURK-0007,YALAN,"[9422, 22254, 11479, 9150, 3007, 16785, 635, 27268, 1272, 3592, 25225, 12977, 25178, 16910, 15675, 6336, 16150, 29240, 25228, 27696]","[0.002296159043908119, 0.0020190137438476086, 0.0008426423300988972, 0.0065388246439397335, 0.004755199886858463, 0.006877107545733452, 0.002957902615889907, 1.683241134742275e-05, 0.0010443859500810504, 0.00651349825784564, 0.0011740821646526456, 6.502816540887579e-05, 0.0004859560285694897, 0.00017674513219390064, 3.8229114579735324e-05, 0.0972188413143158, 0.006463137920945883, 0.0003225071995984763, 0.017712298780679703, 0.020884215831756592]","[0.0006728763692080975, 0.9982719421386719, 0.0010552257299423218]","[0.0006728763692080975, 0.9982719421386719, 0.0010552257299423218]",False,YETERSİZ VERİ,RET,True,False,3458.1951000145636,"{""K1_input_and_readiness"": 0.0619000056758523, ""K7_context"": 0.001600012183189392, ""K1_normalization"": 0.01279998105019331, ""K6_advisory"": 41.34719999274239, ""K1_intent"": 0.076299998909235, ""K2_retrieval"": 350.05119995912537, ""K3_reranker"": 2981.513899983838, ""K8_weighted_ranking"": 1.0507000260986388, ""K3_candidate_filters"": 5.75900002149865, ""K9_advisory_consensus"": 0.006200047209858894, ""K4_nli_and_bypass_check"": 75.17379999626428, ""K5_decision"": 0.19890000112354755}",6336
FACTURK-0008,DOĞRU,"[23842, 9982, 10382, 9650, 15500, 19666, 11877, 9806, 3540, 14693, 3040, 14448, 20379, 22944, 8990, 3772, 22150, 23316, 22581, 6926]","[0.005865338258445263, 1.6442494597868063e-05, 2.4300241420860402e-05, 0.001048469333909452, 1.922317096614279e-05, 4.1335399146191776e-05, 0.0005725466180592775, 0.0005420927773229778, 1.6061610949691385e-05, 8.888084994396195e-05, 1.6314539607265033e-05, 0.015603534877300262, 2.3369333575828932e-05, 2.1112482500029728e-05, 0.0019418168812990189, 1.6187581422855146e-05, 9.7615658887662e-05, 0.023021258413791656, 0.0018031664658337831, 2.178264912799932e-05]","[0.0015008286572992802, 0.012226980179548264, 0.9862722158432007]","[0.0015008286572992802, 0.012226980179548264, 0.9862722158432007]",False,YALAN,RED,False,False,2459.7088000155054,"{""K1_input_and_readiness"": 0.044300046283751726, ""K7_context"": 0.001300009898841381, ""K1_normalization"": 0.009600014891475439, ""K6_advisory"": 35.63499997835606, ""K1_intent"": 0.052799994591623545, ""K2_retrieval"": 209.54080001683906, ""K3_reranker"": 2119.189799996093, ""K8_weighted_ranking"": 1.2052000383846462, ""K3_candidate_filters"": 5.307999963406473, ""K9_advisory_consensus"": 0.006799993570894003, ""K4_nli_and_bypass_check"": 85.44960001017898, ""K5_decision"": 0.31020003370940685}",23842
FACTURK-0009,DOĞRU,"[1144, 24475, 27597, 16895, 6310, 20475, 12267, 7358, 14517, 19012, 6826, 22836, 27502, 8481, 8892, 19391, 27132, 6311, 12431, 3325]","[3.7931622500764206e-05, 0.0015548133524134755, 2.014569145103451e-05, 0.00013135180051904172, 0.0005420927773229778, 0.005001672077924013, 0.0013198634842410684, 0.0006693099858239293, 0.005159622989594936, 0.00026947917649522424, 0.0004494523163884878, 0.0005233757547102869, 2.977311669383198e-05, 0.00016346470511052758, 2.0785171727766283e-05, 5.0644717703107744e-05, 1.6314539607265033e-05, 0.0009362827986478806, 1.7366719475830905e-05, 2.2827996872365475e-05]","[0.10533758252859116, 0.16355043649673462, 0.7311119437217712]","[0.10533758252859116, 0.16355043649673462, 0.7311119437217712]",False,YALAN,RED,False,False,3541.8818999896757,"{""K1_input_and_readiness"": 0.04850002005696297, ""K7_context"": 0.001300009898841381, ""K1_normalization"": 0.010399962775409222, ""K6_advisory"": 36.93020000355318, ""K1_intent"": 0.04009995609521866, ""K2_retrieval"": 213.80280004814267, ""K3_reranker"": 2046.1021999944933, ""K8_weighted_ranking"": 1.5496999840252101, ""K3_candidate_filters"": 5.660599970724434, ""K9_advisory_consensus"": 0.006199989002197981, ""K4_nli_and_bypass_check"": 617.5470000016503, ""K5_decision"": 617.3173999995925}",12431
FACTURK-0010,YALAN,"[24363, 8324, 13975, 27785, 18194, 8950, 8758, 10912, 28933, 2259, 11725, 129, 389, 10568, 29827, 5415, 11438, 14997, 27935, 2585]","[0.9533619284629822, 0.004520817659795284, 0.01214717049151659, 5.738759500673041e-05, 1.892514956125524e-05, 2.526822754589375e-05, 1.805851934477687e-05, 8.284655632451177e-05, 1.6061610949691385e-05, 1.657145367062185e-05, 2.6897845600615256e-05, 8.614650869276375e-05, 0.00035557945375330746, 0.0008559006964787841, 2.392351052549202e-05, 4.794958294951357e-05, 1.6442494597868063e-05, 0.00029365462251007557, 1.6314539607265033e-05, 3.734356869244948e-05]","[0.9986340403556824, 0.0002553396043367684, 0.0011105824960395694]","[0.9986340403556824, 0.0002553396043367684, 0.0011105824960395694]",False,YALAN,UYARI,False,False,4345.345399982762,"{""K1_input_and_readiness"": 0.0467000063508749, ""K7_context"": 0.0015999539755284786, ""K1_normalization"": 0.01810002140700817, ""K6_advisory"": 33.86099997442216, ""K1_intent"": 0.034299970138818026, ""K2_retrieval"": 209.00060003623366, ""K3_reranker"": 3234.925500000827, ""K8_weighted_ranking"": 1.2057999847456813, ""K3_candidate_filters"": 5.497300007846206, ""K9_advisory_consensus"": 0.006799993570894003, ""K4_nli_and_bypass_check"": 513.4859000099823, ""K5_decision"": 344.4660000386648}",24363
FACTURK-0011,YALAN,"[23718, 23479, 25507, 28191, 12587, 19428, 20172, 29572, 26988, 20389, 14814, 7826, 21721, 19006, 6047, 5185, 6648, 26079, 579, 2434]","[0.0006312434561550617, 0.00025714197545312345, 2.977311669383198e-05, 2.030369250860531e-05, 0.009708477184176445, 3.5633544030133635e-05, 0.011597361415624619, 1.892514956125524e-05, 0.0061450921930372715, 0.001573112211190164, 0.0005838325014337897, 1.67014204635052e-05, 0.00017265156202483922, 0.00023597174731548876, 0.0002287133247591555, 0.0010649627074599266, 2.0623421733034775e-05, 4.400118632474914e-05, 0.007968815043568611, 4.101373633602634e-05]","[0.005403679329901934, 0.05906001478433609, 0.9355363249778748]","[0.005403679329901934, 0.05906001478433609, 0.9355363249778748]",False,DOĞRU,ONAY,False,False,3034.449000027962,"{""K1_input_and_readiness"": 0.06379996193572879, ""K7_context"": 0.001600012183189392, ""K1_normalization"": 0.012300035450607538, ""K6_advisory"": 37.13019995484501, ""K1_intent"": 0.03779999678954482, ""K2_retrieval"": 193.3193000149913, ""K3_reranker"": 2156.6865000058897, ""K8_weighted_ranking"": 1.0155999916605651, ""K3_candidate_filters"": 5.241299979388714, ""K9_advisory_consensus"": 0.005699985194951296, ""K4_nli_and_bypass_check"": 339.05939996475354, ""K5_decision"": 298.99969999678433}",20172
FACTURK-0012,DOĞRU,"[18918, 29855, 23011, 19541, 6622, 25720, 11529, 26278, 22626, 25180, 6142, 29775, 3162, 7148, 14891, 27742, 1743, 25865, 15735, 6336]","[0.0012893283274024725, 0.00012148174573667347, 0.0038996203802525997, 0.03403615206480026, 0.0003640086797531694, 0.0005549409543164074, 0.0020111582707613707, 2.4876489987946115e-05, 3.071818719035946e-05, 0.0009110511746257544, 0.005060331895947456, 0.00014313739666249603, 0.0003275842755101621, 0.0017752605490386486, 1.6314539607265033e-05, 0.0018031664658337831, 0.00013552077871281654, 3.3474691008450463e-05, 0.0004529758298303932, 0.0009399438858963549]","[0.001419840264134109, 0.8684050440788269, 0.13017506897449493]","[0.001419840264134109, 0.8684050440788269, 0.13017506897449493]",False,YETERSİZ VERİ,RET,True,False,2959.5515000401065,"{""K1_input_and_readiness"": 0.0445000478066504, ""K7_context"": 0.001800013706088066, ""K1_normalization"": 0.010500021744519472, ""K6_advisory"": 34.83399999095127, ""K1_intent"": 0.03200001083314419, ""K2_retrieval"": 189.9643000215292, ""K3_reranker"": 2029.8574000480585, ""K8_weighted_ranking"": 1.0673000360839069, ""K3_candidate_filters"": 5.49369998043403, ""K9_advisory_consensus"": 0.006199989002197981, ""K4_nli_and_bypass_check"": 379.4000999769196, ""K5_decision"": 315.9550999989733}",11529
FACTURK-0013,DOĞRU,"[12699, 10893, 22737, 27933, 17446, 8374, 22357, 12534, 8303, 18096, 23089, 2528, 14887, 15062, 8216, 9657, 28054, 13101, 27013, 16012]","[0.7246754765510559, 0.1945207715034485, 1.8342892872169614e-05, 0.00023597174731548876, 0.004331501666456461, 9.7615658887662e-05, 0.0015916259726509452, 0.0027149852830916643, 0.0006959536112844944, 0.0003951153776142746, 0.000570315751247108, 3.734356869244948e-05, 0.0006142272031866014, 0.004520817659795284, 0.0001823546044761315, 0.0021074723917990923, 0.0030515100806951523, 0.0002415662893326953, 0.00031258779927156866, 0.00038296362617984414]","[0.0005928181926719844, 0.9660708904266357, 0.03333635255694389]","[0.0005928181926719844, 0.9660708904266357, 0.03333635255694389]",False,YETERSİZ VERİ,RET,True,False,3180.127600033302,"{""K1_input_and_readiness"": 0.057699973694980145, ""K7_context"": 0.001600012183189392, ""K1_normalization"": 0.012000033166259527, ""K6_advisory"": 36.09890001825988, ""K1_intent"": 0.050799979362636805, ""K2_retrieval"": 244.459800014738, ""K3_reranker"": 2809.825500007719, ""K8_weighted_ranking"": 1.0692999931052327, ""K3_candidate_filters"": 5.31889998819679, ""K9_advisory_consensus"": 0.006299989763647318, ""K4_nli_and_bypass_check"": 80.11589996749535, ""K5_decision"": 0.16559998039156199}",12699
FACTURK-0014,YALAN,"[29080, 27142, 28266, 29892, 29834, 1095, 13298, 15868, 13341, 2537, 27999, 6418, 27730, 29881, 27601, 9507, 24354, 20632, 28088, 22608]","[0.09982065856456757, 0.16026602685451508, 0.012722708284854889, 0.005179712548851967, 0.04501553252339363, 0.13330234587192535, 0.0002234163403045386, 0.09334687888622284, 0.02843603305518627, 0.005426943302154541, 0.003087369492277503, 0.14010079205036163, 0.0011160142021253705, 0.060863446444272995, 0.0008659808663651347, 0.007431773468852043, 0.013636835850775242, 0.001495338510721922, 0.0011832797899842262, 0.0360160693526268]","[0.0003223984385840595, 0.9995051622390747, 0.0001724192115943879]","[0.0003223984385840595, 0.9995051622390747, 0.0001724192115943879]",False,YETERSİZ VERİ,RET,True,False,3667.7663999726065,"{""K1_input_and_readiness"": 0.047900015488266945, ""K7_context"": 0.001400010660290718, ""K1_normalization"": 0.010000017937272787, ""K6_advisory"": 33.219800039660186, ""K1_intent"": 0.036699988413602114, ""K2_retrieval"": 188.61090001882985, ""K3_reranker"": 2988.502599997446, ""K8_weighted_ranking"": 1.3889000401832163, ""K3_candidate_filters"": 5.421799956820905, ""K9_advisory_consensus"": 0.005399982910603285, ""K4_nli_and_bypass_check"": 219.16440001223236, ""K5_decision"": 228.548499988392}",27142
FACTURK-0015,YALAN,"[4977, 15806, 18859, 2941, 29808, 3212, 23156, 7205, 26295, 12961, 15095, 2573, 22860, 24403, 27060, 1964, 25914, 19362, 15608, 2750]","[0.0005132579244673252, 2.265035072923638e-05, 0.0005792917218059301, 4.539786823443137e-05, 2.2474090656032786e-05, 0.01009131595492363, 0.0002287133247591555, 0.0001387341326335445, 0.00023597174731548876, 3.9135655242716894e-05, 0.0061212810687720776, 2.4682904040673748e-05, 0.00021485926117748022, 0.000487857119878754, 4.331903619458899e-05, 0.00025315635139122605, 2.0462934116949327e-05, 0.0014381353976204991, 0.001220795209519565, 0.0005213363328948617]","[0.0017369776032865047, 0.9965975880622864, 0.001665385439991951]","[0.0017369776032865047, 0.9965975880622864, 0.001665385439991951]",False,YETERSİZ VERİ,RET,True,False,3923.416299978271,"{""K1_input_and_readiness"": 0.060399994254112244, ""K7_context"": 0.001500011421740055, ""K1_normalization"": 0.010599964298307896, ""K6_advisory"": 35.40689998771995, ""K1_intent"": 0.05329999839887023, ""K2_retrieval"": 236.51419999077916, ""K3_reranker"": 2175.691200012807, ""K8_weighted_ranking"": 1.1060999822802842, ""K3_candidate_filters"": 5.923099990468472, ""K9_advisory_consensus"": 0.00990001717582345, ""K4_nli_and_bypass_check"": 783.3131000516005, ""K5_decision"": 682.4539999943227}",18859
FACTURK-0016,DOĞRU,"[1988, 29568, 10107, 9053, 26997, 19128, 2671, 28296, 1386, 8942, 24244, 16982, 13542, 11388, 3711, 21094, 22490, 4613, 13246, 29202]","[0.3443332016468048, 0.00017265156202483922, 0.18111833930015564, 0.00029365462251007557, 1.6061610949691385e-05, 0.0019342610612511635, 1.6314539607265033e-05, 1.6314539607265033e-05, 0.00043393249507062137, 0.025323061272501945, 1.593661909282673e-05, 1.6061610949691385e-05, 1.6314539607265033e-05, 1.6314539607265033e-05, 1.6314539607265033e-05, 1.6314539607265033e-05, 1.6061610949691385e-05, 3.8229114579735324e-05, 0.0018102108733728528, 1.6061610949691385e-05]","[0.004775630310177803, 0.9357256293296814, 0.059498801827430725]","[0.004775630310177803, 0.9357256293296814, 0.059498801827430725]",False,YETERSİZ VERİ,RET,True,False,3716.2149000214413,"{""K1_input_and_readiness"": 0.04700000863522291, ""K7_context"": 0.001500011421740055, ""K1_normalization"": 0.008500006515532732, ""K6_advisory"": 35.55849997792393, ""K1_intent"": 0.04439998883754015, ""K2_retrieval"": 200.3901000134647, ""K3_reranker"": 2780.2265000063926, ""K8_weighted_ranking"": 1.2912999955005944, ""K3_candidate_filters"": 6.044099980499595, ""K9_advisory_consensus"": 0.005999987479299307, ""K4_nli_and_bypass_check"": 350.4610999953002, ""K5_decision"": 339.0699999872595}",8942
FACTURK-0017,YALAN,"[11274, 2541, 28831, 8749, 19127, 17654, 23001, 21446, 8786, 21619, 2399, 350, 7578, 3161, 2773, 20870, 21760, 21169, 24882, 10116]","[0.04795810207724571, 0.000503335555549711, 1.683241134742275e-05, 4.1659583075670525e-05, 1.657145367062185e-05, 1.6314539607265033e-05, 0.00023782203788869083, 0.00020988310279790312, 0.00025514140725135803, 0.0011695103021338582, 5.783766391687095e-05, 1.593661909282673e-05, 1.593661909282673e-05, 5.225226777838543e-05, 1.6061610949691385e-05, 0.00020184421737212688, 1.593661909282673e-05, 1.9525883544702083e-05, 1.8200149497715756e-05, 0.00014202363672666252]","[0.0021432850044220686, 0.996182382106781, 0.0016742611769586802]","[0.0021432850044220686, 0.996182382106781, 0.0016742611769586802]",False,YETERSİZ VERİ,RET,True,False,2851.441300008446,"{""K1_input_and_readiness"": 0.041199964471161366, ""K7_context"": 0.001700012944638729, ""K1_normalization"": 0.00890000956133008, ""K6_advisory"": 33.60849997261539, ""K1_intent"": 0.030700000934302807, ""K2_retrieval"": 205.2421999978833, ""K3_reranker"": 2513.893600029405, ""K8_weighted_ranking"": 1.29060004837811, ""K3_candidate_filters"": 6.48350000847131, ""K9_advisory_consensus"": 0.006599992047995329, ""K4_nli_and_bypass_check"": 87.31049997732043, ""K5_decision"": 0.31400000443682075}",11274
FACTURK-0018,YALAN,"[11509, 20020, 18468, 13474, 6336, 13842, 4897, 28378, 24002, 14073, 29892, 1424, 18297, 2337, 5278, 348, 12794, 25726, 17876, 10061]","[0.026205414906144142, 0.009232213720679283, 0.3624049127101898, 0.00039821304380893707, 5.0644717703107744e-05, 0.0011203772155568004, 7.905303937150165e-05, 0.0008393599418923259, 0.00570803415030241, 0.001052568550221622, 8.284655632451177e-05, 0.0004897656035609543, 0.0004747042548842728, 0.0008592476369813085, 0.0001500056532677263, 0.0003920417802873999, 0.00018667821132112294, 0.00011323437502142042, 0.003765413537621498, 0.0010005044750869274]","[0.0024542338214814663, 0.07222190499305725, 0.9253239035606384]","[0.0024542338214814663, 0.07222190499305725, 0.9253239035606384]",False,DOĞRU,ONAY,False,False,2970.48519999953,"{""K1_input_and_readiness"": 0.04850002005696297, ""K7_context"": 0.0014999532140791416, ""K1_normalization"": 0.009700015652924776, ""K6_advisory"": 38.56820001965389, ""K1_intent"": 0.0610999995842576, ""K2_retrieval"": 208.05469999322668, ""K3_reranker"": 2155.2889000158757, ""K8_weighted_ranking"": 1.0485999519005418, ""K3_candidate_filters"": 5.705900024622679, ""K9_advisory_consensus"": 0.011199968867003918, ""K4_nli_and_bypass_check"": 288.0713000195101, ""K5_decision"": 270.86119999876246}",11509
FACTURK-0019,YALAN,"[10019, 23626, 10855, 5995, 25163, 18608, 10430, 21693, 23143, 26301, 5665, 4198, 9385, 28726, 21404, 15562, 5174, 22499, 17993, 14676]","[0.698535144329071, 0.015663648024201393, 0.00020184421737212688, 0.0001476803736295551, 0.0014493984635919333, 0.0036499870475381613, 1.7778551409719512e-05, 3.219233258278109e-05, 4.331903619458899e-05, 1.922317096614279e-05, 9.098840382648632e-05, 0.006641112733632326, 0.000159678646014072, 0.00026738259475678205, 1.9525883544702083e-05, 0.0016420665197074413, 1.9073577277595177e-05, 0.0003199982165824622, 1.7097478121286258e-05, 2.0785171727766283e-05]","[0.0076000746339559555, 0.9910159111022949, 0.00138396758120507]","[0.0076000746339559555, 0.9910159111022949, 0.00138396758120507]",False,YETERSİZ VERİ,RET,True,False,3659.2993999947794,"{""K1_input_and_readiness"": 0.04090002039447427, ""K7_context"": 0.001600012183189392, ""K1_normalization"": 0.00790000194683671, ""K6_advisory"": 33.03249995224178, ""K1_intent"": 0.029999995604157448, ""K2_retrieval"": 181.70549999922514, ""K3_reranker"": 3273.7516000051983, ""K8_weighted_ranking"": 1.2193999718874693, ""K3_candidate_filters"": 6.773400004021823, ""K9_advisory_consensus"": 0.007499998901039362, ""K4_nli_and_bypass_check"": 113.55149996234104, ""K5_decision"": 46.43460002262145}",10019
FACTURK-0020,YALAN,"[13472, 2332, 26217, 13547, 774, 25293, 29995, 14203, 24466, 10255, 8966, 8144, 26278, 26014, 12519, 12451, 30143, 13913, 22086, 28546]","[0.04130730405449867, 0.19513355195522308, 0.03228325769305229, 0.0008009536541067064, 0.08108212053775787, 1.6442494597868063e-05, 0.02964751049876213, 0.09534945338964462, 0.005260852165520191, 0.7611836194992065, 0.01784873753786087, 0.0010202174307778478, 1.9373936083866283e-05, 1.67014204635052e-05, 0.06954174488782883, 0.007093862164765596, 2.4300241420860402e-05, 0.003991728648543358, 0.0026316740550100803, 0.01214717049151659]","[0.02297184243798256, 0.9764825105667114, 0.0005455941427499056]","[0.02297184243798256, 0.9764825105667114, 0.0005455941427499056]",False,YALAN,RED,False,False,2269.525600015186,"{""K1_input_and_readiness"": 0.03709999145939946, ""K7_context"": 0.001500011421740055, ""K1_normalization"": 0.006599992047995329, ""K6_advisory"": 32.98360004555434, ""K1_intent"": 0.02800003858283162, ""K2_retrieval"": 177.50160000286996, ""K3_reranker"": 1821.4250999735668, ""K8_weighted_ranking"": 1.062600000295788, ""K3_candidate_filters"": 5.589800013694912, ""K9_advisory_consensus"": 0.006099988240748644, ""K4_nli_and_bypass_check"": 117.2493000049144, ""K5_decision"": 110.69649999262765}",10255
FACTURK-0021,YALAN,"[12182, 19013, 6837, 7010, 4206, 26575, 28420, 1571, 29643, 4320, 13627, 17331, 19157, 13247, 28705, 16457, 21786, 27365, 17272, 17009]","[0.06477169692516327, 0.0036499870475381613, 3.024195939360652e-05, 0.002736221067607403, 1.6187581422855146e-05, 0.0001511819864390418, 5.391084778239019e-05, 0.0009927261853590608, 6.014152313582599e-05, 1.6187581422855146e-05, 1.7778551409719512e-05, 3.70529705833178e-05, 1.67014204635052e-05, 0.00041568948654457927, 1.6061610949691385e-05, 1.6964426322374493e-05, 1.6314539607265033e-05, 0.004198795650154352, 1.8342892872169614e-05, 0.0020111582707613707]","[0.055039070546627045, 0.9306878447532654, 0.014273016713559628]","[0.055039070546627045, 0.9306878447532654, 0.014273016713559628]",False,YETERSİZ VERİ,RET,True,False,5232.434200006537,"{""K1_input_and_readiness"": 0.09380001574754715, ""K7_context"": 0.001700012944638729, ""K1_normalization"": 0.01850002445280552, ""K6_advisory"": 38.528400007635355, ""K1_intent"": 0.047600013203918934, ""K2_retrieval"": 259.9631000193767, ""K3_reranker"": 3139.5663000294007, ""K8_weighted_ranking"": 1.5849000192247331, ""K3_candidate_filters"": 7.301700010430068, ""K9_advisory_consensus"": 0.007800001185387373, ""K4_nli_and_bypass_check"": 985.9580000047572, ""K5_decision"": 796.6600000509061}",26575
FACTURK-0022,DOĞRU,"[17990, 24739, 29904, 26723, 9682, 25000, 15978, 21076, 10656, 26748, 19286, 3213, 14260, 9916, 21969, 15026, 10651, 27992, 12664, 1970]","[0.00039977103006094694, 0.0012113064294680953, 2.6274772608303465e-05, 0.0398624911904335, 0.01590639166533947, 1.593661909282673e-05, 0.001151399570517242, 0.0032986511941999197, 0.0014895173953846097, 1.6442494597868063e-05, 1.6061610949691385e-05, 0.0038244836032390594, 0.0002492325147613883, 1.6061610949691385e-05, 0.003087369492277503, 0.00037409563083201647, 1.6061610949691385e-05, 1.8631746570463292e-05, 0.0019342610612511635, 0.002531111240386963]","[0.0020193669479340315, 0.9736708998680115, 0.024309735745191574]","[0.0020193669479340315, 0.9736708998680115, 0.024309735745191574]",False,YETERSİZ VERİ,RET,True,False,4324.09850001568,"{""K1_input_and_readiness"": 0.053499999921768904, ""K7_context"": 0.001400010660290718, ""K1_normalization"": 0.010200019460171461, ""K6_advisory"": 34.440600022207946, ""K1_intent"": 0.03590004052966833, ""K2_retrieval"": 208.52129999548197, ""K3_reranker"": 3980.4031000239775, ""K8_weighted_ranking"": 1.2434999807737768, ""K3_candidate_filters"": 5.867400032002479, ""K9_advisory_consensus"": 0.014700053725391626, ""K4_nli_and_bypass_check"": 89.66670004883781, ""K5_decision"": 0.31319999834522605}",26723
FACTURK-0023,YALAN,"[3409, 12334, 14597, 4491, 21826, 22170, 22908, 2565, 15861, 1375, 13986, 25180, 27625, 4790, 23686, 26848, 7028, 11592, 7836, 16405]","[0.008950711227953434, 0.0037217086646705866, 0.0027683854568749666, 3.3474691008450463e-05, 1.967902426258661e-05, 0.00019871552649419755, 0.0032476764172315598, 2.732141365413554e-05, 2.195349043176975e-05, 0.0016875095898285508, 0.0076066721230745316, 0.018124720081686974, 3.1201914680423215e-05, 1.7640199075685814e-05, 0.00016474656877107918, 2.161314114346169e-05, 0.0009811719646677375, 0.00025514140725135803, 0.0026730059180408716, 0.0002434604539303109]","[0.0020023672841489315, 0.9968298077583313, 0.0011678335722535849]","[0.0020023672841489315, 0.9968298077583313, 0.0011678335722535849]",False,YETERSİZ VERİ,RET,True,False,3504.3968000099994,"{""K1_input_and_readiness"": 0.06089999806135893, ""K7_context"": 0.001600012183189392, ""K1_normalization"": 0.012699980288743973, ""K6_advisory"": 37.52929996699095, ""K1_intent"": 0.04299997817724943, ""K2_retrieval"": 253.57850000727922, ""K3_reranker"": 3121.4378000004217, ""K8_weighted_ranking"": 1.2165000080130994, ""K3_candidate_filters"": 6.2621000106446445, ""K9_advisory_consensus"": 0.010000017937272787, ""K4_nli_and_bypass_check"": 80.80820000031963, ""K5_decision"": 0.39709999691694975}",25180
FACTURK-0024,DOĞRU,"[27158, 26595, 25666, 13838, 835, 28676, 4485, 25133, 11451, 14492, 16370, 29088, 1300, 3188, 2337, 2805, 13205, 4250, 8895, 20021]","[0.0009510130621492863, 0.006666931323707104, 0.007431773468852043, 0.00012931563833262771, 0.001094452221877873, 0.0029235428664833307, 0.0007763299508951604, 0.005934066604822874, 0.0005506247980520129, 0.002992665395140648, 0.002225670963525772, 0.00022167809947859496, 0.0002251682453788817, 2.195349043176975e-05, 1.9833367332466878e-05, 0.0005420927773229778, 0.0031974869780242443, 0.006957608740776777, 0.006903838831931353, 5.920916373725049e-05]","[0.002141142264008522, 0.9252907037734985, 0.07256808876991272]","[0.002141142264008522, 0.9252907037734985, 0.07256808876991272]",False,YETERSİZ VERİ,RET,True,False,6925.199799996335,"{""K1_input_and_readiness"": 0.07909996202215552, ""K7_context"": 0.001400010660290718, ""K1_normalization"": 0.01780001912266016, ""K6_advisory"": 36.02399997180328, ""K1_intent"": 0.04499999340623617, ""K2_retrieval"": 263.63970001693815, ""K3_reranker"": 4286.056599987205, ""K8_weighted_ranking"": 1.2493000249378383, ""K3_candidate_filters"": 5.613199959043413, ""K9_advisory_consensus"": 0.006699992809444666, ""K4_nli_and_bypass_check"": 1261.8759999750182, ""K5_decision"": 1067.4797999672592}",2337
FACTURK-0025,YALAN,"[8892, 13320, 14209, 11996, 10769, 8197, 23866, 17459, 21866, 5662, 8259, 3325, 2199, 28974, 14604, 6692, 16542, 372, 28996, 7437]","[0.34775856137275696, 0.16331195831298828, 0.3432316780090332, 0.1772405207157135, 0.9833430051803589, 0.05429893732070923, 0.0015854305820539594, 0.0009927261853590608, 0.0006166297243908048, 0.0007180297398008406, 0.0019117692718282342, 1.7640199075685814e-05, 0.003456409554928541, 0.0011649561347439885, 0.0005636750720441341, 0.016850080341100693, 0.028707079589366913, 0.02742854133248329, 0.04240382835268974, 0.3944924771785736]","[0.0013807506766170263, 0.001252794754691422, 0.9973664879798889]","[0.0013807506766170263, 0.001252794754691422, 0.9973664879798889]",False,YALAN,RED,False,False,3695.18069998594,"{""K1_input_and_readiness"": 0.035800039768218994, ""K7_context"": 0.0013999524526298046, ""K1_normalization"": 0.006500049494206905, ""K6_advisory"": 34.52929999912158, ""K1_intent"": 0.03239995567128062, ""K2_retrieval"": 185.9002000419423, ""K3_reranker"": 2813.329500029795, ""K8_weighted_ranking"": 1.0588999721221626, ""K3_candidate_filters"": 5.568999971728772, ""K9_advisory_consensus"": 0.006199989002197981, ""K4_nli_and_bypass_check"": 401.1212000041269, ""K5_decision"": 250.80310000339523}",10769
FACTURK-0026,YALAN,"[27715, 9714, 28551, 16076, 14684, 15854, 21424, 10115, 16235, 3831, 9638, 17890, 27544, 1828, 20230, 10050, 23184, 4357, 16951, 22711]","[0.00011501735571073368, 2.265035072923638e-05, 0.00025315635139122605, 0.009449081495404243, 0.00021995337738189846, 9.17019642656669e-05, 0.05654813349246979, 3.024195939360652e-05, 0.00016474656877107918, 1.683241134742275e-05, 0.034100424498319626, 0.003621685551479459, 0.013480102643370628, 1.6187581422855146e-05, 1.6061610949691385e-05, 1.6964426322374493e-05, 0.03521113470196724, 1.6061610949691385e-05, 0.004007289186120033, 0.00025514140725135803]","[0.0024941342417150736, 0.995841920375824, 0.0016639719251543283]","[0.0024941342417150736, 0.995841920375824, 0.0016639719251543283]",False,YALAN,RED,False,False,4437.732400023378,"{""K1_input_and_readiness"": 0.059999991208314896, ""K7_context"": 0.001500011421740055, ""K1_normalization"": 0.010600022505968809, ""K6_advisory"": 34.754600026644766, ""K1_intent"": 0.030800001695752144, ""K2_retrieval"": 189.73760004155338, ""K3_reranker"": 3455.2493999945, ""K8_weighted_ranking"": 1.2959000305272639, ""K3_candidate_filters"": 6.336999998893589, ""K9_advisory_consensus"": 0.006299989763647318, ""K4_nli_and_bypass_check"": 478.1682000029832, ""K5_decision"": 268.37770000565797}",21424
FACTURK-0027,DOĞRU,"[15752, 13592, 27584, 7141, 21833, 13009, 27265, 29704, 16866, 8540, 24074, 27474, 10185, 19974, 28576, 2156, 28057, 28602, 7476, 15855]","[0.9997367262840271, 0.00013032974675297737, 2.586742994026281e-05, 0.00838045310229063, 1.6964426322374493e-05, 1.7097478121286258e-05, 6.761842087144032e-05, 0.005641908384859562, 1.8631746570463292e-05, 0.0009217804181389511, 3.269927037763409e-05, 0.0002287133247591555, 0.00023782203788869083, 0.0006487307837232947, 1.6061610949691385e-05, 6.0613183450186625e-05, 1.7917987861437723e-05, 5.649793456541374e-05, 1.8342892872169614e-05, 7.602479308843613e-05]","[0.9994773268699646, 0.0001667503238422796, 0.0003558591997716576]","[0.9994773268699646, 0.0001667503238422796, 0.0003558591997716576]",False,DOĞRU,ONAY,False,False,2468.1133999838494,"{""K1_input_and_readiness"": 0.09360001422464848, ""K7_context"": 0.0027999631129205227, ""K1_normalization"": 0.01810002140700817, ""K6_advisory"": 39.0936000039801, ""K1_intent"": 0.06769999163225293, ""K2_retrieval"": 214.97470000758767, ""K3_reranker"": 2073.5092999530025, ""K8_weighted_ranking"": 1.4245000202208757, ""K3_candidate_filters"": 6.683300016447902, ""K9_advisory_consensus"": 0.007099995855242014, ""K4_nli_and_bypass_check"": 81.1851000180468, ""K5_decision"": 48.060400004033}",15752
FACTURK-0028,DOĞRU,"[7873, 29106, 1302, 10902, 11111, 17025, 26090, 6704, 16063, 30198, 24831, 26768, 2172, 29080, 22465, 26724, 9220, 30352, 1539, 11479]","[0.02241421490907669, 0.0905744731426239, 0.00266261282376945, 0.0042151594534516335, 0.00031015597051009536, 1.7097478121286258e-05, 5.433364276541397e-05, 0.10913478583097458, 0.011158031411468983, 0.00035419364576227963, 0.0005976693937554955, 1.7097478121286258e-05, 0.013955709524452686, 0.00038446192047558725, 0.030444350093603134, 0.0010282108560204506, 0.011375600472092628, 0.00015843621804378927, 0.0036499870475381613, 0.0009966077050194144]","[0.005285998340696096, 0.9804736375808716, 0.0142403868958354]","[0.005285998340696096, 0.9804736375808716, 0.0142403868958354]",False,YALAN,UYARI,False,False,4237.288500007708,"{""K1_input_and_readiness"": 0.0475000124424696, ""K7_context"": 0.0013999524526298046, ""K1_normalization"": 0.010100018698722124, ""K6_advisory"": 34.94230000069365, ""K1_intent"": 0.03960001049563289, ""K2_retrieval"": 244.85319998348132, ""K3_reranker"": 2595.5685999942943, ""K8_weighted_ranking"": 1.2888000346720219, ""K3_candidate_filters"": 6.298300053458661, ""K9_advisory_consensus"": 0.006799993570894003, ""K4_nli_and_bypass_check"": 715.8432999858633, ""K5_decision"": 635.3766999673098}",6704
FACTURK-0029,DOĞRU,"[29275, 3627, 29985, 16032, 5759, 2257, 1536, 18083, 29233, 22991, 11961, 4062, 9498, 20052, 30067, 4532, 5000, 28907, 4999, 15946]","[0.0075479233637452126, 0.003123648464679718, 0.002199798123911023, 0.00015356240328401327, 0.9757161140441895, 0.0027791904285550117, 0.00035976938670501113, 3.0479141059913673e-05, 5.391084778239019e-05, 0.0002287133247591555, 0.00015843621804378927, 1.6314539607265033e-05, 0.0001015038214973174, 0.0017546144081279635, 6.553815910592675e-05, 0.00020988310279790312, 0.00010720880527514964, 0.0002234163403045386, 6.657015910604969e-05, 5.920916373725049e-05]","[0.9936153888702393, 0.005714239086955786, 0.0006702897953800857]","[0.9936153888702393, 0.005714239086955786, 0.0006702897953800857]",False,DOĞRU,ONAY,False,False,3249.0463000140153,"{""K1_input_and_readiness"": 0.046200002543628216, ""K7_context"": 0.001500011421740055, ""K1_normalization"": 0.00790000194683671, ""K6_advisory"": 34.59850000217557, ""K1_intent"": 0.04210002953186631, ""K2_retrieval"": 188.31690005026758, ""K3_reranker"": 2575.122000009287, ""K8_weighted_ranking"": 1.3070999993942678, ""K3_candidate_filters"": 6.5947999828495085, ""K9_advisory_consensus"": 0.006800051778554916, ""K4_nli_and_bypass_check"": 289.6423999918625, ""K5_decision"": 150.54460003739223}",5759
FACTURK-0030,YALAN,"[29243, 18967, 12263, 28578, 25853, 18697, 26318, 8326, 14012, 9533, 7547, 8602, 3954, 14476, 15972, 26244, 8599, 13028, 13927, 19238]","[0.06536578387022018, 0.0020911062601953745, 0.010818447917699814, 0.00043393249507062137, 0.00014202363672666252, 0.000192602863535285, 0.0002396868512732908, 0.0023967307060956955, 0.00017674513219390064, 0.005021149758249521, 0.0029121784027665854, 0.00025118677876889706, 0.00026738259475678205, 6.60521473037079e-05, 0.0012399960542097688, 6.352188938762993e-05, 0.22901751101016998, 0.00036829791497439146, 0.009303949773311615, 0.0013198634842410684]","[0.001044329022988677, 0.9901918172836304, 0.008763899095356464]","[0.001044329022988677, 0.9901918172836304, 0.008763899095356464]",False,YETERSİZ VERİ,RET,True,False,3040.9515000064857,"{""K1_input_and_readiness"": 0.06079999729990959, ""K7_context"": 0.001300009898841381, ""K1_normalization"": 0.012499978765845299, ""K6_advisory"": 35.87139997398481, ""K1_intent"": 0.04840001929551363, ""K2_retrieval"": 267.9196000099182, ""K3_reranker"": 2584.5152999972925, ""K8_weighted_ranking"": 1.123800000641495, ""K3_candidate_filters"": 6.206899997778237, ""K9_advisory_consensus"": 0.007199996616691351, ""K4_nli_and_bypass_check"": 141.97489997604862, ""K5_decision"": 0.20379998022690415}",8602
FACTURK-0031,DOĞRU,"[767, 16372, 7295, 5586, 27621, 14552, 19768, 4672, 19703, 3917, 17742, 6920, 27568, 27971, 14475, 29996, 16760, 26261, 24047, 23035]","[0.044514428824186325, 0.00034599160426296294, 1.7097478121286258e-05, 8.156224066624418e-05, 1.6314539607265033e-05, 3.269927037763409e-05, 0.000638679601252079, 0.0001344663032796234, 0.0015487611526623368, 7.254361844388768e-05, 1.6964426322374493e-05, 7.086326513672248e-05, 0.07850097864866257, 0.04501553252339363, 0.0003889921063091606, 0.04001227021217346, 2.0462934116949327e-05, 0.0022606407292187214, 0.0002269338583573699, 1.805851934477687e-05]","[0.24611791968345642, 0.46142831444740295, 0.2924537658691406]","[0.24611791968345642, 0.46142831444740295, 0.2924537658691406]",False,YALAN,RED,False,False,2660.215799987782,"{""K1_input_and_readiness"": 0.09139999747276306, ""K7_context"": 0.002400018274784088, ""K1_normalization"": 0.014199991710484028, ""K6_advisory"": 39.45520002162084, ""K1_intent"": 0.04830001853406429, ""K2_retrieval"": 212.55050000036135, ""K3_reranker"": 2332.899799977895, ""K8_weighted_ranking"": 1.1180000146850944, ""K3_candidate_filters"": 5.93079999089241, ""K9_advisory_consensus"": 0.007099995855242014, ""K4_nli_and_bypass_check"": 64.82420000247657, ""K5_decision"": 0.2576999831944704}",19703
FACTURK-0032,DOĞRU,"[23463, 23656, 27818, 24931, 11989, 12882, 5201, 25875, 13693, 18865, 22209, 23425, 27369, 4186, 26425, 26321, 3233, 14841, 18580, 28991]","[0.0006070755189284682, 0.00011866796558024362, 0.9976125955581665, 8.682210318511352e-05, 0.000437334441812709, 0.0001621928095119074, 0.0008525666198693216, 0.00034196203341707587, 3.9135655242716894e-05, 0.0010608151787891984, 0.0003583672805689275, 1.7640199075685814e-05, 1.6964426322374493e-05, 1.6314539607265033e-05, 1.6442494597868063e-05, 0.0016613906482234597, 5.605828482657671e-05, 5.0644717703107744e-05, 3.144662332488224e-05, 0.002199798123911023]","[0.002411590190604329, 0.9972826242446899, 0.0003058023867197335]","[0.002411590190604329, 0.9972826242446899, 0.0003058023867197335]",False,YETERSİZ VERİ,RET,True,False,3049.5869999867864,"{""K1_input_and_readiness"": 0.06500002928078175, ""K7_context"": 0.0023999600671231747, ""K1_normalization"": 0.014299992471933365, ""K6_advisory"": 41.20639996835962, ""K1_intent"": 0.08590001380071044, ""K2_retrieval"": 199.42289998289198, ""K3_reranker"": 2069.8276999755763, ""K8_weighted_ranking"": 1.2152999988757074, ""K3_candidate_filters"": 6.104000029154122, ""K9_advisory_consensus"": 0.006100046448409557, ""K4_nli_and_bypass_check"": 358.3261000458151, ""K5_decision"": 370.22759998217225}",27818
FACTURK-0033,DOĞRU,"[16046, 11509, 20020, 348, 28962, 13474, 6336, 16102, 29262, 18468, 25217, 28378, 29892, 11529, 9209, 13338, 6984, 19866, 13842, 3328]","[0.09268777817487717, 0.013636835850775242, 0.022889839485287666, 0.030733928084373474, 0.0010608151787891984, 0.00014653129619546235, 2.6274772608303465e-05, 0.0028671587351709604, 7.086326513672248e-05, 0.10284407436847687, 6.402006692951545e-05, 0.002182716503739357, 0.00021824207215104252, 0.00015236754552461207, 0.00014883848780300468, 0.006984650157392025, 0.01829933375120163, 6.402006692951545e-05, 0.0007947254925966263, 0.0008426423300988972]","[0.005191792733967304, 0.9939379692077637, 0.0008701837505213916]","[0.005191792733967304, 0.9939379692077637, 0.0008701837505213916]",False,YETERSİZ VERİ,RET,True,False,2805.861700035166,"{""K1_input_and_readiness"": 0.04830001853406429, ""K7_context"": 0.0016999547369778156, ""K1_normalization"": 0.010300020221620798, ""K6_advisory"": 35.15269997296855, ""K1_intent"": 0.05390000296756625, ""K2_retrieval"": 187.76910001179203, ""K3_reranker"": 2219.166899973061, ""K8_weighted_ranking"": 1.2540000025182962, ""K3_candidate_filters"": 6.600300024729222, ""K9_advisory_consensus"": 0.017200014553964138, ""K4_nli_and_bypass_check"": 195.38479996845126, ""K5_decision"": 157.28879999369383}",16046
FACTURK-0034,YALAN,"[9150, 10284, 6336, 8849, 10689, 12063, 6000, 6469, 18606, 12161, 9323, 23745, 13077, 7166, 20449, 10707, 24220, 6929, 10335, 9109]","[0.6513549089431763, 0.004101929254829884, 0.04001227021217346, 0.007204769179224968, 0.01678548939526081, 0.0033374049235135317, 2.6274772608303465e-05, 0.11636176705360413, 0.01353214867413044, 0.00013765462790615857, 0.0011559007689356804, 0.03875619173049927, 0.00020825010142289102, 0.14092636108398438, 7.905303937150165e-05, 0.05749328061938286, 0.01897803694009781, 0.004943688865751028, 0.0027683854568749666, 0.0059110685251653194]","[0.0008105978486128151, 0.9982280135154724, 0.0009613629663363099]","[0.0008105978486128151, 0.9982280135154724, 0.0009613629663363099]",False,YETERSİZ VERİ,RET,True,False,4755.300100019667,"{""K1_input_and_readiness"": 0.07300003198906779, ""K7_context"": 0.0016999547369778156, ""K1_normalization"": 0.01360004534944892, ""K6_advisory"": 34.22050003428012, ""K1_intent"": 0.04210002953186631, ""K2_retrieval"": 287.4980999622494, ""K3_reranker"": 4344.630200008396, ""K8_weighted_ranking"": 1.538700016681105, ""K3_candidate_filters"": 6.8023999920114875, ""K9_advisory_consensus"": 0.007700000423938036, ""K4_nli_and_bypass_check"": 77.16089999303222, ""K5_decision"": 0.20000000949949026}",9150
FACTURK-0035,DOĞRU,"[11509, 20020, 13842, 5278, 6302, 13474, 6832, 8688, 22914, 5122, 13143, 28378, 25726, 29892, 28962, 2337, 3328, 21495, 1849, 17014]","[0.01057048887014389, 0.011552670039236546, 0.00272558256983757, 0.000706905557308346, 0.06681232154369354, 0.0004092474700883031, 0.0034429810475558043, 0.046378202736377716, 0.01711088977754116, 0.0918697863817215, 0.09025323390960693, 0.006615392863750458, 0.0004205874283798039, 0.0012351677287369967, 1.7640199075685814e-05, 0.0010282108560204506, 0.00341627886518836, 0.0003006163169629872, 8.888084994396195e-05, 9.915272676153108e-05]","[0.00042224649223499, 0.9928696751594543, 0.006708085536956787]","[0.00042224649223499, 0.9928696751594543, 0.006708085536956787]",False,YETERSİZ VERİ,RET,True,False,2393.9162000315264,"{""K1_input_and_readiness"": 0.047900015488266945, ""K7_context"": 0.0019999570213258266, ""K1_normalization"": 0.009100011084228754, ""K6_advisory"": 35.24400002788752, ""K1_intent"": 0.05760003114119172, ""K2_retrieval"": 198.36559996474534, ""K3_reranker"": 1774.7156000114046, ""K8_weighted_ranking"": 1.3679000549018383, ""K3_candidate_filters"": 6.955699995160103, ""K9_advisory_consensus"": 0.006299989763647318, ""K4_nli_and_bypass_check"": 195.93629997689277, ""K5_decision"": 177.4670999730006}",5122
FACTURK-0036,YALAN,"[3812, 15659, 5493, 12322, 13629, 7546, 26825, 24726, 2387, 18795, 27970, 27634, 9828, 25225, 13059, 21281, 25962, 19128, 27201, 29417]","[0.00039821304380893707, 0.00031258779927156866, 0.0004747042548842728, 1.8486754925106652e-05, 0.0011604196624830365, 8.957788668340072e-05, 0.0007408055826090276, 2.195349043176975e-05, 1.7917987861437723e-05, 1.6314539607265033e-05, 0.0001823546044761315, 0.05300977826118469, 0.00035557945375330746, 0.0003077430883422494, 1.67014204635052e-05, 0.000159678646014072, 1.6442494597868063e-05, 1.6061610949691385e-05, 0.0005132579244673252, 1.805851934477687e-05]","[0.011936563067138195, 0.40184110403060913, 0.5862224102020264]","[0.011936563067138195, 0.40184110403060913, 0.5862224102020264]",False,DOĞRU,ONAY,False,False,4503.732900018804,"{""K1_input_and_readiness"": 0.08909997995942831, ""K7_context"": 0.001700012944638729, ""K1_normalization"": 0.011500029359012842, ""K6_advisory"": 36.35270002996549, ""K1_intent"": 0.053099996875971556, ""K2_retrieval"": 256.6503999987617, ""K3_reranker"": 3289.0708000049926, ""K8_weighted_ranking"": 1.3573000323958695, ""K3_candidate_filters"": 6.664500047918409, ""K9_advisory_consensus"": 0.006799993570894003, ""K4_nli_and_bypass_check"": 471.4669000240974, ""K5_decision"": 439.20090002939105}",27634
FACTURK-0037,YALAN,"[17297, 20136, 3001, 20020, 26211, 11189, 8849, 27740, 15511, 9150, 19187, 2337, 2792, 3694, 16831, 13842, 5606, 2607, 26442, 16390]","[0.0002591582597233355, 0.007577241398394108, 0.0019117692718282342, 0.000758359965402633, 0.00028685410507023335, 0.0003711854515131563, 0.574573814868927, 0.0013885232619941235, 4.6474400733131915e-05, 0.02186455763876438, 4.101373633602634e-05, 0.0007854739669710398, 0.0025016965810209513, 0.011915022507309914, 0.0006959536112844944, 0.018124720081686974, 1.6442494597868063e-05, 1.67014204635052e-05, 0.0002492325147613883, 0.002026899950578809]","[0.009324866347014904, 0.9894126057624817, 0.0012625226518139243]","[0.009324866347014904, 0.9894126057624817, 0.0012625226518139243]",False,YETERSİZ VERİ,RET,True,False,7060.912500019185,"{""K1_input_and_readiness"": 0.09569997200742364, ""K7_context"": 0.001400010660290718, ""K1_normalization"": 0.016300007700920105, ""K6_advisory"": 36.040899984072894, ""K1_intent"": 0.05809997674077749, ""K2_retrieval"": 320.9874000167474, ""K3_reranker"": 3804.2659000493586, ""K8_weighted_ranking"": 1.026799960527569, ""K3_candidate_filters"": 5.549399997107685, ""K9_advisory_consensus"": 0.006099988240748644, ""K4_nli_and_bypass_check"": 1499.0155000123195, ""K5_decision"": 1390.7617999939248}",8849
FACTURK-0038,DOĞRU,"[16886, 29705, 29235, 8904, 14947, 27606, 29239, 29832, 12214, 510, 7538, 9702, 28823, 19156, 13967, 28170, 1153, 5185, 22167, 1970]","[0.0021657671313732862, 0.0019342610612511635, 0.0006771942134946585, 0.00043393249507062137, 0.01384861022233963, 0.005001672077924013, 0.0063635739497840405, 0.00025714197545312345, 0.10034840553998947, 0.002822832902893424, 2.2125668692751788e-05, 0.00011591933434829116, 1.67014204635052e-05, 0.005099818110466003, 0.002082970691844821, 0.0002959570847451687, 0.004485794343054295, 0.001995538594201207, 1.750292540236842e-05, 0.02108483947813511]","[0.02070857398211956, 0.9752877354621887, 0.004003725480288267]","[0.02070857398211956, 0.9752877354621887, 0.004003725480288267]",False,YETERSİZ VERİ,RET,True,False,8463.133100012783,"{""K1_input_and_readiness"": 0.07740000728517771, ""K7_context"": 0.001500011421740055, ""K1_normalization"": 0.016000005416572094, ""K6_advisory"": 37.86939999554306, ""K1_intent"": 0.06749999010935426, ""K2_retrieval"": 267.8003999753855, ""K3_reranker"": 3838.5895999963395, ""K8_weighted_ranking"": 1.3905999949201941, ""K3_candidate_filters"": 6.8094999878667295, ""K9_advisory_consensus"": 0.006699992809444666, ""K4_nli_and_bypass_check"": 2258.949399983976, ""K5_decision"": 2048.7155000446364}",27606
FACTURK-0039,DOĞRU,"[1215, 21561, 8693, 11919, 815, 28642, 28275, 27028, 29186, 16191, 3592, 21155, 15755, 10796, 28738, 3390, 14797, 24252, 13149, 21529]","[0.0007264875457622111, 3.3474691008450463e-05, 1.67014204635052e-05, 3.1201914680423215e-05, 0.00011682839976856485, 0.0007763299508951604, 0.00010071400902234018, 0.003429603995755315, 1.6061610949691385e-05, 0.0003275842755101621, 5.34913269802928e-05, 2.2474090656032786e-05, 3.2955729693640023e-05, 1.6061610949691385e-05, 1.6442494597868063e-05, 8.415108459303156e-05, 7.197912054834887e-05, 8.284655632451177e-05, 1.6061610949691385e-05, 0.0007124459953047335]","[0.0010653880890458822, 0.012965308502316475, 0.9859693050384521]","[0.0010653880890458822, 0.012965308502316475, 0.9859693050384521]",False,DOĞRU,ONAY,False,False,2374.682399968151,"{""K1_input_and_readiness"": 0.041899969801306725, ""K7_context"": 0.001400010660290718, ""K1_normalization"": 0.008600007276982069, ""K6_advisory"": 33.73419999843463, ""K1_intent"": 0.032999960239976645, ""K2_retrieval"": 208.25910003622994, ""K3_reranker"": 2092.9718000115827, ""K8_weighted_ranking"": 1.442299981135875, ""K3_candidate_filters"": 7.17379996785894, ""K9_advisory_consensus"": 0.007399998139590025, ""K4_nli_and_bypass_check"": 27.302599977701902, ""K5_decision"": 0.2756000030785799}",15755
FACTURK-0040,DOĞRU,"[20199, 29892, 2920, 13353, 18513, 6336, 15954, 11529, 7592, 30075, 2792, 8849, 22773, 22175, 17161, 4190, 9039, 20616, 14534, 23277]","[0.19868534803390503, 0.13511791825294495, 0.005554925184696913, 0.002560870721936226, 0.004297939129173756, 0.043691061437129974, 0.00012632041762117296, 0.02517884224653244, 0.008881675079464912, 0.011463796719908714, 0.032161444425582886, 0.044431429356336594, 0.008711384609341621, 0.013742320239543915, 0.007345826830714941, 0.09138210862874985, 0.0026214411482214928, 0.003273064736276865, 0.0016549242427572608, 0.0013670255430042744]","[0.02008257992565632, 0.9626455903053284, 0.017271863296628]","[0.02008257992565632, 0.9626455903053284, 0.017271863296628]",False,YETERSİZ VERİ,RET,True,False,2787.536000018008,"{""K1_input_and_readiness"": 0.041899969801306725, ""K7_context"": 0.001700012944638729, ""K1_normalization"": 0.007700000423938036, ""K6_advisory"": 34.64129997882992, ""K1_intent"": 0.03170000854879618, ""K2_retrieval"": 180.07030000444502, ""K3_reranker"": 2163.5979000129737, ""K8_weighted_ranking"": 2.121600031387061, ""K3_candidate_filters"": 12.673100049141794, ""K9_advisory_consensus"": 0.010600022505968809, ""K4_nli_and_bypass_check"": 221.47819999372587, ""K5_decision"": 169.8836999712512}",20199
FACTURK-0041,DOĞRU,"[25725, 17922, 701, 8074, 28419, 28690, 10209, 22542, 8487, 15372, 18172, 24002, 16852, 5491, 18561, 22552, 25726, 18809, 1887, 9450]","[0.039268750697374344, 0.08678673207759857, 6.976470467634499e-05, 0.07055959850549698, 0.2718311846256256, 0.024145424365997314, 0.10248421877622604, 0.000317508791340515, 0.004943688865751028, 0.10913478583097458, 0.06176270917057991, 0.01750955730676651, 0.03222229704260826, 0.005159622989594936, 0.0033766122069209814, 0.0443485826253891, 0.005957154091447592, 0.0389750711619854, 0.012241275049746037, 0.0008969392511062324]","[0.0017652926035225391, 0.9969239830970764, 0.0013106848346069455]","[0.0017652926035225391, 0.9969239830970764, 0.0013106848346069455]",False,YALAN,UYARI,False,False,2823.733200028073,"{""K1_input_and_readiness"": 0.07369997911155224, ""K7_context"": 0.001600012183189392, ""K1_normalization"": 0.014399993233382702, ""K6_advisory"": 36.98350000195205, ""K1_intent"": 0.058100034948438406, ""K2_retrieval"": 211.61030000075698, ""K3_reranker"": 2198.158900020644, ""K8_weighted_ranking"": 1.4048999873921275, ""K3_candidate_filters"": 6.743500009179115, ""K9_advisory_consensus"": 0.006600050255656242, ""K4_nli_and_bypass_check"": 190.29359996784478, ""K5_decision"": 175.50090001896024}",15372
FACTURK-0042,YALAN,"[15283, 11637, 22566, 14404, 16903, 7433, 27789, 15528, 23378, 8617, 18088, 19539, 29883, 15306, 1248, 8157, 28498, 22911, 28111, 2176]","[0.9345147609710693, 0.0009436192340217531, 6.452214438468218e-05, 0.00012339458044152707, 0.0006166297243908048, 0.0007408055826090276, 0.00011866796558024362, 2.161314114346169e-05, 0.0023596605751663446, 0.0017342078499495983, 1.7231572201126255e-05, 0.000628784007858485, 0.0001547666179249063, 0.06828854233026505, 1.6314539607265033e-05, 4.832564081880264e-05, 1.6187581422855146e-05, 0.00010229986219201237, 1.8777873265207745e-05, 2.195349043176975e-05]","[0.0013062776997685432, 0.9958494901657104, 0.002844218397513032]","[0.0013062776997685432, 0.9958494901657104, 0.002844218397513032]",False,YETERSİZ VERİ,RET,True,False,3681.2636999529786,"{""K1_input_and_readiness"": 0.04930002614855766, ""K7_context"": 0.001600012183189392, ""K1_normalization"": 0.011599971912801266, ""K6_advisory"": 33.84409996215254, ""K1_intent"": 0.03759999526664615, ""K2_retrieval"": 257.64030002756044, ""K3_reranker"": 2188.7000999995507, ""K8_weighted_ranking"": 1.1253999546170235, ""K3_candidate_filters"": 6.0879000229761004, ""K9_advisory_consensus"": 0.006799993570894003, ""K4_nli_and_bypass_check"": 620.8353000110947, ""K5_decision"": 569.6478999452665}",15283
FACTURK-0043,YALAN,"[30084, 24630, 18936, 26975, 4222, 9636, 14477, 24159, 24749, 22335, 17553, 27142, 8670, 25462, 29227, 11954, 16450, 14816, 24804, 16539]","[0.008711384609341621, 0.00012243441597092897, 4.434627408045344e-05, 2.0785171727766283e-05, 0.002026899950578809, 1.6187581422855146e-05, 5.1845658163074404e-05, 1.6964426322374493e-05, 1.6061610949691385e-05, 5.0644717703107744e-05, 4.539786823443137e-05, 0.009898064658045769, 1.6314539607265033e-05, 1.67014204635052e-05, 7.311254739761353e-05, 0.0001097509084502235, 3.975192521465942e-05, 3.1941821362124756e-05, 2.355261858610902e-05, 2.0462934116949327e-05]","[0.0005897906958125532, 0.9983425140380859, 0.0010676441015675664]","[0.0005897906958125532, 0.9983425140380859, 0.0010676441015675664]",False,YETERSİZ VERİ,RET,True,False,3087.29370002402,"{""K1_input_and_readiness"": 0.056800025049597025, ""K7_context"": 0.002300017513334751, ""K1_normalization"": 0.015099998563528061, ""K6_advisory"": 36.603899963665754, ""K1_intent"": 0.03609998384490609, ""K2_retrieval"": 208.0895000253804, ""K3_reranker"": 1803.0656999908388, ""K8_weighted_ranking"": 1.4191999798640609, ""K3_candidate_filters"": 6.481599994003773, ""K9_advisory_consensus"": 0.010999967344105244, ""K4_nli_and_bypass_check"": 525.4800000111572, ""K5_decision"": 503.1058000167832}",27142
FACTURK-0044,YALAN,"[8787, 27055, 12353, 17721, 30356, 24749, 21537, 24159, 16712, 9150, 26284, 24868, 28198, 14477, 9477, 21135, 1202, 10016, 7986, 12047]","[0.008711384609341621, 0.02382536791265011, 3.321419353596866e-05, 0.6258955001831055, 0.25478699803352356, 0.0014664583140984178, 0.6524628400802612, 0.0018821860430762172, 0.00011323437502142042, 0.0074030146934092045, 0.03210070729255676, 2.0785171727766283e-05, 8.284655632451177e-05, 2.265035072923638e-05, 0.0019342610612511635, 0.0005658799782395363, 1.6061610949691385e-05, 0.03978780657052994, 2.161314114346169e-05, 0.0007096704212017357]","[0.0015218589687719941, 0.9655106067657471, 0.03296753391623497]","[0.0015218589687719941, 0.9655106067657471, 0.03296753391623497]",False,YALAN,UYARI,False,False,5474.010200006887,"{""K1_input_and_readiness"": 0.08759996853768826, ""K7_context"": 0.001700012944638729, ""K1_normalization"": 0.013699987903237343, ""K6_advisory"": 36.342899955343455, ""K1_intent"": 0.06210000719875097, ""K2_retrieval"": 261.7616999777965, ""K3_reranker"": 4028.593000024557, ""K8_weighted_ranking"": 1.24149996554479, ""K3_candidate_filters"": 6.000299996230751, ""K9_advisory_consensus"": 0.006499991286545992, ""K4_nli_and_bypass_check"": 640.3514999547042, ""K5_decision"": 495.634599996265}",30356
FACTURK-0045,YALAN,"[24915, 3984, 17820, 30356, 6336, 7940, 3236, 14091, 18560, 25127, 7592, 5035, 4190, 14534, 5512, 10743, 21774, 2797, 29168, 2496]","[0.06656918674707413, 0.0004784255870617926, 0.1563623547554016, 0.013121271505951881, 0.003039649687707424, 0.0028009270317852497, 0.01358439214527607, 0.019985152408480644, 0.00019716942915692925, 0.0040543340146541595, 0.14990432560443878, 0.009898064658045769, 0.006003595422953367, 0.03384403511881828, 6.922183820279315e-05, 0.0026316740550100803, 0.08137363195419312, 0.23810701072216034, 0.13318955898284912, 0.00013982206291984767]","[0.011435720138251781, 0.9837822318077087, 0.0047819954343140125]","[0.011435720138251781, 0.9837822318077087, 0.0047819954343140125]",False,YALAN,UYARI,False,False,3486.902100034058,"{""K1_input_and_readiness"": 0.060399994254112244, ""K7_context"": 0.00200001522898674, ""K1_normalization"": 0.011299969628453255, ""K6_advisory"": 34.31670001009479, ""K1_intent"": 0.04630000330507755, ""K2_retrieval"": 249.96480002300814, ""K3_reranker"": 2238.868100044783, ""K8_weighted_ranking"": 1.0579999652691185, ""K3_candidate_filters"": 5.718000000342727, ""K9_advisory_consensus"": 0.006599992047995329, ""K4_nli_and_bypass_check"": 482.3032999993302, ""K5_decision"": 471.4803000097163}",2797
FACTURK-0046,DOĞRU,"[15238, 22651, 17859, 5428, 6630, 12007, 2779, 8130, 11431, 25834, 24591, 8231, 138, 4170, 5690, 13013, 4893, 12846, 24382, 9268]","[0.8264318704605103, 4.5044595026411116e-05, 0.01919744908809662, 0.034749627113342285, 0.004700060468167067, 0.20946967601776123, 0.00010310211655450985, 0.017242778092622757, 0.004166256170719862, 8.349628478754312e-05, 0.00482972152531147, 0.00023597174731548876, 0.00013238185783848166, 0.032161444425582886, 8.481103577651083e-05, 0.00016346470511052758, 5.225226777838543e-05, 6.657015910604969e-05, 2.5071596610359848e-05, 0.000570315751247108]","[0.9972004890441895, 0.0014828041894361377, 0.0013166849967092276]","[0.9972004890441895, 0.0014828041894361377, 0.0013166849967092276]",False,DOĞRU,ONAY,False,False,2769.5201000315137,"{""K1_input_and_readiness"": 0.04050001734867692, ""K7_context"": 0.0013999524526298046, ""K1_normalization"": 0.008200004231184721, ""K6_advisory"": 34.295400022529066, ""K1_intent"": 0.03749999450519681, ""K2_retrieval"": 198.02069995785132, ""K3_reranker"": 2108.4736000047997, ""K8_weighted_ranking"": 1.2289999867789447, ""K3_candidate_filters"": 6.033599958755076, ""K9_advisory_consensus"": 0.006299989763647318, ""K4_nli_and_bypass_check"": 223.6626999801956, ""K5_decision"": 194.74399997852743}",15238
FACTURK-0047,DOĞRU,"[18222, 23256, 10045, 17718, 14074, 11534, 6700, 22480, 11994, 5467, 19171, 19416, 9092, 4575, 24991, 19025, 11959, 1461, 9593, 24395]","[0.022542964667081833, 0.019908789545297623, 0.004365325905382633, 0.025083139538764954, 0.0003150386910419911, 0.003664220217615366, 0.0037507887464016676, 0.00028462239424698055, 0.0029464049730449915, 0.0008761798962950706, 0.0010901900241151452, 0.00042223287164233625, 0.0008969392511062324, 0.0009622126235626638, 0.0009217804181389511, 0.0026522595435380936, 0.001987774157896638, 0.007204769179224968, 0.00712142838165164, 0.00014539113908540457]","[0.00026951130712404847, 0.9994513392448425, 0.00027910323115065694]","[0.00026951130712404847, 0.9994513392448425, 0.00027910323115065694]",False,YETERSİZ VERİ,RET,True,False,3403.109000006225,"{""K1_input_and_readiness"": 0.05150004290044308, ""K7_context"": 0.0013999524526298046, ""K1_normalization"": 0.00990001717582345, ""K6_advisory"": 32.82770002260804, ""K1_intent"": 0.03029999788850546, ""K2_retrieval"": 211.16430003894493, ""K3_reranker"": 2519.1721000010148, ""K8_weighted_ranking"": 1.2391000054776669, ""K3_candidate_filters"": 6.2769000069238245, ""K9_advisory_consensus"": 0.006799993570894003, ""K4_nli_and_bypass_check"": 336.8404000066221, ""K5_decision"": 292.4197999527678}",1461
FACTURK-0048,YALAN,"[7857, 2292, 19202, 7083, 18363, 28762, 25741, 17200, 15145, 17041, 262, 794, 27912, 13048, 2088, 3213, 14363, 24428, 19904, 25537]","[0.9580694437026978, 5.225226777838543e-05, 0.0012843081494793296, 2.4876489987946115e-05, 1.67014204635052e-05, 0.0031603530514985323, 0.00011866796558024362, 5.9673518990166485e-05, 2.0462934116949327e-05, 7.9673009167891e-05, 0.00011147904297104105, 3.0006618544575758e-05, 4.400118632474914e-05, 4.365878339740448e-05, 7.031184941297397e-05, 9.461262379772961e-05, 1.750292540236842e-05, 1.7917987861437723e-05, 0.005752544850111008, 3.321419353596866e-05]","[0.9419350624084473, 0.0364452488720417, 0.021619688719511032]","[0.9419350624084473, 0.0364452488720417, 0.021619688719511032]",False,YALAN,UYARI,False,False,2553.0674000037834,"{""K1_input_and_readiness"": 0.05470000905916095, ""K7_context"": 0.0018999562598764896, ""K1_normalization"": 0.010100018698722124, ""K6_advisory"": 34.51510000741109, ""K1_intent"": 0.03350002225488424, ""K2_retrieval"": 186.48600002052262, ""K3_reranker"": 2179.08809997607, ""K8_weighted_ranking"": 1.1833999888040125, ""K3_candidate_filters"": 5.827500019222498, ""K9_advisory_consensus"": 0.006200047209858894, ""K4_nli_and_bypass_check"": 92.37399999983609, ""K5_decision"": 50.50940002547577}",7857
FACTURK-0049,DOĞRU,"[17625, 27366, 24020, 10375, 22772, 373, 13470, 2140, 8824, 984, 16852, 1641, 2274, 5177, 9095, 26703, 19213, 26681, 5702, 1694]","[0.020371293649077415, 0.0010202174307778478, 0.009303949773311615, 0.005384937860071659, 0.00010472556459717453, 2.526822754589375e-05, 0.16079244017601013, 0.00014539113908540457, 0.0002434604539303109, 2.908344322349876e-05, 0.0009584648651070893, 3.8229114579735324e-05, 1.6314539607265033e-05, 1.892514956125524e-05, 1.6442494597868063e-05, 3.508111694827676e-05, 0.010818447917699814, 5.104190859128721e-05, 0.0001686527393758297, 2.7751651941798627e-05]","[0.13630619645118713, 0.2944392263889313, 0.5692545771598816]","[0.13630619645118713, 0.2944392263889313, 0.5692545771598816]",False,DOĞRU,ONAY,False,False,5329.60679999087,"{""K1_input_and_readiness"": 0.05589995998889208, ""K7_context"": 0.001500011421740055, ""K1_normalization"": 0.010400020983070135, ""K6_advisory"": 35.874699999112636, ""K1_intent"": 0.041599967516958714, ""K2_retrieval"": 240.00879999948665, ""K3_reranker"": 4015.81500004977, ""K8_weighted_ranking"": 1.1050999746657908, ""K3_candidate_filters"": 5.6785999913699925, ""K9_advisory_consensus"": 0.006199989002197981, ""K4_nli_and_bypass_check"": 540.9474999760278, ""K5_decision"": 487.1584000065923}",19213
FACTURK-0050,YALAN,"[15780, 27017, 14012, 9150, 21058, 6047, 1130, 8699, 29371, 17208, 18348, 8602, 9900, 27357, 25228, 5535, 2984, 15874, 8347, 23792]","[0.004755199886858463, 0.001629308913834393, 0.0014214044203981757, 0.005159622989594936, 0.0003770285693462938, 0.0015427322359755635, 0.0009436192340217531, 0.0018821860430762172, 0.00043055712012574077, 0.009898064658045769, 0.002560870721936226, 0.0002492325147613883, 0.1463310569524765, 0.0007321811863221228, 0.0006142272031866014, 0.0001476803736295551, 0.000192602863535285, 0.00022167809947859496, 3.734356869244948e-05, 0.001103026675991714]","[0.0038421929348260164, 0.993765115737915, 0.00239261775277555]","[0.0038421929348260164, 0.993765115737915, 0.00239261775277555]",False,YALAN,UYARI,False,False,3501.0595000348985,"{""K1_input_and_readiness"": 0.07240002742037177, ""K7_context"": 0.001400010660290718, ""K1_normalization"": 0.013100041542202234, ""K6_advisory"": 38.867799972649664, ""K1_intent"": 0.0877000275067985, ""K2_retrieval"": 304.4713000417687, ""K3_reranker"": 2991.34570005117, ""K8_weighted_ranking"": 1.352099992800504, ""K3_candidate_filters"": 6.47320004645735, ""K9_advisory_consensus"": 0.006299989763647318, ""K4_nli_and_bypass_check"": 154.47830001357943, ""K5_decision"": 0.24540000595152378}",9900
FACTURK-0051,YALAN,"[11553, 12203, 3259, 2804, 2521, 1546, 24867, 11190, 18066, 24380, 13639, 1457, 11334, 27517, 3778, 9481, 20277, 36, 3348, 25770]","[0.7327831387519836, 0.0030515100806951523, 0.01358439214527607, 0.020964240655303, 0.0010202174307778478, 0.34764787554740906, 0.0005213363328948617, 0.022889839485287666, 0.00023050670279189944, 0.0034970103297382593, 0.029816539958119392, 0.00035419364576227963, 4.006369272246957e-05, 0.0008830457809381187, 0.03210070729255676, 0.0007350447704084218, 0.00851130299270153, 0.00026530236937105656, 0.018941707909107208, 1.6061610949691385e-05]","[6.445305916713551e-05, 8.994460222311318e-05, 0.9998455047607422]","[6.445305916713551e-05, 8.994460222311318e-05, 0.9998455047607422]",False,DOĞRU,ONAY,False,False,3651.2726000510156,"{""K1_input_and_readiness"": 0.08249998791143298, ""K7_context"": 0.001900014467537403, ""K1_normalization"": 0.01829996472224593, ""K6_advisory"": 44.76780002005398, ""K1_intent"": 0.053800002206116915, ""K2_retrieval"": 182.41580005269498, ""K3_reranker"": 3087.107500003185, ""K8_weighted_ranking"": 1.3908999972045422, ""K3_candidate_filters"": 7.077699992805719, ""K9_advisory_consensus"": 0.007299997378140688, ""K4_nli_and_bypass_check"": 202.60570000391454, ""K5_decision"": 122.75330000557005}",11553
FACTURK-0052,DOĞRU,"[27564, 14007, 5146, 290, 10067, 11054, 28914, 10999, 29321, 5585, 9352, 26887, 16129, 19205, 29658, 20516, 8456, 1248, 23132, 22783]","[0.22017472982406616, 0.38191086053848267, 7.905303937150165e-05, 0.00026530236937105656, 0.0009436192340217531, 0.00023413581948261708, 1.8631746570463292e-05, 0.005448067560791969, 0.0014103584690019488, 3.975192521465942e-05, 0.008916126564145088, 0.00035419364576227963, 0.00016346470511052758, 3.70529705833178e-05, 0.00015843621804378927, 0.09964530169963837, 1.8486754925106652e-05, 0.0016356753185391426, 0.00039666122756898403, 0.00037263770354911685]","[0.0018920247675850987, 0.9976058006286621, 0.000502181937918067]","[0.0018920247675850987, 0.9976058006286621, 0.000502181937918067]",False,YETERSİZ VERİ,RET,True,False,3276.0022999718785,"{""K1_input_and_readiness"": 0.06960000609979033, ""K7_context"": 0.001400010660290718, ""K1_normalization"": 0.013599987141788006, ""K6_advisory"": 36.60009999293834, ""K1_intent"": 0.049200025387108326, ""K2_retrieval"": 260.4556999867782, ""K3_reranker"": 2816.978899994865, ""K8_weighted_ranking"": 1.360399997793138, ""K3_candidate_filters"": 7.112999970559031, ""K9_advisory_consensus"": 0.007299997378140688, ""K4_nli_and_bypass_check"": 149.82479996979237, ""K5_decision"": 0.44949998846277595}",27564
FACTURK-0053,DOĞRU,"[4481, 861, 19093, 11616, 21212, 5114, 7446, 7853, 7021, 27924, 15519, 28618, 26570, 20852, 12747, 4546, 4586, 23285, 16575, 615]","[0.1653234362602234, 0.707808792591095, 0.00341627886518836, 0.000609450158663094, 0.0030753696337342262, 0.0001823546044761315, 7.722192094661295e-05, 0.0006312434561550617, 0.0017140384297817945, 0.0011695103021338582, 0.0014437558129429817, 0.00049553596181795, 1.7231572201126255e-05, 6.922183820279315e-05, 1.6314539607265033e-05, 3.7931622500764206e-05, 4.400118632474914e-05, 2.195349043176975e-05, 1.9988918211311102e-05, 0.000191104321856983]","[0.004878732841461897, 0.9943511486053467, 0.0007701532449573278]","[0.004878732841461897, 0.9943511486053467, 0.0007701532449573278]",False,YETERSİZ VERİ,RET,True,False,2867.1995000331663,"{""K1_input_and_readiness"": 0.06560003384947777, ""K7_context"": 0.001500011421740055, ""K1_normalization"": 0.019300030544400215, ""K6_advisory"": 37.41629997966811, ""K1_intent"": 0.047900015488266945, ""K2_retrieval"": 230.43079994386062, ""K3_reranker"": 2536.7523000459187, ""K8_weighted_ranking"": 1.407400006428361, ""K3_candidate_filters"": 6.9976000231690705, ""K9_advisory_consensus"": 0.007199996616691351, ""K4_nli_and_bypass_check"": 50.56820000754669, ""K5_decision"": 0.1973999897018075}",861
FACTURK-0054,YALAN,"[27391, 12232, 8195, 22214, 693, 16971, 22175, 19847, 676, 19631, 25011, 8958, 23791, 29564, 9414, 11355, 17489, 12390, 5003, 5913]","[0.00041568948654457927, 1.750292540236842e-05, 4.101373633602634e-05, 1.6442494597868063e-05, 2.7751651941798627e-05, 1.6964426322374493e-05, 4.539786823443137e-05, 0.00048029719619080424, 2.094818773912266e-05, 9.610241977497935e-05, 1.6187581422855146e-05, 0.0005884087877348065, 1.6442494597868063e-05, 2.3007036361377686e-05, 1.8631746570463292e-05, 5.433364276541397e-05, 1.8631746570463292e-05, 1.6061610949691385e-05, 1.6187581422855146e-05, 1.683241134742275e-05]","[0.001897341338917613, 0.990540623664856, 0.007562055718153715]","[0.001897341338917613, 0.990540623664856, 0.007562055718153715]",False,YETERSİZ VERİ,RET,True,False,2925.5663999938406,"{""K1_input_and_readiness"": 0.05789997521787882, ""K7_context"": 0.001700012944638729, ""K1_normalization"": 0.010200019460171461, ""K6_advisory"": 35.480800026562065, ""K1_intent"": 0.04849996184930205, ""K2_retrieval"": 181.72650004271418, ""K3_reranker"": 2192.385300004389, ""K8_weighted_ranking"": 1.3758999994024634, ""K3_candidate_filters"": 6.405400054063648, ""K9_advisory_consensus"": 0.00689999433234334, ""K4_nli_and_bypass_check"": 271.18000003974885, ""K5_decision"": 233.86049998225644}",22175
FACTURK-0055,DOĞRU,"[2566, 24272, 7441, 7000, 10593, 7662, 1218, 11901, 4985, 5174, 8252, 24484, 653, 23626, 7456, 8657, 13586, 4618, 28687, 28738]","[0.001667882315814495, 0.0009584648651070893, 0.003324436955153942, 0.0007379196467809379, 0.005060331895947456, 0.006615392863750458, 0.0006745558930560946, 0.0008295892039313912, 1.7097478121286258e-05, 0.0003225071995984763, 0.0014550630003213882, 3.975192521465942e-05, 1.6187581422855146e-05, 1.967902426258661e-05, 7.9673009167891e-05, 0.00016346470511052758, 1.8777873265207745e-05, 1.6964426322374493e-05, 1.6314539607265033e-05, 0.0001511819864390418]","[0.0017046668799594045, 0.9947853684425354, 0.003509986214339733]","[0.0017046668799594045, 0.9947853684425354, 0.003509986214339733]",False,YALAN,RED,False,False,1879.7527000424452,"{""K1_input_and_readiness"": 0.04160002572461963, ""K7_context"": 0.001700012944638729, ""K1_normalization"": 0.013199984095990658, ""K6_advisory"": 34.2590999789536, ""K1_intent"": 0.06949994713068008, ""K2_retrieval"": 221.80640004808083, ""K3_reranker"": 1582.8940999927, ""K8_weighted_ranking"": 1.381099980790168, ""K3_candidate_filters"": 7.1857000002637506, ""K9_advisory_consensus"": 0.007399998139590025, ""K4_nli_and_bypass_check"": 28.58919999562204, ""K5_decision"": 0.34470000537112355}",7441
FACTURK-0056,YALAN,"[9438, 28552, 14802, 23288, 18826, 27788, 5662, 21233, 8514, 23798, 5121, 25561, 26943, 6760, 18059, 12622, 26716, 8759, 27701, 8717]","[0.005774929653853178, 0.0013617033837363124, 0.000552778656128794, 1.8631746570463292e-05, 0.00039666122756898403, 3.852893496514298e-05, 1.67014204635052e-05, 1.6442494597868063e-05, 1.6442494597868063e-05, 1.6314539607265033e-05, 1.6314539607265033e-05, 1.6187581422855146e-05, 1.6964426322374493e-05, 9.535461140330881e-05, 1.67014204635052e-05, 0.0010005044750869274, 1.6442494597868063e-05, 2.014569145103451e-05, 1.6061610949691385e-05, 1.6061610949691385e-05]","[0.08018163591623306, 0.07805940508842468, 0.8417589068412781]","[0.08018163591623306, 0.07805940508842468, 0.8417589068412781]",False,DOĞRU,ONAY,False,False,2330.298099957872,"{""K1_input_and_readiness"": 0.04350004019215703, ""K7_context"": 0.0022999593056738377, ""K1_normalization"": 0.00790000194683671, ""K6_advisory"": 34.740100032649934, ""K1_intent"": 0.05129998316988349, ""K2_retrieval"": 184.69139997614548, ""K3_reranker"": 1843.9378999755718, ""K8_weighted_ranking"": 1.287599967326969, ""K3_candidate_filters"": 6.590900011360645, ""K9_advisory_consensus"": 0.006199989002197981, ""K4_nli_and_bypass_check"": 131.34550000540912, ""K5_decision"": 124.43670001812279}",28552
FACTURK-0057,YALAN,"[5168, 21146, 18032, 25577, 28404, 3772, 3097, 26662, 23213, 27847, 5125, 1970, 27142, 4856, 28032, 13143, 15997, 30352, 7836, 8243]","[0.0014381353976204991, 4.434627408045344e-05, 9.387641330249608e-05, 2.6070309104397893e-05, 0.001995538594201207, 5.2662067901110277e-05, 0.008644177578389645, 6.868317723274231e-05, 8.415108459303156e-05, 0.00016603845870122313, 4.870464181294665e-05, 0.00017813112935982645, 0.00014202363672666252, 1.7640199075685814e-05, 0.0017683517653495073, 0.01287075038999319, 1.6187581422855146e-05, 0.00017265156202483922, 0.00010637458035489544, 0.000503335555549711]","[0.0012350772740319371, 0.997809112071991, 0.0009557708981446922]","[0.0012350772740319371, 0.997809112071991, 0.0009557708981446922]",False,YETERSİZ VERİ,RET,True,False,3304.151099990122,"{""K1_input_and_readiness"": 0.0646000262349844, ""K7_context"": 0.001900014467537403, ""K1_normalization"": 0.012000033166259527, ""K6_advisory"": 34.49360001832247, ""K1_intent"": 0.03880000440403819, ""K2_retrieval"": 260.60019998112693, ""K3_reranker"": 2851.685799949337, ""K8_weighted_ranking"": 1.642499992158264, ""K3_candidate_filters"": 6.932199990842491, ""K9_advisory_consensus"": 0.007599999662488699, ""K4_nli_and_bypass_check"": 144.99180001439527, ""K5_decision"": 0.21739996736869216}",30352
FACTURK-0058,YALAN,"[10302, 3873, 5087, 155, 229, 5913, 22642, 20703, 38, 12539, 88, 10712, 6915, 13939, 12469, 13465, 4421, 9120, 7653, 19416]","[0.00023597174731548876, 0.0001686527393758297, 0.0033766122069209814, 0.047337718307971954, 0.04742587357759476, 1.67014204635052e-05, 1.8342892872169614e-05, 2.265035072923638e-05, 0.0009362827986478806, 0.0018748616566881537, 0.0008796061738394201, 0.00013135180051904172, 0.0002234163403045386, 1.7097478121286258e-05, 1.657145367062185e-05, 1.9073577277595177e-05, 1.6187581422855146e-05, 0.0005193048855289817, 1.683241134742275e-05, 1.6442494597868063e-05]","[0.0007235893281176686, 0.0399409681558609, 0.9593355059623718]","[0.0007235893281176686, 0.0399409681558609, 0.9593355059623718]",False,DOĞRU,ONAY,False,False,2487.8674000501633,"{""K1_input_and_readiness"": 0.04469999112188816, ""K7_context"": 0.001500011421740055, ""K1_normalization"": 0.008700008038431406, ""K6_advisory"": 35.2143999771215, ""K1_intent"": 0.032800016924738884, ""K2_retrieval"": 216.59329999238253, ""K3_reranker"": 1753.9420000393875, ""K8_weighted_ranking"": 1.19270000141114, ""K3_candidate_filters"": 6.320899992715567, ""K9_advisory_consensus"": 0.006599992047995329, ""K4_nli_and_bypass_check"": 256.39620004221797, ""K5_decision"": 215.2887000120245}",5087
FACTURK-0059,YALAN,"[4488, 9252, 18529, 778, 12873, 27878, 20332, 2240, 27134, 25257, 21877, 16049, 7619, 18807, 28595, 9418, 26261, 19070, 3557, 26112]","[0.8830344080924988, 3.734356869244948e-05, 0.0002131875662598759, 8.092757343547419e-05, 0.0008492455235682428, 3.647853736765683e-05, 0.00012533752305898815, 0.0003569706459529698, 0.00018961740715894848, 0.0004013350699096918, 6.156764720799401e-05, 2.2827996872365475e-05, 3.4537253668531775e-05, 1.6061610949691385e-05, 0.008745181374251842, 0.00016603845870122313, 2.8857117285951972e-05, 8.220189192797989e-05, 0.00026323829661123455, 0.0018458482809364796]","[0.9732811450958252, 0.007548741530627012, 0.019170114770531654]","[0.9732811450958252, 0.007548741530627012, 0.019170114770531654]",False,YALAN,UYARI,False,False,2878.12509998912,"{""K1_input_and_readiness"": 0.04279997665435076, ""K7_context"": 0.001500011421740055, ""K1_normalization"": 0.007800001185387373, ""K6_advisory"": 33.57420000247657, ""K1_intent"": 0.03809999907389283, ""K2_retrieval"": 202.07950001349673, ""K3_reranker"": 2311.542899988126, ""K8_weighted_ranking"": 1.33200001437217, ""K3_candidate_filters"": 6.996600015554577, ""K9_advisory_consensus"": 0.007599999662488699, ""K4_nli_and_bypass_check"": 175.4308000090532, ""K5_decision"": 144.08800000092015}",4488
FACTURK-0060,YALAN,"[4807, 23832, 19346, 9908, 30420, 23719, 9135, 26303, 21723, 26979, 6775, 27935, 5481, 12725, 25677, 12400, 29411, 836, 7557, 29119]","[0.9994725584983826, 0.006338921841233969, 0.9256342649459839, 8.220189192797989e-05, 0.7759445905685425, 0.003736220533028245, 0.0018602986820042133, 0.07835980504751205, 5.3075080359121785e-05, 0.0024343819823116064, 0.0004124558763578534, 4.611274925991893e-05, 0.0006771942134946585, 0.6236061453819275, 6.014152313582599e-05, 0.0003920417802873999, 0.02044939436018467, 0.0005172813544049859, 5.0644717703107744e-05, 0.00023782203788869083]",null,"[1.0, 0.0, 0.0]",True,YALAN,UYARI,False,False,9401.791600044817,"{""K1_input_and_readiness"": 0.03920000744983554, ""K7_context"": 0.001600012183189392, ""K1_normalization"": 0.008700008038431406, ""K6_advisory"": 34.04269996099174, ""K1_intent"": 0.030499999411404133, ""K2_retrieval"": 197.3162000067532, ""K3_reranker"": 9158.311300037894, ""K8_weighted_ranking"": 1.2561999610625207, ""K3_candidate_filters"": 6.505600002128631, ""K9_advisory_consensus"": 0.007599999662488699, ""K4_nli_and_bypass_check"": 0.47959998482838273, ""K5_decision"": 0.44999999227002263}",4807
FACTURK-0061,DOĞRU,"[12093, 13610, 12697, 29858, 23520, 25762, 14551, 28440, 29414, 22377, 29166, 10130, 1344, 925, 6932, 2140, 27017, 16071, 22335, 23041]","[1.67014204635052e-05, 1.9073577277595177e-05, 1.6061610949691385e-05, 7.368592923739925e-05, 0.0012113064294680953, 1.6061610949691385e-05, 1.6187581422855146e-05, 2.2474090656032786e-05, 0.00037409563083201647, 1.6061610949691385e-05, 2.014569145103451e-05, 1.6061610949691385e-05, 1.967902426258661e-05, 0.0017821963410824537, 1.657145367062185e-05, 6.302758993115276e-05, 0.0013885232619941235, 0.0016484829830005765, 1.6061610949691385e-05, 0.0003569706459529698]","[0.00034818772110156715, 0.9990046620368958, 0.0006471298984251916]","[0.00034818772110156715, 0.9990046620368958, 0.0006471298984251916]",False,YETERSİZ VERİ,RET,True,False,3061.403599975165,"{""K1_input_and_readiness"": 0.11829996947199106, ""K7_context"": 0.002300017513334751, ""K1_normalization"": 0.018899969290941954, ""K6_advisory"": 47.50569997122511, ""K1_intent"": 0.0838999985717237, ""K2_retrieval"": 313.82129999110475, ""K3_reranker"": 2614.538900030311, ""K8_weighted_ranking"": 1.068499987013638, ""K3_candidate_filters"": 5.958600027952343, ""K9_advisory_consensus"": 0.006599992047995329, ""K4_nli_and_bypass_check"": 74.80420003412291, ""K5_decision"": 0.3952999832108617}",27017
FACTURK-0062,YALAN,"[21432, 26639, 11956, 15631, 3391, 22948, 17243, 9588, 15238, 3291, 259, 7509, 18591, 17960, 20109, 12897, 4142, 9403, 4440, 17341]","[0.1445106565952301, 0.0023504828568547964, 5.225226777838543e-05, 0.022074386477470398, 0.004924510605633259, 0.00045474787475541234, 0.015189048834145069, 0.004264635033905506, 0.0005172813544049859, 0.00040765260928310454, 8.888084994396195e-05, 0.0007947254925966263, 0.013121271505951881, 0.012241275049746037, 0.006718870252370834, 0.00038596606464125216, 9.242113446816802e-05, 4.5044595026411116e-05, 0.0140095679089427, 8.156224066624418e-05]","[0.004447775427252054, 0.984592854976654, 0.010959337465465069]","[0.004447775427252054, 0.984592854976654, 0.010959337465465069]",False,YALAN,RED,False,False,5306.160500040278,"{""K1_input_and_readiness"": 0.06210000719875097, ""K7_context"": 0.001500011421740055, ""K1_normalization"": 0.011899974197149277, ""K6_advisory"": 36.45610000239685, ""K1_intent"": 0.05900004180148244, ""K2_retrieval"": 223.87359995627776, ""K3_reranker"": 3528.5687999567017, ""K8_weighted_ranking"": 2.5151000008918345, ""K3_candidate_filters"": 10.745700041297823, ""K9_advisory_consensus"": 0.00890000956133008, ""K4_nli_and_bypass_check"": 797.8873999672942, ""K5_decision"": 702.739299973473}",17243
FACTURK-0063,YALAN,"[176, 233, 9408, 1795, 27505, 2726, 17124, 21869, 12268, 12648, 8024, 27201, 25777, 24650, 28287, 29950, 14756, 6753, 22149, 21915]","[0.00032503585680387914, 0.00033535013790242374, 4.575391358230263e-05, 0.0013406204525381327, 0.00013552077871281654, 1.9525883544702083e-05, 1.7097478121286258e-05, 2.4876489987946115e-05, 3.144662332488224e-05, 2.732141365413554e-05, 1.657145367062185e-05, 0.00014653129619546235, 0.00011235327838221565, 1.6442494597868063e-05, 0.0007041515782475471, 6.976470467634499e-05, 6.302758993115276e-05, 4.2647468944778666e-05, 3.5633544030133635e-05, 5.3075080359121785e-05]","[0.0012833323562517762, 0.9975343942642212, 0.0011822138912975788]","[0.0012833323562517762, 0.9975343942642212, 0.0011822138912975788]",False,YETERSİZ VERİ,RET,True,False,4801.139699993655,"{""K1_input_and_readiness"": 0.0716999638825655, ""K7_context"": 0.001800013706088066, ""K1_normalization"": 0.012299977242946625, ""K6_advisory"": 36.335600016172975, ""K1_intent"": 0.0619000056758523, ""K2_retrieval"": 248.59400000423193, ""K3_reranker"": 3366.9854000327177, ""K8_weighted_ranking"": 1.3835999998264015, ""K3_candidate_filters"": 6.672899995464832, ""K9_advisory_consensus"": 0.008000002708286047, ""K4_nli_and_bypass_check"": 605.8292999514379, ""K5_decision"": 531.7998999962583}",27505
FACTURK-0064,YALAN,"[11993, 10902, 12442, 26184, 26175, 13994, 28815, 19515, 24031, 9406, 27391, 17640, 29992, 5745, 5659, 9959, 17617, 21058, 926, 5843]","[0.029256708920001984, 0.047337718307971954, 0.00018667821132112294, 0.00013135180051904172, 0.0002591582597233355, 8.750300185056403e-05, 2.977311669383198e-05, 1.7778551409719512e-05, 3.647853736765683e-05, 0.00220838887616992, 0.0007264875457622111, 0.0021657671313732862, 9.387641330249608e-05, 0.12106090039014816, 0.015483989380300045, 0.0015548133524134755, 0.0010403185151517391, 0.005980330519378185, 0.005199879873543978, 0.00026530236937105656]","[0.000257080711890012, 0.9996458292007446, 9.708867582958192e-05]","[0.000257080711890012, 0.9996458292007446, 9.708867582958192e-05]",False,YALAN,UYARI,False,False,2631.879699998535,"{""K1_input_and_readiness"": 0.05979998968541622, ""K7_context"": 0.001500011421740055, ""K1_normalization"": 0.010400020983070135, ""K6_advisory"": 34.997600014321506, ""K1_intent"": 0.050099974032491446, ""K2_retrieval"": 216.0806999891065, ""K3_reranker"": 1792.5844000419602, ""K8_weighted_ranking"": 1.1898999800905585, ""K3_candidate_filters"": 6.4134999993257225, ""K9_advisory_consensus"": 0.007099995855242014, ""K4_nli_and_bypass_check"": 294.7946000494994, ""K5_decision"": 282.52180002164096}",10902
FACTURK-0065,DOĞRU,"[14949, 23236, 18086, 5266, 2457, 5390, 9551, 3139, 28834, 25975, 20876, 10145, 22997, 2337, 19911, 7753, 29109, 1272, 28579, 8810]","[0.9920312166213989, 0.1796744465827942, 0.028114058077335358, 0.03155902028083801, 4.0694576455280185e-05, 2.977311669383198e-05, 0.004382336512207985, 0.02182282693684101, 0.012383785098791122, 0.0001442598586436361, 1.9833367332466878e-05, 2.5071596610359848e-05, 0.0002802109520416707, 3.9442587876692414e-05, 0.07490526884794235, 0.0019192374311387539, 0.0001713081874186173, 0.0011291546979919076, 0.0007124459953047335, 0.00032503585680387914]","[0.9989098310470581, 0.00032086053397506475, 0.0007692271610721946]","[0.9989098310470581, 0.00032086053397506475, 0.0007692271610721946]",False,YETERSİZ VERİ,KISMI,True,False,2932.8503999859095,"{""K1_input_and_readiness"": 0.04980002995580435, ""K7_context"": 0.001500011421740055, ""K1_normalization"": 0.01079996582120657, ""K6_advisory"": 35.15579999657348, ""K1_intent"": 0.050200033001601696, ""K2_retrieval"": 204.2469999869354, ""K3_reranker"": 2268.4057999867946, ""K8_weighted_ranking"": 1.3817999861203134, ""K3_candidate_filters"": 6.8583000102080405, ""K9_advisory_consensus"": 0.008200004231184721, ""K4_nli_and_bypass_check"": 244.93950000032783, ""K5_decision"": 168.7400999944657}",14949
FACTURK-0066,DOĞRU,"[25539, 14498, 6126, 16363, 23251, 14948, 10240, 19632, 9460, 815, 11919, 13023, 8130, 5197, 6630, 12846, 29368, 18833, 24421, 28275]","[5.433364276541397e-05, 2.1444948288262822e-05, 1.683241134742275e-05, 1.8342892872169614e-05, 1.6442494597868063e-05, 1.6314539607265033e-05, 1.6442494597868063e-05, 3.70529705833178e-05, 2.030369250860531e-05, 1.9373936083866283e-05, 1.657145367062185e-05, 1.6442494597868063e-05, 1.6314539607265033e-05, 1.7778551409719512e-05, 1.6314539607265033e-05, 1.6442494597868063e-05, 1.657145367062185e-05, 1.6442494597868063e-05, 1.6061610949691385e-05, 1.6187581422855146e-05]","[0.10125219821929932, 0.8442081809043884, 0.05453963205218315]","[0.10125219821929932, 0.8442081809043884, 0.05453963205218315]",False,YALAN,RED,False,False,2975.0683999736793,"{""K1_input_and_readiness"": 0.05339999916031957, ""K7_context"": 0.001500011421740055, ""K1_normalization"": 0.010400020983070135, ""K6_advisory"": 35.27860000031069, ""K1_intent"": 0.036999990697950125, ""K2_retrieval"": 200.22490003611892, ""K3_reranker"": 2015.890299982857, ""K8_weighted_ranking"": 1.083299983292818, ""K3_candidate_filters"": 6.016100000124425, ""K9_advisory_consensus"": 0.006099988240748644, ""K4_nli_and_bypass_check"": 404.5588999870233, ""K5_decision"": 308.75229998491704}",14498
FACTURK-0067,YALAN,"[23632, 8578, 6185, 6336, 12150, 25037, 25127, 20957, 29087, 25178, 26650, 26575, 700, 11135, 28254, 24822, 28196, 24956, 9414, 9507]","[0.0002959570847451687, 0.0055333878844976425, 2.710879925871268e-05, 0.0005658799782395363, 6.014152313582599e-05, 0.0001740054285619408, 0.0005053045460954309, 6.156764720799401e-05, 0.00020825010142289102, 0.001573112211190164, 1.7917987861437723e-05, 0.6303436160087585, 0.002790037775412202, 3.426849070820026e-05, 1.6964426322374493e-05, 0.021948253735899925, 1.7778551409719512e-05, 0.014672035351395607, 1.6061610949691385e-05, 0.002511463360860944]","[0.9986213445663452, 0.0003743899578694254, 0.0010042996145784855]","[0.9986213445663452, 0.0003743899578694254, 0.0010042996145784855]",False,YALAN,UYARI,False,False,3130.089299986139,"{""K1_input_and_readiness"": 0.052799994591623545, ""K7_context"": 0.001800013706088066, ""K1_normalization"": 0.01179997343569994, ""K6_advisory"": 34.978299983777106, ""K1_intent"": 0.040199956856667995, ""K2_retrieval"": 216.52600000379607, ""K3_reranker"": 2261.5075999638066, ""K8_weighted_ranking"": 1.091600046493113, ""K3_candidate_filters"": 5.826099950354546, ""K9_advisory_consensus"": 0.005799985956400633, ""K4_nli_and_bypass_check"": 338.41929998015985, ""K5_decision"": 268.54889997048303}",26575
FACTURK-0068,YALAN,"[21058, 27564, 26083, 28510, 1499, 14012, 20457, 5146, 26330, 6308, 7549, 29321, 21059, 29417, 23792, 30002, 28293, 8602, 2421, 19237]","[0.00013238185783848166, 0.11124119907617569, 0.00031015597051009536, 0.0013670255430042744, 0.0033634924329817295, 0.003389783203601837, 0.0055333878844976425, 0.0014381353976204991, 3.4001819585682824e-05, 0.002174225402995944, 0.013325147330760956, 0.0031115086749196053, 3.4001819585682824e-05, 0.0037507887464016676, 0.0586685985326767, 0.0005930210463702679, 1.6442494597868063e-05, 0.0009181900531984866, 0.00012632041762117296, 2.8409744118107483e-05]","[0.0008248366648331285, 0.0035633740480989218, 0.9956117272377014]","[0.0008248366648331285, 0.0035633740480989218, 0.9956117272377014]",False,DOĞRU,ONAY,False,False,3298.6730000120588,"{""K1_input_and_readiness"": 0.06799999391660094, ""K7_context"": 0.0013999524526298046, ""K1_normalization"": 0.013200042303651571, ""K6_advisory"": 36.05970001081005, ""K1_intent"": 0.04650000482797623, ""K2_retrieval"": 256.74069998785853, ""K3_reranker"": 2860.2410000166856, ""K8_weighted_ranking"": 1.2324000126682222, ""K3_candidate_filters"": 6.548300036229193, ""K9_advisory_consensus"": 0.017900019884109497, ""K4_nli_and_bypass_check"": 134.50769998598844, ""K5_decision"": 0.354900024831295}",27564
FACTURK-0069,DOĞRU,"[23489, 2558, 26855, 6199, 15124, 22200, 3872, 3337, 25267, 12906, 26427, 3460, 8279, 12854, 12550, 28323, 29480, 26429, 12000, 4242]","[0.9937100410461426, 1.967902426258661e-05, 1.6187581422855146e-05, 0.00032503585680387914, 1.6061610949691385e-05, 1.6442494597868063e-05, 1.6442494597868063e-05, 4.231559796608053e-05, 1.6187581422855146e-05, 1.6061610949691385e-05, 1.8777873265207745e-05, 9.098840382648632e-05, 1.6187581422855146e-05, 1.7231572201126255e-05, 0.022977370768785477, 1.6187581422855146e-05, 0.0033766122069209814, 1.657145367062185e-05, 2.7751651941798627e-05, 1.7097478121286258e-05]","[0.9989426732063293, 0.0003107184893451631, 0.0007466598181053996]","[0.9989426732063293, 0.0003107184893451631, 0.0007466598181053996]",False,YALAN,RED,False,False,2085.302000050433,"{""K1_input_and_readiness"": 0.04830001853406429, ""K7_context"": 0.001400010660290718, ""K1_normalization"": 0.009199953638017178, ""K6_advisory"": 34.301600011531264, ""K1_intent"": 0.03320001997053623, ""K2_retrieval"": 203.47560005029663, ""K3_reranker"": 1778.8711999892257, ""K8_weighted_ranking"": 1.0825999779626727, ""K3_candidate_filters"": 5.450099997688085, ""K9_advisory_consensus"": 0.00589998671784997, ""K4_nli_and_bypass_check"": 58.54870000621304, ""K5_decision"": 0.3567000385373831}",23489
FACTURK-0070,DOĞRU,"[11509, 13842, 23529, 20020, 29892, 5168, 28378, 13474, 5278, 3328, 6336, 28962, 15114, 16046, 23361, 1849, 22914, 18468, 7025, 7224]","[0.0022694687359035015, 0.10894504189491272, 0.0024343819823116064, 0.005641908384859562, 0.00011501735571073368, 0.00021152888075448573, 0.0008328334079124033, 0.0004728544445242733, 0.00022167809947859496, 0.0012893283274024725, 2.449082603561692e-05, 0.00011774459562730044, 0.0022872276604175568, 0.0008796061738394201, 0.002182716503739357, 1.8777873265207745e-05, 0.00040290519245900214, 0.08464395254850388, 0.0042151594534516335, 0.08945459872484207]","[0.00026901165256276727, 0.0037143530789762735, 0.9960165619850159]","[0.00026901165256276727, 0.0037143530789762735, 0.9960165619850159]",False,DOĞRU,ONAY,False,False,2899.5685999980196,"{""K1_input_and_readiness"": 0.04810001701116562, ""K7_context"": 0.001500011421740055, ""K1_normalization"": 0.0077999429777264595, ""K6_advisory"": 33.795799943618476, ""K1_intent"": 0.04600000102072954, ""K2_retrieval"": 200.7045000209473, ""K3_reranker"": 2153.8817000109702, ""K8_weighted_ranking"": 1.070900005288422, ""K3_candidate_filters"": 6.0545000014826655, ""K9_advisory_consensus"": 0.006499991286545992, ""K4_nli_and_bypass_check"": 281.9918000022881, ""K5_decision"": 218.30649999901652}",13842
FACTURK-0071,YALAN,"[13624, 19657, 24446, 11176, 28231, 20060, 21716, 11142, 11667, 5050, 14525, 20957, 20122, 5168, 26306, 25992, 14675, 23576, 6640, 21200]","[0.012241275049746037, 1.6061610949691385e-05, 0.7879312038421631, 1.6061610949691385e-05, 1.6061610949691385e-05, 0.0024249141570180655, 0.012722708284854889, 1.657145367062185e-05, 0.0018458482809364796, 0.2436424344778061, 0.2196720987558365, 1.6187581422855146e-05, 0.0009811719646677375, 0.004627529997378588, 0.007317397277802229, 0.0001740054285619408, 0.008093290030956268, 0.001512938179075718, 1.6314539607265033e-05, 1.6061610949691385e-05]","[0.0012231175787746906, 0.003195958212018013, 0.9955808520317078]","[0.0012231175787746906, 0.003195958212018013, 0.9955808520317078]",False,YALAN,RED,False,False,2956.4061000128277,"{""K1_input_and_readiness"": 0.06990000838413835, ""K7_context"": 0.001900014467537403, ""K1_normalization"": 0.016400008462369442, ""K6_advisory"": 37.335800006985664, ""K1_intent"": 0.042599975131452084, ""K2_retrieval"": 200.43460000306368, ""K3_reranker"": 2288.765400007833, ""K8_weighted_ranking"": 1.1852000025101006, ""K3_candidate_filters"": 6.3986999448388815, ""K9_advisory_consensus"": 0.009100011084228754, ""K4_nli_and_bypass_check"": 261.03680004598573, ""K5_decision"": 156.15530003560707}",13624
FACTURK-0072,DOĞRU,"[11552, 7076, 14598, 11647, 28830, 19317, 3097, 3817, 17227, 8517, 5125, 4439, 27142, 29735, 18895, 4856, 18348, 1667, 16619, 2263]","[0.027376487851142883, 0.19744445383548737, 0.0007041515782475471, 0.16913124918937683, 0.000682501879055053, 0.04336579889059067, 0.0007466114475391805, 1.6187581422855146e-05, 2.1278065105434507e-05, 0.00016603845870122313, 0.00034599160426296294, 0.0016420665197074413, 5.0644717703107744e-05, 1.6314539607265033e-05, 0.0004407629603520036, 1.8777873265207745e-05, 2.93115390377352e-05, 8.888084994396195e-05, 1.6314539607265033e-05, 0.01353214867413044]","[0.18594218790531158, 0.7857588529586792, 0.02829902246594429]","[0.18594218790531158, 0.7857588529586792, 0.02829902246594429]",False,YETERSİZ VERİ,RET,True,False,3574.0009999717586,"{""K1_input_and_readiness"": 0.07409998215734959, ""K7_context"": 0.001800013706088066, ""K1_normalization"": 0.011899974197149277, ""K6_advisory"": 34.116299997549504, ""K1_intent"": 0.031100003980100155, ""K2_retrieval"": 191.91670004511252, ""K3_reranker"": 3252.5953999720514, ""K8_weighted_ranking"": 1.2807000312022865, ""K3_candidate_filters"": 6.214600056409836, ""K9_advisory_consensus"": 0.006599992047995329, ""K4_nli_and_bypass_check"": 84.76569998310879, ""K5_decision"": 0.24640001356601715}",7076
FACTURK-0073,YALAN,"[29572, 24903, 23246, 25750, 10051, 9553, 28109, 18856, 3817, 12803, 8933, 2786, 10139, 3971, 5632, 5364, 15579, 9414, 4474, 28876]","[3.1201914680423215e-05, 0.0009473089594393969, 0.003960787784308195, 1.6442494597868063e-05, 2.0462934116949327e-05, 2.526822754589375e-05, 2.030369250860531e-05, 0.0004044814850203693, 1.7231572201126255e-05, 3.6764631659025326e-05, 0.0007208379684016109, 1.8342892872169614e-05, 1.6061610949691385e-05, 1.6061610949691385e-05, 0.0028118586633354425, 1.7366719475830905e-05, 7.197912054834887e-05, 4.298194107832387e-05, 1.6187581422855146e-05, 0.00033535013790242374]","[0.6847532391548157, 0.20102150738239288, 0.11422524601221085]","[0.6847532391548157, 0.20102150738239288, 0.11422524601221085]",False,YALAN,UYARI,False,False,4746.377300005406,"{""K1_input_and_readiness"": 0.08700002217665315, ""K7_context"": 0.00200001522898674, ""K1_normalization"": 0.012599979527294636, ""K6_advisory"": 34.256699960678816, ""K1_intent"": 0.035400036722421646, ""K2_retrieval"": 258.25100002111867, ""K3_reranker"": 3115.4492999776267, ""K8_weighted_ranking"": 1.2340000248514116, ""K3_candidate_filters"": 6.391100003384054, ""K9_advisory_consensus"": 0.00689999433234334, ""K4_nli_and_bypass_check"": 714.3505000276491, ""K5_decision"": 613.3089000359178}",24903
FACTURK-0074,DOĞRU,"[13136, 25534, 6904, 17477, 29800, 20498, 20647, 29838, 4865, 29209, 26997, 8377, 11980, 10962, 5348, 12696, 22564, 26727, 16037, 6211]","[0.0024343819823116064, 0.00040290519245900214, 1.6061610949691385e-05, 0.000191104321856983, 3.373722574906424e-05, 1.6187581422855146e-05, 1.67014204635052e-05, 1.6187581422855146e-05, 1.6314539607265033e-05, 2.030369250860531e-05, 1.6442494597868063e-05, 1.6187581422855146e-05, 1.9833367332466878e-05, 1.6061610949691385e-05, 1.67014204635052e-05, 1.7097478121286258e-05, 8.220189192797989e-05, 1.6061610949691385e-05, 1.6061610949691385e-05, 1.657145367062185e-05]","[0.02062917686998844, 0.00937434658408165, 0.969996452331543]","[0.02062917686998844, 0.00937434658408165, 0.969996452331543]",False,DOĞRU,ONAY,False,False,4339.4427000312135,"{""K1_input_and_readiness"": 0.03980001201853156, ""K7_context"": 0.0015999539755284786, ""K1_normalization"": 0.008600007276982069, ""K6_advisory"": 33.65440003108233, ""K1_intent"": 0.03670004662126303, ""K2_retrieval"": 209.01689998572692, ""K3_reranker"": 3361.818100034725, ""K8_weighted_ranking"": 1.3501999783329666, ""K3_candidate_filters"": 7.004000013694167, ""K9_advisory_consensus"": 0.006500049494206905, ""K4_nli_and_bypass_check"": 375.47140003880486, ""K5_decision"": 347.7225000387989}",11980
FACTURK-0075,YALAN,"[1385, 28548, 24701, 7151, 5251, 5060, 26949, 16423, 21836, 11914, 25705, 8815, 3549, 2331, 19409, 2088, 27022, 14551, 3772, 20735]","[1.7917987861437723e-05, 1.6187581422855146e-05, 0.0018895388348028064, 0.011732463724911213, 9.098840382648632e-05, 4.101373633602634e-05, 0.0015669887652620673, 7.905303937150165e-05, 0.0001387341326335445, 1.67014204635052e-05, 9.7615658887662e-05, 0.001383117400109768, 9.028038039105013e-05, 0.018369639292359352, 0.0022170129232108593, 1.6442494597868063e-05, 1.6187581422855146e-05, 0.0018031664658337831, 1.7640199075685814e-05, 1.6314539607265033e-05]","[0.0010455974843353033, 0.9963645339012146, 0.002589903073385358]","[0.0010455974843353033, 0.9963645339012146, 0.002589903073385358]",False,YETERSİZ VERİ,RET,True,False,2533.7069999659434,"{""K1_input_and_readiness"": 0.048200017772614956, ""K7_context"": 0.001700012944638729, ""K1_normalization"": 0.009600014891475439, ""K6_advisory"": 38.331100018695, ""K1_intent"": 0.04769995575770736, ""K2_retrieval"": 243.88980004005134, ""K3_reranker"": 2178.8388999993913, ""K8_weighted_ranking"": 1.0969999711960554, ""K3_candidate_filters"": 5.73819997953251, ""K9_advisory_consensus"": 0.006999995093792677, ""K4_nli_and_bypass_check"": 62.13849998312071, ""K5_decision"": 0.2815999905578792}",7151
FACTURK-0076,YALAN,"[16399, 6879, 2611, 27351, 25156, 29990, 2561, 23018, 15083, 29257, 25298, 17035, 17830, 29186, 2273, 9235, 4720, 20113, 8145, 18925]","[0.9081302285194397, 0.00014653129619546235, 0.0007408055826090276, 1.7366719475830905e-05, 1.6061610949691385e-05, 0.00037263770354911685, 1.6187581422855146e-05, 6.761842087144032e-05, 1.6187581422855146e-05, 0.012821214273571968, 0.00021995337738189846, 1.6187581422855146e-05, 5.144220995134674e-05, 1.6442494597868063e-05, 2.526822754589375e-05, 1.6061610949691385e-05, 3.219233258278109e-05, 2.586742994026281e-05, 1.6187581422855146e-05, 0.00012339458044152707]","[0.8570685386657715, 0.05079471319913864, 0.09213677048683167]","[0.8570685386657715, 0.05079471319913864, 0.09213677048683167]",False,YALAN,UYARI,False,False,3423.893900006078,"{""K1_input_and_readiness"": 0.048900023102760315, ""K7_context"": 0.0015999539755284786, ""K1_normalization"": 0.00990001717582345, ""K6_advisory"": 34.787299984600395, ""K1_intent"": 0.04329998046159744, ""K2_retrieval"": 224.1671999800019, ""K3_reranker"": 2554.672700003721, ""K8_weighted_ranking"": 1.251000037882477, ""K3_candidate_filters"": 6.4335999777540565, ""K9_advisory_consensus"": 0.006100046448409557, ""K4_nli_and_bypass_check"": 325.06579998880625, ""K5_decision"": 273.96000002045184}",16399
FACTURK-0077,YALAN,"[18468, 28997, 5104, 22914, 18297, 28419, 27847, 19866, 15134, 23361, 4331, 2644, 5491, 19909, 19816, 12677, 19761, 23751, 9366, 7836]","[0.8637367486953735, 0.002058753278106451, 0.0003150386910419911, 0.0005861161625944078, 0.0014721895568072796, 0.0005725466180592775, 4.331903619458899e-05, 8.481103577651083e-05, 3.5633544030133635e-05, 6.868317723274231e-05, 0.000317508791340515, 0.0004859560285694897, 5.475977377500385e-05, 0.0023322340566664934, 0.0044683837331831455, 0.104843370616436, 0.0006798428948968649, 0.0009146137163043022, 0.0015916259726509452, 0.0011879054363816977]","[0.0033395495265722275, 0.9922351241111755, 0.004425319377332926]","[0.0033395495265722275, 0.9922351241111755, 0.004425319377332926]",False,YETERSİZ VERİ,RET,True,False,2546.254199987743,"{""K1_input_and_readiness"": 0.053099996875971556, ""K7_context"": 0.0016999547369778156, ""K1_normalization"": 0.011400028597563505, ""K6_advisory"": 37.14970004511997, ""K1_intent"": 0.0678999931551516, ""K2_retrieval"": 207.96229998813942, ""K3_reranker"": 2257.007899985183, ""K8_weighted_ranking"": 1.0179000091739, ""K3_candidate_filters"": 5.272099981084466, ""K9_advisory_consensus"": 0.005799985956400633, ""K4_nli_and_bypass_check"": 34.53020000597462, ""K5_decision"": 0.1648000325076282}",12677
FACTURK-0078,DOĞRU,"[13244, 28856, 8758, 5470, 25952, 8303, 12500, 2849, 27933, 790, 9581, 2420, 720, 22357, 8980, 24082, 8286, 12699, 6942, 16419]","[1.6314539607265033e-05, 0.10576342046260834, 1.7231572201126255e-05, 0.0013096056645736098, 0.00019716942915692925, 0.0026419467758387327, 0.0025016965810209513, 0.007846239022910595, 0.0009146137163043022, 0.005281333811581135, 0.015424552373588085, 0.0002415662893326953, 7.782753527862951e-05, 0.009303949773311615, 0.00021654405281879008, 1.6314539607265033e-05, 0.000706905557308346, 0.00034464316559024155, 2.3369333575828932e-05, 1.6442494597868063e-05]","[0.0024672523140907288, 0.3549773693084717, 0.6425553560256958]","[0.0024672523140907288, 0.3549773693084717, 0.6425553560256958]",False,YALAN,RED,False,False,2346.0160000249743,"{""K1_input_and_readiness"": 0.053099996875971556, ""K7_context"": 0.001900014467537403, ""K1_normalization"": 0.009300012607127428, ""K6_advisory"": 32.65919996192679, ""K1_intent"": 0.030099996365606785, ""K2_retrieval"": 192.8970000008121, ""K3_reranker"": 2083.517299965024, ""K8_weighted_ranking"": 1.2417000252753496, ""K3_candidate_filters"": 6.4978000009432435, ""K9_advisory_consensus"": 0.007700000423938036, ""K4_nli_and_bypass_check"": 25.483899982646108, ""K5_decision"": 0.37379999412223697}",12699
FACTURK-0079,YALAN,"[8958, 19631, 6032, 4770, 18297, 12152, 4452, 14597, 5710, 5087, 18468, 29444, 12482, 20647, 10061, 9120, 2140, 17587, 4381, 17984]","[9.915272676153108e-05, 1.8631746570463292e-05, 0.0020033332984894514, 4.794958294951357e-05, 0.0007096704212017357, 1.6964426322374493e-05, 2.0785171727766283e-05, 0.0010162440594285727, 0.002560870721936226, 8.415108459303156e-05, 0.0010901900241151452, 1.9525883544702083e-05, 0.0001195985751110129, 1.750292540236842e-05, 5.475977377500385e-05, 0.001512938179075718, 2.2474090656032786e-05, 0.0007763299508951604, 6.868317723274231e-05, 0.0019800399895757437]","[0.0027771710883826017, 0.9932712912559509, 0.00395158538594842]","[0.0027771710883826017, 0.9932712912559509, 0.00395158538594842]",False,YALAN,UYARI,False,False,3616.567599994596,"{""K1_input_and_readiness"": 0.052499992307275534, ""K7_context"": 0.001900014467537403, ""K1_normalization"": 0.009600014891475439, ""K6_advisory"": 37.12860000086948, ""K1_intent"": 0.047600013203918934, ""K2_retrieval"": 199.6812999714166, ""K3_reranker"": 2134.4485000008717, ""K8_weighted_ranking"": 1.3072000001557171, ""K3_candidate_filters"": 6.855700048618019, ""K9_advisory_consensus"": 0.006999995093792677, ""K4_nli_and_bypass_check"": 612.9247000208125, ""K5_decision"": 620.2985999989323}",5710
FACTURK-0080,YALAN,"[28014, 24630, 9150, 25225, 15787, 2130, 6426, 11113, 9220, 19258, 17022, 8377, 27894, 27730, 25169, 889, 9510, 12112, 2858, 24186]","[0.0023322340566664934, 0.05717659741640091, 0.005554925184696913, 0.0006878511630930007, 0.0008969392511062324, 0.0002396868512732908, 1.6964426322374493e-05, 1.6187581422855146e-05, 0.0011073390487581491, 0.00016474656877107918, 0.0031115086749196053, 3.144662332488224e-05, 5.605828482657671e-05, 2.6274772608303465e-05, 0.00014091856428422034, 4.794958294951357e-05, 0.0014493984635919333, 0.009596454910933971, 4.794958294951357e-05, 2.449082603561692e-05]","[0.0010541919618844986, 0.9977810978889465, 0.001164715038612485]","[0.0010541919618844986, 0.9977810978889465, 0.001164715038612485]",False,YALAN,UYARI,False,False,3671.642699977383,"{""K1_input_and_readiness"": 0.051499984692782164, ""K7_context"": 0.001500011421740055, ""K1_normalization"": 0.010999967344105244, ""K6_advisory"": 36.18909994838759, ""K1_intent"": 0.05000003147870302, ""K2_retrieval"": 214.89399997517467, ""K3_reranker"": 2596.054199966602, ""K8_weighted_ranking"": 1.3682999997399747, ""K3_candidate_filters"": 6.43020001007244, ""K9_advisory_consensus"": 0.006599992047995329, ""K4_nli_and_bypass_check"": 406.749099958688, ""K5_decision"": 406.66149999015033}",12112
FACTURK-0081,DOĞRU,"[29892, 30075, 16831, 20199, 24994, 28266, 19793, 17297, 14534, 6336, 9899, 10832, 889, 7592, 18513, 23277, 13077, 8098, 2920, 8849]","[0.11299101263284683, 0.11858908832073212, 0.9192084670066833, 0.03173859417438507, 0.113973468542099, 0.006564249750226736, 0.08035746961832047, 0.11476477235555649, 0.007876706309616566, 0.0555151142179966, 2.449082603561692e-05, 0.8337311148643494, 0.0007180297398008406, 0.2078571617603302, 0.02161533385515213, 0.007260866463184357, 0.8265718221664429, 0.0003785036678891629, 0.0026522595435380936, 0.16572807729244232]","[0.002136151771992445, 0.23106224834918976, 0.7668015360832214]","[0.002136151771992445, 0.23106224834918976, 0.7668015360832214]",False,DOĞRU,ONAY,False,False,2236.719299980905,"{""K1_input_and_readiness"": 0.04900002386420965, ""K7_context"": 0.002200016751885414, ""K1_normalization"": 0.02239999594166875, ""K6_advisory"": 37.99230000004172, ""K1_intent"": 0.048900023102760315, ""K2_retrieval"": 171.21919995406643, ""K3_reranker"": 1874.7515000286512, ""K8_weighted_ranking"": 1.1275999713689089, ""K3_candidate_filters"": 6.593500031158328, ""K9_advisory_consensus"": 0.007199996616691351, ""K4_nli_and_bypass_check"": 90.24089999729767, ""K5_decision"": 51.670299959369004}",16831
FACTURK-0082,YALAN,"[19167, 4452, 22634, 5965, 16540, 16336, 18912, 16706, 14346, 5431, 23305, 7573, 26653, 21976, 26373, 20856, 18357, 12669, 24731, 23484]","[0.0005725466180592775, 0.09451042860746384, 2.977311669383198e-05, 2.1444948288262822e-05, 0.0004765612829942256, 2.0462934116949327e-05, 1.892514956125524e-05, 0.0026522595435380936, 4.037790131405927e-05, 0.004038591403514147, 5.829126530443318e-05, 1.6442494597868063e-05, 1.67014204635052e-05, 0.0010005044750869274, 1.6442494597868063e-05, 2.411113746347837e-05, 4.2647468944778666e-05, 2.411113746347837e-05, 2.6274772608303465e-05, 0.00037409563083201647]","[0.0008411985472775996, 0.9975576400756836, 0.0016011169645935297]","[0.0008411985472775996, 0.9975576400756836, 0.0016011169645935297]",False,YALAN,RED,False,False,3288.2854000199586,"{""K1_input_and_readiness"": 0.06920000305399299, ""K7_context"": 0.001800013706088066, ""K1_normalization"": 0.010200019460171461, ""K6_advisory"": 35.91119998600334, ""K1_intent"": 0.0467000063508749, ""K2_retrieval"": 227.32689999975264, ""K3_reranker"": 2034.1709000058472, ""K8_weighted_ranking"": 1.0822000331245363, ""K3_candidate_filters"": 6.024100002832711, ""K9_advisory_consensus"": 0.006799993570894003, ""K4_nli_and_bypass_check"": 515.4389000381343, ""K5_decision"": 464.8261000402272}",4452
FACTURK-0083,DOĞRU,"[5491, 23751, 18468, 23361, 20020, 20519, 25969, 26065, 3328, 13338, 21399, 5597, 18234, 19636, 21402, 16499, 1291, 4119, 2644, 25705]","[2.7969301299890503e-05, 0.0016941031208261847, 0.020332353189587593, 0.006692850962281227, 4.101373633602634e-05, 2.4682904040673748e-05, 6.502816540887579e-05, 0.0011832797899842262, 4.5044595026411116e-05, 0.0004108485300093889, 1.6061610949691385e-05, 1.6061610949691385e-05, 0.0009181900531984866, 1.922317096614279e-05, 5.104190859128721e-05, 0.00010310211655450985, 3.426849070820026e-05, 4.037790131405927e-05, 2.8632557587116025e-05, 5.694102947018109e-05]","[0.000691998575348407, 0.9969015121459961, 0.002406480023637414]","[0.000691998575348407, 0.9969015121459961, 0.002406480023637414]",False,YALAN,UYARI,False,False,2848.4007999650203,"{""K1_input_and_readiness"": 0.05219999002292752, ""K7_context"": 0.001600012183189392, ""K1_normalization"": 0.014800054486840963, ""K6_advisory"": 34.40850001061335, ""K1_intent"": 0.050799979362636805, ""K2_retrieval"": 201.93039998412132, ""K3_reranker"": 2195.8310999907553, ""K8_weighted_ranking"": 1.2144999927841127, ""K3_candidate_filters"": 6.265499978326261, ""K9_advisory_consensus"": 0.007399998139590025, ""K4_nli_and_bypass_check"": 242.42889997549355, ""K5_decision"": 162.9899999825284}",23361
FACTURK-0084,DOĞRU,"[11506, 25118, 16926, 10003, 29032, 12851, 17567, 10045, 22063, 4224, 20781, 16886, 29705, 22456, 263, 2446, 11778, 13967, 1970, 7307]","[0.0031480707693845034, 7.905303937150165e-05, 0.004451041109859943, 2.2125668692751788e-05, 0.00854433048516512, 0.000159678646014072, 0.002296159043908119, 0.0004459562187548727, 0.0012497093994170427, 0.0016103574307635427, 0.2312668114900589, 0.0009362827986478806, 0.0008659808663651347, 0.0009146137163043022, 1.8342892872169614e-05, 0.0037217086646705866, 0.0010242064017802477, 0.0006667023408226669, 0.011823395267128944, 0.0007733057136647403]","[0.015278566628694534, 0.7390416860580444, 0.24567972123622894]","[0.015278566628694534, 0.7390416860580444, 0.24567972123622894]",False,YETERSİZ VERİ,RET,True,False,5067.611499980558,"{""K1_input_and_readiness"": 0.06559997564181685, ""K7_context"": 0.001400010660290718, ""K1_normalization"": 0.012999982573091984, ""K6_advisory"": 36.81019996292889, ""K1_intent"": 0.05849997978657484, ""K2_retrieval"": 249.8831999837421, ""K3_reranker"": 3106.9301000097767, ""K8_weighted_ranking"": 1.3906999956816435, ""K3_candidate_filters"": 7.067599974106997, ""K9_advisory_consensus"": 0.007199996616691351, ""K4_nli_and_bypass_check"": 900.3464999841526, ""K5_decision"": 761.603000049945}",20781
FACTURK-0085,DOĞRU,"[26113, 13059, 1228, 17687, 810, 14969, 12751, 9230, 7396, 28223, 7447, 23913, 24344, 19653, 24737, 7982, 26710, 28442, 19893, 8333]","[0.0003077430883422494, 2.4300241420860402e-05, 4.231559796608053e-05, 0.014672035351395607, 1.6187581422855146e-05, 0.00018522572645451874, 9.535461140330881e-05, 2.2125668692751788e-05, 0.004086002707481384, 1.7097478121286258e-05, 0.0061450921930372715, 0.0002472934720572084, 1.6442494597868063e-05, 2.8857117285951972e-05, 0.005405900068581104, 3.219233258278109e-05, 0.005281333811581135, 3.4808123018592596e-05, 8.888084994396195e-05, 0.0001740054285619408]","[0.012931509874761105, 0.3423365354537964, 0.644731879234314]","[0.012931509874761105, 0.3423365354537964, 0.644731879234314]",False,YALAN,RED,False,False,3000.613800017163,"{""K1_input_and_readiness"": 0.053099996875971556, ""K7_context"": 0.001700012944638729, ""K1_normalization"": 0.011199968867003918, ""K6_advisory"": 36.76340001402423, ""K1_intent"": 0.04929996794089675, ""K2_retrieval"": 205.06579999346286, ""K3_reranker"": 2143.3455999940634, ""K8_weighted_ranking"": 1.112600031774491, ""K3_candidate_filters"": 6.165299972053617, ""K9_advisory_consensus"": 0.006900052540004253, ""K4_nli_and_bypass_check"": 294.9133000220172, ""K5_decision"": 309.9639999563806}",12751
FACTURK-0086,DOĞRU,"[6314, 17464, 28221, 12939, 23903, 15073, 20736, 23166, 29513, 17416, 7000, 23892, 5052, 18953, 7456, 1893, 25662, 7092, 18460, 11309]","[0.0009697519708424807, 0.02029348537325859, 0.021990220993757248, 0.00079783343244344, 2.195349043176975e-05, 0.001103026675991714, 0.0001442598586436361, 2.6480842279852368e-05, 0.000414069538237527, 0.0009217804181389511, 0.0001344663032796234, 0.0002982776495628059, 0.0005013742484152317, 0.0029694451950490475, 2.3007036361377686e-05, 0.00214894930832088, 6.108854722697288e-05, 0.00034329999471083283, 0.000954731716774404, 0.0003225071995984763]","[0.0013272222131490707, 0.9979456067085266, 0.0007271915674209595]","[0.0013272222131490707, 0.9979456067085266, 0.0007271915674209595]",False,YALAN,RED,False,False,2449.5207999716513,"{""K1_input_and_readiness"": 0.07760000880807638, ""K7_context"": 0.001900014467537403, ""K1_normalization"": 0.010899966582655907, ""K6_advisory"": 34.6245999680832, ""K1_intent"": 0.06429996574297547, ""K2_retrieval"": 218.7069000210613, ""K3_reranker"": 2164.4781999639235, ""K8_weighted_ranking"": 1.1256999569013715, ""K3_candidate_filters"": 5.945999990217388, ""K9_advisory_consensus"": 0.006499991286545992, ""K4_nli_and_bypass_check"": 21.05959999607876, ""K5_decision"": 0.2204999909736216}",18953
FACTURK-0087,DOĞRU,"[6336, 26371, 29892, 17493, 25906, 6779, 8849, 12974, 10054, 23965, 28611, 17203, 16397, 3162, 25721, 5866, 8688, 5364, 15308, 20244]","[0.00011591933434829116, 3.144662332488224e-05, 1.750292540236842e-05, 9.17019642656669e-05, 1.805851934477687e-05, 3.7931622500764206e-05, 0.005159622989594936, 0.004382336512207985, 3.8229114579735324e-05, 0.00010637458035489544, 2.1444948288262822e-05, 1.6314539607265033e-05, 9.610241977497935e-05, 1.9373936083866283e-05, 1.967902426258661e-05, 0.0003814711526501924, 2.030369250860531e-05, 1.6314539607265033e-05, 1.6442494597868063e-05, 2.1112482500029728e-05]","[0.0008627598872408271, 0.002597028622403741, 0.9965403079986572]","[0.0008627598872408271, 0.002597028622403741, 0.9965403079986572]",False,DOĞRU,ONAY,False,False,2675.5104000330903,"{""K1_input_and_readiness"": 0.03739999374374747, ""K7_context"": 0.001400010660290718, ""K1_normalization"": 0.006799993570894003, ""K6_advisory"": 33.1669999868609, ""K1_intent"": 0.040300015825778246, ""K2_retrieval"": 193.4828999801539, ""K3_reranker"": 2066.8548999819905, ""K8_weighted_ranking"": 1.3214999926276505, ""K3_candidate_filters"": 6.4008000190369785, ""K9_advisory_consensus"": 0.00689999433234334, ""K4_nli_and_bypass_check"": 202.07560004200786, ""K5_decision"": 168.7977000256069}",8849
FACTURK-0088,DOĞRU,"[18, 4413, 24704, 27167, 26371, 29892, 6336, 22626, 20199, 12778, 23011, 25906, 8688, 11574, 22642, 558, 1902, 3162, 28611, 25796]","[0.0010083435336127877, 0.0006512682302854955, 0.03554439917206764, 0.05582314357161522, 2.3737338779028505e-05, 9.314593626186252e-05, 5.920916373725049e-05, 1.6314539607265033e-05, 0.001383117400109768, 0.00023231418163049966, 0.004736748989671469, 1.8342892872169614e-05, 7.782753527862951e-05, 0.0008830457809381187, 0.00021824207215104252, 0.0003029734070878476, 0.00482972152531147, 0.00010310211655450985, 0.0005614787805825472, 2.014569145103451e-05]","[0.0012287772260606289, 0.02368825301527977, 0.9750829935073853]","[0.0012287772260606289, 0.02368825301527977, 0.9750829935073853]",False,DOĞRU,ONAY,False,False,2379.651900031604,"{""K1_input_and_readiness"": 0.0391000066883862, ""K7_context"": 0.001500011421740055, ""K1_normalization"": 0.006599992047995329, ""K6_advisory"": 33.40979997301474, ""K1_intent"": 0.03739999374374747, ""K2_retrieval"": 168.47690002759919, ""K3_reranker"": 1809.813900035806, ""K8_weighted_ranking"": 1.1360999778844416, ""K3_candidate_filters"": 5.674300016835332, ""K9_advisory_consensus"": 0.006599992047995329, ""K4_nli_and_bypass_check"": 205.2679000189528, ""K5_decision"": 152.6802000007592}",27167
FACTURK-0089,DOĞRU,"[7912, 7529, 3233, 16400, 645, 24053, 23656, 16090, 15423, 19808, 27441, 21894, 9479, 28755, 12152, 1083, 13302, 4022, 23463, 2007]","[0.999935507774353, 0.6167627573013306, 0.0005013742484152317, 0.1457221657037735, 0.03796369582414627, 0.0012399960542097688, 0.00033535013790242374, 0.8830344080924988, 0.11299101263284683, 0.003839395008981228, 0.06313490122556686, 0.08093670755624771, 0.5575441718101501, 0.0004442183708306402, 0.0002492325147613883, 0.001495338510721922, 0.0025509123224765062, 2.8632557587116025e-05, 4.006369272246957e-05, 0.13028541207313538]","[0.9930928945541382, 0.0056296163238584995, 0.0012775403447449207]","[0.9930928945541382, 0.0056296163238584995, 0.0012775403447449207]",False,DOĞRU,ONAY,False,False,2625.367499946151,"{""K1_input_and_readiness"": 0.05640002200379968, ""K7_context"": 0.001500011421740055, ""K1_normalization"": 0.008699949830770493, ""K6_advisory"": 34.16620002826676, ""K1_intent"": 0.036800047382712364, ""K2_retrieval"": 211.3534000236541, ""K3_reranker"": 2186.037000035867, ""K8_weighted_ranking"": 1.3500999775715172, ""K3_candidate_filters"": 6.152199988719076, ""K9_advisory_consensus"": 0.005699985194951296, ""K4_nli_and_bypass_check"": 126.79050001315773, ""K5_decision"": 56.33180000586435}",7912
FACTURK-0090,YALAN,"[26683, 26447, 920, 24673, 15048, 430, 17981, 14207, 26912, 3327, 3962, 11714, 18324, 1472, 14283, 19739, 18843, 3952, 25443, 9741]","[0.0013511208817362785, 0.00012533752305898815, 0.031439851969480515, 7.311254739761353e-05, 0.00010720880527514964, 0.00029137005913071334, 0.00029365462251007557, 0.0006047102506272495, 0.00039977103006094694, 0.0007293288363143802, 0.0007733057136647403, 0.00022167809947859496, 6.108854722697288e-05, 3.269927037763409e-05, 0.00014091856428422034, 0.0003640086797531694, 0.0007152324542403221, 0.00011682839976856485, 1.8342892872169614e-05, 1.6187581422855146e-05]","[0.005805026739835739, 0.9933078289031982, 0.0008871097234077752]","[0.005805026739835739, 0.9933078289031982, 0.0008871097234077752]",False,YALAN,RED,False,False,3044.7371000191197,"{""K1_input_and_readiness"": 0.039300008211284876, ""K7_context"": 0.001300009898841381, ""K1_normalization"": 0.008599949069321156, ""K6_advisory"": 32.94740000274032, ""K1_intent"": 0.030800001695752144, ""K2_retrieval"": 217.3367000068538, ""K3_reranker"": 2070.15839999076, ""K8_weighted_ranking"": 1.0890999692492187, ""K3_candidate_filters"": 5.544100014958531, ""K9_advisory_consensus"": 0.005699985194951296, ""K4_nli_and_bypass_check"": 360.57269998127595, ""K5_decision"": 353.82579994620755}",17981
FACTURK-0091,DOĞRU,"[11667, 20565, 21782, 7134, 3909, 12330, 26480, 27058, 3583, 5512, 5235, 13264, 2400, 4312, 20454, 3209, 3131, 28139, 12685, 26306]","[0.9785082340240479, 0.014899643138051033, 2.7751651941798627e-05, 0.01342825498431921, 5.9673518990166485e-05, 0.0055333878844976425, 0.004718369338661432, 5.225226777838543e-05, 1.657145367062185e-05, 0.0019043302163481712, 0.05490385368466377, 5.2662067901110277e-05, 0.1173696517944336, 2.4876489987946115e-05, 1.6187581422855146e-05, 0.003456409554928541, 0.00043563017970882356, 0.00015236754552461207, 0.004886374808847904, 0.013325147330760956]","[0.00018216129683423787, 0.9996306896209717, 0.00018713390454649925]","[0.00018216129683423787, 0.9996306896209717, 0.00018713390454649925]",False,YALAN,RED,False,False,2679.585699981544,"{""K1_input_and_readiness"": 0.09079999290406704, ""K7_context"": 0.002500019036233425, ""K1_normalization"": 0.016000005416572094, ""K6_advisory"": 39.94569997303188, ""K1_intent"": 0.054500007536262274, ""K2_retrieval"": 200.89480001479387, ""K3_reranker"": 2144.370499998331, ""K8_weighted_ranking"": 1.3360999873839319, ""K3_candidate_filters"": 6.349600036628544, ""K9_advisory_consensus"": 0.007700000423938036, ""K4_nli_and_bypass_check"": 164.26990000763908, ""K5_decision"": 119.30759996175766}",11667
FACTURK-0092,YALAN,"[18561, 28547, 29036, 27219, 1302, 5605, 2984, 23181, 7256, 15787, 25169, 11479, 14780, 14232, 29892, 25228, 13989, 12809, 24354, 20022]","[0.002378123812377453, 0.2223622351884842, 0.001220795209519565, 0.08961381763219833, 0.010489090345799923, 0.003930085338652134, 0.20529620349407196, 0.5658385753631592, 0.0010242064017802477, 0.009268013760447502, 0.002736221067607403, 0.10356715321540833, 0.4573790431022644, 0.12389466166496277, 0.055310655385255814, 0.25945019721984863, 0.023962024599313736, 0.06301946938037872, 0.024469668045639992, 0.17766813933849335]","[0.0006064888439141214, 0.9966927766799927, 0.00270074512809515]","[0.0006064888439141214, 0.9966927766799927, 0.00270074512809515]",False,YETERSİZ VERİ,RET,True,False,3151.8629000056535,"{""K1_input_and_readiness"": 0.05259999306872487, ""K7_context"": 0.001400010660290718, ""K1_normalization"": 0.010000017937272787, ""K6_advisory"": 36.43009997904301, ""K1_intent"": 0.04610000178217888, ""K2_retrieval"": 216.02789999451488, ""K3_reranker"": 2135.3588000056334, ""K8_weighted_ranking"": 1.3076000032015145, ""K3_candidate_filters"": 6.569499964825809, ""K9_advisory_consensus"": 0.007099995855242014, ""K4_nli_and_bypass_check"": 418.59740001382306, ""K5_decision"": 334.4683999894187}",23181
FACTURK-0093,YALAN,"[5693, 11195, 24822, 3328, 11552, 25503, 1329, 12664, 18825, 4563, 1704, 1946, 15330, 28044, 29601, 704, 2296, 23052, 6793, 7635]","[1.967902426258661e-05, 0.029986508190631866, 0.010986941866576672, 0.006615392863750458, 0.011597361415624619, 1.683241134742275e-05, 2.6274772608303465e-05, 0.003087369492277503, 1.67014204635052e-05, 0.00021654405281879008, 0.004382336512207985, 1.6314539607265033e-05, 1.6314539607265033e-05, 0.0023322340566664934, 0.00034464316559024155, 0.008677716366946697, 4.683888619183563e-05, 0.0007014083093963563, 1.7097478121286258e-05, 1.6187581422855146e-05]","[0.0019476383458822966, 0.9961538910865784, 0.00189843715634197]","[0.0019476383458822966, 0.9961538910865784, 0.00189843715634197]",False,YETERSİZ VERİ,RET,True,False,4110.308300005272,"{""K1_input_and_readiness"": 0.11550000635907054, ""K7_context"": 0.001900014467537403, ""K1_normalization"": 0.013499986380338669, ""K6_advisory"": 35.39869998348877, ""K1_intent"": 0.04849996184930205, ""K2_retrieval"": 224.88609998254105, ""K3_reranker"": 3774.047299986705, ""K8_weighted_ranking"": 1.353300001937896, ""K3_candidate_filters"": 7.16059998376295, ""K9_advisory_consensus"": 0.017400016076862812, ""K4_nli_and_bypass_check"": 63.881499983835965, ""K5_decision"": 0.16990001313388348}",11195
FACTURK-0094,YALAN,"[5418, 19923, 30246, 24789, 15901, 26970, 28805, 20156, 6702, 24986, 30410, 20501, 6865, 15993, 22135, 30483, 7409, 30482, 30481, 17860]","[0.003429603995755315, 5.02506154589355e-05, 1.6964426322374493e-05, 0.013020490296185017, 3.8831109122838825e-05, 4.794958294951357e-05, 0.0022343622986227274, 0.00017952796770259738, 0.0120537793263793, 0.00011412239109631628, 0.00013552077871281654, 0.00021152888075448573, 0.00017674513219390064, 1.805851934477687e-05, 0.002580904169008136, 2.2125668692751788e-05, 0.00029365462251007557, 1.7097478121286258e-05, 1.9525883544702083e-05, 0.001269364496693015]","[0.008708770386874676, 0.8708430528640747, 0.12044822424650192]","[0.008708770386874676, 0.8708430528640747, 0.12044822424650192]",False,YETERSİZ VERİ,RET,True,False,18583.084199985024,"{""K1_input_and_readiness"": 0.06709998706355691, ""K7_context"": 0.0016999547369778156, ""K1_normalization"": 0.009800016414374113, ""K6_advisory"": 35.704199981410056, ""K1_intent"": 0.04650000482797623, ""K2_retrieval"": 177.55109997233376, ""K3_reranker"": 17875.291700009257, ""K8_weighted_ranking"": 1.4268000377342105, ""K3_candidate_filters"": 6.623799970839173, ""K9_advisory_consensus"": 0.006199989002197981, ""K4_nli_and_bypass_check"": 264.9737999890931, ""K5_decision"": 218.39230001205578}",6865
FACTURK-0095,DOĞRU,"[14448, 23187, 27818, 14054, 23316, 5201, 19360, 9039, 13582, 28834, 20850, 26067, 18564, 10845, 5154, 1872, 11847, 30122, 4779, 11546]","[0.001987774157896638, 0.000124362253700383, 0.00021995337738189846, 0.00013342000602278858, 0.0006000071880407631, 1.750292540236842e-05, 8.818923379294574e-05, 0.0010566838318482041, 9.83811987680383e-05, 4.298194107832387e-05, 0.0004673480580095202, 0.00020502213737927377, 3.619466951931827e-05, 2.030369250860531e-05, 0.003135835751891136, 4.985958003089763e-05, 1.6442494597868063e-05, 3.373722574906424e-05, 1.7366719475830905e-05, 0.000159678646014072]","[0.007912097498774529, 0.7987807989120483, 0.19330713152885437]","[0.007912097498774529, 0.7987807989120483, 0.19330713152885437]",False,YETERSİZ VERİ,RET,True,False,3516.5913000237197,"{""K1_input_and_readiness"": 0.0513000413775444, ""K7_context"": 0.001700012944638729, ""K1_normalization"": 0.010700023267418146, ""K6_advisory"": 36.095399991609156, ""K1_intent"": 0.03709999145939946, ""K2_retrieval"": 217.3853000276722, ""K3_reranker"": 2236.0170999891125, ""K8_weighted_ranking"": 1.6762999584898353, ""K3_candidate_filters"": 6.561300018802285, ""K9_advisory_consensus"": 0.007599999662488699, ""K4_nli_and_bypass_check"": 578.8645999855362, ""K5_decision"": 436.8454000214115}",9039
FACTURK-0096,YALAN,"[6934, 28032, 1327, 23417, 6206, 48, 1293, 11256, 23788, 7882, 18810, 2039, 17459, 24548, 1536, 3328, 23866, 27720, 3557, 28501]","[0.6527949571609497, 3.4808123018592596e-05, 8.092757343547419e-05, 3.1941821362124756e-05, 0.01065251138061285, 0.0005254230927675962, 0.0001673405058681965, 0.00011682839976856485, 0.0005549409543164074, 8.156224066624418e-05, 0.0005953406798653305, 0.0002492325147613883, 0.0005316132446750998, 0.0011203772155568004, 7.197912054834887e-05, 1.683241134742275e-05, 0.00220838887616992, 3.5633544030133635e-05, 0.0017752605490386486, 4.794958294951357e-05]","[0.02359771728515625, 0.8705365061759949, 0.10586585104465485]","[0.02359771728515625, 0.8705365061759949, 0.10586585104465485]",False,YETERSİZ VERİ,RET,True,False,3429.019699979108,"{""K1_input_and_readiness"": 0.04439998883754015, ""K7_context"": 0.001300009898841381, ""K1_normalization"": 0.008499948307871819, ""K6_advisory"": 35.12470005080104, ""K1_intent"": 0.07720000576227903, ""K2_retrieval"": 220.4556000069715, ""K3_reranker"": 2549.3117999867536, ""K8_weighted_ranking"": 1.3726999750360847, ""K3_candidate_filters"": 7.030799984931946, ""K9_advisory_consensus"": 0.007399998139590025, ""K4_nli_and_bypass_check"": 383.7430999847129, ""K5_decision"": 228.62700000405312}",6934
FACTURK-0097,YALAN,"[9071, 15922, 16534, 7077, 376, 30164, 11556, 14460, 8780, 16972, 26294, 5049, 9838, 29467, 21067, 24908, 2933, 7555, 2112, 23791]","[7.722192094661295e-05, 8.682210318511352e-05, 6.868317723274231e-05, 0.00020342698553577065, 3.3474691008450463e-05, 3.9135655242716894e-05, 2.014569145103451e-05, 0.0001823546044761315, 1.6314539607265033e-05, 3.8831109122838825e-05, 3.071818719035946e-05, 1.6314539607265033e-05, 0.00012931563833262771, 7.254361844388768e-05, 0.004086002707481384, 0.0004655269149225205, 0.00014539113908540457, 0.0008830457809381187, 0.0015792594058439136, 0.00024536947603337467]","[0.001615591929294169, 0.9961944818496704, 0.00218997523188591]","[0.001615591929294169, 0.9961944818496704, 0.00218997523188591]",False,YETERSİZ VERİ,RET,True,False,3366.3349999696948,"{""K1_input_and_readiness"": 0.0496999709866941, ""K7_context"": 0.001400010660290718, ""K1_normalization"": 0.009499955922365189, ""K6_advisory"": 33.59210002236068, ""K1_intent"": 0.030499999411404133, ""K2_retrieval"": 217.25079999305308, ""K3_reranker"": 2296.873300045263, ""K8_weighted_ranking"": 1.3910999987274408, ""K3_candidate_filters"": 6.905400019604713, ""K9_advisory_consensus"": 0.012500036973506212, ""K4_nli_and_bypass_check"": 457.5330999796279, ""K5_decision"": 349.26059999270365}",2933
FACTURK-0098,YALAN,"[20894, 10080, 19065, 6439, 6298, 7948, 6392, 14859, 7330, 3665, 21129, 27513, 17030, 27639, 7955, 29902, 26242, 22514, 29138, 6269]","[0.0003697388747241348, 0.009974920190870762, 7.905303937150165e-05, 0.003976227715611458, 3.508111694827676e-05, 3.619466951931827e-05, 0.0019267346942797303, 0.004451041109859943, 0.024283869192004204, 0.0007702931761741638, 0.001483718864619732, 0.00014883848780300468, 0.00985985528677702, 2.818866414600052e-05, 0.0008459375239908695, 0.0007947254925966263, 0.0001740054285619408, 0.0035243413876742125, 0.0046636550687253475, 3.647853736765683e-05]","[0.002507193712517619, 0.34224194288253784, 0.6552509069442749]","[0.002507193712517619, 0.34224194288253784, 0.6552509069442749]",False,DOĞRU,ONAY,False,False,4151.663700002246,"{""K1_input_and_readiness"": 0.04970002919435501, ""K7_context"": 0.00200001522898674, ""K1_normalization"": 0.009800016414374113, ""K6_advisory"": 34.40430003684014, ""K1_intent"": 0.029499991796910763, ""K2_retrieval"": 192.87520000943914, ""K3_reranker"": 3493.3183999964967, ""K8_weighted_ranking"": 1.2258000206202269, ""K3_candidate_filters"": 6.329800002276897, ""K9_advisory_consensus"": 0.007599999662488699, ""K4_nli_and_bypass_check"": 233.72550000203773, ""K5_decision"": 186.52769998880103}",7330
FACTURK-0099,YALAN,"[13895, 8919, 6801, 19354, 16060, 25752, 25760, 16738, 19808, 26282, 4543, 9915, 21513, 8949, 28378, 25811, 11603, 16301, 19673, 28947]","[0.03594832494854927, 0.0007554056355729699, 0.31289464235305786, 0.020964240655303, 0.04084571450948715, 2.8857117285951972e-05, 0.01572399213910103, 0.11818139255046844, 0.0012448433553799987, 0.006903838831931353, 0.0003799845289904624, 0.00025118677876889706, 0.010611421428620815, 0.008745181374251842, 0.003635808825492859, 0.013376603834331036, 8.614650869276375e-05, 0.04410091042518616, 0.0012497093994170427, 0.0002287133247591555]","[0.003932695370167494, 0.053214967250823975, 0.9428524374961853]","[0.003932695370167494, 0.053214967250823975, 0.9428524374961853]",False,YALAN,RED,False,False,6699.153700028546,"{""K1_input_and_readiness"": 0.14560000272467732, ""K7_context"": 0.0016999547369778156, ""K1_normalization"": 0.027100031729787588, ""K6_advisory"": 62.42740002926439, ""K1_intent"": 0.08550001075491309, ""K2_retrieval"": 408.0907999887131, ""K3_reranker"": 5515.8213000395335, ""K8_weighted_ranking"": 1.1396999470889568, ""K3_candidate_filters"": 7.001699996180832, ""K9_advisory_consensus"": 0.007599999662488699, ""K4_nli_and_bypass_check"": 700.5196000100113, ""K5_decision"": 0.6417999975383282}",19354
FACTURK-0100,DOĞRU,"[23551, 22712, 10803, 20527, 14283, 24993, 7370, 22500, 20451, 16320, 9706, 2452, 16363, 5518, 12950, 15736, 28551, 3607, 14684, 19632]","[1.967902426258661e-05, 1.6314539607265033e-05, 1.9073577277595177e-05, 1.6061610949691385e-05, 1.6061610949691385e-05, 2.6070309104397893e-05, 1.6442494597868063e-05, 1.6442494597868063e-05, 1.6187581422855146e-05, 1.593661909282673e-05, 2.3369333575828932e-05, 1.67014204635052e-05, 3.1693256460130215e-05, 1.6061610949691385e-05, 0.0002611903182696551, 5.2662067901110277e-05, 1.6061610949691385e-05, 1.6964426322374493e-05, 1.6061610949691385e-05, 9.915272676153108e-05]","[0.03242706134915352, 0.960826575756073, 0.0067463344894349575]","[0.03242706134915352, 0.960826575756073, 0.0067463344894349575]",False,YETERSİZ VERİ,RET,True,False,2951.6834000241943,"{""K1_input_and_readiness"": 0.049400026910007, ""K7_context"": 0.001800013706088066, ""K1_normalization"": 0.009200011845678091, ""K6_advisory"": 36.01209999760613, ""K1_intent"": 0.03359996480867267, ""K2_retrieval"": 206.6427000099793, ""K3_reranker"": 2024.5859999558888, ""K8_weighted_ranking"": 1.922300027217716, ""K3_candidate_filters"": 9.977799956686795, ""K9_advisory_consensus"": 0.01309998333454132, ""K4_nli_and_bypass_check"": 362.9158000112511, ""K5_decision"": 306.2517000362277}",5518
FACTURK-0101,YALAN,"[1701, 15238, 17301, 16063, 9150, 19754, 15964, 15787, 14817, 16835, 15978, 10301, 30356, 27696, 25225, 26786, 1422, 20950, 4257, 2858]","[0.21601155400276184, 0.002378123812377453, 0.3317689299583435, 0.0991208627820015, 0.02319762483239174, 0.008677716366946697, 0.0012893283274024725, 0.00978387612849474, 2.2125668692751788e-05, 0.10837755352258682, 0.001838665222749114, 0.0001195985751110129, 0.0013302015140652657, 0.007431773468852043, 0.009596454910933971, 0.002323162741959095, 0.0019342610612511635, 1.8631746570463292e-05, 0.027272669598460197, 0.00017265156202483922]","[0.00025525319506414235, 0.999505877494812, 0.00023889707517810166]","[0.00025525319506414235, 0.999505877494812, 0.00023889707517810166]",False,YALAN,UYARI,False,False,3115.4632999678142,"{""K1_input_and_readiness"": 0.06499997107312083, ""K7_context"": 0.001800013706088066, ""K1_normalization"": 0.025799963623285294, ""K6_advisory"": 37.82239998690784, ""K1_intent"": 0.04710000939667225, ""K2_retrieval"": 231.50140000507236, ""K3_reranker"": 2148.738699965179, ""K8_weighted_ranking"": 1.2615000014193356, ""K3_candidate_filters"": 6.403900042641908, ""K9_advisory_consensus"": 0.006799993570894003, ""K4_nli_and_bypass_check"": 338.07170001091436, ""K5_decision"": 348.59379997942597}",1701
FACTURK-0102,YALAN,"[22441, 4436, 15880, 19092, 2248, 5678, 11916, 16106, 16208, 22237, 22762, 11594, 17027, 3558, 29057, 2480, 20713, 25399, 28004, 10874]","[0.00012533752305898815, 0.005469274241477251, 0.025662705302238464, 0.02241421490907669, 0.22953522205352783, 0.0029008574783802032, 0.000706905557308346, 0.00272558256983757, 0.00019716942915692925, 0.002251847181469202, 5.518923353520222e-05, 0.003469890682026744, 0.002058753278106451, 0.002736221067607403, 0.00010889690747717395, 0.18877223134040833, 0.00017536994710098952, 2.566613329690881e-05, 0.0015011823270469904, 0.0053640566766262054]","[0.002063699532300234, 0.1403781771659851, 0.8575581312179565]","[0.002063699532300234, 0.1403781771659851, 0.8575581312179565]",False,DOĞRU,ONAY,False,False,5444.036000000779,"{""K1_input_and_readiness"": 0.049399968702346087, ""K7_context"": 0.001300009898841381, ""K1_normalization"": 0.009600014891475439, ""K6_advisory"": 36.529900040477514, ""K1_intent"": 0.062000006437301636, ""K2_retrieval"": 209.10590002313256, ""K3_reranker"": 4184.9249000079, ""K8_weighted_ranking"": 1.4323999639600515, ""K3_candidate_filters"": 5.984000046737492, ""K9_advisory_consensus"": 0.013499986380338669, ""K4_nli_and_bypass_check"": 498.46179998712614, ""K5_decision"": 504.24469995778054}",25399
FACTURK-0103,YALAN,"[24013, 29892, 17161, 2349, 24822, 22773, 11781, 16390, 9507, 23054, 414, 11778, 25721, 23707, 20199, 11846, 8808, 4460, 26533, 14448]","[0.02992974780499935, 0.010209054686129093, 0.002889581024646759, 1.9833367332466878e-05, 0.0041179172694683075, 0.007431773468852043, 0.0002472934720572084, 0.0022694687359035015, 0.0005336928297765553, 0.07949569821357727, 0.0010242064017802477, 0.0017961491830646992, 0.0003077430883422494, 2.265035072923638e-05, 0.001536727068014443, 0.020685460418462753, 0.0017140384297817945, 0.00012731103925034404, 0.000471011851914227, 0.00046190584544092417]","[0.0986514464020729, 0.7885521054267883, 0.11279645562171936]","[0.0986514464020729, 0.7885521054267883, 0.11279645562171936]",False,YETERSİZ VERİ,RET,True,False,3557.6044999761507,"{""K1_input_and_readiness"": 0.05070003680884838, ""K7_context"": 0.0017999554984271526, ""K1_normalization"": 0.01090002479031682, ""K6_advisory"": 34.86459999112412, ""K1_intent"": 0.03890000516548753, ""K2_retrieval"": 228.26599999098107, ""K3_reranker"": 2202.947200043127, ""K8_weighted_ranking"": 1.347700017504394, ""K3_candidate_filters"": 6.943100015632808, ""K9_advisory_consensus"": 0.007399998139590025, ""K4_nli_and_bypass_check"": 578.4401000128128, ""K5_decision"": 501.23970001004636}",23054
FACTURK-0104,DOĞRU,"[28325, 9150, 27390, 24184, 25225, 8821, 15787, 25169, 2858, 27894, 882, 16363, 27696, 2928, 14817, 25098, 8393, 25503, 17111, 16712]","[0.9972099661827087, 0.004520817659795284, 2.2474090656032786e-05, 7.662102143513039e-05, 0.00010472556459717453, 1.6964426322374493e-05, 0.00017536994710098952, 3.321419353596866e-05, 2.265035072923638e-05, 0.0001015038214973174, 1.7917987861437723e-05, 0.0013511208817362785, 0.0007916296017356217, 4.101373633602634e-05, 0.0007793660624884069, 0.0003625900426413864, 1.67014204635052e-05, 5.605828482657671e-05, 2.710879925871268e-05, 1.6187581422855146e-05]","[0.9988871216773987, 0.0004261253052391112, 0.0006867597694508731]","[0.9988871216773987, 0.0004261253052391112, 0.0006867597694508731]",False,YETERSİZ VERİ,KISMI,True,False,2577.2789999609813,"{""K1_input_and_readiness"": 0.06059999577701092, ""K7_context"": 0.001600012183189392, ""K1_normalization"": 0.011100026313215494, ""K6_advisory"": 35.9038999886252, ""K1_intent"": 0.05010003224015236, ""K2_retrieval"": 213.38549995562062, ""K3_reranker"": 2119.6854000445455, ""K8_weighted_ranking"": 1.3444999931380153, ""K3_candidate_filters"": 8.817299967631698, ""K9_advisory_consensus"": 0.007599999662488699, ""K4_nli_and_bypass_check"": 134.2098999884911, ""K5_decision"": 60.62309996923432}",28325
FACTURK-0105,DOĞRU,"[4982, 3215, 26716, 4751, 5319, 3694, 6426, 5443, 22212, 724, 22926, 17016, 24080, 24072, 29630, 28143, 24630, 5074, 22176, 29673]","[0.008847354911267757, 0.03197956085205078, 0.003854363691061735, 0.0009811719646677375, 0.012479699216783047, 0.0006878511630930007, 0.0003668626013677567, 0.0011832797899842262, 1.750292540236842e-05, 0.0009436192340217531, 0.0007264875457622111, 4.611274925991893e-05, 0.0003500686143524945, 1.8486754925106652e-05, 6.156764720799401e-05, 1.7097478121286258e-05, 0.00037555923336185515, 1.6442494597868063e-05, 2.178264912799932e-05, 0.0009436192340217531]","[0.15990963578224182, 0.1486743539571762, 0.6914160251617432]","[0.15990963578224182, 0.1486743539571762, 0.6914160251617432]",False,YALAN,RED,False,False,2126.5374000067823,"{""K1_input_and_readiness"": 0.08089997572824359, ""K7_context"": 0.00200001522898674, ""K1_normalization"": 0.017700018361210823, ""K6_advisory"": 34.17439997429028, ""K1_intent"": 0.028999987989664078, ""K2_retrieval"": 189.34089998947456, ""K3_reranker"": 1477.696299960371, ""K8_weighted_ranking"": 1.3316000113263726, ""K3_candidate_filters"": 6.522800016682595, ""K9_advisory_consensus"": 0.006999995093792677, ""K4_nli_and_bypass_check"": 228.946499992162, ""K5_decision"": 185.29089994262904}",26716
FACTURK-0106,DOĞRU,"[9712, 13023, 12007, 5690, 8130, 6630, 2779, 8231, 29675, 12846, 23361, 8347, 3796, 30163, 2874, 4981, 21701, 24591, 14688, 17859]","[0.003350423648953438, 0.00524044968187809, 0.02044939436018467, 0.004264635033905506, 0.2881683111190796, 0.15052762627601624, 0.002511463360860944, 0.004886374808847904, 0.007289077155292034, 8.284655632451177e-05, 0.009196552447974682, 0.0044165560975670815, 7.905303937150165e-05, 0.0006070755189284682, 0.060197047889232635, 0.0013406204525381327, 0.000954731716774404, 0.0007672924548387527, 0.0023688741493970156, 0.002560870721936226]","[0.0242815762758255, 0.9190824627876282, 0.056635987013578415]","[0.0242815762758255, 0.9190824627876282, 0.056635987013578415]",False,YALAN,UYARI,False,False,2485.1781000033952,"{""K1_input_and_readiness"": 0.05419994704425335, ""K7_context"": 0.001600012183189392, ""K1_normalization"": 0.010500021744519472, ""K6_advisory"": 36.082200007513165, ""K1_intent"": 0.036999990697950125, ""K2_retrieval"": 194.21889999648556, ""K3_reranker"": 1800.4173999652267, ""K8_weighted_ranking"": 1.1480000102892518, ""K3_candidate_filters"": 5.821799975819886, ""K9_advisory_consensus"": 0.007599999662488699, ""K4_nli_and_bypass_check"": 279.4302999973297, ""K5_decision"": 165.0478999945335}",2874
FACTURK-0107,YALAN,"[13808, 1805, 10932, 15457, 20021, 8419, 8953, 1774, 20770, 14052, 9477, 11576, 15888, 26070, 9093, 9761, 25320, 12446, 16309, 11234]","[0.9657061100006104, 0.15304215252399445, 0.9984391331672668, 0.3936763405799866, 0.412234365940094, 0.9725714921951294, 0.7828285694122314, 0.9949396848678589, 0.6088847517967224, 0.9965029954910278, 0.9963357448577881, 0.9913892149925232, 0.9985730648040771, 0.016657039523124695, 0.060086652636528015, 0.19544048607349396, 0.5845083594322205, 0.0015792594058439136, 0.9961004257202148, 0.4371025562286377]","[0.00046541079063899815, 0.9994657635688782, 6.888507050462067e-05]","[0.00046541079063899815, 0.9994657635688782, 6.888507050462067e-05]",False,YETERSİZ VERİ,RET,True,False,4527.542499999981,"{""K1_input_and_readiness"": 0.06089999806135893, ""K7_context"": 0.001600012183189392, ""K1_normalization"": 0.01190003240481019, ""K6_advisory"": 35.6061999918893, ""K1_intent"": 0.03890000516548753, ""K2_retrieval"": 232.73340001469478, ""K3_reranker"": 4004.2073000222445, ""K8_weighted_ranking"": 1.577500021085143, ""K3_candidate_filters"": 6.849099998362362, ""K9_advisory_consensus"": 0.007599999662488699, ""K4_nli_and_bypass_check"": 243.24560002423823, ""K5_decision"": 0.24730002041906118}",15888
FACTURK-0108,DOĞRU,"[9220, 2858, 23262, 29630, 3676, 26184, 23148, 29634, 9014, 24869, 27883, 25169, 487, 11993, 9150, 15787, 25225, 7138, 26378, 24025]","[0.9987157583236694, 0.00014883848780300468, 3.508111694827676e-05, 0.0001956353517016396, 0.00028685410507023335, 0.00036829791497439146, 0.0007524627726525068, 0.004182493779808283, 1.657145367062185e-05, 0.011115013621747494, 0.010368157178163528, 0.00838045310229063, 0.00019716942915692925, 8.092757343547419e-05, 0.005448067560791969, 0.0004821761976927519, 0.002693914109840989, 2.449082603561692e-05, 0.001629308913834393, 0.0002891032490879297]","[0.9975090026855469, 0.0016605089185759425, 0.0008305019000545144]","[0.9975090026855469, 0.0016605089185759425, 0.0008305019000545144]",False,YETERSİZ VERİ,KISMI,True,False,2519.3113000132143,"{""K1_input_and_readiness"": 0.0488999648950994, ""K7_context"": 0.001600012183189392, ""K1_normalization"": 0.011100026313215494, ""K6_advisory"": 35.407799994573, ""K1_intent"": 0.04529999569058418, ""K2_retrieval"": 206.20449999114498, ""K3_reranker"": 2134.848100016825, ""K8_weighted_ranking"": 1.3992000021971762, ""K3_candidate_filters"": 6.808999984059483, ""K9_advisory_consensus"": 0.007299997378140688, ""K4_nli_and_bypass_check"": 82.27889996487647, ""K5_decision"": 47.80080000637099}",9220
FACTURK-0109,YALAN,"[13220, 26380, 8807, 24417, 15694, 19679, 13354, 3100, 26924, 21875, 11171, 1942, 6246, 22959, 28954, 21527, 25868, 28769, 3515, 12376]","[1.967902426258661e-05, 3.1201914680423215e-05, 1.7366719475830905e-05, 1.657145367062185e-05, 0.0005378763889893889, 2.977311669383198e-05, 1.7231572201126255e-05, 2.3369333575828932e-05, 0.00016093082376755774, 1.6061610949691385e-05, 3.144662332488224e-05, 2.908344322349876e-05, 0.00013658353418577462, 2.908344322349876e-05, 0.00013982206291984767, 1.6314539607265033e-05, 0.00037555923336185515, 1.6442494597868063e-05, 0.00023597174731548876, 3.852893496514298e-05]","[0.00022658542729914188, 0.0005143663729541004, 0.9992590546607971]","[0.00022658542729914188, 0.0005143663729541004, 0.9992590546607971]",False,YETERSİZ VERİ,KISMI,True,False,3049.1285999887623,"{""K1_input_and_readiness"": 0.048900023102760315, ""K7_context"": 0.001500011421740055, ""K1_normalization"": 0.009999959729611874, ""K6_advisory"": 35.84019996924326, ""K1_intent"": 0.05269999383017421, ""K2_retrieval"": 223.43650000402704, ""K3_reranker"": 2046.6039999737404, ""K8_weighted_ranking"": 1.275799993891269, ""K3_candidate_filters"": 6.389199988916516, ""K9_advisory_consensus"": 0.006799993570894003, ""K4_nli_and_bypass_check"": 367.05100000835955, ""K5_decision"": 365.1619000011124}",13354
FACTURK-0110,YALAN,"[10626, 17245, 28800, 7864, 30040, 15465, 24966, 23200, 1988, 21652, 19694, 16461, 12005, 13449, 12560, 25864, 17607, 13551, 8785, 17870]","[1.7917987861437723e-05, 0.00010804955672938377, 2.710879925871268e-05, 0.0004108485300093889, 0.0003199982165824622, 2.0785171727766283e-05, 0.0011740821646526456, 0.000192602863535285, 0.00040290519245900214, 0.0013406204525381327, 0.00014202363672666252, 2.2827996872365475e-05, 0.00014539113908540457, 1.6314539607265033e-05, 2.3369333575828932e-05, 1.6061610949691385e-05, 1.922317096614279e-05, 0.0001511819864390418, 3.508111694827676e-05, 0.00013135180051904172]","[0.001388924429193139, 0.8859347701072693, 0.11267634481191635]","[0.001388924429193139, 0.8859347701072693, 0.11267634481191635]",False,YALAN,RED,False,False,3126.4350000419654,"{""K1_input_and_readiness"": 0.05339999916031957, ""K7_context"": 0.001500011421740055, ""K1_normalization"": 0.009400013368576765, ""K6_advisory"": 34.394800022710115, ""K1_intent"": 0.03479997394606471, ""K2_retrieval"": 201.32210000883788, ""K3_reranker"": 2185.7987999683246, ""K8_weighted_ranking"": 1.3584999833256006, ""K3_candidate_filters"": 6.426300038583577, ""K9_advisory_consensus"": 0.017200014553964138, ""K4_nli_and_bypass_check"": 365.19349995069206, ""K5_decision"": 328.643299988471}",21652
FACTURK-0111,DOĞRU,"[19058, 13414, 21229, 23565, 18623, 3491, 17751, 6292, 13448, 22130, 17084, 8180, 19374, 27826, 1530, 24266, 23567, 17022, 2771, 18436]","[0.0007733057136647403, 0.0016809417866170406, 0.015189048834145069, 0.003456409554928541, 0.005490562878549099, 0.008412977680563927, 0.009596454910933971, 0.01750955730676651, 0.008745181374251842, 2.818866414600052e-05, 0.0009622126235626638, 0.004773722495883703, 3.1941821362124756e-05, 0.0004494523163884878, 2.586742994026281e-05, 0.0013511208817362785, 6.761842087144032e-05, 0.00011501735571073368, 1.6187581422855146e-05, 1.7778551409719512e-05]","[0.4949101209640503, 0.08115019649267197, 0.42393967509269714]","[0.4949101209640503, 0.08115019649267197, 0.42393967509269714]",False,YALAN,UYARI,False,False,4925.138499995228,"{""K1_input_and_readiness"": 0.05570001667365432, ""K7_context"": 0.007199996616691351, ""K1_normalization"": 0.009400013368576765, ""K6_advisory"": 36.36259998893365, ""K1_intent"": 0.044199987314641476, ""K2_retrieval"": 200.21270000142977, ""K3_reranker"": 4042.969300004188, ""K8_weighted_ranking"": 1.5878999838605523, ""K3_candidate_filters"": 7.226600020658225, ""K9_advisory_consensus"": 0.008400005754083395, ""K4_nli_and_bypass_check"": 389.916300016921, ""K5_decision"": 241.97889998322353}",8180
FACTURK-0112,YALAN,"[732, 25455, 29599, 1759, 21500, 9150, 22218, 28014, 25225, 9022, 3897, 14989, 18113, 16889, 3817, 28629, 2244, 20449, 29881, 3236]","[0.01411789283156395, 3.144662332488224e-05, 8.092757343547419e-05, 0.0003640086797531694, 0.0004124558763578534, 0.00034329999471083283, 0.0022170129232108593, 0.0005357805639505386, 0.0792103186249733, 0.0026522595435380936, 0.0003077430883422494, 2.1444948288262822e-05, 6.402006692951545e-05, 1.6061610949691385e-05, 1.7366719475830905e-05, 0.004718369338661432, 2.030369250860531e-05, 0.011288073845207691, 0.0008167381165549159, 0.014615669846534729]","[0.0018614503787830472, 0.9963950514793396, 0.0017435129266232252]","[0.0018614503787830472, 0.9963950514793396, 0.0017435129266232252]",False,YETERSİZ VERİ,RET,True,False,4529.643599991687,"{""K1_input_and_readiness"": 0.05789997521787882, ""K7_context"": 0.001800013706088066, ""K1_normalization"": 0.011599971912801266, ""K6_advisory"": 36.38479998335242, ""K1_intent"": 0.03860000288113952, ""K2_retrieval"": 226.60980001091957, ""K3_reranker"": 3112.6747999805957, ""K8_weighted_ranking"": 1.0128000285476446, ""K3_candidate_filters"": 5.910699954256415, ""K9_advisory_consensus"": 0.006099988240748644, ""K4_nli_and_bypass_check"": 588.6013000272214, ""K5_decision"": 554.9050000263378}",25225
FACTURK-0113,YALAN,"[19837, 4795, 2541, 6925, 13875, 18085, 6943, 19262, 27180, 29858, 23531, 18938, 19563, 3161, 1938, 23520, 19311, 23314, 26919, 7248]","[0.9930152893066406, 0.0004108485300093889, 0.0011649561347439885, 8.481103577651083e-05, 0.0003225071995984763, 0.000628784007858485, 9.610241977497935e-05, 1.6061610949691385e-05, 3.0006618544575758e-05, 7.031184941297397e-05, 0.009633651934564114, 0.0005254230927675962, 0.000471011851914227, 0.0002269338583573699, 0.0014664583140984178, 5.34913269802928e-05, 0.0006641048239544034, 0.0015011823270469904, 6.108854722697288e-05, 0.0003275842755101621]","[0.9977898597717285, 0.0008241494651883841, 0.0013859672471880913]","[0.9977898597717285, 0.0008241494651883841, 0.0013859672471880913]",False,YALAN,UYARI,False,False,2692.7484999760054,"{""K1_input_and_readiness"": 0.05360000068321824, ""K7_context"": 0.001700012944638729, ""K1_normalization"": 0.010700023267418146, ""K6_advisory"": 35.268699983134866, ""K1_intent"": 0.0363999861292541, ""K2_retrieval"": 188.36430000374094, ""K3_reranker"": 2205.614099977538, ""K8_weighted_ranking"": 1.1890999739989638, ""K3_candidate_filters"": 6.278900022152811, ""K9_advisory_consensus"": 0.00790000194683671, ""K4_nli_and_bypass_check"": 142.39390002330765, ""K5_decision"": 110.53130001528189}",19837
FACTURK-0114,DOĞRU,"[2337, 10107, 20087, 5659, 11733, 26450, 926, 21058, 7457, 29590, 22552, 5710, 18468, 5023, 14246, 28547, 6014, 22248, 28225, 4596]","[1.9833367332466878e-05, 2.1112482500029728e-05, 1.6187581422855146e-05, 0.02655657008290291, 0.00010310211655450985, 1.8486754925106652e-05, 0.0007554056355729699, 0.001269364496693015, 1.6442494597868063e-05, 1.6061610949691385e-05, 0.0006142272031866014, 0.0007379196467809379, 0.0036499870475381613, 0.0010202174307778478, 0.00019411319226492196, 8.547616744181141e-05, 2.3369333575828932e-05, 0.0008459375239908695, 0.0001500056532677263, 1.6442494597868063e-05]","[0.001905465149320662, 0.99346923828125, 0.0046253022737801075]","[0.001905465149320662, 0.99346923828125, 0.0046253022737801075]",False,YALAN,UYARI,False,False,2084.255599998869,"{""K1_input_and_readiness"": 0.04610000178217888, ""K7_context"": 0.001400010660290718, ""K1_normalization"": 0.009000010322779417, ""K6_advisory"": 32.821100030560046, ""K1_intent"": 0.049600028432905674, ""K2_retrieval"": 186.23059999663383, ""K3_reranker"": 1803.4255999955349, ""K8_weighted_ranking"": 1.1138999834656715, ""K3_candidate_filters"": 6.336099992040545, ""K9_advisory_consensus"": 0.007099995855242014, ""K4_nli_and_bypass_check"": 50.88140000589192, ""K5_decision"": 0.14519999967887998}",5659
FACTURK-0115,DOĞRU,"[20266, 26089, 28144, 5342, 3451, 17922, 11125, 11058, 12715, 13893, 7924, 18311, 21954, 18809, 15962, 18561, 18468, 1887, 9006, 11370]","[0.22151906788349152, 0.014392335899174213, 0.07237401604652405, 3.8229114579735324e-05, 0.007999754510819912, 0.006314364727586508, 0.03594832494854927, 0.03481519594788551, 0.0036499870475381613, 0.010902374982833862, 0.002693914109840989, 0.03963883966207504, 1.9073577277595177e-05, 0.0016941031208261847, 0.0035243413876742125, 0.004773722495883703, 0.5179519057273865, 0.020527787506580353, 0.013171950355172157, 0.0002234163403045386]","[0.0032047946006059647, 0.03190163895487785, 0.9648935794830322]","[0.0032047946006059647, 0.03190163895487785, 0.9648935794830322]",False,DOĞRU,ONAY,False,False,3080.4918999783695,"{""K1_input_and_readiness"": 0.04280003486201167, ""K7_context"": 0.001400010660290718, ""K1_normalization"": 0.008300004992634058, ""K6_advisory"": 33.207900007255375, ""K1_intent"": 0.034100026823580265, ""K2_retrieval"": 210.55589994648471, ""K3_reranker"": 2131.043099972885, ""K8_weighted_ranking"": 1.0497000184841454, ""K3_candidate_filters"": 5.814999982248992, ""K9_advisory_consensus"": 0.006799993570894003, ""K4_nli_and_bypass_check"": 374.7563000069931, ""K5_decision"": 320.4837999655865}",20266
FACTURK-0116,DOĞRU,"[1945, 8849, 12063, 6336, 426, 26995, 8456, 28690, 12150, 26171, 2244, 3236, 18570, 2496, 30356, 11846, 25255, 9150, 21827, 17820]","[0.0005658799782395363, 0.004297939129173756, 0.0008525666198693216, 0.0007885457598604262, 0.09653531759977341, 1.67014204635052e-05, 0.0003654328465927392, 0.0018243826925754547, 0.004848532844334841, 0.005040702875703573, 0.22000710666179657, 0.0015070488443598151, 0.00010472556459717453, 5.694102947018109e-05, 0.002058753278106451, 0.0018748616566881537, 0.18315489590168, 0.027585282921791077, 0.0007236572564579546, 0.0018969200318679214]","[0.0015006429748609662, 0.9978535771369934, 0.0006457300041802227]","[0.0015006429748609662, 0.9978535771369934, 0.0006457300041802227]",False,YALAN,UYARI,False,False,3472.8147000423633,"{""K1_input_and_readiness"": 0.06619998021051288, ""K7_context"": 0.001800013706088066, ""K1_normalization"": 0.01580000389367342, ""K6_advisory"": 34.94670003419742, ""K1_intent"": 0.04510005237534642, ""K2_retrieval"": 236.95890000090003, ""K3_reranker"": 2568.428899976425, ""K8_weighted_ranking"": 1.4017000212334096, ""K3_candidate_filters"": 6.754399975761771, ""K9_advisory_consensus"": 0.007399998139590025, ""K4_nli_and_bypass_check"": 347.39049995550886, ""K5_decision"": 273.2646000222303}",2244
FACTURK-0117,DOĞRU,"[7705, 20071, 27096, 331, 15691, 17337, 24780, 9507, 6967, 9627, 1922, 29985, 18686, 16063, 6800, 3689, 25459, 26494, 25822, 22185]","[0.002182716503739357, 0.9931760430335999, 0.0009039677679538727, 0.0001344663032796234, 0.0003150386910419911, 1.6187581422855146e-05, 0.002833849750459194, 0.0046636550687253475, 1.6187581422855146e-05, 1.6442494597868063e-05, 1.9525883544702083e-05, 0.00013765462790615857, 1.6061610949691385e-05, 0.011915022507309914, 0.0041179172694683075, 0.012479699216783047, 1.6061610949691385e-05, 1.9525883544702083e-05, 1.6187581422855146e-05, 0.00013765462790615857]","[0.9980803728103638, 0.0014599153073504567, 0.00045973865780979395]","[0.9980803728103638, 0.0014599153073504567, 0.00045973865780979395]",False,YETERSİZ VERİ,KISMI,True,False,3068.096600007266,"{""K1_input_and_readiness"": 0.047600013203918934, ""K7_context"": 0.001600012183189392, ""K1_normalization"": 0.01939997309818864, ""K6_advisory"": 34.59880000445992, ""K1_intent"": 0.06710004527121782, ""K2_retrieval"": 209.75830004317686, ""K3_reranker"": 2290.6185000319965, ""K8_weighted_ranking"": 1.3806000351905823, ""K3_candidate_filters"": 7.158899970818311, ""K9_advisory_consensus"": 0.007999944500625134, ""K4_nli_and_bypass_check"": 302.28540004463866, ""K5_decision"": 218.7998000299558}",20071
FACTURK-0118,DOĞRU,"[28091, 28559, 12525, 1876, 11311, 18134, 2814, 24153, 27365, 16736, 23462, 16972, 28350, 4325, 16318, 4888, 8519, 22209, 13426, 18137]","[1.8486754925106652e-05, 0.00020825010142289102, 0.001069126301445067, 3.071818719035946e-05, 2.030369250860531e-05, 0.00027372167096473277, 1.6442494597868063e-05, 9.387641330249608e-05, 5.104190859128721e-05, 0.0017342078499495983, 0.0018675660248845816, 1.6442494597868063e-05, 6.657015910604969e-05, 1.6061610949691385e-05, 4.231559796608053e-05, 0.0005907104350626469, 3.244481558795087e-05, 0.00013765462790615857, 0.00035419364576227963, 1.805851934477687e-05]","[0.004159688949584961, 0.9775060415267944, 0.018334226682782173]","[0.004159688949584961, 0.9775060415267944, 0.018334226682782173]",False,YETERSİZ VERİ,RET,True,False,2548.8654000218958,"{""K1_input_and_readiness"": 0.06260001100599766, ""K7_context"": 0.001500011421740055, ""K1_normalization"": 0.010500021744519472, ""K6_advisory"": 35.681000037584454, ""K1_intent"": 0.04160002572461963, ""K2_retrieval"": 232.19909996259958, ""K3_reranker"": 2183.6874000146054, ""K8_weighted_ranking"": 1.121999986935407, ""K3_candidate_filters"": 5.798499973025173, ""K9_advisory_consensus"": 0.006399990525096655, ""K4_nli_and_bypass_check"": 86.84020000509918, ""K5_decision"": 0.3328000311739743}",13426
FACTURK-0119,YALAN,"[2797, 4622, 17381, 25914, 21832, 9192, 24566, 8181, 6688, 17635, 1162, 19995, 19461, 13478, 7592, 24609, 12722, 7301, 29848, 1173]","[0.802710235118866, 0.019870713353157043, 0.012241275049746037, 0.004101929254829884, 0.13546064496040344, 0.015967654064297676, 0.007260866463184357, 0.007999754510819912, 0.0011247574584558606, 1.9073577277595177e-05, 0.0003366621967870742, 0.03185885399580002, 0.0003905139456037432, 2.5466406441410072e-05, 0.7371581792831421, 0.0001344663032796234, 0.002757622394710779, 3.9442587876692414e-05, 2.1278065105434507e-05, 0.015603534877300262]","[0.03915833681821823, 0.9345583319664001, 0.026283251121640205]","[0.03915833681821823, 0.9345583319664001, 0.026283251121640205]",False,YALAN,UYARI,False,False,3655.642599973362,"{""K1_input_and_readiness"": 0.05170004442334175, ""K7_context"": 0.0016999547369778156, ""K1_normalization"": 0.008800008799880743, ""K6_advisory"": 35.71809997083619, ""K1_intent"": 0.03460003063082695, ""K2_retrieval"": 233.6508000153117, ""K3_reranker"": 2579.7523999935947, ""K8_weighted_ranking"": 1.0308999917469919, ""K3_candidate_filters"": 5.5819000117480755, ""K9_advisory_consensus"": 0.007199996616691351, ""K4_nli_and_bypass_check"": 461.1449000076391, ""K5_decision"": 335.3893000166863}",2797
FACTURK-0120,YALAN,"[29281, 3460, 13847, 2660, 21914, 23213, 14534, 30022, 29386, 3872, 29174, 12087, 18134, 19307, 2734, 21737, 7818, 13672, 9185, 19555]","[0.0011972112115472555, 0.005980330519378185, 0.00028462239424698055, 0.01615283451974392, 0.25330647826194763, 0.014842416159808636, 0.00010554686014074832, 0.00032503585680387914, 0.020332353189587593, 0.0002982776495628059, 0.004248078912496567, 8.220189192797989e-05, 0.00014653129619546235, 0.00013658353418577462, 0.0011559007689356804, 0.014559517614543438, 0.0011469158343970776, 6.108854722697288e-05, 2.195349043176975e-05, 4.611274925991893e-05]","[0.013702952302992344, 0.9835616946220398, 0.002735284622758627]","[0.013702952302992344, 0.9835616946220398, 0.002735284622758627]",False,YALAN,UYARI,False,False,4073.0161999817938,"{""K1_input_and_readiness"": 0.053800002206116915, ""K7_context"": 0.0017999554984271526, ""K1_normalization"": 0.01090002479031682, ""K6_advisory"": 34.74800003459677, ""K1_intent"": 0.034699973184615374, ""K2_retrieval"": 205.42269997531548, ""K3_reranker"": 3790.0317999883555, ""K8_weighted_ranking"": 1.1340000201016665, ""K3_candidate_filters"": 5.557399999815971, ""K9_advisory_consensus"": 0.005600042641162872, ""K4_nli_and_bypass_check"": 32.90519997244701, ""K5_decision"": 0.14889996964484453}",21914
FACTURK-0121,YALAN,"[16187, 22249, 16886, 29705, 12851, 14226, 29107, 14580, 8904, 22456, 18398, 3956, 20781, 3485, 19156, 1756, 13967, 9726, 5185, 5010]","[0.05749328061938286, 0.00220838887616992, 0.0031850608065724373, 0.004182493779808283, 0.003736220533028245, 0.002580904169008136, 0.0002982776495628059, 0.011823395267128944, 0.0018172829877585173, 0.01784873753786087, 0.003854363691061735, 0.06608537584543228, 0.13695430755615234, 0.0003199982165824622, 0.00682395463809371, 0.0005636750720441341, 0.0015247863484546542, 2.161314114346169e-05, 0.0038244836032390594, 0.00019411319226492196]","[0.0008848828147165477, 0.9981846213340759, 0.0009304351406171918]","[0.0008848828147165477, 0.9981846213340759, 0.0009304351406171918]",False,YETERSİZ VERİ,RET,True,False,6959.559100039769,"{""K1_input_and_readiness"": 0.09019998833537102, ""K7_context"": 0.001900014467537403, ""K1_normalization"": 0.01999997766688466, ""K6_advisory"": 40.30090000014752, ""K1_intent"": 0.06550003308802843, ""K2_retrieval"": 302.70920001203194, ""K3_reranker"": 4431.409299955703, ""K8_weighted_ranking"": 1.291799999307841, ""K3_candidate_filters"": 6.295500032138079, ""K9_advisory_consensus"": 0.0097999582067132, ""K4_nli_and_bypass_check"": 1174.2007000138983, ""K5_decision"": 1000.2004000125453}",20781
FACTURK-0122,YALAN,"[12539, 5659, 19997, 21058, 19237, 8347, 487, 15780, 29240, 5898, 1090, 6047, 9366, 9150, 27142, 438, 27017, 5535, 15787, 21518]","[0.010735162533819675, 0.24762336909770966, 0.28746768832206726, 0.00033535013790242374, 0.04146226868033409, 0.0039454069919884205, 0.009449081495404243, 0.0006337125087156892, 0.015306354500353336, 0.07490526884794235, 0.012970386072993279, 0.09367800503969193, 0.37159261107444763, 0.6776873469352722, 0.007149102166295052, 0.04328484088182449, 0.0011116681853309274, 0.002074867021292448, 0.009232213720679283, 0.0007613258203491569]","[0.0022356484550982714, 0.9956586360931396, 0.002105752704665065]","[0.0022356484550982714, 0.9956586360931396, 0.002105752704665065]",False,YALAN,UYARI,False,False,2890.1061000069603,"{""K1_input_and_readiness"": 0.06340001709759235, ""K7_context"": 0.0014999532140791416, ""K1_normalization"": 0.012800039257854223, ""K6_advisory"": 36.122300021816045, ""K1_intent"": 0.06990000838413835, ""K2_retrieval"": 274.11359996767715, ""K3_reranker"": 2531.9755999953486, ""K8_weighted_ranking"": 1.381699985358864, ""K3_candidate_filters"": 6.871099991258234, ""K9_advisory_consensus"": 0.007299997378140688, ""K4_nli_and_bypass_check"": 36.04189999168739, ""K5_decision"": 0.22260000696405768}",9150
FACTURK-0123,DOĞRU,"[10651, 15605, 8760, 3595, 8151, 2953, 18454, 24229, 22326, 11310, 19724, 22931, 3806, 18342, 10590, 7694, 19559, 24381, 23061, 29890]","[0.00048029719619080424, 2.355261858610902e-05, 1.6187581422855146e-05, 5.225226777838543e-05, 1.7778551409719512e-05, 3.144662332488224e-05, 5.2662067901110277e-05, 3.095910506090149e-05, 1.6964426322374493e-05, 2.6070309104397893e-05, 5.1845658163074404e-05, 0.00034464316559024155, 1.6964426322374493e-05, 2.9541422918555327e-05, 5.391084778239019e-05, 5.9673518990166485e-05, 0.00017952796770259738, 1.6187581422855146e-05, 4.469407213036902e-05, 4.5044595026411116e-05]","[0.009546345099806786, 0.9467788338661194, 0.04367487505078316]","[0.009546345099806786, 0.9467788338661194, 0.04367487505078316]",False,YALAN,RED,False,False,2669.5403999765404,"{""K1_input_and_readiness"": 0.044199987314641476, ""K7_context"": 0.0014999532140791416, ""K1_normalization"": 0.013500044587999582, ""K6_advisory"": 33.84920000098646, ""K1_intent"": 0.04050001734867692, ""K2_retrieval"": 192.49410001793876, ""K3_reranker"": 1783.5422999924049, ""K8_weighted_ranking"": 1.1215999838896096, ""K3_candidate_filters"": 6.343500048387796, ""K9_advisory_consensus"": 0.006499991286545992, ""K4_nli_and_bypass_check"": 359.0163000044413, ""K5_decision"": 289.33690005214885}",29890
FACTURK-0124,YALAN,"[26587, 30347, 11667, 28347, 27219, 28547, 25127, 2993, 9150, 25098, 15787, 1266, 19035, 28088, 15238, 5512, 25225, 29036, 22504, 15402]","[0.10856642574071884, 0.8879840970039368, 0.07850097864866257, 0.08240150660276413, 0.05644402652978897, 0.12700155377388, 0.03594832494854927, 0.028167473152279854, 0.020371293649077415, 0.0008559006964787841, 0.0011879054363816977, 0.0032224843744188547, 0.00272558256983757, 0.009936418384313583, 0.0007702931761741638, 0.012920473702251911, 0.0017073675990104675, 0.00010804955672938377, 0.06903792917728424, 0.00045474787475541234]","[0.000609537644777447, 0.00036254976294003427, 0.9990279674530029]","[0.000609537644777447, 0.00036254976294003427, 0.9990279674530029]",False,YALAN,RED,False,False,3574.8452999978326,"{""K1_input_and_readiness"": 0.05879998207092285, ""K7_context"": 0.001700012944638729, ""K1_normalization"": 0.011200027074664831, ""K6_advisory"": 32.873100019060075, ""K1_intent"": 0.03850000211969018, ""K2_retrieval"": 191.22559996321797, ""K3_reranker"": 3108.7167999939993, ""K8_weighted_ranking"": 2.0152999786660075, ""K3_candidate_filters"": 9.779000014532357, ""K9_advisory_consensus"": 0.010399962775409222, ""K4_nli_and_bypass_check"": 158.92459999304265, ""K5_decision"": 68.15419998019934}",30347
FACTURK-0125,DOĞRU,"[12715, 2720, 23188, 16369, 3699, 15546, 26306, 28144, 12864, 29036, 11125, 22914, 23090, 9756, 29265, 3104, 18133, 8897, 909, 28442]","[0.9997950196266174, 0.00042887922609224916, 0.0003770285693462938, 0.00018814207578543574, 3.144662332488224e-05, 0.026105914264917374, 0.0029008574783802032, 0.01808999478816986, 0.012100386433303356, 1.7778551409719512e-05, 0.0487670972943306, 0.0008295892039313912, 0.0002591582597233355, 1.6061610949691385e-05, 0.0031115086749196053, 0.0001195985751110129, 0.00027586790383793414, 0.000437334441812709, 0.00021654405281879008, 4.757645365316421e-05]",null,"[1.0, 0.0, 0.0]",True,YETERSİZ VERİ,KISMI,True,False,2432.37350002164,"{""K1_input_and_readiness"": 0.07059995550662279, ""K7_context"": 0.001600012183189392, ""K1_normalization"": 0.011000025551766157, ""K6_advisory"": 36.21370001928881, ""K1_intent"": 0.053800002206116915, ""K2_retrieval"": 219.1214000340551, ""K3_reranker"": 2164.6979000070132, ""K8_weighted_ranking"": 1.4150000060908496, ""K3_candidate_filters"": 6.96510000852868, ""K9_advisory_consensus"": 0.008300004992634058, ""K4_nli_and_bypass_check"": 0.3719999804161489, ""K5_decision"": 0.3787000314332545}",12715
FACTURK-0126,DOĞRU,"[9119, 19662, 23230, 15235, 21520, 13820, 13644, 12688, 10667, 676, 20628, 1147, 26014, 25659, 28915, 19432, 22737, 1734, 6218, 11379]","[0.6952345967292786, 0.7490872144699097, 0.05174953490495682, 0.024283869192004204, 0.0015307451831176877, 2.161314114346169e-05, 0.00028462239424698055, 0.0013198634842410684, 0.002736221067607403, 0.010408313944935799, 1.967902426258661e-05, 0.00013135180051904172, 0.0012448433553799987, 1.805851934477687e-05, 9.685608529252931e-05, 0.002580904169008136, 1.6314539607265033e-05, 0.00010071400902234018, 0.017176708206534386, 0.0010403185151517391]","[0.002835658611729741, 0.9959625601768494, 0.001201801816932857]","[0.002835658611729741, 0.9959625601768494, 0.001201801816932857]",False,YALAN,RED,False,False,2810.1286999881268,"{""K1_input_and_readiness"": 0.04819995956495404, ""K7_context"": 0.001700012944638729, ""K1_normalization"": 0.010000017937272787, ""K6_advisory"": 36.05490003246814, ""K1_intent"": 0.06510003004223108, ""K2_retrieval"": 199.64000000618398, ""K3_reranker"": 2050.314399995841, ""K8_weighted_ranking"": 1.1564999585971236, ""K3_candidate_filters"": 7.012000016402453, ""K9_advisory_consensus"": 0.011999974958598614, ""K4_nli_and_bypass_check"": 271.9075999921188, ""K5_decision"": 240.75779999839142}",19662
FACTURK-0127,YALAN,"[22334, 27788, 4506, 12839, 28563, 20747, 29121, 23205, 6377, 17727, 17546, 848, 7517, 10970, 20051, 29643, 24584, 14452, 6055, 12587]","[0.007204769179224968, 0.0005254230927675962, 0.20275871455669403, 0.0032350558321923018, 0.030329255387187004, 2.6688529032981023e-05, 0.019345102831721306, 0.0017207354540005326, 0.002746900776401162, 0.02013874053955078, 2.586742994026281e-05, 2.1444948288262822e-05, 0.0001956353517016396, 2.0462934116949327e-05, 0.0026730059180408716, 0.004331501666456461, 0.002511463360860944, 0.00032503585680387914, 0.0005233757547102869, 0.004736748989671469]","[0.023254530504345894, 0.09827551990747452, 0.8784699440002441]","[0.023254530504345894, 0.09827551990747452, 0.8784699440002441]",False,DOĞRU,ONAY,False,False,6022.788200003561,"{""K1_input_and_readiness"": 0.07379997987300158, ""K7_context"": 0.001700012944638729, ""K1_normalization"": 0.015099998563528061, ""K6_advisory"": 35.656900028698146, ""K1_intent"": 0.04199997056275606, ""K2_retrieval"": 274.669400008861, ""K3_reranker"": 3364.3832999514416, ""K8_weighted_ranking"": 1.2026000185869634, ""K3_candidate_filters"": 5.974099971354008, ""K9_advisory_consensus"": 0.006299989763647318, ""K4_nli_and_bypass_check"": 1217.8994999849238, ""K5_decision"": 1119.8196999612264}",12587
FACTURK-0128,DOĞRU,"[8680, 2959, 21756, 28795, 14162, 18170, 8377, 27894, 228, 18569, 25225, 96, 21222, 21518, 15487, 635, 22331, 30136, 27443, 9959]","[0.009633651934564114, 0.0024154833517968655, 0.0002472934720572084, 0.0020911062601953745, 0.0005838325014337897, 4.101373633602634e-05, 4.400118632474914e-05, 0.0003301527176517993, 0.00017536994710098952, 0.0003697388747241348, 0.00010804955672938377, 0.0002396868512732908, 1.6061610949691385e-05, 0.0002802109520416707, 1.7366719475830905e-05, 0.01851104572415352, 3.4537253668531775e-05, 7.843789353501052e-05, 0.009974920190870762, 1.7231572201126255e-05]","[0.0017653651302680373, 0.9973553419113159, 0.0008792865555733442]","[0.0017653651302680373, 0.9973553419113159, 0.0008792865555733442]",False,YALAN,UYARI,False,False,4662.176900019404,"{""K1_input_and_readiness"": 0.06809999467805028, ""K7_context"": 0.001300009898841381, ""K1_normalization"": 0.011299969628453255, ""K6_advisory"": 36.27359995152801, ""K1_intent"": 0.049600028432905674, ""K2_retrieval"": 250.1489999704063, ""K3_reranker"": 2563.411900016945, ""K8_weighted_ranking"": 1.2166999513283372, ""K3_candidate_filters"": 6.165200029499829, ""K9_advisory_consensus"": 0.006499991286545992, ""K4_nli_and_bypass_check"": 960.3873000014573, ""K5_decision"": 841.4072999730706}",635
FACTURK-0129,DOĞRU,"[28243, 11814, 10694, 12, 22144, 21277, 19300, 6641, 5132, 23030, 11854, 22441, 13233, 18032, 22700, 29985, 29285, 20444, 7, 9810]","[0.011823395267128944, 0.011419613845646381, 0.0004013350699096918, 5.1845658163074404e-05, 2.411113746347837e-05, 0.00045121065340936184, 1.7097478121286258e-05, 0.09451042860746384, 0.006666931323707104, 0.00035557945375330746, 1.6061610949691385e-05, 6.108854722697288e-05, 1.6964426322374493e-05, 0.005934066604822874, 0.0005013742484152317, 0.0006411777576431632, 0.0002472934720572084, 2.2827996872365475e-05, 0.002296159043908119, 0.0005747861578129232]","[0.005380566697567701, 0.9914302229881287, 0.0031892028637230396]","[0.005380566697567701, 0.9914302229881287, 0.0031892028637230396]",False,YALAN,UYARI,False,False,3222.6609000354074,"{""K1_input_and_readiness"": 0.05530001362785697, ""K7_context"": 0.001600012183189392, ""K1_normalization"": 0.011199968867003918, ""K6_advisory"": 36.66569996858016, ""K1_intent"": 0.039700011257082224, ""K2_retrieval"": 214.82229995308444, ""K3_reranker"": 2212.2074000071734, ""K8_weighted_ranking"": 1.2996000004932284, ""K3_candidate_filters"": 6.237600056920201, ""K9_advisory_consensus"": 0.006699992809444666, ""K4_nli_and_bypass_check"": 388.9408999821171, ""K5_decision"": 357.91479999898}",11814
FACTURK-0130,DOĞRU,"[6386, 27763, 18172, 6553, 5998, 6760, 29080, 16567, 4885, 27830, 28419, 12587, 27355, 23936, 29862, 1507, 4267, 13261, 7228, 6980]","[0.0018602986820042133, 0.0030753696337342262, 0.04107588902115822, 0.0006462032906711102, 0.0006487307837232947, 2.0785171727766283e-05, 0.0036499870475381613, 1.683241134742275e-05, 4.400118632474914e-05, 0.0016103574307635427, 0.045777276158332825, 0.0023141263518482447, 0.0011972112115472555, 0.0005233757547102869, 0.001052568550221622, 0.0020911062601953745, 0.00023050670279189944, 2.732141365413554e-05, 1.6187581422855146e-05, 2.6070309104397893e-05]","[0.002712753601372242, 0.9459691047668457, 0.05131809413433075]","[0.002712753601372242, 0.9459691047668457, 0.05131809413433075]",False,YALAN,UYARI,False,False,3695.647699991241,"{""K1_input_and_readiness"": 0.0751999905332923, ""K7_context"": 0.0016999547369778156, ""K1_normalization"": 0.011800031643360853, ""K6_advisory"": 36.28619998926297, ""K1_intent"": 0.048600020818412304, ""K2_retrieval"": 238.9919999986887, ""K3_reranker"": 2199.4878000114113, ""K8_weighted_ranking"": 1.2365999864414334, ""K3_candidate_filters"": 6.596699997317046, ""K9_advisory_consensus"": 0.02570002106949687, ""K4_nli_and_bypass_check"": 633.5930000059307, ""K5_decision"": 575.9984999895096}",18172
FACTURK-0131,DOĞRU,"[4096, 16306, 13420, 13698, 15585, 15179, 29763, 10479, 21898, 4775, 20151, 2148, 14485, 6205, 18881, 7278, 18071, 25429, 27695, 1127]","[0.010130411013960838, 0.0024343819823116064, 0.00029137005913071334, 2.318747829122003e-05, 1.9988918211311102e-05, 6.657015910604969e-05, 4.1335399146191776e-05, 1.657145367062185e-05, 2.2125668692751788e-05, 0.00020502213737927377, 0.00011323437502142042, 1.7097478121286258e-05, 3.373722574906424e-05, 0.00020988310279790312, 0.00011323437502142042, 3.9135655242716894e-05, 0.004086002707481384, 0.0003006163169629872, 1.6061610949691385e-05, 1.7640199075685814e-05]","[0.0003458969295024872, 0.011140338145196438, 0.9885137677192688]","[0.0003458969295024872, 0.011140338145196438, 0.9885137677192688]",False,YETERSİZ VERİ,KISMI,True,False,2138.896399992518,"{""K1_input_and_readiness"": 0.07210002513602376, ""K7_context"": 0.0018999562598764896, ""K1_normalization"": 0.014499993994832039, ""K6_advisory"": 40.64600000856444, ""K1_intent"": 0.04439998883754015, ""K2_retrieval"": 231.8131999927573, ""K3_reranker"": 1826.6599999624304, ""K8_weighted_ranking"": 1.1760000488720834, ""K3_candidate_filters"": 6.84799998998642, ""K9_advisory_consensus"": 0.007599999662488699, ""K4_nli_and_bypass_check"": 27.963100001215935, ""K5_decision"": 0.3624000237323344}",18071
FACTURK-0132,YALAN,"[22791, 12263, 22149, 18967, 28392, 13927, 26114, 7430, 29016, 14255, 22277, 18697, 19520, 23912, 19238, 10050, 15024, 26861, 24615, 24055]","[0.007039045449346304, 0.009708477184176445, 2.1278065105434507e-05, 0.013376603834331036, 0.0012255674228072166, 0.00013238185783848166, 0.0012065897462889552, 8.614650869276375e-05, 5.738759500673041e-05, 5.391084778239019e-05, 2.0785171727766283e-05, 0.00014091856428422034, 0.0024060888681560755, 2.8632557587116025e-05, 0.0011559007689356804, 1.6061610949691385e-05, 0.0029810327105224133, 1.805851934477687e-05, 1.6187581422855146e-05, 0.00013552077871281654]","[0.00027685993700288236, 0.9994361996650696, 0.00028693603235296905]","[0.00027685993700288236, 0.9994361996650696, 0.00028693603235296905]",False,YETERSİZ VERİ,RET,True,False,2569.3180999951437,"{""K1_input_and_readiness"": 0.06649998249486089, ""K7_context"": 0.002100015990436077, ""K1_normalization"": 0.011899974197149277, ""K6_advisory"": 36.055499978829175, ""K1_intent"": 0.05089998012408614, ""K2_retrieval"": 226.935799990315, ""K3_reranker"": 2272.4675000063144, ""K8_weighted_ranking"": 1.1163000017404556, ""K3_candidate_filters"": 5.808899994008243, ""K9_advisory_consensus"": 0.006099988240748644, ""K4_nli_and_bypass_check"": 23.448500025551766, ""K5_decision"": 0.15850004274398088}",19238
FACTURK-0133,DOĞRU,"[6132, 26308, 9730, 14189, 17729, 2146, 11414, 24289, 27651, 14817, 6823, 882, 26178, 13225, 3844, 12897, 25503, 24673, 7355, 16976]","[1.6442494597868063e-05, 0.00025714197545312345, 1.657145367062185e-05, 0.019419347867369652, 0.0006070755189284682, 0.007577241398394108, 1.6314539607265033e-05, 1.6187581422855146e-05, 0.0002131875662598759, 1.9988918211311102e-05, 1.6061610949691385e-05, 1.6314539607265033e-05, 1.6187581422855146e-05, 1.7097478121286258e-05, 1.683241134742275e-05, 1.657145367062185e-05, 1.6314539607265033e-05, 1.6314539607265033e-05, 1.6061610949691385e-05, 2.4876489987946115e-05]","[0.0015019719721749425, 0.9978095889091492, 0.0006885016337037086]","[0.0015019719721749425, 0.9978095889091492, 0.0006885016337037086]",False,YETERSİZ VERİ,RET,True,False,2871.202100010123,"{""K1_input_and_readiness"": 0.04360004095360637, ""K7_context"": 0.0014999532140791416, ""K1_normalization"": 0.008500006515532732, ""K6_advisory"": 35.37500003585592, ""K1_intent"": 0.051200040616095066, ""K2_retrieval"": 177.14479996357113, ""K3_reranker"": 2025.6878000218421, ""K8_weighted_ranking"": 1.2465000036172569, ""K3_candidate_filters"": 6.60650001373142, ""K9_advisory_consensus"": 0.007299997378140688, ""K4_nli_and_bypass_check"": 320.31509996159, ""K5_decision"": 301.7280999920331}",14189
FACTURK-0134,DOĞRU,"[4929, 15860, 1632, 4441, 252, 249, 16304, 13106, 3328, 3266, 5917, 11794, 16999, 101, 17608, 29203, 51, 7237, 9640, 16233]","[0.005119676236063242, 0.0004044814850203693, 3.4001819585682824e-05, 1.6442494597868063e-05, 0.00015720345254521817, 8.957788668340072e-05, 0.00032503585680387914, 0.0004494523163884878, 0.0009735437924973667, 0.00015356240328401327, 0.0003225071995984763, 3.024195939360652e-05, 3.1941821362124756e-05, 4.400118632474914e-05, 1.6187581422855146e-05, 1.6187581422855146e-05, 3.975192521465942e-05, 0.0009510130621492863, 0.0003611769643612206, 1.6187581422855146e-05]","[0.00439844885841012, 0.9906463623046875, 0.004955215845257044]","[0.00439844885841012, 0.9906463623046875, 0.004955215845257044]",False,YETERSİZ VERİ,RET,True,False,3255.772700009402,"{""K1_input_and_readiness"": 0.04199997056275606, ""K7_context"": 0.001400010660290718, ""K1_normalization"": 0.009499955922365189, ""K6_advisory"": 33.81290001561865, ""K1_intent"": 0.03309996100142598, ""K2_retrieval"": 250.70259999483824, ""K3_reranker"": 2288.67729997728, ""K8_weighted_ranking"": 1.2240000069141388, ""K3_candidate_filters"": 5.913899978622794, ""K9_advisory_consensus"": 0.00589998671784997, ""K4_nli_and_bypass_check"": 361.72779998742044, ""K5_decision"": 309.96810004580766}",3328
FACTURK-0135,DOĞRU,"[26308, 9635, 14917, 24289, 9730, 2146, 15631, 14189, 26178, 16493, 29037, 10297, 27200, 19084, 6166, 2319, 4489, 21673, 21168, 14817]","[4.5044595026411116e-05, 0.0007437028689309955, 2.977311669383198e-05, 3.0006618544575758e-05, 1.6442494597868063e-05, 0.0003150386910419911, 1.892514956125524e-05, 0.0011649561347439885, 1.6442494597868063e-05, 1.657145367062185e-05, 1.6442494597868063e-05, 0.0005274784052744508, 1.6187581422855146e-05, 1.6061610949691385e-05, 0.00838045310229063, 2.449082603561692e-05, 3.1201914680423215e-05, 1.6964426322374493e-05, 1.6187581422855146e-05, 1.6442494597868063e-05]","[0.28312796354293823, 0.7003723382949829, 0.01649971306324005]","[0.28312796354293823, 0.7003723382949829, 0.01649971306324005]",False,YALAN,RED,False,False,2360.0821000291035,"{""K1_input_and_readiness"": 0.04499999340623617, ""K7_context"": 0.001600012183189392, ""K1_normalization"": 0.008500006515532732, ""K6_advisory"": 35.69440002320334, ""K1_intent"": 0.03579998156055808, ""K2_retrieval"": 213.82110001286492, ""K3_reranker"": 1500.8937999955378, ""K8_weighted_ranking"": 1.3078000047244132, ""K3_candidate_filters"": 6.749499996658415, ""K9_advisory_consensus"": 0.008800008799880743, ""K4_nli_and_bypass_check"": 320.3374000149779, ""K5_decision"": 278.004800027702}",14189
FACTURK-0136,DOĞRU,"[26917, 8611, 22295, 15561, 18562, 20689, 30144, 10919, 21508, 22219, 1536, 30006, 10476, 2690, 11686, 27788, 12371, 18202, 21789, 28373]","[0.9982993006706238, 2.4682904040673748e-05, 9.7615658887662e-05, 8.818923379294574e-05, 0.004700060468167067, 2.6480842279852368e-05, 0.0004565269045997411, 0.0001559802913106978, 5.920916373725049e-05, 1.7097478121286258e-05, 2.1278065105434507e-05, 0.00011866796558024362, 1.9373936083866283e-05, 0.0003640086797531694, 1.6442494597868063e-05, 0.0013302015140652657, 5.920916373725049e-05, 0.0015427322359755635, 1.6061610949691385e-05, 0.0018748616566881537]",null,"[1.0, 0.0, 0.0]",True,DOĞRU,ONAY,False,False,2341.393299982883,"{""K1_input_and_readiness"": 0.040499959141016006, ""K7_context"": 0.001500011421740055, ""K1_normalization"": 0.008300004992634058, ""K6_advisory"": 34.98910000780597, ""K1_intent"": 0.06049999501556158, ""K2_retrieval"": 197.1004999941215, ""K3_reranker"": 2096.6875999583863, ""K8_weighted_ranking"": 1.3535000034607947, ""K3_candidate_filters"": 7.164800015743822, ""K9_advisory_consensus"": 0.00790000194683671, ""K4_nli_and_bypass_check"": 0.22109999554231763, ""K5_decision"": 0.29690004885196686}",26917
FACTURK-0137,YALAN,"[9507, 28629, 3451, 26891, 25228, 29881, 27698, 16150, 1499, 9150, 21467, 25098, 11125, 2858, 1701, 27136, 9220, 17721, 2993, 27696]","[0.4928402900695801, 0.12787027657032013, 0.11930549889802933, 0.013480102643370628, 0.7293270230293274, 0.257951945066452, 0.3396085798740387, 0.0634823590517044, 0.00651349825784564, 0.06301946938037872, 0.07211220264434814, 0.003678509034216404, 0.324556440114975, 0.002704429440200329, 0.052134256809949875, 0.002560870721936226, 0.11240508407354355, 0.07892588526010513, 0.1257079392671585, 0.06730107218027115]","[0.035925544798374176, 0.8821566700935364, 0.08191774040460587]","[0.035925544798374176, 0.8821566700935364, 0.08191774040460587]",False,YALAN,UYARI,False,False,3705.980099970475,"{""K1_input_and_readiness"": 0.05530001362785697, ""K7_context"": 0.001900014467537403, ""K1_normalization"": 0.011000025551766157, ""K6_advisory"": 35.57210002327338, ""K1_intent"": 0.037699996028095484, ""K2_retrieval"": 213.13069999450818, ""K3_reranker"": 2846.5543999918737, ""K8_weighted_ranking"": 1.1375999893061817, ""K3_candidate_filters"": 6.618899991735816, ""K9_advisory_consensus"": 0.012500036973506212, ""K4_nli_and_bypass_check"": 317.4468000070192, ""K5_decision"": 282.1105999755673}",25228
FACTURK-0138,YALAN,"[21065, 12157, 5506, 22743, 6499, 2442, 7295, 19448, 6336, 11706, 20685, 704, 23882, 12146, 6538, 26727, 28424, 4410, 3213, 9503]","[0.00079783343244344, 0.0007916296017356217, 0.0002002737601287663, 1.9373936083866283e-05, 0.00415008096024394, 1.805851934477687e-05, 2.094818773912266e-05, 0.00016603845870122313, 1.657145367062185e-05, 0.003087369492277503, 1.9988918211311102e-05, 0.0029464049730449915, 0.00011147904297104105, 0.0014381353976204991, 2.710879925871268e-05, 0.0011291546979919076, 0.0007124459953047335, 0.0002891032490879297, 0.00046190584544092417, 1.9073577277595177e-05]","[0.0004386490036267787, 0.002948760986328125, 0.9966126084327698]","[0.0004386490036267787, 0.002948760986328125, 0.9966126084327698]",False,YALAN,RED,False,False,5065.3461999609135,"{""K1_input_and_readiness"": 0.05319999763742089, ""K7_context"": 0.0014999532140791416, ""K1_normalization"": 0.01090002479031682, ""K6_advisory"": 36.658399971202016, ""K1_intent"": 0.04899996565654874, ""K2_retrieval"": 234.59840001305565, ""K3_reranker"": 3545.022100035567, ""K8_weighted_ranking"": 1.4211999950930476, ""K3_candidate_filters"": 6.799999973736703, ""K9_advisory_consensus"": 0.008000002708286047, ""K4_nli_and_bypass_check"": 661.0743000055663, ""K5_decision"": 574.3802000069991}",6499
FACTURK-0139,DOĞRU,"[453, 373, 29892, 4102, 11509, 13268, 6855, 2140, 25796, 984, 5291, 2792, 3644, 24002, 22840, 28129, 1130, 22356, 25726, 12713]","[4.757645365316421e-05, 0.0006070755189284682, 9.610241977497935e-05, 0.00015356240328401327, 0.11930549889802933, 0.00018814207578543574, 2.6274772608303465e-05, 6.922183820279315e-05, 3.1693256460130215e-05, 0.0017614696407690644, 0.000706905557308346, 0.0005193048855289817, 5.225226777838543e-05, 0.034358687698841095, 7.9673009167891e-05, 0.00035557945375330746, 0.0008864988922141492, 1.6314539607265033e-05, 0.0012497093994170427, 1.6964426322374493e-05]","[0.007191152311861515, 0.9914445281028748, 0.0013643188867717981]","[0.007191152311861515, 0.9914445281028748, 0.0013643188867717981]",False,YETERSİZ VERİ,RET,True,False,2990.8081000321545,"{""K1_input_and_readiness"": 0.09059999138116837, ""K7_context"": 0.0029999646358191967, ""K1_normalization"": 0.02010003663599491, ""K6_advisory"": 38.66419999394566, ""K1_intent"": 0.07339997682720423, ""K2_retrieval"": 236.0544999828562, ""K3_reranker"": 2206.0226000030525, ""K8_weighted_ranking"": 1.0597999789752066, ""K3_candidate_filters"": 5.689700017683208, ""K9_advisory_consensus"": 0.0247000134550035, ""K4_nli_and_bypass_check"": 248.8702000118792, ""K5_decision"": 251.28209998365492}",11509
FACTURK-0140,YALAN,"[81, 28, 156, 247, 12851, 29239, 2953, 27663, 8904, 1838, 17481, 13967, 1111, 29338, 4549, 29090, 4224, 17197, 25162, 20781]","[0.5354627966880798, 0.4037431478500366, 0.10932482779026031, 0.11260009557008743, 1.892514956125524e-05, 6.814872176619247e-05, 7.368592923739925e-05, 2.4876489987946115e-05, 7.368592923739925e-05, 0.000638679601252079, 8.092757343547419e-05, 0.0001387341326335445, 3.852893496514298e-05, 0.0019043302163481712, 1.7640199075685814e-05, 4.469407213036902e-05, 0.0006411777576431632, 5.2662067901110277e-05, 5.34913269802928e-05, 8.092757343547419e-05]","[0.02783452905714512, 0.9690607786178589, 0.0031046115327626467]","[0.02783452905714512, 0.9690607786178589, 0.0031046115327626467]",False,YETERSİZ VERİ,RET,True,False,2918.471699988004,"{""K1_input_and_readiness"": 0.07369997911155224, ""K7_context"": 0.0024999608285725117, ""K1_normalization"": 0.016000005416572094, ""K6_advisory"": 35.873299988452345, ""K1_intent"": 0.041700026486068964, ""K2_retrieval"": 199.81030002236366, ""K3_reranker"": 2260.6869000010192, ""K8_weighted_ranking"": 1.3915000017732382, ""K3_candidate_filters"": 6.798200018238276, ""K9_advisory_consensus"": 0.006999995093792677, ""K4_nli_and_bypass_check"": 252.30910000391304, ""K5_decision"": 158.40600000228733}",81
FACTURK-0141,DOĞRU,"[5257, 2719, 8320, 24669, 17519, 577, 17334, 20080, 23475, 22395, 9722, 29412, 5393, 20845, 23132, 13440, 12704, 13080, 18517, 21778]","[0.01353214867413044, 0.0753123015165329, 0.03810661658644676, 0.13106197118759155, 0.007518718484789133, 0.0017342078499495983, 0.015967654064297676, 0.0004459562187548727, 0.0005213363328948617, 0.003350423648953438, 0.4830387830734253, 4.985958003089763e-05, 0.0004974745097570121, 0.06418264657258987, 6.761842087144032e-05, 0.00010554686014074832, 0.006026951130479574, 0.004433765076100826, 1.657145367062185e-05, 0.10429472476243973]","[0.005497351288795471, 0.7672176957130432, 0.2272849678993225]","[0.005497351288795471, 0.7672176957130432, 0.2272849678993225]",False,YETERSİZ VERİ,RET,True,False,4082.410900038667,"{""K1_input_and_readiness"": 0.06779999239370227, ""K7_context"": 0.001900014467537403, ""K1_normalization"": 0.014699995517730713, ""K6_advisory"": 38.61799999140203, ""K1_intent"": 0.05679996684193611, ""K2_retrieval"": 253.08470003074035, ""K3_reranker"": 3703.176499984693, ""K8_weighted_ranking"": 1.1754000443033874, ""K3_candidate_filters"": 6.442999991122633, ""K9_advisory_consensus"": 0.006999995093792677, ""K4_nli_and_bypass_check"": 76.28000003751367, ""K5_decision"": 0.34229998709633946}",23132
FACTURK-0142,YALAN,"[15675, 23213, 6775, 9003, 25605, 5889, 15848, 28032, 8347, 12726, 14758, 19744, 6336, 27943, 26587, 13341, 13847, 17035, 26694, 13077]","[0.002992665395140648, 0.0001699752756394446, 0.006314364727586508, 0.000317508791340515, 0.0027683854568749666, 0.057918086647987366, 0.004231587518006563, 0.1149633526802063, 0.0030515100806951523, 0.05561760812997818, 0.008950711227953434, 3.9135655242716894e-05, 0.2906787395477295, 0.0015548133524134755, 0.001987774157896638, 0.0001699752756394446, 0.02190636843442917, 0.0003006163169629872, 0.08678673207759857, 0.0015070488443598151]","[0.0011427059071138501, 0.9981951117515564, 0.0006622487562708557]","[0.0011427059071138501, 0.9981951117515564, 0.0006622487562708557]",False,YALAN,UYARI,False,False,4229.499200009741,"{""K1_input_and_readiness"": 0.06749999010935426, ""K7_context"": 0.001400010660290718, ""K1_normalization"": 0.012199976481497288, ""K6_advisory"": 35.690999997314066, ""K1_intent"": 0.04569999873638153, ""K2_retrieval"": 351.9571000360884, ""K3_reranker"": 3750.7340000011027, ""K8_weighted_ranking"": 1.1842999956570566, ""K3_candidate_filters"": 5.792299984022975, ""K9_advisory_consensus"": 0.006099988240748644, ""K4_nli_and_bypass_check"": 80.70049999514595, ""K5_decision"": 0.19429996609687805}",6336
FACTURK-0143,DOĞRU,"[8560, 27311, 13070, 27133, 10235, 21320, 29684, 21689, 21260, 2568, 3622, 19477, 28673, 23928, 18168, 22012, 6376, 9351, 26777, 11335]","[0.9630224108695984, 0.002225670963525772, 0.0022170129232108593, 0.01196109689772129, 0.0006411777576431632, 3.852893496514298e-05, 8.092757343547419e-05, 1.9988918211311102e-05, 0.0014269596431404352, 0.0007524627726525068, 0.0023141263518482447, 9.242113446816802e-05, 6.814872176619247e-05, 0.0009290033485740423, 0.0003150386910419911, 0.00035557945375330746, 3.6764631659025326e-05, 3.4808123018592596e-05, 2.7535690605873242e-05, 0.0002415662893326953]","[0.9991994500160217, 0.0002964957384392619, 0.0005041278200224042]","[0.9991994500160217, 0.0002964957384392619, 0.0005041278200224042]",False,DOĞRU,ONAY,False,False,3938.1004000315443,"{""K1_input_and_readiness"": 0.05819997750222683, ""K7_context"": 0.001400010660290718, ""K1_normalization"": 0.011300027836114168, ""K6_advisory"": 34.433300024829805, ""K1_intent"": 0.05490001058205962, ""K2_retrieval"": 248.03480005357414, ""K3_reranker"": 2904.9950999906287, ""K8_weighted_ranking"": 1.0808000224642456, ""K3_candidate_filters"": 6.049900024663657, ""K9_advisory_consensus"": 0.006599992047995329, ""K4_nli_and_bypass_check"": 398.6954999854788, ""K5_decision"": 341.0406000330113}",8560
FACTURK-0144,YALAN,"[487, 6047, 8347, 21058, 22218, 13989, 257, 29240, 4682, 21822, 30219, 2874, 19258, 1272, 22050, 2498, 2959, 19827, 19237, 15874]","[0.8293538093566895, 0.22253112494945526, 0.008315778337419033, 0.00041894835885614157, 0.12095703184604645, 0.1378803551197052, 0.00048029719619080424, 0.004848532844334841, 0.00045474787475541234, 0.026056302711367607, 0.09859886765480042, 0.04008735716342926, 0.03527754917740822, 0.10052486509084702, 0.5560681223869324, 0.007149102166295052, 0.9527502655982971, 0.03155902028083801, 0.011288073845207691, 0.000552778656128794]","[0.000842880574055016, 0.9986233711242676, 0.0005337520269677043]","[0.000842880574055016, 0.9986233711242676, 0.0005337520269677043]",False,YALAN,UYARI,False,False,3507.8070999588817,"{""K1_input_and_readiness"": 0.08630001684650779, ""K7_context"": 0.002300017513334751, ""K1_normalization"": 0.01829996472224593, ""K6_advisory"": 36.61690000444651, ""K1_intent"": 0.06130000110715628, ""K2_retrieval"": 296.55450000427663, ""K3_reranker"": 3086.56249998603, ""K8_weighted_ranking"": 1.1062999838031828, ""K3_candidate_filters"": 6.160999997518957, ""K9_advisory_consensus"": 0.00689999433234334, ""K4_nli_and_bypass_check"": 77.42249994771555, ""K5_decision"": 0.1922000083141029}",2959
FACTURK-0145,YALAN,"[686, 20525, 16193, 12882, 1493, 3408, 28437, 577, 27974, 22943, 1860, 21547, 27847, 1499, 12504, 4452, 2660, 13048, 8304, 21154]","[0.001299427472986281, 1.6061610949691385e-05, 0.0003275842755101621, 7.484622619813308e-05, 0.0010242064017802477, 0.0002472934720572084, 0.0006411777576431632, 0.00015356240328401327, 7.086326513672248e-05, 0.0020507434383034706, 0.0007264875457622111, 0.000192602863535285, 0.005021149758249521, 0.008093290030956268, 1.6061610949691385e-05, 0.00046010586083866656, 3.7931622500764206e-05, 0.0011116681853309274, 0.0003905139456037432, 1.9833367332466878e-05]","[0.002030684147030115, 0.9966076612472534, 0.0013616118812933564]","[0.002030684147030115, 0.9966076612472534, 0.0013616118812933564]",False,YALAN,UYARI,False,False,3747.396500024479,"{""K1_input_and_readiness"": 0.06160000339150429, ""K7_context"": 0.001500011421740055, ""K1_normalization"": 0.010699965059757233, ""K6_advisory"": 37.47429995564744, ""K1_intent"": 0.05289999535307288, ""K2_retrieval"": 236.92490003304556, ""K3_reranker"": 2116.353999997955, ""K8_weighted_ranking"": 1.0658000246621668, ""K3_candidate_filters"": 5.759899970144033, ""K9_advisory_consensus"": 0.014599994756281376, ""K4_nli_and_bypass_check"": 680.1841999986209, ""K5_decision"": 666.3027000031434}",1499
FACTURK-0146,YALAN,"[9220, 22218, 6047, 1090, 15787, 26378, 27696, 9150, 25225, 25169, 1272, 11479, 15780, 29403, 28629, 13390, 19237, 23344, 29050, 25228]","[0.08570927381515503, 0.1268933266401291, 0.0012303582625463605, 0.001674399245530367, 0.0019723358564078808, 0.04123002663254738, 0.08151976019144058, 0.13273923099040985, 0.01009131595492363, 0.004905405919998884, 0.01678548939526081, 0.001747785834595561, 0.0031603530514985323, 0.3555510938167572, 0.010489090345799923, 0.0011832797899842262, 0.005865338258445263, 0.007289077155292034, 0.0044683837331831455, 0.025662705302238464]","[0.0009641721262596548, 0.9978444576263428, 0.0011913893977180123]","[0.0009641721262596548, 0.9978444576263428, 0.0011913893977180123]",False,YALAN,UYARI,False,False,3186.127300024964,"{""K1_input_and_readiness"": 0.062700011767447, ""K7_context"": 0.0017999554984271526, ""K1_normalization"": 0.012300035450607538, ""K6_advisory"": 36.468899983447045, ""K1_intent"": 0.04269997589290142, ""K2_retrieval"": 275.229400023818, ""K3_reranker"": 2784.8522999556735, ""K8_weighted_ranking"": 1.0788999497890472, ""K3_candidate_filters"": 6.116200005635619, ""K9_advisory_consensus"": 0.00689999433234334, ""K4_nli_and_bypass_check"": 78.57060001697391, ""K5_decision"": 0.2342999796383083}",29403
FACTURK-0147,YALAN,"[16651, 3405, 17134, 4452, 19995, 12954, 2498, 20240, 4421, 16620, 22320, 22504, 18535, 4767, 17947, 6328, 27889, 17074, 19118, 15203]","[0.9726234674453735, 1.7640199075685814e-05, 1.6442494597868063e-05, 1.67014204635052e-05, 6.352188938762993e-05, 0.002736221067607403, 0.010735162533819675, 0.0009075025445781648, 0.0001740054285619408, 2.8857117285951972e-05, 0.002757622394710779, 0.01196109689772129, 0.0001699752756394446, 2.0785171727766283e-05, 1.6314539607265033e-05, 1.683241134742275e-05, 1.8342892872169614e-05, 0.00018667821132112294, 3.024195939360652e-05, 1.6061610949691385e-05]","[0.31630465388298035, 0.46388521790504456, 0.2198101431131363]","[0.31630465388298035, 0.46388521790504456, 0.2198101431131363]",False,YALAN,UYARI,False,False,4288.931599992793,"{""K1_input_and_readiness"": 0.05539995618164539, ""K7_context"": 0.001800013706088066, ""K1_normalization"": 0.01179997343569994, ""K6_advisory"": 37.60899999178946, ""K1_intent"": 0.047200010158121586, ""K2_retrieval"": 251.9014000426978, ""K3_reranker"": 3247.287900012452, ""K8_weighted_ranking"": 1.1723999632522464, ""K3_candidate_filters"": 5.769000039435923, ""K9_advisory_consensus"": 0.010100018698722124, ""K4_nli_and_bypass_check"": 406.6190999583341, ""K5_decision"": 335.1427000015974}",16651
FACTURK-0148,YALAN,"[20653, 6268, 12210, 21599, 26086, 9476, 7517, 6841, 20108, 16459, 13473, 22456, 14814, 9810, 28264, 20389, 5032, 25049, 23249, 10289]","[3.8831109122838825e-05, 0.006168995052576065, 0.00651349825784564, 0.009746103547513485, 1.750292540236842e-05, 0.0006745558930560946, 0.00012830943160224706, 0.03321117162704468, 2.229919846286066e-05, 0.00011412239109631628, 0.0012743262341246009, 0.0008072304772213101, 8.029783930396661e-05, 0.00045121065340936184, 7.141901005525142e-05, 9.242113446816802e-05, 2.710879925871268e-05, 0.00048406238784082234, 1.7231572201126255e-05, 7.722192094661295e-05]","[0.007573814131319523, 0.016891665756702423, 0.9755345582962036]","[0.007573814131319523, 0.016891665756702423, 0.9755345582962036]",False,DOĞRU,ONAY,False,False,4105.2500999649055,"{""K1_input_and_readiness"": 0.04919996717944741, ""K7_context"": 0.001400010660290718, ""K1_normalization"": 0.014299992471933365, ""K6_advisory"": 34.68979999888688, ""K1_intent"": 0.03630004357546568, ""K2_retrieval"": 267.6021999795921, ""K3_reranker"": 2775.677600002382, ""K8_weighted_ranking"": 1.2734999763779342, ""K3_candidate_filters"": 5.862099991645664, ""K9_advisory_consensus"": 0.007199996616691351, ""K4_nli_and_bypass_check"": 564.6024000016041, ""K5_decision"": 451.2786000268534}",21599
FACTURK-0149,DOĞRU,"[9992, 414, 24963, 11479, 27486, 1302, 22388, 7825, 2172, 12809, 30352, 5137, 18664, 30217, 13860, 13217, 1232, 16707, 11910, 12587]","[1.8631746570463292e-05, 3.373722574906424e-05, 0.00027586790383793414, 0.0007124459953047335, 7.141901005525142e-05, 0.00407013762742281, 0.018440209329128265, 1.8200149497715756e-05, 0.0005072812782600522, 0.0005636750720441341, 0.0001673405058681965, 4.832564081880264e-05, 0.0005907104350626469, 6.814872176619247e-05, 4.94715895911213e-05, 1.6187581422855146e-05, 0.000191104321856983, 0.001667882315814495, 0.0011740821646526456, 4.870464181294665e-05]","[0.0005492405616678298, 0.9977891445159912, 0.0016615644562989473]","[0.0005492405616678298, 0.9977891445159912, 0.0016615644562989473]",False,YALAN,RED,False,False,3835.9616000088863,"{""K1_input_and_readiness"": 0.050099974032491446, ""K7_context"": 0.001400010660290718, ""K1_normalization"": 0.010699965059757233, ""K6_advisory"": 37.27460000663996, ""K1_intent"": 0.046799948904663324, ""K2_retrieval"": 249.40910004079342, ""K3_reranker"": 2532.0817000465468, ""K8_weighted_ranking"": 1.3066999963484704, ""K3_candidate_filters"": 6.996400014031678, ""K9_advisory_consensus"": 0.007700000423938036, ""K4_nli_and_bypass_check"": 532.9277000273578, ""K5_decision"": 472.2182000405155}",30352
FACTURK-0150,YALAN,"[9537, 25683, 12870, 11454, 4331, 11914, 28419, 14107, 4119, 5414, 25341, 7358, 18097, 6943, 27847, 14860, 5796, 14246, 23263, 16994]","[0.003469890682026744, 0.0001015038214973174, 0.003429603995755315, 0.0005420927773229778, 0.07978200167417526, 0.0005378763889893889, 0.00038296362617984414, 0.003135835751891136, 0.0009584648651070893, 0.0001713081874186173, 1.6442494597868063e-05, 1.922317096614279e-05, 6.253713218029588e-05, 2.586742994026281e-05, 0.00011235327838221565, 1.6442494597868063e-05, 3.1693256460130215e-05, 4.7206227463902906e-05, 1.67014204635052e-05, 6.761842087144032e-05]","[0.0006516198627650738, 0.998729407787323, 0.0006189806153997779]","[0.0006516198627650738, 0.998729407787323, 0.0006189806153997779]",False,YETERSİZ VERİ,RET,True,False,4518.11629999429,"{""K1_input_and_readiness"": 0.05560001591220498, ""K7_context"": 0.0016999547369778156, ""K1_normalization"": 0.010800024028867483, ""K6_advisory"": 36.4446000312455, ""K1_intent"": 0.06070005474612117, ""K2_retrieval"": 243.5904000303708, ""K3_reranker"": 3074.672999966424, ""K8_weighted_ranking"": 1.0822000331245363, ""K3_candidate_filters"": 5.660499969962984, ""K9_advisory_consensus"": 0.005599984433501959, ""K4_nli_and_bypass_check"": 633.6272000335157, ""K5_decision"": 518.660000001546}",4119
FACTURK-0151,YALAN,"[1205, 3084, 14598, 5206, 7605, 21916, 274, 3176, 4056, 17985, 21214, 24260, 22565, 21531, 23996, 28119, 26068, 7401, 2011, 21783]","[0.004924510605633259, 0.03138042986392975, 0.0001442598586436361, 0.005957154091447592, 0.18082883954048157, 0.0030994154512882233, 0.00041894835885614157, 0.002058753278106451, 0.001299427472986281, 0.0013406204525381327, 0.0014550630003213882, 0.00025514140725135803, 0.0014550630003213882, 0.002305125119164586, 0.004231587518006563, 0.002387409098446369, 0.0006166297243908048, 8.029783930396661e-05, 0.0008626077906228602, 0.15291562676429749]","[0.129275381565094, 0.7917355895042419, 0.07898896932601929]","[0.129275381565094, 0.7917355895042419, 0.07898896932601929]",False,YETERSİZ VERİ,RET,True,False,4114.050599979237,"{""K1_input_and_readiness"": 0.1018000184558332, ""K7_context"": 0.0026999623514711857, ""K1_normalization"": 0.023300002794712782, ""K6_advisory"": 41.24019999289885, ""K1_intent"": 0.04840001929551363, ""K2_retrieval"": 220.41489998809993, ""K3_reranker"": 3770.3824999625795, ""K8_weighted_ranking"": 2.5186000275425613, ""K3_candidate_filters"": 6.709200039040297, ""K9_advisory_consensus"": 0.007099995855242014, ""K4_nli_and_bypass_check"": 68.87950003147125, ""K5_decision"": 0.30180002795532346}",274
FACTURK-0152,YALAN,"[27363, 15963, 27712, 12221, 12083, 27229, 23329, 17607, 2188, 27854, 26315, 23364, 5168, 9467, 19381, 5755, 8754, 4893, 28707, 15163]","[0.019568676128983498, 0.0012893283274024725, 0.03283695504069328, 0.0005953406798653305, 0.0004108485300093889, 0.008061991073191166, 3.0006618544575758e-05, 0.0004765612829942256, 0.0007293288363143802, 0.016657039523124695, 0.002251847181469202, 2.8632557587116025e-05, 0.000503335555549711, 1.7640199075685814e-05, 0.00021485926117748022, 0.00026738259475678205, 1.6442494597868063e-05, 0.014957086183130741, 2.318747829122003e-05, 0.003991728648543358]","[0.0006363214342854917, 0.9982775449752808, 0.001086123171262443]","[0.0006363214342854917, 0.9982775449752808, 0.001086123171262443]",False,YETERSİZ VERİ,RET,True,False,2583.7710999767296,"{""K1_input_and_readiness"": 0.05879998207092285, ""K7_context"": 0.001900014467537403, ""K1_normalization"": 0.01209997572004795, ""K6_advisory"": 38.94070000387728, ""K1_intent"": 0.04740001168102026, ""K2_retrieval"": 223.85559999383986, ""K3_reranker"": 2226.8217999953777, ""K8_weighted_ranking"": 1.3294999953359365, ""K3_candidate_filters"": 6.7115999991074204, ""K9_advisory_consensus"": 0.007399998139590025, ""K4_nli_and_bypass_check"": 82.44180004112422, ""K5_decision"": 0.4191999905742705}",5168
FACTURK-0153,YALAN,"[14312, 3923, 19683, 16066, 28105, 17625, 18666, 19557, 29062, 15546, 16162, 27532, 3323, 1450, 24271, 18881, 14268, 7492, 7149, 28305]","[6.253713218029588e-05, 1.9373936083866283e-05, 2.1112482500029728e-05, 0.0004442183708306402, 7.484622619813308e-05, 0.00012053649697918445, 1.7778551409719512e-05, 1.7917987861437723e-05, 1.9833367332466878e-05, 0.00018961740715894848, 1.6314539607265033e-05, 1.657145367062185e-05, 0.00043904531048610806, 0.0002131875662598759, 1.6442494597868063e-05, 0.0014381353976204991, 0.0008761798962950706, 2.93115390377352e-05, 1.6061610949691385e-05, 1.6187581422855146e-05]","[0.00467202952131629, 0.01934172585606575, 0.9759863018989563]","[0.00467202952131629, 0.01934172585606575, 0.9759863018989563]",False,DOĞRU,ONAY,False,False,3928.2433000043966,"{""K1_input_and_readiness"": 0.054500007536262274, ""K7_context"": 0.001900014467537403, ""K1_normalization"": 0.01209997572004795, ""K6_advisory"": 37.634699954651296, ""K1_intent"": 0.05199998850002885, ""K2_retrieval"": 225.7864000275731, ""K3_reranker"": 2600.2644000109285, ""K8_weighted_ranking"": 1.9684999715536833, ""K3_candidate_filters"": 7.245899992994964, ""K9_advisory_consensus"": 0.006900052540004253, ""K4_nli_and_bypass_check"": 533.088999975007, ""K5_decision"": 518.8122999970801}",15546
FACTURK-0154,YALAN,"[15547, 28059, 2822, 13124, 22456, 27407, 17356, 21804, 10376, 15315, 6905, 29867, 16503, 13375, 28482, 1375, 1153, 20951, 6960, 26182]","[0.0001559802913106978, 0.00079783343244344, 0.007815888151526451, 0.00025514140725135803, 0.003538086311891675, 1.8342892872169614e-05, 7.197912054834887e-05, 0.0002982776495628059, 0.0021657671313732862, 0.00023597174731548876, 1.6061610949691385e-05, 2.3007036361377686e-05, 0.0005053045460954309, 0.0015487611526623368, 0.00031258779927156866, 0.0008559006964787841, 0.006564249750226736, 3.9135655242716894e-05, 0.00011866796558024362, 1.6442494597868063e-05]","[0.025303788483142853, 0.9344486594200134, 0.040247563272714615]","[0.025303788483142853, 0.9344486594200134, 0.040247563272714615]",False,YETERSİZ VERİ,RET,True,False,4820.407100021839,"{""K1_input_and_readiness"": 0.0735999783501029, ""K7_context"": 0.001600012183189392, ""K1_normalization"": 0.011000025551766157, ""K6_advisory"": 36.009900039061904, ""K1_intent"": 0.04250003257766366, ""K2_retrieval"": 242.86090000532568, ""K3_reranker"": 3366.1889000213705, ""K8_weighted_ranking"": 1.4993000077083707, ""K3_candidate_filters"": 7.019999960903078, ""K9_advisory_consensus"": 0.007399998139590025, ""K4_nli_and_bypass_check"": 614.4070000154898, ""K5_decision"": 549.0778000093997}",22456
FACTURK-0155,DOĞRU,"[20048, 12365, 24651, 16498, 28437, 18475, 1691, 24248, 3505, 19788, 10361, 20612, 17944, 21427, 10234, 3232, 1860, 24016, 11911, 10513]","[0.0011972112115472555, 0.0028783478774130344, 0.0037507887464016676, 0.0007152324542403221, 0.011375600472092628, 0.0005053045460954309, 3.508111694827676e-05, 0.002521268092095852, 0.0003611769643612206, 0.0002287133247591555, 0.0008592476369813085, 0.00017952796770259738, 0.0004565269045997411, 0.0004859560285694897, 0.00031015597051009536, 0.002082970691844821, 0.0005420927773229778, 1.7097478121286258e-05, 0.00014313739666249603, 4.1986306314356625e-05]","[0.001071155071258545, 0.9982336759567261, 0.0006951738614588976]","[0.001071155071258545, 0.9982336759567261, 0.0006951738614588976]",False,YETERSİZ VERİ,RET,True,False,3055.445200006943,"{""K1_input_and_readiness"": 0.055800017435103655, ""K7_context"": 0.00200001522898674, ""K1_normalization"": 0.009599956683814526, ""K6_advisory"": 36.53799998573959, ""K1_intent"": 0.04509999416768551, ""K2_retrieval"": 224.65379995992407, ""K3_reranker"": 2055.921999970451, ""K8_weighted_ranking"": 1.4196999836713076, ""K3_candidate_filters"": 6.432200025301427, ""K9_advisory_consensus"": 0.006399990525096655, ""K4_nli_and_bypass_check"": 387.39290001103655, ""K5_decision"": 339.5852000103332}",16498
FACTURK-0156,YALAN,"[4634, 19419, 7761, 27242, 27142, 11288, 27801, 5912, 14169, 7268, 21613, 28808, 30097, 12521, 26765, 23430, 12770, 5723, 4097, 20078]","[0.724090576171875, 0.0008199321455322206, 0.003736220533028245, 0.8786270022392273, 0.019160708412528038, 6.205049430718645e-05, 0.024656856432557106, 0.00016093082376755774, 0.005980330519378185, 0.0013302015140652657, 4.0694576455280185e-05, 0.0004092474700883031, 0.0006563728675246239, 0.0017683517653495073, 3.269927037763409e-05, 1.805851934477687e-05, 2.3007036361377686e-05, 7.543320680269971e-05, 0.0005463420529849827, 7.722192094661295e-05]","[0.0005879080854356289, 0.9949740171432495, 0.00443811621516943]","[0.0005879080854356289, 0.9949740171432495, 0.00443811621516943]",False,YETERSİZ VERİ,RET,True,False,5100.26380000636,"{""K1_input_and_readiness"": 0.06699998630210757, ""K7_context"": 0.001700012944638729, ""K1_normalization"": 0.013599987141788006, ""K6_advisory"": 38.10730000259355, ""K1_intent"": 0.05259999306872487, ""K2_retrieval"": 264.5223999861628, ""K3_reranker"": 3329.241400002502, ""K8_weighted_ranking"": 1.1487000156193972, ""K3_candidate_filters"": 6.220899987965822, ""K9_advisory_consensus"": 0.014100049156695604, ""K4_nli_and_bypass_check"": 817.6544000161812, ""K5_decision"": 640.0977000012062}",4634
FACTURK-0157,DOĞRU,"[29255, 21246, 20506, 20602, 23772, 25690, 27037, 24300, 21440, 11100, 22569, 5518, 29377, 2318, 7070, 12442, 23973, 29572, 11303, 19151]","[0.00031258779927156866, 1.657145367062185e-05, 3.024195939360652e-05, 0.0012843081494793296, 0.00016603845870122313, 3.9442587876692414e-05, 0.004101929254829884, 0.0001673405058681965, 1.6314539607265033e-05, 0.008478401228785515, 6.922183820279315e-05, 0.00017674513219390064, 1.6187581422855146e-05, 0.00018522572645451874, 2.178264912799932e-05, 1.6187581422855146e-05, 2.566613329690881e-05, 2.4682904040673748e-05, 1.6314539607265033e-05, 0.00017536994710098952]","[0.03427857533097267, 0.9648914337158203, 0.0008300169138237834]","[0.03427857533097267, 0.9648914337158203, 0.0008300169138237834]",False,YETERSİZ VERİ,RET,True,False,5122.958499996457,"{""K1_input_and_readiness"": 0.08129997877404094, ""K7_context"": 0.001400010660290718, ""K1_normalization"": 0.016300007700920105, ""K6_advisory"": 36.02689999388531, ""K1_intent"": 0.04910002462565899, ""K2_retrieval"": 273.130499990657, ""K3_reranker"": 2637.16270000441, ""K8_weighted_ranking"": 1.3348000356927514, ""K3_candidate_filters"": 6.890199962072074, ""K9_advisory_consensus"": 0.007199996616691351, ""K4_nli_and_bypass_check"": 1148.5147000057623, ""K5_decision"": 1016.4207000052556}",5518
FACTURK-0158,DOĞRU,"[10802, 4965, 8061, 18339, 3097, 5125, 11734, 29735, 5858, 17815, 6939, 7151, 3213, 6263, 6328, 14044, 28626, 13872, 17581, 26597]","[0.02456308901309967, 0.00013032974675297737, 2.2125668692751788e-05, 0.011915022507309914, 0.0011695103021338582, 5.738759500673041e-05, 2.265035072923638e-05, 3.2955729693640023e-05, 2.094818773912266e-05, 1.657145367062185e-05, 1.6187581422855146e-05, 0.003123648464679718, 0.0009927261853590608, 1.67014204635052e-05, 2.2474090656032786e-05, 0.0010566838318482041, 1.6187581422855146e-05, 3.6764631659025326e-05, 1.6061610949691385e-05, 0.003765413537621498]","[0.009101730771362782, 0.055339835584163666, 0.9355584383010864]","[0.009101730771362782, 0.055339835584163666, 0.9355584383010864]",False,DOĞRU,ONAY,False,False,3516.823399986606,"{""K1_input_and_readiness"": 0.06150000263005495, ""K7_context"": 0.002100015990436077, ""K1_normalization"": 0.012499978765845299, ""K6_advisory"": 34.815599967259914, ""K1_intent"": 0.040000013541430235, ""K2_retrieval"": 237.1561999898404, ""K3_reranker"": 2224.3426999775693, ""K8_weighted_ranking"": 1.2670999858528376, ""K3_candidate_filters"": 6.232600018847734, ""K9_advisory_consensus"": 0.006299989763647318, ""K4_nli_and_bypass_check"": 539.6502999938093, ""K5_decision"": 469.98399996664375}",7151
FACTURK-0159,YALAN,"[1609, 24771, 19594, 4036, 5236, 27598, 9587, 22729, 20466, 28091, 15846, 24538, 6519, 9591, 26699, 20250, 23610, 2600, 5980, 12184]","[0.9946980476379395, 0.005934066604822874, 0.029145970940589905, 0.007725534029304981, 0.0007264875457622111, 0.0035657365806400776, 7.141901005525142e-05, 2.566613329690881e-05, 0.0034970103297382593, 0.0009888596832752228, 0.0011972112115472555, 0.0003053489199373871, 3.373722574906424e-05, 0.0005092656938359141, 0.0012594986474141479, 0.000626334105618298, 0.0005274784052744508, 0.00013765462790615857, 1.6187581422855146e-05, 0.0001195985751110129]","[0.09378359466791153, 0.07425686717033386, 0.8319595456123352]","[0.09378359466791153, 0.07425686717033386, 0.8319595456123352]",False,DOĞRU,ONAY,False,False,2741.0263000056148,"{""K1_input_and_readiness"": 0.04700000863522291, ""K7_context"": 0.001700012944638729, ""K1_normalization"": 0.009700015652924776, ""K6_advisory"": 32.6956000062637, ""K1_intent"": 0.029399991035461426, ""K2_retrieval"": 203.26450001448393, ""K3_reranker"": 2283.6609999649227, ""K8_weighted_ranking"": 1.3058000477030873, ""K3_candidate_filters"": 6.992800044827163, ""K9_advisory_consensus"": 0.007399998139590025, ""K4_nli_and_bypass_check"": 153.85709999827668, ""K5_decision"": 56.255699950270355}",1609
FACTURK-0160,DOĞRU,"[13325, 19725, 8116, 24377, 29040, 2980, 11607, 6247, 10864, 21327, 8411, 24678, 21673, 9688, 20314, 19452, 1044, 13847, 12309, 30219]","[0.6623597741127014, 1.67014204635052e-05, 0.0004060639475937933, 4.575391358230263e-05, 1.7097478121286258e-05, 1.750292540236842e-05, 0.003678509034216404, 0.007695646956562996, 1.67014204635052e-05, 5.1845658163074404e-05, 6.709224544465542e-05, 0.007785655092447996, 1.8777873265207745e-05, 1.6314539607265033e-05, 1.7366719475830905e-05, 0.0028783478774130344, 2.014569145103451e-05, 0.0004407629603520036, 8.957788668340072e-05, 0.00012632041762117296]","[0.9904014468193054, 0.00803796574473381, 0.0015605492517352104]","[0.9904014468193054, 0.00803796574473381, 0.0015605492517352104]",False,YALAN,UYARI,False,False,3096.435500017833,"{""K1_input_and_readiness"": 0.03659998765215278, ""K7_context"": 0.001800013706088066, ""K1_normalization"": 0.007199996616691351, ""K6_advisory"": 37.7973000286147, ""K1_intent"": 0.036699988413602114, ""K2_retrieval"": 214.120400021784, ""K3_reranker"": 2270.502300001681, ""K8_weighted_ranking"": 1.1384999961592257, ""K3_candidate_filters"": 6.272899976465851, ""K9_advisory_consensus"": 0.007399998139590025, ""K4_nli_and_bypass_check"": 320.71499997982755, ""K5_decision"": 242.5220999866724}",24678
FACTURK-0161,YALAN,"[27219, 2984, 20109, 29036, 26639, 12161, 28547, 15094, 2366, 9150, 6336, 15675, 487, 26236, 29240, 25178, 1919, 1090, 27402, 15573]","[0.9996970891952515, 0.9343951344490051, 0.8690492510795593, 0.4384545385837555, 0.02044939436018467, 0.0014550630003213882, 0.02132808044552803, 0.7022238373756409, 0.007460643537342548, 0.07654563337564468, 0.004867417272180319, 0.001674399245530367, 9.915272676153108e-05, 0.000539980421308428, 0.0007293288363143802, 0.0014664583140984178, 0.01009131595492363, 0.0007916296017356217, 0.0007495314348489046, 1.7640199075685814e-05]","[0.0010370004456490278, 0.9985308647155762, 0.0004321543965488672]","[0.0010370004456490278, 0.9985308647155762, 0.0004321543965488672]",False,YALAN,UYARI,False,False,3138.984899967909,"{""K1_input_and_readiness"": 0.10629999451339245, ""K7_context"": 0.0021999585442245007, ""K1_normalization"": 0.020899984519928694, ""K6_advisory"": 40.666499990038574, ""K1_intent"": 0.05360000068321824, ""K2_retrieval"": 273.03779998328537, ""K3_reranker"": 2735.941399994772, ""K8_weighted_ranking"": 1.0964999673888087, ""K3_candidate_filters"": 6.4777000225149095, ""K9_advisory_consensus"": 0.007199996616691351, ""K4_nli_and_bypass_check"": 77.71510002203286, ""K5_decision"": 0.22680003894492984}",27219
FACTURK-0162,DOĞRU,"[2000, 17883, 5997, 25210, 11278, 25537, 25049, 20482, 22185, 10051, 23682, 28715, 21599, 24903, 6569, 11923, 19685, 10375, 16225, 9810]","[0.7942253947257996, 0.09351231157779694, 0.04336579889059067, 0.0001511819864390418, 0.0002415662893326953, 0.0005013742484152317, 0.8344069123268127, 0.0004060639475937933, 9.242113446816802e-05, 0.00010804955672938377, 0.0001621928095119074, 3.591300992411561e-05, 0.008950711227953434, 0.10743747651576996, 4.0694576455280185e-05, 0.000124362253700383, 0.00026947917649522424, 0.00034870431409217417, 6.60521473037079e-05, 6.814872176619247e-05]","[0.004679652862250805, 0.995033860206604, 0.00028649167506955564]","[0.004679652862250805, 0.995033860206604, 0.00028649167506955564]",False,YETERSİZ VERİ,RET,True,False,3556.734299985692,"{""K1_input_and_readiness"": 0.06419996498152614, ""K7_context"": 0.001800013706088066, ""K1_normalization"": 0.01279998105019331, ""K6_advisory"": 37.68109995871782, ""K1_intent"": 0.04950002767145634, ""K2_retrieval"": 232.391000026837, ""K3_reranker"": 2617.848000023514, ""K8_weighted_ranking"": 1.534599985461682, ""K3_candidate_filters"": 7.511599978897721, ""K9_advisory_consensus"": 0.007199996616691351, ""K4_nli_and_bypass_check"": 371.1102000088431, ""K5_decision"": 285.1003999821842}",25049
FACTURK-0163,DOĞRU,"[29221, 2861, 10780, 19639, 4529, 6618, 16181, 4244, 19539, 2521, 25861, 532, 25361, 28155, 26223, 30100, 14355, 19722, 8746, 10893]","[0.9736446738243103, 0.010408313944935799, 1.805851934477687e-05, 0.0005072812782600522, 0.0002982776495628059, 2.908344322349876e-05, 0.0003150386910419911, 0.00021824207215104252, 0.0032350558321923018, 0.00018522572645451874, 0.001674399245530367, 0.00014653129619546235, 0.0015854305820539594, 2.2474090656032786e-05, 0.0032476764172315598, 2.566613329690881e-05, 1.6964426322374493e-05, 1.7231572201126255e-05, 2.4682904040673748e-05, 0.030271869152784348]","[0.0021602697670459747, 0.9972986578941345, 0.0005411294987425208]","[0.0021602697670459747, 0.9972986578941345, 0.0005411294987425208]",False,YETERSİZ VERİ,RET,True,False,2548.596600012388,"{""K1_input_and_readiness"": 0.0648999703116715, ""K7_context"": 0.001700012944638729, ""K1_normalization"": 0.01479999627918005, ""K6_advisory"": 36.113600013777614, ""K1_intent"": 0.046900007873773575, ""K2_retrieval"": 220.36449995357543, ""K3_reranker"": 2205.0879999878816, ""K8_weighted_ranking"": 1.094499952159822, ""K3_candidate_filters"": 5.596500006504357, ""K9_advisory_consensus"": 0.006199989002197981, ""K4_nli_and_bypass_check"": 76.70739997411147, ""K5_decision"": 0.17449998995289207}",29221
FACTURK-0164,YALAN,"[17536, 27552, 13482, 20172, 24936, 5739, 12587, 26463, 20389, 21491, 7274, 13878, 26984, 2008, 20885, 23578, 25464, 16836, 4942, 22776]","[0.0003029734070878476, 1.657145367062185e-05, 1.750292540236842e-05, 0.0033634924329817295, 1.7778551409719512e-05, 3.852893496514298e-05, 0.00651349825784564, 0.0005792917218059301, 0.0008459375239908695, 1.8631746570463292e-05, 0.0005053045460954309, 1.8777873265207745e-05, 0.0014158706180751324, 1.6964426322374493e-05, 0.0014048678567633033, 1.67014204635052e-05, 0.014672035351395607, 1.6314539607265033e-05, 1.9073577277595177e-05, 1.8631746570463292e-05]","[0.00475799385458231, 0.9927691221237183, 0.002472868887707591]","[0.00475799385458231, 0.9927691221237183, 0.002472868887707591]",False,YETERSİZ VERİ,RET,True,False,3412.901600007899,"{""K1_input_and_readiness"": 0.04789995728060603, ""K7_context"": 0.001800013706088066, ""K1_normalization"": 0.009200011845678091, ""K6_advisory"": 37.71560004679486, ""K1_intent"": 0.05420000525191426, ""K2_retrieval"": 242.50160000519827, ""K3_reranker"": 2185.806799971033, ""K8_weighted_ranking"": 2.330999996047467, ""K3_candidate_filters"": 13.46180000109598, ""K9_advisory_consensus"": 0.012300035450607538, ""K4_nli_and_bypass_check"": 442.80899997102097, ""K5_decision"": 484.9693000433035}",12587
FACTURK-0165,YALAN,"[24002, 6595, 2047, 19290, 17027, 17151, 25894, 14516, 4802, 24946, 15975, 1170, 12212, 4346, 24327, 316, 9491, 13731, 26208, 19463]","[0.0026522595435380936, 0.00043563017970882356, 0.00016346470511052758, 0.0031603530514985323, 0.00010637458035489544, 1.6964426322374493e-05, 0.0012743262341246009, 0.8022459149360657, 2.93115390377352e-05, 7.543320680269971e-05, 0.0015792594058439136, 0.40992921590805054, 0.03365296497941017, 0.0001837845629779622, 1.6314539607265033e-05, 1.6442494597868063e-05, 0.0007947254925966263, 0.0006851712241768837, 0.004627529997378588, 1.683241134742275e-05]","[0.0006277648499235511, 0.9988504648208618, 0.0005218010046519339]","[0.0006277648499235511, 0.9988504648208618, 0.0005218010046519339]",False,YETERSİZ VERİ,RET,True,False,3152.130300004501,"{""K1_input_and_readiness"": 0.049400026910007, ""K7_context"": 0.001600012183189392, ""K1_normalization"": 0.009400013368576765, ""K6_advisory"": 40.04230001010001, ""K1_intent"": 0.040700018871575594, ""K2_retrieval"": 240.78280001413077, ""K3_reranker"": 2313.239400042221, ""K8_weighted_ranking"": 1.3211999903433025, ""K3_candidate_filters"": 6.457799987401813, ""K9_advisory_consensus"": 0.006500049494206905, ""K4_nli_and_bypass_check"": 288.39160001371056, ""K5_decision"": 258.3185999537818}",19290
FACTURK-0166,DOĞRU,"[11295, 12013, 20210, 2892, 9113, 17032, 24484, 8107, 12704, 21399, 2630, 19665, 27377, 4158, 23350, 19405, 10772, 9953, 22252, 7036]","[0.00028462239424698055, 5.649793456541374e-05, 0.0007321811863221228, 0.0004013350699096918, 0.0059110685251653194, 0.0016166499117389321, 0.000638679601252079, 0.0001559802913106978, 0.21027937531471252, 0.0007495314348489046, 2.2125668692751788e-05, 0.003678509034216404, 0.0010608151787891984, 0.013121271505951881, 0.011552670039236546, 1.657145367062185e-05, 0.048136770725250244, 2.5466406441410072e-05, 0.021287351846694946, 1.8200149497715756e-05]","[0.0020081521943211555, 0.9956739544868469, 0.0023178220726549625]","[0.0020081521943211555, 0.9956739544868469, 0.0023178220726549625]",False,YETERSİZ VERİ,RET,True,False,2679.4625999755226,"{""K1_input_and_readiness"": 0.07650000043213367, ""K7_context"": 0.0013999524526298046, ""K1_normalization"": 0.016700010746717453, ""K6_advisory"": 34.5954000367783, ""K1_intent"": 0.041599967516958714, ""K2_retrieval"": 307.4299999861978, ""K3_reranker"": 2247.8230000124313, ""K8_weighted_ranking"": 1.434299978427589, ""K3_candidate_filters"": 7.123999996110797, ""K9_advisory_consensus"": 0.006999995093792677, ""K4_nli_and_bypass_check"": 77.06799998413771, ""K5_decision"": 0.4387999651953578}",20210
FACTURK-0167,YALAN,"[22804, 30151, 3328, 27847, 1912, 7451, 7384, 8794, 14417, 9006, 18292, 25821, 6263, 14187, 1291, 4736, 18234, 25969, 9084, 20020]","[0.9977568984031677, 0.9501341581344604, 0.00034870431409217417, 0.0017342078499495983, 0.0023688741493970156, 5.874842099728994e-05, 0.0003697388747241348, 0.014281935058534145, 2.449082603561692e-05, 0.003692853031679988, 0.00360761652700603, 0.00457386439666152, 0.005957154091447592, 0.00628990214318037, 9.461262379772961e-05, 0.01805533468723297, 0.001201891340315342, 3.269927037763409e-05, 0.003469890682026744, 7.426380761899054e-05]","[0.9905704259872437, 0.00703078368678689, 0.002398783341050148]","[0.9905704259872437, 0.00703078368678689, 0.002398783341050148]",False,YALAN,UYARI,False,False,2843.33110001171,"{""K1_input_and_readiness"": 0.05989999044686556, ""K7_context"": 0.001600012183189392, ""K1_normalization"": 0.010499963536858559, ""K6_advisory"": 35.765099979471415, ""K1_intent"": 0.047900015488266945, ""K2_retrieval"": 228.89709996525198, ""K3_reranker"": 2112.983200000599, ""K8_weighted_ranking"": 1.1282000341452658, ""K3_candidate_filters"": 5.964299954939634, ""K9_advisory_consensus"": 0.006299989763647318, ""K4_nli_and_bypass_check"": 268.56060000136495, ""K5_decision"": 186.85759999789298}",22804
FACTURK-0168,YALAN,"[3532, 18681, 28597, 23859, 10235, 22012, 21454, 11270, 8731, 651, 2033, 10046, 27426, 2462, 21260, 15771, 12756, 928, 19674, 5613]","[0.9972955584526062, 8.682210318511352e-05, 0.0017821963410824537, 7.254361844388768e-05, 0.02784845046699047, 0.002225670963525772, 1.657145367062185e-05, 1.7640199075685814e-05, 3.244481558795087e-05, 2.566613329690881e-05, 0.00012731103925034404, 0.0008727670647203922, 3.0006618544575758e-05, 0.0029235428664833307, 2.3007036361377686e-05, 6.976470467634499e-05, 1.6964426322374493e-05, 7.311254739761353e-05, 0.0001621928095119074, 0.00020988310279790312]","[0.9970722198486328, 0.0009114059503190219, 0.0020163021981716156]","[0.9970722198486328, 0.0009114059503190219, 0.0020163021981716156]",False,YALAN,UYARI,False,False,2504.992200003471,"{""K1_input_and_readiness"": 0.046399945858865976, ""K7_context"": 0.001400010660290718, ""K1_normalization"": 0.009200011845678091, ""K6_advisory"": 34.596299985423684, ""K1_intent"": 0.03389996709302068, ""K2_retrieval"": 222.52499999012798, ""K3_reranker"": 2044.0374999889173, ""K8_weighted_ranking"": 1.5097999712452292, ""K3_candidate_filters"": 7.863399980124086, ""K9_advisory_consensus"": 0.007599999662488699, ""K4_nli_and_bypass_check"": 104.74519996205345, ""K5_decision"": 85.92779998434708}",3532
FACTURK-0169,DOĞRU,"[20457, 7549, 16605, 6000, 29321, 5146, 2131, 9143, 10655, 18240, 14987, 5693, 19205, 9693, 10199, 26819, 20516, 13675, 13077, 3877]","[0.012336100451648235, 0.006217078305780888, 0.08419108390808105, 4.7206227463902906e-05, 0.0008830457809381187, 0.0012113064294680953, 0.034358687698841095, 0.29665425419807434, 0.026861203834414482, 1.6061610949691385e-05, 0.009596454910933971, 1.6061610949691385e-05, 0.00014653129619546235, 2.93115390377352e-05, 0.0006070755189284682, 0.013171950355172157, 0.030733928084373474, 0.0031115086749196053, 1.6442494597868063e-05, 0.0007885457598604262]","[0.0008884097333066165, 0.04022907465696335, 0.9588825106620789]","[0.0008884097333066165, 0.04022907465696335, 0.9588825106620789]",False,YETERSİZ VERİ,KISMI,True,False,2630.090300051961,"{""K1_input_and_readiness"": 0.07700000423938036, ""K7_context"": 0.001600012183189392, ""K1_normalization"": 0.01279998105019331, ""K6_advisory"": 36.88189998501912, ""K1_intent"": 0.03959995228797197, ""K2_retrieval"": 243.84260002989322, ""K3_reranker"": 2253.8061999948695, ""K8_weighted_ranking"": 1.305699988733977, ""K3_candidate_filters"": 6.7600999609567225, ""K9_advisory_consensus"": 0.007800001185387373, ""K4_nli_and_bypass_check"": 83.47409998532385, ""K5_decision"": 0.3597999457269907}",2131
FACTURK-0170,YALAN,"[18398, 3764, 17095, 25958, 1813, 24738, 3598, 5396, 2758, 21009, 12587, 20389, 21279, 22041, 2534, 17371, 13958, 11628, 29552, 26934]","[0.002174225402995944, 0.0008231385727412999, 0.001085944357328117, 0.00012339458044152707, 0.00018814207578543574, 3.1941821362124756e-05, 1.657145367062185e-05, 0.006438102573156357, 4.870464181294665e-05, 0.00028462239424698055, 0.009898064658045769, 0.0005013742484152317, 0.00016093082376755774, 0.00041568948654457927, 0.002491967985406518, 5.738759500673041e-05, 1.8200149497715756e-05, 2.014569145103451e-05, 0.0002824080875143409, 1.6442494597868063e-05]","[0.11535249650478363, 0.4864596128463745, 0.39818790555000305]","[0.11535249650478363, 0.4864596128463745, 0.39818790555000305]",False,YETERSİZ VERİ,RET,True,False,3746.325899963267,"{""K1_input_and_readiness"": 0.07299997378140688, ""K7_context"": 0.001900014467537403, ""K1_normalization"": 0.10489998385310173, ""K6_advisory"": 35.00340000027791, ""K1_intent"": 0.03490003291517496, ""K2_retrieval"": 220.6167999538593, ""K3_reranker"": 2188.893200014718, ""K8_weighted_ranking"": 1.0473000002093613, ""K3_candidate_filters"": 5.568100023083389, ""K9_advisory_consensus"": 0.006600050255656242, ""K4_nli_and_bypass_check"": 667.7713999524713, ""K5_decision"": 623.8345999736339}",12587
FACTURK-0171,DOĞRU,"[23557, 41, 16619, 91, 25454, 1814, 21277, 20498, 4924, 13220, 1194, 22466, 23965, 12930, 14524, 20969, 3892, 11502, 10107, 17850]","[0.006930672097951174, 0.0007763299508951604, 0.00017674513219390064, 0.0009075025445781648, 4.6474400733131915e-05, 0.0012793075293302536, 9.83811987680383e-05, 1.892514956125524e-05, 4.1986306314356625e-05, 0.0015307451831176877, 4.0694576455280185e-05, 0.00017813112935982645, 1.8631746570463292e-05, 1.6964426322374493e-05, 2.030369250860531e-05, 8.156224066624418e-05, 1.6442494597868063e-05, 1.8486754925106652e-05, 1.6187581422855146e-05, 1.8342892872169614e-05]","[0.0007706854958087206, 0.9986695051193237, 0.0005597801064141095]","[0.0007706854958087206, 0.9986695051193237, 0.0005597801064141095]",False,YETERSİZ VERİ,RET,True,False,2447.1671000355855,"{""K1_input_and_readiness"": 0.058699981309473515, ""K7_context"": 0.002100015990436077, ""K1_normalization"": 0.01309998333454132, ""K6_advisory"": 36.43159999046475, ""K1_intent"": 0.05959998816251755, ""K2_retrieval"": 228.29699999419972, ""K3_reranker"": 2134.8410000209697, ""K8_weighted_ranking"": 1.3077000039629638, ""K3_candidate_filters"": 5.819999962113798, ""K9_advisory_consensus"": 0.006599992047995329, ""K4_nli_and_bypass_check"": 36.82390000903979, ""K5_decision"": 0.15700003132224083}",23557
FACTURK-0172,YALAN,"[29620, 28075, 11010, 21491, 21163, 5937, 6286, 19866, 13134, 3371, 20126, 18661, 25062, 27420, 16772, 10255, 12614, 2173, 1339, 19924]","[0.019908789545297623, 6.156764720799401e-05, 2.818866414600052e-05, 0.00036829791497439146, 1.7917987861437723e-05, 1.6061610949691385e-05, 0.00854433048516512, 2.2125668692751788e-05, 0.0002715921145863831, 0.0007096704212017357, 1.6442494597868063e-05, 0.0003275842755101621, 0.0023413407616317272, 0.007876706309616566, 1.6442494597868063e-05, 0.00015843621804378927, 2.5071596610359848e-05, 0.0037948342505842447, 0.004433765076100826, 0.0018821860430762172]","[0.0007948893471620977, 0.012821072712540627, 0.9863839745521545]","[0.0007948893471620977, 0.012821072712540627, 0.9863839745521545]",False,DOĞRU,ONAY,False,False,2581.307599961292,"{""K1_input_and_readiness"": 0.04769995575770736, ""K7_context"": 0.001700012944638729, ""K1_normalization"": 0.012199976481497288, ""K6_advisory"": 35.81020003184676, ""K1_intent"": 0.03390002530068159, ""K2_retrieval"": 228.09089999645948, ""K3_reranker"": 2274.5889999787323, ""K8_weighted_ranking"": 1.326699974015355, ""K3_candidate_filters"": 5.46570000005886, ""K9_advisory_consensus"": 0.005399982910603285, ""K4_nli_and_bypass_check"": 31.93300002021715, ""K5_decision"": 0.27820002287626266}",19866
FACTURK-0173,YALAN,"[996, 4529, 24773, 22430, 14486, 1617, 27683, 12081, 3259, 489, 2916, 22925, 28155, 17095, 9068, 20336, 2521, 27480, 21144, 16001]","[2.318747829122003e-05, 0.004792316351085901, 0.00017674513219390064, 0.0012893283274024725, 6.253713218029588e-05, 1.657145367062185e-05, 3.591300992411561e-05, 4.1335399146191776e-05, 0.00014653129619546235, 7.086326513672248e-05, 0.000337979436153546, 2.014569145103451e-05, 0.00046917638974264264, 0.00025514140725135803, 1.6314539607265033e-05, 0.00025714197545312345, 0.0008459375239908695, 2.014569145103451e-05, 0.00016474656877107918, 0.00042388474685139954]","[0.0008163150632753968, 0.25426435470581055, 0.7449193000793457]","[0.0008163150632753968, 0.25426435470581055, 0.7449193000793457]",False,DOĞRU,ONAY,False,False,3593.3553999639116,"{""K1_input_and_readiness"": 0.04789995728060603, ""K7_context"": 0.001300009898841381, ""K1_normalization"": 0.009300012607127428, ""K6_advisory"": 34.05660000862554, ""K1_intent"": 0.03490003291517496, ""K2_retrieval"": 227.02619998017326, ""K3_reranker"": 2174.227299983613, ""K8_weighted_ranking"": 1.014700043015182, ""K3_candidate_filters"": 5.6495999451726675, ""K9_advisory_consensus"": 0.006399990525096655, ""K4_nli_and_bypass_check"": 627.457200025674, ""K5_decision"": 520.6617999938317}",22430
FACTURK-0174,YALAN,"[30024, 15787, 22388, 27696, 25225, 11479, 431, 487, 23508, 8685, 3189, 9150, 27894, 4693, 23686, 1701, 8347, 19258, 24354, 5898]","[0.7876046895980835, 0.007011794950813055, 0.8978744745254517, 0.06779313832521439, 0.009090382605791092, 0.003736220533028245, 0.0077555361203849316, 0.590484082698822, 0.06244528666138649, 0.16762703657150269, 0.28587010502815247, 0.2859697937965393, 0.0003668626013677567, 0.0005053045460954309, 0.002387409098446369, 0.3362220823764801, 0.14306792616844177, 0.015845362097024918, 0.017242778092622757, 0.33252713084220886]","[0.0033229838591068983, 0.015371493995189667, 0.9813055396080017]","[0.0033229838591068983, 0.015371493995189667, 0.9813055396080017]",False,DOĞRU,ONAY,False,False,3305.593199969735,"{""K1_input_and_readiness"": 0.06790005136281252, ""K7_context"": 0.001500011421740055, ""K1_normalization"": 0.012400036212056875, ""K6_advisory"": 36.28140001092106, ""K1_intent"": 0.0632999581284821, ""K2_retrieval"": 250.57920004474, ""K3_reranker"": 2831.486399983987, ""K8_weighted_ranking"": 1.9529999699443579, ""K3_candidate_filters"": 11.361500015482306, ""K9_advisory_consensus"": 0.01290004001930356, ""K4_nli_and_bypass_check"": 170.06529995705932, ""K5_decision"": 0.4381999606266618}",22388
FACTURK-0175,YALAN,"[17313, 24305, 9450, 22559, 25408, 6426, 18574, 5771, 22772, 19278, 17170, 13192, 396, 18056, 19074, 9597, 17371, 405, 17913, 2287]","[0.995685338973999, 0.009340023621916771, 0.0012351677287369967, 0.00029137005913071334, 5.920916373725049e-05, 2.392351052549202e-05, 4.331903619458899e-05, 1.6964426322374493e-05, 1.805851934477687e-05, 0.004609572235494852, 1.6442494597868063e-05, 0.01833445206284523, 0.000810387369710952, 6.302758993115276e-05, 1.6442494597868063e-05, 1.6187581422855146e-05, 0.0026419467758387327, 1.7366719475830905e-05, 1.6314539607265033e-05, 2.411113746347837e-05]","[0.047596678137779236, 0.9159572720527649, 0.03644607961177826]","[0.047596678137779236, 0.9159572720527649, 0.03644607961177826]",False,YETERSİZ VERİ,RET,True,False,2689.313399954699,"{""K1_input_and_readiness"": 0.04919996717944741, ""K7_context"": 0.001600012183189392, ""K1_normalization"": 0.009599956683814526, ""K6_advisory"": 35.07209999952465, ""K1_intent"": 0.0363999861292541, ""K2_retrieval"": 249.31159999687225, ""K3_reranker"": 2193.407299986575, ""K8_weighted_ranking"": 1.3233000063337386, ""K3_candidate_filters"": 7.149200013373047, ""K9_advisory_consensus"": 0.006700051017105579, ""K4_nli_and_bypass_check"": 142.46500004082918, ""K5_decision"": 56.53229996096343}",17313
FACTURK-0176,YALAN,"[11277, 4817, 1610, 25169, 4340, 12685, 24184, 10416, 11617, 19061, 5209, 6532, 22504, 5007, 14212, 2338, 12542, 21954, 12819, 744]","[0.0002269338583573699, 0.07978200167417526, 1.7231572201126255e-05, 0.22901751101016998, 2.265035072923638e-05, 1.6442494597868063e-05, 0.00012148174573667347, 1.6187581422855146e-05, 0.008412977680563927, 3.7636447814293206e-05, 0.00020988310279790312, 3.619466951931827e-05, 0.04552200436592102, 2.2827996872365475e-05, 1.8342892872169614e-05, 1.8631746570463292e-05, 0.0003799845289904624, 0.0019800399895757437, 0.0019494021544232965, 1.6442494597868063e-05]","[0.0016636899672448635, 0.8846169710159302, 0.11371929943561554]","[0.0016636899672448635, 0.8846169710159302, 0.11371929943561554]",False,YALAN,UYARI,False,False,4501.204700034577,"{""K1_input_and_readiness"": 0.052099989261478186, ""K7_context"": 0.001400010660290718, ""K1_normalization"": 0.00990001717582345, ""K6_advisory"": 33.74829998938367, ""K1_intent"": 0.032100011594593525, ""K2_retrieval"": 226.54429997783154, ""K3_reranker"": 3107.035900000483, ""K8_weighted_ranking"": 1.3875000295229256, ""K3_candidate_filters"": 7.174199970904738, ""K9_advisory_consensus"": 0.00790000194683671, ""K4_nli_and_bypass_check"": 554.1782999644056, ""K5_decision"": 567.6125999889337}",25169
FACTURK-0177,YALAN,"[19484, 22465, 19816, 8740, 29474, 7224, 27522, 18975, 15546, 27004, 2720, 10902, 26306, 17510, 14277, 10285, 15372, 25758, 3579, 6232]","[0.02595735713839531, 0.11299101263284683, 0.0874079093337059, 0.010529711842536926, 0.28279000520706177, 0.14045409858226776, 0.002463006880134344, 0.022074386477470398, 0.047514185309410095, 0.2753245234489441, 0.024053551256656647, 0.188323974609375, 0.022074386477470398, 0.02048855647444725, 0.07004895806312561, 0.6776873469352722, 0.018941707909107208, 0.1173696517944336, 0.006338921841233969, 0.2890705466270447]","[0.04270246624946594, 0.004141408950090408, 0.9531561136245728]","[0.04270246624946594, 0.004141408950090408, 0.9531561136245728]",False,DOĞRU,ONAY,False,False,2895.8053999813274,"{""K1_input_and_readiness"": 0.05929998587816954, ""K7_context"": 0.001800013706088066, ""K1_normalization"": 0.010100018698722124, ""K6_advisory"": 34.16119999019429, ""K1_intent"": 0.031200004741549492, ""K2_retrieval"": 204.09130002371967, ""K3_reranker"": 2198.105100018438, ""K8_weighted_ranking"": 1.3300999999046326, ""K3_candidate_filters"": 7.020499964710325, ""K9_advisory_consensus"": 0.007399998139590025, ""K4_nli_and_bypass_check"": 254.75369999185205, ""K5_decision"": 192.87179998354986}",10285
FACTURK-0178,YALAN,"[28388, 26070, 12161, 4119, 15675, 22538, 26587, 27997, 26343, 25857, 11780, 6336, 15874, 12446, 19888, 25178, 8787, 16309, 30356, 24277]","[0.23970511555671692, 0.0007613258203491569, 0.0007466114475391805, 1.6061610949691385e-05, 3.975192521465942e-05, 0.00039977103006094694, 0.0012448433553799987, 0.0016103574307635427, 0.00046010586083866656, 0.04804735630750656, 0.002790037775412202, 0.0008727670647203922, 0.0001500056532677263, 9.915272676153108e-05, 0.0017614696407690644, 0.00019871552649419755, 0.005343256052583456, 0.011777842417359352, 0.005730246659368277, 0.00021995337738189846]","[0.0007099541835486889, 0.9982512593269348, 0.0010387978982180357]","[0.0007099541835486889, 0.9982512593269348, 0.0010387978982180357]",False,YALAN,UYARI,False,False,5347.749100008514,"{""K1_input_and_readiness"": 0.0659999786876142, ""K7_context"": 0.001500011421740055, ""K1_normalization"": 0.013299984857439995, ""K6_advisory"": 35.973999998532236, ""K1_intent"": 0.07569999434053898, ""K2_retrieval"": 283.90209999633953, ""K3_reranker"": 3308.5720000090078, ""K8_weighted_ranking"": 1.2794999638572335, ""K3_candidate_filters"": 6.238400004804134, ""K9_advisory_consensus"": 0.006699992809444666, ""K4_nli_and_bypass_check"": 861.052899970673, ""K5_decision"": 847.3399999784306}",28388
FACTURK-0179,DOĞRU,"[20593, 29609, 5214, 27098, 25113, 27780, 5724, 20468, 2386, 25969, 4506, 6056, 8654, 21925, 22131, 4872, 18101, 17988, 16554, 22328]","[0.9986541271209717, 2.6688529032981023e-05, 2.4682904040673748e-05, 1.593661909282673e-05, 0.005663865711539984, 2.7535690605873242e-05, 1.6314539607265033e-05, 1.9525883544702083e-05, 0.037326887249946594, 0.0013096056645736098, 1.6061610949691385e-05, 1.6314539607265033e-05, 0.0030278346966952085, 1.6061610949691385e-05, 1.657145367062185e-05, 0.00035281325108371675, 1.6061610949691385e-05, 1.593661909282673e-05, 0.000124362253700383, 0.00015356240328401327]",null,"[1.0, 0.0, 0.0]",True,YETERSİZ VERİ,KISMI,True,False,2355.4551000124775,"{""K1_input_and_readiness"": 0.04279997665435076, ""K7_context"": 0.001600012183189392, ""K1_normalization"": 0.00790000194683671, ""K6_advisory"": 34.11389997927472, ""K1_intent"": 0.03160000778734684, ""K2_retrieval"": 232.09939996013418, ""K3_reranker"": 2077.957100002095, ""K8_weighted_ranking"": 1.2329000164754689, ""K3_candidate_filters"": 6.346000009216368, ""K9_advisory_consensus"": 0.008100003469735384, ""K4_nli_and_bypass_check"": 0.1742999884299934, ""K5_decision"": 0.2270000404678285}",20593
FACTURK-0180,YALAN,"[2000, 25049, 4855, 4721, 4866, 5214, 11451, 15684, 8884, 18468, 21500, 10051, 12622, 4532, 8759, 5710, 4469, 7730, 13838, 11058]","[0.043042849749326706, 0.010013571009039879, 0.001383117400109768, 0.06108710914850235, 2.2474090656032786e-05, 0.018404889851808548, 1.6442494597868063e-05, 0.00011501735571073368, 0.009268013760447502, 0.7994422912597656, 0.0005484792054630816, 0.002560870721936226, 0.543347954750061, 0.000626334105618298, 0.00018093574908562005, 0.0012399960542097688, 1.8342892872169614e-05, 1.6187581422855146e-05, 7.722192094661295e-05, 0.16105617582798004]","[0.0018012758810073137, 0.012970509938895702, 0.9852281808853149]","[0.0018012758810073137, 0.012970509938895702, 0.9852281808853149]",False,YETERSİZ VERİ,KISMI,True,False,5113.386699988041,"{""K1_input_and_readiness"": 0.07700000423938036, ""K7_context"": 0.001600012183189392, ""K1_normalization"": 0.015400000847876072, ""K6_advisory"": 36.71970003051683, ""K1_intent"": 0.04789995728060603, ""K2_retrieval"": 269.63990001240745, ""K3_reranker"": 2836.001900024712, ""K8_weighted_ranking"": 1.3968999846838415, ""K3_candidate_filters"": 6.722499965690076, ""K9_advisory_consensus"": 0.007700000423938036, ""K4_nli_and_bypass_check"": 1074.6524999849498, ""K5_decision"": 884.0952000464313}",4721
FACTURK-0181,YALAN,"[14032, 18387, 30196, 15852, 8159, 11490, 29900, 16917, 28530, 18487, 18617, 4861, 22908, 24497, 10414, 18635, 24331, 24083, 11545, 22405]","[0.003350423648953438, 0.0006411777576431632, 0.002957902615889907, 4.231559796608053e-05, 0.0003225071995984763, 0.0003301527176517993, 0.00015720345254521817, 0.00010804955672938377, 4.5044595026411116e-05, 0.02382536791265011, 0.0006512682302854955, 0.0026522595435380936, 0.0004747042548842728, 0.00010229986219201237, 0.00982179306447506, 0.000192602863535285, 0.38722676038742065, 0.0002802109520416707, 0.0009659748757258058, 0.0002002737601287663]","[0.012862281873822212, 0.001719905063509941, 0.9854178428649902]","[0.012862281873822212, 0.001719905063509941, 0.9854178428649902]",False,YALAN,RED,False,False,2925.6350999930874,"{""K1_input_and_readiness"": 0.0811999780125916, ""K7_context"": 0.0022999593056738377, ""K1_normalization"": 0.037299992982298136, ""K6_advisory"": 40.2345999609679, ""K1_intent"": 0.057999975979328156, ""K2_retrieval"": 211.69809997081757, ""K3_reranker"": 2134.5698999939486, ""K8_weighted_ranking"": 1.3203999842517078, ""K3_candidate_filters"": 7.690600003115833, ""K9_advisory_consensus"": 0.00689999433234334, ""K4_nli_and_bypass_check"": 292.5583999603987, ""K5_decision"": 234.09979999996722}",18487
FACTURK-0182,DOĞRU,"[1120, 25757, 9686, 8503, 15618, 25115, 29017, 9527, 21415, 14105, 27517, 3452, 29365, 20531, 19835, 26567, 704, 3259, 29838, 15978]","[0.004086002707481384, 0.004281254485249519, 0.003538086311891675, 0.4538971781730652, 0.6868953704833984, 0.0003500686143524945, 0.010052368976175785, 1.7917987861437723e-05, 4.469407213036902e-05, 0.0004044814850203693, 0.0029464049730449915, 1.6314539607265033e-05, 0.00012533752305898815, 1.6314539607265033e-05, 0.9465966820716858, 1.6061610949691385e-05, 0.0074030146934092045, 0.0003514382697176188, 0.0010608151787891984, 0.015424552373588085]","[0.9978280663490295, 0.0008857907960191369, 0.00128614017739892]","[0.9978280663490295, 0.0008857907960191369, 0.00128614017739892]",False,YETERSİZ VERİ,KISMI,True,False,3872.61890002992,"{""K1_input_and_readiness"": 0.04240003181621432, ""K7_context"": 0.0013999524526298046, ""K1_normalization"": 0.008600007276982069, ""K6_advisory"": 33.82670000428334, ""K1_intent"": 0.03239995567128062, ""K2_retrieval"": 204.88259999547154, ""K3_reranker"": 3312.957299989648, ""K8_weighted_ranking"": 1.3732999796047807, ""K3_candidate_filters"": 6.500300019979477, ""K9_advisory_consensus"": 0.006600050255656242, ""K4_nli_and_bypass_check"": 195.57669997448102, ""K5_decision"": 114.08210004447028}",19835
FACTURK-0183,DOĞRU,"[12380, 6322, 20718, 20932, 26371, 24551, 14190, 16502, 9718, 14909, 28415, 26393, 28654, 28254, 8486, 15899, 24012, 9387, 11229, 23551]","[0.01358439214527607, 0.0003275842755101621, 0.0028009270317852497, 0.0004108485300093889, 0.0035243413876742125, 1.6442494597868063e-05, 0.0017752605490386486, 5.5622065701754764e-05, 0.00016346470511052758, 2.4876489987946115e-05, 0.0002269338583573699, 3.269927037763409e-05, 0.00029137005913071334, 0.00016093082376755774, 0.000159678646014072, 0.006463137920945883, 3.4808123018592596e-05, 1.750292540236842e-05, 0.00024536947603337467, 2.1278065105434507e-05]","[0.6189813613891602, 0.1260351836681366, 0.25498345494270325]","[0.6189813613891602, 0.1260351836681366, 0.25498345494270325]",False,YALAN,UYARI,False,False,3266.7422000085935,"{""K1_input_and_readiness"": 0.04800001624971628, ""K7_context"": 0.0017999554984271526, ""K1_normalization"": 0.009300012607127428, ""K6_advisory"": 34.26809998927638, ""K1_intent"": 0.055699958465993404, ""K2_retrieval"": 233.99330000393093, ""K3_reranker"": 2566.343099984806, ""K8_weighted_ranking"": 1.2002000003121793, ""K3_candidate_filters"": 6.171100016217679, ""K9_advisory_consensus"": 0.006799993570894003, ""K4_nli_and_bypass_check"": 248.61310003325343, ""K5_decision"": 172.51810000743717}",12380
FACTURK-0184,DOĞRU,"[11764, 1410, 9488, 542, 14511, 21637, 27031, 2739, 22527, 11839, 29879, 23547, 13590, 2431, 28017, 12922, 19554, 9599, 13938, 3770]","[0.1581743359565735, 0.02527489699423313, 0.07290027290582657, 0.0002234163403045386, 0.000337979436153546, 0.02076473832130432, 0.00025714197545312345, 0.001512938179075718, 2.094818773912266e-05, 0.00013982206291984767, 4.365878339740448e-05, 0.000458312890259549, 2.178264912799932e-05, 0.01024860143661499, 0.0004013350699096918, 7.484622619813308e-05, 0.0008559006964787841, 1.7366719475830905e-05, 0.0026834397576749325, 3.7931622500764206e-05]","[0.03500129655003548, 0.7841179370880127, 0.18088074028491974]","[0.03500129655003548, 0.7841179370880127, 0.18088074028491974]",False,YALAN,RED,False,False,3087.882800027728,"{""K1_input_and_readiness"": 0.0754999928176403, ""K7_context"": 0.001700012944638729, ""K1_normalization"": 0.015400000847876072, ""K6_advisory"": 36.23760002665222, ""K1_intent"": 0.05990004865452647, ""K2_retrieval"": 288.8978000264615, ""K3_reranker"": 2612.662100000307, ""K8_weighted_ranking"": 1.3993000029586256, ""K3_candidate_filters"": 6.9340000045485795, ""K9_advisory_consensus"": 0.006599992047995329, ""K4_nli_and_bypass_check"": 138.03410000400618, ""K5_decision"": 0.47719996655359864}",11839
FACTURK-0185,DOĞRU,"[18230, 10903, 18181, 2007, 5164, 22922, 12152, 18865, 22209, 526, 20027, 23463, 1582, 3233, 14101, 11989, 4186, 17961, 13302, 23656]","[0.0013458604225888848, 0.0003301527176517993, 0.0011291546979919076, 0.002074867021292448, 0.002199798123911023, 0.006718870252370834, 0.00034329999471083283, 0.010052368976175785, 0.00034464316559024155, 2.526822754589375e-05, 0.0001547666179249063, 3.70529705833178e-05, 0.0011879054363816977, 2.178264912799932e-05, 0.002199798123911023, 0.00018667821132112294, 3.426849070820026e-05, 1.805851934477687e-05, 0.00010804955672938377, 4.870464181294665e-05]","[0.0028954460285604, 0.9964774250984192, 0.0006271630409173667]","[0.0028954460285604, 0.9964774250984192, 0.0006271630409173667]",False,YETERSİZ VERİ,RET,True,False,3470.4779000021517,"{""K1_input_and_readiness"": 0.056800025049597025, ""K7_context"": 0.0016999547369778156, ""K1_normalization"": 0.010700023267418146, ""K6_advisory"": 39.14120001718402, ""K1_intent"": 0.045900000259280205, ""K2_retrieval"": 224.53939996194094, ""K3_reranker"": 2069.8125999770127, ""K8_weighted_ranking"": 1.0928999981842935, ""K3_candidate_filters"": 6.116400007158518, ""K9_advisory_consensus"": 0.00790000194683671, ""K4_nli_and_bypass_check"": 580.4137000232004, ""K5_decision"": 546.0163000389002}",14101
FACTURK-0186,DOĞRU,"[22218, 12864, 21058, 13989, 12715, 5023, 9150, 28547, 20446, 5535, 1499, 13390, 27696, 25228, 1272, 28144, 11479, 11125, 18332, 23757]","[0.6504672765731812, 0.022715754806995392, 0.000437334441812709, 0.07198162376880646, 0.09268777817487717, 0.017309095710515976, 0.22135066986083984, 0.004101929254829884, 0.046378202736377716, 0.006003595422953367, 0.006984650157392025, 0.0030160662718117237, 0.03155902028083801, 0.7975568175315857, 0.020567094907164574, 0.38110437989234924, 0.016850080341100693, 0.08601588010787964, 0.0075479233637452126, 0.0012893283274024725]","[0.0007005333318375051, 0.011245327070355415, 0.988054096698761]","[0.0007005333318375051, 0.011245327070355415, 0.988054096698761]",False,DOĞRU,ONAY,False,False,3452.5802999851294,"{""K1_input_and_readiness"": 0.09200000204145908, ""K7_context"": 0.001800013706088066, ""K1_normalization"": 0.019499973859637976, ""K6_advisory"": 35.85809998912737, ""K1_intent"": 0.04740001168102026, ""K2_retrieval"": 306.86100001912564, ""K3_reranker"": 2961.0167000209913, ""K8_weighted_ranking"": 1.0712000075727701, ""K3_candidate_filters"": 5.543299950659275, ""K9_advisory_consensus"": 0.006599992047995329, ""K4_nli_and_bypass_check"": 138.3833999861963, ""K5_decision"": 0.4116999916732311}",25228
FACTURK-0187,DOĞRU,"[6858, 1791, 17272, 3889, 29381, 9214, 8352, 21772, 13354, 17824, 25444, 25038, 7762, 15609, 23933, 8315, 21737, 16434, 6816, 1056]","[0.0017342078499495983, 0.0002251682453788817, 0.22371606528759003, 0.0006986756343394518, 2.4876489987946115e-05, 0.02319762483239174, 0.0002131875662598759, 0.00021152888075448573, 0.0006462032906711102, 1.67014204635052e-05, 0.0501442477107048, 0.26664361357688904, 1.683241134742275e-05, 0.06754669547080994, 0.02010023407638073, 1.67014204635052e-05, 0.03339982032775879, 4.1335399146191776e-05, 0.000192602863535285, 7.031184941297397e-05]","[0.00024838646641001105, 0.9979668259620667, 0.001784770400263369]","[0.00024838646641001105, 0.9979668259620667, 0.001784770400263369]",False,YETERSİZ VERİ,RET,True,False,4869.57669997355,"{""K1_input_and_readiness"": 0.052099989261478186, ""K7_context"": 0.001700012944638729, ""K1_normalization"": 0.021799991372972727, ""K6_advisory"": 35.725300025660545, ""K1_intent"": 0.03850000211969018, ""K2_retrieval"": 219.09049997339025, ""K3_reranker"": 3831.251199997496, ""K8_weighted_ranking"": 1.4611000078730285, ""K3_candidate_filters"": 6.653800024650991, ""K9_advisory_consensus"": 0.007499998901039362, ""K4_nli_and_bypass_check"": 403.8096000440419, ""K5_decision"": 368.297100008931}",17272
FACTURK-0188,YALAN,"[5578, 5949, 24661, 21674, 12087, 30148, 4532, 4452, 29415, 3324, 29267, 28266, 3185, 2080, 12071, 6189, 28091, 22587, 4160, 27302]","[0.0017614696407690644, 0.00039357561036013067, 0.00012731103925034404, 0.0064882696606218815, 0.042087726294994354, 0.007011794950813055, 0.002278330735862255, 0.01353214867413044, 0.00035281325108371675, 0.008847354911267757, 0.0010566838318482041, 0.00048406238784082234, 0.0008727670647203922, 8.888084994396195e-05, 0.0007437028689309955, 0.0001344663032796234, 1.9073577277595177e-05, 2.1278065105434507e-05, 3.071818719035946e-05, 1.6061610949691385e-05]","[0.0006692555616609752, 0.9982988238334656, 0.0010319885332137346]","[0.0006692555616609752, 0.9982988238334656, 0.0010319885332137346]",False,YETERSİZ VERİ,RET,True,False,5048.4784000436775,"{""K1_input_and_readiness"": 0.07400003960356116, ""K7_context"": 0.00200001522898674, ""K1_normalization"": 0.012499978765845299, ""K6_advisory"": 36.51119995629415, ""K1_intent"": 0.06230000872164965, ""K2_retrieval"": 264.4607999827713, ""K3_reranker"": 2830.3413999965414, ""K8_weighted_ranking"": 1.1817999766208231, ""K3_candidate_filters"": 6.015799997840077, ""K9_advisory_consensus"": 0.006199989002197981, ""K4_nli_and_bypass_check"": 1012.0702999993227, ""K5_decision"": 894.6127000381239}",28266
FACTURK-0189,DOĞRU,"[19351, 18431, 13442, 29094, 11010, 7735, 23905, 17153, 12798, 5895, 5668, 9658, 16651, 19588, 28962, 21996, 16699, 5494, 12305, 24009]","[0.06313490122556686, 0.0003799845289904624, 0.00015720345254521817, 1.67014204635052e-05, 2.6897845600615256e-05, 1.9525883544702083e-05, 1.6442494597868063e-05, 0.06244528666138649, 1.6314539607265033e-05, 3.244481558795087e-05, 1.6314539607265033e-05, 4.0694576455280185e-05, 1.9525883544702083e-05, 1.6187581422855146e-05, 6.922183820279315e-05, 0.0025708682369440794, 0.048496000468730927, 8.415108459303156e-05, 1.6314539607265033e-05, 1.67014204635052e-05]","[0.0005003275000490248, 0.9992708563804626, 0.00022878967865835875]","[0.0005003275000490248, 0.9992708563804626, 0.00022878967865835875]",False,YETERSİZ VERİ,RET,True,False,2824.279699998442,"{""K1_input_and_readiness"": 0.04850002005696297, ""K7_context"": 0.0017999554984271526, ""K1_normalization"": 0.010100018698722124, ""K6_advisory"": 36.89319995464757, ""K1_intent"": 0.03960001049563289, ""K2_retrieval"": 202.2071999963373, ""K3_reranker"": 1797.775199986063, ""K8_weighted_ranking"": 1.1213000398129225, ""K3_candidate_filters"": 6.138900003861636, ""K9_advisory_consensus"": 0.009199953638017178, ""K4_nli_and_bypass_check"": 405.9615000151098, ""K5_decision"": 370.9487000014633}",5494
FACTURK-0190,YALAN,"[21442, 18363, 27285, 27885, 8127, 9622, 2615, 3887, 27879, 7227, 27467, 24621, 17660, 24271, 21657, 20506, 10655, 26771, 20768, 20891]","[0.0005112579092383385, 0.0003301527176517993, 0.0008864988922141492, 2.586742994026281e-05, 0.0011203772155568004, 0.00018093574908562005, 0.0003799845289904624, 0.0004994205664843321, 0.0014895173953846097, 0.009412589482963085, 0.0003006163169629872, 0.00815624836832285, 0.0013096056645736098, 0.04509957134723663, 6.253713218029588e-05, 0.052327629178762436, 0.0008796061738394201, 0.0007321811863221228, 0.0015916259726509452, 0.0005907104350626469]","[0.02018464170396328, 0.3927929401397705, 0.5870224237442017]","[0.02018464170396328, 0.3927929401397705, 0.5870224237442017]",False,YALAN,RED,False,False,2113.4561999933794,"{""K1_input_and_readiness"": 0.04439998883754015, ""K7_context"": 0.001500011421740055, ""K1_normalization"": 0.009300012607127428, ""K6_advisory"": 33.13870000420138, ""K1_intent"": 0.028500042390078306, ""K2_retrieval"": 203.67669995175675, ""K3_reranker"": 1488.321500015445, ""K8_weighted_ranking"": 1.1602999875321984, ""K3_candidate_filters"": 5.837400036398321, ""K9_advisory_consensus"": 0.006099988240748644, ""K4_nli_and_bypass_check"": 191.09839998418465, ""K5_decision"": 186.45169999217615}",8127
FACTURK-0191,DOĞRU,"[5224, 19539, 17558, 12191, 25103, 26149, 24920, 3972, 489, 7290, 10178, 21619, 16071, 14360, 12175, 20963, 7967, 17152, 9013, 17870]","[0.0008899655076675117, 2.4300241420860402e-05, 0.002511463360860944, 1.9525883544702083e-05, 1.67014204635052e-05, 1.6314539607265033e-05, 1.6187581422855146e-05, 2.818866414600052e-05, 1.7097478121286258e-05, 2.1112482500029728e-05, 1.593661909282673e-05, 8.888084994396195e-05, 0.00032503585680387914, 1.6187581422855146e-05, 1.922317096614279e-05, 1.6061610949691385e-05, 1.593661909282673e-05, 1.6314539607265033e-05, 1.6187581422855146e-05, 2.4682904040673748e-05]","[0.3042563199996948, 0.04586111381649971, 0.6498825550079346]","[0.3042563199996948, 0.04586111381649971, 0.6498825550079346]",False,YALAN,RED,False,False,2193.6482000164688,"{""K1_input_and_readiness"": 0.0706000137142837, ""K7_context"": 0.001900014467537403, ""K1_normalization"": 0.011800031643360853, ""K6_advisory"": 37.4372000223957, ""K1_intent"": 0.05559995770454407, ""K2_retrieval"": 217.9737000260502, ""K3_reranker"": 1539.4040999817662, ""K8_weighted_ranking"": 1.197699981275946, ""K3_candidate_filters"": 5.935500026680529, ""K9_advisory_consensus"": 0.006300047971308231, ""K4_nli_and_bypass_check"": 216.87320002820343, ""K5_decision"": 171.38240003259853}",10178
FACTURK-0192,DOĞRU,"[19325, 27343, 11505, 20335, 6977, 2313, 1288, 5692, 28002, 12545, 10454, 12305, 27852, 6334, 24499, 10438, 16288, 19631, 4147, 23204]","[0.9460012316703796, 0.00020825010142289102, 0.00012731103925034404, 0.0001559802913106978, 0.00015843621804378927, 0.0008199321455322206, 4.006369272246957e-05, 0.00022167809947859496, 0.0011469158343970776, 0.000539980421308428, 0.00013982206291984767, 7.254361844388768e-05, 0.0001344663032796234, 0.0005112579092383385, 0.0004747042548842728, 5.694102947018109e-05, 1.6314539607265033e-05, 2.1278065105434507e-05, 1.6314539607265033e-05, 0.0008796061738394201]","[0.03192662075161934, 0.9670531749725342, 0.0010201475815847516]","[0.03192662075161934, 0.9670531749725342, 0.0010201475815847516]",False,YETERSİZ VERİ,RET,True,False,2823.465599969495,"{""K1_input_and_readiness"": 0.050499977078288794, ""K7_context"": 0.001800013706088066, ""K1_normalization"": 0.009699957445263863, ""K6_advisory"": 35.8665999956429, ""K1_intent"": 0.05619996227324009, ""K2_retrieval"": 265.5975000234321, ""K3_reranker"": 2183.4596999688074, ""K8_weighted_ranking"": 1.2758999946527183, ""K3_candidate_filters"": 6.622700020670891, ""K9_advisory_consensus"": 0.012300035450607538, ""K4_nli_and_bypass_check"": 213.27349997591227, ""K5_decision"": 114.14890002924949}",19325
FACTURK-0193,DOĞRU,"[4093, 4710, 2121, 16665, 27488, 25295, 28378, 4659, 11250, 17797, 7409, 18508, 14559, 3503, 17170, 7203, 23512, 16807, 9953, 2623]","[0.025662705302238464, 0.12787027657032013, 0.0032350558321923018, 0.0001621928095119074, 0.0003889921063091606, 0.004520817659795284, 0.000609450158663094, 5.694102947018109e-05, 9.387641330249608e-05, 0.015543648041784763, 0.0018102108733728528, 0.0001956353517016396, 0.00014539113908540457, 0.0014550630003213882, 4.1659583075670525e-05, 0.059101540595293045, 0.0001511819864390418, 0.0013993984321132302, 2.7751651941798627e-05, 0.001004416379146278]","[0.0019880742765963078, 0.06986615806818008, 0.9281458258628845]","[0.0019880742765963078, 0.06986615806818008, 0.9281458258628845]",False,DOĞRU,ONAY,False,False,3819.1425000550225,"{""K1_input_and_readiness"": 0.04539999645203352, ""K7_context"": 0.001300009898841381, ""K1_normalization"": 0.009000010322779417, ""K6_advisory"": 34.495299973059446, ""K1_intent"": 0.043899985030293465, ""K2_retrieval"": 217.21019997494295, ""K3_reranker"": 2986.8332000332884, ""K8_weighted_ranking"": 1.3359999866224825, ""K3_candidate_filters"": 6.999999983236194, ""K9_advisory_consensus"": 0.01109996810555458, ""K4_nli_and_bypass_check"": 348.979500005953, ""K5_decision"": 220.07370000937954}",4710
FACTURK-0194,DOĞRU,"[8602, 5958, 15787, 28867, 9563, 25004, 12818, 23631, 475, 25873, 10217, 3737, 22737, 17958, 4791, 4694, 23117, 2157, 10662, 3641]","[0.029760092496871948, 0.0002780309587251395, 4.1335399146191776e-05, 0.004591683857142925, 4.683888619183563e-05, 0.00014091856428422034, 0.00021824207215104252, 5.738759500673041e-05, 0.005865338258445263, 0.00010720880527514964, 0.008251599036157131, 6.014152313582599e-05, 3.619466951931827e-05, 7.254361844388768e-05, 7.602479308843613e-05, 0.0015669887652620673, 7.031184941297397e-05, 3.9135655242716894e-05, 0.00032503585680387914, 7.602479308843613e-05]","[0.022256290540099144, 0.971701443195343, 0.006042281165719032]","[0.022256290540099144, 0.971701443195343, 0.006042281165719032]",False,YETERSİZ VERİ,RET,True,False,4139.795199967921,"{""K1_input_and_readiness"": 0.05549995694309473, ""K7_context"": 0.001900014467537403, ""K1_normalization"": 0.011000025551766157, ""K6_advisory"": 36.31240001413971, ""K1_intent"": 0.03779999678954482, ""K2_retrieval"": 213.53429998271167, ""K3_reranker"": 3117.720400041435, ""K8_weighted_ranking"": 1.1769999982789159, ""K3_candidate_filters"": 6.37090002419427, ""K9_advisory_consensus"": 0.006399990525096655, ""K4_nli_and_bypass_check"": 417.51609998755157, ""K5_decision"": 343.7868999899365}",8602
FACTURK-0195,YALAN,"[4770, 25033, 30006, 2129, 4872, 75, 28039, 125, 7577, 25399, 17816, 18895, 27699, 1890, 12613, 27074, 20837, 9360, 17066, 5756]","[0.00027372167096473277, 0.00010637458035489544, 0.000191104321856983, 0.0003569706459529698, 1.7097478121286258e-05, 0.00020342698553577065, 1.7778551409719512e-05, 0.00020825010142289102, 2.1278065105434507e-05, 0.0002591582597233355, 6.761842087144032e-05, 0.00020502213737927377, 0.000487857119878754, 1.6187581422855146e-05, 0.0001673405058681965, 1.6187581422855146e-05, 0.0001837845629779622, 1.683241134742275e-05, 4.794958294951357e-05, 4.832564081880264e-05]","[0.007130398415029049, 0.9896360039710999, 0.0032335955183953047]","[0.007130398415029049, 0.9896360039710999, 0.0032335955183953047]",False,YALAN,UYARI,False,False,2762.355800019577,"{""K1_input_and_readiness"": 0.04569999873638153, ""K7_context"": 0.001600012183189392, ""K1_normalization"": 0.007700000423938036, ""K6_advisory"": 34.41029996611178, ""K1_intent"": 0.03090000245720148, ""K2_retrieval"": 208.22179998503998, ""K3_reranker"": 2047.5869000074454, ""K8_weighted_ranking"": 1.316600013524294, ""K3_candidate_filters"": 5.602699995506555, ""K9_advisory_consensus"": 0.005100038833916187, ""K4_nli_and_bypass_check"": 240.79369998071343, ""K5_decision"": 221.16990003269166}",25399
FACTURK-0196,DOĞRU,"[24272, 1218, 18325, 7662, 5817, 2566, 12706, 11149, 11901, 13591, 7441, 16473, 13586, 18352, 9606, 19558, 13813, 10484, 15923, 16948]","[0.00044770087697543204, 0.0002287133247591555, 0.0006798428948968649, 0.00021824207215104252, 1.6964426322374493e-05, 0.0003053489199373871, 0.0023688741493970156, 5.920916373725049e-05, 0.0007466114475391805, 0.001747785834595561, 0.00407013762742281, 1.6964426322374493e-05, 1.8486754925106652e-05, 0.005620036274194717, 4.757645365316421e-05, 4.575391358230263e-05, 2.0623421733034775e-05, 3.4001819585682824e-05, 0.0008295892039313912, 1.6442494597868063e-05]","[0.0002949422050733119, 0.9994619488716125, 0.0002431588072795421]","[0.0002949422050733119, 0.9994619488716125, 0.0002431588072795421]",False,YETERSİZ VERİ,RET,True,False,2595.3534999862313,"{""K1_input_and_readiness"": 0.05390000296756625, ""K7_context"": 0.001400010660290718, ""K1_normalization"": 0.011299969628453255, ""K6_advisory"": 34.92479998385534, ""K1_intent"": 0.036999990697950125, ""K2_retrieval"": 234.7544999793172, ""K3_reranker"": 2229.881400009617, ""K8_weighted_ranking"": 1.3688000035472214, ""K3_candidate_filters"": 7.244499982334673, ""K9_advisory_consensus"": 0.007999944500625134, ""K4_nli_and_bypass_check"": 83.52780004497617, ""K5_decision"": 0.3871000371873379}",19558
FACTURK-0197,YALAN,"[5272, 5300, 20863, 29196, 10360, 4119, 14792, 12161, 30347, 13711, 1840, 6047, 29875, 30352, 21515, 3315, 24421, 21495, 4384, 24454]","[0.4563492238521576, 0.4480036199092865, 0.0028009270317852497, 0.0003150386910419911, 0.00049553596181795, 6.402006692951545e-05, 0.005040702875703573, 0.05155818909406662, 0.18403315544128418, 0.1557193398475647, 0.007968815043568611, 0.0626743733882904, 1.9833367332466878e-05, 0.0014779430348426104, 0.007846239022910595, 0.002580904169008136, 0.006388320587575436, 2.2827996872365475e-05, 0.009633651934564114, 1.683241134742275e-05]","[0.0018723031971603632, 0.983863115310669, 0.014264523051679134]","[0.0018723031971603632, 0.983863115310669, 0.014264523051679134]",False,YALAN,UYARI,False,False,4888.738300011028,"{""K1_input_and_readiness"": 0.0798000255599618, ""K7_context"": 0.001600012183189392, ""K1_normalization"": 0.015600002370774746, ""K6_advisory"": 35.37729999516159, ""K1_intent"": 0.059699988923966885, ""K2_retrieval"": 316.55420002061874, ""K3_reranker"": 4338.874300010502, ""K8_weighted_ranking"": 1.4176000258885324, ""K3_candidate_filters"": 7.0729999570176005, ""K9_advisory_consensus"": 0.007199996616691351, ""K4_nli_and_bypass_check"": 185.28619996504858, ""K5_decision"": 0.2559999702498317}",5272
FACTURK-0198,DOĞRU,"[23181, 26284, 22218, 1272, 2993, 29892, 11479, 25228, 15787, 27696, 25225, 12809, 8347, 28417, 21089, 9039, 6047, 1302, 28347, 23686]","[0.14730967581272125, 0.5824910402297974, 0.20721471309661865, 0.026455774903297424, 0.005260852165520191, 0.027376487851142883, 0.03697755187749863, 0.03919513151049614, 0.013273886404931545, 0.35353976488113403, 0.045183755457401276, 0.016466174274683, 0.016593176871538162, 0.49782949686050415, 0.19147881865501404, 0.4706149399280548, 0.00027372167096473277, 0.0011424495605751872, 0.005957154091447592, 0.003854363691061735]","[0.0007621212280355394, 0.1832427680492401, 0.8159950971603394]","[0.0007621212280355394, 0.1832427680492401, 0.8159950971603394]",False,DOĞRU,ONAY,False,False,4182.882499997504,"{""K1_input_and_readiness"": 0.07730000652372837, ""K7_context"": 0.001600012183189392, ""K1_normalization"": 0.013400043826550245, ""K6_advisory"": 37.19280002405867, ""K1_intent"": 0.04740001168102026, ""K2_retrieval"": 258.51760001387447, ""K3_reranker"": 2572.6984000066295, ""K8_weighted_ranking"": 1.3504999806173146, ""K3_candidate_filters"": 6.6439000074751675, ""K9_advisory_consensus"": 0.007200054824352264, ""K4_nli_and_bypass_check"": 677.1841000299901, ""K5_decision"": 625.9116000146605}",26284
FACTURK-0199,DOĞRU,"[12333, 19190, 5039, 6412, 13983, 1562, 12469, 27018, 6069, 29539, 25231, 4002, 21998, 8813, 11330, 16824, 23772, 10656, 3249, 9572]","[0.01024860143661499, 0.0006000071880407631, 0.00026530236937105656, 0.0011335690505802631, 0.00031015597051009536, 1.6442494597868063e-05, 1.6314539607265033e-05, 0.00026947917649522424, 0.0007208379684016109, 5.5622065701754764e-05, 1.7097478121286258e-05, 1.7366719475830905e-05, 0.00016603845870122313, 0.0006118340534158051, 8.415108459303156e-05, 6.0613183450186625e-05, 0.0025909794494509697, 3.1201914680423215e-05, 1.6442494597868063e-05, 0.0011559007689356804]","[0.0007931919535622001, 0.9988962411880493, 0.00031049997778609395]","[0.0007931919535622001, 0.9988962411880493, 0.00031049997778609395]",False,YETERSİZ VERİ,RET,True,False,4653.590000001714,"{""K1_input_and_readiness"": 0.047600013203918934, ""K7_context"": 0.001600012183189392, ""K1_normalization"": 0.008600007276982069, ""K6_advisory"": 34.81470001861453, ""K1_intent"": 0.03409996861591935, ""K2_retrieval"": 249.46409999392927, ""K3_reranker"": 3541.3171999971382, ""K8_weighted_ranking"": 1.4831000007689, ""K3_candidate_filters"": 7.198100036475807, ""K9_advisory_consensus"": 0.007199996616691351, ""K4_nli_and_bypass_check"": 441.0282000317238, ""K5_decision"": 374.74070000462234}",6069
FACTURK-0200,DOĞRU,"[4119, 24217, 3423, 25108, 12763, 16322, 10, 30120, 26227, 3339, 6312, 14012, 15755, 21058, 7120, 8602, 2506, 7623, 8507, 5535]","[1.7366719475830905e-05, 0.020332353189587593, 0.28348374366760254, 0.008412977680563927, 0.001987774157896638, 3.4537253668531775e-05, 0.039048291742801666, 0.0014214044203981757, 0.0008199321455322206, 0.0007947254925966263, 7.905303937150165e-05, 0.0013096056645736098, 0.00029137005913071334, 0.00013658353418577462, 0.19528697431087494, 0.007039045449346304, 0.0001956353517016396, 0.0001686527393758297, 3.5633544030133635e-05, 0.00018667821132112294]","[0.0018412978388369083, 0.9918584227561951, 0.00630025053396821]","[0.0018412978388369083, 0.9918584227561951, 0.00630025053396821]",False,YALAN,UYARI,False,False,3317.258800030686,"{""K1_input_and_readiness"": 0.08969998452812433, ""K7_context"": 0.001700012944638729, ""K1_normalization"": 0.014599994756281376, ""K6_advisory"": 36.415599985048175, ""K1_intent"": 0.0523999915458262, ""K2_retrieval"": 316.7020999826491, ""K3_reranker"": 2812.4362000380643, ""K8_weighted_ranking"": 1.732699980493635, ""K3_candidate_filters"": 7.29390000924468, ""K9_advisory_consensus"": 0.006399990525096655, ""K4_nli_and_bypass_check"": 138.98530002916232, ""K5_decision"": 0.21180004114285111}",24217
FACTURK-0201,DOĞRU,"[24946, 6387, 10614, 1212, 22301, 29832, 5133, 11411, 13673, 2724, 20296, 16041, 17124, 14919, 16218, 26733, 3670, 23215, 18988, 29507]","[0.9995505213737488, 0.009020279161632061, 0.19436779618263245, 0.027954399585723877, 0.0003569706459529698, 0.00034870431409217417, 0.00034870431409217417, 0.0005092656938359141, 6.452214438468218e-05, 0.02433018945157528, 0.00038446192047558725, 0.00011682839976856485, 1.6061610949691385e-05, 0.0005861161625944078, 0.004773722495883703, 0.00043904531048610806, 0.004982269834727049, 0.0019646615255624056, 0.0008040859247557819, 0.0023596605751663446]",null,"[1.0, 0.0, 0.0]",True,YETERSİZ VERİ,KISMI,True,False,3354.693600034807,"{""K1_input_and_readiness"": 0.07429998368024826, ""K7_context"": 0.001800013706088066, ""K1_normalization"": 0.012999982573091984, ""K6_advisory"": 39.08070002216846, ""K1_intent"": 0.03850000211969018, ""K2_retrieval"": 215.74729995336384, ""K3_reranker"": 3086.6361999651417, ""K8_weighted_ranking"": 1.3991000014357269, ""K3_candidate_filters"": 7.183800044003874, ""K9_advisory_consensus"": 0.007399998139590025, ""K4_nli_and_bypass_check"": 0.23399997735396028, ""K5_decision"": 1.0148999863304198}",24946
FACTURK-0202,DOĞRU,"[29775, 22661, 24091, 4525, 5206, 17307, 8293, 8064, 19296, 20659, 30200, 13876, 4056, 11061, 28389, 11482, 22309, 9984, 7686, 16472]","[0.01342825498431921, 0.005685906857252121, 0.006903838831931353, 0.008093290030956268, 0.0018102108733728528, 0.00677120964974165, 0.007937993854284286, 0.004248078912496567, 0.005119676236063242, 0.0007014083093963563, 0.0004407629603520036, 5.783766391687095e-05, 0.0012644219677895308, 5.0644717703107744e-05, 0.00013658353418577462, 4.539786823443137e-05, 0.0011424495605751872, 6.976470467634499e-05, 7.368592923739925e-05, 0.0007379196467809379]","[0.0006195778260007501, 0.998902440071106, 0.0004779435112141073]","[0.0006195778260007501, 0.998902440071106, 0.0004779435112141073]",False,YALAN,RED,False,False,3057.8989000059664,"{""K1_input_and_readiness"": 0.06769999163225293, ""K7_context"": 0.0016999547369778156, ""K1_normalization"": 0.011700030881911516, ""K6_advisory"": 36.453999986406416, ""K1_intent"": 0.04870002157986164, ""K2_retrieval"": 230.43789999792352, ""K3_reranker"": 2757.024699996691, ""K8_weighted_ranking"": 1.2953999685123563, ""K3_candidate_filters"": 6.042899971362203, ""K9_advisory_consensus"": 0.007099995855242014, ""K4_nli_and_bypass_check"": 22.711800003889948, ""K5_decision"": 0.4971000016666949}",4525
FACTURK-0203,YALAN,"[29110, 7773, 4632, 18925, 6920, 1522, 12134, 28320, 11978, 26261, 14298, 29203, 29255, 806, 15490, 19698, 30481, 23869, 30480, 1988]","[0.9965837001800537, 0.005842605605721474, 0.0007014083093963563, 7.843789353501052e-05, 0.0004124558763578534, 0.20339089632034302, 0.002822832902893424, 0.00039666122756898403, 0.07613247632980347, 0.0004897656035609543, 0.00028462239424698055, 0.00020184421737212688, 0.000570315751247108, 0.031439851969480515, 0.49691399931907654, 0.0002396868512732908, 1.6314539607265033e-05, 0.0001015038214973174, 1.6442494597868063e-05, 0.0008525666198693216]",null,"[1.0, 0.0, 0.0]",True,YALAN,UYARI,False,False,3610.769100021571,"{""K1_input_and_readiness"": 0.03809999907389283, ""K7_context"": 0.001800013706088066, ""K1_normalization"": 0.00790000194683671, ""K6_advisory"": 35.33629997400567, ""K1_intent"": 0.0323000131174922, ""K2_retrieval"": 208.01070000743493, ""K3_reranker"": 3355.9287000098266, ""K8_weighted_ranking"": 1.1634999536909163, ""K3_candidate_filters"": 6.314099999144673, ""K9_advisory_consensus"": 0.007099995855242014, ""K4_nli_and_bypass_check"": 0.3029999788850546, ""K5_decision"": 0.38080004742369056}",29110
FACTURK-0204,DOĞRU,"[10770, 25701, 29480, 12616, 21676, 1781, 4012, 14033, 28728, 14044, 1970, 18355, 20341, 9013, 11155, 6234, 7148, 19578, 2688, 18535]","[0.05613277852535248, 0.000458312890259549, 0.08850465714931488, 2.094818773912266e-05, 0.0004765612829942256, 2.3007036361377686e-05, 1.7778551409719512e-05, 1.6061610949691385e-05, 0.0013045065570622683, 4.0694576455280185e-05, 0.010288300924003124, 3.321419353596866e-05, 2.6897845600615256e-05, 1.6314539607265033e-05, 1.6314539607265033e-05, 0.002191240666434169, 0.0014103584690019488, 0.00023413581948261708, 1.6061610949691385e-05, 0.0009075025445781648]","[0.003080063033849001, 0.9930644631385803, 0.0038554687052965164]","[0.003080063033849001, 0.9930644631385803, 0.0038554687052965164]",False,YETERSİZ VERİ,RET,True,False,5675.759500009008,"{""K1_input_and_readiness"": 0.07409998215734959, ""K7_context"": 0.001900014467537403, ""K1_normalization"": 0.012599979527294636, ""K6_advisory"": 37.49660000903532, ""K1_intent"": 0.05259999306872487, ""K2_retrieval"": 271.3193000527099, ""K3_reranker"": 3712.529100012034, ""K8_weighted_ranking"": 1.5050999936647713, ""K3_candidate_filters"": 6.534399988595396, ""K9_advisory_consensus"": 0.006799993570894003, ""K4_nli_and_bypass_check"": 867.6903999876231, ""K5_decision"": 775.251200015191}",14044
FACTURK-0205,DOĞRU,"[20122, 26698, 28378, 4516, 19554, 16363, 23251, 13218, 4999, 26468, 12375, 16671, 29365, 3607, 25037, 14498, 621, 9980, 15290, 20529]","[0.004591683857142925, 2.318747829122003e-05, 1.8631746570463292e-05, 7.141901005525142e-05, 1.657145367062185e-05, 0.0014325366355478764, 0.0013617033837363124, 0.00015236754552461207, 5.783766391687095e-05, 2.1278065105434507e-05, 1.6187581422855146e-05, 1.6187581422855146e-05, 1.6442494597868063e-05, 1.9988918211311102e-05, 4.985958003089763e-05, 0.00020662980386987329, 1.6314539607265033e-05, 1.6314539607265033e-05, 1.657145367062185e-05, 5.649793456541374e-05]","[0.016808748245239258, 0.977331817150116, 0.005859398283064365]","[0.016808748245239258, 0.977331817150116, 0.005859398283064365]",False,YETERSİZ VERİ,RET,True,False,2695.5617999774404,"{""K1_input_and_readiness"": 0.053499999921768904, ""K7_context"": 0.001600012183189392, ""K1_normalization"": 0.009300012607127428, ""K6_advisory"": 35.25049996096641, ""K1_intent"": 0.03300001844763756, ""K2_retrieval"": 209.5592999830842, ""K3_reranker"": 2028.874299954623, ""K8_weighted_ranking"": 1.3978999922983348, ""K3_candidate_filters"": 7.033800007775426, ""K9_advisory_consensus"": 0.007599999662488699, ""K4_nli_and_bypass_check"": 227.9339999658987, ""K5_decision"": 182.03530000755563}",20122
FACTURK-0206,YALAN,"[29913, 19220, 2031, 23504, 16021, 17576, 17883, 13945, 8855, 20823, 17094, 25239, 17244, 1587, 22123, 20323, 25948, 17604, 2288, 10719]","[0.9994786381721497, 0.0009326360304839909, 1.657145367062185e-05, 1.8486754925106652e-05, 0.00013658353418577462, 0.00010391067189630121, 0.007317397277802229, 0.0001500056532677263, 1.7640199075685814e-05, 8.415108459303156e-05, 0.00027586790383793414, 0.00041568948654457927, 3.647853736765683e-05, 0.0007014083093963563, 0.0036499870475381613, 0.00022167809947859496, 3.70529705833178e-05, 1.6061610949691385e-05, 1.805851934477687e-05, 0.00018522572645451874]","[0.9993768334388733, 0.00019514963787514716, 0.00042800852679647505]","[0.9993768334388733, 0.00019514963787514716, 0.00042800852679647505]",False,YALAN,UYARI,False,False,3441.2451999960467,"{""K1_input_and_readiness"": 0.06920000305399299, ""K7_context"": 0.001900014467537403, ""K1_normalization"": 0.01209997572004795, ""K6_advisory"": 36.60929994657636, ""K1_intent"": 0.042700034100562334, ""K2_retrieval"": 249.2556999786757, ""K3_reranker"": 2529.9061000114307, ""K8_weighted_ranking"": 1.4177000266499817, ""K3_candidate_filters"": 7.295999967027456, ""K9_advisory_consensus"": 0.019799976143985987, ""K4_nli_and_bypass_check"": 397.9260000050999, ""K5_decision"": 215.45910002896562}",29913
FACTURK-0207,DOĞRU,"[16231, 4992, 27818, 12152, 27017, 13048, 25108, 15036, 7924, 29025, 20105, 22465, 18561, 10902, 12622, 29505, 17599, 7224, 9872, 12330]","[0.0019043302163481712, 2.030369250860531e-05, 0.004281254485249519, 3.095910506090149e-05, 0.0013993984321132302, 0.002225670963525772, 3.269927037763409e-05, 0.02157406695187092, 6.922183820279315e-05, 2.2125668692751788e-05, 0.0035518845543265343, 0.00010554686014074832, 0.00011147904297104105, 6.402006692951545e-05, 0.007204769179224968, 0.00026323829661123455, 1.657145367062185e-05, 0.009055263362824917, 0.0011695103021338582, 7.031184941297397e-05]","[0.002493148436769843, 0.9830660820007324, 0.014440767467021942]","[0.002493148436769843, 0.9830660820007324, 0.014440767467021942]",False,YALAN,UYARI,False,False,2842.5000000279397,"{""K1_input_and_readiness"": 0.05169998621568084, ""K7_context"": 0.001400010660290718, ""K1_normalization"": 0.009600014891475439, ""K6_advisory"": 34.4770000083372, ""K1_intent"": 0.0447999918833375, ""K2_retrieval"": 232.26119996979833, ""K3_reranker"": 1797.7483000140637, ""K8_weighted_ranking"": 1.3112000306136906, ""K3_candidate_filters"": 6.759200012311339, ""K9_advisory_consensus"": 0.010400020983070135, ""K4_nli_and_bypass_check"": 401.93559997715056, ""K5_decision"": 364.06649998389184}",7224
FACTURK-0208,DOĞRU,"[26920, 1739, 3717, 24186, 19534, 18453, 10692, 17530, 8055, 24114, 26333, 16884, 16845, 18561, 12531, 23594, 18597, 29442, 17448, 20106]","[0.9992706179618835, 0.04385456070303917, 0.0004407629603520036, 0.00011323437502142042, 2.0462934116949327e-05, 2.6688529032981023e-05, 0.0007613258203491569, 0.0002982776495628059, 1.6964426322374493e-05, 0.003469890682026744, 0.012673736549913883, 1.7917987861437723e-05, 0.00011682839976856485, 0.000124362253700383, 1.7640199075685814e-05, 2.3737338779028505e-05, 1.6442494597868063e-05, 1.8486754925106652e-05, 3.734356869244948e-05, 0.00012931563833262771]",null,"[1.0, 0.0, 0.0]",True,YETERSİZ VERİ,KISMI,True,False,3122.6290999911726,"{""K1_input_and_readiness"": 0.08709996473044157, ""K7_context"": 0.00300002284348011, ""K1_normalization"": 0.019899976905435324, ""K6_advisory"": 38.118200027383864, ""K1_intent"": 0.05360000068321824, ""K2_retrieval"": 226.14990000147372, ""K3_reranker"": 2844.70960003091, ""K8_weighted_ranking"": 1.7592000076547265, ""K3_candidate_filters"": 7.56199995521456, ""K9_advisory_consensus"": 0.00790000194683671, ""K4_nli_and_bypass_check"": 0.3524000057950616, ""K5_decision"": 0.4146999563090503}",26920
FACTURK-0209,YALAN,"[6451, 7811, 2729, 13875, 29858, 18085, 25254, 2416, 25750, 23604, 505, 28708, 15550, 11389, 27669, 6618, 8139, 17950, 14328, 8025]","[0.9754835963249207, 0.58521968126297, 0.004331501666456461, 0.0009253848693333566, 0.05223086103796959, 0.0012351677287369967, 0.00020988310279790312, 0.013325147330760956, 0.0009075025445781648, 1.683241134742275e-05, 0.0016941031208261847, 0.00016093082376755774, 1.657145367062185e-05, 1.6061610949691385e-05, 2.8632557587116025e-05, 1.6187581422855146e-05, 0.00011147904297104105, 0.0041179172694683075, 3.219233258278109e-05, 1.6061610949691385e-05]","[0.0004904125235043466, 0.9978882670402527, 0.0016213612398132682]","[0.0004904125235043466, 0.9978882670402527, 0.0016213612398132682]",False,YETERSİZ VERİ,RET,True,False,2528.7111999932677,"{""K1_input_and_readiness"": 0.0545999500900507, ""K7_context"": 0.001500011421740055, ""K1_normalization"": 0.01090002479031682, ""K6_advisory"": 37.04030002700165, ""K1_intent"": 0.05730002885684371, ""K2_retrieval"": 223.92149997176602, ""K3_reranker"": 2168.7959999544546, ""K8_weighted_ranking"": 1.2493000249378383, ""K3_candidate_filters"": 6.728400010615587, ""K9_advisory_consensus"": 0.007299997378140688, ""K4_nli_and_bypass_check"": 87.40070002386346, ""K5_decision"": 0.3912000101990998}",29858
FACTURK-0210,YALAN,"[24354, 25228, 8347, 25169, 14305, 3189, 25225, 28629, 1676, 27219, 26284, 3315, 27883, 431, 28547, 438, 15787, 27894, 2244, 9150]","[0.44188374280929565, 0.5017337799072266, 0.5582065582275391, 0.003914823289960623, 0.0011203772155568004, 0.7789857983589172, 0.026657739654183388, 0.24059611558914185, 0.16145241260528564, 0.006877107545733452, 0.3935598134994507, 0.04418331757187843, 0.32562777400016785, 0.08064661175012589, 0.03371654078364372, 0.00985985528677702, 0.002934951800853014, 0.00035419364576227963, 0.006241259165108204, 0.10687687993049622]","[0.0020791420247405767, 0.019623804837465286, 0.9782971143722534]","[0.0020791420247405767, 0.019623804837465286, 0.9782971143722534]",False,DOĞRU,ONAY,False,False,4217.084700008854,"{""K1_input_and_readiness"": 0.06360001862049103, ""K7_context"": 0.001600012183189392, ""K1_normalization"": 0.011500029359012842, ""K6_advisory"": 36.62070003338158, ""K1_intent"": 0.04650000482797623, ""K2_retrieval"": 260.8205999713391, ""K3_reranker"": 2624.5061000226997, ""K8_weighted_ranking"": 1.254500006325543, ""K3_candidate_filters"": 6.665299995802343, ""K9_advisory_consensus"": 0.007800001185387373, ""K4_nli_and_bypass_check"": 717.0813999837264, ""K5_decision"": 566.5408999775536}",3189
FACTURK-0211,YALAN,"[16298, 4991, 27142, 16929, 700, 4724, 13479, 12413, 20498, 1031, 8503, 9660, 24726, 4782, 29728, 5702, 13470, 22504, 26703, 11778]","[0.007093862164765596, 0.0018895388348028064, 0.00039821304380893707, 0.0009927261853590608, 0.001314724562689662, 0.0002715921145863831, 5.144220995134674e-05, 4.832564081880264e-05, 1.7640199075685814e-05, 0.0009075025445781648, 0.004867417272180319, 1.6061610949691385e-05, 0.002099273493513465, 1.6187581422855146e-05, 0.001269364496693015, 0.00011235327838221565, 0.002957902615889907, 0.06489010900259018, 1.6187581422855146e-05, 0.0061450921930372715]","[0.007006277330219746, 0.9181665182113647, 0.07482724636793137]","[0.007006277330219746, 0.9181665182113647, 0.07482724636793137]",False,YETERSİZ VERİ,RET,True,False,5224.412099982146,"{""K1_input_and_readiness"": 0.10699999984353781, ""K7_context"": 0.0024999608285725117, ""K1_normalization"": 0.013899989426136017, ""K6_advisory"": 38.299800013192, ""K1_intent"": 0.04369998350739479, ""K2_retrieval"": 242.87279997952282, ""K3_reranker"": 3336.178200028371, ""K8_weighted_ranking"": 1.9339999998919666, ""K3_candidate_filters"": 8.967900008428842, ""K9_advisory_consensus"": 0.008200004231184721, ""K4_nli_and_bypass_check"": 885.688099951949, ""K5_decision"": 707.045899995137}",16298
FACTURK-0212,YALAN,"[23187, 1775, 25009, 24929, 23468, 27074, 2324, 7310, 8674, 23566, 9932, 21054, 18573, 701, 27124, 28993, 15419, 4646, 29597, 6871]","[7.484622619813308e-05, 0.00021485926117748022, 0.03090895712375641, 0.005159622989594936, 4.469407213036902e-05, 1.6061610949691385e-05, 0.0003920417802873999, 3.1941821362124756e-05, 1.657145367062185e-05, 0.004248078912496567, 7.086326513672248e-05, 0.0014493984635919333, 0.0009811719646677375, 2.229919846286066e-05, 0.002521268092095852, 2.818866414600052e-05, 0.00022167809947859496, 3.6764631659025326e-05, 0.0009326360304839909, 0.0003077430883422494]","[0.00967036560177803, 0.8117653727531433, 0.17856422066688538]","[0.00967036560177803, 0.8117653727531433, 0.17856422066688538]",False,YALAN,RED,False,False,3512.5016999663785,"{""K1_input_and_readiness"": 0.043700041715055704, ""K7_context"": 0.0013999524526298046, ""K1_normalization"": 0.008400005754083395, ""K6_advisory"": 34.459699993021786, ""K1_intent"": 0.048600020818412304, ""K2_retrieval"": 237.46739997295663, ""K3_reranker"": 2639.6191000239924, ""K8_weighted_ranking"": 1.205699983984232, ""K3_candidate_filters"": 6.41229999018833, ""K9_advisory_consensus"": 0.007199996616691351, ""K4_nli_and_bypass_check"": 317.234699963592, ""K5_decision"": 272.1204999834299}",25009
FACTURK-0213,DOĞRU,"[4659, 11250, 13687, 18508, 1989, 11295, 4442, 25295, 12458, 16807, 13209, 16665, 27322, 29875, 24396, 18643, 13849, 23465, 5149, 2565]","[0.0026834397576749325, 0.005598248913884163, 0.04724971577525139, 0.005620036274194717, 0.012673736549913883, 1.6187581422855146e-05, 4.5044595026411116e-05, 0.08850465714931488, 0.001094452221877873, 0.006589771714061499, 0.003579642390832305, 0.0020667945500463247, 0.004718369338661432, 3.1693256460130215e-05, 0.005620036274194717, 0.0022694687359035015, 0.00023050670279189944, 0.0011203772155568004, 4.757645365316421e-05, 1.6314539607265033e-05]","[0.012122337706387043, 0.9811133146286011, 0.006764346733689308]","[0.012122337706387043, 0.9811133146286011, 0.006764346733689308]",False,YALAN,RED,False,False,2588.862499978859,"{""K1_input_and_readiness"": 0.13470003614202142, ""K7_context"": 0.0029999646358191967, ""K1_normalization"": 0.0295999925583601, ""K6_advisory"": 38.12869999092072, ""K1_intent"": 0.06720004603266716, ""K2_retrieval"": 276.730400044471, ""K3_reranker"": 2199.5928999967873, ""K8_weighted_ranking"": 1.4352999860420823, ""K3_candidate_filters"": 8.066200010944158, ""K9_advisory_consensus"": 0.007199996616691351, ""K4_nli_and_bypass_check"": 61.122800048906356, ""K5_decision"": 0.3279999946244061}",16807
FACTURK-0214,YALAN,"[4452, 6765, 4658, 9985, 3607, 25087, 2933, 18638, 20927, 13795, 10318, 22149, 28871, 25037, 11, 23140, 720, 17814, 9460, 15579]","[0.0011559007689356804, 0.008745181374251842, 0.001085944357328117, 4.434627408045344e-05, 0.00010310211655450985, 0.0008727670647203922, 0.011642225086688995, 0.00016603845870122313, 0.00012632041762117296, 0.00026323829661123455, 2.1278065105434507e-05, 1.892514956125524e-05, 0.00015356240328401327, 0.00014539113908540457, 1.6314539607265033e-05, 0.00017952796770259738, 3.508111694827676e-05, 1.922317096614279e-05, 0.00016093082376755774, 0.0003006163169629872]","[0.0001799054880393669, 0.000956804899033159, 0.9988633394241333]","[0.0001799054880393669, 0.000956804899033159, 0.9988633394241333]",False,DOĞRU,ONAY,False,False,2931.6946000326425,"{""K1_input_and_readiness"": 0.05360000068321824, ""K7_context"": 0.001600012183189392, ""K1_normalization"": 0.009399955160915852, ""K6_advisory"": 35.68099997937679, ""K1_intent"": 0.05299999611452222, ""K2_retrieval"": 241.65749998064712, ""K3_reranker"": 2569.7386999963783, ""K8_weighted_ranking"": 1.4587999903596938, ""K3_candidate_filters"": 7.466099981684238, ""K9_advisory_consensus"": 0.007700000423938036, ""K4_nli_and_bypass_check"": 72.16999999945983, ""K5_decision"": 0.3902000025846064}",2933
FACTURK-0215,DOĞRU,"[27985, 10642, 11212, 6047, 19808, 24613, 18181, 29270, 17677, 15403, 18230, 12740, 401, 17720, 25537, 24875, 18865, 17587, 8559, 15684]","[0.3209277093410492, 0.05707139894366264, 0.09687653183937073, 5.2662067901110277e-05, 0.0027149852830916643, 0.005099818110466003, 0.00031015597051009536, 0.00012053649697918445, 0.002540992572903633, 0.001629308913834393, 0.0010083435336127877, 0.000609450158663094, 0.001356401713564992, 5.3075080359121785e-05, 0.006797532085329294, 0.00014883848780300468, 0.013273886404931545, 2.3369333575828932e-05, 0.00037555923336185515, 0.00029137005913071334]","[0.0009026291663758457, 0.9959606528282166, 0.0031367666088044643]","[0.0009026291663758457, 0.9959606528282166, 0.0031367666088044643]",False,YETERSİZ VERİ,RET,True,False,4479.687700048089,"{""K1_input_and_readiness"": 0.06729998858645558, ""K7_context"": 0.001400010660290718, ""K1_normalization"": 0.010700023267418146, ""K6_advisory"": 35.70049995323643, ""K1_intent"": 0.05460000829771161, ""K2_retrieval"": 245.6852999748662, ""K3_reranker"": 2806.6218000021763, ""K8_weighted_ranking"": 1.3330000219866633, ""K3_candidate_filters"": 6.837199965957552, ""K9_advisory_consensus"": 0.00689999433234334, ""K4_nli_and_bypass_check"": 751.7684999620542, ""K5_decision"": 628.3599999733269}",27985
FACTURK-0216,DOĞRU,"[1270, 22702, 14856, 26958, 6193, 14760, 18995, 7583, 29186, 12473, 19153, 22674, 2988, 3818, 26559, 20279, 18945, 12319, 29967, 15806]","[0.0005636750720441341, 0.010013571009039879, 0.000758359965402633, 0.009340023621916771, 2.4682904040673748e-05, 1.657145367062185e-05, 0.04742587357759476, 9.028038039105013e-05, 2.526822754589375e-05, 2.0785171727766283e-05, 5.1845658163074404e-05, 0.0001621928095119074, 1.6314539607265033e-05, 0.00016603845870122313, 0.0004092474700883031, 5.518923353520222e-05, 0.00028685410507023335, 1.6187581422855146e-05, 0.0026316740550100803, 1.657145367062185e-05]","[0.0047337086871266365, 0.9936156272888184, 0.001650625723414123]","[0.0047337086871266365, 0.9936156272888184, 0.001650625723414123]",False,YALAN,RED,False,False,3604.08489999827,"{""K1_input_and_readiness"": 0.07250002818182111, ""K7_context"": 0.001600012183189392, ""K1_normalization"": 0.01160003012046218, ""K6_advisory"": 38.44209999078885, ""K1_intent"": 0.056299963034689426, ""K2_retrieval"": 265.8812000299804, ""K3_reranker"": 2291.5707000065595, ""K8_weighted_ranking"": 1.407400006428361, ""K3_candidate_filters"": 7.855599978938699, ""K9_advisory_consensus"": 0.007399998139590025, ""K4_nli_and_bypass_check"": 553.2789999851957, ""K5_decision"": 442.0924000442028}",19153
FACTURK-0217,DOĞRU,"[13585, 16948, 23957, 11056, 11536, 4702, 22737, 14882, 4694, 10176, 9657, 10501, 15970, 7981, 20895, 20355, 27529, 10776, 21327, 18282]","[0.04038906842470169, 0.0003697388747241348, 2.9541422918555327e-05, 2.9541422918555327e-05, 0.0003053489199373871, 2.9541422918555327e-05, 1.6061610949691385e-05, 0.00021654405281879008, 0.004886374808847904, 0.0037072531413286924, 4.101373633602634e-05, 0.0005420927773229778, 1.7097478121286258e-05, 0.104843370616436, 1.6964426322374493e-05, 0.032405514270067215, 1.6442494597868063e-05, 0.00017952796770259738, 1.6964426322374493e-05, 1.6061610949691385e-05]","[0.00042810538434423506, 0.999279797077179, 0.00029213191010057926]","[0.00042810538434423506, 0.999279797077179, 0.00029213191010057926]",False,YALAN,RED,False,False,2989.0001000021584,"{""K1_input_and_readiness"": 0.05719996988773346, ""K7_context"": 0.002200016751885414, ""K1_normalization"": 0.010500021744519472, ""K6_advisory"": 34.56170001300052, ""K1_intent"": 0.03789999755099416, ""K2_retrieval"": 212.21219998551533, ""K3_reranker"": 2038.8348000124097, ""K8_weighted_ranking"": 1.1257000151090324, ""K3_candidate_filters"": 6.014799990225583, ""K9_advisory_consensus"": 0.006399990525096655, ""K4_nli_and_bypass_check"": 330.07179998094216, ""K5_decision"": 362.72949998965487}",13585
FACTURK-0218,YALAN,"[18561, 18655, 11083, 15404, 7773, 2140, 20136, 5177, 25399, 16419, 16238, 2644, 5710, 18468, 17354, 29138, 9414, 22518, 25030, 12539]","[0.0005725466180592775, 0.005774929653853178, 0.0001621928095119074, 0.00024536947603337467, 2.8409744118107483e-05, 2.178264912799932e-05, 9.915272676153108e-05, 2.8632557587116025e-05, 0.0015307451831176877, 1.6314539607265033e-05, 8.029783930396661e-05, 0.00011501735571073368, 0.004022909794002771, 0.0120537793263793, 9.387641330249608e-05, 0.00035281325108371675, 1.657145367062185e-05, 0.005888158921152353, 2.014569145103451e-05, 1.683241134742275e-05]","[0.0014110396150499582, 0.02139577828347683, 0.9771931171417236]","[0.0014110396150499582, 0.02139577828347683, 0.9771931171417236]",False,YALAN,RED,False,False,6403.592100017704,"{""K1_input_and_readiness"": 0.06910000229254365, ""K7_context"": 0.00200001522898674, ""K1_normalization"": 0.011499971151351929, ""K6_advisory"": 36.20869998121634, ""K1_intent"": 0.04749995423480868, ""K2_retrieval"": 233.46120002679527, ""K3_reranker"": 3531.474800023716, ""K8_weighted_ranking"": 1.1201999732293189, ""K3_candidate_filters"": 5.780200008302927, ""K9_advisory_consensus"": 0.006499991286545992, ""K4_nli_and_bypass_check"": 1401.6980999731459, ""K5_decision"": 1190.5608999659307}",22518
FACTURK-0219,YALAN,"[8352, 18589, 30214, 2359, 2839, 17009, 27092, 25882, 17208, 24330, 6531, 5701, 5045, 21930, 22273, 14323, 7909, 273, 12420, 13607]","[3.1941821362124756e-05, 0.00017813112935982645, 0.0006118340534158051, 1.750292540236842e-05, 5.2662067901110277e-05, 0.0002824080875143409, 1.6061610949691385e-05, 2.030369250860531e-05, 1.7366719475830905e-05, 1.657145367062185e-05, 5.225226777838543e-05, 1.7097478121286258e-05, 4.400118632474914e-05, 9.461262379772961e-05, 1.7640199075685814e-05, 0.0005976693937554955, 1.6187581422855146e-05, 1.67014204635052e-05, 1.6061610949691385e-05, 1.6187581422855146e-05]","[0.012890213169157505, 0.7286322712898254, 0.25847747921943665]","[0.012890213169157505, 0.7286322712898254, 0.25847747921943665]",False,YETERSİZ VERİ,RET,True,False,5281.854200002272,"{""K1_input_and_readiness"": 0.10720000136643648, ""K7_context"": 0.001800013706088066, ""K1_normalization"": 0.02340000355616212, ""K6_advisory"": 34.962100035045296, ""K1_intent"": 0.042600033339113, ""K2_retrieval"": 296.386799949687, ""K3_reranker"": 2863.5689999791794, ""K8_weighted_ranking"": 1.2867999612353742, ""K3_candidate_filters"": 8.231300045736134, ""K9_advisory_consensus"": 0.007199996616691351, ""K4_nli_and_bypass_check"": 1093.8435000134632, ""K5_decision"": 979.9923000391573}",17208
FACTURK-0220,DOĞRU,"[6080, 2940, 8700, 28708, 8958, 27780, 16810, 3189, 13945, 21942, 12159, 15020, 19927, 7251, 7301, 4520, 13089, 25697, 28252, 13244]","[3.244481558795087e-05, 1.593661909282673e-05, 6.553815910592675e-05, 0.0016103574307635427, 0.00014539113908540457, 1.922317096614279e-05, 1.593661909282673e-05, 5.5622065701754764e-05, 0.00033274127054028213, 1.6187581422855146e-05, 0.00026947917649522424, 1.6187581422855146e-05, 9.098840382648632e-05, 0.0010282108560204506, 9.685608529252931e-05, 1.6061610949691385e-05, 2.411113746347837e-05, 1.6314539607265033e-05, 0.00046190584544092417, 1.6314539607265033e-05]","[0.0009855472017079592, 0.989822268486023, 0.009192164987325668]","[0.0009855472017079592, 0.989822268486023, 0.009192164987325668]",False,YETERSİZ VERİ,RET,True,False,2507.118699955754,"{""K1_input_and_readiness"": 0.05830003647133708, ""K7_context"": 0.0016999547369778156, ""K1_normalization"": 0.011700030881911516, ""K6_advisory"": 39.015899994410574, ""K1_intent"": 0.05590001819655299, ""K2_retrieval"": 223.21970004122704, ""K3_reranker"": 2148.786999983713, ""K8_weighted_ranking"": 1.1346000246703625, ""K3_candidate_filters"": 5.936299974564463, ""K9_advisory_consensus"": 0.007199996616691351, ""K4_nli_and_bypass_check"": 85.52980003878474, ""K5_decision"": 0.32590003684163094}",3189
FACTURK-0221,DOĞRU,"[25098, 13624, 22098, 24730, 19208, 7924, 4532, 22581, 27853, 12622, 28932, 23159, 28886, 5710, 20535, 22266, 2498, 7224, 12539, 23751]","[0.00034196203341707587, 0.025858774781227112, 0.0002492325147613883, 1.6442494597868063e-05, 0.030733928084373474, 0.012431650422513485, 0.0042151594534516335, 0.0019570167642086744, 0.9843964576721191, 0.8665847778320312, 0.00172745855525136, 0.00013552077871281654, 5.3075080359121785e-05, 0.00021654405281879008, 0.0005725466180592775, 4.539786823443137e-05, 0.0008072304772213101, 0.056756895035505295, 0.0003406293108128011, 0.008478401228785515]","[0.9981167316436768, 0.0005216427380219102, 0.0013616763753816485]","[0.9981167316436768, 0.0005216427380219102, 0.0013616763753816485]",False,YETERSİZ VERİ,KISMI,True,False,4361.460999993142,"{""K1_input_and_readiness"": 0.058699981309473515, ""K7_context"": 0.001700012944638729, ""K1_normalization"": 0.01160003012046218, ""K6_advisory"": 37.33760002069175, ""K1_intent"": 0.0418000272475183, ""K2_retrieval"": 247.6475999574177, ""K3_reranker"": 3255.5851999786682, ""K8_weighted_ranking"": 1.1057999799959362, ""K3_candidate_filters"": 6.343899993225932, ""K9_advisory_consensus"": 0.007099995855242014, ""K4_nli_and_bypass_check"": 465.2631999924779, ""K5_decision"": 345.09709995472804}",27853
FACTURK-0222,DOĞRU,"[16225, 20333, 1546, 13791, 27970, 29365, 4488, 18098, 10999, 6967, 27462, 13993, 3246, 2204, 12005, 16162, 6049, 8174, 19977, 27097]","[0.00628990214318037, 0.00020502213737927377, 1.7097478121286258e-05, 6.402006692951545e-05, 0.02881619706749916, 1.6061610949691385e-05, 0.013325147330760956, 1.6187581422855146e-05, 1.657145367062185e-05, 0.0001500056532677263, 5.3075080359121785e-05, 1.7640199075685814e-05, 0.07517640292644501, 0.00017536994710098952, 1.9833367332466878e-05, 1.6187581422855146e-05, 1.922317096614279e-05, 1.6314539607265033e-05, 1.6061610949691385e-05, 0.008445626124739647]","[0.0022414326667785645, 0.9948134422302246, 0.0029451586306095123]","[0.0022414326667785645, 0.9948134422302246, 0.0029451586306095123]",False,YETERSİZ VERİ,RET,True,False,2547.7915999945253,"{""K1_input_and_readiness"": 0.04919996717944741, ""K7_context"": 0.001500011421740055, ""K1_normalization"": 0.010199961252510548, ""K6_advisory"": 34.890900016762316, ""K1_intent"": 0.04529999569058418, ""K2_retrieval"": 233.78929996397346, ""K3_reranker"": 2189.7152999881655, ""K8_weighted_ranking"": 1.32460001623258, ""K3_candidate_filters"": 7.1487000095658, ""K9_advisory_consensus"": 0.007299997378140688, ""K4_nli_and_bypass_check"": 77.1995999966748, ""K5_decision"": 0.39169995579868555}",3246
FACTURK-0223,DOĞRU,"[6499, 15087, 20728, 6522, 13644, 8377, 26886, 1339, 234, 704, 26727, 196, 13220, 23074, 27568, 27899, 21467, 26380, 3348, 27162]","[0.99935382604599, 0.003273064736276865, 2.014569145103451e-05, 0.00024536947603337467, 1.6061610949691385e-05, 0.001356401713564992, 1.6314539607265033e-05, 1.7097478121286258e-05, 0.0001547666179249063, 0.0010083435336127877, 0.0010083435336127877, 0.00017813112935982645, 0.00010071400902234018, 1.6964426322374493e-05, 2.93115390377352e-05, 1.6314539607265033e-05, 3.244481558795087e-05, 2.8632557587116025e-05, 0.006589771714061499, 0.001383117400109768]","[0.9991493225097656, 0.0004920475766994059, 0.00035864178789779544]","[0.9991493225097656, 0.0004920475766994059, 0.00035864178789779544]",False,YETERSİZ VERİ,KISMI,True,False,4059.8325000028126,"{""K1_input_and_readiness"": 0.07740000728517771, ""K7_context"": 0.0018999562598764896, ""K1_normalization"": 0.010600022505968809, ""K6_advisory"": 35.185799992177635, ""K1_intent"": 0.04630000330507755, ""K2_retrieval"": 219.76619999622926, ""K3_reranker"": 3494.600400037598, ""K8_weighted_ranking"": 1.51269999332726, ""K3_candidate_filters"": 6.868500029668212, ""K9_advisory_consensus"": 0.009200011845678091, ""K4_nli_and_bypass_check"": 193.12569999601692, ""K5_decision"": 105.28679995331913}",6499
FACTURK-0224,YALAN,"[15330, 5693, 1329, 27610, 28723, 20338, 21178, 2905, 24822, 11328, 12203, 5717, 25503, 20527, 18825, 1970, 23950, 12483, 1704, 21782]","[1.657145367062185e-05, 1.67014204635052e-05, 1.6442494597868063e-05, 3.3474691008450463e-05, 1.750292540236842e-05, 1.6442494597868063e-05, 1.7640199075685814e-05, 0.01652955636382103, 0.003172682598233223, 1.6442494597868063e-05, 0.00011235327838221565, 1.657145367062185e-05, 1.6314539607265033e-05, 1.6061610949691385e-05, 1.657145367062185e-05, 0.001201891340315342, 1.6187581422855146e-05, 1.750292540236842e-05, 0.009232213720679283, 1.6314539607265033e-05]","[0.01207559835165739, 0.9735345840454102, 0.014389760792255402]","[0.01207559835165739, 0.9735345840454102, 0.014389760792255402]",False,YETERSİZ VERİ,RET,True,False,3175.9940999909304,"{""K1_input_and_readiness"": 0.05029997555539012, ""K7_context"": 0.001500011421740055, ""K1_normalization"": 0.008700008038431406, ""K6_advisory"": 35.35740001825616, ""K1_intent"": 0.03999995533376932, ""K2_retrieval"": 226.16439999546856, ""K3_reranker"": 2766.752700030338, ""K8_weighted_ranking"": 1.2700000079348683, ""K3_candidate_filters"": 6.044299982022494, ""K9_advisory_consensus"": 0.005700043402612209, ""K4_nli_and_bypass_check"": 137.0945000089705, ""K5_decision"": 0.1876000314950943}",2905
FACTURK-0225,YALAN,"[20997, 10326, 17988, 16161, 27624, 17319, 1948, 881, 26700, 4506, 1280, 10615, 21692, 6234, 15916, 27098, 9547, 14854, 3935, 18101]","[5.1845658163074404e-05, 0.0011424495605751872, 1.7366719475830905e-05, 1.67014204635052e-05, 0.0001387341326335445, 2.014569145103451e-05, 0.02600678615272045, 0.006984650157392025, 0.006589771714061499, 2.7751651941798627e-05, 2.5071596610359848e-05, 0.002463006880134344, 0.00026738259475678205, 1.67014204635052e-05, 0.001220795209519565, 1.6061610949691385e-05, 0.0024726230185478926, 0.0018172829877585173, 0.0007236572564579546, 1.657145367062185e-05]","[0.003120988141745329, 0.9822728037834167, 0.014606226235628128]","[0.003120988141745329, 0.9822728037834167, 0.014606226235628128]",False,YETERSİZ VERİ,RET,True,False,4724.395100027323,"{""K1_input_and_readiness"": 0.06529997335746884, ""K7_context"": 0.001500011421740055, ""K1_normalization"": 0.010600022505968809, ""K6_advisory"": 38.34650001954287, ""K1_intent"": 0.04569999873638153, ""K2_retrieval"": 249.55449998378754, ""K3_reranker"": 3554.104399983771, ""K8_weighted_ranking"": 1.3518999912776053, ""K3_candidate_filters"": 6.466799997724593, ""K9_advisory_consensus"": 0.0198000343516469, ""K4_nli_and_bypass_check"": 472.019899985753, ""K5_decision"": 398.92609999515116}",27624
FACTURK-0226,DOĞRU,"[13989, 28629, 22851, 28685, 1272, 8130, 17516, 29881, 16785, 1324, 22218, 15787, 28145, 19140, 7898, 25098, 23851, 2550, 15778, 26330]","[0.8407825827598572, 0.07369627058506012, 7.031184941297397e-05, 0.2935057282447815, 0.13318955898284912, 0.015189048834145069, 0.0014664583140984178, 0.13117322325706482, 0.04611974582076073, 4.870464181294665e-05, 0.05242456495761871, 0.0021573416888713837, 0.0006745558930560946, 0.0140095679089427, 3.269927037763409e-05, 0.04360952600836754, 0.0004044814850203693, 0.08210662752389908, 1.922317096614279e-05, 1.7640199075685814e-05]","[0.0034333893563598394, 0.9958951473236084, 0.0006714260089211166]","[0.0034333893563598394, 0.9958951473236084, 0.0006714260089211166]",False,YETERSİZ VERİ,RET,True,False,2306.083200033754,"{""K1_input_and_readiness"": 0.07120001828297973, ""K7_context"": 0.0019999570213258266, ""K1_normalization"": 0.010300020221620798, ""K6_advisory"": 34.80569995008409, ""K1_intent"": 0.036999990697950125, ""K2_retrieval"": 223.64340000785887, ""K3_reranker"": 1797.8624000097625, ""K8_weighted_ranking"": 1.2800999684259295, ""K3_candidate_filters"": 6.792300031520426, ""K9_advisory_consensus"": 0.007299997378140688, ""K4_nli_and_bypass_check"": 133.65209999028593, ""K5_decision"": 104.57680001854897}",13989
FACTURK-0227,YALAN,"[10743, 6336, 26533, 12071, 7592, 12150, 14217, 5959, 1906, 24184, 25127, 25420, 14091, 21827, 17820, 2792, 6782, 2797, 4190, 27115]","[0.005260852165520191, 0.0008231385727412999, 0.0028671587351709604, 3.095910506090149e-05, 0.0025509123224765062, 0.000192602863535285, 0.00020988310279790312, 0.0006589401164092124, 3.619466951931827e-05, 0.000609450158663094, 0.00026323829661123455, 1.7366719475830905e-05, 0.0002472934720572084, 0.004297939129173756, 0.0007379196467809379, 0.0009253848693333566, 2.710879925871268e-05, 0.0013354008551687002, 0.006903838831931353, 0.0005484792054630816]","[0.007109895348548889, 0.9889020919799805, 0.003988086711615324]","[0.007109895348548889, 0.9889020919799805, 0.003988086711615324]",False,YALAN,UYARI,False,False,2597.633199999109,"{""K1_input_and_readiness"": 0.05570001667365432, ""K7_context"": 0.0014999532140791416, ""K1_normalization"": 0.010100018698722124, ""K6_advisory"": 35.07979999994859, ""K1_intent"": 0.044300046283751726, ""K2_retrieval"": 221.59110003849491, ""K3_reranker"": 2310.493500030134, ""K8_weighted_ranking"": 1.4281999901868403, ""K3_candidate_filters"": 5.70859998697415, ""K9_advisory_consensus"": 0.006399990525096655, ""K4_nli_and_bypass_check"": 19.769400008954108, ""K5_decision"": 0.31999999191612005}",4190
FACTURK-0228,YALAN,"[5512, 5035, 22496, 25024, 22360, 23013, 1816, 3779, 15291, 13561, 5097, 19793, 18913, 23311, 27463, 24949, 11851, 15947, 18468, 26419]","[0.000661517377011478, 0.0061212810687720776, 0.02319762483239174, 2.732141365413554e-05, 0.002790037775412202, 8.415108459303156e-05, 0.0033115192782133818, 0.00013982206291984767, 0.028274601325392723, 0.0013045065570622683, 0.00017265156202483922, 4.298194107832387e-05, 1.6187581422855146e-05, 0.00018667821132112294, 0.00012148174573667347, 0.15015339851379395, 0.0005274784052744508, 0.0003654328465927392, 0.0024438868276774883, 0.0013617033837363124]","[0.0071519664488732815, 0.9919405579566956, 0.0009074439876712859]","[0.0071519664488732815, 0.9919405579566956, 0.0009074439876712859]",False,YETERSİZ VERİ,RET,True,False,5636.077400005888,"{""K1_input_and_readiness"": 0.04499999340623617, ""K7_context"": 0.001400010660290718, ""K1_normalization"": 0.007499998901039362, ""K6_advisory"": 33.53459999198094, ""K1_intent"": 0.04849996184930205, ""K2_retrieval"": 216.6208000271581, ""K3_reranker"": 3556.935100001283, ""K8_weighted_ranking"": 1.4426999841816723, ""K3_candidate_filters"": 6.005300034303218, ""K9_advisory_consensus"": 0.006699992809444666, ""K4_nli_and_bypass_check"": 991.1212000297382, ""K5_decision"": 826.7950000008568}",15291
FACTURK-0229,YALAN,"[16971, 23757, 204, 25874, 17227, 25246, 5988, 8943, 6019, 22057, 11410, 29875, 11582, 22794, 21516, 10701, 7196, 22911, 17649, 14444]","[0.00012243441597092897, 0.01358439214527607, 0.0009510130621492863, 1.6442494597868063e-05, 0.0026112475898116827, 0.00012632041762117296, 0.00011061159602832049, 4.2647468944778666e-05, 0.0009436192340217531, 0.000191104321856983, 0.0015247863484546542, 0.0003029734070878476, 0.002082970691844821, 0.00016474656877107918, 2.732141365413554e-05, 0.00013238185783848166, 0.00020662980386987329, 2.195349043176975e-05, 0.00204276479780674, 1.657145367062185e-05]","[0.000487107434310019, 0.9905253052711487, 0.008987611159682274]","[0.000487107434310019, 0.9905253052711487, 0.008987611159682274]",False,YETERSİZ VERİ,RET,True,False,4786.110599990934,"{""K1_input_and_readiness"": 0.0619000056758523, ""K7_context"": 0.001700012944638729, ""K1_normalization"": 0.011699972674250603, ""K6_advisory"": 36.40179999638349, ""K1_intent"": 0.057399971410632133, ""K2_retrieval"": 260.39599999785423, ""K3_reranker"": 2986.620399984531, ""K8_weighted_ranking"": 1.3774000108242035, ""K3_candidate_filters"": 6.708999979309738, ""K9_advisory_consensus"": 0.01880002673715353, ""K4_nli_and_bypass_check"": 790.9497999935411, ""K5_decision"": 700.2666000043973}",23757
FACTURK-0230,YALAN,"[28011, 25180, 9366, 6047, 12539, 1499, 27017, 9120, 12161, 15874, 19484, 12068, 10285, 20136, 7224, 14597, 18393, 24849, 15684, 29414]","[0.5315741300582886, 0.06941547244787216, 0.03061777912080288, 0.12368281930685043, 0.0004936049808748066, 0.00821969285607338, 0.005774929653853178, 0.010209054686129093, 0.00010554686014074832, 0.015072628855705261, 0.0040543340146541595, 0.004905405919998884, 0.0018458482809364796, 0.010448625311255455, 0.01065251138061285, 0.002560870721936226, 0.0006905414629727602, 0.08866234868764877, 0.018546566367149353, 0.001674399245530367]","[0.000312217278406024, 0.9989739656448364, 0.0007138894870877266]","[0.000312217278406024, 0.9989739656448364, 0.0007138894870877266]",False,YALAN,UYARI,False,False,3380.5461000301875,"{""K1_input_and_readiness"": 0.05370000144466758, ""K7_context"": 0.0014999532140791416, ""K1_normalization"": 0.00890000956133008, ""K6_advisory"": 34.21489999163896, ""K1_intent"": 0.0591999851167202, ""K2_retrieval"": 278.2487000222318, ""K3_reranker"": 2220.7144999993034, ""K8_weighted_ranking"": 1.1272000265307724, ""K3_candidate_filters"": 6.240099959541112, ""K9_advisory_consensus"": 0.005999987479299307, ""K4_nli_and_bypass_check"": 457.61009998386726, ""K5_decision"": 378.65219998639077}",28011
FACTURK-0231,YALAN,"[12560, 11111, 1112, 2247, 22241, 4452, 16147, 21619, 10897, 20480, 13401, 1429, 15948, 18245, 5962, 834, 22924, 2461, 22811, 7658]","[0.0005274784052744508, 0.000539980421308428, 0.0005930210463702679, 6.108854722697288e-05, 0.0004272078804206103, 0.0008295892039313912, 0.000628784007858485, 0.06828854233026505, 1.7097478121286258e-05, 0.00029365462251007557, 6.868317723274231e-05, 1.8342892872169614e-05, 1.6187581422855146e-05, 0.03588069602847099, 0.0007124459953047335, 9.387641330249608e-05, 2.3007036361377686e-05, 2.732141365413554e-05, 1.8631746570463292e-05, 0.0008727670647203922]","[0.003875550115481019, 0.9954119324684143, 0.0007125253905542195]","[0.003875550115481019, 0.9954119324684143, 0.0007125253905542195]",False,YALAN,RED,False,False,4957.786199986003,"{""K1_input_and_readiness"": 0.08670001989230514, ""K7_context"": 0.002600019797682762, ""K1_normalization"": 0.01869996776804328, ""K6_advisory"": 39.23150000628084, ""K1_intent"": 0.06079999729990959, ""K2_retrieval"": 267.54709996748716, ""K3_reranker"": 4317.970099975355, ""K8_weighted_ranking"": 1.5849000192247331, ""K3_candidate_filters"": 6.670699978712946, ""K9_advisory_consensus"": 0.006699992809444666, ""K4_nli_and_bypass_check"": 320.8238999941386, ""K5_decision"": 0.5712000420317054}",16147
FACTURK-0232,DOĞRU,"[2149, 7236, 13206, 9627, 23681, 10479, 15179, 2235, 25429, 8233, 16812, 11039, 4775, 4576, 29036, 14485, 11328, 28152, 19079, 21898]","[0.9968763589859009, 6.253713218029588e-05, 4.794958294951357e-05, 3.3474691008450463e-05, 0.0014437558129429817, 8.092757343547419e-05, 3.6764631659025326e-05, 0.0006361912237480283, 1.7640199075685814e-05, 0.00011591933434829116, 1.9073577277595177e-05, 1.8342892872169614e-05, 2.0623421733034775e-05, 0.003869391046464443, 1.7097478121286258e-05, 1.8777873265207745e-05, 1.8777873265207745e-05, 0.00012830943160224706, 1.6314539607265033e-05, 1.8777873265207745e-05]","[0.9995588660240173, 0.00020673665858339518, 0.00023439541109837592]","[0.9995588660240173, 0.00020673665858339518, 0.00023439541109837592]",False,YALAN,RED,False,False,2328.9637999841943,"{""K1_input_and_readiness"": 0.05840003723278642, ""K7_context"": 0.0016999547369778156, ""K1_normalization"": 0.012000033166259527, ""K6_advisory"": 35.031700041145086, ""K1_intent"": 0.0488999648950994, ""K2_retrieval"": 222.25500002969056, ""K3_reranker"": 1768.3261999627575, ""K8_weighted_ranking"": 1.3421999756246805, ""K3_candidate_filters"": 7.087400008458644, ""K9_advisory_consensus"": 0.007800001185387373, ""K4_nli_and_bypass_check"": 181.07579997740686, ""K5_decision"": 110.57409999193624}",2149
FACTURK-0233,DOĞRU,"[18468, 3054, 20718, 26623, 27523, 9866, 6263, 12622, 7451, 5514, 28944, 27847, 21402, 20683, 171, 187, 8243, 3328, 1724, 4119]","[0.9780936241149902, 3.244481558795087e-05, 0.000954731716774404, 4.757645365316421e-05, 0.0009697519708424807, 9.993031562771648e-05, 0.00017536994710098952, 0.047691281884908676, 9.461262379772961e-05, 0.004792316351085901, 0.22118240594863892, 3.071818719035946e-05, 0.055720288306474686, 0.012722708284854889, 1.9833367332466878e-05, 1.9833367332466878e-05, 0.00017952796770259738, 5.920916373725049e-05, 0.03853849694132805, 7.543320680269971e-05]","[0.3750147819519043, 0.31977176666259766, 0.30521348118782043]","[0.3750147819519043, 0.31977176666259766, 0.30521348118782043]",False,YETERSİZ VERİ,RET,True,False,2589.754999964498,"{""K1_input_and_readiness"": 0.06669998401775956, ""K7_context"": 0.001800013706088066, ""K1_normalization"": 0.01079996582120657, ""K6_advisory"": 35.85320001002401, ""K1_intent"": 0.0475000124424696, ""K2_retrieval"": 213.70020002359524, ""K3_reranker"": 2266.7799000046216, ""K8_weighted_ranking"": 1.2722999672405422, ""K3_candidate_filters"": 6.897600018419325, ""K9_advisory_consensus"": 0.008100003469735384, ""K4_nli_and_bypass_check"": 61.68990000151098, ""K5_decision"": 0.34690002212300897}",28944
FACTURK-0234,YALAN,"[17625, 8503, 25169, 23132, 18332, 11479, 9150, 28547, 1272, 25225, 14012, 8347, 27696, 12107, 27366, 24354, 16150, 28347, 25228, 23792]","[0.45489591360092163, 0.34191203117370605, 0.03346293419599533, 0.019531238824129105, 0.000626334105618298, 0.018404889851808548, 0.2516477108001709, 0.016593176871538162, 0.012100386433303356, 0.028114058077335358, 0.0032476764172315598, 0.0004747042548842728, 0.011463796719908714, 0.03521113470196724, 0.005774929653853178, 0.010328153148293495, 0.00041894835885614157, 0.017712298780679703, 0.015189048834145069, 0.009412589482963085]","[0.0011941862758249044, 0.9974765181541443, 0.0013293479569256306]","[0.0011941862758249044, 0.9974765181541443, 0.0013293479569256306]",False,YETERSİZ VERİ,RET,True,False,3876.637600013055,"{""K1_input_and_readiness"": 0.08669996168464422, ""K7_context"": 0.001700012944638729, ""K1_normalization"": 0.016400008462369442, ""K6_advisory"": 36.42360004596412, ""K1_intent"": 0.052200048230588436, ""K2_retrieval"": 329.0360000100918, ""K3_reranker"": 3316.3786999648437, ""K8_weighted_ranking"": 1.3074000016786158, ""K3_candidate_filters"": 7.29550002142787, ""K9_advisory_consensus"": 0.007199996616691351, ""K4_nli_and_bypass_check"": 182.20390001079068, ""K5_decision"": 0.19859999883919954}",8503
FACTURK-0235,DOĞRU,"[6218, 26948, 2915, 5275, 27529, 17446, 10229, 23792, 1270, 22911, 21693, 16855, 13372, 29897, 29892, 27534, 19344, 7866, 1155, 11295]","[0.08601588010787964, 0.14223189651966095, 0.029591374099254608, 0.007999754510819912, 0.0005274784052744508, 0.0007854739669710398, 8.957788668340072e-05, 0.0011116681853309274, 0.003123648464679718, 2.5071596610359848e-05, 2.449082603561692e-05, 1.6061610949691385e-05, 0.005426943302154541, 1.6061610949691385e-05, 7.843789353501052e-05, 2.6897845600615256e-05, 0.0002982776495628059, 0.03468417376279831, 2.178264912799932e-05, 2.2474090656032786e-05]","[0.0005417453940026462, 0.9983084201812744, 0.0011497907107695937]","[0.0005417453940026462, 0.9983084201812744, 0.0011497907107695937]",False,YETERSİZ VERİ,RET,True,False,2569.394500053022,"{""K1_input_and_readiness"": 0.0638000201433897, ""K7_context"": 0.002300017513334751, ""K1_normalization"": 0.013899989426136017, ""K6_advisory"": 35.29790003085509, ""K1_intent"": 0.0391000066883862, ""K2_retrieval"": 273.96140003111213, ""K3_reranker"": 2169.798700022511, ""K8_weighted_ranking"": 1.4693000121042132, ""K3_candidate_filters"": 7.963099982589483, ""K9_advisory_consensus"": 0.008000002708286047, ""K4_nli_and_bypass_check"": 77.20329996664077, ""K5_decision"": 0.38359995232895017}",7866
FACTURK-0236,YALAN,"[19977, 9070, 5365, 7425, 7968, 8514, 28586, 865, 17240, 3721, 5046, 25525, 26225, 21192, 8835, 9183, 24306, 13969, 14680, 11287]","[0.9950946569442749, 0.0008693674462847412, 0.0005132579244673252, 0.00017813112935982645, 1.750292540236842e-05, 4.757645365316421e-05, 3.373722574906424e-05, 1.9833367332466878e-05, 0.00023597174731548876, 4.298194107832387e-05, 0.00020502213737927377, 1.6061610949691385e-05, 1.6314539607265033e-05, 0.02843603305518627, 1.7097478121286258e-05, 1.6187581422855146e-05, 0.001622967072762549, 0.019345102831721306, 1.6061610949691385e-05, 0.004503272473812103]",null,"[1.0, 0.0, 0.0]",True,YALAN,UYARI,False,False,2418.6493000015616,"{""K1_input_and_readiness"": 0.05929998587816954, ""K7_context"": 0.001600012183189392, ""K1_normalization"": 0.010600022505968809, ""K6_advisory"": 37.17470000265166, ""K1_intent"": 0.05530001362785697, ""K2_retrieval"": 202.8516999562271, ""K3_reranker"": 2165.1849999907427, ""K8_weighted_ranking"": 1.381999987643212, ""K3_candidate_filters"": 7.206899987068027, ""K9_advisory_consensus"": 0.007700000423938036, ""K4_nli_and_bypass_check"": 0.3550999681465328, ""K5_decision"": 0.5926000303588808}",19977
FACTURK-0237,DOĞRU,"[7224, 21058, 257, 23757, 14277, 1427, 18311, 25675, 15238, 1499, 14012, 10061, 7695, 25108, 8602, 1970, 4214, 25130, 12068, 24849]","[0.017242778092622757, 0.0005636750720441341, 0.0003569706459529698, 0.024798160418868065, 0.016721142455935478, 0.23440666496753693, 0.014227046631276608, 0.012383785098791122, 0.007039045449346304, 0.009596454910933971, 0.027690259739756584, 0.028328312560915947, 0.03760863468050957, 0.0028009270317852497, 0.03753800690174103, 0.00046917638974264264, 0.00038446192047558725, 0.024516336619853973, 0.0076066721230745316, 0.023962024599313736]","[0.0009650248102843761, 0.9977772831916809, 0.0012576295994222164]","[0.0009650248102843761, 0.9977772831916809, 0.0012576295994222164]",False,YALAN,UYARI,False,False,4790.338499995414,"{""K1_input_and_readiness"": 0.1477000187151134, ""K7_context"": 0.002600019797682762, ""K1_normalization"": 0.028799986466765404, ""K6_advisory"": 38.537099957466125, ""K1_intent"": 0.08450000314041972, ""K2_retrieval"": 354.1659999755211, ""K3_reranker"": 4191.983099968638, ""K8_weighted_ranking"": 1.1298999888822436, ""K3_candidate_filters"": 5.907700047828257, ""K9_advisory_consensus"": 0.006099988240748644, ""K4_nli_and_bypass_check"": 194.78820002404973, ""K5_decision"": 0.23120001424103975}",1427
FACTURK-0238,DOĞRU,"[3621, 25245, 24917, 29318, 28160, 23796, 19381, 13123, 27023, 4157, 27608, 25613, 23405, 25737, 7176, 7602, 15144, 11540, 29721, 12458]","[1.657145367062185e-05, 0.0020190137438476086, 0.0002287133247591555, 0.002540992572903633, 1.6314539607265033e-05, 0.001048469333909452, 0.00011591933434829116, 1.6314539607265033e-05, 1.6442494597868063e-05, 1.6314539607265033e-05, 5.433364276541397e-05, 1.6442494597868063e-05, 1.593661909282673e-05, 3.9135655242716894e-05, 1.593661909282673e-05, 1.6187581422855146e-05, 0.00034464316559024155, 3.8831109122838825e-05, 4.832564081880264e-05, 2.3737338779028505e-05]","[0.007982649840414524, 0.867204487323761, 0.12481279671192169]","[0.007982649840414524, 0.867204487323761, 0.12481279671192169]",False,YALAN,RED,False,False,4027.5487000471912,"{""K1_input_and_readiness"": 0.05269999383017421, ""K7_context"": 0.001900014467537403, ""K1_normalization"": 0.009300012607127428, ""K6_advisory"": 35.57140001794323, ""K1_intent"": 0.049099966417998075, ""K2_retrieval"": 226.81900003226474, ""K3_reranker"": 2803.047700028401, ""K8_weighted_ranking"": 1.2698000064119697, ""K3_candidate_filters"": 7.297899981494993, ""K9_advisory_consensus"": 0.010700023267418146, ""K4_nli_and_bypass_check"": 552.750900038518, ""K5_decision"": 397.40850002272055}",15144
FACTURK-0239,YALAN,"[1676, 14780, 26979, 9150, 15787, 27294, 25169, 25228, 17350, 12375, 13989, 1942, 24782, 3995, 19888, 2244, 889, 19258, 2496, 13897]","[0.12116485089063644, 0.8193157911300659, 0.012431650422513485, 0.024423090741038322, 0.02898062951862812, 0.0076066721230745316, 0.011419613845646381, 0.035745810717344284, 0.0007947254925966263, 0.22695492208003998, 0.06584469974040985, 0.006026951130479574, 0.01805533468723297, 0.00021824207215104252, 0.0010649627074599266, 0.009522485546767712, 0.0007124459953047335, 0.015845362097024918, 0.5101990699768066, 0.0002802109520416707]","[0.002800632966682315, 0.9956120252609253, 0.001587319653481245]","[0.002800632966682315, 0.9956120252609253, 0.001587319653481245]",False,YETERSİZ VERİ,RET,True,False,3414.175099984277,"{""K1_input_and_readiness"": 0.057100027333945036, ""K7_context"": 0.001600012183189392, ""K1_normalization"": 0.010599964298307896, ""K6_advisory"": 36.587400012649596, ""K1_intent"": 0.05299999611452222, ""K2_retrieval"": 242.36089998157695, ""K3_reranker"": 2154.9090000335127, ""K8_weighted_ranking"": 1.1473999475128949, ""K3_candidate_filters"": 6.4202999928966165, ""K9_advisory_consensus"": 0.008000002708286047, ""K4_nli_and_bypass_check"": 529.06410000287, ""K5_decision"": 440.1495999773033}",14780
FACTURK-0240,YALAN,"[10424, 16682, 13598, 23600, 18466, 11438, 18895, 23238, 11476, 15659, 7876, 9015, 12410, 8816, 15489, 16552, 6570, 5258, 20634, 7705]","[0.047514185309410095, 0.00014883848780300468, 0.2447238266468048, 0.0004013350699096918, 0.03711691126227379, 5.874842099728994e-05, 0.005448067560791969, 0.0011160142021253705, 0.013121271505951881, 0.0009181900531984866, 0.00023413581948261708, 0.0036499870475381613, 0.0023141263518482447, 0.005001672077924013, 0.00043904531048610806, 1.9833367332466878e-05, 0.00012731103925034404, 0.014899643138051033, 0.0006771942134946585, 0.21833586692810059]","[0.007843395695090294, 0.9893012642860413, 0.0028553239535540342]","[0.007843395695090294, 0.9893012642860413, 0.0028553239535540342]",False,YETERSİZ VERİ,RET,True,False,6274.191500036977,"{""K1_input_and_readiness"": 0.05030003376305103, ""K7_context"": 0.0015999539755284786, ""K1_normalization"": 0.011400028597563505, ""K6_advisory"": 34.53569998964667, ""K1_intent"": 0.03350002225488424, ""K2_retrieval"": 228.1146000023, ""K3_reranker"": 3973.878099990543, ""K8_weighted_ranking"": 1.2249999563209713, ""K3_candidate_filters"": 5.5544000351801515, ""K9_advisory_consensus"": 0.006099988240748644, ""K4_nli_and_bypass_check"": 1131.402600032743, ""K5_decision"": 896.0237000137568}",13598
FACTURK-0241,DOĞRU,"[25710, 24130, 3133, 29318, 23944, 26305, 27823, 14879, 5745, 4182, 9288, 10966, 21451, 28250, 10117, 12237, 12939, 1490, 29088, 23096]","[1.8200149497715756e-05, 0.0003077430883422494, 0.0007379196467809379, 0.0006667023408226669, 1.7097478121286258e-05, 0.0001442598586436361, 1.6061610949691385e-05, 1.892514956125524e-05, 1.6314539607265033e-05, 0.0007554056355729699, 1.8777873265207745e-05, 4.9086618673754856e-05, 3.591300992411561e-05, 1.6187581422855146e-05, 1.6187581422855146e-05, 1.6314539607265033e-05, 1.6061610949691385e-05, 1.6061610949691385e-05, 1.6187581422855146e-05, 2.526822754589375e-05]","[0.001861894503235817, 0.9970937967300415, 0.0010443569626659155]","[0.001861894503235817, 0.9970937967300415, 0.0010443569626659155]",False,YALAN,RED,False,False,3610.9787999885157,"{""K1_input_and_readiness"": 0.09009998757392168, ""K7_context"": 0.002400018274784088, ""K1_normalization"": 0.01669995253905654, ""K6_advisory"": 39.37479999149218, ""K1_intent"": 0.059699988923966885, ""K2_retrieval"": 239.98810001648962, ""K3_reranker"": 3291.0560999880545, ""K8_weighted_ranking"": 1.416900020558387, ""K3_candidate_filters"": 7.269399997312576, ""K9_advisory_consensus"": 0.018300022929906845, ""K4_nli_and_bypass_check"": 28.028300032019615, ""K5_decision"": 0.30509999487549067}",4182
FACTURK-0242,YALAN,"[10033, 13795, 13858, 25236, 9919, 16645, 4757, 4993, 4738, 8790, 18661, 3086, 11781, 3963, 20488, 18383, 2627, 7940, 28927, 28704]","[0.0017821963410824537, 0.1678997427225113, 0.0003053489199373871, 0.004905405919998884, 0.0005770345451310277, 0.0040543340146541595, 0.0027683854568749666, 0.0017891592578962445, 0.009522485546767712, 0.0007702931761741638, 0.00046190584544092417, 0.00026323829661123455, 0.0003583672805689275, 0.00025514140725135803, 0.0009850083151832223, 3.144662332488224e-05, 0.00017265156202483922, 0.0003697388747241348, 0.0008899655076675117, 0.001094452221877873]","[0.019830625504255295, 0.9753339290618896, 0.00483545009046793]","[0.019830625504255295, 0.9753339290618896, 0.00483545009046793]",False,YETERSİZ VERİ,RET,True,False,3144.311900017783,"{""K1_input_and_readiness"": 0.05830003647133708, ""K7_context"": 0.001800013706088066, ""K1_normalization"": 0.011800031643360853, ""K6_advisory"": 37.02539997175336, ""K1_intent"": 0.06450002547353506, ""K2_retrieval"": 247.62550002196804, ""K3_reranker"": 1807.7714999672025, ""K8_weighted_ranking"": 1.145999995060265, ""K3_candidate_filters"": 9.132999985013157, ""K9_advisory_consensus"": 0.010300020221620798, ""K4_nli_and_bypass_check"": 520.2073999680579, ""K5_decision"": 517.5692999619059}",28704
FACTURK-0243,DOĞRU,"[29414, 21058, 25160, 5937, 24782, 1427, 19827, 1499, 14012, 14277, 487, 25968, 8699, 26355, 27564, 18311, 8602, 20305, 8051, 19909]","[0.07369627058506012, 0.00025315635139122605, 0.01890544593334198, 8.888084994396195e-05, 0.07751765847206116, 0.8423450589179993, 0.02931223064661026, 0.0033766122069209814, 0.002992665395140648, 0.013795365579426289, 0.0024822766426950693, 0.0014895173953846097, 0.002560870721936226, 0.00821969285607338, 0.00017813112935982645, 0.0025909794494509697, 0.0003029734070878476, 0.0009039677679538727, 0.007289077155292034, 0.054098695516586304]","[0.0009521275642327964, 0.9961658716201782, 0.002882027067244053]","[0.0009521275642327964, 0.9961658716201782, 0.002882027067244053]",False,YALAN,UYARI,False,False,3554.286199971102,"{""K1_input_and_readiness"": 0.08430000161752105, ""K7_context"": 0.001700012944638729, ""K1_normalization"": 0.016400008462369442, ""K6_advisory"": 36.81199997663498, ""K1_intent"": 0.04919996717944741, ""K2_retrieval"": 291.4165999973193, ""K3_reranker"": 3045.7755000097677, ""K8_weighted_ranking"": 1.428399991709739, ""K3_candidate_filters"": 7.439700013492256, ""K9_advisory_consensus"": 0.007199996616691351, ""K4_nli_and_bypass_check"": 167.8715999587439, ""K5_decision"": 0.23150001652538776}",1427
FACTURK-0244,DOĞRU,"[16434, 13753, 12595, 824, 6224, 1791, 29986, 6858, 20982, 4999, 24349, 16304, 4195, 8315, 16532, 7762, 23963, 19802, 13200, 743]","[0.0007096704212017357, 0.0031480707693845034, 0.036288294941186905, 0.0001442598586436361, 5.5622065701754764e-05, 0.00020342698553577065, 0.00037555923336185515, 0.00015720345254521817, 1.67014204635052e-05, 1.657145367062185e-05, 0.007232763804495335, 0.0006000071880407631, 2.710879925871268e-05, 1.7231572201126255e-05, 1.67014204635052e-05, 1.6314539607265033e-05, 7.602479308843613e-05, 0.001103026675991714, 1.6442494597868063e-05, 1.657145367062185e-05]","[0.033071085810661316, 0.9602158665657043, 0.006713040638715029]","[0.033071085810661316, 0.9602158665657043, 0.006713040638715029]",False,YETERSİZ VERİ,RET,True,False,2518.225400010124,"{""K1_input_and_readiness"": 0.05360000068321824, ""K7_context"": 0.0015999539755284786, ""K1_normalization"": 0.009000010322779417, ""K6_advisory"": 35.19439999945462, ""K1_intent"": 0.050200033001601696, ""K2_retrieval"": 217.52060001017526, ""K3_reranker"": 1452.8718999936245, ""K8_weighted_ranking"": 1.1501999688334763, ""K3_candidate_filters"": 6.398900004569441, ""K9_advisory_consensus"": 0.007599999662488699, ""K4_nli_and_bypass_check"": 407.25529997143894, ""K5_decision"": 394.3419000133872}",824
FACTURK-0245,DOĞRU,"[12658, 15787, 27382, 27623, 21653, 9150, 27617, 10809, 13538, 15294, 22773, 25225, 11142, 23054, 3189, 2858, 19237, 19258, 25098, 27894]","[0.050611432641744614, 0.012722708284854889, 0.0007437028689309955, 0.0018602986820042133, 1.9073577277595177e-05, 0.03271312639117241, 4.1659583075670525e-05, 0.0001097509084502235, 0.004591683857142925, 3.1941821362124756e-05, 0.9828232526779175, 0.014392335899174213, 2.6480842279852368e-05, 0.07237401604652405, 0.06903792917728424, 0.0006878511630930007, 0.022371459752321243, 0.0140095679089427, 0.0008231385727412999, 0.006564249750226736]","[0.9738754034042358, 0.023861100897192955, 0.0022634523920714855]","[0.9738754034042358, 0.023861100897192955, 0.0022634523920714855]",False,YETERSİZ VERİ,KISMI,True,False,2357.6793000102043,"{""K1_input_and_readiness"": 0.05289999535307288, ""K7_context"": 0.001500011421740055, ""K1_normalization"": 0.008600007276982069, ""K6_advisory"": 32.920399971771985, ""K1_intent"": 0.02889998722821474, ""K2_retrieval"": 203.3485000138171, ""K3_reranker"": 1728.1542000127956, ""K8_weighted_ranking"": 1.3615000061690807, ""K3_candidate_filters"": 6.618799990974367, ""K9_advisory_consensus"": 0.007299997378140688, ""K4_nli_and_bypass_check"": 205.44240000890568, ""K5_decision"": 176.37780000222847}",22773
FACTURK-0246,DOĞRU,"[24283, 6304, 11721, 14939, 7516, 22903, 13560, 16769, 23550, 9516, 12889, 26089, 29667, 21782, 26050, 2719, 399, 23475, 17229, 429]","[0.007039045449346304, 7.031184941297397e-05, 0.0003275842755101621, 2.1278065105434507e-05, 1.6314539607265033e-05, 0.0016875095898285508, 9.028038039105013e-05, 2.5466406441410072e-05, 1.6187581422855146e-05, 8.156224066624418e-05, 0.0001511819864390418, 3.0479141059913673e-05, 1.9073577277595177e-05, 8.818923379294574e-05, 1.6061610949691385e-05, 1.67014204635052e-05, 1.6187581422855146e-05, 1.6442494597868063e-05, 5.144220995134674e-05, 1.6314539607265033e-05]","[0.00019260458066128194, 0.9996761083602905, 0.00013131510058883578]","[0.00019260458066128194, 0.9996761083602905, 0.00013131510058883578]",False,YALAN,RED,False,False,2946.368800010532,"{""K1_input_and_readiness"": 0.08379999781027436, ""K7_context"": 0.001700012944638729, ""K1_normalization"": 0.014399993233382702, ""K6_advisory"": 36.05739999329671, ""K1_intent"": 0.045199994929134846, ""K2_retrieval"": 249.59670001408085, ""K3_reranker"": 2578.7896999972872, ""K8_weighted_ranking"": 1.1720999609678984, ""K3_candidate_filters"": 6.502999982330948, ""K9_advisory_consensus"": 0.006399990525096655, ""K4_nli_and_bypass_check"": 70.48769999528304, ""K5_decision"": 0.36399997770786285}",24283
FACTURK-0247,YALAN,"[24726, 23686, 24956, 30211, 29892, 15978, 19981, 17499, 13791, 25169, 27894, 22175, 6758, 14232, 25225, 21518, 22268, 4991, 22198, 22504]","[0.9995842576026917, 0.018689308315515518, 0.23109324276447296, 0.00266261282376945, 0.10502681136131287, 0.08006926625967026, 0.026405517011880875, 0.0023688741493970156, 0.017242778092622757, 0.024191485717892647, 0.005060331895947456, 0.0029121784027665854, 0.00011412239109631628, 0.0697949230670929, 0.22354651987552643, 0.0022343622986227274, 0.0011604196624830365, 0.018124720081686974, 0.0010202174307778478, 0.020606474950909615]","[0.9994351267814636, 0.00017232280515599996, 0.0003925521741621196]","[0.9994351267814636, 0.00017232280515599996, 0.0003925521741621196]",False,YALAN,UYARI,False,False,3568.777799955569,"{""K1_input_and_readiness"": 0.060699996538460255, ""K7_context"": 0.001800013706088066, ""K1_normalization"": 0.011400028597563505, ""K6_advisory"": 35.33230000175536, ""K1_intent"": 0.04040001658722758, ""K2_retrieval"": 215.1554999873042, ""K3_reranker"": 3121.5609000064433, ""K8_weighted_ranking"": 1.387299969792366, ""K3_candidate_filters"": 7.673599990084767, ""K9_advisory_consensus"": 0.007700000423938036, ""K4_nli_and_bypass_check"": 127.77560000540689, ""K5_decision"": 56.40870000934228}",24726
FACTURK-0248,YALAN,"[18148, 26461, 21223, 3213, 29251, 25862, 16193, 22690, 6309, 9463, 8419, 29177, 1570, 28346, 23755, 10877, 13378, 915, 10061, 29755]","[0.07250525057315826, 0.028870904818177223, 0.0030515100806951523, 0.004231587518006563, 0.0015916259726509452, 0.0011469158343970776, 5.9673518990166485e-05, 0.0018172829877585173, 0.015424552373588085, 0.00045474787475541234, 0.0006312434561550617, 2.392351052549202e-05, 0.0006312434561550617, 5.920916373725049e-05, 1.6314539607265033e-05, 0.0001686527393758297, 1.6061610949691385e-05, 0.06620602309703827, 9.098840382648632e-05, 0.00034870431409217417]","[0.9765448570251465, 0.0158604197204113, 0.007594813592731953]","[0.9765448570251465, 0.0158604197204113, 0.007594813592731953]",False,DOĞRU,ONAY,False,False,3777.683900028933,"{""K1_input_and_readiness"": 0.07509998977184296, ""K7_context"": 0.001600012183189392, ""K1_normalization"": 0.008600007276982069, ""K6_advisory"": 35.81460000714287, ""K1_intent"": 0.054100004490464926, ""K2_retrieval"": 215.45429999241605, ""K3_reranker"": 3014.094899990596, ""K8_weighted_ranking"": 1.2319000088609755, ""K3_candidate_filters"": 6.280799978412688, ""K9_advisory_consensus"": 0.00689999433234334, ""K4_nli_and_bypass_check"": 273.62280001398176, ""K5_decision"": 227.71249996731058}",18148
FACTURK-0249,DOĞRU,"[16856, 427, 27940, 29568, 16420, 17094, 23265, 8286, 6437, 15887, 21829, 16585, 26598, 25916, 4842, 19220, 13524, 8628, 26312, 24737]","[0.00012632041762117296, 0.9881765246391296, 1.6061610949691385e-05, 1.6442494597868063e-05, 0.001674399245530367, 0.001052568550221622, 1.6187581422855146e-05, 2.93115390377352e-05, 0.00012339458044152707, 0.0001387341326335445, 1.7097478121286258e-05, 4.0694576455280185e-05, 0.01890544593334198, 0.00019716942915692925, 4.7206227463902906e-05, 7.602479308843613e-05, 3.071818719035946e-05, 1.7366719475830905e-05, 1.657145367062185e-05, 1.6187581422855146e-05]","[0.996203601360321, 0.0026655809488147497, 0.0011307772947475314]","[0.996203601360321, 0.0026655809488147497, 0.0011307772947475314]",False,YALAN,RED,False,False,2926.8897000001743,"{""K1_input_and_readiness"": 0.06989995017647743, ""K7_context"": 0.001400010660290718, ""K1_normalization"": 0.016200006939470768, ""K6_advisory"": 35.25879996595904, ""K1_intent"": 0.060699996538460255, ""K2_retrieval"": 225.60030000749975, ""K3_reranker"": 2210.584399988875, ""K8_weighted_ranking"": 1.482799998484552, ""K3_candidate_filters"": 5.613200017251074, ""K9_advisory_consensus"": 0.006299989763647318, ""K4_nli_and_bypass_check"": 262.94200000120327, ""K5_decision"": 181.2068999861367}",427
FACTURK-0250,YALAN,"[12539, 14277, 10302, 5953, 21058, 10589, 15780, 24849, 19068, 8347, 15297, 27017, 21117, 25673, 4270, 25108, 19997, 4867, 2984, 7224]","[0.000706905557308346, 0.054701510816812515, 0.015306354500353336, 0.016593176871538162, 0.00019716942915692925, 0.003510648850351572, 0.002115703420713544, 0.4801282584667206, 0.0013939501950517297, 0.0030278346966952085, 0.02489279955625534, 0.008348053321242332, 0.20481863617897034, 0.01214717049151659, 0.007937993854284286, 0.0030043430160731077, 0.00029137005913071334, 0.08050192147493362, 0.00016474656877107918, 0.007725534029304981]","[0.0004903441877104342, 0.999305248260498, 0.0002043877320829779]","[0.0004903441877104342, 0.999305248260498, 0.0002043877320829779]",False,YALAN,UYARI,False,False,3910.754500015173,"{""K1_input_and_readiness"": 0.10419997852295637, ""K7_context"": 0.001600012183189392, ""K1_normalization"": 0.017200014553964138, ""K6_advisory"": 40.65919999266043, ""K1_intent"": 0.09970000246539712, ""K2_retrieval"": 353.44949999125674, ""K3_reranker"": 3309.0729999821633, ""K8_weighted_ranking"": 1.2233000015839934, ""K3_candidate_filters"": 5.583600024692714, ""K9_advisory_consensus"": 0.005799985956400633, ""K4_nli_and_bypass_check"": 197.06100004259497, ""K5_decision"": 0.21119997836649418}",24849
FACTURK-0251,DOĞRU,"[26178, 24289, 4452, 5104, 27018, 12622, 2755, 7944, 9730, 6170, 12330, 6765, 2933, 26308, 18638, 26627, 10424, 25503, 24002, 23246]","[0.0015487611526623368, 8.156224066624418e-05, 0.0011786719551309943, 0.0053640566766262054, 8.888084994396195e-05, 0.02203226462006569, 0.00022167809947859496, 0.00019411319226492196, 0.0001442598586436361, 0.0006337125087156892, 0.0010322310263291001, 0.0023688741493970156, 0.0028671587351709604, 0.0005274784052744508, 0.0005316132446750998, 0.00011412239109631628, 0.0002002737601287663, 0.00272558256983757, 0.004924510605633259, 0.0005614787805825472]","[0.0006028679781593382, 0.9971328973770142, 0.0022642728872597218]","[0.0006028679781593382, 0.9971328973770142, 0.0022642728872597218]",False,YETERSİZ VERİ,RET,True,False,5786.6159999975935,"{""K1_input_and_readiness"": 0.0735999783501029, ""K7_context"": 0.001900014467537403, ""K1_normalization"": 0.013599987141788006, ""K6_advisory"": 45.79299996839836, ""K1_intent"": 0.07509998977184296, ""K2_retrieval"": 307.8642000327818, ""K3_reranker"": 4055.3915999480523, ""K8_weighted_ranking"": 1.5826000017113984, ""K3_candidate_filters"": 7.492600008845329, ""K9_advisory_consensus"": 0.007299997378140688, ""K4_nli_and_bypass_check"": 723.2301000040025, ""K5_decision"": 641.9224999845028}",5104
FACTURK-0252,YALAN,"[5630, 2429, 28582, 4402, 8731, 29070, 29379, 12391, 13025, 16652, 17161, 24542, 18711, 8833, 12102, 10127, 7375, 13621, 3524, 8024]","[0.9993175268173218, 0.0025509123224765062, 0.02080448903143406, 0.015483989380300045, 0.0007854739669710398, 0.00038296362617984414, 0.0001387341326335445, 9.685608529252931e-05, 0.005888158921152353, 0.008847354911267757, 0.00026947917649522424, 0.04107588902115822, 8.547616744181141e-05, 0.0019723358564078808, 2.265035072923638e-05, 3.591300992411561e-05, 0.04377274215221405, 0.01590639166533947, 0.005001672077924013, 0.00010310211655450985]",null,"[1.0, 0.0, 0.0]",True,YALAN,UYARI,False,False,4045.6640999764204,"{""K1_input_and_readiness"": 0.05940004484727979, ""K7_context"": 0.001900014467537403, ""K1_normalization"": 0.012599979527294636, ""K6_advisory"": 36.79849999025464, ""K1_intent"": 0.03739999374374747, ""K2_retrieval"": 245.8007000386715, ""K3_reranker"": 3749.1114000440575, ""K8_weighted_ranking"": 2.5100000202655792, ""K3_candidate_filters"": 7.346500002313405, ""K9_advisory_consensus"": 0.007800001185387373, ""K4_nli_and_bypass_check"": 0.24089997168630362, ""K5_decision"": 0.341000035405159}",5630
FACTURK-0253,YALAN,"[13795, 6837, 22811, 23132, 24304, 1959, 27357, 5396, 23686, 15247, 9810, 7836, 24179, 14814, 6352, 26079, 21253, 27830, 30352, 3772]","[0.00014653129619546235, 2.0462934116949327e-05, 1.6314539607265033e-05, 0.00015720345254521817, 0.0005953406798653305, 1.6314539607265033e-05, 0.0004044814850203693, 1.657145367062185e-05, 1.6187581422855146e-05, 1.6314539607265033e-05, 0.0009966077050194144, 0.019568676128983498, 1.6442494597868063e-05, 7.9673009167891e-05, 2.1112482500029728e-05, 1.6314539607265033e-05, 1.6061610949691385e-05, 2.265035072923638e-05, 3.071818719035946e-05, 4.101373633602634e-05]","[0.0015745193231850863, 0.9953442215919495, 0.0030812262557446957]","[0.0015745193231850863, 0.9953442215919495, 0.0030812262557446957]",False,YALAN,RED,False,False,3703.217300004326,"{""K1_input_and_readiness"": 0.051799986977130175, ""K7_context"": 0.0018999562598764896, ""K1_normalization"": 0.012100033927708864, ""K6_advisory"": 36.719199968501925, ""K1_intent"": 0.05819997750222683, ""K2_retrieval"": 250.81579998368397, ""K3_reranker"": 2188.9401000225917, ""K8_weighted_ranking"": 2.3648000205866992, ""K3_candidate_filters"": 15.017799974884838, ""K9_advisory_consensus"": 0.012999982573091984, ""K4_nli_and_bypass_check"": 644.9965999927372, ""K5_decision"": 560.4001999599859}",30352
FACTURK-0254,YALAN,"[16423, 19084, 16491, 6705, 12442, 5304, 11198, 17023, 10107, 16687, 27748, 29373, 16645, 24955, 5228, 26983, 23309, 1155, 29364, 30133]","[1.8777873265207745e-05, 0.0023413407616317272, 0.0011380005162209272, 4.101373633602634e-05, 0.0006070755189284682, 0.004433765076100826, 0.001269364496693015, 1.6442494597868063e-05, 1.6061610949691385e-05, 1.9833367332466878e-05, 3.508111694827676e-05, 0.0001195985751110129, 0.0003301527176517993, 8.029783930396661e-05, 1.6061610949691385e-05, 0.0014721895568072796, 1.6314539607265033e-05, 4.5044595026411116e-05, 0.0009004466701298952, 0.0007916296017356217]","[0.000564805930480361, 0.019658992066979408, 0.97977614402771]","[0.000564805930480361, 0.019658992066979408, 0.97977614402771]",False,YETERSİZ VERİ,KISMI,True,False,2599.842499999795,"{""K1_input_and_readiness"": 0.06529997335746884, ""K7_context"": 0.001800013706088066, ""K1_normalization"": 0.011899974197149277, ""K6_advisory"": 35.82859999733046, ""K1_intent"": 0.07230002665892243, ""K2_retrieval"": 211.95470000384375, ""K3_reranker"": 2252.72849999601, ""K8_weighted_ranking"": 1.3027000240981579, ""K3_candidate_filters"": 6.797899957746267, ""K9_advisory_consensus"": 0.01810002140700817, ""K4_nli_and_bypass_check"": 87.28200005134568, ""K5_decision"": 0.3964999923482537}",17023
FACTURK-0255,DOĞRU,"[6199, 21702, 4987, 2558, 18926, 15525, 26352, 4226, 15849, 13422, 10873, 8950, 18876, 19437, 17342, 322, 27758, 12813, 16473, 9164]","[0.005281333811581135, 0.0008009536541067064, 0.012007349170744419, 2.0462934116949327e-05, 0.005405900068581104, 2.4682904040673748e-05, 0.0006190416170284152, 0.02898062951862812, 2.2474090656032786e-05, 1.657145367062185e-05, 5.02506154589355e-05, 0.008030813187360764, 1.7097478121286258e-05, 2.178264912799932e-05, 6.253713218029588e-05, 0.024798160418868065, 0.0023141263518482447, 0.0005316132446750998, 0.014957086183130741, 0.00048406238784082234]","[0.0007835043943487108, 0.997298538684845, 0.0019179253140464425]","[0.0007835043943487108, 0.997298538684845, 0.0019179253140464425]",False,YALAN,RED,False,False,3441.1580999731086,"{""K1_input_and_readiness"": 0.07409998215734959, ""K7_context"": 0.001500011421740055, ""K1_normalization"": 0.01680001150816679, ""K6_advisory"": 37.8533000475727, ""K1_intent"": 0.07700000423938036, ""K2_retrieval"": 275.7042000303045, ""K3_reranker"": 3036.1862999852747, ""K8_weighted_ranking"": 1.5476999687962234, ""K3_candidate_filters"": 7.420599984470755, ""K9_advisory_consensus"": 0.006999995093792677, ""K4_nli_and_bypass_check"": 78.63820000784472, ""K5_decision"": 0.3961999900639057}",322
FACTURK-0256,YALAN,"[15787, 25225, 9150, 25098, 17721, 16785, 27894, 21537, 2858, 11479, 16063, 15238, 24184, 28629, 30356, 2244, 25169, 487, 24591, 2537]","[0.001151399570517242, 0.0019646615255624056, 0.008985428139567375, 0.0002396868512732908, 0.4686386287212372, 0.0006047102506272495, 0.014172364957630634, 0.468030720949173, 0.0001476803736295551, 0.00020184421737212688, 0.002580904169008136, 0.004700060468167067, 0.0007824140484444797, 0.006413164082914591, 0.1748325228691101, 7.905303937150165e-05, 0.00011412239109631628, 0.0029008574783802032, 0.0007096704212017357, 0.026405517011880875]","[0.004934261087328196, 0.9791963696479797, 0.015869298949837685]","[0.004934261087328196, 0.9791963696479797, 0.015869298949837685]",False,YALAN,RED,False,False,3883.255399996415,"{""K1_input_and_readiness"": 0.049099966417998075, ""K7_context"": 0.001800013706088066, ""K1_normalization"": 0.009300012607127428, ""K6_advisory"": 35.981499997433275, ""K1_intent"": 0.03600004129111767, ""K2_retrieval"": 247.15979996835813, ""K3_reranker"": 3284.416499955114, ""K8_weighted_ranking"": 1.2195000308565795, ""K3_candidate_filters"": 6.034000020008534, ""K9_advisory_consensus"": 0.005999987479299307, ""K4_nli_and_bypass_check"": 192.5273999804631, ""K5_decision"": 111.35429999558255}",30356
FACTURK-0257,DOĞRU,"[25662, 27521, 18052, 17425, 18391, 12763, 15121, 13817, 9725, 18112, 26227, 27233, 29612, 29091, 11295, 2043, 5149, 1974, 15859, 3976]","[0.19759924709796906, 0.0055333878844976425, 0.03222229704260826, 0.015663648024201393, 0.19590157270431519, 0.060418423265218735, 0.11104825139045715, 0.02013874053955078, 0.008445626124739647, 0.018194368109107018, 0.018797073513269424, 0.017442485317587852, 0.03191915154457092, 0.011029469780623913, 1.657145367062185e-05, 0.011029469780623913, 6.60521473037079e-05, 0.0037800956051796675, 0.02909075655043125, 0.015483989380300045]","[0.00012038562999805436, 0.9997085928916931, 0.00017099676188081503]","[0.00012038562999805436, 0.9997085928916931, 0.00017099676188081503]",False,YETERSİZ VERİ,RET,True,False,4171.262299991213,"{""K1_input_and_readiness"": 0.10219996329396963, ""K7_context"": 0.00200001522898674, ""K1_normalization"": 0.018899969290941954, ""K6_advisory"": 36.430499982088804, ""K1_intent"": 0.04680000711232424, ""K2_retrieval"": 276.6904999734834, ""K3_reranker"": 3758.7378000025637, ""K8_weighted_ranking"": 1.61500001559034, ""K3_candidate_filters"": 6.540399976074696, ""K9_advisory_consensus"": 0.006599992047995329, ""K4_nli_and_bypass_check"": 87.028999987524, ""K5_decision"": 0.34639996010810137}",15121
FACTURK-0258,DOĞRU,"[28345, 13989, 13706, 16594, 2194, 29289, 12429, 14954, 8100, 28354, 11758, 2993, 24747, 11751, 4877, 18975, 23797, 2677, 6575, 21977]","[0.049681153148412704, 0.02241421490907669, 0.009020279161632061, 0.01009131595492363, 0.00937623716890812, 0.03782128915190697, 0.009125636890530586, 0.003678509034216404, 0.0008360903011634946, 0.0006487307837232947, 0.002123966347426176, 0.02409944497048855, 0.0008796061738394201, 0.0007096704212017357, 0.0013096056645736098, 0.028328312560915947, 0.002540992572903633, 0.001192549243569374, 0.00025118677876889706, 0.0007466114475391805]","[0.001549302600324154, 0.9965463280677795, 0.0019043212523683906]","[0.001549302600324154, 0.9965463280677795, 0.0019043212523683906]",False,YETERSİZ VERİ,RET,True,False,4252.828199998476,"{""K1_input_and_readiness"": 0.07159996312111616, ""K7_context"": 0.002600019797682762, ""K1_normalization"": 0.011000025551766157, ""K6_advisory"": 36.827599979005754, ""K1_intent"": 0.04880002234131098, ""K2_retrieval"": 239.86509995302185, ""K3_reranker"": 3035.2039000135846, ""K8_weighted_ranking"": 1.1002999963238835, ""K3_candidate_filters"": 5.4287000093609095, ""K9_advisory_consensus"": 0.006100046448409557, ""K4_nli_and_bypass_check"": 517.8641000529751, ""K5_decision"": 413.20880001876503}",18975
FACTURK-0259,DOĞRU,"[25585, 6348, 10277, 27364, 11842, 24904, 1682, 16400, 6758, 20527, 11122, 28198, 13321, 17229, 19122, 2307, 15897, 3377, 21400, 27436]","[0.6801354885101318, 0.00021995337738189846, 0.0008199321455322206, 5.104190859128721e-05, 8.818923379294574e-05, 1.7778551409719512e-05, 1.8777873265207745e-05, 3.4537253668531775e-05, 0.004886374808847904, 9.915272676153108e-05, 2.014569145103451e-05, 1.6442494597868063e-05, 4.611274925991893e-05, 0.0002982776495628059, 0.006589771714061499, 1.8342892872169614e-05, 1.7231572201126255e-05, 1.67014204635052e-05, 1.7778551409719512e-05, 2.265035072923638e-05]","[0.002708693966269493, 0.001796753378584981, 0.9954946041107178]","[0.002708693966269493, 0.001796753378584981, 0.9954946041107178]",False,DOĞRU,ONAY,False,False,4618.548300000839,"{""K1_input_and_readiness"": 0.04540005465969443, ""K7_context"": 0.001600012183189392, ""K1_normalization"": 0.009300012607127428, ""K6_advisory"": 34.72979995422065, ""K1_intent"": 0.03679998917505145, ""K2_retrieval"": 230.06550001446158, ""K3_reranker"": 3565.401599975303, ""K8_weighted_ranking"": 1.2101000174880028, ""K3_candidate_filters"": 6.752700021024793, ""K9_advisory_consensus"": 0.00689999433234334, ""K4_nli_and_bypass_check"": 430.18840003060177, ""K5_decision"": 345.9700000239536}",28198
FACTURK-0260,DOĞRU,"[3138, 7704, 16683, 25343, 13960, 11169, 2262, 20048, 6828, 18437, 28777, 16740, 18735, 14100, 27763, 2961, 27568, 2399, 299, 3945]","[1.6061610949691385e-05, 1.7917987861437723e-05, 0.0028560124337673187, 1.6187581422855146e-05, 1.8200149497715756e-05, 0.000458312890259549, 1.67014204635052e-05, 0.00034329999471083283, 1.6061610949691385e-05, 4.7206227463902906e-05, 1.6187581422855146e-05, 3.244481558795087e-05, 1.6314539607265033e-05, 1.892514956125524e-05, 1.6061610949691385e-05, 1.6314539607265033e-05, 1.6442494597868063e-05, 0.0002287133247591555, 1.6061610949691385e-05, 1.6061610949691385e-05]","[0.0024236200843006372, 0.1388322114944458, 0.8587441444396973]","[0.0024236200843006372, 0.1388322114944458, 0.8587441444396973]",False,YETERSİZ VERİ,KISMI,True,False,4143.985700036865,"{""K1_input_and_readiness"": 0.0638000201433897, ""K7_context"": 0.001500011421740055, ""K1_normalization"": 0.009999959729611874, ""K6_advisory"": 35.48319998662919, ""K1_intent"": 0.03619998460635543, ""K2_retrieval"": 230.02710001310334, ""K3_reranker"": 2678.340599988587, ""K8_weighted_ranking"": 1.4575000386685133, ""K3_candidate_filters"": 7.724900031462312, ""K9_advisory_consensus"": 0.008499948307871819, ""K4_nli_and_bypass_check"": 647.6013000356033, ""K5_decision"": 539.6145000122488}",2399
FACTURK-0261,YALAN,"[20431, 12900, 27643, 15617, 9834, 26193, 2749, 28246, 16384, 27752, 11185, 23464, 27400, 9378, 21875, 27965, 7243, 10952, 676, 28236]","[0.005980330519378185, 1.67014204635052e-05, 0.00017952796770259738, 0.0003366621967870742, 2.586742994026281e-05, 1.7640199075685814e-05, 1.9988918211311102e-05, 0.0007264875457622111, 1.7097478121286258e-05, 3.3474691008450463e-05, 3.5633544030133635e-05, 3.321419353596866e-05, 0.0010443859500810504, 1.750292540236842e-05, 0.0003920417802873999, 1.750292540236842e-05, 2.355261858610902e-05, 0.00010554686014074832, 0.0001837845629779622, 2.566613329690881e-05]","[0.07509204745292664, 0.5457889437675476, 0.37911900877952576]","[0.07509204745292664, 0.5457889437675476, 0.37911900877952576]",False,YALAN,RED,False,False,5259.917600022163,"{""K1_input_and_readiness"": 0.12280000373721123, ""K7_context"": 0.002300017513334751, ""K1_normalization"": 0.017300015315413475, ""K6_advisory"": 39.96209998149425, ""K1_intent"": 0.12350000906735659, ""K2_retrieval"": 274.60920001612976, ""K3_reranker"": 2659.767000004649, ""K8_weighted_ranking"": 1.4236000133678317, ""K3_candidate_filters"": 7.204099965747446, ""K9_advisory_consensus"": 0.007700000423938036, ""K4_nli_and_bypass_check"": 1224.8430000036024, ""K5_decision"": 1048.40620001778}",28246
FACTURK-0262,DOĞRU,"[2381, 11778, 29892, 4452, 22773, 28266, 29075, 4156, 6336, 23686, 27763, 2920, 23475, 11723, 22504, 28251, 21748, 18348, 10809, 5576]","[0.2078571617603302, 0.026963500306010246, 0.0017683517653495073, 0.0002234163403045386, 0.038321975618600845, 0.0008830457809381187, 3.0006618544575758e-05, 1.8777873265207745e-05, 0.0010733063099905849, 0.000317508791340515, 0.0003053489199373871, 0.0003889921063091606, 2.710879925871268e-05, 4.006369272246957e-05, 0.016721142455935478, 0.00011866796558024362, 7.782753527862951e-05, 3.4537253668531775e-05, 1.967902426258661e-05, 1.8631746570463292e-05]","[0.0028745990712195635, 0.9923531413078308, 0.004772254265844822]","[0.0028745990712195635, 0.9923531413078308, 0.004772254265844822]",False,YALAN,UYARI,False,False,4203.953399963211,"{""K1_input_and_readiness"": 0.05030003376305103, ""K7_context"": 0.0019999570213258266, ""K1_normalization"": 0.00990001717582345, ""K6_advisory"": 34.973999951034784, ""K1_intent"": 0.037299992982298136, ""K2_retrieval"": 233.07320004096255, ""K3_reranker"": 3139.0414999914356, ""K8_weighted_ranking"": 1.0988999856635928, ""K3_candidate_filters"": 5.736100021749735, ""K9_advisory_consensus"": 0.006699992809444666, ""K4_nli_and_bypass_check"": 440.43740001507103, ""K5_decision"": 345.8177999709733}",2381
FACTURK-0263,YALAN,"[8905, 21473, 21599, 28194, 11383, 16291, 5273, 9426, 23763, 15874, 1130, 10031, 1761, 8888, 5961, 28559, 7358, 6472, 6538, 3623]","[0.0001097509084502235, 0.00014883848780300468, 0.008283626288175583, 0.0005072812782600522, 0.011463796719908714, 0.00021485926117748022, 0.0011740821646526456, 0.0026316740550100803, 0.0001740054285619408, 1.8200149497715756e-05, 3.70529705833178e-05, 0.002323162741959095, 0.00012931563833262771, 0.0009217804181389511, 2.7535690605873242e-05, 2.93115390377352e-05, 5.9673518990166485e-05, 0.0005072812782600522, 3.373722574906424e-05, 5.2662067901110277e-05]","[0.0004096818156540394, 0.9982878565788269, 0.0013024964137002826]","[0.0004096818156540394, 0.9982878565788269, 0.0013024964137002826]",False,YETERSİZ VERİ,RET,True,False,4123.627699969802,"{""K1_input_and_readiness"": 0.06649998249486089, ""K7_context"": 0.001900014467537403, ""K1_normalization"": 0.011699972674250603, ""K6_advisory"": 36.206900025717914, ""K1_intent"": 0.05029997555539012, ""K2_retrieval"": 233.58509998070076, ""K3_reranker"": 2617.971599975135, ""K8_weighted_ranking"": 1.2607999960891902, ""K3_candidate_filters"": 6.599300017114729, ""K9_advisory_consensus"": 0.006599992047995329, ""K4_nli_and_bypass_check"": 668.2229999569245, ""K5_decision"": 556.4914999995381}",21599
FACTURK-0264,DOĞRU,"[11058, 17516, 19761, 1424, 5710, 17984, 5087, 2337, 24534, 27015, 20305, 12152, 30224, 17022, 15968, 11986, 2513, 18468, 11571, 27857]","[0.39210402965545654, 0.0023967307060956955, 0.9388007521629333, 0.016466174274683, 0.019908789545297623, 0.03061777912080288, 0.00026323829661123455, 0.0008659808663651347, 3.1201914680423215e-05, 0.0928521603345871, 0.0011380005162209272, 0.00017952796770259738, 0.0032099615782499313, 1.750292540236842e-05, 1.8777873265207745e-05, 0.0008693674462847412, 0.019531238824129105, 0.8875949382781982, 1.657145367062185e-05, 1.9373936083866283e-05]","[0.8537610769271851, 0.07036428898572922, 0.07587456703186035]","[0.8537610769271851, 0.07036428898572922, 0.07587456703186035]",False,DOĞRU,ONAY,False,False,2834.352200035937,"{""K1_input_and_readiness"": 0.062400009483098984, ""K7_context"": 0.001400010660290718, ""K1_normalization"": 0.008999952115118504, ""K6_advisory"": 34.36689998488873, ""K1_intent"": 0.048200017772614956, ""K2_retrieval"": 202.00150000164285, ""K3_reranker"": 2199.7847000020556, ""K8_weighted_ranking"": 1.269000000320375, ""K3_candidate_filters"": 6.577999971341342, ""K9_advisory_consensus"": 0.007099995855242014, ""K4_nli_and_bypass_check"": 244.19110000599176, ""K5_decision"": 142.77139998739585}",19761
FACTURK-0265,YALAN,"[4991, 10657, 6119, 7268, 2235, 2549, 2984, 14780, 27018, 28547, 25731, 27997, 3259, 20078, 6765, 5723, 1970, 1505, 13059, 11389]","[0.06536578387022018, 0.00937623716890812, 0.08601588010787964, 0.00023782203788869083, 0.0061212810687720776, 0.0013617033837363124, 0.0001713081874186173, 0.0004044814850203693, 0.0004092474700883031, 0.000758359965402633, 0.05370030552148819, 0.0012497093994170427, 0.0030634168069809675, 2.6480842279852368e-05, 0.00020342698553577065, 2.0462934116949327e-05, 0.01778038963675499, 1.892514956125524e-05, 0.0001713081874186173, 0.002174225402995944]","[0.0009174832375720143, 0.9784854650497437, 0.020596979185938835]","[0.0009174832375720143, 0.9784854650497437, 0.020596979185938835]",False,YETERSİZ VERİ,RET,True,False,5171.577500004787,"{""K1_input_and_readiness"": 0.05259999306872487, ""K7_context"": 0.001300009898841381, ""K1_normalization"": 0.009600014891475439, ""K6_advisory"": 34.87059997860342, ""K1_intent"": 0.0391000066883862, ""K2_retrieval"": 232.12830000557005, ""K3_reranker"": 3698.0070999707095, ""K8_weighted_ranking"": 1.4776000170968473, ""K3_candidate_filters"": 7.160999986808747, ""K9_advisory_consensus"": 0.006599992047995329, ""K4_nli_and_bypass_check"": 632.986200042069, ""K5_decision"": 561.5448000025935}",4991
FACTURK-0266,DOĞRU,"[4491, 9117, 23520, 19604, 23297, 19212, 8025, 22170, 10061, 15367, 12727, 23862, 23361, 8658, 26848, 27625, 1399, 1459, 16491, 21965]","[3.373722574906424e-05, 1.7231572201126255e-05, 0.00010637458035489544, 1.8777873265207745e-05, 3.373722574906424e-05, 2.014569145103451e-05, 1.6187581422855146e-05, 1.6187581422855146e-05, 1.9525883544702083e-05, 0.000124362253700383, 1.683241134742275e-05, 5.738759500673041e-05, 3.852893496514298e-05, 1.8777873265207745e-05, 1.6061610949691385e-05, 1.6442494597868063e-05, 0.06928940862417221, 1.67014204635052e-05, 1.657145367062185e-05, 1.6314539607265033e-05]","[0.00039603005279786885, 0.998999297618866, 0.0006046681082807481]","[0.00039603005279786885, 0.998999297618866, 0.0006046681082807481]",False,YETERSİZ VERİ,RET,True,False,3592.685299983714,"{""K1_input_and_readiness"": 0.08159998105838895, ""K7_context"": 0.001400010660290718, ""K1_normalization"": 0.014899997040629387, ""K6_advisory"": 38.18939998745918, ""K1_intent"": 0.05400000372901559, ""K2_retrieval"": 296.53479997068644, ""K3_reranker"": 3111.616000009235, ""K8_weighted_ranking"": 1.2171000125817955, ""K3_candidate_filters"": 5.92189998133108, ""K9_advisory_consensus"": 0.006399990525096655, ""K4_nli_and_bypass_check"": 135.8526999829337, ""K5_decision"": 0.17440004739910364}",23361
FACTURK-0267,YALAN,"[26279, 20172, 25269, 15061, 22301, 4316, 10451, 20024, 13189, 7236, 15662, 385, 2149, 23491, 20781, 19187, 9711, 25156, 24851, 5540]","[0.06754669547080994, 0.011732463724911213, 0.01764446496963501, 0.00266261282376945, 0.000437334441812709, 0.00821969285607338, 7.031184941297397e-05, 0.6211962699890137, 0.0006361912237480283, 0.001995538594201207, 0.0001823546044761315, 0.0004994205664843321, 0.00038296362617984414, 0.0008559006964787841, 0.005774929653853178, 0.007317397277802229, 5.0644717703107744e-05, 3.373722574906424e-05, 2.161314114346169e-05, 1.6442494597868063e-05]","[0.006963424384593964, 0.6824527978897095, 0.31058377027511597]","[0.006963424384593964, 0.6824527978897095, 0.31058377027511597]",False,YETERSİZ VERİ,RET,True,False,4047.327900014352,"{""K1_input_and_readiness"": 0.04870002157986164, ""K7_context"": 0.001400010660290718, ""K1_normalization"": 0.010999967344105244, ""K6_advisory"": 33.25739997671917, ""K1_intent"": 0.0399000127799809, ""K2_retrieval"": 214.09839997068048, ""K3_reranker"": 2847.060900006909, ""K8_weighted_ranking"": 1.0485999519005418, ""K3_candidate_filters"": 5.594800051767379, ""K9_advisory_consensus"": 0.006499991286545992, ""K4_nli_and_bypass_check"": 464.56960000796244, ""K5_decision"": 478.12720004003495}",20024
FACTURK-0268,YALAN,"[10329, 25178, 11026, 2823, 6269, 29138, 7330, 700, 22390, 13382, 2498, 23276, 4149, 21058, 16150, 24255, 23693, 27369, 3956, 27818]","[0.46815231442451477, 3.373722574906424e-05, 0.010052368976175785, 0.0030043430160731077, 0.00013342000602278858, 0.00854433048516512, 0.007785655092447996, 0.007431773468852043, 0.001269364496693015, 0.018404889851808548, 0.00034329999471083283, 0.000628784007858485, 0.0007152324542403221, 0.0022694687359035015, 0.004700060468167067, 0.007176882121711969, 4.575391358230263e-05, 1.892514956125524e-05, 0.006930672097951174, 0.000954731716774404]","[0.011037296615540981, 0.023391837254166603, 0.9655708074569702]","[0.011037296615540981, 0.023391837254166603, 0.9655708074569702]",False,DOĞRU,ONAY,False,False,5835.045299958438,"{""K1_input_and_readiness"": 0.08600001456215978, ""K7_context"": 0.001700012944638729, ""K1_normalization"": 0.01209997572004795, ""K6_advisory"": 35.42229998856783, ""K1_intent"": 0.03909994848072529, ""K2_retrieval"": 269.1335999988951, ""K3_reranker"": 4371.299899998121, ""K8_weighted_ranking"": 1.2838999973610044, ""K3_candidate_filters"": 6.552600010763854, ""K9_advisory_consensus"": 0.007599999662488699, ""K4_nli_and_bypass_check"": 672.563000000082, ""K5_decision"": 475.3160999971442}",10329
FACTURK-0269,DOĞRU,"[30119, 28319, 18961, 19824, 12622, 16465, 23361, 19288, 4119, 13421, 27402, 24912, 15928, 4813, 26660, 25841, 8468, 16288, 25178, 10748]","[2.977311669383198e-05, 0.0006142272031866014, 0.0002396868512732908, 0.04099902883172035, 0.6921219825744629, 0.0018602986820042133, 0.0024726230185478926, 1.9525883544702083e-05, 0.0003514382697176188, 1.6061610949691385e-05, 0.00020988310279790312, 1.6061610949691385e-05, 1.6061610949691385e-05, 0.0031480707693845034, 1.6314539607265033e-05, 1.6187581422855146e-05, 1.6442494597868063e-05, 1.6061610949691385e-05, 1.6061610949691385e-05, 1.6187581422855146e-05]","[0.0029320113826543093, 0.9070539474487305, 0.09001406282186508]","[0.0029320113826543093, 0.9070539474487305, 0.09001406282186508]",False,YETERSİZ VERİ,RET,True,False,3206.037700001616,"{""K1_input_and_readiness"": 0.07230002665892243, ""K7_context"": 0.0014999532140791416, ""K1_normalization"": 0.013700046110898256, ""K6_advisory"": 36.218699999153614, ""K1_intent"": 0.052099989261478186, ""K2_retrieval"": 285.68189998622984, ""K3_reranker"": 2794.874000013806, ""K8_weighted_ranking"": 1.3984999968670309, ""K3_candidate_filters"": 5.562099977396429, ""K9_advisory_consensus"": 0.005499983672052622, ""K4_nli_and_bypass_check"": 78.22550000855699, ""K5_decision"": 0.36970002111047506}",23361
FACTURK-0270,YALAN,"[9483, 7705, 6970, 9798, 668, 15293, 27988, 12204, 23686, 9270, 11788, 8910, 1231, 25177, 27101, 10999, 24876, 27387, 16162, 1546]","[1.6187581422855146e-05, 5.1845658163074404e-05, 1.657145367062185e-05, 0.0012351677287369967, 0.0001699752756394446, 0.00020184421737212688, 1.6187581422855146e-05, 7.543320680269971e-05, 0.00010310211655450985, 3.0479141059913673e-05, 0.0006932422984391451, 3.6764631659025326e-05, 1.6187581422855146e-05, 9.610241977497935e-05, 0.00012931563833262771, 3.734356869244948e-05, 1.6187581422855146e-05, 2.93115390377352e-05, 1.9073577277595177e-05, 0.002123966347426176]","[0.0034646885469555855, 0.09462397545576096, 0.9019113183021545]","[0.0034646885469555855, 0.09462397545576096, 0.9019113183021545]",False,DOĞRU,ONAY,False,False,3372.231199988164,"{""K1_input_and_readiness"": 0.06429996574297547, ""K7_context"": 0.001700012944638729, ""K1_normalization"": 0.011599971912801266, ""K6_advisory"": 35.20699997898191, ""K1_intent"": 0.050600036047399044, ""K2_retrieval"": 229.48570002336055, ""K3_reranker"": 2184.6600999706425, ""K8_weighted_ranking"": 1.0104000102728605, ""K3_candidate_filters"": 5.485399975441396, ""K9_advisory_consensus"": 0.006299989763647318, ""K4_nli_and_bypass_check"": 488.35739999776706, ""K5_decision"": 424.8198999557644}",1546
FACTURK-0271,YALAN,"[1873, 21359, 11447, 16922, 2152, 29388, 8325, 6631, 7337, 28382, 2955, 26770, 12819, 10157, 13355, 12600, 25375, 16977, 28265, 13064]","[0.00023050670279189944, 2.1112482500029728e-05, 7.662102143513039e-05, 1.657145367062185e-05, 4.1659583075670525e-05, 3.1693256460130215e-05, 0.00014313739666249603, 4.331903619458899e-05, 2.411113746347837e-05, 0.00010391067189630121, 0.003839395008981228, 0.0010733063099905849, 1.6187581422855146e-05, 4.469407213036902e-05, 0.0007264875457622111, 1.9525883544702083e-05, 0.0008626077906228602, 1.6061610949691385e-05, 9.993031562771648e-05, 0.0009039677679538727]","[0.0017636101692914963, 0.008903308771550655, 0.9893330335617065]","[0.0017636101692914963, 0.008903308771550655, 0.9893330335617065]",False,DOĞRU,ONAY,False,False,2861.862200021278,"{""K1_input_and_readiness"": 0.06510003004223108, ""K7_context"": 0.0021999585442245007, ""K1_normalization"": 0.010700023267418146, ""K6_advisory"": 37.39739995216951, ""K1_intent"": 0.047600013203918934, ""K2_retrieval"": 195.8763999864459, ""K3_reranker"": 2152.11210004054, ""K8_weighted_ranking"": 1.520399993751198, ""K3_candidate_filters"": 7.500399951823056, ""K9_advisory_consensus"": 0.00790000194683671, ""K4_nli_and_bypass_check"": 301.1370999738574, ""K5_decision"": 162.70679997978732}",2955
FACTURK-0272,YALAN,"[10913, 15616, 15372, 7421, 21402, 25269, 5491, 20985, 18468, 19866, 28419, 23751, 11668, 20683, 27883, 20020, 21063, 7447, 20024, 17820]","[0.970687747001648, 0.03993731364607811, 0.18609505891799927, 0.012479699216783047, 0.000810387369710952, 0.0009399438858963549, 0.0001511819864390418, 0.049681153148412704, 0.018404889851808548, 0.002934951800853014, 0.00021654405281879008, 0.0011291546979919076, 0.004503272473812103, 0.0010443859500810504, 0.009746103547513485, 0.000159678646014072, 0.01287075038999319, 0.0006878511630930007, 0.0022343622986227274, 0.0011786719551309943]","[0.015669632703065872, 0.9830402731895447, 0.0012901078443974257]","[0.015669632703065872, 0.9830402731895447, 0.0012901078443974257]",False,YALAN,UYARI,False,False,3299.106999998912,"{""K1_input_and_readiness"": 0.07419998291879892, ""K7_context"": 0.001700012944638729, ""K1_normalization"": 0.01209997572004795, ""K6_advisory"": 36.21159994509071, ""K1_intent"": 0.04310003714635968, ""K2_retrieval"": 244.4582999451086, ""K3_reranker"": 2576.2784000253305, ""K8_weighted_ranking"": 1.3408999657258391, ""K3_candidate_filters"": 6.82880001841113, ""K9_advisory_consensus"": 0.006599992047995329, ""K4_nli_and_bypass_check"": 254.3322999845259, ""K5_decision"": 175.68730004131794}",10913
FACTURK-0273,YALAN,"[19518, 16836, 841, 8148, 8759, 29903, 2008, 20460, 17536, 26467, 3427, 1077, 2048, 11665, 19557, 19892, 15020, 14710, 7767, 27818]","[0.0009622126235626638, 3.8229114579735324e-05, 2.6688529032981023e-05, 1.6964426322374493e-05, 0.0022170129232108593, 7.031184941297397e-05, 2.732141365413554e-05, 2.195349043176975e-05, 2.977311669383198e-05, 0.06406543403863907, 2.318747829122003e-05, 0.01384861022233963, 0.0001547666179249063, 0.004231587518006563, 0.0011203772155568004, 2.566613329690881e-05, 1.7231572201126255e-05, 1.7366719475830905e-05, 0.00020184421737212688, 0.00026530236937105656]","[0.0004779011942446232, 0.9991717338562012, 0.0003504023770801723]","[0.0004779011942446232, 0.9991717338562012, 0.0003504023770801723]",False,YETERSİZ VERİ,RET,True,False,3294.294900028035,"{""K1_input_and_readiness"": 0.05909998435527086, ""K7_context"": 0.001700012944638729, ""K1_normalization"": 0.010000017937272787, ""K6_advisory"": 35.32279998762533, ""K1_intent"": 0.04160002572461963, ""K2_retrieval"": 193.53440002305433, ""K3_reranker"": 2227.6482000015676, ""K8_weighted_ranking"": 1.3896999880671501, ""K3_candidate_filters"": 7.223799999337643, ""K9_advisory_consensus"": 0.007499998901039362, ""K4_nli_and_bypass_check"": 436.34280003607273, ""K5_decision"": 389.14240000303835}",8759
FACTURK-0274,YALAN,"[25858, 16064, 6263, 5387, 20020, 19213, 9114, 6232, 1291, 5491, 29036, 9006, 13335, 23751, 16633, 15579, 24612, 25969, 18234, 9865]","[0.02843603305518627, 0.0005614787805825472, 0.012383785098791122, 0.00012533752305898815, 0.0004994205664843321, 0.0007152324542403221, 0.0012943679466843605, 0.0033766122069209814, 0.0007733057136647403, 0.00033274127054028213, 2.014569145103451e-05, 0.0064882696606218815, 0.06941547244787216, 5.104190859128721e-05, 1.67014204635052e-05, 0.0031603530514985323, 0.002225670963525772, 0.005554925184696913, 0.0012303582625463605, 0.06791667640209198]","[0.9171537160873413, 0.036403704434633255, 0.046442557126283646]","[0.9171537160873413, 0.036403704434633255, 0.046442557126283646]",False,YALAN,RED,False,False,3661.9718999718316,"{""K1_input_and_readiness"": 0.055100012104958296, ""K7_context"": 0.001700012944638729, ""K1_normalization"": 0.01209997572004795, ""K6_advisory"": 35.15089995926246, ""K1_intent"": 0.05199998850002885, ""K2_retrieval"": 237.30460001388565, ""K3_reranker"": 2551.5316000091843, ""K8_weighted_ranking"": 1.1372999870218337, ""K3_candidate_filters"": 5.815899989102036, ""K9_advisory_consensus"": 0.006199989002197981, ""K4_nli_and_bypass_check"": 413.13160001300275, ""K5_decision"": 414.3330000224523}",13335
FACTURK-0275,DOĞRU,"[13874, 926, 17815, 21626, 3044, 2838, 22050, 27830, 16813, 3953, 25916, 22835, 29781, 5889, 26063, 10589, 4030, 19524, 10166, 20110]","[0.000552778656128794, 0.00407013762742281, 3.1693256460130215e-05, 2.5071596610359848e-05, 5.9673518990166485e-05, 0.00079783343244344, 3.4808123018592596e-05, 0.0016484829830005765, 1.750292540236842e-05, 0.000337979436153546, 1.7778551409719512e-05, 0.0005930210463702679, 0.001995538594201207, 1.7097478121286258e-05, 0.0011649561347439885, 1.6442494597868063e-05, 0.0001500056532677263, 0.0001956353517016396, 0.001629308913834393, 1.6442494597868063e-05]","[0.0005388284916989505, 0.9984360337257385, 0.0010250728810206056]","[0.0005388284916989505, 0.9984360337257385, 0.0010250728810206056]",False,YETERSİZ VERİ,RET,True,False,5194.164099986665,"{""K1_input_and_readiness"": 0.083099992480129, ""K7_context"": 0.00200001522898674, ""K1_normalization"": 0.015300000086426735, ""K6_advisory"": 36.777000001166016, ""K1_intent"": 0.055100012104958296, ""K2_retrieval"": 273.80450000055134, ""K3_reranker"": 3086.953399993945, ""K8_weighted_ranking"": 1.209300011396408, ""K3_candidate_filters"": 6.792999978642911, ""K9_advisory_consensus"": 0.006799993570894003, ""K4_nli_and_bypass_check"": 939.5393999875523, ""K5_decision"": 845.62029998051}",926
FACTURK-0276,YALAN,"[27894, 29050, 17813, 25763, 25169, 27696, 25225, 22218, 9150, 25448, 15787, 8564, 22126, 28629, 25228, 12189, 4710, 6704, 24869, 9220]","[0.04931359738111496, 0.4468265771865845, 0.643105149269104, 0.05174953490495682, 0.07343005388975143, 0.12592275440692902, 0.09877259284257889, 0.4985523521900177, 0.38635820150375366, 0.00033274127054028213, 0.0030515100806951523, 0.023419944569468498, 0.0787840187549591, 0.042166538536548615, 0.08819004148244858, 0.44179344177246094, 0.00937623716890812, 0.4076280891895294, 0.20963142812252045, 0.2762998044490814]","[0.00395651301369071, 0.12261662632226944, 0.8734268546104431]","[0.00395651301369071, 0.12261662632226944, 0.8734268546104431]",False,DOĞRU,ONAY,False,False,3776.4678000239655,"{""K1_input_and_readiness"": 0.04950002767145634, ""K7_context"": 0.001400010660290718, ""K1_normalization"": 0.010600022505968809, ""K6_advisory"": 35.40460002841428, ""K1_intent"": 0.04650000482797623, ""K2_retrieval"": 225.104300014209, ""K3_reranker"": 2834.9321000277996, ""K8_weighted_ranking"": 1.296199974603951, ""K3_candidate_filters"": 6.195499969180673, ""K9_advisory_consensus"": 0.006499991286545992, ""K4_nli_and_bypass_check"": 355.7511999970302, ""K5_decision"": 314.33970003854483}",17813
FACTURK-0277,DOĞRU,"[13191, 23767, 27135, 24982, 23319, 10688, 12191, 9682, 13007, 9769, 22598, 22329, 22671, 19799, 3617, 10886, 2534, 26984, 15662, 17558]","[3.591300992411561e-05, 5.518923353520222e-05, 5.475977377500385e-05, 1.6187581422855146e-05, 1.657145367062185e-05, 1.6061610949691385e-05, 2.4682904040673748e-05, 0.000191104321856983, 3.071818719035946e-05, 1.683241134742275e-05, 0.001495338510721922, 2.030369250860531e-05, 1.6442494597868063e-05, 2.0785171727766283e-05, 1.6314539607265033e-05, 1.6061610949691385e-05, 2.318747829122003e-05, 1.6187581422855146e-05, 1.6314539607265033e-05, 2.161314114346169e-05]","[0.01178558636456728, 0.07437415421009064, 0.9138402938842773]","[0.01178558636456728, 0.07437415421009064, 0.9138402938842773]",False,YETERSİZ VERİ,KISMI,True,False,3119.0469000139274,"{""K1_input_and_readiness"": 0.0496999709866941, ""K7_context"": 0.001600012183189392, ""K1_normalization"": 0.009500014130026102, ""K6_advisory"": 35.0225999718532, ""K1_intent"": 0.05759997293353081, ""K2_retrieval"": 186.03099999018013, ""K3_reranker"": 2193.713699991349, ""K8_weighted_ranking"": 1.125600014347583, ""K3_candidate_filters"": 5.681300011929125, ""K9_advisory_consensus"": 0.009200011845678091, ""K4_nli_and_bypass_check"": 376.5498999855481, ""K5_decision"": 317.24190001841635}",9682
FACTURK-0278,DOĞRU,"[9514, 9572, 3375, 18788, 14847, 2638, 27102, 29013, 2231, 27594, 14440, 22785, 7843, 20473, 1416, 14242, 10214, 5790, 28590, 22656]","[0.15791445970535278, 0.03711691126227379, 0.001597845577634871, 0.0002002737601287663, 0.01009131595492363, 0.0120537793263793, 0.0005614787805825472, 0.0024249141570180655, 0.042642392218112946, 0.00011412239109631628, 0.00017265156202483922, 0.0001956353517016396, 0.0005213363328948617, 0.0015427322359755635, 0.006564249750226736, 0.0005213363328948617, 0.07978200167417526, 0.0009217804181389511, 0.013636835850775242, 5.605828482657671e-05]","[0.0005848456057719886, 0.9991236329078674, 0.0002915860968641937]","[0.0005848456057719886, 0.9991236329078674, 0.0002915860968641937]",False,YETERSİZ VERİ,RET,True,False,6041.790899995249,"{""K1_input_and_readiness"": 0.08970004273578525, ""K7_context"": 0.0015999539755284786, ""K1_normalization"": 0.015099998563528061, ""K6_advisory"": 41.06290003983304, ""K1_intent"": 0.09950000094249845, ""K2_retrieval"": 257.22230004612356, ""K3_reranker"": 4223.372599983122, ""K8_weighted_ranking"": 1.450899988412857, ""K3_candidate_filters"": 7.277400000020862, ""K9_advisory_consensus"": 0.008300004992634058, ""K4_nli_and_bypass_check"": 819.3783999886364, ""K5_decision"": 688.3906000293791}",10214
FACTURK-0279,YALAN,"[15787, 8347, 9150, 13989, 25225, 13390, 21058, 3189, 22218, 8197, 18332, 28547, 12539, 8685, 24915, 23508, 11479, 29240, 487, 1272]","[0.6815148591995239, 0.392686128616333, 0.9974787831306458, 0.1516549438238144, 0.07613247632980347, 0.013070784509181976, 0.0010083435336127877, 0.631026029586792, 0.18639107048511505, 0.13443464040756226, 0.15140382945537567, 0.01615283451974392, 0.009196552447974682, 0.2114168256521225, 0.4135955572128296, 0.059756580740213394, 0.032161444425582886, 0.004297939129173756, 0.0014325366355478764, 0.011115013621747494]","[0.0008848069701343775, 0.9988094568252563, 0.0003057012509088963]","[0.0008848069701343775, 0.9988094568252563, 0.0003057012509088963]",False,YALAN,UYARI,False,False,2992.79899999965,"{""K1_input_and_readiness"": 0.08129997877404094, ""K7_context"": 0.001700012944638729, ""K1_normalization"": 0.024999957531690598, ""K6_advisory"": 36.12639999482781, ""K1_intent"": 0.05640002200379968, ""K2_retrieval"": 272.1738999825902, ""K3_reranker"": 2609.469300019555, ""K8_weighted_ranking"": 1.33790000109002, ""K3_candidate_filters"": 7.020200020633638, ""K9_advisory_consensus"": 0.007299997378140688, ""K4_nli_and_bypass_check"": 62.90869996882975, ""K5_decision"": 0.18749997252598405}",9150
FACTURK-0280,YALAN,"[25783, 3133, 811, 21233, 29676, 1681, 10688, 793, 25785, 30025, 15119, 26256, 429, 23354, 29312, 21875, 20599, 7720, 16415, 2600]","[0.0006070755189284682, 0.0012644219677895308, 0.03649376705288887, 1.6314539607265033e-05, 2.9541422918555327e-05, 0.005469274241477251, 0.0005442132824100554, 0.00013552077871281654, 0.0005295418086461723, 0.0001740054285619408, 0.0006238938658498228, 0.00011866796558024362, 0.00011323437502142042, 2.6070309104397893e-05, 0.0010282108560204506, 1.967902426258661e-05, 1.6061610949691385e-05, 1.67014204635052e-05, 1.657145367062185e-05, 0.0017342078499495983]","[0.0035712781827896833, 0.9939948916435242, 0.0024339035153388977]","[0.0035712781827896833, 0.9939948916435242, 0.0024339035153388977]",False,YALAN,RED,False,False,2301.590999995824,"{""K1_input_and_readiness"": 0.04279997665435076, ""K7_context"": 0.001700012944638729, ""K1_normalization"": 0.007099995855242014, ""K6_advisory"": 34.97879998758435, ""K1_intent"": 0.045599997974932194, ""K2_retrieval"": 207.3147000046447, ""K3_reranker"": 1561.7113999905996, ""K8_weighted_ranking"": 1.5338999801315367, ""K3_candidate_filters"": 9.00359998922795, ""K9_advisory_consensus"": 0.010500021744519472, ""K4_nli_and_bypass_check"": 252.14519997825846, ""K5_decision"": 231.52979998849332}",1681
FACTURK-0281,YALAN,"[26562, 12005, 15196, 9232, 6952, 21652, 10439, 28357, 27727, 12560, 14392, 7864, 5005, 507, 264, 2892, 27681, 28800, 27331, 26315]","[0.5516039133071899, 0.0008934455690905452, 0.0991208627820015, 1.6187581422855146e-05, 0.0002982776495628059, 0.0019342610612511635, 0.008124708198010921, 0.0009110511746257544, 0.5256123542785645, 0.00015720345254521817, 0.00021824207215104252, 0.00033535013790242374, 0.07055959850549698, 0.00018093574908562005, 0.06669065356254578, 1.683241134742275e-05, 0.0006487307837232947, 0.0002591582597233355, 0.0006462032906711102, 0.0008559006964787841]","[0.00013247561582829803, 0.9997591376304626, 0.00010839828610187396]","[0.00013247561582829803, 0.9997591376304626, 0.00010839828610187396]",False,YALAN,RED,False,False,3955.9018000145443,"{""K1_input_and_readiness"": 0.07100001676008105, ""K7_context"": 0.0021999585442245007, ""K1_normalization"": 0.017000013031065464, ""K6_advisory"": 38.90549996867776, ""K1_intent"": 0.05989999044686556, ""K2_retrieval"": 217.14759996393695, ""K3_reranker"": 3607.2329999879003, ""K8_weighted_ranking"": 1.3228000025264919, ""K3_candidate_filters"": 7.805700006429106, ""K9_advisory_consensus"": 0.007200054824352264, ""K4_nli_and_bypass_check"": 79.77480004774407, ""K5_decision"": 0.29420002829283476}",26562
FACTURK-0282,DOĞRU,"[11065, 26518, 16232, 824, 2885, 20982, 16434, 4999, 22566, 13753, 11063, 20328, 10470, 11245, 11570, 3328, 16387, 2034, 23767, 15735]","[2.4300241420860402e-05, 0.9664104580879211, 0.00029137005913071334, 6.709224544465542e-05, 0.0008167381165549159, 7.722192094661295e-05, 2.7535690605873242e-05, 0.0001442598586436361, 9.387641330249608e-05, 0.0033115192782133818, 1.6314539607265033e-05, 0.0018675660248845816, 1.8631746570463292e-05, 1.8777873265207745e-05, 0.00012632041762117296, 0.0013302015140652657, 0.00021654405281879008, 0.00012632041762117296, 4.434627408045344e-05, 0.0012644219677895308]","[0.0024444046430289745, 0.9970290064811707, 0.0005265981890261173]","[0.0024444046430289745, 0.9970290064811707, 0.0005265981890261173]",False,YALAN,RED,False,False,2102.097800001502,"{""K1_input_and_readiness"": 0.06680004298686981, ""K7_context"": 0.0015999539755284786, ""K1_normalization"": 0.01090002479031682, ""K6_advisory"": 35.9521999489516, ""K1_intent"": 0.03809999907389283, ""K2_retrieval"": 215.10440000565723, ""K3_reranker"": 1803.0920999590307, ""K8_weighted_ranking"": 1.2256000190973282, ""K3_candidate_filters"": 6.943400017917156, ""K9_advisory_consensus"": 0.008800008799880743, ""K4_nli_and_bypass_check"": 35.97659996012226, ""K5_decision"": 0.2550000208429992}",26518
FACTURK-0283,YALAN,"[29752, 21270, 21847, 28361, 21213, 8290, 12505, 29984, 25302, 21783, 7606, 22221, 17010, 17753, 6469, 5369, 13193, 9176, 17306, 19981]","[0.0017007222631946206, 0.9342753291130066, 0.021044565364718437, 0.03455362468957901, 0.9865199327468872, 0.035813190042972565, 0.24780535697937012, 0.4642638862133026, 0.031143832951784134, 0.023870835080742836, 0.9318356513977051, 0.1678997427225113, 0.015845362097024918, 0.0013096056645736098, 0.005099818110466003, 0.05480259656906128, 0.49064749479293823, 0.004365325905382633, 0.09434341639280319, 0.0013096056645736098]","[0.33016663789749146, 0.6674023270606995, 0.0024310278240591288]","[0.33016663789749146, 0.6674023270606995, 0.0024310278240591288]",False,YETERSİZ VERİ,RET,True,False,4590.285299986135,"{""K1_input_and_readiness"": 0.04060001811012626, ""K7_context"": 0.001600012183189392, ""K1_normalization"": 0.008400005754083395, ""K6_advisory"": 34.81460001785308, ""K1_intent"": 0.03060000017285347, ""K2_retrieval"": 216.65389998815954, ""K3_reranker"": 4247.591299994383, ""K8_weighted_ranking"": 1.8158999737352133, ""K3_candidate_filters"": 6.601099972613156, ""K9_advisory_consensus"": 0.007399998139590025, ""K4_nli_and_bypass_check"": 79.36289999634027, ""K5_decision"": 0.2601000014692545}",21213
FACTURK-0284,YALAN,"[2532, 8091, 29892, 4452, 2381, 22695, 20135, 23686, 18638, 13795, 23277, 11778, 2920, 3565, 28266, 9507, 9702, 17161, 28371, 12150]","[0.02681019715964794, 0.22490549087524414, 0.019794780761003494, 0.011597361415624619, 0.08035746961832047, 0.07807816565036774, 0.0025016965810209513, 0.002790037775412202, 0.0027791904285550117, 0.0032350558321923018, 0.0032224843744188547, 0.0018821860430762172, 0.013171950355172157, 0.0017073675990104675, 0.00028462239424698055, 0.011552670039236546, 0.0007208379684016109, 0.018833130598068237, 0.02742854133248329, 0.01572399213910103]","[0.9660813212394714, 0.030048368498682976, 0.003870318178087473]","[0.9660813212394714, 0.030048368498682976, 0.003870318178087473]",False,YALAN,UYARI,False,False,2918.593199981842,"{""K1_input_and_readiness"": 0.04409998655319214, ""K7_context"": 0.001600012183189392, ""K1_normalization"": 0.009000010322779417, ""K6_advisory"": 32.50529995420948, ""K1_intent"": 0.029499991796910763, ""K2_retrieval"": 173.68200002238154, ""K3_reranker"": 2258.6676999926567, ""K8_weighted_ranking"": 1.4916000072844326, ""K3_candidate_filters"": 7.550799986347556, ""K9_advisory_consensus"": 0.007299997378140688, ""K4_nli_and_bypass_check"": 257.2476000059396, ""K5_decision"": 184.0012000175193}",8091
FACTURK-0285,YALAN,"[1813, 20389, 12587, 3764, 21279, 28279, 397, 6904, 2597, 3705, 21994, 6047, 11628, 19582, 20402, 300, 13342, 14523, 13179, 25037]","[0.006957608740776777, 0.003621685551479459, 0.02498779632151127, 0.0013723686570301652, 0.0023413407616317272, 5.518923353520222e-05, 0.0009966077050194144, 8.415108459303156e-05, 0.0010242064017802477, 4.469407213036902e-05, 2.4682904040673748e-05, 0.0009399438858963549, 1.6442494597868063e-05, 6.553815910592675e-05, 1.6061610949691385e-05, 0.0015487611526623368, 1.6964426322374493e-05, 1.6187581422855146e-05, 0.0001956353517016396, 0.00031015597051009536]","[0.038105953484773636, 0.8920804262161255, 0.06981361657381058]","[0.038105953484773636, 0.8920804262161255, 0.06981361657381058]",False,YETERSİZ VERİ,RET,True,False,2824.1917000268586,"{""K1_input_and_readiness"": 0.05299999611452222, ""K7_context"": 0.001400010660290718, ""K1_normalization"": 0.009200011845678091, ""K6_advisory"": 33.834800007753074, ""K1_intent"": 0.031200004741549492, ""K2_retrieval"": 207.31100003467873, ""K3_reranker"": 2051.756699976977, ""K8_weighted_ranking"": 1.268099993467331, ""K3_candidate_filters"": 6.8240000400692225, ""K9_advisory_consensus"": 0.007700000423938036, ""K4_nli_and_bypass_check"": 265.1636000373401, ""K5_decision"": 254.421999969054}",12587
FACTURK-0286,DOĞRU,"[27369, 12395, 25375, 28998, 26924, 12458, 20283, 17742, 12113, 7410, 9642, 21354, 10910, 28722, 3455, 15463, 8269, 26977, 14842, 29668]","[2.4300241420860402e-05, 0.0015307451831176877, 0.0017073675990104675, 6.502816540887579e-05, 1.67014204635052e-05, 2.229919846286066e-05, 0.0002002737601287663, 1.657145367062185e-05, 5.518923353520222e-05, 0.002833849750459194, 0.0006538155721500516, 0.008985428139567375, 1.6187581422855146e-05, 5.475977377500385e-05, 0.004503272473812103, 2.355261858610902e-05, 0.00012931563833262771, 0.0030634168069809675, 1.6187581422855146e-05, 0.002453428227454424]","[0.009197849780321121, 0.9880192875862122, 0.0027827953454107046]","[0.009197849780321121, 0.9880192875862122, 0.0027827953454107046]",False,YETERSİZ VERİ,RET,True,False,5167.934500030242,"{""K1_input_and_readiness"": 0.05859998054802418, ""K7_context"": 0.001600012183189392, ""K1_normalization"": 0.01179997343569994, ""K6_advisory"": 35.52089998265728, ""K1_intent"": 0.03390002530068159, ""K2_retrieval"": 237.199800030794, ""K3_reranker"": 3407.600399979856, ""K8_weighted_ranking"": 1.1691999970935285, ""K3_candidate_filters"": 5.591000022832304, ""K9_advisory_consensus"": 0.006199989002197981, ""K4_nli_and_bypass_check"": 815.0061000487767, ""K5_decision"": 661.9281999883242}",29668
FACTURK-0287,DOĞRU,"[26898, 3279, 29766, 18815, 882, 16627, 7287, 26127, 29320, 29262, 16866, 25941, 28443, 6286, 6760, 9633, 27135, 4899, 14909, 26267]","[1.6061610949691385e-05, 4.101373633602634e-05, 2.318747829122003e-05, 2.4682904040673748e-05, 1.6187581422855146e-05, 2.710879925871268e-05, 2.5466406441410072e-05, 3.8229114579735324e-05, 1.750292540236842e-05, 1.6187581422855146e-05, 1.6187581422855146e-05, 1.6187581422855146e-05, 2.8632557587116025e-05, 1.7366719475830905e-05, 1.6061610949691385e-05, 0.0018602986820042133, 1.593661909282673e-05, 1.6442494597868063e-05, 2.710879925871268e-05, 1.967902426258661e-05]","[0.0033693090081214905, 0.9937567710876465, 0.0028738866094499826]","[0.0033693090081214905, 0.9937567710876465, 0.0028738866094499826]",False,YETERSİZ VERİ,RET,True,False,2990.6902000075206,"{""K1_input_and_readiness"": 0.05289999535307288, ""K7_context"": 0.0015999539755284786, ""K1_normalization"": 0.011100026313215494, ""K6_advisory"": 38.32009999314323, ""K1_intent"": 0.05000003147870302, ""K2_retrieval"": 266.582699958235, ""K3_reranker"": 2048.0941999703646, ""K8_weighted_ranking"": 1.368700002785772, ""K3_candidate_filters"": 6.706399959512055, ""K9_advisory_consensus"": 0.007099995855242014, ""K4_nli_and_bypass_check"": 321.9750000280328, ""K5_decision"": 303.3731000032276}",9633
FACTURK-0288,DOĞRU,"[26900, 20123, 10946, 25537, 27420, 4986, 29432, 20556, 25181, 6308, 20384, 4586, 14823, 17595, 24686, 29764, 12647, 14773, 1398, 9102]","[4.037790131405927e-05, 0.2805178165435791, 5.518923353520222e-05, 0.0039454069919884205, 2.818866414600052e-05, 0.010288300924003124, 7.031184941297397e-05, 4.683888619183563e-05, 1.967902426258661e-05, 0.06644792854785919, 0.016657039523124695, 4.1986306314356625e-05, 0.15456733107566833, 1.6061610949691385e-05, 3.591300992411561e-05, 9.685608529252931e-05, 0.010130411013960838, 0.015247589908540249, 1.657145367062185e-05, 0.015247589908540249]","[0.13248716294765472, 0.86472487449646, 0.0027879553381353617]","[0.13248716294765472, 0.86472487449646, 0.0027879553381353617]",False,YALAN,RED,False,False,3184.2853000271134,"{""K1_input_and_readiness"": 0.06779999239370227, ""K7_context"": 0.002300017513334751, ""K1_normalization"": 0.01209997572004795, ""K6_advisory"": 35.913300001993775, ""K1_intent"": 0.04040001658722758, ""K2_retrieval"": 223.04670000448823, ""K3_reranker"": 2215.0241999770515, ""K8_weighted_ranking"": 1.1900999816134572, ""K3_candidate_filters"": 6.52639998588711, ""K9_advisory_consensus"": 0.00890000956133008, ""K4_nli_and_bypass_check"": 392.08489999873564, ""K5_decision"": 307.2628999943845}",20123
FACTURK-0289,DOĞRU,"[21058, 14012, 12539, 23686, 5630, 1499, 23757, 14277, 9543, 25178, 27784, 15675, 17540, 4119, 10061, 4144, 8602, 12763, 13144, 4402]","[0.00025118677876889706, 0.011331753805279732, 0.0011247574584558606, 0.0008040859247557819, 0.06644792854785919, 0.010328153148293495, 0.006984650157392025, 0.0060503981076180935, 0.001085944357328117, 0.0002492325147613883, 0.0020190137438476086, 7.9673009167891e-05, 0.00037555923336185515, 1.967902426258661e-05, 0.024516336619853973, 0.0035936026833951473, 7.254361844388768e-05, 6.014152313582599e-05, 0.00010804955672938377, 0.001518850913271308]","[0.0005457589868456125, 0.999186098575592, 0.000268088246230036]","[0.0005457589868456125, 0.999186098575592, 0.000268088246230036]",False,YETERSİZ VERİ,RET,True,False,3384.373700013384,"{""K1_input_and_readiness"": 0.07000000914558768, ""K7_context"": 0.001400010660290718, ""K1_normalization"": 0.013999990187585354, ""K6_advisory"": 35.71369999554008, ""K1_intent"": 0.05170004442334175, ""K2_retrieval"": 287.04330004984513, ""K3_reranker"": 2889.395500009414, ""K8_weighted_ranking"": 1.2410000199452043, ""K3_candidate_filters"": 6.158099975436926, ""K9_advisory_consensus"": 0.005999987479299307, ""K4_nli_and_bypass_check"": 161.34109999984503, ""K5_decision"": 0.1803000341169536}",5630
FACTURK-0290,DOĞRU,"[13289, 5900, 4144, 14012, 27569, 27624, 11155, 29144, 26643, 21347, 25370, 21058, 19187, 2953, 8602, 19724, 15719, 26355, 27564, 23792]","[0.022542964667081833, 0.005554925184696913, 0.03690806403756142, 0.001622967072762549, 0.00020662980386987329, 0.20513691008090973, 0.0013096056645736098, 0.000628784007858485, 0.15960998833179474, 0.12421301752328873, 0.4132995009422302, 2.265035072923638e-05, 4.298194107832387e-05, 0.0030994154512882233, 0.0007041515782475471, 0.007725534029304981, 0.43128472566604614, 0.0009217804181389511, 0.00026323829661123455, 0.0008525666198693216]","[0.0014676791615784168, 0.9974989295005798, 0.001033361884765327]","[0.0014676791615784168, 0.9974989295005798, 0.001033361884765327]",False,YALAN,UYARI,False,False,3517.088100023102,"{""K1_input_and_readiness"": 0.06980000762268901, ""K7_context"": 0.0012999516911804676, ""K1_normalization"": 0.01390004763379693, ""K6_advisory"": 35.191599978134036, ""K1_intent"": 0.06480002775788307, ""K2_retrieval"": 298.7827999750152, ""K3_reranker"": 3011.279900034424, ""K8_weighted_ranking"": 1.2437999830581248, ""K3_candidate_filters"": 5.608699982985854, ""K9_advisory_consensus"": 0.00589998671784997, ""K4_nli_and_bypass_check"": 161.48539999267086, ""K5_decision"": 0.19970000721514225}",27624
FACTURK-0291,DOĞRU,"[29892, 20199, 22268, 23866, 26371, 17850, 6336, 7264, 8849, 11743, 7592, 20616, 1886, 25454, 28266, 16607, 2792, 28455, 11529, 1814]","[0.009746103547513485, 0.0015487611526623368, 0.0008693674462847412, 1.6061610949691385e-05, 5.1845658163074404e-05, 1.7640199075685814e-05, 0.012576347216963768, 1.750292540236842e-05, 0.01750955730676651, 5.104190859128721e-05, 0.0035518845543265343, 0.0008263576892204583, 2.161314114346169e-05, 1.6442494597868063e-05, 0.000570315751247108, 1.657145367062185e-05, 0.01358439214527607, 0.006168995052576065, 0.0037800956051796675, 1.6964426322374493e-05]","[0.0007697881665080786, 0.24362847208976746, 0.7556018233299255]","[0.0007697881665080786, 0.24362847208976746, 0.7556018233299255]",False,DOĞRU,ONAY,False,False,3068.056699994486,"{""K1_input_and_readiness"": 0.07369997911155224, ""K7_context"": 0.002100015990436077, ""K1_normalization"": 0.014599994756281376, ""K6_advisory"": 37.5789999961853, ""K1_intent"": 0.041000021155923605, ""K2_retrieval"": 240.11429998790845, ""K3_reranker"": 2081.999399990309, ""K8_weighted_ranking"": 1.089200028218329, ""K3_candidate_filters"": 5.790299968793988, ""K9_advisory_consensus"": 0.006599992047995329, ""K4_nli_and_bypass_check"": 364.9470999953337, ""K5_decision"": 333.11330003198236}",8849
FACTURK-0292,YALAN,"[6934, 1090, 12161, 6047, 26166, 15573, 20566, 28387, 22456, 6302, 13358, 5889, 487, 19253, 15848, 6832, 15675, 13989, 26355, 4119]","[0.5116174817085266, 0.0018969200318679214, 0.00020184421737212688, 0.009303949773311615, 0.00028685410507023335, 1.7366719475830905e-05, 0.0017683517653495073, 0.00031015597051009536, 0.0008263576892204583, 0.004348381422460079, 0.009485713206231594, 0.3338289260864258, 0.04569203406572342, 0.005281333811581135, 0.005448067560791969, 0.013121271505951881, 0.001052568550221622, 0.0026112475898116827, 0.0002959570847451687, 9.17019642656669e-05]","[0.00020590827625710517, 0.9995530247688293, 0.00024109921650961041]","[0.00020590827625710517, 0.9995530247688293, 0.00024109921650961041]",False,YALAN,UYARI,False,False,3568.7293999944814,"{""K1_input_and_readiness"": 0.062400009483098984, ""K7_context"": 0.001500011421740055, ""K1_normalization"": 0.011899974197149277, ""K6_advisory"": 35.657099972013384, ""K1_intent"": 0.04509999416768551, ""K2_retrieval"": 263.3166000014171, ""K3_reranker"": 3083.097699971404, ""K8_weighted_ranking"": 1.2106000212952495, ""K3_candidate_filters"": 6.757299997843802, ""K9_advisory_consensus"": 0.008500006515532732, ""K4_nli_and_bypass_check"": 174.65509998146445, ""K5_decision"": 0.4605000140145421}",6934
FACTURK-0293,YALAN,"[24621, 22838, 24475, 2165, 29208, 30100, 1470, 1927, 14907, 27952, 1127, 11382, 2712, 2172, 26888, 20457, 15687, 28861, 19931, 28416]","[0.00851130299270153, 0.0003006163169629872, 0.005554925184696913, 0.00015236754552461207, 0.022672437131404877, 0.00011866796558024362, 6.452214438468218e-05, 0.00011323437502142042, 0.00015720345254521817, 0.0026214411482214928, 1.8200149497715756e-05, 0.0006487307837232947, 0.006003595422953367, 0.00019716942915692925, 3.7636447814293206e-05, 2.6688529032981023e-05, 0.002174225402995944, 0.02391638606786728, 3.095910506090149e-05, 0.007431773468852043]","[0.010489468462765217, 0.9751326441764832, 0.014377899467945099]","[0.010489468462765217, 0.9751326441764832, 0.014377899467945099]",False,YETERSİZ VERİ,RET,True,False,5999.402700050268,"{""K1_input_and_readiness"": 0.061400001868605614, ""K7_context"": 0.001600012183189392, ""K1_normalization"": 0.009400013368576765, ""K6_advisory"": 36.863000015728176, ""K1_intent"": 0.03609998384490609, ""K2_retrieval"": 231.40609997790307, ""K3_reranker"": 4271.2049999972805, ""K8_weighted_ranking"": 1.170800009276718, ""K3_candidate_filters"": 6.270699959713966, ""K9_advisory_consensus"": 0.007199996616691351, ""K4_nli_and_bypass_check"": 811.4120999816805, ""K5_decision"": 637.5295000034384}",29208
FACTURK-0294,YALAN,"[23576, 28629, 9366, 1536, 13620, 15787, 15111, 19853, 28510, 28057, 9021, 4856, 22218, 22175, 10792, 30419, 24828, 819, 12437, 22050]","[0.010328153148293495, 6.253713218029588e-05, 0.0027791904285550117, 0.00021485926117748022, 6.976470467634499e-05, 0.0011335690505802631, 0.00011412239109631628, 0.0003814711526501924, 1.7917987861437723e-05, 0.0015307451831176877, 4.6474400733131915e-05, 0.0018530592788010836, 4.331903619458899e-05, 2.0623421733034775e-05, 0.0034429810475558043, 1.9988918211311102e-05, 1.8200149497715756e-05, 0.002251847181469202, 7.602479308843613e-05, 6.709224544465542e-05]","[0.000978255644440651, 0.9965683221817017, 0.0024534219410270452]","[0.000978255644440651, 0.9965683221817017, 0.0024534219410270452]",False,YALAN,UYARI,False,False,5361.240700003691,"{""K1_input_and_readiness"": 0.09049999061971903, ""K7_context"": 0.001700012944638729, ""K1_normalization"": 0.014499993994832039, ""K6_advisory"": 37.14969998691231, ""K1_intent"": 0.057999975979328156, ""K2_retrieval"": 284.97340000467375, ""K3_reranker"": 3101.3600999722257, ""K8_weighted_ranking"": 1.1215000413358212, ""K3_candidate_filters"": 6.352099997457117, ""K9_advisory_consensus"": 0.007499998901039362, ""K4_nli_and_bypass_check"": 1052.7030000230297, ""K5_decision"": 874.2430999991484}",23576
FACTURK-0295,DOĞRU,"[18589, 12363, 5605, 28378, 20020, 1291, 24834, 11442, 13842, 23751, 5491, 5168, 16922, 486, 6885, 11363, 22918, 19927, 17815, 22587]","[0.007093862164765596, 0.005179712548851967, 0.008610767312347889, 0.00012931563833262771, 0.0015792594058439136, 5.783766391687095e-05, 4.94715895911213e-05, 0.001536727068014443, 0.0005420927773229778, 1.892514956125524e-05, 3.734356869244948e-05, 0.0001547666179249063, 1.6061610949691385e-05, 0.0004272078804206103, 0.0009253848693333566, 0.00041731575038284063, 0.018369639292359352, 1.6314539607265033e-05, 3.4537253668531775e-05, 0.00013032974675297737]","[0.004415586590766907, 0.9943976402282715, 0.0011868244037032127]","[0.004415586590766907, 0.9943976402282715, 0.0011868244037032127]",False,YALAN,UYARI,False,False,4255.401299975347,"{""K1_input_and_readiness"": 0.05720002809539437, ""K7_context"": 0.001600012183189392, ""K1_normalization"": 0.01109996810555458, ""K6_advisory"": 35.390500037465245, ""K1_intent"": 0.05039997631683946, ""K2_retrieval"": 227.27990004932508, ""K3_reranker"": 2576.5641999896616, ""K8_weighted_ranking"": 1.3445999938994646, ""K3_candidate_filters"": 6.474800000432879, ""K9_advisory_consensus"": 0.006399990525096655, ""K4_nli_and_bypass_check"": 709.9792999797501, ""K5_decision"": 694.9807000346482}",22918
FACTURK-0296,DOĞRU,"[11532, 11716, 4640, 17459, 25537, 12013, 1360, 17757, 635, 4391, 8233, 5760, 18127, 10061, 5607, 672, 10383, 27420, 16703, 11807]","[0.9972744584083557, 0.0010162440594285727, 0.004609572235494852, 0.0010122860549017787, 0.002123966347426176, 0.0003150386910419911, 0.00017536994710098952, 0.00043904531048610806, 0.014337030239403248, 2.0462934116949327e-05, 2.4300241420860402e-05, 0.0010362669127061963, 0.0032986511941999197, 0.0029464049730449915, 0.00037409563083201647, 1.6314539607265033e-05, 5.783766391687095e-05, 0.00015356240328401327, 0.007204769179224968, 2.8632557587116025e-05]",null,"[1.0, 0.0, 0.0]",True,YETERSİZ VERİ,KISMI,True,False,2843.9393000444397,"{""K1_input_and_readiness"": 0.045599997974932194, ""K7_context"": 0.001600012183189392, ""K1_normalization"": 0.031000003218650818, ""K6_advisory"": 33.46959996270016, ""K1_intent"": 0.03350002225488424, ""K2_retrieval"": 211.66860003722832, ""K3_reranker"": 2587.389400054235, ""K8_weighted_ranking"": 1.2514999834820628, ""K3_candidate_filters"": 6.007799995131791, ""K9_advisory_consensus"": 0.006199989002197981, ""K4_nli_and_bypass_check"": 0.2498000394552946, ""K5_decision"": 0.27810002211481333}",11532
FACTURK-0297,DOĞRU,"[7695, 3460, 21165, 21185, 20, 18887, 24479, 19187, 3750, 15975, 8066, 2640, 12846, 16293, 2269, 29817, 21701, 10654, 13414, 17757]","[0.015603534877300262, 0.00028462239424698055, 0.00204276479780674, 0.006615392863750458, 0.006641112733632326, 0.00035557945375330746, 0.0005442132824100554, 0.0120537793263793, 0.0009510130621492863, 2.5071596610359848e-05, 0.0011291546979919076, 0.00021995337738189846, 2.1444948288262822e-05, 0.01572399213910103, 4.683888619183563e-05, 1.7366719475830905e-05, 0.009708477184176445, 0.0019192374311387539, 0.0007793660624884069, 9.461262379772961e-05]","[0.030302071943879128, 0.8282041549682617, 0.14149382710456848]","[0.030302071943879128, 0.8282041549682617, 0.14149382710456848]",False,YETERSİZ VERİ,RET,True,False,6289.8888000054285,"{""K1_input_and_readiness"": 0.0648999703116715, ""K7_context"": 0.001800013706088066, ""K1_normalization"": 0.013499986380338669, ""K6_advisory"": 34.21490004984662, ""K1_intent"": 0.03730005118995905, ""K2_retrieval"": 259.53650003066286, ""K3_reranker"": 3293.896400020458, ""K8_weighted_ranking"": 1.1475000064820051, ""K3_candidate_filters"": 5.710500001441687, ""K9_advisory_consensus"": 0.006299989763647318, ""K4_nli_and_bypass_check"": 1397.9691000422463, ""K5_decision"": 1293.9757999847643}",7695
FACTURK-0298,DOĞRU,"[28319, 30119, 3103, 24714, 16908, 8663, 8386, 16465, 15489, 693, 15908, 17625, 7660, 22514, 3951, 5769, 14842, 26595, 6926, 12622]","[0.0003150386910419911, 0.0007293288363143802, 3.6764631659025326e-05, 0.0008199321455322206, 1.8342892872169614e-05, 0.00012931563833262771, 0.00010071400902234018, 3.244481558795087e-05, 1.6187581422855146e-05, 4.469407213036902e-05, 0.001085944357328117, 2.9541422918555327e-05, 0.000159678646014072, 0.00026530236937105656, 2.265035072923638e-05, 2.0623421733034775e-05, 1.6061610949691385e-05, 1.8342892872169614e-05, 1.967902426258661e-05, 0.059101540595293045]","[0.0038140160031616688, 0.9826159477233887, 0.013570073060691357]","[0.0038140160031616688, 0.9826159477233887, 0.013570073060691357]",False,YALAN,RED,False,False,3314.44940000074,"{""K1_input_and_readiness"": 0.05440000677481294, ""K7_context"": 0.001500011421740055, ""K1_normalization"": 0.010700023267418146, ""K6_advisory"": 35.803699982352555, ""K1_intent"": 0.037699996028095484, ""K2_retrieval"": 213.21390004595742, ""K3_reranker"": 2033.850200008601, ""K8_weighted_ranking"": 1.087099954020232, ""K3_candidate_filters"": 6.220599985681474, ""K9_advisory_consensus"": 0.01999997766688466, ""K4_nli_and_bypass_check"": 495.5818000016734, ""K5_decision"": 525.1225999672897}",15908
FACTURK-0299,YALAN,"[10919, 22295, 20689, 16959, 5172, 18220, 13728, 15561, 8611, 18438, 18562, 6873, 12437, 29008, 29531, 21508, 16348, 20881, 11883, 18773]","[0.7983440160751343, 0.8790429830551147, 0.4050368368625641, 0.005301894154399633, 0.048136770725250244, 0.008061991073191166, 0.07068779319524765, 0.3472050130367279, 0.7706374526023865, 0.007907291874289513, 0.016850080341100693, 0.005598248913884163, 5.783766391687095e-05, 0.00023413581948261708, 0.003736220533028245, 0.002058753278106451, 0.0844927504658699, 0.003960787784308195, 0.010818447917699814, 5.605828482657671e-05]","[0.9040394425392151, 0.08901768177747726, 0.006942819803953171]","[0.9040394425392151, 0.08901768177747726, 0.006942819803953171]",False,YALAN,UYARI,False,False,2962.0576999732293,"{""K1_input_and_readiness"": 0.05039997631683946, ""K7_context"": 0.001900014467537403, ""K1_normalization"": 0.010499963536858559, ""K6_advisory"": 35.61939997598529, ""K1_intent"": 0.04329998046159744, ""K2_retrieval"": 226.8841000040993, ""K3_reranker"": 1812.846900022123, ""K8_weighted_ranking"": 1.1279999744147062, ""K3_candidate_filters"": 6.142700032796711, ""K9_advisory_consensus"": 0.011899974197149277, ""K4_nli_and_bypass_check"": 451.7366000218317, ""K5_decision"": 424.36990002170205}",22295
FACTURK-0300,YALAN,"[749, 14448, 23316, 16390, 8778, 21077, 6767, 2573, 12732, 12782, 29404, 15061, 19808, 3213, 25537, 12068, 1606, 6069, 9502, 17636]","[0.0030994154512882233, 0.4758184552192688, 0.022542964667081833, 3.269927037763409e-05, 4.757645365316421e-05, 0.004773722495883703, 0.002191240666434169, 8.750300185056403e-05, 0.04130730405449867, 3.321419353596866e-05, 0.0025909794494509697, 0.00010391067189630121, 0.0009888596832752228, 0.0002234163403045386, 0.0005233757547102869, 0.0002434604539303109, 0.00045121065340936184, 0.00041894835885614157, 0.0035936026833951473, 4.611274925991893e-05]","[0.0016673074569553137, 0.9976521134376526, 0.0006805903976783156]","[0.0016673074569553137, 0.9976521134376526, 0.0006805903976783156]",False,YALAN,RED,False,False,3937.0898000197485,"{""K1_input_and_readiness"": 0.0801000278443098, ""K7_context"": 0.0021999585442245007, ""K1_normalization"": 0.016300007700920105, ""K6_advisory"": 36.65650001494214, ""K1_intent"": 0.0475000124424696, ""K2_retrieval"": 262.64969998737797, ""K3_reranker"": 3542.1460999641567, ""K8_weighted_ranking"": 1.3639999669976532, ""K3_candidate_filters"": 6.488199986051768, ""K9_advisory_consensus"": 0.006999995093792677, ""K4_nli_and_bypass_check"": 83.77550001023337, ""K5_decision"": 0.27899997076019645}",14448
FACTURK-0301,YALAN,"[9795, 10358, 2498, 24179, 5491, 27402, 30219, 29049, 5707, 29892, 27488, 20446, 16150, 12622, 18311, 20863, 25130, 8050, 7224, 19909]","[0.0014325366355478764, 0.13106197118759155, 0.013636835850775242, 0.0009584648651070893, 0.01833445206284523, 0.012383785098791122, 0.00360761652700603, 0.00010229986219201237, 0.08359067142009735, 1.683241134742275e-05, 0.005842605605721474, 0.0015307451831176877, 0.0018031664658337831, 0.20055769383907318, 0.0031480707693845034, 0.0004044814850203693, 0.005957154091447592, 0.0017961491830646992, 0.002822832902893424, 0.0004272078804206103]","[0.10703220218420029, 0.14415450394153595, 0.7488133311271667]","[0.10703220218420029, 0.14415450394153595, 0.7488133311271667]",False,DOĞRU,ONAY,False,False,3067.0260000042617,"{""K1_input_and_readiness"": 0.08560001151636243, ""K7_context"": 0.0019999570213258266, ""K1_normalization"": 0.014299992471933365, ""K6_advisory"": 37.817099946551025, ""K1_intent"": 0.0439999857917428, ""K2_retrieval"": 218.35290000308305, ""K3_reranker"": 2296.316299994942, ""K8_weighted_ranking"": 1.058699970599264, ""K3_candidate_filters"": 6.022700050380081, ""K9_advisory_consensus"": 0.012700038496404886, ""K4_nli_and_bypass_check"": 272.60349999414757, ""K5_decision"": 231.00690002320334}",10358
FACTURK-0302,YALAN,"[10289, 22554, 27385, 23619, 5632, 24903, 12113, 4617, 28290, 13278, 21111, 10263, 24633, 25750, 6679, 27763, 10812, 14420, 10058, 17779]","[7.9673009167891e-05, 0.00043055712012574077, 1.67014204635052e-05, 9.098840382648632e-05, 0.00570803415030241, 0.004038591403514147, 7.662102143513039e-05, 0.08570927381515503, 1.6061610949691385e-05, 0.000192602863535285, 1.6187581422855146e-05, 1.67014204635052e-05, 5.02506154589355e-05, 1.6964426322374493e-05, 1.6187581422855146e-05, 1.6187581422855146e-05, 0.0019723358564078808, 0.0029235428664833307, 6.302758993115276e-05, 1.6442494597868063e-05]","[0.0019110131543129683, 0.9854006171226501, 0.012688379734754562]","[0.0019110131543129683, 0.9854006171226501, 0.012688379734754562]",False,YETERSİZ VERİ,RET,True,False,4228.995200013742,"{""K1_input_and_readiness"": 0.05579995922744274, ""K7_context"": 0.001700012944638729, ""K1_normalization"": 0.010200019460171461, ""K6_advisory"": 38.1574000348337, ""K1_intent"": 0.06709998706355691, ""K2_retrieval"": 247.65199999092147, ""K3_reranker"": 2781.9888000376523, ""K8_weighted_ranking"": 1.5758000081405044, ""K3_candidate_filters"": 7.039100048132241, ""K9_advisory_consensus"": 0.006999995093792677, ""K4_nli_and_bypass_check"": 640.7450999831781, ""K5_decision"": 508.1793999997899}",24903
FACTURK-0303,YALAN,"[13756, 8683, 15530, 28988, 5842, 28339, 12028, 29608, 15869, 29415, 26190, 29778, 17525, 4383, 9131, 815, 22153, 24801, 11081, 20845]","[0.6785399913787842, 0.9460012316703796, 0.23458196222782135, 0.07224299758672714, 0.5873515009880066, 0.00035281325108371675, 1.6314539607265033e-05, 0.044597577303647995, 2.732141365413554e-05, 1.8342892872169614e-05, 5.433364276541397e-05, 0.0002002737601287663, 1.6442494597868063e-05, 2.8857117285951972e-05, 0.005469274241477251, 2.732141365413554e-05, 2.178264912799932e-05, 5.475977377500385e-05, 0.001987774157896638, 0.0008135565440170467]","[0.00023489806335419416, 0.9995962977409363, 0.00016877608140930533]","[0.00023489806335419416, 0.9995962977409363, 0.00016877608140930533]",False,YETERSİZ VERİ,RET,True,False,3659.638899960555,"{""K1_input_and_readiness"": 0.06220000796020031, ""K7_context"": 0.00200001522898674, ""K1_normalization"": 0.009600014891475439, ""K6_advisory"": 34.83499999856576, ""K1_intent"": 0.06450002547353506, ""K2_retrieval"": 207.94480002950877, ""K3_reranker"": 3144.7164000128396, ""K8_weighted_ranking"": 1.4598999987356365, ""K3_candidate_filters"": 6.8081000354141, ""K9_advisory_consensus"": 0.007199996616691351, ""K4_nli_and_bypass_check"": 144.713599991519, ""K5_decision"": 115.92279997421429}",8683
FACTURK-0304,DOĞRU,"[2462, 635, 28487, 8560, 23236, 878, 1272, 13604, 4699, 10822, 16134, 13127, 29109, 27900, 21223, 3495, 7863, 17829, 22505, 27426]","[0.9829546809196472, 0.0007672924548387527, 0.035611413419246674, 0.04092230275273323, 0.10141132026910782, 0.004681822378188372, 0.002378123812377453, 0.0007041515782475471, 0.002746900776401162, 0.009898064658045769, 2.3737338779028505e-05, 0.0006745558930560946, 0.000758359965402633, 9.461262379772961e-05, 0.032161444425582886, 0.007066400721669197, 0.0004272078804206103, 0.000124362253700383, 0.00017265156202483922, 0.0009773502824828029]","[0.0297810360789299, 0.9408939480781555, 0.029325030744075775]","[0.0297810360789299, 0.9408939480781555, 0.029325030744075775]",False,YETERSİZ VERİ,RET,True,False,2827.297299983911,"{""K1_input_and_readiness"": 0.05250005051493645, ""K7_context"": 0.001600012183189392, ""K1_normalization"": 0.009600014891475439, ""K6_advisory"": 36.369800043758005, ""K1_intent"": 0.04420004552230239, ""K2_retrieval"": 235.1819999748841, ""K3_reranker"": 2123.3145000296645, ""K8_weighted_ranking"": 1.2737000361084938, ""K3_candidate_filters"": 6.298399996012449, ""K9_advisory_consensus"": 0.006699992809444666, ""K4_nli_and_bypass_check"": 247.37009999807924, ""K5_decision"": 173.94429998239502}",2462
FACTURK-0305,DOĞRU,"[15481, 6476, 12823, 10017, 14000, 12395, 12955, 9538, 22615, 2227, 684, 14698, 508, 10849, 21639, 28897, 891, 9521, 6558, 16237]","[1.6314539607265033e-05, 2.9541422918555327e-05, 1.6187581422855146e-05, 1.6061610949691385e-05, 1.6314539607265033e-05, 0.0006411777576431632, 0.009232213720679283, 0.0003785036678891629, 1.6187581422855146e-05, 1.6314539607265033e-05, 0.00023782203788869083, 1.9833367332466878e-05, 1.6314539607265033e-05, 1.6061610949691385e-05, 1.6061610949691385e-05, 1.8631746570463292e-05, 3.4537253668531775e-05, 1.6314539607265033e-05, 1.6061610949691385e-05, 1.805851934477687e-05]","[0.031526245176792145, 0.7871571183204651, 0.18131662905216217]","[0.031526245176792145, 0.7871571183204651, 0.18131662905216217]",False,YALAN,RED,False,False,3069.045499956701,"{""K1_input_and_readiness"": 0.0733000342734158, ""K7_context"": 0.0017999554984271526, ""K1_normalization"": 0.011300027836114168, ""K6_advisory"": 35.221600031945854, ""K1_intent"": 0.041599967516958714, ""K2_retrieval"": 246.75250001018867, ""K3_reranker"": 2138.3264000178315, ""K8_weighted_ranking"": 1.6600999515503645, ""K3_candidate_filters"": 8.111000002827495, ""K9_advisory_consensus"": 0.008000002708286047, ""K4_nli_and_bypass_check"": 346.151799953077, ""K5_decision"": 289.261500001885}",28897
FACTURK-0306,YALAN,"[18255, 12924, 29887, 12905, 29990, 12585, 3500, 28989, 15528, 20539, 8052, 30, 22036, 23613, 24403, 23983, 83, 33, 4511, 9411]","[0.019160708412528038, 0.00020184421737212688, 0.0030160662718117237, 0.0012743262341246009, 0.00039821304380893707, 0.00023231418163049966, 0.004166256170719862, 2.7969301299890503e-05, 2.195349043176975e-05, 3.70529705833178e-05, 0.0006462032906711102, 0.003621685551479459, 3.619466951931827e-05, 1.6061610949691385e-05, 0.00046917638974264264, 1.6314539607265033e-05, 0.0044683837331831455, 0.004086002707481384, 0.00011774459562730044, 0.031618766486644745]","[0.00018005746824201196, 0.9997041821479797, 0.00011570445349207148]","[0.00018005746824201196, 0.9997041821479797, 0.00011570445349207148]",False,YETERSİZ VERİ,RET,True,False,3656.988300033845,"{""K1_input_and_readiness"": 0.060999998822808266, ""K7_context"": 0.001500011421740055, ""K1_normalization"": 0.010000017937272787, ""K6_advisory"": 34.5392000162974, ""K1_intent"": 0.032999960239976645, ""K2_retrieval"": 213.46040000207722, ""K3_reranker"": 2233.3778999745846, ""K8_weighted_ranking"": 1.4365999959409237, ""K3_candidate_filters"": 6.875499966554344, ""K9_advisory_consensus"": 0.007499998901039362, ""K4_nli_and_bypass_check"": 637.5537000130862, ""K5_decision"": 526.3109999941662}",18255
FACTURK-0307,YALAN,"[17356, 11028, 806, 8969, 13398, 18300, 29051, 8076, 22068, 24035, 6458, 17045, 25190, 14201, 11006, 15517, 19097, 29500, 7658, 14548]","[0.18315489590168, 0.00010637458035489544, 0.0031603530514985323, 2.6274772608303465e-05, 1.657145367062185e-05, 0.00014313739666249603, 2.977311669383198e-05, 1.7778551409719512e-05, 7.086326513672248e-05, 0.0003150386910419911, 5.518923353520222e-05, 0.00021824207215104252, 1.6314539607265033e-05, 0.012970386072993279, 0.0017140384297817945, 1.6314539607265033e-05, 2.908344322349876e-05, 0.0005976693937554955, 2.977311669383198e-05, 0.00011147904297104105]","[0.0010089129209518433, 0.002929471433162689, 0.9960616230964661]","[0.0010089129209518433, 0.002929471433162689, 0.9960616230964661]",False,YALAN,RED,False,False,3921.668499999214,"{""K1_input_and_readiness"": 0.0447999918833375, ""K7_context"": 0.001800013706088066, ""K1_normalization"": 0.008400005754083395, ""K6_advisory"": 35.033099993597716, ""K1_intent"": 0.0445000478066504, ""K2_retrieval"": 213.85719999670982, ""K3_reranker"": 3292.7032000152394, ""K8_weighted_ranking"": 1.6192999901250005, ""K3_candidate_filters"": 7.148100004997104, ""K9_advisory_consensus"": 0.007800001185387373, ""K4_nli_and_bypass_check"": 203.7104000337422, ""K5_decision"": 163.57530001550913}",24035
FACTURK-0308,DOĞRU,"[17336, 27529, 2957, 20444, 13372, 7387, 4791, 20248, 8312, 17446, 13190, 14058, 16779, 12381, 3550, 2915, 6218, 26922, 19113, 3804]","[0.1257079392671585, 0.0013250223128125072, 0.002693914109840989, 0.0004765612829942256, 0.008030813187360764, 0.16653981804847717, 0.004503272473812103, 0.007665874902158976, 1.6061610949691385e-05, 0.005099818110466003, 0.00011323437502142042, 0.0012793075293302536, 0.0012743262341246009, 2.8857117285951972e-05, 4.9086618673754856e-05, 0.001740983803756535, 0.05592617020010948, 6.0613183450186625e-05, 0.000471011851914227, 0.014615669846534729]","[0.00022091006394475698, 0.9979158043861389, 0.0018632598221302032]","[0.00022091006394475698, 0.9979158043861389, 0.0018632598221302032]",False,YETERSİZ VERİ,RET,True,False,4043.7895000213757,"{""K1_input_and_readiness"": 0.050099974032491446, ""K7_context"": 0.006999995093792677, ""K1_normalization"": 0.008100003469735384, ""K6_advisory"": 34.615400014445186, ""K1_intent"": 0.05169998621568084, ""K2_retrieval"": 218.25259999604896, ""K3_reranker"": 2602.941600023769, ""K8_weighted_ranking"": 1.3570000301115215, ""K3_candidate_filters"": 6.996500014793128, ""K9_advisory_consensus"": 0.007499998901039362, ""K4_nli_and_bypass_check"": 665.1224999804981, ""K5_decision"": 511.03739999234676}",16779
FACTURK-0309,YALAN,"[19677, 54, 104, 14048, 1741, 28654, 27214, 4438, 28971, 28913, 13211, 24573, 28483, 18462, 14411, 18241, 6336, 24548, 15702, 8685]","[0.9433475732803345, 0.0012644219677895308, 0.0013939501950517297, 0.0022343622986227274, 0.00016603845870122313, 1.6187581422855146e-05, 1.6964426322374493e-05, 1.6964426322374493e-05, 1.750292540236842e-05, 3.619466951931827e-05, 1.6061610949691385e-05, 5.0644717703107744e-05, 0.3752484917640686, 1.6187581422855146e-05, 1.593661909282673e-05, 0.00023050670279189944, 0.001560889184474945, 1.8486754925106652e-05, 8.888084994396195e-05, 0.005384937860071659]","[0.0037899950984865427, 0.9933761954307556, 0.00283382018096745]","[0.0037899950984865427, 0.9933761954307556, 0.00283382018096745]",False,YETERSİZ VERİ,RET,True,False,3324.0524000138976,"{""K1_input_and_readiness"": 0.07730000652372837, ""K7_context"": 0.00200001522898674, ""K1_normalization"": 0.011599971912801266, ""K6_advisory"": 34.59370002383366, ""K1_intent"": 0.032800016924738884, ""K2_retrieval"": 233.8063000352122, ""K3_reranker"": 2176.7501000431366, ""K8_weighted_ranking"": 1.3291999930515885, ""K3_candidate_filters"": 6.987700005993247, ""K9_advisory_consensus"": 0.008100003469735384, ""K4_nli_and_bypass_check"": 470.45290004462004, ""K5_decision"": 396.50189998792484}",19677
FACTURK-0310,YALAN,"[3964, 16107, 923, 16294, 25784, 16509, 10098, 2442, 12043, 7705, 23772, 18956, 8604, 5258, 29838, 23152, 16104, 8839, 14559, 17170]","[0.01764446496963501, 0.2137051820755005, 0.17203271389007568, 0.35209035873413086, 0.02409944497048855, 0.03588069602847099, 0.17652960121631622, 0.048405956476926804, 8.415108459303156e-05, 0.004182493779808283, 0.02881619706749916, 0.15215818583965302, 0.025516605004668236, 4.539786823443137e-05, 0.03919513151049614, 0.04931359738111496, 0.20149880647659302, 0.20593424141407013, 0.00017265156202483922, 4.5044595026411116e-05]","[0.8751527667045593, 0.11927323788404465, 0.005573979113250971]","[0.8751527667045593, 0.11927323788404465, 0.005573979113250971]",False,YALAN,UYARI,False,False,5613.956700020935,"{""K1_input_and_readiness"": 0.048200017772614956, ""K7_context"": 0.001500011421740055, ""K1_normalization"": 0.009800016414374113, ""K6_advisory"": 34.954599977936596, ""K1_intent"": 0.03239995567128062, ""K2_retrieval"": 273.2372000464238, ""K3_reranker"": 4253.552700043656, ""K8_weighted_ranking"": 1.5429999912157655, ""K3_candidate_filters"": 7.12510000448674, ""K9_advisory_consensus"": 0.007099995855242014, ""K4_nli_and_bypass_check"": 569.9586999835446, ""K5_decision"": 469.85809999750927}",18956
FACTURK-0311,DOĞRU,"[9657, 16705, 9011, 11379, 1734, 3550, 16305, 6218, 8286, 7726, 10662, 25316, 29678, 4791, 5583, 13043, 29976, 12349, 20248, 13455]","[0.5023612976074219, 0.0005636750720441341, 0.021165618672966957, 0.0006000071880407631, 0.00018093574908562005, 0.0037507887464016676, 0.0023688741493970156, 0.02010023407638073, 0.008412977680563927, 0.003692853031679988, 0.0011424495605751872, 0.00013765462790615857, 0.00025118677876889706, 0.026056302711367607, 0.009020279161632061, 0.0007554056355729699, 0.00033274127054028213, 0.09417666494846344, 0.0360160693526268, 0.027272669598460197]","[0.004820299334824085, 0.7170064449310303, 0.2781732976436615]","[0.004820299334824085, 0.7170064449310303, 0.2781732976436615]",False,YETERSİZ VERİ,RET,True,False,2755.0131999887526,"{""K1_input_and_readiness"": 0.09419996058568358, ""K7_context"": 0.002300017513334751, ""K1_normalization"": 0.015199999324977398, ""K6_advisory"": 37.66929998528212, ""K1_intent"": 0.0475000124424696, ""K2_retrieval"": 227.91299998061731, ""K3_reranker"": 1795.8787000388838, ""K8_weighted_ranking"": 1.0993999894708395, ""K3_candidate_filters"": 6.1425999738276005, ""K9_advisory_consensus"": 0.007099995855242014, ""K4_nli_and_bypass_check"": 370.71709998417646, ""K5_decision"": 311.1002999939956}",12349
FACTURK-0312,DOĞRU,"[7452, 13938, 6898, 11270, 25375, 22165, 1170, 2618, 25976, 7359, 29442, 3455, 5648, 12395, 27805, 2219, 28998, 4503, 27576, 15295]","[0.9999512434005737, 0.00013342000602278858, 0.000609450158663094, 0.00018667821132112294, 0.001629308913834393, 4.683888619183563e-05, 1.683241134742275e-05, 3.3474691008450463e-05, 3.2955729693640023e-05, 1.7231572201126255e-05, 1.6442494597868063e-05, 0.0035936026833951473, 1.6442494597868063e-05, 0.0001442598586436361, 1.7778551409719512e-05, 1.7231572201126255e-05, 2.2125668692751788e-05, 1.8342892872169614e-05, 0.004264635033905506, 1.6442494597868063e-05]","[0.9909173846244812, 0.007873286493122578, 0.0012093789409846067]","[0.9909173846244812, 0.007873286493122578, 0.0012093789409846067]",False,DOĞRU,ONAY,False,False,2282.1228000102565,"{""K1_input_and_readiness"": 0.09330001194030046, ""K7_context"": 0.0026999623514711857, ""K1_normalization"": 0.017200014553964138, ""K6_advisory"": 38.02500001620501, ""K1_intent"": 0.07529999129474163, ""K2_retrieval"": 235.39369995705783, ""K3_reranker"": 1800.0800000154413, ""K8_weighted_ranking"": 1.9161999807693064, ""K3_candidate_filters"": 11.597700009588152, ""K9_advisory_consensus"": 0.011699972674250603, ""K4_nli_and_bypass_check"": 133.18900001468137, ""K5_decision"": 58.29860002268106}",7452
FACTURK-0313,DOĞRU,"[27844, 18468, 11712, 29304, 11509, 22914, 22301, 19866, 7346, 28419, 27847, 3083, 5491, 4331, 2337, 25726, 1912, 28378, 19415, 27788]","[0.009340023621916771, 0.4330222010612488, 0.9989308714866638, 0.00026947917649522424, 0.00214894930832088, 0.0003697388747241348, 0.0011972112115472555, 0.003960787784308195, 1.8486754925106652e-05, 0.0014550630003213882, 0.005080036818981171, 9.535461140330881e-05, 0.0029008574783802032, 0.006903838831931353, 0.001052568550221622, 2.8857117285951972e-05, 0.0019267346942797303, 0.0014158706180751324, 0.00013552077871281654, 4.7206227463902906e-05]",null,"[1.0, 0.0, 0.0]",True,YETERSİZ VERİ,KISMI,True,False,2560.5130000039935,"{""K1_input_and_readiness"": 0.05089998012408614, ""K7_context"": 0.001600012183189392, ""K1_normalization"": 0.010100018698722124, ""K6_advisory"": 34.203500021249056, ""K1_intent"": 0.03439997090026736, ""K2_retrieval"": 210.89310001116246, ""K3_reranker"": 2301.7599000013433, ""K8_weighted_ranking"": 1.4449000009335577, ""K3_candidate_filters"": 7.5665999902412295, ""K9_advisory_consensus"": 0.007299997378140688, ""K4_nli_and_bypass_check"": 0.45950000640004873, ""K5_decision"": 0.553299963939935}",11712
FACTURK-0314,DOĞRU,"[28867, 20246, 475, 11597, 13372, 19541, 27529, 19898, 22408, 25381, 8043, 25980, 28538, 24314, 3213, 13274, 14016, 26227, 22357, 26566]","[0.4323030412197113, 0.6674728393554688, 0.09929540008306503, 0.04084571450948715, 0.00044248730409890413, 0.0006142272031866014, 0.0001195985751110129, 0.0014779430348426104, 0.0013670255430042744, 0.028652667999267578, 0.008445626124739647, 0.0026112475898116827, 0.0026419467758387327, 0.0020911062601953745, 0.006388320587575436, 3.1941821362124756e-05, 3.508111694827676e-05, 2.586742994026281e-05, 0.10105590522289276, 0.0010901900241151452]","[0.0012737477663904428, 0.997601330280304, 0.0011249289382249117]","[0.0012737477663904428, 0.997601330280304, 0.0011249289382249117]",False,YETERSİZ VERİ,RET,True,False,2610.4836000013165,"{""K1_input_and_readiness"": 0.07770000956952572, ""K7_context"": 0.006399990525096655, ""K1_normalization"": 0.012999982573091984, ""K6_advisory"": 37.755099998321384, ""K1_intent"": 0.045900000259280205, ""K2_retrieval"": 252.18130002031103, ""K3_reranker"": 2269.2003000411205, ""K8_weighted_ranking"": 1.2893000384792686, ""K3_candidate_filters"": 6.167399988044053, ""K9_advisory_consensus"": 0.006299989763647318, ""K4_nli_and_bypass_check"": 40.264700015541166, ""K5_decision"": 0.16380002489313483}",20246
FACTURK-0315,YALAN,"[18629, 11438, 23600, 27604, 5686, 1610, 16552, 23012, 6704, 6570, 22272, 22472, 19272, 25380, 3214, 7384, 28088, 12057, 744, 17093]","[0.4937632977962494, 0.04646466672420502, 0.04130730405449867, 0.09451042860746384, 0.008348053321242332, 0.8257302641868591, 0.009936418384313583, 0.0002611903182696551, 0.11162799596786499, 0.0044165560975670815, 0.07504072040319443, 1.7917987861437723e-05, 0.002174225402995944, 0.016277460381388664, 0.03090895712375641, 0.01342825498431921, 0.015967654064297676, 0.08850465714931488, 3.2955729693640023e-05, 0.010776725597679615]","[0.005925856530666351, 0.9934879541397095, 0.0005861860699951649]","[0.005925856530666351, 0.9934879541397095, 0.0005861860699951649]",False,YETERSİZ VERİ,RET,True,False,3695.104300044477,"{""K1_input_and_readiness"": 0.06290001329034567, ""K7_context"": 0.001500011421740055, ""K1_normalization"": 0.01179997343569994, ""K6_advisory"": 36.741299962159246, ""K1_intent"": 0.03860000288113952, ""K2_retrieval"": 250.6903000175953, ""K3_reranker"": 2210.179900052026, ""K8_weighted_ranking"": 1.3741000439040363, ""K3_candidate_filters"": 7.265899970661849, ""K9_advisory_consensus"": 0.007700000423938036, ""K4_nli_and_bypass_check"": 654.25740001956, ""K5_decision"": 531.1291000107303}",1610
FACTURK-0316,DOĞRU,"[6487, 20933, 13819, 25162, 20139, 29090, 3664, 29338, 17481, 22713, 29729, 25194, 4372, 24615, 5799, 22997, 20328, 19231, 25691, 24063]","[0.9982385635375977, 0.01750955730676651, 0.1527891606092453, 5.391084778239019e-05, 0.003621685551479459, 0.0009362827986478806, 5.605828482657671e-05, 0.0018458482809364796, 3.373722574906424e-05, 0.0001500056532677263, 0.000337979436153546, 0.0819595456123352, 0.0017007222631946206, 1.8486754925106652e-05, 8.547616744181141e-05, 0.00026323829661123455, 1.7640199075685814e-05, 0.00064368563471362, 3.591300992411561e-05, 0.0007793660624884069]","[0.9992488026618958, 0.000245723407715559, 0.0005054077482782304]","[0.9992488026618958, 0.000245723407715559, 0.0005054077482782304]",False,DOĞRU,ONAY,False,False,2613.6540999868885,"{""K1_input_and_readiness"": 0.06609997944906354, ""K7_context"": 0.001900014467537403, ""K1_normalization"": 0.011100026313215494, ""K6_advisory"": 33.38889998849481, ""K1_intent"": 0.031800009310245514, ""K2_retrieval"": 227.11989999515936, ""K3_reranker"": 2157.004099979531, ""K8_weighted_ranking"": 1.4279999886639416, ""K3_candidate_filters"": 7.276699994690716, ""K9_advisory_consensus"": 0.007499998901039362, ""K4_nli_and_bypass_check"": 130.80760004231706, ""K5_decision"": 53.38529997970909}",6487
FACTURK-0317,DOĞRU,"[22587, 30365, 10902, 11460, 7924, 1887, 15780, 22918, 5122, 24849, 2984, 14277, 19772, 4093, 22465, 27017, 10589, 7224, 20175, 4270]","[0.29370826482772827, 0.56391841173172, 0.005957154091447592, 0.01778038963675499, 0.3643251061439514, 0.08709682524204254, 0.2735744118690491, 0.21157968044281006, 0.11436853557825089, 0.37955084443092346, 0.00172745855525136, 0.15700754523277283, 0.006589771714061499, 0.012479699216783047, 0.06644792854785919, 0.008315778337419033, 0.03384403511881828, 0.17981843650341034, 0.004348381422460079, 0.035611413419246674]","[0.0031538275070488453, 0.9953659772872925, 0.0014801595825701952]","[0.0031538275070488453, 0.9953659772872925, 0.0014801595825701952]",False,YALAN,RED,False,False,9053.086500032805,"{""K1_input_and_readiness"": 0.05929998587816954, ""K7_context"": 0.001600012183189392, ""K1_normalization"": 0.008800008799880743, ""K6_advisory"": 34.8307000240311, ""K1_intent"": 0.03739999374374747, ""K2_retrieval"": 229.10629998659715, ""K3_reranker"": 6243.455599993467, ""K8_weighted_ranking"": 1.0453000431880355, ""K3_candidate_filters"": 5.721400026232004, ""K9_advisory_consensus"": 0.006099988240748644, ""K4_nli_and_bypass_check"": 1742.0541999745183, ""K5_decision"": 793.3068000129424}",30365
FACTURK-0318,YALAN,"[1123, 27660, 2877, 5471, 4745, 23201, 21085, 9176, 13942, 12462, 627, 15340, 18839, 15696, 17990, 8517, 8290, 2955, 25237, 15511]","[0.23846149444580078, 0.0009659748757258058, 0.0019570167642086744, 0.02157406695187092, 0.009522485546767712, 0.0018172829877585173, 0.0005132579244673252, 0.0018895388348028064, 0.013742320239543915, 0.37170660495758057, 0.005797401536256075, 0.06030764430761337, 0.001081715221516788, 8.614650869276375e-05, 5.3075080359121785e-05, 0.000347345310728997, 0.0007096704212017357, 3.0479141059913673e-05, 0.0001823546044761315, 0.001518850913271308]","[0.008444591425359249, 0.9898696541786194, 0.0016856944421306252]","[0.008444591425359249, 0.9898696541786194, 0.0016856944421306252]",False,YETERSİZ VERİ,RET,True,False,5735.3179000201635,"{""K1_input_and_readiness"": 0.06579997716471553, ""K7_context"": 0.001400010660290718, ""K1_normalization"": 0.019899976905435324, ""K6_advisory"": 36.86720004770905, ""K1_intent"": 0.04780001472681761, ""K2_retrieval"": 260.59159997384995, ""K3_reranker"": 3603.3464000211097, ""K8_weighted_ranking"": 1.6484999796375632, ""K3_candidate_filters"": 7.229599985294044, ""K9_advisory_consensus"": 0.007499998901039362, ""K4_nli_and_bypass_check"": 1008.992999966722, ""K5_decision"": 813.413199968636}",4745
FACTURK-0319,DOĞRU,"[19343, 28010, 23590, 2436, 5590, 21114, 6932, 13838, 2425, 5265, 21218, 11848, 7364, 9502, 8291, 9216, 10374, 20208, 19431, 24636]","[0.0002591582597233355, 0.002531111240386963, 0.0001673405058681965, 0.00020502213737927377, 1.6314539607265033e-05, 2.411113746347837e-05, 0.0001387341326335445, 1.657145367062185e-05, 1.6964426322374493e-05, 1.6314539607265033e-05, 1.7778551409719512e-05, 1.657145367062185e-05, 1.9373936083866283e-05, 2.5071596610359848e-05, 5.144220995134674e-05, 0.0005953406798653305, 0.00012931563833262771, 0.0014664583140984178, 1.9073577277595177e-05, 1.6314539607265033e-05]","[0.17722956836223602, 0.6260530948638916, 0.19671736657619476]","[0.17722956836223602, 0.6260530948638916, 0.19671736657619476]",False,YALAN,RED,False,False,4765.6639000051655,"{""K1_input_and_readiness"": 0.05640002200379968, ""K7_context"": 0.001400010660290718, ""K1_normalization"": 0.010199961252510548, ""K6_advisory"": 36.00750002078712, ""K1_intent"": 0.046600005589425564, ""K2_retrieval"": 235.78609997639433, ""K3_reranker"": 2867.43280000519, ""K8_weighted_ranking"": 1.3329999637790024, ""K3_candidate_filters"": 6.83899997966364, ""K9_advisory_consensus"": 0.006999995093792677, ""K4_nli_and_bypass_check"": 806.9245999795385, ""K5_decision"": 807.9865000327118}",2436
FACTURK-0320,YALAN,"[1887, 1807, 25228, 7970, 14227, 15188, 25931, 20941, 668, 2158, 8125, 24929, 7135, 18249, 8599, 30193, 8926, 1676, 4603, 25967]","[0.903464674949646, 0.09704755246639252, 0.5811247825622559, 0.5891846418380737, 0.00014313739666249603, 0.02456308901309967, 0.05582314357161522, 0.002278330735862255, 0.0026010938454419374, 0.000337979436153546, 0.00272558256983757, 0.003635808825492859, 0.0060503981076180935, 0.002123966347426176, 2.526822754589375e-05, 0.0013045065570622683, 0.08725224435329437, 0.21883627772331238, 0.522567629814148, 0.00020662980386987329]","[0.03281775489449501, 0.965436577796936, 0.0017457014182582498]","[0.03281775489449501, 0.965436577796936, 0.0017457014182582498]",False,YETERSİZ VERİ,RET,True,False,3377.2756999824196,"{""K1_input_and_readiness"": 0.05370000144466758, ""K7_context"": 0.0016999547369778156, ""K1_normalization"": 0.009700015652924776, ""K6_advisory"": 34.50670000165701, ""K1_intent"": 0.03660004585981369, ""K2_retrieval"": 222.66930004116148, ""K3_reranker"": 2546.7462000087835, ""K8_weighted_ranking"": 1.323399948887527, ""K3_candidate_filters"": 6.671200040727854, ""K9_advisory_consensus"": 0.006999995093792677, ""K4_nli_and_bypass_check"": 317.29690002975985, ""K5_decision"": 244.4763999665156}",1887
FACTURK-0321,YALAN,"[25225, 10243, 27894, 9150, 15787, 19391, 16063, 28222, 11548, 27696, 24956, 12864, 25169, 9220, 24184, 25228, 2984, 3313, 20449, 25098]","[0.9990745782852173, 0.058884695172309875, 0.07081620395183563, 0.018404889851808548, 0.001192549243569374, 4.870464181294665e-05, 0.0006337125087156892, 0.0007152324542403221, 0.004133968148380518, 0.0029694451950490475, 0.0005930210463702679, 0.0013511208817362785, 0.0003625900426413864, 0.0008727670647203922, 6.868317723274231e-05, 0.0003583672805689275, 1.8777873265207745e-05, 0.00010071400902234018, 0.03663136437535286, 0.00012148174573667347]",null,"[1.0, 0.0, 0.0]",True,YALAN,UYARI,False,False,2072.701099968981,"{""K1_input_and_readiness"": 0.06620003841817379, ""K7_context"": 0.0023999600671231747, ""K1_normalization"": 0.016000005416572094, ""K6_advisory"": 36.827500036451966, ""K1_intent"": 0.06980000762268901, ""K2_retrieval"": 218.28109998023137, ""K3_reranker"": 1804.9644000129774, ""K8_weighted_ranking"": 1.3123999815434217, ""K3_candidate_filters"": 7.12650001514703, ""K9_advisory_consensus"": 0.007099995855242014, ""K4_nli_and_bypass_check"": 0.19390002125874162, ""K5_decision"": 0.24669995764270425}",25225
FACTURK-0322,YALAN,"[19974, 10172, 27265, 6287, 11158, 22220, 7476, 1134, 14936, 5811, 11075, 2403, 29492, 28979, 27304, 24074, 24175, 25299, 9398, 21249]","[0.40262696146965027, 0.0006771942134946585, 0.0009290033485740423, 0.010818447917699814, 0.0032476764172315598, 0.00013032974675297737, 4.683888619183563e-05, 1.6314539607265033e-05, 3.7636447814293206e-05, 0.00028462239424698055, 0.001151399570517242, 0.008124708198010921, 0.0005112579092383385, 0.0023504828568547964, 1.6314539607265033e-05, 0.03228325769305229, 0.0004747042548842728, 0.0001956353517016396, 0.00011774459562730044, 1.657145367062185e-05]","[0.005824280437082052, 0.9839640259742737, 0.010211733169853687]","[0.005824280437082052, 0.9839640259742737, 0.010211733169853687]",False,YETERSİZ VERİ,RET,True,False,5986.1325999954715,"{""K1_input_and_readiness"": 0.0714000198058784, ""K7_context"": 0.0017999554984271526, ""K1_normalization"": 0.01260003773495555, ""K6_advisory"": 35.0662000128068, ""K1_intent"": 0.03880000440403819, ""K2_retrieval"": 286.3585000159219, ""K3_reranker"": 3137.8560000448488, ""K8_weighted_ranking"": 1.108399999793619, ""K3_candidate_filters"": 5.934800021350384, ""K9_advisory_consensus"": 0.011300027836114168, ""K4_nli_and_bypass_check"": 1334.0256999945268, ""K5_decision"": 1182.052800024394}",9398
FACTURK-0323,DOĞRU,"[26984, 20781, 27337, 6352, 7596, 12551, 2446, 708, 13967, 8904, 10289, 19156, 28075, 247, 172, 26400, 156, 211, 11435, 25927]","[0.003678509034216404, 0.001383117400109768, 0.0038844761438667774, 0.0005884087877348065, 0.004867417272180319, 0.003510648850351572, 0.0007613258203491569, 0.0007208379684016109, 0.0012448433553799987, 0.00013658353418577462, 3.1201914680423215e-05, 0.00014202363672666252, 0.00023782203788869083, 0.007066400721669197, 0.0002415662893326953, 0.002540992572903633, 0.006615392863750458, 0.0001476803736295551, 0.0008525666198693216, 0.002560870721936226]","[0.008061537519097328, 0.9670884013175964, 0.024850117042660713]","[0.008061537519097328, 0.9670884013175964, 0.024850117042660713]",False,YETERSİZ VERİ,RET,True,False,2953.2331000082195,"{""K1_input_and_readiness"": 0.05119998240843415, ""K7_context"": 0.001400010660290718, ""K1_normalization"": 0.01810002140700817, ""K6_advisory"": 36.091400019358844, ""K1_intent"": 0.03789999755099416, ""K2_retrieval"": 250.45939994743094, ""K3_reranker"": 2594.232600007672, ""K8_weighted_ranking"": 1.5017999685369432, ""K3_candidate_filters"": 7.2469000006094575, ""K9_advisory_consensus"": 0.007499998901039362, ""K4_nli_and_bypass_check"": 60.10170001536608, ""K5_decision"": 0.1422999775968492}",27337
FACTURK-0324,DOĞRU,"[1701, 1620, 20305, 19176, 27696, 23686, 24172, 27196, 24782, 5535, 801, 14870, 15425, 24849, 18519, 26875, 22504, 21711, 11776, 19258]","[0.005119676236063242, 0.00079783343244344, 0.003579642390832305, 0.010408313944935799, 0.001483718864619732, 1.657145367062185e-05, 0.0013511208817362785, 0.002034817123785615, 0.014281935058534145, 0.00026738259475678205, 0.13117322325706482, 0.00021485926117748022, 0.0041179172694683075, 0.02595735713839531, 0.147801011800766, 6.922183820279315e-05, 0.0028009270317852497, 0.00677120964974165, 0.012920473702251911, 2.7535690605873242e-05]","[0.0002978092816192657, 0.999572217464447, 0.0001299908763030544]","[0.0002978092816192657, 0.999572217464447, 0.0001299908763030544]",False,YETERSİZ VERİ,RET,True,False,4913.922600040678,"{""K1_input_and_readiness"": 0.05730002885684371, ""K7_context"": 0.001700012944638729, ""K1_normalization"": 0.009500014130026102, ""K6_advisory"": 35.367999982554466, ""K1_intent"": 0.04680000711232424, ""K2_retrieval"": 253.41569999000058, ""K3_reranker"": 3333.0256000044756, ""K8_weighted_ranking"": 1.2238000053912401, ""K3_candidate_filters"": 6.422900012694299, ""K9_advisory_consensus"": 0.00689999433234334, ""K4_nli_and_bypass_check"": 691.7876999941655, ""K5_decision"": 589.2757999827154}",24849
FACTURK-0325,YALAN,"[23846, 23815, 8193, 24551, 9436, 28722, 12486, 5782, 4454, 7410, 25313, 13507, 8269, 17776, 21219, 4638, 21231, 6751, 24987, 23504]","[9.028038039105013e-05, 0.00021995337738189846, 0.00012243441597092897, 0.002123966347426176, 0.001495338510721922, 0.0014895173953846097, 0.07159119844436646, 8.614650869276375e-05, 0.0002591582597233355, 0.025711586698889732, 0.03416481614112854, 0.002243087626993656, 9.098840382648632e-05, 0.002560870721936226, 0.00011591933434829116, 2.6480842279852368e-05, 2.4876489987946115e-05, 0.0013198634842410684, 3.269927037763409e-05, 1.6442494597868063e-05]","[0.0029354197904467583, 0.9818655848503113, 0.015198992565274239]","[0.0029354197904467583, 0.9818655848503113, 0.015198992565274239]",False,YETERSİZ VERİ,RET,True,False,2410.2490000077523,"{""K1_input_and_readiness"": 0.06249995203688741, ""K7_context"": 0.00200001522898674, ""K1_normalization"": 0.010100018698722124, ""K6_advisory"": 35.552000044845045, ""K1_intent"": 0.043899985030293465, ""K2_retrieval"": 229.04330003075302, ""K3_reranker"": 1586.8887000251561, ""K8_weighted_ranking"": 2.0037000067532063, ""K3_candidate_filters"": 8.514599991030991, ""K9_advisory_consensus"": 0.007599999662488699, ""K4_nli_and_bypass_check"": 298.81820001173764, ""K5_decision"": 245.72180001996458}",12486
FACTURK-0326,YALAN,"[23950, 15240, 7087, 29494, 28228, 24411, 29928, 16851, 19990, 2653, 5125, 28429, 4843, 2846, 13982, 13711, 18203, 16773, 11973, 7372]","[0.6772605776786804, 0.6363531351089478, 0.156491219997406, 0.3262714147567749, 0.7213507294654846, 0.016979992389678955, 0.01353214867413044, 0.27212125062942505, 0.0015669887652620673, 0.37547746300697327, 0.20769643783569336, 0.1291828602552414, 0.07935289293527603, 0.12907303869724274, 0.037326887249946594, 0.5820753574371338, 0.0018243826925754547, 0.8297680616378784, 0.715225100517273, 0.8987665772438049]","[0.003061181865632534, 0.9963451027870178, 0.0005936649977229536]","[0.003061181865632534, 0.9963451027870178, 0.0005936649977229536]",False,YETERSİZ VERİ,RET,True,False,5436.200199997984,"{""K1_input_and_readiness"": 0.056699966080486774, ""K7_context"": 0.001800013706088066, ""K1_normalization"": 0.010600022505968809, ""K6_advisory"": 35.66390002379194, ""K1_intent"": 0.05100003909319639, ""K2_retrieval"": 210.3484999970533, ""K3_reranker"": 4495.788500003982, ""K8_weighted_ranking"": 1.737200014758855, ""K3_candidate_filters"": 7.078000053297728, ""K9_advisory_consensus"": 0.006699992809444666, ""K4_nli_and_bypass_check"": 433.8802000274882, ""K5_decision"": 248.0187999899499}",7372
FACTURK-0327,YALAN,"[11779, 16554, 21720, 28864, 19780, 16591, 6656, 5650, 14378, 6422, 26524, 25811, 22784, 15395, 15946, 23361, 14710, 21016, 14437, 25130]","[0.01578456163406372, 0.004810982849448919, 0.008061991073191166, 0.5661384463310242, 0.005641908384859562, 0.9463988542556763, 0.0044683837331831455, 0.1318424493074417, 0.029201289638876915, 0.009670992381870747, 0.0007854739669710398, 0.0333368256688118, 0.0006745558930560946, 0.020685460418462753, 4.985958003089763e-05, 0.0008459375239908695, 3.6764631659025326e-05, 1.6314539607265033e-05, 0.29310086369514465, 0.7918210625648499]","[0.019039031118154526, 0.9803898930549622, 0.0005710952100344002]","[0.019039031118154526, 0.9803898930549622, 0.0005710952100344002]",False,YETERSİZ VERİ,RET,True,False,3195.4510000068694,"{""K1_input_and_readiness"": 0.07110001752153039, ""K7_context"": 0.001600012183189392, ""K1_normalization"": 0.015099998563528061, ""K6_advisory"": 36.14219999872148, ""K1_intent"": 0.04429998807609081, ""K2_retrieval"": 277.11309998994693, ""K3_reranker"": 2788.696500007063, ""K8_weighted_ranking"": 1.2478999560698867, ""K3_candidate_filters"": 6.330800009891391, ""K9_advisory_consensus"": 0.006999995093792677, ""K4_nli_and_bypass_check"": 82.16210000682622, ""K5_decision"": 0.22220000391826034}",16591
FACTURK-0328,DOĞRU,"[18318, 8507, 7120, 3423, 27785, 2506, 12397, 10, 26352, 11718, 24450, 22396, 21551, 16322, 25919, 4987, 14748, 4527, 14084, 23397]","[0.0008761798962950706, 9.461262379772961e-05, 0.044431429356336594, 0.052618950605392456, 0.0002982776495628059, 2.1444948288262822e-05, 0.001103026675991714, 0.0697949230670929, 7.086326513672248e-05, 1.6061610949691385e-05, 0.0003814711526501924, 0.001560889184474945, 0.000337979436153546, 0.0006118340534158051, 0.002453428227454424, 0.0006667023408226669, 0.00046190584544092417, 0.0001476803736295551, 0.0039454069919884205, 0.0013458604225888848]","[0.002135469112545252, 0.9777894020080566, 0.02007511630654335]","[0.002135469112545252, 0.9777894020080566, 0.02007511630654335]",False,YETERSİZ VERİ,RET,True,False,1879.080500046257,"{""K1_input_and_readiness"": 0.05640002200379968, ""K7_context"": 0.0015999539755284786, ""K1_normalization"": 0.010200019460171461, ""K6_advisory"": 36.19509999407455, ""K1_intent"": 0.04719995195046067, ""K2_retrieval"": 224.4901999947615, ""K3_reranker"": 1580.05679998314, ""K8_weighted_ranking"": 1.4473000192083418, ""K3_candidate_filters"": 6.9073999766260386, ""K9_advisory_consensus"": 0.00790000194683671, ""K4_nli_and_bypass_check"": 26.25840000109747, ""K5_decision"": 0.1680999994277954}",10
FACTURK-0329,DOĞRU,"[5153, 18953, 11309, 414, 3426, 30136, 6618, 1893, 17520, 23892, 29513, 17416, 5267, 18236, 3589, 20519, 11809, 18175, 12863, 29502]","[1.6314539607265033e-05, 0.0015854305820539594, 0.0001713081874186173, 1.6442494597868063e-05, 1.7640199075685814e-05, 0.0008135565440170467, 0.0016809417866170406, 0.0003225071995984763, 8.415108459303156e-05, 4.7206227463902906e-05, 2.3369333575828932e-05, 5.0644717703107744e-05, 0.0025016965810209513, 5.391084778239019e-05, 0.0003951153776142746, 0.0002131875662598759, 9.028038039105013e-05, 2.2125668692751788e-05, 1.6314539607265033e-05, 1.750292540236842e-05]","[0.0010396186262369156, 0.9983799457550049, 0.0005804751417599618]","[0.0010396186262369156, 0.9983799457550049, 0.0005804751417599618]",False,YETERSİZ VERİ,RET,True,False,2079.449700016994,"{""K1_input_and_readiness"": 0.05809997674077749, ""K7_context"": 0.001700012944638729, ""K1_normalization"": 0.010800024028867483, ""K6_advisory"": 35.03440000349656, ""K1_intent"": 0.04249997437000275, ""K2_retrieval"": 213.8336999923922, ""K3_reranker"": 1792.154099966865, ""K8_weighted_ranking"": 1.2955000274814665, ""K3_candidate_filters"": 6.793699983973056, ""K9_advisory_consensus"": 0.006900052540004253, ""K4_nli_and_bypass_check"": 26.632600056473166, ""K5_decision"": 0.17219997243955731}",18953
FACTURK-0330,YALAN,"[1893, 19626, 18953, 17416, 1513, 24924, 23892, 13456, 17520, 18236, 11809, 29162, 11309, 18988, 30126, 18175, 6618, 338, 5950, 6072]","[0.006217078305780888, 0.0063635739497840405, 0.013480102643370628, 0.00027372167096473277, 0.0017821963410824537, 0.002822832902893424, 0.0007885457598604262, 0.02784845046699047, 0.002934951800853014, 0.0022170129232108593, 0.013480102643370628, 0.000638679601252079, 0.0007041515782475471, 0.00079783343244344, 0.017576882615685463, 0.0002611903182696551, 0.003123648464679718, 0.0002780309587251395, 0.014392335899174213, 0.00010391067189630121]","[0.00012345821596682072, 0.9997637867927551, 0.00011281002662144601]","[0.00012345821596682072, 0.9997637867927551, 0.00011281002662144601]",False,YALAN,RED,False,False,2531.822099990677,"{""K1_input_and_readiness"": 0.05789997521787882, ""K7_context"": 0.001900014467537403, ""K1_normalization"": 0.009600014891475439, ""K6_advisory"": 35.89290002128109, ""K1_intent"": 0.0369000481441617, ""K2_retrieval"": 229.4463999569416, ""K3_reranker"": 2177.2537999786437, ""K8_weighted_ranking"": 1.4586999895982444, ""K3_candidate_filters"": 8.150100009515882, ""K9_advisory_consensus"": 0.006799993570894003, ""K4_nli_and_bypass_check"": 75.70889999624342, ""K5_decision"": 0.3809999907389283}",30126
FACTURK-0331,DOĞRU,"[1681, 24945, 10638, 18670, 18311, 16362, 12375, 7105, 17848, 20651, 12260, 15302, 12622, 4093, 27629, 27294, 7572, 27133, 30163, 15389]","[0.02178117074072361, 0.00020825010142289102, 0.07211220264434814, 0.0015916259726509452, 0.041852131485939026, 0.000638679601252079, 0.16981850564479828, 0.0005636750720441341, 0.00014313739666249603, 0.0002434604539303109, 0.022715754806995392, 1.6061610949691385e-05, 0.5909562706947327, 0.00035281325108371675, 0.00017813112935982645, 0.0007763299508951604, 4.298194107832387e-05, 1.6314539607265033e-05, 0.009596454910933971, 0.09334687888622284]","[0.0026352740824222565, 0.03314099460840225, 0.9642236828804016]","[0.0026352740824222565, 0.03314099460840225, 0.9642236828804016]",False,DOĞRU,ONAY,False,False,3857.589100021869,"{""K1_input_and_readiness"": 0.06660004146397114, ""K7_context"": 0.003100023604929447, ""K1_normalization"": 0.01479999627918005, ""K6_advisory"": 41.81580001022667, ""K1_intent"": 0.0638000201433897, ""K2_retrieval"": 239.58279995713383, ""K3_reranker"": 2526.9436999806203, ""K8_weighted_ranking"": 1.3713999651372433, ""K3_candidate_filters"": 6.937600031960756, ""K9_advisory_consensus"": 0.007399998139590025, ""K4_nli_and_bypass_check"": 597.2210999461822, ""K5_decision"": 440.2779000229202}",15389
FACTURK-0332,YALAN,"[30229, 25967, 9269, 7970, 8599, 5787, 20168, 13340, 20941, 15188, 18249, 2158, 14227, 8125, 10681, 668, 9822, 2110, 8325, 27472]","[2.566613329690881e-05, 0.0009075025445781648, 3.4537253668531775e-05, 0.005220125429332256, 1.67014204635052e-05, 0.0009927261853590608, 5.391084778239019e-05, 8.957788668340072e-05, 0.00016346470511052758, 0.0011649561347439885, 0.0002824080875143409, 7.031184941297397e-05, 1.67014204635052e-05, 0.0002234163403045386, 0.006615392863750458, 5.738759500673041e-05, 1.7366719475830905e-05, 0.00011774459562730044, 0.0005725466180592775, 0.0026522595435380936]","[0.019372841343283653, 0.9790500998497009, 0.0015770114259794354]","[0.019372841343283653, 0.9790500998497009, 0.0015770114259794354]",False,YETERSİZ VERİ,RET,True,False,3045.8335999865085,"{""K1_input_and_readiness"": 0.05470000905916095, ""K7_context"": 0.001400010660290718, ""K1_normalization"": 0.008600007276982069, ""K6_advisory"": 34.38229998573661, ""K1_intent"": 0.04050001734867692, ""K2_retrieval"": 301.5677999937907, ""K3_reranker"": 2052.4527999805287, ""K8_weighted_ranking"": 2.464999968651682, ""K3_candidate_filters"": 14.967499999329448, ""K9_advisory_consensus"": 0.009500014130026102, ""K4_nli_and_bypass_check"": 307.7637000242248, ""K5_decision"": 327.27620005607605}",5787
FACTURK-0333,YALAN,"[24866, 8860, 10194, 24106, 17990, 29116, 4464, 13407, 10566, 1275, 13598, 15160, 9918, 24171, 7299, 27567, 28026, 2214, 10887, 25825]","[0.01815951056778431, 0.00011866796558024362, 0.0007613258203491569, 0.0002269338583573699, 0.0015669887652620673, 0.010735162533819675, 0.001495338510721922, 2.7969301299890503e-05, 0.011331753805279732, 4.575391358230263e-05, 0.004264635033905506, 0.12199922651052475, 1.6061610949691385e-05, 1.67014204635052e-05, 2.526822754589375e-05, 2.818866414600052e-05, 0.008644177578389645, 0.0014048678567633033, 0.00019716942915692925, 0.015130727551877499]","[0.20545117557048798, 0.7840708494186401, 0.010478008538484573]","[0.20545117557048798, 0.7840708494186401, 0.010478008538484573]",False,YETERSİZ VERİ,RET,True,False,5025.879300024826,"{""K1_input_and_readiness"": 0.0819999841041863, ""K7_context"": 0.0023999600671231747, ""K1_normalization"": 0.01780001912266016, ""K6_advisory"": 35.30029999092221, ""K1_intent"": 0.03809999907389283, ""K2_retrieval"": 217.72239997517318, ""K3_reranker"": 4053.344300016761, ""K8_weighted_ranking"": 1.6733999946154654, ""K3_candidate_filters"": 7.664600037969649, ""K9_advisory_consensus"": 0.007299997378140688, ""K4_nli_and_bypass_check"": 394.53920000232756, ""K5_decision"": 312.03579995781183}",15160
FACTURK-0334,DOĞRU,"[19685, 9321, 7904, 23856, 15826, 28084, 24694, 5498, 20607, 3994, 6437, 29017, 684, 3213, 19330, 891, 10877, 18368, 13179, 10573]","[0.9949788451194763, 1.6187581422855146e-05, 0.005220125429332256, 1.6314539607265033e-05, 0.00025118677876889706, 1.6187581422855146e-05, 2.318747829122003e-05, 0.00018961740715894848, 1.6061610949691385e-05, 1.6187581422855146e-05, 2.3007036361377686e-05, 0.005980330519378185, 6.402006692951545e-05, 0.0009850083151832223, 5.144220995134674e-05, 0.006666931323707104, 0.00010391067189630121, 3.508111694827676e-05, 0.00014883848780300468, 0.0001387341326335445]","[0.9972443580627441, 0.0022422177717089653, 0.0005134976818226278]","[0.9972443580627441, 0.0022422177717089653, 0.0005134976818226278]",False,DOĞRU,ONAY,False,False,2641.487799992319,"{""K1_input_and_readiness"": 0.04329998046159744, ""K7_context"": 0.001500011421740055, ""K1_normalization"": 0.00809994526207447, ""K6_advisory"": 35.07520002312958, ""K1_intent"": 0.033299962524324656, ""K2_retrieval"": 215.85370000684634, ""K3_reranker"": 2063.962599961087, ""K8_weighted_ranking"": 2.4631000123918056, ""K3_candidate_filters"": 8.435999974608421, ""K9_advisory_consensus"": 0.006299989763647318, ""K4_nli_and_bypass_check"": 170.2108000172302, ""K5_decision"": 141.96149999042973}",19685
FACTURK-0335,YALAN,"[7796, 1266, 26900, 2229, 28117, 12967, 4372, 12096, 22812, 11409, 612, 10708, 24615, 24142, 27043, 23324, 286, 17132, 19698, 23359]","[0.014785407111048698, 0.0004821761976927519, 0.0002824080875143409, 2.526822754589375e-05, 0.004022909794002771, 0.007815888151526451, 0.00017536994710098952, 3.219233258278109e-05, 0.6721165180206299, 0.0002611903182696551, 0.2276410013437271, 0.00013658353418577462, 0.0005053045460954309, 5.9673518990166485e-05, 4.298194107832387e-05, 4.231559796608053e-05, 0.007725534029304981, 0.2440025359392166, 0.0024822766426950693, 0.00013552077871281654]","[0.042938411235809326, 0.40508273243904114, 0.5519788265228271]","[0.042938411235809326, 0.40508273243904114, 0.5519788265228271]",False,YETERSİZ VERİ,KISMI,True,False,2531.8026000168175,"{""K1_input_and_readiness"": 0.07830001413822174, ""K7_context"": 0.001700012944638729, ""K1_normalization"": 0.015600002370774746, ""K6_advisory"": 35.8043999876827, ""K1_intent"": 0.04919996717944741, ""K2_retrieval"": 292.48740000184625, ""K3_reranker"": 2155.9157999581657, ""K8_weighted_ranking"": 1.3115000328980386, ""K3_candidate_filters"": 6.805199955124408, ""K9_advisory_consensus"": 0.007299997378140688, ""K4_nli_and_bypass_check"": 35.322299983818084, ""K5_decision"": 0.32649998320266604}",612
FACTURK-0336,DOĞRU,"[26371, 12974, 16695, 13512, 1970, 15386, 22626, 9507, 11555, 27942, 3213, 28493, 27262, 4827, 20937, 29892, 24455, 8034, 6841, 5942]","[0.0006512682302854955, 0.009340023621916771, 0.0020667945500463247, 2.265035072923638e-05, 0.004101929254829884, 5.0644717703107744e-05, 0.00025315635139122605, 0.00011682839976856485, 2.2125668692751788e-05, 0.0012065897462889552, 0.001483718864619732, 6.922183820279315e-05, 2.7751651941798627e-05, 0.00020988310279790312, 0.01764446496963501, 0.000317508791340515, 0.00024536947603337467, 0.0001500056532677263, 0.0003611769643612206, 0.0029810327105224133]","[0.011038986966013908, 0.9766853451728821, 0.012275680899620056]","[0.011038986966013908, 0.9766853451728821, 0.012275680899620056]",False,YETERSİZ VERİ,RET,True,False,2508.716900018044,"{""K1_input_and_readiness"": 0.05500001134350896, ""K7_context"": 0.001500011421740055, ""K1_normalization"": 0.010399962775409222, ""K6_advisory"": 34.96630000881851, ""K1_intent"": 0.038300000596791506, ""K2_retrieval"": 211.33950003422797, ""K3_reranker"": 2227.0048999926075, ""K8_weighted_ranking"": 1.3256999664008617, ""K3_candidate_filters"": 6.2901999917812645, ""K9_advisory_consensus"": 0.006999995093792677, ""K4_nli_and_bypass_check"": 24.275299976579845, ""K5_decision"": 0.2313000150024891}",29892
FACTURK-0337,YALAN,"[14578, 14516, 12212, 28161, 11217, 28207, 8368, 19726, 16230, 4788, 8599, 13731, 27764, 22471, 1170, 9491, 7917, 27543, 19984, 7407]","[0.9965969920158386, 0.9785903096199036, 0.003635808825492859, 0.0037507887464016676, 0.10989668220281601, 0.0017752605490386486, 0.0007041515782475471, 0.023419944569468498, 0.0006462032906711102, 0.003809630172327161, 0.001383117400109768, 0.0015487611526623368, 0.0016549242427572608, 0.00046917638974264264, 0.48418188095092773, 0.0010608151787891984, 0.010448625311255455, 0.002746900776401162, 0.00037263770354911685, 0.0003514382697176188]",null,"[1.0, 0.0, 0.0]",True,YALAN,UYARI,False,False,2512.4702000175603,"{""K1_input_and_readiness"": 0.03819999983534217, ""K7_context"": 0.001500011421740055, ""K1_normalization"": 0.007800001185387373, ""K6_advisory"": 35.10639996966347, ""K1_intent"": 0.0467000063508749, ""K2_retrieval"": 203.0390999861993, ""K3_reranker"": 2261.481699999422, ""K8_weighted_ranking"": 1.5152000123634934, ""K3_candidate_filters"": 7.110600010491908, ""K9_advisory_consensus"": 0.007499998901039362, ""K4_nli_and_bypass_check"": 0.34739996772259474, ""K5_decision"": 0.3373000072315335}",14578
FACTURK-0338,YALAN,"[8347, 15787, 9150, 23508, 1701, 15473, 25598, 19258, 29445, 11479, 28404, 23576, 26662, 487, 25225, 27894, 23826, 17721, 8685, 24184]","[0.20386597514152527, 0.0009927261853590608, 0.007846239022910595, 0.005040702875703573, 0.08882029354572296, 1.922317096614279e-05, 0.00018093574908562005, 0.003510648850351572, 1.6442494597868063e-05, 0.0003366621967870742, 2.265035072923638e-05, 0.007665874902158976, 1.922317096614279e-05, 0.0003406293108128011, 0.0002959570847451687, 0.00026323829661123455, 0.00043904531048610806, 0.00978387612849474, 0.026506125926971436, 0.0005172813544049859]","[0.0008808709681034088, 0.06650372594594955, 0.9326153993606567]","[0.0008808709681034088, 0.06650372594594955, 0.9326153993606567]",False,DOĞRU,ONAY,False,False,3157.3438000050373,"{""K1_input_and_readiness"": 0.06350001785904169, ""K7_context"": 0.001600012183189392, ""K1_normalization"": 0.010800024028867483, ""K6_advisory"": 35.387699957937, ""K1_intent"": 0.039700011257082224, ""K2_retrieval"": 235.28819996863604, ""K3_reranker"": 2836.403799999971, ""K8_weighted_ranking"": 1.0975999757647514, ""K3_candidate_filters"": 6.751600012648851, ""K9_advisory_consensus"": 0.008200004231184721, ""K4_nli_and_bypass_check"": 38.21630001766607, ""K5_decision"": 0.424400030169636}",8347
FACTURK-0339,DOĞRU,"[26958, 29632, 635, 14027, 22738, 21400, 19561, 22854, 23512, 5267, 17711, 23344, 3971, 25515, 25041, 21165, 24849, 28795, 6743, 20867]","[0.011201213113963604, 3.0479141059913673e-05, 0.059866417199373245, 0.0017342078499495983, 0.016914913430809975, 0.0018748616566881537, 0.0006986756343394518, 0.0004205874283798039, 0.00011591933434829116, 0.020567094907164574, 0.0014437558129429817, 0.00025514140725135803, 0.0020111582707613707, 0.0040543340146541595, 0.00010229986219201237, 0.00043055712012574077, 0.0009217804181389511, 0.0026522595435380936, 0.08882029354572296, 0.07211220264434814]","[0.0002031682088272646, 0.9996299743652344, 0.00016685787704773247]","[0.0002031682088272646, 0.9996299743652344, 0.00016685787704773247]",False,YALAN,UYARI,False,False,5644.072399998549,"{""K1_input_and_readiness"": 0.08769996929913759, ""K7_context"": 0.001800013706088066, ""K1_normalization"": 0.027499976567924023, ""K6_advisory"": 37.14230004698038, ""K1_intent"": 0.05790003342553973, ""K2_retrieval"": 308.2192000001669, ""K3_reranker"": 3599.4171999627724, ""K8_weighted_ranking"": 1.2882000301033258, ""K3_candidate_filters"": 6.393799965735525, ""K9_advisory_consensus"": 0.006599992047995329, ""K4_nli_and_bypass_check"": 914.5171000272967, ""K5_decision"": 772.6981000159867}",635
FACTURK-0340,YALAN,"[6352, 12551, 23686, 8990, 11498, 14909, 20929, 20460, 7324, 23842, 6286, 10518, 20927, 3915, 5962, 27977, 16866, 22428, 28109, 13705]","[0.0015916259726509452, 0.00851130299270153, 0.001085944357328117, 0.3361131250858307, 0.00010472556459717453, 0.02364434115588665, 0.0002780309587251395, 0.008711384609341621, 1.6187581422855146e-05, 0.0005636750720441341, 0.24166831374168396, 0.0005072812782600522, 0.0007208379684016109, 0.0006771942134946585, 0.00854433048516512, 1.593661909282673e-05, 5.605828482657671e-05, 1.6314539607265033e-05, 1.6061610949691385e-05, 0.018264278769493103]","[0.00035056020715273917, 0.999450147151947, 0.0001992500328924507]","[0.00035056020715273917, 0.999450147151947, 0.0001992500328924507]",False,YETERSİZ VERİ,RET,True,False,3373.5885999631137,"{""K1_input_and_readiness"": 0.04569999873638153, ""K7_context"": 0.001500011421740055, ""K1_normalization"": 0.008100003469735384, ""K6_advisory"": 35.036200017202646, ""K1_intent"": 0.03819999983534217, ""K2_retrieval"": 238.24460001196712, ""K3_reranker"": 2565.7635999959894, ""K8_weighted_ranking"": 2.3237999994307756, ""K3_candidate_filters"": 7.668900012504309, ""K9_advisory_consensus"": 0.008600007276982069, ""K4_nli_and_bypass_check"": 286.63510002661496, ""K5_decision"": 233.6982000269927}",8990
FACTURK-0341,DOĞRU,"[6564, 15078, 14378, 28760, 5384, 25331, 22050, 6683, 15134, 25597, 16567, 2959, 495, 19125, 16728, 8152, 27711, 23556, 16612, 28901]","[3.8229114579735324e-05, 1.8200149497715756e-05, 0.00043224150431342423, 0.0005636750720441341, 0.005080036818981171, 1.6187581422855146e-05, 0.029145970940589905, 0.06255973130464554, 0.00013135180051904172, 6.014152313582599e-05, 0.0020111582707613707, 0.002140589291229844, 0.03494669869542122, 1.9073577277595177e-05, 2.4682904040673748e-05, 1.6442494597868063e-05, 0.0011695103021338582, 2.318747829122003e-05, 4.683888619183563e-05, 1.6061610949691385e-05]","[0.034294068813323975, 0.8565757870674133, 0.10913006216287613]","[0.034294068813323975, 0.8565757870674133, 0.10913006216287613]",False,YETERSİZ VERİ,RET,True,False,2939.7436000290327,"{""K1_input_and_readiness"": 0.07050001295283437, ""K7_context"": 0.0025999615900218487, ""K1_normalization"": 0.01580000389367342, ""K6_advisory"": 39.313499990385026, ""K1_intent"": 0.06450002547353506, ""K2_retrieval"": 242.3111000098288, ""K3_reranker"": 2094.688299985137, ""K8_weighted_ranking"": 1.0512999724596739, ""K3_candidate_filters"": 5.423900031019002, ""K9_advisory_consensus"": 0.005500041879713535, ""K4_nli_and_bypass_check"": 266.931599995587, ""K5_decision"": 286.1716999905184}",2959
FACTURK-0342,YALAN,"[19999, 12395, 9141, 13938, 25883, 2823, 6269, 22301, 28998, 5011, 25375, 8265, 11624, 5498, 891, 8374, 8236, 684, 29723, 15955]","[0.8781053423881531, 0.10762491822242737, 0.0003569706459529698, 7.722192094661295e-05, 0.0005484792054630816, 1.7097478121286258e-05, 1.6442494597868063e-05, 0.0003500686143524945, 0.00015236754552461207, 0.003635808825492859, 2.93115390377352e-05, 0.00024536947603337467, 1.6314539607265033e-05, 0.00011235327838221565, 0.0002234163403045386, 4.101373633602634e-05, 0.002074867021292448, 0.00040765260928310454, 0.0006411777576431632, 2.7969301299890503e-05]","[0.001474627642892301, 0.013297411613166332, 0.9852279424667358]","[0.001474627642892301, 0.013297411613166332, 0.9852279424667358]",False,DOĞRU,ONAY,False,False,4050.174000032712,"{""K1_input_and_readiness"": 0.0722000258974731, ""K7_context"": 0.00200001522898674, ""K1_normalization"": 0.017099955584853888, ""K6_advisory"": 34.720800002105534, ""K1_intent"": 0.04680000711232424, ""K2_retrieval"": 234.88519998500124, ""K3_reranker"": 3296.020200010389, ""K8_weighted_ranking"": 1.6546999686397612, ""K3_candidate_filters"": 6.560000008903444, ""K9_advisory_consensus"": 0.006900052540004253, ""K4_nli_and_bypass_check"": 288.1354999844916, ""K5_decision"": 184.50780003331602}",19999
FACTURK-0343,YALAN,"[13036, 13084, 8778, 12611, 19072, 20025, 7867, 8819, 9130, 24475, 8892, 16824, 6084, 30194, 608, 16935, 3318, 6270, 16169, 22454]","[0.17286890745162964, 8.415108459303156e-05, 0.060640547424554825, 0.2041831612586975, 0.0010122860549017787, 0.005119676236063242, 0.1489114761352539, 3.4537253668531775e-05, 0.0001686527393758297, 0.10105590522289276, 0.006615392863750458, 1.6187581422855146e-05, 0.001674399245530367, 0.0006214630557224154, 0.0035243413876742125, 0.5390439033508301, 0.01805533468723297, 0.003991728648543358, 0.7229183912277222, 0.009633651934564114]","[0.6057102680206299, 0.032003115862607956, 0.36228659749031067]","[0.6057102680206299, 0.032003115862607956, 0.36228659749031067]",False,YALAN,UYARI,False,False,3192.6457000081427,"{""K1_input_and_readiness"": 0.06340001709759235, ""K7_context"": 0.001900014467537403, ""K1_normalization"": 0.011400028597563505, ""K6_advisory"": 36.87690000515431, ""K1_intent"": 0.051799986977130175, ""K2_retrieval"": 224.79190002195537, ""K3_reranker"": 2168.0032999720424, ""K8_weighted_ranking"": 1.1205000337213278, ""K3_candidate_filters"": 5.8812000206671655, ""K9_advisory_consensus"": 0.006199989002197981, ""K4_nli_and_bypass_check"": 354.2136999894865, ""K5_decision"": 397.44950004387647}",16169
FACTURK-0344,DOĞRU,"[21953, 24245, 25721, 9565, 18787, 30295, 4425, 7708, 2561, 22341, 14770, 16603, 29355, 29054, 22776, 9045, 18563, 8513, 3861, 17916]","[0.9997507929801941, 0.017917344346642494, 0.030444350093603134, 0.023153411224484444, 0.020527787506580353, 0.027066174894571304, 0.0019570167642086744, 0.0005658799782395363, 0.0009075025445781648, 0.002736221067607403, 0.03079216741025448, 3.1201914680423215e-05, 1.6061610949691385e-05, 0.004538431763648987, 1.6061610949691385e-05, 1.6061610949691385e-05, 1.6187581422855146e-05, 1.6964426322374493e-05, 1.6187581422855146e-05, 0.010288300924003124]","[0.994281530380249, 0.003571528010070324, 0.00214706314727664]","[0.994281530380249, 0.003571528010070324, 0.00214706314727664]",False,YALAN,RED,False,False,4891.285400022753,"{""K1_input_and_readiness"": 0.10959996143355966, ""K7_context"": 0.002700020559132099, ""K1_normalization"": 0.021599989850074053, ""K6_advisory"": 38.75459998380393, ""K1_intent"": 0.07109995931386948, ""K2_retrieval"": 269.68219998525456, ""K3_reranker"": 4305.055400007404, ""K8_weighted_ranking"": 1.333200023509562, ""K3_candidate_filters"": 6.633799988776445, ""K9_advisory_consensus"": 0.007299997378140688, ""K4_nli_and_bypass_check"": 205.85709996521473, ""K5_decision"": 60.29809999745339}",21953
FACTURK-0345,DOĞRU,"[16807, 16665, 25295, 4659, 17170, 11250, 18508, 4710, 9421, 27949, 28848, 9150, 2219, 3486, 2623, 888, 14631, 23026, 20911, 25840]","[0.2091464400291443, 0.000638679601252079, 0.01815951056778431, 7.9673009167891e-05, 5.783766391687095e-05, 0.0006693099858239293, 0.0005316132446750998, 0.1678997427225113, 0.004538431763648987, 0.004867417272180319, 0.00016346470511052758, 0.5874698758125305, 5.920916373725049e-05, 0.008412977680563927, 0.0008727670647203922, 0.00021654405281879008, 0.6256668567657471, 0.001512938179075718, 0.0014607495395466685, 0.019681409001350403]","[0.0007499345811083913, 0.9954372048377991, 0.0038128281012177467]","[0.0007499345811083913, 0.9954372048377991, 0.0038128281012177467]",False,YETERSİZ VERİ,RET,True,False,4001.4161999570206,"{""K1_input_and_readiness"": 0.057299970649182796, ""K7_context"": 0.001900014467537403, ""K1_normalization"": 0.011299969628453255, ""K6_advisory"": 37.067500001285225, ""K1_intent"": 0.04529999569058418, ""K2_retrieval"": 261.52870000805706, ""K3_reranker"": 2316.985499986913, ""K8_weighted_ranking"": 1.3688000035472214, ""K3_candidate_filters"": 6.6835000179708, ""K9_advisory_consensus"": 0.006999995093792677, ""K4_nli_and_bypass_check"": 652.7100999956019, ""K5_decision"": 721.5609999839216}",9150
FACTURK-0346,YALAN,"[3246, 11555, 17883, 4225, 3327, 29557, 21071, 10557, 6376, 9796, 19808, 12522, 2036, 2652, 10692, 14805, 13160, 27480, 24529, 2683]","[0.9698426127433777, 0.004451041109859943, 0.0016549242427572608, 0.000682501879055053, 7.602479308843613e-05, 3.734356869244948e-05, 0.0024343819823116064, 0.0001740054285619408, 0.0005953406798653305, 1.6061610949691385e-05, 0.004943688865751028, 1.8631746570463292e-05, 2.0785171727766283e-05, 5.225226777838543e-05, 0.0021074723917990923, 0.003664220217615366, 1.6314539607265033e-05, 0.0001387341326335445, 1.67014204635052e-05, 1.67014204635052e-05]",null,"[1.0, 0.0, 0.0]",True,YALAN,UYARI,False,False,3427.009499981068,"{""K1_input_and_readiness"": 0.0523999915458262, ""K7_context"": 0.003100023604929447, ""K1_normalization"": 0.016900012269616127, ""K6_advisory"": 36.74539999337867, ""K1_intent"": 0.0521000474691391, ""K2_retrieval"": 250.41309994412586, ""K3_reranker"": 3128.139699983876, ""K8_weighted_ranking"": 1.1560000129975379, ""K3_candidate_filters"": 6.169500004034489, ""K9_advisory_consensus"": 0.007499998901039362, ""K4_nli_and_bypass_check"": 0.30940002761781216, ""K5_decision"": 0.3714999766089022}",3246
FACTURK-0347,DOĞRU,"[4119, 11919, 3399, 635, 11549, 1480, 23709, 3213, 26851, 11069, 25537, 19933, 24621, 8602, 25178, 25228, 12217, 28344, 30100, 14012]","[1.9373936083866283e-05, 3.095910506090149e-05, 0.001622967072762549, 0.002934951800853014, 0.00041731575038284063, 0.0012448433553799987, 1.6187581422855146e-05, 0.0004728544445242733, 0.002736221067607403, 0.00025315635139122605, 0.000159678646014072, 1.6442494597868063e-05, 0.00012053649697918445, 0.0019192374311387539, 7.543320680269971e-05, 1.967902426258661e-05, 8.284655632451177e-05, 6.60521473037079e-05, 4.1335399146191776e-05, 9.461262379772961e-05]","[0.0021670195274055004, 0.9903033375740051, 0.007529677823185921]","[0.0021670195274055004, 0.9903033375740051, 0.007529677823185921]",False,YALAN,UYARI,False,False,3934.303499991074,"{""K1_input_and_readiness"": 0.08530000923201442, ""K7_context"": 0.001600012183189392, ""K1_normalization"": 0.013399985618889332, ""K6_advisory"": 36.24689998105168, ""K1_intent"": 0.06280001252889633, ""K2_retrieval"": 276.5627999906428, ""K3_reranker"": 3524.2701999959536, ""K8_weighted_ranking"": 1.4504999853670597, ""K3_candidate_filters"": 6.9560999982059, ""K9_advisory_consensus"": 0.006799993570894003, ""K4_nli_and_bypass_check"": 84.98610003152862, ""K5_decision"": 0.20910002058371902}",635
FACTURK-0348,DOĞRU,"[9120, 10072, 17587, 24955, 25000, 24615, 13246, 5316, 296, 22337, 17195, 2273, 17571, 28959, 935, 17984, 7423, 28640, 5087, 14597]","[0.004038591403514147, 6.657015910604969e-05, 0.01901443488895893, 2.0785171727766283e-05, 0.00021485926117748022, 2.4876489987946115e-05, 2.318747829122003e-05, 0.0005152657395228744, 3.071818719035946e-05, 7.843789353501052e-05, 3.535625000949949e-05, 0.0005506247980520129, 0.0012255674228072166, 3.975192521465942e-05, 3.7931622500764206e-05, 0.0360160693526268, 0.01678548939526081, 0.012673736549913883, 0.004485794343054295, 0.0003654328465927392]","[0.003131141187623143, 0.9956333041191101, 0.0012355243088677526]","[0.003131141187623143, 0.9956333041191101, 0.0012355243088677526]",False,YALAN,UYARI,False,False,4773.2338000205345,"{""K1_input_and_readiness"": 0.06769999163225293, ""K7_context"": 0.001600012183189392, ""K1_normalization"": 0.011199968867003918, ""K6_advisory"": 36.65990004083142, ""K1_intent"": 0.0496999709866941, ""K2_retrieval"": 263.7290999991819, ""K3_reranker"": 2496.7059000045992, ""K8_weighted_ranking"": 2.3360999766737223, ""K3_candidate_filters"": 10.862399998586625, ""K9_advisory_consensus"": 0.01309998333454132, ""K4_nli_and_bypass_check"": 1094.1025000065565, ""K5_decision"": 865.1939000119455}",17984
FACTURK-0349,DOĞRU,"[4517, 25291, 22493, 9965, 13292, 6585, 7560, 5536, 20604, 29908, 14370, 19743, 18426, 13388, 17491, 25505, 2860, 26044, 4293, 5362]","[0.18403315544128418, 0.01609087362885475, 0.003350423648953438, 0.008813166059553623, 0.04107588902115822, 0.022457052022218704, 0.022586042061448097, 0.0768222063779831, 0.04054073989391327, 0.002463006880134344, 9.17019642656669e-05, 0.0005592909292317927, 0.009055263362824917, 0.031439851969480515, 0.010328153148293495, 5.02506154589355e-05, 0.0017007222631946206, 0.008813166059553623, 0.011029469780623913, 0.0018102108733728528]","[0.007543434388935566, 0.8728225827217102, 0.11963394284248352]","[0.007543434388935566, 0.8728225827217102, 0.11963394284248352]",False,YALAN,RED,False,False,4410.509800014552,"{""K1_input_and_readiness"": 0.07569999434053898, ""K7_context"": 0.001900014467537403, ""K1_normalization"": 0.012399978004395962, ""K6_advisory"": 36.11709998222068, ""K1_intent"": 0.03470003139227629, ""K2_retrieval"": 254.95490001048893, ""K3_reranker"": 3065.646299975924, ""K8_weighted_ranking"": 1.7726999940350652, ""K3_candidate_filters"": 7.02279998222366, ""K9_advisory_consensus"": 0.006799993570894003, ""K4_nli_and_bypass_check"": 594.6940999710932, ""K5_decision"": 446.64179999381304}",6585
FACTURK-0350,DOĞRU,"[15473, 26662, 28404, 5168, 9169, 23372, 1497, 1782, 8213, 24842, 23087, 1970, 26315, 19156, 1769, 11546, 10164, 29518, 3312, 25537]","[0.001299427472986281, 0.003765413537621498, 0.00034196203341707587, 0.0006905414629727602, 0.0006000071880407631, 0.0020507434383034706, 0.0005053045460954309, 0.010368157178163528, 0.002453428227454424, 1.683241134742275e-05, 1.67014204635052e-05, 0.009303949773311615, 0.00821969285607338, 0.0041179172694683075, 0.007876706309616566, 1.9833367332466878e-05, 0.0005792917218059301, 4.575391358230263e-05, 0.0011695103021338582, 0.010169658809900284]","[0.04343313351273537, 0.9248449206352234, 0.03172190114855766]","[0.04343313351273537, 0.9248449206352234, 0.03172190114855766]",False,YETERSİZ VERİ,RET,True,False,3496.195000014268,"{""K1_input_and_readiness"": 0.06160000339150429, ""K7_context"": 0.001700012944638729, ""K1_normalization"": 0.012599979527294636, ""K6_advisory"": 36.21600003680214, ""K1_intent"": 0.06620003841817379, ""K2_retrieval"": 230.29489995678887, ""K3_reranker"": 2234.739699983038, ""K8_weighted_ranking"": 1.171700016129762, ""K3_candidate_filters"": 6.01079995976761, ""K9_advisory_consensus"": 0.011999974958598614, ""K4_nli_and_bypass_check"": 547.7395000052638, ""K5_decision"": 436.38369999825954}",5168
FACTURK-0351,YALAN,"[28305, 22821, 13420, 9068, 2148, 7278, 1127, 10111, 26312, 27889, 6205, 19128, 17132, 12173, 29565, 8717, 26267, 6437, 27848, 15807]","[0.9919067621231079, 0.18213440477848053, 0.0013670255430042744, 0.0027791904285550117, 0.0002396868512732908, 4.469407213036902e-05, 0.000192602863535285, 0.000539980421308428, 2.6480842279852368e-05, 0.0005930210463702679, 0.00036829791497439146, 1.6314539607265033e-05, 0.0017073675990104675, 0.008916126564145088, 1.8342892872169614e-05, 0.000159678646014072, 0.0015792594058439136, 3.975192521465942e-05, 3.144662332488224e-05, 1.67014204635052e-05]","[0.016764692962169647, 0.01166281197220087, 0.9715725779533386]","[0.016764692962169647, 0.01166281197220087, 0.9715725779533386]",False,DOĞRU,ONAY,False,False,2720.0730000040494,"{""K1_input_and_readiness"": 0.15579996397718787, ""K7_context"": 0.002500019036233425, ""K1_normalization"": 0.015500001609325409, ""K6_advisory"": 36.31170000880957, ""K1_intent"": 0.05759997293353081, ""K2_retrieval"": 220.18850001040846, ""K3_reranker"": 2188.399400038179, ""K8_weighted_ranking"": 1.5064000035636127, ""K3_candidate_filters"": 7.795000041369349, ""K9_advisory_consensus"": 0.008400005754083395, ""K4_nli_and_bypass_check"": 160.87409999454394, ""K5_decision"": 101.67410003487021}",28305
FACTURK-0352,DOĞRU,"[15423, 7912, 25815, 7529, 1083, 16400, 10870, 27441, 3233, 16090, 25875, 27251, 19808, 23656, 21894, 645, 11989, 13098, 18661, 8390]","[0.9999493360519409, 0.05877655744552612, 0.021739594638347626, 0.4433594048023224, 0.12421301752328873, 0.1788124442100525, 0.000638679601252079, 0.9003546833992004, 0.00026530236937105656, 0.23651622235774994, 0.0009399438858963549, 0.0026730059180408716, 0.0009075025445781648, 0.000638679601252079, 0.26798248291015625, 0.010328153148293495, 0.014899643138051033, 0.02753293886780739, 0.03825005888938904, 0.0029464049730449915]","[0.999478280544281, 0.00019324992899782956, 0.00032845124951563776]","[0.999478280544281, 0.00019324992899782956, 0.00032845124951563776]",False,DOĞRU,ONAY,False,False,2780.4449999821372,"{""K1_input_and_readiness"": 0.05310005508363247, ""K7_context"": 0.001300009898841381, ""K1_normalization"": 0.009100011084228754, ""K6_advisory"": 34.782899951096624, ""K1_intent"": 0.05420000525191426, ""K2_retrieval"": 225.03520001191646, ""K3_reranker"": 2189.202000037767, ""K8_weighted_ranking"": 1.4160999562591314, ""K3_candidate_filters"": 7.515600009355694, ""K9_advisory_consensus"": 0.007299997378140688, ""K4_nli_and_bypass_check"": 184.93230000603944, ""K5_decision"": 133.97769996663556}",15423
FACTURK-0353,YALAN,"[10374, 5232, 29899, 10666, 523, 6099, 17087, 12123, 15499, 18579, 10845, 16781, 25421, 28293, 3756, 16753, 6601, 13890, 5632, 2580]","[0.42054012417793274, 1.7231572201126255e-05, 0.0008328334079124033, 0.17624586820602417, 0.0003150386910419911, 0.002757622394710779, 0.0007014083093963563, 2.93115390377352e-05, 0.0005680934991687536, 0.0022606407292187214, 1.6442494597868063e-05, 0.00016474656877107918, 0.0003406293108128011, 2.411113746347837e-05, 1.7231572201126255e-05, 0.000491681566927582, 1.6187581422855146e-05, 1.6187581422855146e-05, 0.001995538594201207, 0.02898062951862812]","[0.013601106591522694, 0.6049823760986328, 0.38141655921936035]","[0.013601106591522694, 0.6049823760986328, 0.38141655921936035]",False,YALAN,RED,False,False,6914.792200026568,"{""K1_input_and_readiness"": 0.08200004231184721, ""K7_context"": 0.001500011421740055, ""K1_normalization"": 0.016000005416572094, ""K6_advisory"": 36.88720002537593, ""K1_intent"": 0.05080003757029772, ""K2_retrieval"": 298.90959995100275, ""K3_reranker"": 3220.608700008597, ""K8_weighted_ranking"": 1.3425999786704779, ""K3_candidate_filters"": 6.856499996501952, ""K9_advisory_consensus"": 0.006499991286545992, ""K4_nli_and_bypass_check"": 1748.5319999977946, ""K5_decision"": 1597.928100032732}",18579
FACTURK-0354,DOĞRU,"[18270, 4442, 27681, 11295, 5800, 24154, 22932, 7930, 28105, 1822, 19683, 4134, 15755, 2117, 10366, 20490, 25289, 20046, 13068, 20227]","[0.9958499670028687, 0.00026738259475678205, 0.002757622394710779, 1.6061610949691385e-05, 0.00019871552649419755, 1.6187581422855146e-05, 2.977311669383198e-05, 3.144662332488224e-05, 0.0009217804181389511, 1.9988918211311102e-05, 0.00043563017970882356, 0.001314724562689662, 3.0479141059913673e-05, 1.6187581422855146e-05, 1.6061610949691385e-05, 1.657145367062185e-05, 0.004773722495883703, 0.00046010586083866656, 1.6061610949691385e-05, 0.0008626077906228602]","[0.9989744424819946, 0.0005849953158758581, 0.00044058659113943577]","[0.9989744424819946, 0.0005849953158758581, 0.00044058659113943577]",False,DOĞRU,ONAY,False,False,3917.7478000056,"{""K1_input_and_readiness"": 0.06559997564181685, ""K7_context"": 0.001700012944638729, ""K1_normalization"": 0.012699980288743973, ""K6_advisory"": 36.781399976462126, ""K1_intent"": 0.05579995922744274, ""K2_retrieval"": 230.22890003630891, ""K3_reranker"": 3293.4701000340283, ""K8_weighted_ranking"": 1.4478000230155885, ""K3_candidate_filters"": 6.655099976342171, ""K9_advisory_consensus"": 0.006499991286545992, ""K4_nli_and_bypass_check"": 217.7648000069894, ""K5_decision"": 127.79260001843795}",18270
FACTURK-0355,DOĞRU,"[20610, 326, 16137, 2020, 22756, 29027, 19078, 12693, 28909, 18679, 16125, 11990, 11489, 18729, 21050, 19466, 3845, 20534, 16340, 18958]","[0.03521113470196724, 0.0007824140484444797, 2.6070309104397893e-05, 0.0014779430348426104, 0.013171950355172157, 2.2125668692751788e-05, 0.3621792793273926, 0.003172682598233223, 7.484622619813308e-05, 2.8409744118107483e-05, 1.6442494597868063e-05, 0.0001387341326335445, 2.449082603561692e-05, 0.011029469780623913, 0.005119676236063242, 0.0034834241960197687, 8.349628478754312e-05, 5.3075080359121785e-05, 3.4808123018592596e-05, 0.0017342078499495983]","[0.001884546596556902, 0.9977136850357056, 0.0004017772735096514]","[0.001884546596556902, 0.9977136850357056, 0.0004017772735096514]",False,YETERSİZ VERİ,RET,True,False,2544.7747000143863,"{""K1_input_and_readiness"": 0.07569999434053898, ""K7_context"": 0.001600012183189392, ""K1_normalization"": 0.01479999627918005, ""K6_advisory"": 36.1278000054881, ""K1_intent"": 0.05470000905916095, ""K2_retrieval"": 275.7905999897048, ""K3_reranker"": 2158.2254999666475, ""K8_weighted_ranking"": 1.1535999947227538, ""K3_candidate_filters"": 5.754800047725439, ""K9_advisory_consensus"": 0.006099988240748644, ""K4_nli_and_bypass_check"": 63.98199999239296, ""K5_decision"": 0.19749999046325684}",19078
FACTURK-0356,YALAN,"[20136, 9120, 12068, 25761, 29403, 9366, 19789, 15787, 6166, 14597, 25180, 10589, 1959, 5122, 22811, 6047, 1302, 5255, 15845, 1280]","[0.05749328061938286, 0.005159622989594936, 0.015306354500353336, 0.013020490296185017, 0.0033766122069209814, 0.001094452221877873, 0.000192602863535285, 0.0006512682302854955, 1.892514956125524e-05, 0.0014550630003213882, 0.002199798123911023, 0.017576882615685463, 0.0029121784027665854, 0.01858215034008026, 0.0004459562187548727, 0.003621685551479459, 1.7917987861437723e-05, 0.0009110511746257544, 0.0008796061738394201, 2.6070309104397893e-05]","[0.0013663911959156394, 0.9971714615821838, 0.001462224405258894]","[0.0013663911959156394, 0.9971714615821838, 0.001462224405258894]",False,YETERSİZ VERİ,RET,True,False,3696.73279998824,"{""K1_input_and_readiness"": 0.0570000265724957, ""K7_context"": 0.001700012944638729, ""K1_normalization"": 0.010700023267418146, ""K6_advisory"": 37.0145000051707, ""K1_intent"": 0.0488999648950994, ""K2_retrieval"": 242.56929999683052, ""K3_reranker"": 2308.8327000150457, ""K8_weighted_ranking"": 1.293000008445233, ""K3_candidate_filters"": 7.330200052820146, ""K9_advisory_consensus"": 0.00790000194683671, ""K4_nli_and_bypass_check"": 628.5362999769859, ""K5_decision"": 467.759000021033}",20136
FACTURK-0357,YALAN,"[9150, 15787, 24963, 18807, 27894, 19827, 25225, 19258, 8137, 3189, 29050, 23030, 24184, 22218, 27696, 11785, 25169, 10117, 11479, 16063]","[0.07185126841068268, 0.004182493779808283, 0.003403005190193653, 1.750292540236842e-05, 0.0019043302163481712, 0.0011559007689356804, 0.0024154833517968655, 0.0020111582707613707, 0.0003625900426413864, 0.0063635739497840405, 0.0026010938454419374, 3.0479141059913673e-05, 3.852893496514298e-05, 0.004264635033905506, 0.0024438868276774883, 1.7640199075685814e-05, 0.00013658353418577462, 1.6964426322374493e-05, 0.00049553596181795, 0.010368157178163528]","[0.001240718411281705, 0.13120593130588531, 0.8675532937049866]","[0.001240718411281705, 0.13120593130588531, 0.8675532937049866]",False,DOĞRU,ONAY,False,False,2707.0178000140004,"{""K1_input_and_readiness"": 0.08169998181983829, ""K7_context"": 0.002700020559132099, ""K1_normalization"": 0.013399985618889332, ""K6_advisory"": 34.07890000380576, ""K1_intent"": 0.03200001083314419, ""K2_retrieval"": 216.0860999720171, ""K3_reranker"": 1773.241999966558, ""K8_weighted_ranking"": 1.3831999967806041, ""K3_candidate_filters"": 7.4754999950528145, ""K9_advisory_consensus"": 0.01680001150816679, ""K4_nli_and_bypass_check"": 357.5262000085786, ""K5_decision"": 313.5795000125654}",9150
FACTURK-0358,YALAN,"[28417, 1499, 1976, 4119, 8602, 14012, 29051, 12666, 10105, 25178, 29479, 4529, 19808, 26244, 16028, 2498, 10005, 20681, 21518, 29038]","[0.00021995337738189846, 0.0007350447704084218, 0.00570803415030241, 0.0005336928297765553, 0.000810387369710952, 0.0015669887652620673, 5.02506154589355e-05, 0.0001956353517016396, 0.0010282108560204506, 3.4537253668531775e-05, 0.0006851712241768837, 0.00010804955672938377, 2.6897845600615256e-05, 8.029783930396661e-05, 0.0009927261853590608, 8.029783930396661e-05, 0.0007208379684016109, 0.0001713081874186173, 1.9525883544702083e-05, 0.0001511819864390418]","[0.006350608076900244, 0.5080639123916626, 0.48558545112609863]","[0.006350608076900244, 0.5080639123916626, 0.48558545112609863]",False,DOĞRU,ONAY,False,False,3907.19870000612,"{""K1_input_and_readiness"": 0.10199996177107096, ""K7_context"": 0.001900014467537403, ""K1_normalization"": 0.018300022929906845, ""K6_advisory"": 36.990599997807294, ""K1_intent"": 0.05730002885684371, ""K2_retrieval"": 322.78149999910966, ""K3_reranker"": 3332.339200016577, ""K8_weighted_ranking"": 1.4235999551601708, ""K3_candidate_filters"": 6.403700041119009, ""K9_advisory_consensus"": 0.007399998139590025, ""K4_nli_and_bypass_check"": 202.67530001001433, ""K5_decision"": 0.48400001833215356}",1976
FACTURK-0359,DOĞRU,"[7741, 25332, 4252, 17835, 16094, 29275, 11431, 15373, 4980, 15314, 179, 3368, 60, 28864, 192, 10459, 25561, 24573, 19538, 21452]","[0.0002959570847451687, 2.1444948288262822e-05, 1.6314539607265033e-05, 3.8831109122838825e-05, 5.694102947018109e-05, 0.0008492455235682428, 1.6187581422855146e-05, 1.67014204635052e-05, 0.0003301527176517993, 2.4876489987946115e-05, 0.0023322340566664934, 1.593661909282673e-05, 1.8200149497715756e-05, 1.6061610949691385e-05, 0.0027791904285550117, 0.0006214630557224154, 1.6061610949691385e-05, 2.030369250860531e-05, 2.229919846286066e-05, 1.6061610949691385e-05]","[0.0068142833188176155, 0.9886856079101562, 0.004500070586800575]","[0.0068142833188176155, 0.9886856079101562, 0.004500070586800575]",False,YETERSİZ VERİ,RET,True,False,3199.9097000225447,"{""K1_input_and_readiness"": 0.0570000265724957, ""K7_context"": 0.008400005754083395, ""K1_normalization"": 0.015700003132224083, ""K6_advisory"": 37.41759998956695, ""K1_intent"": 0.04050001734867692, ""K2_retrieval"": 222.1989000099711, ""K3_reranker"": 2201.126700034365, ""K8_weighted_ranking"": 2.036800025962293, ""K3_candidate_filters"": 7.971799990627915, ""K9_advisory_consensus"": 0.007299997378140688, ""K4_nli_and_bypass_check"": 402.2269999841228, ""K5_decision"": 323.320799972862}",192
FACTURK-0360,DOĞRU,"[5510, 29091, 29612, 25662, 18052, 10796, 26227, 27420, 6443, 14546, 27521, 25537, 15859, 6035, 13843, 8523, 18391, 4586, 12312, 17425]","[0.35644665360450745, 0.9100669622421265, 0.1880255937576294, 0.07864238321781158, 0.7060891389846802, 0.04001227021217346, 0.05023736134171486, 2.2125668692751788e-05, 0.014728614129126072, 0.0013250223128125072, 0.28806814551353455, 0.00034196203341707587, 0.02527489699423313, 0.01711088977754116, 0.010052368976175785, 0.12984344363212585, 0.2839798927307129, 2.732141365413554e-05, 0.000192602863535285, 0.3258422613143921]","[0.9926964044570923, 0.005119178909808397, 0.002184450626373291]","[0.9926964044570923, 0.005119178909808397, 0.002184450626373291]",False,YALAN,RED,False,False,4000.185800017789,"{""K1_input_and_readiness"": 0.043599982745945454, ""K7_context"": 0.001400010660290718, ""K1_normalization"": 0.007399998139590025, ""K6_advisory"": 32.79540000949055, ""K1_intent"": 0.036999990697950125, ""K2_retrieval"": 224.85599998617545, ""K3_reranker"": 3579.6955000259914, ""K8_weighted_ranking"": 1.5717999776825309, ""K3_candidate_filters"": 6.837699969764799, ""K9_advisory_consensus"": 0.00689999433234334, ""K4_nli_and_bypass_check"": 83.27940001618117, ""K5_decision"": 67.3295000451617}",29091
FACTURK-0361,DOĞRU,"[10589, 5122, 4270, 2705, 321, 5659, 3328, 21058, 16421, 926, 5023, 17231, 20202, 10902, 29738, 14806, 12664, 22248, 11195, 22552]","[0.25349122285842896, 0.02630527876317501, 0.13039611279964447, 3.7636447814293206e-05, 0.16899405419826508, 0.017045317217707634, 0.0026419467758387327, 0.0060739340260624886, 0.18097352981567383, 0.003914823289960623, 0.020645929500460625, 0.004348381422460079, 1.6061610949691385e-05, 0.0001344663032796234, 0.020527787506580353, 0.00482972152531147, 0.0028783478774130344, 0.0007702931761741638, 0.003350423648953438, 0.00341627886518836]","[0.8699305653572083, 0.10836872458457947, 0.021700767800211906]","[0.8699305653572083, 0.10836872458457947, 0.021700767800211906]",False,YALAN,UYARI,False,False,3941.156700020656,"{""K1_input_and_readiness"": 0.06839999696239829, ""K7_context"": 0.002300017513334751, ""K1_normalization"": 0.017099955584853888, ""K6_advisory"": 38.570100034121424, ""K1_intent"": 0.05560001591220498, ""K2_retrieval"": 224.34279997833073, ""K3_reranker"": 3015.4487999971025, ""K8_weighted_ranking"": 1.1457999935373664, ""K3_candidate_filters"": 6.211399973835796, ""K9_advisory_consensus"": 0.006999995093792677, ""K4_nli_and_bypass_check"": 339.4488000194542, ""K5_decision"": 311.75499997334555}",10589
FACTURK-0362,DOĞRU,"[1701, 8347, 3189, 19258, 9150, 15787, 487, 3579, 19237, 15848, 25169, 12007, 14525, 27961, 7518, 27219, 15373, 10832, 21556, 13541]","[0.5632578134536743, 0.2718311846256256, 0.8967949151992798, 0.008813166059553623, 0.013689476065337658, 0.0020667945500463247, 0.39041775465011597, 0.013121271505951881, 0.003765413537621498, 0.0011247574584558606, 0.00027372167096473277, 0.001740983803756535, 0.0026522595435380936, 2.4682904040673748e-05, 1.657145367062185e-05, 6.156764720799401e-05, 0.0035518845543265343, 0.007317397277802229, 2.2125668692751788e-05, 0.00821969285607338]","[0.16752949357032776, 0.7158949375152588, 0.11657550185918808]","[0.16752949357032776, 0.7158949375152588, 0.11657550185918808]",False,YALAN,UYARI,False,False,3096.258500008844,"{""K1_input_and_readiness"": 0.04509999416768551, ""K7_context"": 0.001400010660290718, ""K1_normalization"": 0.007599999662488699, ""K6_advisory"": 35.27960000792518, ""K1_intent"": 0.08450000314041972, ""K2_retrieval"": 234.81869994429871, ""K3_reranker"": 2132.205600035377, ""K8_weighted_ranking"": 1.3355999835766852, ""K3_candidate_filters"": 8.13390000257641, ""K9_advisory_consensus"": 0.010600022505968809, ""K4_nli_and_bypass_check"": 368.0590000003576, ""K5_decision"": 312.65899998834357}",3189
FACTURK-0363,YALAN,"[11274, 15495, 15207, 12539, 27017, 18561, 15787, 9150, 8564, 6452, 28266, 29249, 20210, 29474, 12152, 21855, 17362, 10092, 9003, 18468]","[0.06644792854785919, 0.0010202174307778478, 0.002323162741959095, 0.0016613906482234597, 0.009485713206231594, 0.007317397277802229, 2.8632557587116025e-05, 0.0002959570847451687, 0.004867417272180319, 1.6442494597868063e-05, 2.8409744118107483e-05, 1.922317096614279e-05, 4.9086618673754856e-05, 0.003765413537621498, 5.3075080359121785e-05, 0.002387409098446369, 1.6187581422855146e-05, 4.1659583075670525e-05, 0.00013135180051904172, 0.0006851712241768837]","[0.5843372941017151, 0.20176543295383453, 0.2138972282409668]","[0.5843372941017151, 0.20176543295383453, 0.2138972282409668]",False,YALAN,UYARI,False,False,3118.568200035952,"{""K1_input_and_readiness"": 0.052099989261478186, ""K7_context"": 0.001700012944638729, ""K1_normalization"": 0.009500014130026102, ""K6_advisory"": 34.926399996038526, ""K1_intent"": 0.0467000063508749, ""K2_retrieval"": 203.24379997327924, ""K3_reranker"": 2139.4512000260875, ""K8_weighted_ranking"": 1.2475999537855387, ""K3_candidate_filters"": 6.747000035829842, ""K9_advisory_consensus"": 0.007099995855242014, ""K4_nli_and_bypass_check"": 378.19060002220795, ""K5_decision"": 351.3571000075899}",11274
FACTURK-0364,YALAN,"[30362, 28646, 9650, 3772, 26266, 13310, 30005, 11120, 1362, 7836, 12239, 6926, 25775, 22751, 259, 21542, 1413, 16237, 14044, 701]","[0.003930085338652134, 1.6187581422855146e-05, 0.0010608151787891984, 7.543320680269971e-05, 4.400118632474914e-05, 1.9833367332466878e-05, 1.6187581422855146e-05, 0.0005172813544049859, 0.28726768493652344, 0.1511530578136444, 1.6061610949691385e-05, 1.67014204635052e-05, 0.0017961491830646992, 1.683241134742275e-05, 0.0005976693937554955, 0.0014048678567633033, 1.657145367062185e-05, 1.7097478121286258e-05, 0.011072160676121712, 1.6061610949691385e-05]","[0.0011836579069495201, 0.9982039928436279, 0.0006123149069026113]","[0.0011836579069495201, 0.9982039928436279, 0.0006123149069026113]",False,YETERSİZ VERİ,RET,True,False,7341.526600008365,"{""K1_input_and_readiness"": 0.06120000034570694, ""K7_context"": 0.00200001522898674, ""K1_normalization"": 0.011499971151351929, ""K6_advisory"": 34.73449999000877, ""K1_intent"": 0.044199987314641476, ""K2_retrieval"": 259.0790999820456, ""K3_reranker"": 6955.378400045447, ""K8_weighted_ranking"": 1.3975000474601984, ""K3_candidate_filters"": 8.276899985503405, ""K9_advisory_consensus"": 0.008100003469735384, ""K4_nli_and_bypass_check"": 78.30330001888797, ""K5_decision"": 0.22300001000985503}",14044
FACTURK-0365,YALAN,"[3119, 27625, 18468, 7451, 18267, 4331, 9006, 21667, 9366, 26623, 5104, 11509, 9084, 23993, 29757, 17060, 18694, 13143, 18561, 5236]","[0.00360761652700603, 0.00049553596181795, 0.02364434115588665, 0.0011649561347439885, 0.005405900068581104, 0.0003006163169629872, 0.010209054686129093, 0.0005193048855289817, 0.012771867215633392, 3.1941821362124756e-05, 6.761842087144032e-05, 7.905303937150165e-05, 0.0031115086749196053, 1.6314539607265033e-05, 0.005730246659368277, 0.0012943679466843605, 0.047074172645807266, 0.0007495314348489046, 0.049865905195474625, 2.392351052549202e-05]","[0.012249411083757877, 0.9752178192138672, 0.012532833032310009]","[0.012249411083757877, 0.9752178192138672, 0.012532833032310009]",False,YALAN,UYARI,False,False,3204.8306000069715,"{""K1_input_and_readiness"": 0.057800032664090395, ""K7_context"": 0.0017999554984271526, ""K1_normalization"": 0.009500014130026102, ""K6_advisory"": 40.0179999996908, ""K1_intent"": 0.043599982745945454, ""K2_retrieval"": 210.17669996945187, ""K3_reranker"": 2275.1916999695823, ""K8_weighted_ranking"": 2.034400007687509, ""K3_candidate_filters"": 8.26569995842874, ""K9_advisory_consensus"": 0.006799993570894003, ""K4_nli_and_bypass_check"": 367.38559999503195, ""K5_decision"": 298.2388000236824}",18561
FACTURK-0366,DOĞRU,"[23135, 5304, 13080, 11817, 20845, 21399, 490, 8426, 4374, 6256, 27140, 18496, 22954, 7295, 3411, 3917, 20916, 9980, 1094, 8466]","[0.0014437558129429817, 1.6187581422855146e-05, 0.00014653129619546235, 0.00016603845870122313, 1.7097478121286258e-05, 0.0007236572564579546, 1.6964426322374493e-05, 3.8229114579735324e-05, 1.6187581422855146e-05, 0.0004994205664843321, 0.00028685410507023335, 1.6314539607265033e-05, 0.0009326360304839909, 1.6442494597868063e-05, 1.67014204635052e-05, 1.6442494597868063e-05, 1.6187581422855146e-05, 1.6061610949691385e-05, 1.6187581422855146e-05, 0.00046917638974264264]","[0.006568009499460459, 0.9911621809005737, 0.0022698163520544767]","[0.006568009499460459, 0.9911621809005737, 0.0022698163520544767]",False,YETERSİZ VERİ,RET,True,False,4087.8462999826297,"{""K1_input_and_readiness"": 0.05439994856715202, ""K7_context"": 0.001400010660290718, ""K1_normalization"": 0.009400013368576765, ""K6_advisory"": 36.00589995039627, ""K1_intent"": 0.03400002606213093, ""K2_retrieval"": 217.33019995735958, ""K3_reranker"": 2811.121999984607, ""K8_weighted_ranking"": 1.1141999857500196, ""K3_candidate_filters"": 5.9232000494375825, ""K9_advisory_consensus"": 0.006799993570894003, ""K4_nli_and_bypass_check"": 579.6899999841116, ""K5_decision"": 432.8393000178039}",22954
FACTURK-0367,DOĞRU,"[15121, 29337, 12005, 18022, 28357, 14392, 6952, 10700, 19694, 28800, 10626, 18711, 12560, 14179, 15196, 1211, 25811, 1248, 25662, 9463]","[0.007460643537342548, 0.02806073985993862, 0.008577484637498856, 0.001838665222749114, 0.09619516879320145, 0.0002415662893326953, 0.0003077430883422494, 0.013376603834331036, 0.03875619173049927, 0.002693914109840989, 0.0001686527393758297, 0.08181270956993103, 0.0022343622986227274, 4.0694576455280185e-05, 0.001052568550221622, 0.002889581024646759, 0.0008492455235682428, 8.957788668340072e-05, 0.00015356240328401327, 0.003960787784308195]","[0.00033628224628046155, 0.0003837505355477333, 0.9992800354957581]","[0.00033628224628046155, 0.0003837505355477333, 0.9992800354957581]",False,DOĞRU,ONAY,False,False,3894.5761999930255,"{""K1_input_and_readiness"": 0.057399971410632133, ""K7_context"": 0.001600012183189392, ""K1_normalization"": 0.013399985618889332, ""K6_advisory"": 36.59709997009486, ""K1_intent"": 0.04880002234131098, ""K2_retrieval"": 247.08040000405163, ""K3_reranker"": 3564.004600048065, ""K8_weighted_ranking"": 1.2102000182494521, ""K3_candidate_filters"": 6.018100015353411, ""K9_advisory_consensus"": 0.009300012607127428, ""K4_nli_and_bypass_check"": 35.93209997052327, ""K5_decision"": 0.3244999679736793}",15121
FACTURK-0368,DOĞRU,"[24662, 17637, 4172, 8424, 18108, 27200, 18564, 11459, 2998, 21983, 29678, 4076, 12813, 14448, 1734, 1351, 1872, 20267, 5583, 24033]","[0.9972637891769409, 0.009196552447974682, 0.05634009838104248, 0.006692850962281227, 0.01737566478550434, 0.000337979436153546, 0.00021654405281879008, 0.0443485826253891, 0.007725534029304981, 0.003285833168774843, 1.7778551409719512e-05, 0.018653521314263344, 0.00010229986219201237, 0.0013670255430042744, 1.657145367062185e-05, 0.002251847181469202, 0.0005112579092383385, 7.254361844388768e-05, 1.6442494597868063e-05, 0.014899643138051033]","[0.9989898800849915, 0.00031055157887749374, 0.0006994905415922403]","[0.9989898800849915, 0.00031055157887749374, 0.0006994905415922403]",False,YALAN,RED,False,False,3878.830800007563,"{""K1_input_and_readiness"": 0.06930000381544232, ""K7_context"": 0.001300009898841381, ""K1_normalization"": 0.010100018698722124, ""K6_advisory"": 36.36430000187829, ""K1_intent"": 0.03570003900676966, ""K2_retrieval"": 207.7537999721244, ""K3_reranker"": 3291.9394000200555, ""K8_weighted_ranking"": 1.51859998004511, ""K3_candidate_filters"": 7.161799992900342, ""K9_advisory_consensus"": 0.008000002708286047, ""K4_nli_and_bypass_check"": 196.8073999742046, ""K5_decision"": 133.37229995522648}",24662
FACTURK-0369,YALAN,"[9259, 9150, 23757, 4257, 5659, 21066, 27696, 16063, 28745, 29881, 27629, 23686, 10243, 15684, 26748, 14277, 10832, 23576, 30163, 22268]","[0.2590751051902771, 0.03468417376279831, 0.0029235428664833307, 0.8166989684104919, 0.03594832494854927, 0.0060739340260624886, 0.023689469322562218, 0.09025323390960693, 0.09268777817487717, 0.3928608000278473, 0.0003583672805689275, 0.001069126301445067, 0.11676400154829025, 0.013955709524452686, 0.13006426393985748, 0.0140095679089427, 0.0012743262341246009, 0.0938439592719078, 0.0009436192340217531, 0.3353508412837982]","[0.4271209239959717, 0.4487181305885315, 0.12416087836027145]","[0.4271209239959717, 0.4487181305885315, 0.12416087836027145]",False,YALAN,UYARI,False,False,2998.546799994074,"{""K1_input_and_readiness"": 0.06369996117427945, ""K7_context"": 0.001900014467537403, ""K1_normalization"": 0.01109996810555458, ""K6_advisory"": 35.439300001598895, ""K1_intent"": 0.05600001895800233, ""K2_retrieval"": 247.11900000693277, ""K3_reranker"": 2260.5700999847613, ""K8_weighted_ranking"": 1.2419999693520367, ""K3_candidate_filters"": 7.119000016245991, ""K9_advisory_consensus"": 0.00790000194683671, ""K4_nli_and_bypass_check"": 264.0092000365257, ""K5_decision"": 178.15759999211878}",4257
FACTURK-0370,DOĞRU,"[14216, 10733, 4884, 5890, 16157, 8208, 10849, 26855, 24056, 25743, 14815, 8549, 26112, 18901, 17876, 9916, 26228, 2539, 24955, 25646]","[0.08464395254850388, 5.5622065701754764e-05, 0.0004494523163884878, 0.0002434604539303109, 0.0004747042548842728, 5.518923353520222e-05, 4.434627408045344e-05, 2.526822754589375e-05, 0.0001673405058681965, 1.967902426258661e-05, 1.6314539607265033e-05, 1.6314539607265033e-05, 0.018124720081686974, 0.0010733063099905849, 1.6187581422855146e-05, 0.02595735713839531, 2.0623421733034775e-05, 0.002225670963525772, 1.6187581422855146e-05, 5.34913269802928e-05]","[0.0005434997729025781, 0.997776210308075, 0.0016802448080852628]","[0.0005434997729025781, 0.997776210308075, 0.0016802448080852628]",False,YETERSİZ VERİ,RET,True,False,2994.061699951999,"{""K1_input_and_readiness"": 0.07050001295283437, ""K7_context"": 0.002200016751885414, ""K1_normalization"": 0.012999982573091984, ""K6_advisory"": 39.295799972023815, ""K1_intent"": 0.08889997843652964, ""K2_retrieval"": 246.3780000107363, ""K3_reranker"": 2551.1701999930665, ""K8_weighted_ranking"": 1.1999999987892807, ""K3_candidate_filters"": 5.947300000116229, ""K9_advisory_consensus"": 0.006699992809444666, ""K4_nli_and_bypass_check"": 146.0369999986142, ""K5_decision"": 0.23989996407181025}",26228
FACTURK-0371,DOĞRU,"[25009, 8436, 25577, 4452, 12092, 14163, 29800, 9515, 17702, 21947, 16466, 2562, 27847, 1365, 17593, 18481, 6085, 5132, 23726, 17696]","[0.9931495785713196, 0.01829933375120163, 0.0011740821646526456, 2.93115390377352e-05, 0.0002234163403045386, 0.0001823546044761315, 0.0008040859247557819, 0.0007613258203491569, 0.000317508791340515, 0.0034429810475558043, 2.7751651941798627e-05, 0.000191104321856983, 0.0004765612829942256, 0.00019716942915692925, 1.6061610949691385e-05, 1.6442494597868063e-05, 1.6314539607265033e-05, 0.004231587518006563, 6.657015910604969e-05, 1.6314539607265033e-05]","[0.006112938281148672, 0.9935639500617981, 0.00032307973015122116]","[0.006112938281148672, 0.9935639500617981, 0.00032307973015122116]",False,YETERSİZ VERİ,RET,True,False,3422.2958000027575,"{""K1_input_and_readiness"": 0.09300000965595245, ""K7_context"": 0.001900014467537403, ""K1_normalization"": 0.018600025214254856, ""K6_advisory"": 40.09510000469163, ""K1_intent"": 0.07070001447573304, ""K2_retrieval"": 276.3474999810569, ""K3_reranker"": 2591.8158999993466, ""K8_weighted_ranking"": 1.4823000528849661, ""K3_candidate_filters"": 7.48510000994429, ""K9_advisory_consensus"": 0.008699949830770493, ""K4_nli_and_bypass_check"": 332.92850002180785, ""K5_decision"": 167.63130004983395}",25009
FACTURK-0372,DOĞRU,"[9150, 19405, 28791, 25098, 25225, 15787, 4452, 25178, 9507, 11169, 28493, 25169, 11778, 27894, 1374, 2858, 8347, 16056, 10950, 8685]","[0.008916126564145088, 1.7917987861437723e-05, 6.868317723274231e-05, 0.007636216934770346, 0.00172745855525136, 0.000503335555549711, 8.029783930396661e-05, 0.0022872276604175568, 0.0025509123224765062, 0.00018814207578543574, 4.832564081880264e-05, 0.000661517377011478, 0.012241275049746037, 0.0002131875662598759, 8.682210318511352e-05, 5.649793456541374e-05, 0.01784873753786087, 0.0030278346966952085, 4.2647468944778666e-05, 0.0009697519708424807]","[0.004843009635806084, 0.9316402673721313, 0.06351675093173981]","[0.004843009635806084, 0.9316402673721313, 0.06351675093173981]",False,YALAN,UYARI,False,False,2543.2736999937333,"{""K1_input_and_readiness"": 0.08610001532360911, ""K7_context"": 0.001800013706088066, ""K1_normalization"": 0.013199984095990658, ""K6_advisory"": 36.510500009171665, ""K1_intent"": 0.05029997555539012, ""K2_retrieval"": 220.62919999007136, ""K3_reranker"": 2212.5266000512056, ""K8_weighted_ranking"": 1.3696000096388161, ""K3_candidate_filters"": 7.658099988475442, ""K9_advisory_consensus"": 0.0171000137925148, ""K4_nli_and_bypass_check"": 60.81660004565492, ""K5_decision"": 0.38809998659417033}",8347
FACTURK-0373,YALAN,"[5280, 8897, 10401, 30034, 6599, 15107, 10376, 10658, 13973, 12587, 29700, 6047, 19156, 5996, 15970, 12296, 11628, 15229, 20402, 18732]","[0.020924191921949387, 0.0333368256688118, 1.9525883544702083e-05, 0.0001713081874186173, 3.426849070820026e-05, 5.433364276541397e-05, 0.0002251682453788817, 0.00524044968187809, 0.0007124459953047335, 0.008030813187360764, 4.298194107832387e-05, 0.00022167809947859496, 0.00011774459562730044, 1.8631746570463292e-05, 1.657145367062185e-05, 0.003991728648543358, 2.318747829122003e-05, 2.392351052549202e-05, 2.0785171727766283e-05, 0.041852131485939026]","[0.0033493777737021446, 0.9759509563446045, 0.020699677988886833]","[0.0033493777737021446, 0.9759509563446045, 0.020699677988886833]",False,YETERSİZ VERİ,RET,True,False,6275.39829997113,"{""K1_input_and_readiness"": 0.05639996379613876, ""K7_context"": 0.001700012944638729, ""K1_normalization"": 0.021899992134422064, ""K6_advisory"": 38.46189996693283, ""K1_intent"": 0.057299970649182796, ""K2_retrieval"": 252.23270000424236, ""K3_reranker"": 3589.9250999791548, ""K8_weighted_ranking"": 1.3266000314615667, ""K3_candidate_filters"": 6.761100026778877, ""K9_advisory_consensus"": 0.017499958630651236, ""K4_nli_and_bypass_check"": 1265.3975000139326, ""K5_decision"": 1116.7925000190735}",18732
FACTURK-0374,DOĞRU,"[15293, 10733, 29838, 8740, 27097, 6193, 30136, 26872, 27522, 8377, 26825, 25537, 18975, 24479, 8236, 14830, 22811, 9959, 3579, 2720]","[7.662102143513039e-05, 0.0002415662893326953, 0.0022170129232108593, 1.805851934477687e-05, 0.0001511819864390418, 2.094818773912266e-05, 0.00012533752305898815, 1.6314539607265033e-05, 1.750292540236842e-05, 3.975192521465942e-05, 1.750292540236842e-05, 0.00021152888075448573, 1.6187581422855146e-05, 2.6070309104397893e-05, 1.6187581422855146e-05, 1.657145367062185e-05, 1.6314539607265033e-05, 1.6314539607265033e-05, 4.870464181294665e-05, 1.6061610949691385e-05]","[0.0014093160862103105, 0.9970325231552124, 0.0015581812476739287]","[0.0014093160862103105, 0.9970325231552124, 0.0015581812476739287]",False,YALAN,UYARI,False,False,3291.046100028325,"{""K1_input_and_readiness"": 0.09009998757392168, ""K7_context"": 0.001700012944638729, ""K1_normalization"": 0.010499963536858559, ""K6_advisory"": 36.23899997910485, ""K1_intent"": 0.040000013541430235, ""K2_retrieval"": 229.04149995883927, ""K3_reranker"": 2171.2320999940857, ""K8_weighted_ranking"": 2.288700023200363, ""K3_candidate_filters"": 11.468000011518598, ""K9_advisory_consensus"": 0.013199984095990658, ""K4_nli_and_bypass_check"": 466.1712000379339, ""K5_decision"": 370.9626999916509}",27097
FACTURK-0375,YALAN,"[13949, 12272, 15731, 18894, 20433, 1347, 25443, 10884, 24334, 1796, 27584, 4425, 15533, 5083, 14070, 19194, 5358, 8721, 5199, 24794]","[0.021948253735899925, 3.7931622500764206e-05, 0.01590639166533947, 0.004331501666456461, 0.017442485317587852, 0.009936418384313583, 0.007907291874289513, 0.0010242064017802477, 0.006413164082914591, 0.002182716503739357, 0.00029365462251007557, 0.015365341678261757, 0.023153411224484444, 0.00044770087697543204, 0.0005378763889893889, 0.003579642390832305, 0.029035642743110657, 0.0007672924548387527, 0.00025714197545312345, 0.002992665395140648]","[0.011191298253834248, 0.7526524662971497, 0.23615621030330658]","[0.011191298253834248, 0.7526524662971497, 0.23615621030330658]",False,YETERSİZ VERİ,RET,True,False,2901.463699992746,"{""K1_input_and_readiness"": 0.05370000144466758, ""K7_context"": 0.001600012183189392, ""K1_normalization"": 0.011300027836114168, ""K6_advisory"": 33.97659998154268, ""K1_intent"": 0.0371999922208488, ""K2_retrieval"": 213.63930002553388, ""K3_reranker"": 1797.222100023646, ""K8_weighted_ranking"": 1.1301999911665916, ""K3_candidate_filters"": 6.405899999663234, ""K9_advisory_consensus"": 0.007499998901039362, ""K4_nli_and_bypass_check"": 462.8066000295803, ""K5_decision"": 382.4908999959007}",4425
FACTURK-0376,DOĞRU,"[24714, 23029, 15129, 20933, 25162, 25178, 2719, 5799, 25525, 6369, 17382, 29729, 23475, 7496, 15647, 3624, 3664, 24319, 13077, 29051]","[0.0013993984321132302, 1.6442494597868063e-05, 0.0003150386910419911, 0.00012339458044152707, 0.00018093574908562005, 1.657145367062185e-05, 0.00014653129619546235, 0.00010720880527514964, 1.6964426322374493e-05, 8.957788668340072e-05, 2.265035072923638e-05, 0.0001686527393758297, 2.5071596610359848e-05, 0.0014779430348426104, 2.3737338779028505e-05, 2.6688529032981023e-05, 0.002058753278106451, 1.6442494597868063e-05, 1.6442494597868063e-05, 1.6061610949691385e-05]","[0.0025579575449228287, 0.009004010818898678, 0.9884379506111145]","[0.0025579575449228287, 0.009004010818898678, 0.9884379506111145]",False,YETERSİZ VERİ,KISMI,True,False,2334.3047999660484,"{""K1_input_and_readiness"": 0.06120000034570694, ""K7_context"": 0.001900014467537403, ""K1_normalization"": 0.01160003012046218, ""K6_advisory"": 36.646699998527765, ""K1_intent"": 0.03960001049563289, ""K2_retrieval"": 230.9392000315711, ""K3_reranker"": 2017.9709999938495, ""K8_weighted_ranking"": 1.3546000118367374, ""K3_candidate_filters"": 7.384399999864399, ""K9_advisory_consensus"": 0.007399998139590025, ""K4_nli_and_bypass_check"": 36.2777000409551, ""K5_decision"": 0.2686000079847872}",15129
FACTURK-0377,DOĞRU,"[21821, 26676, 29686, 5087, 7423, 23936, 29080, 22146, 23361, 18468, 12587, 3927, 11628, 10343, 13261, 11058, 1177, 20402, 6047, 14523]","[4.400118632474914e-05, 3.1201914680423215e-05, 7.254361844388768e-05, 0.000661517377011478, 0.004700060468167067, 0.00014313739666249603, 0.0002891032490879297, 0.00021485926117748022, 0.00038596606464125216, 0.1603974997997284, 0.0002492325147613883, 3.269927037763409e-05, 1.657145367062185e-05, 0.000758359965402633, 1.7778551409719512e-05, 0.023419944569468498, 0.005040702875703573, 1.6314539607265033e-05, 0.0003053489199373871, 1.6187581422855146e-05]","[0.01264019776135683, 0.9428121447563171, 0.044547609984874725]","[0.01264019776135683, 0.9428121447563171, 0.044547609984874725]",False,YETERSİZ VERİ,RET,True,False,2567.2156999935396,"{""K1_input_and_readiness"": 0.040899962186813354, ""K7_context"": 0.001300009898841381, ""K1_normalization"": 0.008000002708286047, ""K6_advisory"": 34.76479998789728, ""K1_intent"": 0.0399000127799809, ""K2_retrieval"": 222.33769996091723, ""K3_reranker"": 1786.6714000119828, ""K8_weighted_ranking"": 1.256599964108318, ""K3_candidate_filters"": 6.293300015386194, ""K9_advisory_consensus"": 0.006699992809444666, ""K4_nli_and_bypass_check"": 297.0787000376731, ""K5_decision"": 214.40820000134408}",1177
FACTURK-0378,DOĞRU,"[13414, 23565, 1530, 6292, 17751, 23567, 3491, 18623, 21229, 25222, 3100, 19897, 8180, 3213, 12955, 13448, 24266, 26955, 21966, 899]","[0.02319762483239174, 0.00033535013790242374, 1.6442494597868063e-05, 0.0007124459953047335, 0.0003625900426413864, 0.0002982776495628059, 2.3007036361377686e-05, 5.694102947018109e-05, 3.2955729693640023e-05, 0.0001956353517016396, 1.6314539607265033e-05, 1.7097478121286258e-05, 0.0016166499117389321, 0.000317508791340515, 0.0009773502824828029, 0.004810982849448919, 3.321419353596866e-05, 1.6061610949691385e-05, 1.6187581422855146e-05, 1.6187581422855146e-05]","[0.001809756620787084, 0.9930210709571838, 0.005169149488210678]","[0.001809756620787084, 0.9930210709571838, 0.005169149488210678]",False,YETERSİZ VERİ,RET,True,False,4636.899900040589,"{""K1_input_and_readiness"": 0.048600020818412304, ""K7_context"": 0.0018999562598764896, ""K1_normalization"": 0.009800016414374113, ""K6_advisory"": 34.90849997615442, ""K1_intent"": 0.039000005926936865, ""K2_retrieval"": 220.98609997192398, ""K3_reranker"": 4230.275399982929, ""K8_weighted_ranking"": 1.4378000050783157, ""K3_candidate_filters"": 6.2407999648712575, ""K9_advisory_consensus"": 0.008400005754083395, ""K4_nli_and_bypass_check"": 139.36019997345284, ""K5_decision"": 0.20299997413530946}",8180
FACTURK-0379,DOĞRU,"[21449, 14819, 5087, 23223, 2107, 27972, 2277, 11837, 6302, 2839, 12108, 13847, 3945, 7869, 10951, 23213, 28032, 12718, 6832, 13143]","[0.7851439118385315, 0.15027806162834167, 0.006168995052576065, 2.178264912799932e-05, 0.026405517011880875, 0.007149102166295052, 0.006984650157392025, 0.005343256052583456, 0.012007349170744419, 0.07081620395183563, 0.01678548939526081, 0.044431429356336594, 0.003930085338652134, 2.8409744118107483e-05, 0.003538086311891675, 0.0010566838318482041, 0.10176784545183182, 0.005620036274194717, 0.0360160693526268, 0.6743722558021545]","[0.0007687488105148077, 0.9933844208717346, 0.005846804473549128]","[0.0007687488105148077, 0.9933844208717346, 0.005846804473549128]",False,YALAN,UYARI,False,False,3583.220899978187,"{""K1_input_and_readiness"": 0.06829999620094895, ""K7_context"": 0.0014999532140791416, ""K1_normalization"": 0.01360004534944892, ""K6_advisory"": 36.107899970375, ""K1_intent"": 0.05840003723278642, ""K2_retrieval"": 340.7267999718897, ""K3_reranker"": 3054.558600008022, ""K8_weighted_ranking"": 1.1470000026747584, ""K3_candidate_filters"": 5.917700007557869, ""K9_advisory_consensus"": 0.005999987479299307, ""K4_nli_and_bypass_check"": 140.94549999572337, ""K5_decision"": 0.19320001592859626}",13143
FACTURK-0380,YALAN,"[487, 29414, 12161, 19827, 8347, 15238, 4119, 9150, 25228, 19237, 15675, 1272, 25098, 2498, 29240, 18787, 23508, 27696, 25178, 27997]","[0.2781587541103363, 0.009708477184176445, 0.0016103574307635427, 0.21239535510540009, 0.00677120964974165, 0.019832711666822433, 5.829126530443318e-05, 0.02456308901309967, 0.013742320239543915, 0.0060503981076180935, 0.00020662980386987329, 0.0011380005162209272, 0.009232213720679283, 0.00023050670279189944, 0.004382336512207985, 5.874842099728994e-05, 0.01384861022233963, 0.08434179425239563, 0.00021152888075448573, 0.00020184421737212688]","[0.006283601280301809, 0.9844127297401428, 0.009303709492087364]","[0.006283601280301809, 0.9844127297401428, 0.009303709492087364]",False,YALAN,UYARI,False,False,2928.682799974922,"{""K1_input_and_readiness"": 0.08169998181983829, ""K7_context"": 0.001500011421740055, ""K1_normalization"": 0.015199999324977398, ""K6_advisory"": 34.585800021886826, ""K1_intent"": 0.042300031054764986, ""K2_retrieval"": 281.5480999997817, ""K3_reranker"": 2513.417399954051, ""K8_weighted_ranking"": 1.48020003689453, ""K3_candidate_filters"": 7.198100036475807, ""K9_advisory_consensus"": 0.008000002708286047, ""K4_nli_and_bypass_check"": 86.40600001672283, ""K5_decision"": 0.2305000089108944}",487
FACTURK-0381,DOĞRU,"[12704, 11295, 22815, 2892, 21400, 7556, 24313, 29850, 24484, 13687, 9646, 24154, 11066, 14179, 3431, 1447, 24661, 6698, 21260, 6739]","[0.0007096704212017357, 1.7778551409719512e-05, 0.0008830457809381187, 0.0012113064294680953, 2.6274772608303465e-05, 1.6061610949691385e-05, 9.685608529252931e-05, 0.0017140384297817945, 0.000628784007858485, 5.694102947018109e-05, 1.6314539607265033e-05, 1.6314539607265033e-05, 0.0005658799782395363, 4.7206227463902906e-05, 1.6187581422855146e-05, 6.0613183450186625e-05, 4.331903619458899e-05, 1.6964426322374493e-05, 2.6274772608303465e-05, 1.967902426258661e-05]","[0.004561891313642263, 0.96286940574646, 0.03256865218281746]","[0.004561891313642263, 0.96286940574646, 0.03256865218281746]",False,YETERSİZ VERİ,RET,True,False,3732.7910999883898,"{""K1_input_and_readiness"": 0.08789997082203627, ""K7_context"": 0.002500019036233425, ""K1_normalization"": 0.019199971575289965, ""K6_advisory"": 39.083899988327175, ""K1_intent"": 0.05690002581104636, ""K2_retrieval"": 242.01639997772872, ""K3_reranker"": 3243.6743999714963, ""K8_weighted_ranking"": 1.4260000316426158, ""K3_candidate_filters"": 10.639099986292422, ""K9_advisory_consensus"": 0.010299962013959885, ""K4_nli_and_bypass_check"": 191.4709000266157, ""K5_decision"": 0.5115999956615269}",29850
FACTURK-0382,YALAN,"[29892, 24158, 26480, 2761, 26295, 12819, 13891, 29923, 17025, 23853, 7407, 8285, 706, 6336, 1175, 29597, 3257, 19061, 2792, 14166]","[0.031143832951784134, 0.08093670755624771, 0.004485794343054295, 0.0012351677287369967, 0.0033115192782133818, 0.0005053045460954309, 0.00524044968187809, 0.0009850083151832223, 4.037790131405927e-05, 0.00020184421737212688, 2.9541422918555327e-05, 0.05634009838104248, 0.00014202363672666252, 0.12283853441476822, 0.0001442598586436361, 0.00015356240328401327, 0.03912164643406868, 3.1693256460130215e-05, 0.008881675079464912, 2.2474090656032786e-05]","[0.000986791797913611, 0.9214980602264404, 0.0775151327252388]","[0.000986791797913611, 0.9214980602264404, 0.0775151327252388]",False,YETERSİZ VERİ,RET,True,False,3621.8305000220425,"{""K1_input_and_readiness"": 0.09270000737160444, ""K7_context"": 0.002400018274784088, ""K1_normalization"": 0.015700003132224083, ""K6_advisory"": 36.00909997476265, ""K1_intent"": 0.0391000066883862, ""K2_retrieval"": 228.95199997583404, ""K3_reranker"": 2195.7922999863513, ""K8_weighted_ranking"": 1.435799989849329, ""K3_candidate_filters"": 6.697800010442734, ""K9_advisory_consensus"": 0.006399990525096655, ""K4_nli_and_bypass_check"": 576.6301000257954, ""K5_decision"": 572.362000006251}",6336
FACTURK-0383,DOĞRU,"[20020, 16064, 11476, 21638, 23751, 1291, 11509, 5491, 17057, 25969, 16632, 13749, 18530, 6263, 11274, 9084, 22869, 24834, 9114, 3119]","[0.0012448433553799987, 0.00017536994710098952, 0.0001344663032796234, 0.0003301527176517993, 0.002746900776401162, 7.782753527862951e-05, 0.00023782203788869083, 3.071818719035946e-05, 4.539786823443137e-05, 0.00023597174731548876, 0.0007041515782475471, 0.00017265156202483922, 0.0001559802913106978, 2.8632557587116025e-05, 0.0001559802913106978, 0.0009584648651070893, 7.031184941297397e-05, 1.805851934477687e-05, 0.000124362253700383, 1.6442494597868063e-05]","[0.004873806610703468, 0.013376735150814056, 0.9817495346069336]","[0.004873806610703468, 0.013376735150814056, 0.9817495346069336]",False,DOĞRU,ONAY,False,False,3180.222599999979,"{""K1_input_and_readiness"": 0.08110003545880318, ""K7_context"": 0.0024999608285725117, ""K1_normalization"": 0.012500036973506212, ""K6_advisory"": 34.68290000455454, ""K1_intent"": 0.03979995381087065, ""K2_retrieval"": 204.22290003625676, ""K3_reranker"": 2565.333999984432, ""K8_weighted_ranking"": 1.5251999720931053, ""K3_candidate_filters"": 6.853400031104684, ""K9_advisory_consensus"": 0.006799993570894003, ""K4_nli_and_bypass_check"": 187.1596000273712, ""K5_decision"": 176.21419997885823}",23751
FACTURK-0384,DOĞRU,"[29698, 16223, 5886, 27529, 10782, 989, 9023, 28381, 22922, 17442, 4010, 11132, 26111, 13284, 24037, 7376, 8774, 17616, 23634, 10839]","[0.13706977665424347, 0.0015792594058439136, 5.144220995134674e-05, 2.566613329690881e-05, 0.0013670255430042744, 2.710879925871268e-05, 0.9947391152381897, 5.3075080359121785e-05, 0.01214717049151659, 0.00027372167096473277, 2.5071596610359848e-05, 2.6070309104397893e-05, 0.008187909610569477, 8.092757343547419e-05, 0.00017813112935982645, 0.009055263362824917, 4.683888619183563e-05, 2.5071596610359848e-05, 1.922317096614279e-05, 3.647853736765683e-05]","[0.9672844409942627, 0.023591574281454086, 0.009124000556766987]","[0.9672844409942627, 0.023591574281454086, 0.009124000556766987]",False,YALAN,RED,False,False,2376.469199953135,"{""K1_input_and_readiness"": 0.052799994591623545, ""K7_context"": 0.00200001522898674, ""K1_normalization"": 0.014299992471933365, ""K6_advisory"": 34.52990000369027, ""K1_intent"": 0.035800039768218994, ""K2_retrieval"": 209.77549999952316, ""K3_reranker"": 2057.413699978497, ""K8_weighted_ranking"": 1.2861000141128898, ""K3_candidate_filters"": 6.265099975280464, ""K9_advisory_consensus"": 0.007099995855242014, ""K4_nli_and_bypass_check"": 63.56849998701364, ""K5_decision"": 0.3425999893806875}",9023
FACTURK-0385,DOĞRU,"[29362, 16885, 21965, 14642, 22170, 5725, 5126, 22120, 13610, 4588, 15095, 15861, 9363, 23520, 8624, 4031, 14435, 13525, 27022, 25439]","[0.0004272078804206103, 1.6187581422855146e-05, 1.7231572201126255e-05, 5.920916373725049e-05, 1.683241134742275e-05, 8.092757343547419e-05, 1.750292540236842e-05, 4.331903619458899e-05, 2.449082603561692e-05, 2.0623421733034775e-05, 1.9988918211311102e-05, 1.67014204635052e-05, 1.6187581422855146e-05, 1.6314539607265033e-05, 1.6314539607265033e-05, 1.6061610949691385e-05, 1.683241134742275e-05, 3.321419353596866e-05, 6.302758993115276e-05, 0.00020502213737927377]","[0.0033257955219596624, 0.985280454158783, 0.011393697001039982]","[0.0033257955219596624, 0.985280454158783, 0.011393697001039982]",False,YALAN,RED,False,False,2379.990399989765,"{""K1_input_and_readiness"": 0.041599967516958714, ""K7_context"": 0.001500011421740055, ""K1_normalization"": 0.00890000956133008, ""K6_advisory"": 37.27400000207126, ""K1_intent"": 0.056800025049597025, ""K2_retrieval"": 253.32119996892288, ""K3_reranker"": 2038.6508000083268, ""K8_weighted_ranking"": 2.231599995866418, ""K3_candidate_filters"": 11.216600018087775, ""K9_advisory_consensus"": 0.009400013368576765, ""K4_nli_and_bypass_check"": 32.72739995736629, ""K5_decision"": 0.27269998099654913}",22120
FACTURK-0386,YALAN,"[20843, 1747, 21393, 29486, 15787, 11714, 9101, 11485, 23720, 926, 29414, 25537, 10589, 25225, 10563, 28347, 18282, 30024, 25169, 28287]","[2.1278065105434507e-05, 0.001674399245530367, 0.0005152657395228744, 0.0009253848693333566, 1.9073577277595177e-05, 0.19208428263664246, 0.0021322614047676325, 2.1112482500029728e-05, 0.0060975621454417706, 3.7636447814293206e-05, 1.8777873265207745e-05, 0.014392335899174213, 1.9073577277595177e-05, 5.9673518990166485e-05, 0.0001686527393758297, 1.7097478121286258e-05, 0.002560870721936226, 1.67014204635052e-05, 2.3007036361377686e-05, 1.922317096614279e-05]","[0.0030649183318018913, 0.9927703738212585, 0.0041646808385849]","[0.0030649183318018913, 0.9927703738212585, 0.0041646808385849]",False,YETERSİZ VERİ,RET,True,False,2902.881200017873,"{""K1_input_and_readiness"": 0.06350001785904169, ""K7_context"": 0.0014999532140791416, ""K1_normalization"": 0.01260003773495555, ""K6_advisory"": 37.217300035990775, ""K1_intent"": 0.04829996032640338, ""K2_retrieval"": 252.8003000188619, ""K3_reranker"": 2533.2029999699444, ""K8_weighted_ranking"": 1.1295000440441072, ""K3_candidate_filters"": 6.2418999732472, ""K9_advisory_consensus"": 0.006700051017105579, ""K4_nli_and_bypass_check"": 67.75200000265613, ""K5_decision"": 0.4241999704390764}",25225
FACTURK-0387,YALAN,"[8023, 8015, 9478, 20028, 26276, 15898, 26819, 24208, 13958, 6784, 19631, 14930, 24037, 2380, 4033, 17025, 26224, 13064, 16809, 16109]","[0.0005953406798653305, 1.67014204635052e-05, 0.042642392218112946, 1.7778551409719512e-05, 1.657145367062185e-05, 0.0012743262341246009, 1.6187581422855146e-05, 1.6061610949691385e-05, 1.6061610949691385e-05, 7.782753527862951e-05, 1.6314539607265033e-05, 1.6061610949691385e-05, 0.0004044814850203693, 1.6187581422855146e-05, 1.6187581422855146e-05, 1.6442494597868063e-05, 1.6314539607265033e-05, 3.426849070820026e-05, 0.00040765260928310454, 1.6314539607265033e-05]","[0.0034224288538098335, 0.9881221652030945, 0.008455424569547176]","[0.0034224288538098335, 0.9881221652030945, 0.008455424569547176]",False,YETERSİZ VERİ,RET,True,False,3070.5218000221066,"{""K1_input_and_readiness"": 0.06560003384947777, ""K7_context"": 0.0020999577827751637, ""K1_normalization"": 0.011500029359012842, ""K6_advisory"": 36.99870000127703, ""K1_intent"": 0.05170004442334175, ""K2_retrieval"": 214.82329996069893, ""K3_reranker"": 2093.1446999893524, ""K8_weighted_ranking"": 1.4616000116802752, ""K3_candidate_filters"": 7.5872999732382596, ""K9_advisory_consensus"": 0.008600007276982069, ""K4_nli_and_bypass_check"": 362.3506000149064, ""K5_decision"": 350.77379998983815}",16809
FACTURK-0388,YALAN,"[16939, 26310, 27720, 4261, 24828, 14070, 1014, 9635, 8246, 27711, 12955, 14318, 16716, 16791, 13476, 5259, 18931, 16237, 12347, 5752]","[0.2902761995792389, 0.055720288306474686, 0.00028685410507023335, 0.00017813112935982645, 2.5071596610359848e-05, 1.7231572201126255e-05, 1.6061610949691385e-05, 0.0007096704212017357, 1.8200149497715756e-05, 3.508111694827676e-05, 1.750292540236842e-05, 1.6442494597868063e-05, 9.314593626186252e-05, 4.1659583075670525e-05, 1.6187581422855146e-05, 0.0004728544445242733, 0.0003799845289904624, 1.6061610949691385e-05, 1.6314539607265033e-05, 0.0003889921063091606]","[0.8627532124519348, 0.11297392100095749, 0.024272942915558815]","[0.8627532124519348, 0.11297392100095749, 0.024272942915558815]",False,DOĞRU,ONAY,False,False,2601.77740000654,"{""K1_input_and_readiness"": 0.04640000406652689, ""K7_context"": 0.001300009898841381, ""K1_normalization"": 0.006900052540004253, ""K6_advisory"": 33.474800002295524, ""K1_intent"": 0.025600020308047533, ""K2_retrieval"": 216.01109998300672, ""K3_reranker"": 2062.690599996131, ""K8_weighted_ranking"": 1.5085000195540488, ""K3_candidate_filters"": 7.369800005108118, ""K9_advisory_consensus"": 0.007800001185387373, ""K4_nli_and_bypass_check"": 144.96469998266548, ""K5_decision"": 131.81110000004992}",16939
FACTURK-0389,YALAN,"[9056, 21518, 19560, 6268, 9323, 6336, 22504, 12088, 14770, 1970, 11529, 9150, 4807, 3213, 14758, 4452, 544, 9588, 20897, 3259]","[0.003692853031679988, 0.00041731575038284063, 0.0005976693937554955, 0.002296159043908119, 0.010448625311255455, 0.0696682333946228, 0.16317856311798096, 0.00010889690747717395, 0.00027372167096473277, 0.0023413407616317272, 0.0005484792054630816, 0.07094483077526093, 2.3369333575828932e-05, 0.0002802109520416707, 0.00034196203341707587, 0.0009966077050194144, 0.000192602863535285, 4.400118632474914e-05, 0.0011469158343970776, 1.8342892872169614e-05]","[0.0022505861707031727, 0.9966879487037659, 0.0010615187929943204]","[0.0022505861707031727, 0.9966879487037659, 0.0010615187929943204]",False,YALAN,UYARI,False,False,5049.600100028329,"{""K1_input_and_readiness"": 0.14000001829117537, ""K7_context"": 0.0017999554984271526, ""K1_normalization"": 0.029200047720223665, ""K6_advisory"": 59.08429995179176, ""K1_intent"": 0.06370001938194036, ""K2_retrieval"": 390.87210001889616, ""K3_reranker"": 4348.006799991708, ""K8_weighted_ranking"": 1.33500003721565, ""K3_candidate_filters"": 6.838900037109852, ""K9_advisory_consensus"": 0.007499998901039362, ""K4_nli_and_bypass_check"": 239.56610000459477, ""K5_decision"": 0.2989000058732927}",9150
FACTURK-0390,DOĞRU,"[19816, 29892, 1902, 10949, 2172, 6336, 11509, 12974, 8688, 28611, 7289, 24618, 11557, 25567, 13486, 809, 12583, 7836, 9081, 20055]","[0.0015070488443598151, 0.00010804955672938377, 0.008847354911267757, 1.8342892872169614e-05, 1.6442494597868063e-05, 0.0001673405058681965, 0.0022872276604175568, 0.001674399245530367, 0.0001195985751110129, 0.003930085338652134, 9.387641330249608e-05, 0.000661517377011478, 1.6314539607265033e-05, 1.6187581422855146e-05, 0.002191240666434169, 1.6442494597868063e-05, 2.0785171727766283e-05, 0.007999754510819912, 1.6061610949691385e-05, 1.6187581422855146e-05]","[0.0742320865392685, 0.6210041046142578, 0.3047638535499573]","[0.0742320865392685, 0.6210041046142578, 0.3047638535499573]",False,YETERSİZ VERİ,RET,True,False,3203.1759999808855,"{""K1_input_and_readiness"": 0.05119998240843415, ""K7_context"": 0.00200001522898674, ""K1_normalization"": 0.01079996582120657, ""K6_advisory"": 35.811199981253594, ""K1_intent"": 0.05760003114119172, ""K2_retrieval"": 196.7160999774933, ""K3_reranker"": 2188.0672000115737, ""K8_weighted_ranking"": 1.0848999954760075, ""K3_candidate_filters"": 5.9146000421606, ""K9_advisory_consensus"": 0.006399990525096655, ""K4_nli_and_bypass_check"": 364.6961000049487, ""K5_decision"": 407.5827000197023}",11509
FACTURK-0391,DOĞRU,"[9150, 28629, 18570, 15787, 16785, 24184, 2858, 14444, 27894, 29892, 17721, 15848, 19586, 27463, 29140, 25098, 4358, 19827, 17859, 20228]","[0.007011794950813055, 0.0037948342505842447, 0.0004974745097570121, 0.0018530592788010836, 0.0002715921145863831, 0.00014883848780300468, 0.0011740821646526456, 0.00038446192047558725, 0.004382336512207985, 0.01912403479218483, 0.005663865711539984, 0.0007643033168278635, 2.411113746347837e-05, 0.00028462239424698055, 2.229919846286066e-05, 0.0012893283274024725, 1.6061610949691385e-05, 0.01572399213910103, 3.321419353596866e-05, 1.6187581422855146e-05]","[0.565085232257843, 0.4292122423648834, 0.00570250116288662]","[0.565085232257843, 0.4292122423648834, 0.00570250116288662]",False,YALAN,UYARI,False,False,3517.6297000143677,"{""K1_input_and_readiness"": 0.06509997183457017, ""K7_context"": 0.001800013706088066, ""K1_normalization"": 0.014499993994832039, ""K6_advisory"": 36.50709998328239, ""K1_intent"": 0.037999998312443495, ""K2_retrieval"": 203.20089999586344, ""K3_reranker"": 2624.404300004244, ""K8_weighted_ranking"": 1.2890000361949205, ""K3_candidate_filters"": 6.080299965105951, ""K9_advisory_consensus"": 0.006499991286545992, ""K4_nli_and_bypass_check"": 325.7964000222273, ""K5_decision"": 316.7732000001706}",29892
FACTURK-0392,YALAN,"[17086, 5344, 24184, 9150, 9277, 25178, 9693, 1970, 22218, 2244, 15675, 8347, 6268, 9518, 16786, 21058, 4682, 27519, 11155, 19205]","[0.0003500686143524945, 0.021739594638347626, 0.014227046631276608, 0.015663648024201393, 0.08663206547498703, 0.0032224843744188547, 0.00017265156202483922, 0.007260866463184357, 0.012821214273571968, 0.00018522572645451874, 7.782753527862951e-05, 0.0018243826925754547, 0.0053640566766262054, 0.004248078912496567, 3.0006618544575758e-05, 0.00016093082376755774, 1.657145367062185e-05, 0.003429603995755315, 1.8631746570463292e-05, 1.6314539607265033e-05]","[0.001818504766561091, 0.051796525716781616, 0.9463849663734436]","[0.001818504766561091, 0.051796525716781616, 0.9463849663734436]",False,DOĞRU,ONAY,False,False,3344.2996999947354,"{""K1_input_and_readiness"": 0.07790001109242439, ""K7_context"": 0.001700012944638729, ""K1_normalization"": 0.015900004655122757, ""K6_advisory"": 36.297000013291836, ""K1_intent"": 0.05790003342553973, ""K2_retrieval"": 331.5348000032827, ""K3_reranker"": 2800.6006000214256, ""K8_weighted_ranking"": 1.1307999957352877, ""K3_candidate_filters"": 6.153700000140816, ""K9_advisory_consensus"": 0.006499991286545992, ""K4_nli_and_bypass_check"": 164.36769999563694, ""K5_decision"": 0.47939998330548406}",5344
FACTURK-0393,DOĞRU,"[8836, 19180, 18799, 22100, 3722, 9341, 2283, 11989, 373, 7267, 23363, 26447, 1418, 8919, 27807, 25190, 26337, 1730, 19163, 2337]","[0.9935368895530701, 0.1946738213300705, 0.054701510816812515, 0.05707139894366264, 0.0038244836032390594, 0.0017342078499495983, 0.006168995052576065, 0.0007554056355729699, 0.004022909794002771, 0.12592275440692902, 0.002757622394710779, 0.015603534877300262, 0.0027683854568749666, 0.00014202363672666252, 0.004331501666456461, 0.0002780309587251395, 0.01621503196656704, 5.2662067901110277e-05, 0.0005725466180592775, 0.0019342610612511635]","[0.9984689354896545, 0.000415092014009133, 0.0011160464491695166]","[0.9984689354896545, 0.000415092014009133, 0.0011160464491695166]",False,YETERSİZ VERİ,KISMI,True,False,2736.2666000262834,"{""K1_input_and_readiness"": 0.06019999273121357, ""K7_context"": 0.001900014467537403, ""K1_normalization"": 0.017499958630651236, ""K6_advisory"": 36.42079996643588, ""K1_intent"": 0.03850000211969018, ""K2_retrieval"": 253.8457000046037, ""K3_reranker"": 2241.8783000321127, ""K8_weighted_ranking"": 1.276999944821, ""K3_candidate_filters"": 6.60210003843531, ""K9_advisory_consensus"": 0.007399998139590025, ""K4_nli_and_bypass_check"": 125.48310001147911, ""K5_decision"": 67.12740001967177}",8836
FACTURK-0394,YALAN,"[19788, 2701, 15510, 14849, 28395, 1989, 5149, 23610, 3505, 14308, 27881, 6163, 14676, 20116, 29871, 21153, 21427, 3344, 14553, 9385]","[0.01572399213910103, 1.657145367062185e-05, 0.0013617033837363124, 2.4300241420860402e-05, 0.0005792917218059301, 0.0005378763889893889, 1.6442494597868063e-05, 1.6061610949691385e-05, 0.00043563017970882356, 1.6187581422855146e-05, 6.302758993115276e-05, 3.1201914680423215e-05, 1.657145367062185e-05, 0.0007763299508951604, 6.352188938762993e-05, 1.6314539607265033e-05, 4.1659583075670525e-05, 0.0003406293108128011, 1.6442494597868063e-05, 1.6442494597868063e-05]","[0.023520220071077347, 0.9574214816093445, 0.019058365374803543]","[0.023520220071077347, 0.9574214816093445, 0.019058365374803543]",False,YALAN,RED,False,False,4550.613500003237,"{""K1_input_and_readiness"": 0.06089999806135893, ""K7_context"": 0.001600012183189392, ""K1_normalization"": 0.011299969628453255, ""K6_advisory"": 35.29319999506697, ""K1_intent"": 0.03519997699186206, ""K2_retrieval"": 261.38219999847934, ""K3_reranker"": 3074.497599969618, ""K8_weighted_ranking"": 1.140100008342415, ""K3_candidate_filters"": 6.19310000911355, ""K9_advisory_consensus"": 0.007099995855242014, ""K4_nli_and_bypass_check"": 576.0581999784335, ""K5_decision"": 592.3922000220045}",27881
FACTURK-0395,DOĞRU,"[22843, 21145, 20842, 23053, 29481, 4766, 13096, 8790, 25720, 29296, 21342, 22153, 14465, 23303, 2919, 19733, 21619, 20466, 9314, 11059]","[0.0008135565440170467, 0.00025118677876889706, 0.011463796719908714, 0.0005747861578129232, 0.0002824080875143409, 0.0002715921145863831, 1.967902426258661e-05, 0.00012931563833262771, 0.012576347216963768, 0.6196439266204834, 0.00013765462790615857, 0.00020342698553577065, 0.0007152324542403221, 7.905303937150165e-05, 0.0005658799782395363, 3.4001819585682824e-05, 0.0003770285693462938, 1.6314539607265033e-05, 0.0024726230185478926, 0.0011469158343970776]","[0.04485967382788658, 0.9529669880867004, 0.0021733795292675495]","[0.04485967382788658, 0.9529669880867004, 0.0021733795292675495]",False,YALAN,RED,False,False,2301.4685999951325,"{""K1_input_and_readiness"": 0.04060001811012626, ""K7_context"": 0.0014999532140791416, ""K1_normalization"": 0.00689999433234334, ""K6_advisory"": 33.90199999557808, ""K1_intent"": 0.027500034775584936, ""K2_retrieval"": 200.06219996139407, ""K3_reranker"": 2026.7403000034392, ""K8_weighted_ranking"": 1.2125999783165753, ""K3_candidate_filters"": 6.302199966739863, ""K9_advisory_consensus"": 0.00689999433234334, ""K4_nli_and_bypass_check"": 29.140600003302097, ""K5_decision"": 0.3177000326104462}",29296
FACTURK-0396,YALAN,"[27420, 16440, 16134, 25537, 4586, 5237, 12375, 6734, 27900, 10743, 20831, 20214, 12312, 17036, 14293, 4744, 2242, 6269, 14636, 9988]","[0.011029469780623913, 0.0030515100806951523, 0.0002891032490879297, 0.001667882315814495, 0.0023688741493970156, 0.0002802109520416707, 8.349628478754312e-05, 0.9946150183677673, 0.0003583672805689275, 0.00043224150431342423, 0.00020662980386987329, 0.00028462239424698055, 0.0008459375239908695, 0.0009735437924973667, 1.657145367062185e-05, 0.00018093574908562005, 1.6061610949691385e-05, 0.002296159043908119, 0.07094483077526093, 0.00026530236937105656]","[0.9996024966239929, 0.00014468730660155416, 0.00025282424758188426]","[0.9996024966239929, 0.00014468730660155416, 0.00025282424758188426]",False,YALAN,UYARI,False,False,2733.866400027182,"{""K1_input_and_readiness"": 0.09250000584870577, ""K7_context"": 0.0020999577827751637, ""K1_normalization"": 0.011500029359012842, ""K6_advisory"": 34.698500006925315, ""K1_intent"": 0.05540001438930631, ""K2_retrieval"": 204.44959995802492, ""K3_reranker"": 2180.603599990718, ""K8_weighted_ranking"": 1.1165000032633543, ""K3_candidate_filters"": 5.541299993637949, ""K9_advisory_consensus"": 0.005499983672052622, ""K4_nli_and_bypass_check"": 195.04349998896942, ""K5_decision"": 108.79750002641231}",6734
FACTURK-0397,YALAN,"[16260, 27647, 14848, 1336, 5499, 1070, 7152, 767, 4672, 13993, 22423, 7198, 11102, 12102, 10999, 29379, 16162, 1970, 1546, 11965]","[0.24490438401699066, 0.0011073390487581491, 0.053304679691791534, 0.004101929254829884, 0.0333368256688118, 8.750300185056403e-05, 0.00013342000602278858, 2.178264912799932e-05, 0.00021995337738189846, 0.0008231385727412999, 0.00018961740715894848, 1.6314539607265033e-05, 0.004451041109859943, 4.683888619183563e-05, 2.908344322349876e-05, 0.0005680934991687536, 1.6187581422855146e-05, 0.0007379196467809379, 0.0010083435336127877, 0.0003029734070878476]","[0.20735132694244385, 0.78948575258255, 0.0031629486475139856]","[0.20735132694244385, 0.78948575258255, 0.0031629486475139856]",False,YETERSİZ VERİ,RET,True,False,3276.595300005283,"{""K1_input_and_readiness"": 0.05329999839887023, ""K7_context"": 0.001500011421740055, ""K1_normalization"": 0.010300020221620798, ""K6_advisory"": 36.645500047598034, ""K1_intent"": 0.032400013878941536, ""K2_retrieval"": 249.59610000951216, ""K3_reranker"": 2193.156099994667, ""K8_weighted_ranking"": 1.2082000030204654, ""K3_candidate_filters"": 6.433300033677369, ""K9_advisory_consensus"": 0.007399998139590025, ""K4_nli_and_bypass_check"": 402.4226000183262, ""K5_decision"": 383.15459998557344}",14848
FACTURK-0398,YALAN,"[28547, 27453, 11479, 9150, 2984, 30347, 15675, 27219, 2498, 1272, 11668, 6336, 25178, 25429, 26587, 23681, 29590, 26537, 8602, 8347]","[0.027376487851142883, 0.005511934403330088, 0.011597361415624619, 0.0016613906482234597, 0.0003406293108128011, 0.8608377575874329, 0.00029137005913071334, 0.0002492325147613883, 0.0003697388747241348, 0.0018458482809364796, 4.331903619458899e-05, 0.10576342046260834, 0.0009473089594393969, 0.03210070729255676, 0.0003770285693462938, 0.006338921841233969, 0.09334687888622284, 5.874842099728994e-05, 2.93115390377352e-05, 6.553815910592675e-05]","[0.00037379900459200144, 0.9985647797584534, 0.0010614643106237054]","[0.00037379900459200144, 0.9985647797584534, 0.0010614643106237054]",False,YETERSİZ VERİ,RET,True,False,3634.4241999904625,"{""K1_input_and_readiness"": 0.08420000085607171, ""K7_context"": 0.001400010660290718, ""K1_normalization"": 0.015199999324977398, ""K6_advisory"": 36.85480001149699, ""K1_intent"": 0.0475000124424696, ""K2_retrieval"": 300.13859999598935, ""K3_reranker"": 3094.167400035076, ""K8_weighted_ranking"": 1.3514000456780195, ""K3_candidate_filters"": 7.303699967451394, ""K9_advisory_consensus"": 0.008100003469735384, ""K4_nli_and_bypass_check"": 188.66750004235655, ""K5_decision"": 0.5196000565774739}",30347
FACTURK-0399,YALAN,"[27242, 28388, 24277, 15675, 6270, 12161, 25857, 7776, 6047, 15663, 648, 6261, 26355, 1499, 4682, 15874, 21358, 1970, 4724, 28198]","[0.9291837811470032, 0.006903838831931353, 0.001483718864619732, 0.0001500056532677263, 0.5840932130813599, 0.005774929653853178, 0.14010079205036163, 0.05439931899309158, 0.06903792917728424, 0.26961395144462585, 0.8858291506767273, 0.10687687993049622, 0.005080036818981171, 0.00014091856428422034, 4.832564081880264e-05, 0.00015356240328401327, 0.0013458604225888848, 0.01737566478550434, 0.00035976938670501113, 5.694102947018109e-05]","[0.0013618041994050145, 0.028675608336925507, 0.9699625968933105]","[0.0013618041994050145, 0.028675608336925507, 0.9699625968933105]",False,DOĞRU,ONAY,False,False,3644.9086000211537,"{""K1_input_and_readiness"": 0.14449999434873462, ""K7_context"": 0.0029999646358191967, ""K1_normalization"": 0.026800029445439577, ""K6_advisory"": 47.26740001933649, ""K1_intent"": 0.0727999722585082, ""K2_retrieval"": 303.5684999777004, ""K3_reranker"": 3139.0991000225767, ""K8_weighted_ranking"": 1.6453000134788454, ""K3_candidate_filters"": 7.14729999890551, ""K9_advisory_consensus"": 0.007299997378140688, ""K4_nli_and_bypass_check"": 141.06930000707507, ""K5_decision"": 0.49780000699684024}",15663
FACTURK-0400,YALAN,"[28204, 22879, 6846, 13194, 17036, 13020, 28719, 17535, 28590, 22096, 27202, 17534, 15745, 10086, 13059, 15077, 27163, 27201, 17563, 29565]","[0.0030753696337342262, 5.1845658163074404e-05, 0.0003889921063091606, 7.197912054834887e-05, 1.7097478121286258e-05, 0.0001699752756394446, 0.000570315751247108, 0.00027586790383793414, 0.009936418384313583, 0.0030994154512882233, 3.426849070820026e-05, 0.0014607495395466685, 0.00020184421737212688, 2.8409744118107483e-05, 1.7231572201126255e-05, 1.657145367062185e-05, 0.47826993465423584, 0.0002824080875143409, 2.265035072923638e-05, 1.6187581422855146e-05]","[0.0014020281378179789, 0.9919314980506897, 0.00666643213480711]","[0.0014020281378179789, 0.9919314980506897, 0.00666643213480711]",False,YETERSİZ VERİ,RET,True,False,4442.676000006031,"{""K1_input_and_readiness"": 0.07660000119358301, ""K7_context"": 0.0018999562598764896, ""K1_normalization"": 0.013299984857439995, ""K6_advisory"": 34.97159999096766, ""K1_intent"": 0.05779997445642948, ""K2_retrieval"": 218.43639999860898, ""K3_reranker"": 3264.230199973099, ""K8_weighted_ranking"": 1.1639000149443746, ""K3_candidate_filters"": 5.894599948078394, ""K9_advisory_consensus"": 0.006099988240748644, ""K4_nli_and_bypass_check"": 492.91600001743063, ""K5_decision"": 421.6080000041984}",28719
FACTURK-0401,DOĞRU,"[9711, 11529, 13077, 700, 15264, 15675, 11334, 17161, 25178, 1766, 26355, 21518, 9323, 4119, 20449, 6336, 24625, 6473, 30215, 9150]","[0.0009039677679538727, 0.00978387612849474, 0.0007854739669710398, 0.00049553596181795, 0.008847354911267757, 0.000317508791340515, 0.0014721895568072796, 0.14235107600688934, 0.0005442132824100554, 0.00031258779927156866, 0.003914823289960623, 0.00012731103925034404, 0.02742854133248329, 1.922317096614279e-05, 0.0005861161625944078, 0.0077555361203849316, 0.005819959100335836, 1.6442494597868063e-05, 3.6764631659025326e-05, 0.21833586692810059]","[0.0020318604074418545, 0.973057746887207, 0.024910394102334976]","[0.0020318604074418545, 0.973057746887207, 0.024910394102334976]",False,YALAN,UYARI,False,False,3493.0167000275105,"{""K1_input_and_readiness"": 0.10190001921728253, ""K7_context"": 0.002600019797682762, ""K1_normalization"": 0.018700025975704193, ""K6_advisory"": 38.72729995055124, ""K1_intent"": 0.05770003190264106, ""K2_retrieval"": 266.9397999998182, ""K3_reranker"": 3091.4363999618217, ""K8_weighted_ranking"": 1.0789000079967082, ""K3_candidate_filters"": 6.35899999178946, ""K9_advisory_consensus"": 0.010299962013959885, ""K4_nli_and_bypass_check"": 84.87389999208972, ""K5_decision"": 0.2552999649196863}",9150
FACTURK-0402,YALAN,"[16053, 11547, 17599, 30013, 11774, 17616, 9653, 13879, 3512, 1365, 12230, 29973, 26573, 14555, 1337, 15844, 28451, 404, 25396, 6404]","[0.002934951800853014, 0.0024822766426950693, 0.009232213720679283, 0.39992883801460266, 0.0008295892039313912, 0.0024249141570180655, 1.6442494597868063e-05, 0.0015916259726509452, 0.008881675079464912, 0.002115703420713544, 0.0019342610612511635, 0.0031480707693845034, 0.009485713206231594, 0.0042151594534516335, 0.014615669846534729, 0.0008693674462847412, 0.006388320587575436, 0.003135835751891136, 1.657145367062185e-05, 0.0010649627074599266]","[0.0025011515244841576, 0.9968168139457703, 0.0006820615381002426]","[0.0025011515244841576, 0.9968168139457703, 0.0006820615381002426]",False,YALAN,RED,False,False,3212.1573999756947,"{""K1_input_and_readiness"": 0.05139998393133283, ""K7_context"": 0.01379998866468668, ""K1_normalization"": 0.011599971912801266, ""K6_advisory"": 36.93800000473857, ""K1_intent"": 0.03920000744983554, ""K2_retrieval"": 232.84509999211878, ""K3_reranker"": 2030.4892999702133, ""K8_weighted_ranking"": 1.1461999965831637, ""K3_candidate_filters"": 5.803900014143437, ""K9_advisory_consensus"": 0.005799985956400633, ""K4_nli_and_bypass_check"": 434.11259999265894, ""K5_decision"": 466.89519996289164}",11547
FACTURK-0403,YALAN,"[12901, 27017, 1424, 5087, 8740, 4093, 21855, 21475, 25758, 29403, 1959, 14299, 11552, 6984, 19208, 27522, 8564, 15780, 6232, 18297]","[0.9917803406715393, 0.004718369338661432, 0.005469274241477251, 0.00042388474685139954, 0.0013302015140652657, 0.0003150386910419911, 0.0005295418086461723, 0.005405900068581104, 0.0011160142021253705, 0.015543648041784763, 0.00048029719619080424, 0.00023597174731548876, 0.00026323829661123455, 0.0003366621967870742, 0.0026834397576749325, 0.0003029734070878476, 0.00015356240328401327, 0.008251599036157131, 0.0003301527176517993, 0.00010229986219201237]","[0.9992862343788147, 0.00030991932726465166, 0.0004038849729113281]","[0.9992862343788147, 0.00030991932726465166, 0.0004038849729113281]",False,YALAN,UYARI,False,False,3363.6720000067726,"{""K1_input_and_readiness"": 0.07839995669201016, ""K7_context"": 0.002100015990436077, ""K1_normalization"": 0.013599987141788006, ""K6_advisory"": 38.989400025457144, ""K1_intent"": 0.05960004637017846, ""K2_retrieval"": 286.8134999880567, ""K3_reranker"": 2597.0036999788135, ""K8_weighted_ranking"": 1.4309000107459724, ""K3_candidate_filters"": 7.891300017945468, ""K9_advisory_consensus"": 0.007099995855242014, ""K4_nli_and_bypass_check"": 252.56350002018735, ""K5_decision"": 175.12410000199452}",12901
FACTURK-0404,DOĞRU,"[29892, 19997, 17351, 6832, 2839, 14232, 6336, 2949, 15848, 8849, 24209, 431, 12288, 9150, 23277, 28494, 20071, 12658, 16355, 7592]","[0.10123348236083984, 0.0012545944191515446, 0.05242456495761871, 0.007232763804495335, 0.1201288029551506, 0.005554925184696913, 0.006314364727586508, 0.02600678615272045, 0.029201289638876915, 0.009633651934564114, 0.013121271505951881, 0.02048855647444725, 0.00020502213737927377, 0.0033374049235135317, 0.04629189893603325, 0.021044565364718437, 0.039268750697374344, 0.00021152888075448573, 0.06941547244787216, 0.0032986511941999197]","[0.0009348108433187008, 0.9979168772697449, 0.0011483482085168362]","[0.0009348108433187008, 0.9979168772697449, 0.0011483482085168362]",False,YETERSİZ VERİ,RET,True,False,2928.231199970469,"{""K1_input_and_readiness"": 0.05819997750222683, ""K7_context"": 0.001500011421740055, ""K1_normalization"": 0.009600014891475439, ""K6_advisory"": 35.216799995396286, ""K1_intent"": 0.04349998198449612, ""K2_retrieval"": 274.50519998092204, ""K3_reranker"": 2582.367199996952, ""K8_weighted_ranking"": 1.33050000295043, ""K3_candidate_filters"": 6.5045999945141375, ""K9_advisory_consensus"": 0.006699992809444666, ""K4_nli_and_bypass_check"": 24.435499974060804, ""K5_decision"": 0.1495999749749899}",29892
FACTURK-0405,YALAN,"[635, 23681, 4775, 6119, 13440, 19914, 28793, 15179, 29590, 11628, 20402, 2235, 29763, 7209, 29036, 19672, 4720, 8846, 20151, 21731]","[0.005281333811581135, 0.00020502213737927377, 4.1659583075670525e-05, 2.8409744118107483e-05, 0.0003199982165824622, 1.7640199075685814e-05, 7.031184941297397e-05, 1.8200149497715756e-05, 1.67014204635052e-05, 1.6061610949691385e-05, 1.6187581422855146e-05, 0.00013658353418577462, 3.852893496514298e-05, 1.6314539607265033e-05, 1.6061610949691385e-05, 3.5633544030133635e-05, 0.000317508791340515, 1.750292540236842e-05, 2.3007036361377686e-05, 5.104190859128721e-05]","[8.411624730797485e-05, 0.0005380699294619262, 0.9993778467178345]","[8.411624730797485e-05, 0.0005380699294619262, 0.9993778467178345]",False,YETERSİZ VERİ,KISMI,True,False,2378.7269999738783,"{""K1_input_and_readiness"": 0.048600020818412304, ""K7_context"": 0.001500011421740055, ""K1_normalization"": 0.01109996810555458, ""K6_advisory"": 35.49149999162182, ""K1_intent"": 0.0420999713242054, ""K2_retrieval"": 233.9108000160195, ""K3_reranker"": 2059.257199987769, ""K8_weighted_ranking"": 1.4352999860420823, ""K3_candidate_filters"": 7.459999993443489, ""K9_advisory_consensus"": 0.008100003469735384, ""K4_nli_and_bypass_check"": 37.210000038612634, ""K5_decision"": 0.40630000876262784}",635
FACTURK-0406,DOĞRU,"[21898, 28168, 5018, 14008, 635, 20355, 25980, 26758, 10680, 24661, 21100, 5995, 5665, 3213, 24527, 5174, 1970, 24967, 25537, 8102]","[0.14706450700759888, 0.23161423206329346, 0.2073751986026764, 0.005001672077924013, 0.005865338258445263, 0.010052368976175785, 0.16749083995819092, 0.020924191921949387, 0.000539980421308428, 8.750300185056403e-05, 0.0002234163403045386, 1.683241134742275e-05, 0.0003275842755101621, 0.008315778337419033, 1.7097478121286258e-05, 1.683241134742275e-05, 0.0039454069919884205, 0.0006771942134946585, 0.0024343819823116064, 1.8631746570463292e-05]","[0.000575464975554496, 0.9990560412406921, 0.00036847006413154304]","[0.000575464975554496, 0.9990560412406921, 0.00036847006413154304]",False,YALAN,UYARI,False,False,6483.616599987727,"{""K1_input_and_readiness"": 0.17720001051202416, ""K7_context"": 0.0018999562598764896, ""K1_normalization"": 0.0475000124424696, ""K6_advisory"": 60.08169997949153, ""K1_intent"": 0.0923000043258071, ""K2_retrieval"": 453.5738999838941, ""K3_reranker"": 5623.135500005446, ""K8_weighted_ranking"": 1.4738999889232218, ""K3_candidate_filters"": 8.009099983610213, ""K9_advisory_consensus"": 0.014599994756281376, ""K4_nli_and_bypass_check"": 333.29520002007484, ""K5_decision"": 0.3133999998681247}",635
FACTURK-0407,YALAN,"[14727, 5593, 13220, 23269, 18318, 21875, 19283, 11728, 22582, 25421, 20982, 3326, 23464, 30027, 27649, 6858, 22834, 5602, 26506, 22192]","[0.6909762620925903, 0.029816539958119392, 1.8342892872169614e-05, 0.0010566838318482041, 0.0004124558763578534, 2.8409744118107483e-05, 1.805851934477687e-05, 0.0004655269149225205, 0.0002611903182696551, 0.000159678646014072, 1.67014204635052e-05, 1.922317096614279e-05, 1.6442494597868063e-05, 1.7640199075685814e-05, 2.3737338779028505e-05, 1.6442494597868063e-05, 2.2474090656032786e-05, 4.469407213036902e-05, 1.683241134742275e-05, 1.8200149497715756e-05]","[0.0041631488129496574, 0.9926948547363281, 0.0031419703736901283]","[0.0041631488129496574, 0.9926948547363281, 0.0031419703736901283]",False,YETERSİZ VERİ,RET,True,False,2459.5608999952674,"{""K1_input_and_readiness"": 0.05560001591220498, ""K7_context"": 0.001500011421740055, ""K1_normalization"": 0.009999959729611874, ""K6_advisory"": 34.78220000397414, ""K1_intent"": 0.03489997470751405, ""K2_retrieval"": 209.64509999612346, ""K3_reranker"": 2133.8035999797285, ""K8_weighted_ranking"": 1.3204999850131571, ""K3_candidate_filters"": 6.466199993155897, ""K9_advisory_consensus"": 0.006699992809444666, ""K4_nli_and_bypass_check"": 69.5683000376448, ""K5_decision"": 0.3921000170521438}",14727
FACTURK-0408,YALAN,"[15724, 4452, 15457, 18777, 7556, 9319, 13795, 13967, 12783, 10932, 21211, 22914, 4460, 9477, 26082, 29031, 22538, 25304, 21495, 13048]","[0.01640303246676922, 0.28876960277557373, 0.004348381422460079, 0.03397199511528015, 1.683241134742275e-05, 0.22661244869232178, 0.0037072531413286924, 0.044431429356336594, 0.10894504189491272, 0.0003199982165824622, 2.355261858610902e-05, 0.03853849694132805, 0.12885363399982452, 0.008677716366946697, 0.007876706309616566, 1.6314539607265033e-05, 0.045777276158332825, 1.6314539607265033e-05, 0.0007321811863221228, 0.005021149758249521]","[0.0005926117883063853, 0.9986600875854492, 0.0007473065052181482]","[0.0005926117883063853, 0.9986600875854492, 0.0007473065052181482]",False,YALAN,UYARI,False,False,4166.693300008774,"{""K1_input_and_readiness"": 0.0646000262349844, ""K7_context"": 0.0015999539755284786, ""K1_normalization"": 0.013699987903237343, ""K6_advisory"": 36.991800006944686, ""K1_intent"": 0.0589000410400331, ""K2_retrieval"": 276.00979997077957, ""K3_reranker"": 3772.6251000422053, ""K8_weighted_ranking"": 1.3217999949119985, ""K3_candidate_filters"": 6.478299968875945, ""K9_advisory_consensus"": 0.005999987479299307, ""K4_nli_and_bypass_check"": 69.17239999165758, ""K5_decision"": 0.3565000370144844}",4460
FACTURK-0409,YALAN,"[2149, 19970, 8006, 3129, 28204, 25156, 3810, 10423, 5540, 16332, 27010, 13433, 24615, 22931, 12486, 6531, 1300, 20105, 23881, 4182]","[0.08344116806983948, 0.00014091856428422034, 1.657145367062185e-05, 0.0009039677679538727, 0.0001097509084502235, 1.6187581422855146e-05, 1.67014204635052e-05, 1.6061610949691385e-05, 1.6061610949691385e-05, 8.614650869276375e-05, 8.220189192797989e-05, 6.761842087144032e-05, 0.0002415662893326953, 0.0001699752756394446, 1.6187581422855146e-05, 9.17019642656669e-05, 2.8632557587116025e-05, 0.0003199982165824622, 1.6314539607265033e-05, 6.976470467634499e-05]","[0.0031487641390413046, 0.008477237075567245, 0.9883739948272705]","[0.0031487641390413046, 0.008477237075567245, 0.9883739948272705]",False,YALAN,RED,False,False,3748.153399967123,"{""K1_input_and_readiness"": 0.047399953473359346, ""K7_context"": 0.001700012944638729, ""K1_normalization"": 0.009600014891475439, ""K6_advisory"": 33.04149996256456, ""K1_intent"": 0.048900023102760315, ""K2_retrieval"": 226.76300001330674, ""K3_reranker"": 2791.454399994109, ""K8_weighted_ranking"": 1.546399958897382, ""K3_candidate_filters"": 7.5530000030994415, ""K9_advisory_consensus"": 0.007700000423938036, ""K4_nli_and_bypass_check"": 349.15570000885054, ""K5_decision"": 334.7638999694027}",2149
FACTURK-0410,YALAN,"[24630, 21674, 27242, 29199, 20266, 26267, 4222, 30084, 12611, 27823, 3328, 861, 16539, 24661, 7028, 19468, 13467, 8836, 21737, 3300]","[0.006168995052576065, 0.0035936026833951473, 0.6349961161613464, 0.00034196203341707587, 0.008348053321242332, 1.6061610949691385e-05, 0.007907291874289513, 0.034100424498319626, 2.030369250860531e-05, 3.70529705833178e-05, 0.0009290033485740423, 0.00035557945375330746, 0.0006905414629727602, 7.9673009167891e-05, 0.003538086311891675, 3.4001819585682824e-05, 0.0010403185151517391, 0.00038296362617984414, 0.0004092474700883031, 0.00019411319226492196]","[0.007388806436210871, 0.8610779047012329, 0.13153333961963654]","[0.007388806436210871, 0.8610779047012329, 0.13153333961963654]",False,YETERSİZ VERİ,RET,True,False,5623.664300015662,"{""K1_input_and_readiness"": 0.07470004493370652, ""K7_context"": 0.002400018274784088, ""K1_normalization"": 0.012299977242946625, ""K6_advisory"": 36.87269997317344, ""K1_intent"": 0.037699996028095484, ""K2_retrieval"": 274.76140001090243, ""K3_reranker"": 4224.486499966588, ""K8_weighted_ranking"": 1.3162000104784966, ""K3_candidate_filters"": 6.477599963545799, ""K9_advisory_consensus"": 0.006999995093792677, ""K4_nli_and_bypass_check"": 539.3076000036672, ""K5_decision"": 536.837599996943}",30084
FACTURK-0411,DOĞRU,"[8583, 12534, 9657, 13043, 9405, 14887, 4791, 13534, 12699, 20248, 2235, 9131, 18096, 27270, 22357, 13101, 12349, 25873, 28328, 11988]","[3.1941821362124756e-05, 0.008610767312347889, 0.004627529997378588, 0.0006641048239544034, 8.349628478754312e-05, 0.00220838887616992, 0.00048406238784082234, 0.0008492455235682428, 0.0008135565440170467, 0.0006745558930560946, 9.83811987680383e-05, 0.0014721895568072796, 0.00016603845870122313, 0.0001823546044761315, 0.005426943302154541, 0.0005295418086461723, 0.07146149128675461, 4.870464181294665e-05, 0.0005484792054630816, 0.0007885457598604262]","[0.0010888074757531285, 0.0752447098493576, 0.9236664772033691]","[0.0010888074757531285, 0.0752447098493576, 0.9236664772033691]",False,DOĞRU,ONAY,False,False,3851.8247999600135,"{""K1_input_and_readiness"": 0.07870001718401909, ""K7_context"": 0.001700012944638729, ""K1_normalization"": 0.014299992471933365, ""K6_advisory"": 40.245499985758215, ""K1_intent"": 0.048200017772614956, ""K2_retrieval"": 236.93519999505952, ""K3_reranker"": 3523.3927000081167, ""K8_weighted_ranking"": 1.3765000039711595, ""K3_candidate_filters"": 6.785399978980422, ""K9_advisory_consensus"": 0.00790000194683671, ""K4_nli_and_bypass_check"": 37.67529997276142, ""K5_decision"": 0.713899964466691}",12349
FACTURK-0412,DOĞRU,"[25558, 9754, 12923, 14076, 20544, 14240, 6486, 3535, 29982, 28968, 27024, 23260, 9374, 2065, 20627, 10088, 9756, 16569, 8462, 27144]","[0.6085359454154968, 0.0018243826925754547, 0.0005725466180592775, 9.610241977497935e-05, 0.0009039677679538727, 0.00035419364576227963, 0.00012632041762117296, 0.0005092656938359141, 6.868317723274231e-05, 0.0004124558763578534, 0.0003053489199373871, 5.144220995134674e-05, 0.0003569706459529698, 6.302758993115276e-05, 1.8200149497715756e-05, 0.0001511819864390418, 0.00204276479780674, 0.8602518439292908, 4.539786823443137e-05, 0.0005614787805825472]","[0.062364209443330765, 0.7761829495429993, 0.16145281493663788]","[0.062364209443330765, 0.7761829495429993, 0.16145281493663788]",False,YALAN,RED,False,False,2768.226800020784,"{""K1_input_and_readiness"": 0.08239998714998364, ""K7_context"": 0.0028999638743698597, ""K1_normalization"": 0.014499993994832039, ""K6_advisory"": 37.85359999164939, ""K1_intent"": 0.05370000144466758, ""K2_retrieval"": 210.20869998028502, ""K3_reranker"": 2097.573700011708, ""K8_weighted_ranking"": 1.3278999831527472, ""K3_candidate_filters"": 7.257799967192113, ""K9_advisory_consensus"": 0.008200004231184721, ""K4_nli_and_bypass_check"": 224.94789998745546, ""K5_decision"": 185.25960005354136}",25558
FACTURK-0413,DOĞRU,"[2640, 1116, 21853, 12460, 20696, 27566, 11323, 28252, 11736, 9834, 23417, 48, 18206, 21717, 28285, 15736, 12905, 16428, 2735, 20378]","[0.996434211730957, 2.977311669383198e-05, 0.0006462032906711102, 2.449082603561692e-05, 1.7917987861437723e-05, 6.402006692951545e-05, 1.6061610949691385e-05, 1.67014204635052e-05, 1.6187581422855146e-05, 0.0008393599418923259, 0.0004673480580095202, 0.0006312434561550617, 2.6897845600615256e-05, 1.6061610949691385e-05, 9.098840382648632e-05, 2.5466406441410072e-05, 0.000159678646014072, 1.6187581422855146e-05, 5.9673518990166485e-05, 8.957788668340072e-05]","[0.9989880919456482, 0.0005339377676136792, 0.0004779190931003541]","[0.9989880919456482, 0.0005339377676136792, 0.0004779190931003541]",False,DOĞRU,ONAY,False,False,2624.032100022305,"{""K1_input_and_readiness"": 0.062400009483098984, ""K7_context"": 0.0014999532140791416, ""K1_normalization"": 0.010100018698722124, ""K6_advisory"": 33.148799964692444, ""K1_intent"": 0.029499991796910763, ""K2_retrieval"": 220.48419999191537, ""K3_reranker"": 2140.020699996967, ""K8_weighted_ranking"": 1.6889999969862401, ""K3_candidate_filters"": 7.8649999923072755, ""K9_advisory_consensus"": 0.012999982573091984, ""K4_nli_and_bypass_check"": 150.39540000725538, ""K5_decision"": 66.39389996416867}",2640
FACTURK-0414,YALAN,"[14200, 13022, 17867, 5253, 1134, 25536, 26210, 291, 5989, 11398, 16881, 14933, 10077, 23063, 23684, 28917, 9631, 19753, 3025, 23178]","[0.11338309943675995, 0.00036829791497439146, 0.007066400721669197, 0.00032503585680387914, 0.00026738259475678205, 0.03676946833729744, 0.005774929653853178, 0.01590639166533947, 0.00821969285607338, 0.0061212810687720776, 0.6192986369132996, 0.0014664583140984178, 0.10725032538175583, 0.000552778656128794, 0.08601588010787964, 0.001151399570517242, 0.0002269338583573699, 0.005099818110466003, 0.0012943679466843605, 0.0002251682453788817]","[0.0011388090206310153, 0.9629494547843933, 0.03591173514723778]","[0.0011388090206310153, 0.9629494547843933, 0.03591173514723778]",False,YETERSİZ VERİ,RET,True,False,4035.8029999770224,"{""K1_input_and_readiness"": 0.06509997183457017, ""K7_context"": 0.00200001522898674, ""K1_normalization"": 0.018599967006593943, ""K6_advisory"": 37.72140003275126, ""K1_intent"": 0.06220000796020031, ""K2_retrieval"": 269.18930001556873, ""K3_reranker"": 2229.0412000147626, ""K8_weighted_ranking"": 1.1766999959945679, ""K3_candidate_filters"": 6.005699979141355, ""K9_advisory_consensus"": 0.006399990525096655, ""K4_nli_and_bypass_check"": 794.5220000110567, ""K5_decision"": 694.402799999807}",14200
FACTURK-0415,DOĞRU,"[1375, 10701, 3786, 12334, 12098, 1388, 4166, 26261, 17263, 8254, 25180, 28319, 14613, 28462, 17165, 26229, 15769, 8832, 20428, 19903]","[0.001085944357328117, 0.0012448433553799987, 2.265035072923638e-05, 0.00021485926117748022, 1.6187581422855146e-05, 1.6442494597868063e-05, 0.00039666122756898403, 1.6442494597868063e-05, 7.141901005525142e-05, 2.0462934116949327e-05, 0.005119676236063242, 4.0694576455280185e-05, 1.750292540236842e-05, 0.004591683857142925, 1.6061610949691385e-05, 3.619466951931827e-05, 1.6187581422855146e-05, 1.6314539607265033e-05, 1.6187581422855146e-05, 2.6274772608303465e-05]","[0.012063474394381046, 0.9867664575576782, 0.001170088187791407]","[0.012063474394381046, 0.9867664575576782, 0.001170088187791407]",False,YETERSİZ VERİ,RET,True,False,3202.7293000137433,"{""K1_input_and_readiness"": 0.0515999854542315, ""K7_context"": 0.001900014467537403, ""K1_normalization"": 0.009699957445263863, ""K6_advisory"": 36.11879999516532, ""K1_intent"": 0.04010001430287957, ""K2_retrieval"": 215.03540000412613, ""K3_reranker"": 2112.53189999843, ""K8_weighted_ranking"": 1.2049000361002982, ""K3_candidate_filters"": 6.5537000191397965, ""K9_advisory_consensus"": 0.006499991286545992, ""K4_nli_and_bypass_check"": 407.0120999822393, ""K5_decision"": 420.48390000127256}",25180
FACTURK-0416,YALAN,"[6039, 4402, 331, 10905, 19286, 4975, 21449, 21506, 28232, 14232, 27460, 86, 23537, 3945, 136, 17161, 22929, 6189, 28672, 1406]","[0.0002492325147613883, 0.018264278769493103, 0.0005930210463702679, 0.005554925184696913, 0.005384937860071659, 0.00020988310279790312, 0.00012830943160224706, 0.0009362827986478806, 1.6061610949691385e-05, 0.04672495648264885, 1.657145367062185e-05, 0.009161027148365974, 1.6061610949691385e-05, 8.220189192797989e-05, 0.0060739340260624886, 0.0008969392511062324, 0.00013982206291984767, 0.0005770345451310277, 2.6480842279852368e-05, 0.0001699752756394446]","[0.0050339787267148495, 0.6000997424125671, 0.3948662579059601]","[0.0050339787267148495, 0.6000997424125671, 0.3948662579059601]",False,YETERSİZ VERİ,RET,True,False,3602.384500030894,"{""K1_input_and_readiness"": 0.05749997217208147, ""K7_context"": 0.001600012183189392, ""K1_normalization"": 0.011399970389902592, ""K6_advisory"": 34.59939995082095, ""K1_intent"": 0.031200004741549492, ""K2_retrieval"": 222.54530002828687, ""K3_reranker"": 2222.5688000326045, ""K8_weighted_ranking"": 1.2873999658040702, ""K3_candidate_filters"": 6.453600013628602, ""K9_advisory_consensus"": 0.007499998901039362, ""K4_nli_and_bypass_check"": 584.2780999955721, ""K5_decision"": 526.9371999893337}",14232
FACTURK-0417,DOĞRU,"[3016, 24512, 27939, 5730, 4573, 20675, 6028, 3008, 10764, 12664, 20948, 8563, 4708, 2498, 3328, 11195, 5203, 13365, 25798, 1122]","[0.00014653129619546235, 0.00014313739666249603, 0.000192602863535285, 0.00026530236937105656, 0.0016484829830005765, 0.00026947917649522424, 7.311254739761353e-05, 7.141901005525142e-05, 1.7640199075685814e-05, 0.0029694451950490475, 0.02970374934375286, 1.6314539607265033e-05, 1.7778551409719512e-05, 3.2955729693640023e-05, 9.915272676153108e-05, 0.00048406238784082234, 0.002790037775412202, 0.0026010938454419374, 1.6314539607265033e-05, 1.7231572201126255e-05]","[0.003282108111307025, 0.9953943490982056, 0.0013235160149633884]","[0.003282108111307025, 0.9953943490982056, 0.0013235160149633884]",False,YETERSİZ VERİ,RET,True,False,3214.9349999963306,"{""K1_input_and_readiness"": 0.06130000110715628, ""K7_context"": 0.002100015990436077, ""K1_normalization"": 0.010199961252510548, ""K6_advisory"": 35.70850001415238, ""K1_intent"": 0.046200002543628216, ""K2_retrieval"": 267.6618000259623, ""K3_reranker"": 2162.0117999846116, ""K8_weighted_ranking"": 1.5508000506088138, ""K3_candidate_filters"": 6.144600047264248, ""K9_advisory_consensus"": 0.006699992809444666, ""K4_nli_and_bypass_check"": 405.4755000397563, ""K5_decision"": 332.4233000166714}",11195
FACTURK-0418,YALAN,"[21415, 13335, 959, 24015, 13795, 29403, 15297, 29365, 14105, 24613, 17227, 16619, 9527, 5496, 4452, 19484, 23686, 22218, 12265, 2000]","[0.0014269596431404352, 0.01750955730676651, 0.008711384609341621, 0.5323339700698853, 0.4607134461402893, 0.09235979616641998, 0.009232213720679283, 2.566613329690881e-05, 0.010408313944935799, 0.0443485826253891, 0.00043055712012574077, 0.00214894930832088, 0.003579642390832305, 0.04328484088182449, 0.014615669846534729, 0.03767939284443855, 0.0022872276604175568, 0.004485794343054295, 0.03390795737504959, 0.060086652636528015]","[0.026523971930146217, 0.9715878367424011, 0.00188813719432801]","[0.026523971930146217, 0.9715878367424011, 0.00188813719432801]",False,YALAN,UYARI,False,False,4566.550200048368,"{""K1_input_and_readiness"": 0.08110003545880318, ""K7_context"": 0.0022999593056738377, ""K1_normalization"": 0.017600017599761486, ""K6_advisory"": 35.83670000080019, ""K1_intent"": 0.05930004408583045, ""K2_retrieval"": 266.35529997292906, ""K3_reranker"": 2637.603900046088, ""K8_weighted_ranking"": 1.0219999821856618, ""K3_candidate_filters"": 5.903700017370284, ""K9_advisory_consensus"": 0.006599992047995329, ""K4_nli_and_bypass_check"": 838.606900011655, ""K5_decision"": 776.9784000120126}",24015
FACTURK-0419,DOĞRU,"[2263, 4563, 28522, 26429, 18895, 22945, 9072, 13212, 16285, 736, 6412, 18134, 18466, 5082, 328, 7874, 2305, 758, 25747, 28405]","[0.1559762954711914, 0.04931359738111496, 0.004681822378188372, 4.469407213036902e-05, 0.0003029734070878476, 0.23074638843536377, 0.00032503585680387914, 0.0007885457598604262, 0.007815888151526451, 0.009412589482963085, 9.7615658887662e-05, 8.156224066624418e-05, 0.004773722495883703, 1.6964426322374493e-05, 0.006850480102002621, 1.6314539607265033e-05, 0.00034870431409217417, 0.004101929254829884, 1.6061610949691385e-05, 0.004365325905382633]","[0.0031552293803542852, 0.9964382648468018, 0.00040656785131432116]","[0.0031552293803542852, 0.9964382648468018, 0.00040656785131432116]",False,YETERSİZ VERİ,RET,True,False,4244.525199988857,"{""K1_input_and_readiness"": 0.055100012104958296, ""K7_context"": 0.0015999539755284786, ""K1_normalization"": 0.010300020221620798, ""K6_advisory"": 36.40270000323653, ""K1_intent"": 0.04190002800896764, ""K2_retrieval"": 243.1510000023991, ""K3_reranker"": 3779.657799983397, ""K8_weighted_ranking"": 1.2524999910965562, ""K3_candidate_filters"": 6.278500019107014, ""K9_advisory_consensus"": 0.006699992809444666, ""K4_nli_and_bypass_check"": 172.6933000027202, ""K5_decision"": 1.2428000336512923}",22945
FACTURK-0420,YALAN,"[23624, 17707, 13918, 16937, 5137, 11587, 2701, 1232, 26065, 9812, 15905, 5659, 28278, 28011, 24784, 23377, 26543, 26648, 11908, 4999]","[8.750300185056403e-05, 1.683241134742275e-05, 0.00028462239424698055, 0.00014883848780300468, 5.2662067901110277e-05, 1.6442494597868063e-05, 1.6061610949691385e-05, 1.6187581422855146e-05, 0.0059110685251653194, 1.7366719475830905e-05, 9.242113446816802e-05, 0.02881619706749916, 1.7366719475830905e-05, 0.0002492325147613883, 0.0005506247980520129, 1.805851934477687e-05, 2.0785171727766283e-05, 1.6964426322374493e-05, 1.6061610949691385e-05, 0.0014895173953846097]","[0.0036472335923463106, 0.9864783883094788, 0.009874403476715088]","[0.0036472335923463106, 0.9864783883094788, 0.009874403476715088]",False,YALAN,UYARI,False,False,3766.57370000612,"{""K1_input_and_readiness"": 0.054100004490464926, ""K7_context"": 0.001700012944638729, ""K1_normalization"": 0.011300027836114168, ""K6_advisory"": 36.94290004204959, ""K1_intent"": 0.039000005926936865, ""K2_retrieval"": 251.84550002450123, ""K3_reranker"": 2586.0624999622814, ""K8_weighted_ranking"": 1.3136999914422631, ""K3_candidate_filters"": 6.425799976568669, ""K9_advisory_consensus"": 0.007299997378140688, ""K4_nli_and_bypass_check"": 479.84089999226853, ""K5_decision"": 400.28380003059283}",5659
FACTURK-0421,YALAN,"[20918, 5519, 2830, 16277, 5488, 11845, 12130, 22939, 7660, 14775, 20923, 7649, 60, 27151, 6914, 3241, 19436, 10081, 2724, 2304]","[0.02280263602733612, 0.009974920190870762, 0.0026419467758387327, 0.007937993854284286, 0.001667882315814495, 0.10176784545183182, 0.002074867021292448, 0.05360114201903343, 0.003538086311891675, 0.0023688741493970156, 0.0012065897462889552, 0.0006771942134946585, 1.805851934477687e-05, 4.9086618673754856e-05, 0.00014313739666249603, 0.000758359965402633, 0.005980330519378185, 0.40397825837135315, 8.284655632451177e-05, 0.0022694687359035015]","[0.8328112363815308, 0.14662723243236542, 0.020561544224619865]","[0.8328112363815308, 0.14662723243236542, 0.020561544224619865]",False,YALAN,UYARI,False,False,2384.9106000270694,"{""K1_input_and_readiness"": 0.06130000110715628, ""K7_context"": 0.0021999585442245007, ""K1_normalization"": 0.011000025551766157, ""K6_advisory"": 36.80870000971481, ""K1_intent"": 0.035400036722421646, ""K2_retrieval"": 181.95339996600524, ""K3_reranker"": 1815.3320000274107, ""K8_weighted_ranking"": 1.3152000028640032, ""K3_candidate_filters"": 6.605700007639825, ""K9_advisory_consensus"": 0.007399998139590025, ""K4_nli_and_bypass_check"": 206.12300001084805, ""K5_decision"": 133.31010000547394}",27151
FACTURK-0422,YALAN,"[7487, 8774, 1956, 3567, 4432, 18538, 8652, 21422, 7736, 9393, 18977, 16946, 2534, 27218, 13574, 7834, 4987, 23946, 7761, 24706]","[0.9207897186279297, 0.0009004466701298952, 0.002182716503739357, 0.0007014083093963563, 0.0015792594058439136, 0.0003640086797531694, 0.0011291546979919076, 0.0020111582707613707, 0.005641908384859562, 0.000347345310728997, 6.657015910604969e-05, 0.0010362669127061963, 0.0012065897462889552, 0.00038747614598833025, 6.352188938762993e-05, 0.00014313739666249603, 0.00012632041762117296, 0.005641908384859562, 1.657145367062185e-05, 0.005469274241477251]","[0.9877776503562927, 0.0099939638748765, 0.0022282893769443035]","[0.9877776503562927, 0.0099939638748765, 0.0022282893769443035]",False,YALAN,UYARI,False,False,2502.038899983745,"{""K1_input_and_readiness"": 0.061400001868605614, ""K7_context"": 0.001800013706088066, ""K1_normalization"": 0.010300020221620798, ""K6_advisory"": 33.36390003096312, ""K1_intent"": 0.028399983420968056, ""K2_retrieval"": 210.22010000888258, ""K3_reranker"": 2169.90259999875, ""K8_weighted_ranking"": 1.316299953032285, ""K3_candidate_filters"": 6.799900031182915, ""K9_advisory_consensus"": 0.007700000423938036, ""K4_nli_and_bypass_check"": 76.28809998277575, ""K5_decision"": 0.43319998076185584}",7487
FACTURK-0423,DOĞRU,"[7288, 22754, 29572, 28582, 10220, 15747, 18427, 28927, 5739, 26267, 7122, 13321, 12890, 28463, 8833, 4376, 17883, 9299, 2262, 16683]","[1.6314539607265033e-05, 3.2955729693640023e-05, 0.00011501735571073368, 4.6474400733131915e-05, 0.0007124459953047335, 3.4001819585682824e-05, 0.00027372167096473277, 1.7097478121286258e-05, 0.0002396868512732908, 1.750292540236842e-05, 1.6187581422855146e-05, 4.469407213036902e-05, 2.0785171727766283e-05, 1.657145367062185e-05, 0.001151399570517242, 1.6187581422855146e-05, 0.0006745558930560946, 0.00046190584544092417, 2.265035072923638e-05, 0.0020667945500463247]","[0.0008378091733902693, 0.9293423891067505, 0.06981981545686722]","[0.0008378091733902693, 0.9293423891067505, 0.06981981545686722]",False,YETERSİZ VERİ,RET,True,False,4266.379899985623,"{""K1_input_and_readiness"": 0.05560001591220498, ""K7_context"": 0.001900014467537403, ""K1_normalization"": 0.019899976905435324, ""K6_advisory"": 35.34409997519106, ""K1_intent"": 0.04810001701116562, ""K2_retrieval"": 249.3521999567747, ""K3_reranker"": 3282.922900049016, ""K8_weighted_ranking"": 1.2490999652072787, ""K3_candidate_filters"": 6.482500000856817, ""K9_advisory_consensus"": 0.006999995093792677, ""K4_nli_and_bypass_check"": 362.4009999912232, ""K5_decision"": 324.89869999699295}",8833
FACTURK-0424,DOĞRU,"[10712, 13465, 16334, 6915, 9360, 19707, 26822, 28258, 11397, 28039, 2129, 4872, 25033, 7816, 27699, 27675, 18479, 4770, 29101, 18376]","[0.00012148174573667347, 0.020685460418462753, 0.0006238938658498228, 6.402006692951545e-05, 4.1986306314356625e-05, 0.0007702931761741638, 0.004556113854050636, 2.710879925871268e-05, 1.7097478121286258e-05, 0.0003920417802873999, 1.7097478121286258e-05, 1.7231572201126255e-05, 1.6187581422855146e-05, 0.0004442183708306402, 0.00028462239424698055, 1.6187581422855146e-05, 2.3737338779028505e-05, 1.9373936083866283e-05, 4.539786823443137e-05, 6.402006692951545e-05]","[0.0012566357618197799, 0.9980766773223877, 0.0006666251574642956]","[0.0012566357618197799, 0.9980766773223877, 0.0006666251574642956]",False,YETERSİZ VERİ,RET,True,False,3443.9208999974653,"{""K1_input_and_readiness"": 0.06230000872164965, ""K7_context"": 0.001700012944638729, ""K1_normalization"": 0.011599971912801266, ""K6_advisory"": 36.72869998263195, ""K1_intent"": 0.050499977078288794, ""K2_retrieval"": 260.4389000334777, ""K3_reranker"": 1867.4371000379324, ""K8_weighted_ranking"": 2.0585000165738165, ""K3_candidate_filters"": 13.643099984619766, ""K9_advisory_consensus"": 0.011999974958598614, ""K4_nli_and_bypass_check"": 633.5560000152327, ""K5_decision"": 626.3925000093877}",19707
FACTURK-0425,DOĞRU,"[11467, 372, 23857, 15573, 9799, 28435, 23363, 28856, 30193, 14098, 9581, 15663, 9061, 11935, 23181, 5774, 28770, 24639, 18701, 13912]","[6.868317723274231e-05, 0.006338921841233969, 4.683888619183563e-05, 0.00026947917649522424, 1.67014204635052e-05, 0.0034834241960197687, 3.095910506090149e-05, 0.014728614129126072, 6.922183820279315e-05, 5.144220995134674e-05, 2.178264912799932e-05, 0.0008072304772213101, 4.0694576455280185e-05, 0.0010403185151517391, 0.0025016965810209513, 3.975192521465942e-05, 0.00044248730409890413, 0.0022872276604175568, 0.0003053489199373871, 5.605828482657671e-05]","[0.014213361777365208, 0.9021329879760742, 0.08365359902381897]","[0.014213361777365208, 0.9021329879760742, 0.08365359902381897]",False,YETERSİZ VERİ,RET,True,False,3930.3804999799468,"{""K1_input_and_readiness"": 0.06940000457689166, ""K7_context"": 0.001500011421740055, ""K1_normalization"": 0.012399978004395962, ""K6_advisory"": 34.640900033991784, ""K1_intent"": 0.03549997927621007, ""K2_retrieval"": 246.85809999937192, ""K3_reranker"": 2120.2371999970637, ""K8_weighted_ranking"": 1.160499989055097, ""K3_candidate_filters"": 6.267200049478561, ""K9_advisory_consensus"": 0.006999995093792677, ""K4_nli_and_bypass_check"": 810.6747000128962, ""K5_decision"": 707.008900004439}",23181
FACTURK-0426,DOĞRU,"[14525, 22551, 487, 20305, 19258, 1272, 12161, 28629, 19175, 20828, 25811, 2498, 25178, 4119, 6336, 15675, 26355, 26166, 29881, 5898]","[0.9330658316612244, 0.019531238824129105, 0.019606182351708412, 0.7585106492042542, 0.02489279955625534, 0.001052568550221622, 0.0009217804181389511, 0.007431773468852043, 0.003456409554928541, 3.373722574906424e-05, 0.005957154091447592, 0.00020988310279790312, 0.00019871552649419755, 0.0016103574307635427, 0.003172682598233223, 0.0002251682453788817, 0.0012545944191515446, 0.0029008574783802032, 0.0035243413876742125, 0.010130411013960838]","[0.0023251562379300594, 0.9967220425605774, 0.0009527659276500344]","[0.0023251562379300594, 0.9967220425605774, 0.0009527659276500344]",False,YETERSİZ VERİ,RET,True,False,3286.173400003463,"{""K1_input_and_readiness"": 0.08229998638853431, ""K7_context"": 0.001800013706088066, ""K1_normalization"": 0.015099998563528061, ""K6_advisory"": 36.37599997455254, ""K1_intent"": 0.06250001024454832, ""K2_retrieval"": 276.49119996931404, ""K3_reranker"": 2813.7113000266254, ""K8_weighted_ranking"": 1.2147999950684607, ""K3_candidate_filters"": 6.0548000037670135, ""K9_advisory_consensus"": 0.00689999433234334, ""K4_nli_and_bypass_check"": 148.4564000274986, ""K5_decision"": 0.24199998006224632}",20305
FACTURK-0427,YALAN,"[16404, 2409, 15160, 20175, 4441, 6593, 15673, 27707, 22840, 29203, 28765, 5321, 14505, 22626, 16026, 7375, 438, 18017, 25537, 15097]","[0.05070536583662033, 0.07963873445987701, 0.008251599036157131, 0.08284562826156616, 0.09170696139335632, 0.0008231385727412999, 0.7851439118385315, 0.007011794950813055, 0.6782203912734985, 0.00013552077871281654, 0.058884695172309875, 0.005199879873543978, 0.0019800399895757437, 0.4131811261177063, 0.0009399438858963549, 0.0018675660248845816, 0.019985152408480644, 0.0064882696606218815, 0.00677120964974165, 0.002992665395140648]","[0.00803972128778696, 0.9289463758468628, 0.06301391124725342]","[0.00803972128778696, 0.9289463758468628, 0.06301391124725342]",False,YETERSİZ VERİ,RET,True,False,7193.279099999927,"{""K1_input_and_readiness"": 0.10850001126527786, ""K7_context"": 0.001500011421740055, ""K1_normalization"": 0.029099988751113415, ""K6_advisory"": 36.98829998029396, ""K1_intent"": 0.09330001194030046, ""K2_retrieval"": 361.19999998481944, ""K3_reranker"": 3618.2338999933563, ""K8_weighted_ranking"": 1.4522999990731478, ""K3_candidate_filters"": 7.337299990467727, ""K9_advisory_consensus"": 0.008000002708286047, ""K4_nli_and_bypass_check"": 1640.4551999876276, ""K5_decision"": 1523.7257000408135}",20175
FACTURK-0428,YALAN,"[25041, 24525, 3378, 11788, 8278, 24380, 12437, 2424, 24083, 15787, 7449, 2900, 16862, 15442, 12664, 27696, 327, 12334, 3778, 22752]","[0.001512938179075718, 0.9133679866790771, 0.003914823289960623, 0.018797073513269424, 0.016593176871538162, 0.03004336729645729, 2.9541422918555327e-05, 0.022328782826662064, 6.976470467634499e-05, 2.178264912799932e-05, 0.014337030239403248, 0.0003711854515131563, 0.009412589482963085, 0.0010566838318482041, 0.0017073675990104675, 0.0008592476369813085, 0.0018458482809364796, 1.7231572201126255e-05, 0.014337030239403248, 0.01358439214527607]","[0.06183706596493721, 0.9378798007965088, 0.0002831160381902009]","[0.06183706596493721, 0.9378798007965088, 0.0002831160381902009]",False,YETERSİZ VERİ,RET,True,False,4620.05800002953,"{""K1_input_and_readiness"": 0.06649998249486089, ""K7_context"": 0.002100015990436077, ""K1_normalization"": 0.013699987903237343, ""K6_advisory"": 36.36119997827336, ""K1_intent"": 0.04409998655319214, ""K2_retrieval"": 228.8445999729447, ""K3_reranker"": 3511.3336999784224, ""K8_weighted_ranking"": 1.476300007198006, ""K3_candidate_filters"": 6.590599950868636, ""K9_advisory_consensus"": 0.006799993570894003, ""K4_nli_and_bypass_check"": 457.6163000310771, ""K5_decision"": 374.1222000098787}",24525
FACTURK-0429,DOĞRU,"[11936, 11989, 1488, 15463, 9479, 18230, 3233, 2177, 15516, 27251, 2007, 13302, 18181, 24053, 526, 8727, 12152, 23463, 20148, 18202]","[0.9734434485435486, 0.0005907104350626469, 1.7640199075685814e-05, 0.28140559792518616, 0.000810387369710952, 1.9525883544702083e-05, 2.4300241420860402e-05, 0.00010391067189630121, 0.0024060888681560755, 1.6442494597868063e-05, 9.098840382648632e-05, 3.8229114579735324e-05, 1.6442494597868063e-05, 2.014569145103451e-05, 1.67014204635052e-05, 1.8631746570463292e-05, 1.6314539607265033e-05, 3.1941821362124756e-05, 0.004773722495883703, 4.6474400733131915e-05]","[0.998953104019165, 0.0005654860287904739, 0.00048134822282008827]","[0.998953104019165, 0.0005654860287904739, 0.00048134822282008827]",False,DOĞRU,ONAY,False,False,2702.192400000058,"{""K1_input_and_readiness"": 0.04850002005696297, ""K7_context"": 0.0015999539755284786, ""K1_normalization"": 0.008700008038431406, ""K6_advisory"": 35.670300014317036, ""K1_intent"": 0.04449998959898949, ""K2_retrieval"": 221.97379998397082, ""K3_reranker"": 2270.1755999587476, ""K8_weighted_ranking"": 1.1743999784812331, ""K3_candidate_filters"": 6.262600014451891, ""K9_advisory_consensus"": 0.006999995093792677, ""K4_nli_and_bypass_check"": 96.99649998219684, ""K5_decision"": 65.94659999245778}",11936
FACTURK-0430,DOĞRU,"[5082, 28961, 1571, 853, 18120, 17227, 21738, 26770, 12833, 20822, 12277, 23694, 12905, 7186, 5225, 23153, 16384, 3798, 28705, 676]","[1.750292540236842e-05, 1.6314539607265033e-05, 1.7778551409719512e-05, 3.70529705833178e-05, 1.7778551409719512e-05, 0.0002472934720572084, 1.7917987861437723e-05, 1.6314539607265033e-05, 1.657145367062185e-05, 0.004848532844334841, 1.6061610949691385e-05, 0.0017683517653495073, 9.915272676153108e-05, 1.7366719475830905e-05, 0.00019411319226492196, 1.6442494597868063e-05, 1.7231572201126255e-05, 1.6314539607265033e-05, 1.67014204635052e-05, 4.9086618673754856e-05]","[0.01469588652253151, 0.9223169088363647, 0.06298720091581345]","[0.01469588652253151, 0.9223169088363647, 0.06298720091581345]",False,YETERSİZ VERİ,RET,True,False,3319.638599990867,"{""K1_input_and_readiness"": 0.049399968702346087, ""K7_context"": 0.001700012944638729, ""K1_normalization"": 0.008600007276982069, ""K6_advisory"": 36.45240003243089, ""K1_intent"": 0.04280003486201167, ""K2_retrieval"": 236.85409995960072, ""K3_reranker"": 2143.611300038174, ""K8_weighted_ranking"": 1.2279999791644514, ""K3_candidate_filters"": 8.05549998767674, ""K9_advisory_consensus"": 0.006599992047995329, ""K4_nli_and_bypass_check"": 489.4344999920577, ""K5_decision"": 400.22390004014596}",20822
FACTURK-0431,DOĞRU,"[19220, 20316, 14728, 17796, 12560, 6149, 10127, 10148, 16026, 25167, 21318, 16931, 454, 19799, 24087, 12063, 15358, 561, 16021, 1135]","[0.003429603995755315, 0.0001823546044761315, 0.004755199886858463, 0.0012303582625463605, 0.000337979436153546, 0.0005336928297765553, 1.6187581422855146e-05, 1.67014204635052e-05, 0.0014437558129429817, 0.0003029734070878476, 1.657145367062185e-05, 4.365878339740448e-05, 0.006026951130479574, 0.000503335555549711, 1.6442494597868063e-05, 2.818866414600052e-05, 0.00020342698553577065, 2.0462934116949327e-05, 2.2474090656032786e-05, 0.00033930176869034767]","[0.025021826848387718, 0.965925931930542, 0.009052188135683537]","[0.025021826848387718, 0.965925931930542, 0.009052188135683537]",False,YETERSİZ VERİ,RET,True,False,6998.372300004121,"{""K1_input_and_readiness"": 0.18700002692639828, ""K7_context"": 0.0020999577827751637, ""K1_normalization"": 0.013999990187585354, ""K6_advisory"": 37.933100014925, ""K1_intent"": 0.0648999703116715, ""K2_retrieval"": 279.45259999250993, ""K3_reranker"": 4348.789000010584, ""K8_weighted_ranking"": 1.3083000085316598, ""K3_candidate_filters"": 6.169200001750141, ""K9_advisory_consensus"": 0.006999995093792677, ""K4_nli_and_bypass_check"": 1174.5003999676555, ""K5_decision"": 1146.4528999640606}",25167
FACTURK-0432,DOĞRU,"[24888, 22474, 8448, 21526, 15476, 3483, 18630, 18332, 29315, 20075, 6941, 26521, 557, 7323, 25166, 10302, 14624, 17738, 18607, 22908]","[0.3443332016468048, 0.0009659748757258058, 0.0013617033837363124, 0.0014381353976204991, 0.03488088399171829, 0.003260345896705985, 0.0003611769643612206, 0.003403005190193653, 0.055005285888910294, 0.04724971577525139, 0.008030813187360764, 0.01784873753786087, 0.034358687698841095, 0.0009927261853590608, 0.0008761798962950706, 0.0004673480580095202, 0.0004974745097570121, 3.619466951931827e-05, 0.00034870431409217417, 0.002833849750459194]","[0.0030955160036683083, 0.4368424415588379, 0.560062050819397]","[0.0030955160036683083, 0.4368424415588379, 0.560062050819397]",False,DOĞRU,ONAY,False,False,3743.554199987557,"{""K1_input_and_readiness"": 0.05500001134350896, ""K7_context"": 0.001600012183189392, ""K1_normalization"": 0.006999995093792677, ""K6_advisory"": 34.26360001321882, ""K1_intent"": 0.029799994081258774, ""K2_retrieval"": 211.8923999951221, ""K3_reranker"": 3114.429899957031, ""K8_weighted_ranking"": 1.534599985461682, ""K3_candidate_filters"": 7.390799990389496, ""K9_advisory_consensus"": 0.007499998901039362, ""K4_nli_and_bypass_check"": 194.5928999921307, ""K5_decision"": 175.81370001425967}",26521
FACTURK-0433,YALAN,"[15799, 15871, 24275, 12463, 12682, 25027, 9745, 13159, 4181, 16370, 4354, 8281, 19323, 14174, 10376, 10374, 16962, 24636, 23312, 29455]","[0.001518850913271308, 8.156224066624418e-05, 5.1845658163074404e-05, 8.349628478754312e-05, 0.026355354115366936, 0.003403005190193653, 1.67014204635052e-05, 1.6187581422855146e-05, 2.030369250860531e-05, 0.0003366621967870742, 0.013325147330760956, 1.6187581422855146e-05, 2.7751651941798627e-05, 1.6187581422855146e-05, 0.0019418168812990189, 0.007345826830714941, 0.0010122860549017787, 2.0785171727766283e-05, 0.00013032974675297737, 7.662102143513039e-05]","[0.0003226726548746228, 0.001476607983931899, 0.9982006549835205]","[0.0003226726548746228, 0.001476607983931899, 0.9982006549835205]",False,YETERSİZ VERİ,KISMI,True,False,5791.853799950331,"{""K1_input_and_readiness"": 0.07500004721805453, ""K7_context"": 0.001700012944638729, ""K1_normalization"": 0.015600002370774746, ""K6_advisory"": 37.538600037805736, ""K1_intent"": 0.0825000461190939, ""K2_retrieval"": 307.19040002441034, ""K3_reranker"": 3763.3702000021003, ""K8_weighted_ranking"": 1.2968999799340963, ""K3_candidate_filters"": 7.161499990615994, ""K9_advisory_consensus"": 0.00790000194683671, ""K4_nli_and_bypass_check"": 951.8491000053473, ""K5_decision"": 719.688999990467}",10376
FACTURK-0434,DOĞRU,"[28652, 11740, 24477, 12089, 13838, 25205, 11648, 18950, 3817, 24455, 6604, 26468, 17595, 15366, 7669, 22981, 30247, 25113, 18468, 10139]","[2.566613329690881e-05, 0.0017007222631946206, 3.426849070820026e-05, 2.818866414600052e-05, 5.475977377500385e-05, 1.805851934477687e-05, 5.738759500673041e-05, 7.311254739761353e-05, 2.030369250860531e-05, 1.7917987861437723e-05, 1.922317096614279e-05, 1.657145367062185e-05, 1.8342892872169614e-05, 5.920916373725049e-05, 0.05033063143491745, 1.967902426258661e-05, 1.6187581422855146e-05, 0.04138471558690071, 0.052134256809949875, 1.6187581422855146e-05]","[0.008838770911097527, 0.22332045435905457, 0.7678407430648804]","[0.008838770911097527, 0.22332045435905457, 0.7678407430648804]",False,DOĞRU,ONAY,False,False,3389.3313000444323,"{""K1_input_and_readiness"": 0.05420000525191426, ""K7_context"": 0.001700012944638729, ""K1_normalization"": 0.009600014891475439, ""K6_advisory"": 36.26950003672391, ""K1_intent"": 0.04549999721348286, ""K2_retrieval"": 245.211300032679, ""K3_reranker"": 2135.598100023344, ""K8_weighted_ranking"": 1.471599971409887, ""K3_candidate_filters"": 7.040299999061972, ""K9_advisory_consensus"": 0.0076999422162771225, ""K4_nli_and_bypass_check"": 499.768000037875, ""K5_decision"": 460.09490004507825}",3817
FACTURK-0435,DOĞRU,"[15719, 3941, 25675, 3321, 4308, 8281, 17172, 10971, 19036, 741, 9228, 24164, 9375, 6420, 22355, 4144, 2829, 19633, 19463, 21128]","[0.0077555361203849316, 0.0004565269045997411, 0.0011160142021253705, 0.06866228580474854, 2.030369250860531e-05, 0.011687257327139378, 0.08374040573835373, 0.4724704921245575, 0.00037263770354911685, 3.071818719035946e-05, 0.00017536994710098952, 2.094818773912266e-05, 3.1201914680423215e-05, 0.0008559006964787841, 0.00011682839976856485, 0.0002780309587251395, 0.00023413581948261708, 0.00021824207215104252, 2.0623421733034775e-05, 4.037790131405927e-05]","[0.0019258948741480708, 0.9970138072967529, 0.0010602630209177732]","[0.0019258948741480708, 0.9970138072967529, 0.0010602630209177732]",False,YALAN,RED,False,False,3023.628299997654,"{""K1_input_and_readiness"": 0.055500015150755644, ""K7_context"": 0.0019999570213258266, ""K1_normalization"": 0.010200019460171461, ""K6_advisory"": 34.892499970737845, ""K1_intent"": 0.04819995956495404, ""K2_retrieval"": 224.35780003434047, ""K3_reranker"": 2062.50189995626, ""K8_weighted_ranking"": 1.2259000213816762, ""K3_candidate_filters"": 6.39019999653101, ""K9_advisory_consensus"": 0.006999995093792677, ""K4_nli_and_bypass_check"": 348.47239998634905, ""K5_decision"": 342.3901000060141}",9228
FACTURK-0436,YALAN,"[25225, 15787, 9220, 29106, 6704, 21007, 27894, 27696, 16063, 29050, 22218, 3189, 9150, 19237, 19258, 22465, 11479, 26284, 28547, 25228]","[0.015424552373588085, 0.017712298780679703, 0.02748069167137146, 0.8358858227729797, 0.13511791825294495, 0.44845646619796753, 0.008644177578389645, 0.0838903859257698, 0.2780607044696808, 0.20930801331996918, 0.06632687151432037, 0.0626743733882904, 0.5691343545913696, 0.06441766768693924, 0.006413164082914591, 0.26683464646339417, 0.01764446496963501, 0.043446898460388184, 0.013121271505951881, 0.17426970601081848]","[0.000874298915732652, 0.9790539741516113, 0.02007174678146839]","[0.000874298915732652, 0.9790539741516113, 0.02007174678146839]",False,YETERSİZ VERİ,RET,True,False,3483.60610002419,"{""K1_input_and_readiness"": 0.07080001523718238, ""K7_context"": 0.001900014467537403, ""K1_normalization"": 0.010899966582655907, ""K6_advisory"": 38.12580002704635, ""K1_intent"": 0.05949998740106821, ""K2_retrieval"": 270.94199997372925, ""K3_reranker"": 2238.184400019236, ""K8_weighted_ranking"": 1.082099974155426, ""K3_candidate_filters"": 6.468000006861985, ""K9_advisory_consensus"": 0.007399998139590025, ""K4_nli_and_bypass_check"": 493.8278999761678, ""K5_decision"": 431.1813999665901}",29106
FACTURK-0437,DOĞRU,"[1217, 4441, 18277, 23453, 14335, 10293, 15713, 4021, 14868, 2629, 20275, 29440, 1900, 26726, 60, 19754, 12120, 13896, 12892, 24088]","[0.0004747042548842728, 0.00037555923336185515, 0.0007947254925966263, 1.8777873265207745e-05, 1.6314539607265033e-05, 0.004433765076100826, 1.7231572201126255e-05, 0.0004108485300093889, 4.6474400733131915e-05, 0.002521268092095852, 9.7615658887662e-05, 1.6314539607265033e-05, 0.0029008574783802032, 0.0006238938658498228, 1.6187581422855146e-05, 2.0623421733034775e-05, 1.6187581422855146e-05, 1.750292540236842e-05, 0.0009773502824828029, 4.331903619458899e-05]","[0.002793296240270138, 0.9915068745613098, 0.005699829198420048]","[0.002793296240270138, 0.9915068745613098, 0.005699829198420048]",False,YETERSİZ VERİ,RET,True,False,4471.0535000194795,"{""K1_input_and_readiness"": 0.07290003122761846, ""K7_context"": 0.0018999562598764896, ""K1_normalization"": 0.020700041204690933, ""K6_advisory"": 34.81569996802136, ""K1_intent"": 0.0363999861292541, ""K2_retrieval"": 238.53349999990314, ""K3_reranker"": 3289.2471000086516, ""K8_weighted_ranking"": 1.6638999804854393, ""K3_candidate_filters"": 8.673599979374558, ""K9_advisory_consensus"": 0.010600022505968809, ""K4_nli_and_bypass_check"": 521.2715999805368, ""K5_decision"": 373.3095000497997}",4021
FACTURK-0438,YALAN,"[9556, 26997, 14048, 24244, 3711, 21190, 9044, 15568, 17350, 15869, 28285, 11008, 13927, 6221, 10748, 12440, 23857, 11548, 3995, 410]","[0.015306354500353336, 1.6442494597868063e-05, 5.874842099728994e-05, 1.7640199075685814e-05, 1.6187581422855146e-05, 0.00272558256983757, 0.0053225355222821236, 1.6314539607265033e-05, 1.6314539607265033e-05, 1.6442494597868063e-05, 1.8777873265207745e-05, 1.805851934477687e-05, 1.6314539607265033e-05, 0.0002415662893326953, 1.6442494597868063e-05, 1.657145367062185e-05, 1.6314539607265033e-05, 1.9525883544702083e-05, 1.6314539607265033e-05, 0.0034834241960197687]","[0.0015772919869050384, 0.01214540097862482, 0.9862772822380066]","[0.0015772919869050384, 0.01214540097862482, 0.9862772822380066]",False,DOĞRU,ONAY,False,False,4443.824200017843,"{""K1_input_and_readiness"": 0.06210000719875097, ""K7_context"": 0.0014999532140791416, ""K1_normalization"": 0.009500014130026102, ""K6_advisory"": 35.52320000017062, ""K1_intent"": 0.032699957955628633, ""K2_retrieval"": 202.23970001097769, ""K3_reranker"": 3533.374799997546, ""K8_weighted_ranking"": 1.563000027090311, ""K3_candidate_filters"": 7.359299983363599, ""K9_advisory_consensus"": 0.007700000423938036, ""K4_nli_and_bypass_check"": 344.7124999947846, ""K5_decision"": 315.4444999527186}",9556
FACTURK-0439,DOĞRU,"[25194, 4945, 25343, 20885, 26464, 5848, 23744, 29365, 12826, 28337, 13373, 3703, 7812, 28722, 29553, 21674, 350, 4638, 18681, 27480]","[0.0014437558129429817, 0.00013658353418577462, 4.1659583075670525e-05, 2.3007036361377686e-05, 0.0006878511630930007, 5.5622065701754764e-05, 3.4537253668531775e-05, 1.6187581422855146e-05, 0.00019871552649419755, 1.6187581422855146e-05, 2.586742994026281e-05, 1.683241134742275e-05, 1.6442494597868063e-05, 0.00017813112935982645, 0.0028449096716940403, 0.0033374049235135317, 1.6187581422855146e-05, 0.0017891592578962445, 7.031184941297397e-05, 0.0010005044750869274]","[0.002104869345203042, 0.49669501185417175, 0.5012001395225525]","[0.002104869345203042, 0.49669501185417175, 0.5012001395225525]",False,YETERSİZ VERİ,KISMI,True,False,2922.3148999735713,"{""K1_input_and_readiness"": 0.06350001785904169, ""K7_context"": 0.001600012183189392, ""K1_normalization"": 0.009400013368576765, ""K6_advisory"": 35.4380999924615, ""K1_intent"": 0.046600005589425564, ""K2_retrieval"": 261.08729996485636, ""K3_reranker"": 2050.908299977891, ""K8_weighted_ranking"": 1.6208000015467405, ""K3_candidate_filters"": 7.169799995608628, ""K9_advisory_consensus"": 0.008300004992634058, ""K4_nli_and_bypass_check"": 303.63690003287047, ""K5_decision"": 258.3303999854252}",4945
FACTURK-0440,YALAN,"[7010, 1570, 21223, 15749, 17750, 25396, 9855, 22321, 17009, 10366, 2770, 2859, 2643, 29574, 26659, 8660, 22195, 24237, 5728, 12060]","[0.006168995052576065, 0.0019192374311387539, 0.0002396868512732908, 0.00012931563833262771, 0.0015427322359755635, 0.00034464316559024155, 2.977311669383198e-05, 0.006564249750226736, 0.00016346470511052758, 1.6442494597868063e-05, 0.000539980421308428, 0.0025016965810209513, 0.000810387369710952, 0.0011832797899842262, 0.0026834397576749325, 2.8409744118107483e-05, 0.00010637458035489544, 1.6442494597868063e-05, 4.94715895911213e-05, 0.0011649561347439885]","[0.0018400215776637197, 0.9973541498184204, 0.0008058442617766559]","[0.0018400215776637197, 0.9973541498184204, 0.0008058442617766559]",False,YETERSİZ VERİ,RET,True,False,3146.2720000417903,"{""K1_input_and_readiness"": 0.06500002928078175, ""K7_context"": 0.0015999539755284786, ""K1_normalization"": 0.01090002479031682, ""K6_advisory"": 33.489299996290356, ""K1_intent"": 0.03320001997053623, ""K2_retrieval"": 231.7485999665223, ""K3_reranker"": 2068.557000020519, ""K8_weighted_ranking"": 1.4684000052511692, ""K3_candidate_filters"": 6.962899991776794, ""K9_advisory_consensus"": 0.007700000423938036, ""K4_nli_and_bypass_check"": 394.06949997646734, ""K5_decision"": 406.0320999706164}",2859
FACTURK-0441,YALAN,"[28944, 11083, 20052, 5621, 2337, 3843, 5659, 27985, 14516, 15394, 25811, 17017, 3819, 2047, 25399, 7836, 5397, 18468, 13066, 6189]","[0.03339982032775879, 0.00034196203341707587, 1.7231572201126255e-05, 3.647853736765683e-05, 5.649793456541374e-05, 1.9373936083866283e-05, 0.009898064658045769, 0.00014313739666249603, 1.6314539607265033e-05, 0.007846239022910595, 1.6061610949691385e-05, 0.00035419364576227963, 0.00017674513219390064, 1.67014204635052e-05, 0.0011380005162209272, 7.662102143513039e-05, 1.6314539607265033e-05, 0.07963873445987701, 1.6314539607265033e-05, 3.024195939360652e-05]","[0.0017170964274555445, 0.022045547142624855, 0.9762372970581055]","[0.0017170964274555445, 0.022045547142624855, 0.9762372970581055]",False,DOĞRU,ONAY,False,False,2940.2930000214837,"{""K1_input_and_readiness"": 0.08269998943433166, ""K7_context"": 0.002200016751885414, ""K1_normalization"": 0.01610000617802143, ""K6_advisory"": 37.602299998980016, ""K1_intent"": 0.047900015488266945, ""K2_retrieval"": 235.6401999713853, ""K3_reranker"": 2619.227100047283, ""K8_weighted_ranking"": 1.188000023830682, ""K3_candidate_filters"": 6.014999991748482, ""K9_advisory_consensus"": 0.006599992047995329, ""K4_nli_and_bypass_check"": 35.827299987431616, ""K5_decision"": 0.3842000151053071}",28944
FACTURK-0442,YALAN,"[4436, 22762, 23745, 22441, 309, 6469, 19092, 17360, 18606, 17970, 18358, 21437, 7166, 1995, 17027, 17900, 28501, 6291, 15938, 8019]","[0.00013765462790615857, 0.000159678646014072, 0.004886374808847904, 6.302758993115276e-05, 0.0015070488443598151, 0.0004859560285694897, 0.0037948342505842447, 0.003403005190193653, 0.0010901900241151452, 0.012527932412922382, 0.001201891340315342, 0.0006538155721500516, 0.0016484829830005765, 0.0014550630003213882, 0.0009004466701298952, 0.00033535013790242374, 0.0012448433553799987, 0.0013198634842410684, 0.0031603530514985323, 0.0001344663032796234]","[0.0005114090163260698, 0.053488582372665405, 0.9460000395774841]","[0.0005114090163260698, 0.053488582372665405, 0.9460000395774841]",False,DOĞRU,ONAY,False,False,6706.5862999879755,"{""K1_input_and_readiness"": 0.055500015150755644, ""K7_context"": 0.001900014467537403, ""K1_normalization"": 0.010600022505968809, ""K6_advisory"": 37.59130003163591, ""K1_intent"": 0.03509997623041272, ""K2_retrieval"": 246.62829999579117, ""K3_reranker"": 4274.1299999761395, ""K8_weighted_ranking"": 1.642199989873916, ""K3_candidate_filters"": 6.300800014287233, ""K9_advisory_consensus"": 0.006099988240748644, ""K4_nli_and_bypass_check"": 1192.8086999687366, ""K5_decision"": 944.2534999689087}",18606
FACTURK-0443,YALAN,"[13967, 4452, 6765, 26400, 4561, 12677, 14405, 13795, 11778, 8213, 4143, 17797, 20781, 4224, 24567, 12248, 10892, 30371, 5199, 11855]","[0.03397199511528015, 0.00028685410507023335, 0.00026947917649522424, 0.06131153553724289, 0.016721142455935478, 0.01615283451974392, 0.025711586698889732, 0.002992665395140648, 0.0007180297398008406, 0.0001547666179249063, 0.003324436955153942, 0.002140589291229844, 0.0009850083151832223, 0.0040543340146541595, 0.007785655092447996, 0.00014539113908540457, 0.0017546144081279635, 0.0016875095898285508, 0.0002780309587251395, 0.0016103574307635427]","[0.0008395251352339983, 0.02440814860165119, 0.9747523069381714]","[0.0008395251352339983, 0.02440814860165119, 0.9747523069381714]",False,DOĞRU,ONAY,False,False,8740.405999997165,"{""K1_input_and_readiness"": 0.05440000677481294, ""K7_context"": 0.001700012944638729, ""K1_normalization"": 0.009699957445263863, ""K6_advisory"": 36.54240001924336, ""K1_intent"": 0.050600036047399044, ""K2_retrieval"": 259.95089998468757, ""K3_reranker"": 7217.327399994247, ""K8_weighted_ranking"": 1.4022999675944448, ""K3_candidate_filters"": 6.764499994460493, ""K9_advisory_consensus"": 0.007999944500625134, ""K4_nli_and_bypass_check"": 640.8988000475802, ""K5_decision"": 573.721699998714}",13967
FACTURK-0444,YALAN,"[10913, 12442, 25269, 15372, 15616, 28886, 30193, 2121, 7447, 17081, 27463, 18807, 6112, 4964, 4222, 20985, 10408, 11668, 16688, 13994]","[0.9826908707618713, 0.08772001415491104, 0.0014048678567633033, 0.18892180919647217, 0.10320506244897842, 0.059101540595293045, 0.000706905557308346, 0.009161027148365974, 0.000954731716774404, 3.373722574906424e-05, 0.00014539113908540457, 0.058884695172309875, 0.00019871552649419755, 0.011823395267128944, 0.0016941031208261847, 0.042166538536548615, 0.03283695504069328, 0.006463137920945883, 0.004264635033905506, 1.6442494597868063e-05]","[0.019369009882211685, 0.9781539440155029, 0.0024770169984549284]","[0.019369009882211685, 0.9781539440155029, 0.0024770169984549284]",False,YETERSİZ VERİ,RET,True,False,3471.2152000283822,"{""K1_input_and_readiness"": 0.063000014051795, ""K7_context"": 0.0016999547369778156, ""K1_normalization"": 0.01290004001930356, ""K6_advisory"": 36.16640000836924, ""K1_intent"": 0.04279997665435076, ""K2_retrieval"": 236.7691000108607, ""K3_reranker"": 2628.4587999689393, ""K8_weighted_ranking"": 1.4181999722495675, ""K3_candidate_filters"": 7.4641999672167, ""K9_advisory_consensus"": 0.007399998139590025, ""K4_nli_and_bypass_check"": 311.16659997496754, ""K5_decision"": 246.02459999732673}",10913
FACTURK-0445,DOĞRU,"[7505, 1362, 14542, 21056, 24882, 12686, 21609, 21491, 5980, 371, 448, 23792, 217, 17009, 163, 24521, 25534, 17654, 25701, 14659]","[0.9760379791259766, 1.750292540236842e-05, 1.6442494597868063e-05, 2.3737338779028505e-05, 0.0003006163169629872, 0.0002715921145863831, 0.0012065897462889552, 1.67014204635052e-05, 2.265035072923638e-05, 6.205049430718645e-05, 1.657145367062185e-05, 1.6964426322374493e-05, 0.0010005044750869274, 1.750292540236842e-05, 0.0006719278171658516, 0.0011160142021253705, 3.975192521465942e-05, 2.411113746347837e-05, 4.794958294951357e-05, 1.6442494597868063e-05]","[0.9966788291931152, 0.00048709995462559164, 0.0028341105207800865]","[0.9966788291931152, 0.00048709995462559164, 0.0028341105207800865]",False,DOĞRU,ONAY,False,False,4455.025899980683,"{""K1_input_and_readiness"": 0.050799979362636805, ""K7_context"": 0.001600012183189392, ""K1_normalization"": 0.010100018698722124, ""K6_advisory"": 37.09950001211837, ""K1_intent"": 0.05259999306872487, ""K2_retrieval"": 208.5977999959141, ""K3_reranker"": 3802.0637999870814, ""K8_weighted_ranking"": 1.406800001859665, ""K3_candidate_filters"": 6.773599947337061, ""K9_advisory_consensus"": 0.00689999433234334, ""K4_nli_and_bypass_check"": 214.8223000112921, ""K5_decision"": 180.69559999275953}",7505
FACTURK-0446,YALAN,"[16903, 3458, 12161, 25177, 4599, 12966, 27317, 4366, 14191, 15496, 29066, 19856, 21614, 19205, 16125, 12729, 6904, 7146, 11287, 20781]","[1.6187581422855146e-05, 4.1659583075670525e-05, 4.7206227463902906e-05, 3.591300992411561e-05, 1.683241134742275e-05, 0.00013552077871281654, 1.67014204635052e-05, 0.0002415662893326953, 0.00015720345254521817, 0.00027372167096473277, 0.0008796061738394201, 1.6187581422855146e-05, 1.7366719475830905e-05, 1.6442494597868063e-05, 2.908344322349876e-05, 1.6314539607265033e-05, 4.1986306314356625e-05, 7.197912054834887e-05, 0.0001823546044761315, 1.6314539607265033e-05]","[0.003610689425840974, 0.18034464120864868, 0.8160446882247925]","[0.003610689425840974, 0.18034464120864868, 0.8160446882247925]",False,DOĞRU,ONAY,False,False,3031.5144999767654,"{""K1_input_and_readiness"": 0.06479996955022216, ""K7_context"": 0.001400010660290718, ""K1_normalization"": 0.011999974958598614, ""K6_advisory"": 36.457300011534244, ""K1_intent"": 0.04069996066391468, ""K2_retrieval"": 289.0391999972053, ""K3_reranker"": 2536.149399995338, ""K8_weighted_ranking"": 1.9629000453278422, ""K3_candidate_filters"": 12.388000031933188, ""K9_advisory_consensus"": 0.011599971912801266, ""K4_nli_and_bypass_check"": 151.7658000229858, ""K5_decision"": 0.4091000300832093}",19205
FACTURK-0447,DOĞRU,"[2103, 21527, 9381, 7958, 23317, 18731, 5375, 20541, 12671, 1984, 24165, 17083, 10633, 17115, 16607, 4102, 9666, 9722, 7276, 24377]","[0.0005680934991687536, 1.6442494597868063e-05, 0.0005549409543164074, 0.00010229986219201237, 1.6964426322374493e-05, 1.7917987861437723e-05, 2.710879925871268e-05, 3.9135655242716894e-05, 0.00018667821132112294, 1.6314539607265033e-05, 0.00015843621804378927, 1.6314539607265033e-05, 1.67014204635052e-05, 1.67014204635052e-05, 1.6442494597868063e-05, 1.6442494597868063e-05, 2.2827996872365475e-05, 0.00020825010142289102, 2.2125668692751788e-05, 1.6314539607265033e-05]","[0.00573076494038105, 0.8619992136955261, 0.13227008283138275]","[0.00573076494038105, 0.8619992136955261, 0.13227008283138275]",False,YALAN,RED,False,False,2876.0318999993615,"{""K1_input_and_readiness"": 0.04650000482797623, ""K7_context"": 0.001400010660290718, ""K1_normalization"": 0.008400005754083395, ""K6_advisory"": 35.242200014181435, ""K1_intent"": 0.04880002234131098, ""K2_retrieval"": 223.27979997498915, ""K3_reranker"": 1819.8600000469014, ""K8_weighted_ranking"": 1.2357999803498387, ""K3_candidate_filters"": 7.51470000250265, ""K9_advisory_consensus"": 0.008200004231184721, ""K4_nli_and_bypass_check"": 397.5038999924436, ""K5_decision"": 387.53629999700934}",16607
FACTURK-0448,DOĞRU,"[17625, 18508, 17939, 16821, 9982, 22772, 3103, 8663, 14305, 1300, 1351, 16929, 19578, 3951, 26186, 19740, 7339, 27862, 14198, 1970]","[0.08093670755624771, 0.0012065897462889552, 0.08464395254850388, 1.6964426322374493e-05, 1.6187581422855146e-05, 0.0002396868512732908, 0.00025118677876889706, 0.0029694451950490475, 1.657145367062185e-05, 0.00043224150431342423, 0.060863446444272995, 0.007815888151526451, 0.0006851712241768837, 0.00017265156202483922, 4.365878339740448e-05, 1.6964426322374493e-05, 0.0002434604539303109, 1.67014204635052e-05, 2.030369250860531e-05, 0.022715754806995392]","[0.0013957603368908167, 0.9964248538017273, 0.002179323462769389]","[0.0013957603368908167, 0.9964248538017273, 0.002179323462769389]",False,YETERSİZ VERİ,RET,True,False,2931.4169000135735,"{""K1_input_and_readiness"": 0.06390002090483904, ""K7_context"": 0.001800013706088066, ""K1_normalization"": 0.012800039257854223, ""K6_advisory"": 36.562399996910244, ""K1_intent"": 0.04369998350739479, ""K2_retrieval"": 246.22410000301898, ""K3_reranker"": 2555.8045000070706, ""K8_weighted_ranking"": 1.441099971998483, ""K3_candidate_filters"": 6.8669000174850225, ""K9_advisory_consensus"": 0.00790000194683671, ""K4_nli_and_bypass_check"": 80.57150000240654, ""K5_decision"": 0.34309999318793416}",14198
FACTURK-0449,DOĞRU,"[202, 137, 20529, 14866, 3503, 4195, 7301, 16066, 12802, 20596, 20771, 18354, 58, 13753, 12309, 9953, 20079, 2795, 4999, 3213]","[0.023554330691695213, 0.029367854818701744, 0.0010202174307778478, 3.071818719035946e-05, 0.00048029719619080424, 2.908344322349876e-05, 0.004182493779808283, 1.6314539607265033e-05, 2.178264912799932e-05, 7.484622619813308e-05, 3.591300992411561e-05, 1.6061610949691385e-05, 1.6187581422855146e-05, 0.010489090345799923, 1.6314539607265033e-05, 5.605828482657671e-05, 0.00025315635139122605, 1.6187581422855146e-05, 0.0005484792054630816, 0.0028009270317852497]","[0.006979275494813919, 0.9767593145370483, 0.016261406242847443]","[0.006979275494813919, 0.9767593145370483, 0.016261406242847443]",False,YETERSİZ VERİ,RET,True,False,2641.3449000101537,"{""K1_input_and_readiness"": 0.05189998773857951, ""K7_context"": 0.0014999532140791416, ""K1_normalization"": 0.009400013368576765, ""K6_advisory"": 35.80020001390949, ""K1_intent"": 0.03720005042850971, ""K2_retrieval"": 249.67560003278777, ""K3_reranker"": 1758.41589999618, ""K8_weighted_ranking"": 1.3239000109024346, ""K3_candidate_filters"": 6.22129999101162, ""K9_advisory_consensus"": 0.012200034689158201, ""K4_nli_and_bypass_check"": 330.3606999688782, ""K5_decision"": 255.9798999573104}",2795
FACTURK-0450,DOĞRU,"[11726, 25030, 3796, 11235, 12342, 21608, 5011, 19802, 11964, 8785, 17532, 2575, 16630, 2395, 4450, 1293, 27711, 20046, 6860, 10573]","[0.00016346470511052758, 3.5633544030133635e-05, 8.750300185056403e-05, 0.0014721895568072796, 0.0010322310263291001, 3.1201914680423215e-05, 0.0037800956051796675, 4.101373633602634e-05, 0.0003770285693462938, 4.400118632474914e-05, 0.003538086311891675, 0.005469274241477251, 0.0013617033837363124, 1.6442494597868063e-05, 0.000471011851914227, 2.0785171727766283e-05, 1.9833367332466878e-05, 0.004314687568694353, 1.6314539607265033e-05, 7.843789353501052e-05]","[0.1441957652568817, 0.13983985781669617, 0.7159643769264221]","[0.1441957652568817, 0.13983985781669617, 0.7159643769264221]",False,DOĞRU,ONAY,False,False,4676.037200028077,"{""K1_input_and_readiness"": 0.05029997555539012, ""K7_context"": 0.001700012944638729, ""K1_normalization"": 0.011400028597563505, ""K6_advisory"": 34.68709997832775, ""K1_intent"": 0.03260001540184021, ""K2_retrieval"": 227.392399974633, ""K3_reranker"": 3345.929500006605, ""K8_weighted_ranking"": 1.297999988310039, ""K3_candidate_filters"": 6.061499996576458, ""K9_advisory_consensus"": 0.00600004568696022, ""K4_nli_and_bypass_check"": 542.3704999848269, ""K5_decision"": 514.4585000234656}",2575
FACTURK-0451,DOĞRU,"[19719, 22320, 3682, 13440, 29740, 13944, 14249, 20867, 19329, 30011, 16987, 11606, 12404, 1506, 2951, 22738, 29348, 8281, 13159, 23092]","[0.999127209186554, 0.00012148174573667347, 0.014672035351395607, 0.0004784255870617926, 0.00019871552649419755, 1.7231572201126255e-05, 0.001483718864619732, 0.0015247863484546542, 0.0012303582625463605, 0.007039045449346304, 7.197912054834887e-05, 0.00018961740715894848, 0.0001500056532677263, 3.219233258278109e-05, 2.977311669383198e-05, 0.00017536994710098952, 0.00010889690747717395, 1.6187581422855146e-05, 1.6061610949691385e-05, 1.6061610949691385e-05]",null,"[1.0, 0.0, 0.0]",True,DOĞRU,ONAY,False,False,2541.158900014125,"{""K1_input_and_readiness"": 0.07309997454285622, ""K7_context"": 0.002300017513334751, ""K1_normalization"": 0.01309998333454132, ""K6_advisory"": 37.59999998146668, ""K1_intent"": 0.05390000296756625, ""K2_retrieval"": 220.76269995886832, ""K3_reranker"": 2269.405299972277, ""K8_weighted_ranking"": 1.4747999957762659, ""K3_candidate_filters"": 7.492100005038083, ""K9_advisory_consensus"": 0.00790000194683671, ""K4_nli_and_bypass_check"": 0.2531000063754618, ""K5_decision"": 0.367900007404387}",19719
FACTURK-0452,YALAN,"[23438, 3473, 26119, 7164, 15133, 19963, 5169, 12902, 11966, 617, 20307, 2417, 28350, 25852, 23586, 1569, 18865, 11666, 10890, 2501]","[0.07094483077526093, 0.004231587518006563, 0.0014895173953846097, 0.001573112211190164, 0.00012830943160224706, 0.02527489699423313, 0.0017821963410824537, 0.022243669256567955, 0.012100386433303356, 0.00046917638974264264, 3.70529705833178e-05, 0.13251455128192902, 0.0036499870475381613, 0.003538086311891675, 0.0006719278171658516, 0.011777842417359352, 0.0046636550687253475, 0.021044565364718437, 0.011597361415624619, 0.0004859560285694897]","[0.0038508393336087465, 0.9518566727638245, 0.04429254308342934]","[0.0038508393336087465, 0.9518566727638245, 0.04429254308342934]",False,YALAN,RED,False,False,1851.8444999936037,"{""K1_input_and_readiness"": 0.055800017435103655, ""K7_context"": 0.0017999554984271526, ""K1_normalization"": 0.011100026313215494, ""K6_advisory"": 35.5003000004217, ""K1_intent"": 0.045199994929134846, ""K2_retrieval"": 230.25520000373945, ""K3_reranker"": 1543.3050999999978, ""K8_weighted_ranking"": 1.4397000195458531, ""K3_candidate_filters"": 8.12939996831119, ""K9_advisory_consensus"": 0.0077999429777264595, ""K4_nli_and_bypass_check"": 29.18930002488196, ""K5_decision"": 0.3063000040128827}",19963
FACTURK-0453,DOĞRU,"[16831, 9899, 24994, 15270, 16014, 24746, 5321, 19793, 14138, 23080, 2839, 25107, 8098, 17635, 16732, 17297, 20133, 2948, 22599, 21665]","[0.5991333723068237, 0.00041731575038284063, 0.0029694451950490475, 4.469407213036902e-05, 1.6061610949691385e-05, 1.6187581422855146e-05, 1.6187581422855146e-05, 0.0001673405058681965, 1.6187581422855146e-05, 0.0008199321455322206, 0.04054073989391327, 2.0462934116949327e-05, 1.6061610949691385e-05, 6.709224544465542e-05, 0.0009326360304839909, 0.13603349030017853, 1.6187581422855146e-05, 0.00010472556459717453, 0.006718870252370834, 1.683241134742275e-05]","[0.005079581867903471, 0.1600266695022583, 0.8348938226699829]","[0.005079581867903471, 0.1600266695022583, 0.8348938226699829]",False,DOĞRU,ONAY,False,False,3623.9542000112124,"{""K1_input_and_readiness"": 0.058399979025125504, ""K7_context"": 0.001700012944638729, ""K1_normalization"": 0.010999967344105244, ""K6_advisory"": 36.771099956240505, ""K1_intent"": 0.049400026910007, ""K2_retrieval"": 246.8234000261873, ""K3_reranker"": 2158.205599989742, ""K8_weighted_ranking"": 1.0911999852396548, ""K3_candidate_filters"": 5.503199994564056, ""K9_advisory_consensus"": 0.006099988240748644, ""K4_nli_and_bypass_check"": 593.2052999851294, ""K5_decision"": 578.5992999444716}",16831
FACTURK-0454,DOĞRU,"[394, 7110, 28636, 9362, 10959, 30174, 15500, 27598, 22098, 12955, 21260, 24668, 17607, 4012, 5238, 19626, 21980, 2177, 2892, 26299]","[0.9743373394012451, 0.057599205523729324, 0.0003814711526501924, 0.0006959536112844944, 6.0613183450186625e-05, 2.0623421733034775e-05, 0.00010889690747717395, 3.852893496514298e-05, 0.003579642390832305, 0.0035936026833951473, 1.657145367062185e-05, 0.0011380005162209272, 4.575391358230263e-05, 2.586742994026281e-05, 1.8486754925106652e-05, 0.00027586790383793414, 0.00025118677876889706, 4.870464181294665e-05, 2.318747829122003e-05, 1.6187581422855146e-05]","[0.004165465943515301, 0.9951199293136597, 0.0007146581192500889]","[0.004165465943515301, 0.9951199293136597, 0.0007146581192500889]",False,YALAN,RED,False,False,3466.7419000179507,"{""K1_input_and_readiness"": 0.06479996955022216, ""K7_context"": 0.001900014467537403, ""K1_normalization"": 0.013399985618889332, ""K6_advisory"": 34.96930003166199, ""K1_intent"": 0.044599990360438824, ""K2_retrieval"": 259.6085999975912, ""K3_reranker"": 2602.7695999946445, ""K8_weighted_ranking"": 1.5313000185415149, ""K3_candidate_filters"": 7.512599986512214, ""K9_advisory_consensus"": 0.007199996616691351, ""K4_nli_and_bypass_check"": 294.1040000296198, ""K5_decision"": 262.0809000218287}",394
FACTURK-0455,DOĞRU,"[23792, 5980, 14012, 8602, 3532, 20136, 6181, 2431, 19547, 1970, 26087, 13144, 28157, 19484, 29976, 12068, 22598, 18615, 6047, 29038]","[0.08756384253501892, 0.08137363195419312, 0.02124669775366783, 0.06681232154369354, 0.11221037805080414, 0.07198162376880646, 0.0005930210463702679, 0.0012448433553799987, 0.0008135565440170467, 0.0019267346942797303, 1.6442494597868063e-05, 0.0005592909292317927, 0.037256766110658646, 0.000437334441812709, 0.001512938179075718, 0.003456409554928541, 0.057918086647987366, 7.843789353501052e-05, 0.0002780309587251395, 0.0003920417802873999]","[0.0009774547070264816, 0.9973177313804626, 0.0017048300942406058]","[0.0009774547070264816, 0.9973177313804626, 0.0017048300942406058]",False,YALAN,UYARI,False,False,3383.1105999997817,"{""K1_input_and_readiness"": 0.11939997784793377, ""K7_context"": 0.0022999593056738377, ""K1_normalization"": 0.0274000340141356, ""K6_advisory"": 40.18900002120063, ""K1_intent"": 0.10130001464858651, ""K2_retrieval"": 341.4344999473542, ""K3_reranker"": 2846.8250000150874, ""K8_weighted_ranking"": 1.4522999990731478, ""K3_candidate_filters"": 7.229399983771145, ""K9_advisory_consensus"": 0.012200034689158201, ""K4_nli_and_bypass_check"": 141.6728000040166, ""K5_decision"": 0.17910002497956157}",3532
FACTURK-0456,DOĞRU,"[13712, 12152, 18172, 14909, 6760, 14443, 526, 18181, 23726, 18230, 3233, 19808, 17587, 28942, 17510, 8759, 11712, 18865, 9006, 2007]","[0.9600626826286316, 0.0468120314180851, 0.020725060254335403, 0.009125636890530586, 0.00011774459562730044, 0.0006166297243908048, 5.829126530443318e-05, 0.0005172813544049859, 0.003621685551479459, 0.00026947917649522424, 1.8631746570463292e-05, 0.0005193048855289817, 0.00037263770354911685, 0.00407013762742281, 0.026205414906144142, 0.031439851969480515, 0.004022909794002771, 0.001622967072762549, 0.012336100451648235, 0.00036829791497439146]","[0.002650556620210409, 0.9963337182998657, 0.0010156924836337566]","[0.002650556620210409, 0.9963337182998657, 0.0010156924836337566]",False,YALAN,RED,False,False,3170.8199999993667,"{""K1_input_and_readiness"": 0.05390000296756625, ""K7_context"": 0.0017999554984271526, ""K1_normalization"": 0.009300012607127428, ""K6_advisory"": 33.99969998281449, ""K1_intent"": 0.03330002073198557, ""K2_retrieval"": 240.6613000202924, ""K3_reranker"": 2158.0200999742374, ""K8_weighted_ranking"": 1.1383999953977764, ""K3_candidate_filters"": 6.100800004787743, ""K9_advisory_consensus"": 0.006600050255656242, ""K4_nli_and_bypass_check"": 359.0194000280462, ""K5_decision"": 366.82940000901}",13712
FACTURK-0457,DOĞRU,"[3638, 24731, 26883, 3954, 15108, 22098, 20735, 23660, 24289, 11989, 25258, 17597, 4240, 15677, 5201, 27889, 4872, 28620, 6541, 15620]","[0.988711953163147, 0.0005316132446750998, 2.014569145103451e-05, 0.0014103584690019488, 2.6274772608303465e-05, 0.00011501735571073368, 1.6187581422855146e-05, 0.00010804955672938377, 1.7640199075685814e-05, 0.00014883848780300468, 8.349628478754312e-05, 1.657145367062185e-05, 3.095910506090149e-05, 1.6061610949691385e-05, 1.6187581422855146e-05, 1.6442494597868063e-05, 1.7097478121286258e-05, 1.67014204635052e-05, 1.6187581422855146e-05, 1.6061610949691385e-05]","[0.9908058047294617, 0.004961771424859762, 0.004232351202517748]","[0.9908058047294617, 0.004961771424859762, 0.004232351202517748]",False,YALAN,RED,False,False,2702.6628999738023,"{""K1_input_and_readiness"": 0.14710001414641738, ""K7_context"": 0.0025999615900218487, ""K1_normalization"": 0.022499996703118086, ""K6_advisory"": 42.18379996018484, ""K1_intent"": 0.07289997301995754, ""K2_retrieval"": 251.20240001706406, ""K3_reranker"": 2204.4514999724925, ""K8_weighted_ranking"": 1.4396000187844038, ""K3_candidate_filters"": 7.5311000109650195, ""K9_advisory_consensus"": 0.007599999662488699, ""K4_nli_and_bypass_check"": 142.04310002969578, ""K5_decision"": 50.1586000318639}",3638
FACTURK-0458,DOĞRU,"[19271, 20849, 2951, 29203, 12912, 16729, 14257, 21637, 24303, 5342, 17586, 22323, 28784, 22211, 4733, 18978, 9652, 1155, 10655, 1860]","[3.591300992411561e-05, 0.0001686527393758297, 0.0009659748757258058, 0.00020988310279790312, 1.7640199075685814e-05, 0.0026316740550100803, 1.6061610949691385e-05, 0.00016474656877107918, 0.0005725466180592775, 1.8486754925106652e-05, 1.750292540236842e-05, 0.0002591582597233355, 7.426380761899054e-05, 1.6314539607265033e-05, 4.037790131405927e-05, 4.575391358230263e-05, 0.00022167809947859496, 1.892514956125524e-05, 0.0006047102506272495, 1.6314539607265033e-05]","[0.0017152579966932535, 0.5767450332641602, 0.4215397238731384]","[0.0017152579966932535, 0.5767450332641602, 0.4215397238731384]",False,YETERSİZ VERİ,RET,True,False,3034.2980000423267,"{""K1_input_and_readiness"": 0.053499999921768904, ""K7_context"": 0.001400010660290718, ""K1_normalization"": 0.012199976481497288, ""K6_advisory"": 35.16309999395162, ""K1_intent"": 0.036999990697950125, ""K2_retrieval"": 270.5450999783352, ""K3_reranker"": 2566.869299975224, ""K8_weighted_ranking"": 1.4341999776661396, ""K3_candidate_filters"": 6.965300010051578, ""K9_advisory_consensus"": 0.00790000194683671, ""K4_nli_and_bypass_check"": 149.27950000856072, ""K5_decision"": 0.3836000105366111}",17586
FACTURK-0459,DOĞRU,"[4012, 27823, 27910, 25662, 6254, 26299, 29502, 26227, 3976, 29621, 20162, 2384, 2043, 11893, 3902, 8961, 15755, 17845, 9587, 23830]","[5.738759500673041e-05, 0.0011116681853309274, 0.9598374962806702, 0.0001511819864390418, 1.683241134742275e-05, 3.975192521465942e-05, 0.002790037775412202, 0.00012053649697918445, 5.5622065701754764e-05, 6.452214438468218e-05, 1.6314539607265033e-05, 0.00010071400902234018, 0.00010071400902234018, 1.6314539607265033e-05, 1.657145367062185e-05, 1.6187581422855146e-05, 0.0006878511630930007, 1.6187581422855146e-05, 2.0623421733034775e-05, 0.006641112733632326]","[0.01673148386180401, 0.9830133318901062, 0.0002551537472754717]","[0.01673148386180401, 0.9830133318901062, 0.0002551537472754717]",False,YETERSİZ VERİ,RET,True,False,2908.734900003765,"{""K1_input_and_readiness"": 0.048600020818412304, ""K7_context"": 0.001800013706088066, ""K1_normalization"": 0.01079996582120657, ""K6_advisory"": 35.790199995972216, ""K1_intent"": 0.049400026910007, ""K2_retrieval"": 228.5738000064157, ""K3_reranker"": 2193.7253000214696, ""K8_weighted_ranking"": 1.5684000100009143, ""K3_candidate_filters"": 7.428299984894693, ""K9_advisory_consensus"": 0.016200006939470768, ""K4_nli_and_bypass_check"": 260.1460999576375, ""K5_decision"": 177.93999996501952}",27910
FACTURK-0460,DOĞRU,"[15741, 28591, 20767, 17385, 14392, 30237, 9535, 26562, 23184, 24510, 6952, 9463, 2526, 24966, 27331, 5108, 17205, 24521, 10714, 9053]","[0.2018132209777832, 1.967902426258661e-05, 0.0008592476369813085, 3.321419353596866e-05, 0.00018522572645451874, 0.001004416379146278, 0.34224167466163635, 0.4157288372516632, 0.03753800690174103, 0.00012931563833262771, 0.001069126301445067, 0.004451041109859943, 8.029783930396661e-05, 0.014957086183130741, 0.0012793075293302536, 0.00341627886518836, 0.024516336619853973, 3.024195939360652e-05, 0.00023050670279189944, 4.365878339740448e-05]","[0.030627423897385597, 0.8942487835884094, 0.07512382417917252]","[0.030627423897385597, 0.8942487835884094, 0.07512382417917252]",False,YALAN,RED,False,False,5865.101300005335,"{""K1_input_and_readiness"": 0.08240004535764456, ""K7_context"": 0.0015999539755284786, ""K1_normalization"": 0.013500044587999582, ""K6_advisory"": 36.25940001802519, ""K1_intent"": 0.0513000413775444, ""K2_retrieval"": 240.63079996267334, ""K3_reranker"": 4042.5576000125147, ""K8_weighted_ranking"": 1.3498000334948301, ""K3_candidate_filters"": 7.2616999968886375, ""K9_advisory_consensus"": 0.007199996616691351, ""K4_nli_and_bypass_check"": 837.8280000179075, ""K5_decision"": 695.5497000017203}",26562
FACTURK-0461,DOĞRU,"[16362, 27523, 21803, 18468, 20730, 19657, 21874, 5821, 28510, 26694, 20718, 8008, 6418, 11442, 10106, 29138, 4119, 20683, 1887, 10997]","[0.003135835751891136, 0.018761085346341133, 0.0010083435336127877, 0.2420264333486557, 0.008677716366946697, 1.6314539607265033e-05, 0.0003366621967870742, 0.0007733057136647403, 0.2889702320098877, 0.001220795209519565, 0.0002234163403045386, 3.244481558795087e-05, 0.021739594638347626, 0.2080180048942566, 0.0074030146934092045, 0.17078441381454468, 0.002934951800853014, 0.004736748989671469, 0.01196109689772129, 0.00272558256983757]","[0.003221618477255106, 0.9935641884803772, 0.0032141890842467546]","[0.003221618477255106, 0.9935641884803772, 0.0032141890842467546]",False,YETERSİZ VERİ,RET,True,False,3046.0947999963537,"{""K1_input_and_readiness"": 0.07000000914558768, ""K7_context"": 0.0019999570213258266, ""K1_normalization"": 0.017400016076862812, ""K6_advisory"": 36.953399947378784, ""K1_intent"": 0.05560001591220498, ""K2_retrieval"": 239.9091999977827, ""K3_reranker"": 2142.0118999667466, ""K8_weighted_ranking"": 1.4856000198051333, ""K3_candidate_filters"": 6.127699976786971, ""K9_advisory_consensus"": 0.006299989763647318, ""K4_nli_and_bypass_check"": 355.250199965667, ""K5_decision"": 260.79590001609176}",28510
FACTURK-0462,DOĞRU,"[22886, 27460, 11229, 1814, 26581, 14360, 23213, 6380, 5113, 8916, 15736, 1194, 3235, 2197, 2281, 4127, 2294, 6592, 5557, 25038]","[0.00039821304380893707, 5.649793456541374e-05, 0.005469274241477251, 0.00010229986219201237, 2.7969301299890503e-05, 2.710879925871268e-05, 1.892514956125524e-05, 3.4537253668531775e-05, 2.4300241420860402e-05, 1.6442494597868063e-05, 1.67014204635052e-05, 1.6314539607265033e-05, 4.006369272246957e-05, 1.6187581422855146e-05, 1.6187581422855146e-05, 5.920916373725049e-05, 1.6187581422855146e-05, 1.6187581422855146e-05, 1.657145367062185e-05, 4.985958003089763e-05]","[0.006400851532816887, 0.0030256856698542833, 0.9905734658241272]","[0.006400851532816887, 0.0030256856698542833, 0.9905734658241272]",False,YETERSİZ VERİ,KISMI,True,False,4444.9468000093475,"{""K1_input_and_readiness"": 0.044899992644786835, ""K7_context"": 0.0017999554984271526, ""K1_normalization"": 0.008500006515532732, ""K6_advisory"": 33.69910002220422, ""K1_intent"": 0.04050001734867692, ""K2_retrieval"": 211.6070999763906, ""K3_reranker"": 3552.7597999898717, ""K8_weighted_ranking"": 1.3347999774850905, ""K3_candidate_filters"": 6.024900008924305, ""K9_advisory_consensus"": 0.007100054062902927, ""K4_nli_and_bypass_check"": 384.19769995380193, ""K5_decision"": 251.20060000335798}",11229
FACTURK-0463,DOĞRU,"[23757, 15675, 20136, 16824, 13796, 4682, 15719, 4119, 26138, 12622, 28388, 2899, 29138, 1766, 4144, 21058, 2498, 25537, 26355, 8792]","[0.0015669887652620673, 2.4876489987946115e-05, 0.0035657365806400776, 2.6688529032981023e-05, 0.016029147431254387, 2.161314114346169e-05, 0.04099902883172035, 7.843789353501052e-05, 0.0014381353976204991, 0.15674921870231628, 1.9373936083866283e-05, 0.00010071400902234018, 0.0027683854568749666, 6.452214438468218e-05, 0.0007854739669710398, 2.265035072923638e-05, 4.5044595026411116e-05, 0.0006745558930560946, 0.0005907104350626469, 0.04099902883172035]","[0.0004852986603509635, 0.9992152452468872, 0.0002993864181917161]","[0.0004852986603509635, 0.9992152452468872, 0.0002993864181917161]",False,YALAN,UYARI,False,False,2954.7573999734595,"{""K1_input_and_readiness"": 0.09309995220974088, ""K7_context"": 0.001700012944638729, ""K1_normalization"": 0.014399993233382702, ""K6_advisory"": 36.50420001940802, ""K1_intent"": 0.05039997631683946, ""K2_retrieval"": 275.42979997815564, ""K3_reranker"": 2573.1932999915443, ""K8_weighted_ranking"": 1.0911999852396548, ""K3_candidate_filters"": 5.789200018625706, ""K9_advisory_consensus"": 0.006399990525096655, ""K4_nli_and_bypass_check"": 58.7334000156261, ""K5_decision"": 0.3179000341333449}",8792
FACTURK-0464,DOĞRU,"[16499, 17870, 20974, 70, 23378, 16491, 25298, 120, 5228, 8304, 25705, 27957, 26958, 23309, 3402, 7091, 14155, 21399, 7681, 21542]","[0.21900326013565063, 0.00046917638974264264, 0.08374040573835373, 6.0613183450186625e-05, 0.01858215034008026, 0.0007236572564579546, 0.011463796719908714, 6.302758993115276e-05, 1.6061610949691385e-05, 0.08137363195419312, 0.0120537793263793, 1.6061610949691385e-05, 0.07949569821357727, 1.6187581422855146e-05, 0.038610927760601044, 0.0007236572564579546, 0.000159678646014072, 4.331903619458899e-05, 2.7751651941798627e-05, 0.0008592476369813085]","[0.0027298738714307547, 0.8305953741073608, 0.16667479276657104]","[0.0027298738714307547, 0.8305953741073608, 0.16667479276657104]",False,YETERSİZ VERİ,RET,True,False,2818.5058999806643,"{""K1_input_and_readiness"": 0.04379998426884413, ""K7_context"": 0.001600012183189392, ""K1_normalization"": 0.008100003469735384, ""K6_advisory"": 35.23520001908764, ""K1_intent"": 0.04539999645203352, ""K2_retrieval"": 213.08489999501035, ""K3_reranker"": 2022.2438999917358, ""K8_weighted_ranking"": 1.5887999907135963, ""K3_candidate_filters"": 7.333800022024661, ""K9_advisory_consensus"": 0.008400005754083395, ""K4_nli_and_bypass_check"": 297.35200002323836, ""K5_decision"": 238.2169000338763}",120
FACTURK-0465,DOĞRU,"[11397, 25052, 28440, 19431, 8376, 12992, 15297, 29414, 29661, 26755, 1792, 19343, 12732, 23337, 2436, 12379, 15898, 8329, 24101, 21113]","[1.6187581422855146e-05, 2.3737338779028505e-05, 2.2474090656032786e-05, 1.6061610949691385e-05, 1.922317096614279e-05, 4.539786823443137e-05, 0.007636216934770346, 0.0645354762673378, 0.20577459037303925, 1.593661909282673e-05, 1.892514956125524e-05, 1.593661909282673e-05, 0.12410681694746017, 0.0008659808663651347, 1.6442494597868063e-05, 2.5466406441410072e-05, 0.047691281884908676, 1.67014204635052e-05, 1.6314539607265033e-05, 0.03132111579179764]","[0.003370158839970827, 0.996239423751831, 0.0003904092882294208]","[0.003370158839970827, 0.996239423751831, 0.0003904092882294208]",False,YETERSİZ VERİ,RET,True,False,2633.996200049296,"{""K1_input_and_readiness"": 0.05570001667365432, ""K7_context"": 0.001500011421740055, ""K1_normalization"": 0.00689999433234334, ""K6_advisory"": 34.941399993840605, ""K1_intent"": 0.04539999645203352, ""K2_retrieval"": 219.68909999122843, ""K3_reranker"": 1787.8683000453748, ""K8_weighted_ranking"": 1.1454999912530184, ""K3_candidate_filters"": 6.0545000014826655, ""K9_advisory_consensus"": 0.013599987141788006, ""K4_nli_and_bypass_check"": 290.2860000031069, ""K5_decision"": 290.5194000340998}",29414
FACTURK-0466,YALAN,"[2149, 27453, 7236, 5635, 23119, 11007, 4846, 7082, 3133, 25538, 5319, 1814, 26537, 154, 24899, 5782, 174, 20506, 20288, 21849]","[0.017442485317587852, 0.0001837845629779622, 0.0002234163403045386, 0.00017674513219390064, 0.0009927261853590608, 0.00012731103925034404, 0.00018522572645451874, 0.00026738259475678205, 6.205049430718645e-05, 0.00018814207578543574, 1.6187581422855146e-05, 1.6187581422855146e-05, 1.922317096614279e-05, 0.0018675660248845816, 2.5071596610359848e-05, 2.0785171727766283e-05, 0.0021322614047676325, 6.814872176619247e-05, 1.6061610949691385e-05, 1.6314539607265033e-05]","[0.004324728157371283, 0.9336389899253845, 0.06203634291887283]","[0.004324728157371283, 0.9336389899253845, 0.06203634291887283]",False,YALAN,RED,False,False,3113.141199981328,"{""K1_input_and_readiness"": 0.05169998621568084, ""K7_context"": 0.001600012183189392, ""K1_normalization"": 0.010599964298307896, ""K6_advisory"": 34.50349997729063, ""K1_intent"": 0.05059997783973813, ""K2_retrieval"": 244.4833000190556, ""K3_reranker"": 2165.027500013821, ""K8_weighted_ranking"": 1.3598999939858913, ""K3_candidate_filters"": 7.14569998672232, ""K9_advisory_consensus"": 0.007499998901039362, ""K4_nli_and_bypass_check"": 358.8372000376694, ""K5_decision"": 297.94040002161637}",2149
FACTURK-0467,YALAN,"[22428, 7192, 16760, 15797, 18021, 24615, 28155, 8522, 24087, 24295, 25240, 2513, 25153, 14322, 20042, 24752, 15763, 4529, 22812, 19254]","[9.17019642656669e-05, 0.0874079093337059, 0.00018093574908562005, 0.02909075655043125, 0.010776725597679615, 0.0015854305820539594, 0.0044165560975670815, 0.004433765076100826, 2.6688529032981023e-05, 0.011331753805279732, 2.6897845600615256e-05, 0.0006070755189284682, 0.00039821304380893707, 0.004264635033905506, 0.007176882121711969, 0.001192549243569374, 4.870464181294665e-05, 0.04913078621029854, 0.11104825139045715, 0.003172682598233223]","[0.3785041868686676, 0.23960548639297485, 0.38189026713371277]","[0.3785041868686676, 0.23960548639297485, 0.38189026713371277]",False,YALAN,RED,False,False,2720.4218999831937,"{""K1_input_and_readiness"": 0.052799994591623545, ""K7_context"": 0.0018999562598764896, ""K1_normalization"": 0.00990001717582345, ""K6_advisory"": 34.7808999940753, ""K1_intent"": 0.04020001506432891, ""K2_retrieval"": 236.8548999656923, ""K3_reranker"": 1780.1271999487653, ""K8_weighted_ranking"": 1.1950000189244747, ""K3_candidate_filters"": 6.51899998774752, ""K9_advisory_consensus"": 0.011999974958598614, ""K4_nli_and_bypass_check"": 358.0872999737039, ""K5_decision"": 299.09599997336045}",25240
FACTURK-0468,YALAN,"[9150, 8347, 13639, 21518, 8456, 20449, 21058, 13796, 26355, 10960, 2498, 24184, 1766, 5535, 2984, 25675, 23508, 24591, 6420, 25178]","[0.03050205484032631, 0.01057048887014389, 7.782753527862951e-05, 0.0002715921145863831, 0.00012148174573667347, 5.144220995134674e-05, 2.1278065105434507e-05, 0.001299427472986281, 0.00016093082376755774, 0.0005614787805825472, 6.205049430718645e-05, 0.00041731575038284063, 3.647853736765683e-05, 4.231559796608053e-05, 1.683241134742275e-05, 2.6688529032981023e-05, 0.000192602863535285, 0.0002472934720572084, 0.002082970691844821, 0.000638679601252079]","[0.0013141789240762591, 0.9977015852928162, 0.0009842345025390387]","[0.0013141789240762591, 0.9977015852928162, 0.0009842345025390387]",False,YALAN,UYARI,False,False,3274.351399973966,"{""K1_input_and_readiness"": 0.09169999975711107, ""K7_context"": 0.0015999539755284786, ""K1_normalization"": 0.014999997802078724, ""K6_advisory"": 36.04149998864159, ""K1_intent"": 0.05029997555539012, ""K2_retrieval"": 296.63679999066517, ""K3_reranker"": 2844.9470999767072, ""K8_weighted_ranking"": 1.3656000373885036, ""K3_candidate_filters"": 6.868200027383864, ""K9_advisory_consensus"": 0.007700000423938036, ""K4_nli_and_bypass_check"": 84.41890001995489, ""K5_decision"": 0.18700002692639828}",9150
FACTURK-0469,DOĞRU,"[24613, 18181, 13693, 19390, 19808, 21244, 526, 16017, 12821, 18865, 6620, 3703, 17720, 7019, 12152, 2109, 2007, 16202, 3233, 3841]","[0.75743567943573, 0.00029365462251007557, 2.93115390377352e-05, 0.014227046631276608, 0.004314687568694353, 3.269927037763409e-05, 1.9833367332466878e-05, 0.0009146137163043022, 4.365878339740448e-05, 0.0014550630003213882, 0.002123966347426176, 0.0006070755189284682, 2.8409744118107483e-05, 0.00015843621804378927, 0.0009146137163043022, 0.00014313739666249603, 0.00023050670279189944, 2.818866414600052e-05, 1.6964426322374493e-05, 0.0029121784027665854]","[0.6761459708213806, 0.2240755259990692, 0.09977848082780838]","[0.6761459708213806, 0.2240755259990692, 0.09977848082780838]",False,YETERSİZ VERİ,KISMI,True,False,4267.9008999839425,"{""K1_input_and_readiness"": 0.056299963034689426, ""K7_context"": 0.001500011421740055, ""K1_normalization"": 0.01109996810555458, ""K6_advisory"": 36.73220000928268, ""K1_intent"": 0.05759997293353081, ""K2_retrieval"": 240.178800013382, ""K3_reranker"": 3318.4523000381887, ""K8_weighted_ranking"": 1.1739000328816473, ""K3_candidate_filters"": 6.171999964863062, ""K9_advisory_consensus"": 0.007199996616691351, ""K4_nli_and_bypass_check"": 354.27399998297915, ""K5_decision"": 307.08139995113015}",24613
FACTURK-0470,DOĞRU,"[21185, 26436, 17601, 16987, 11362, 14585, 26173, 10053, 24053, 12147, 27375, 7221, 15388, 12865, 3503, 23841, 6895, 1633, 18170, 28248]","[0.009708477184176445, 0.0028560124337673187, 0.0008559006964787841, 0.018546566367149353, 1.6061610949691385e-05, 0.0012065897462889552, 0.0001621928095119074, 1.6314539607265033e-05, 1.6061610949691385e-05, 0.0001195985751110129, 0.009898064658045769, 2.2827996872365475e-05, 1.6964426322374493e-05, 1.6187581422855146e-05, 1.6442494597868063e-05, 0.00214894930832088, 0.00010071400902234018, 0.0006641048239544034, 2.93115390377352e-05, 1.6314539607265033e-05]","[0.020065488293766975, 0.9727575778961182, 0.007176981773227453]","[0.020065488293766975, 0.9727575778961182, 0.007176981773227453]",False,YALAN,RED,False,False,3736.092999984976,"{""K1_input_and_readiness"": 0.1756999990902841, ""K7_context"": 0.003300025127828121, ""K1_normalization"": 0.02440001117065549, ""K6_advisory"": 37.19900001306087, ""K1_intent"": 0.07160002132877707, ""K2_retrieval"": 289.74989999551326, ""K3_reranker"": 3250.462600030005, ""K8_weighted_ranking"": 1.1641000164672732, ""K3_candidate_filters"": 6.499100010842085, ""K9_advisory_consensus"": 0.007099995855242014, ""K4_nli_and_bypass_check"": 146.8487000092864, ""K5_decision"": 0.43020001612603664}",16987
FACTURK-0471,YALAN,"[8807, 9030, 26892, 21598, 15765, 7476, 16545, 12693, 3102, 16843, 3594, 25920, 521, 7613, 28620, 18729, 14093, 314, 27265, 26203]","[0.000159678646014072, 7.602479308843613e-05, 0.0002396868512732908, 0.00014539113908540457, 0.0015669887652620673, 0.00018093574908562005, 1.6442494597868063e-05, 0.00013342000602278858, 0.00021654405281879008, 0.0035243413876742125, 0.0008761798962950706, 2.1444948288262822e-05, 0.08725224435329437, 0.0002396868512732908, 0.003456409554928541, 0.006217078305780888, 0.00014313739666249603, 2.7535690605873242e-05, 0.024750972166657448, 7.602479308843613e-05]","[0.0023191114887595177, 0.9946414232254028, 0.003039457369595766]","[0.0023191114887595177, 0.9946414232254028, 0.003039457369595766]",False,YETERSİZ VERİ,RET,True,False,5806.799200014211,"{""K1_input_and_readiness"": 0.12829998740926385, ""K7_context"": 0.0021999585442245007, ""K1_normalization"": 0.024800014216452837, ""K6_advisory"": 39.24449998885393, ""K1_intent"": 0.12279994552955031, ""K2_retrieval"": 292.1866000397131, ""K3_reranker"": 3005.8474999968894, ""K8_weighted_ranking"": 1.2370999902486801, ""K3_candidate_filters"": 7.131899998057634, ""K9_advisory_consensus"": 0.006699992809444666, ""K4_nli_and_bypass_check"": 1243.4212999651209, ""K5_decision"": 1213.8788999873213}",16843
FACTURK-0472,DOĞRU,"[7048, 19673, 6047, 20141, 17301, 22106, 19683, 27049, 17678, 14705, 26372, 3202, 16074, 23757, 2997, 13584, 29892, 4938, 2647, 24354]","[0.0009399438858963549, 0.05738753825426102, 5.475977377500385e-05, 0.003664220217615366, 6.976470467634499e-05, 0.20197059214115143, 0.0019418168812990189, 0.00020988310279790312, 0.0014607495395466685, 0.0024249141570180655, 0.0036499870475381613, 0.0003799845289904624, 0.0014895173953846097, 0.009161027148365974, 4.9086618673754856e-05, 0.0026522595435380936, 2.8409744118107483e-05, 0.0009004466701298952, 3.1693256460130215e-05, 0.0008263576892204583]","[0.0029538257513195276, 0.9592911601066589, 0.03775505721569061]","[0.0029538257513195276, 0.9592911601066589, 0.03775505721569061]",False,YETERSİZ VERİ,RET,True,False,4763.210300006904,"{""K1_input_and_readiness"": 0.057999975979328156, ""K7_context"": 0.001700012944638729, ""K1_normalization"": 0.01090002479031682, ""K6_advisory"": 37.30429999995977, ""K1_intent"": 0.04869996337220073, ""K2_retrieval"": 229.007099987939, ""K3_reranker"": 3773.0957999592647, ""K8_weighted_ranking"": 1.5644000377506018, ""K3_candidate_filters"": 7.077000045683235, ""K9_advisory_consensus"": 0.007199996616691351, ""K4_nli_and_bypass_check"": 389.61730001028627, ""K5_decision"": 321.78729999577627}",19673
FACTURK-0473,YALAN,"[16635, 29883, 5222, 6252, 12870, 11877, 28823, 20628, 18615, 1856, 21527, 24499, 20315, 17923, 10070, 10150, 20632, 25088, 29846, 24287]","[0.003123648464679718, 0.005957154091447592, 0.003260345896705985, 2.4300241420860402e-05, 0.0008899655076675117, 0.0005316132446750998, 2.710879925871268e-05, 1.6187581422855146e-05, 0.00023413581948261708, 0.00045474787475541234, 2.392351052549202e-05, 0.0003711854515131563, 0.00023597174731548876, 0.0011247574584558606, 0.002123966347426176, 6.302758993115276e-05, 0.00010071400902234018, 6.922183820279315e-05, 0.00036829791497439146, 0.00040290519245900214]","[0.023716745898127556, 0.29599490761756897, 0.6802883744239807]","[0.023716745898127556, 0.29599490761756897, 0.6802883744239807]",False,DOĞRU,ONAY,False,False,3782.961199991405,"{""K1_input_and_readiness"": 0.06630003917962313, ""K7_context"": 0.002300017513334751, ""K1_normalization"": 0.025900022592395544, ""K6_advisory"": 36.09139996115118, ""K1_intent"": 0.045900000259280205, ""K2_retrieval"": 249.79119998170063, ""K3_reranker"": 2171.1208999622613, ""K8_weighted_ranking"": 1.3849000097252429, ""K3_candidate_filters"": 6.8792999954894185, ""K9_advisory_consensus"": 0.008300004992634058, ""K4_nli_and_bypass_check"": 643.9982000156306, ""K5_decision"": 669.6524000144564}",20632
FACTURK-0474,DOĞRU,"[14015, 5289, 20971, 17025, 25711, 27420, 13338, 25537, 23653, 3314, 7387, 22792, 12187, 5520, 11532, 3335, 17684, 18127, 14775, 3213]","[0.9952816367149353, 0.20212802290916443, 0.002822832902893424, 4.832564081880264e-05, 0.000458312890259549, 0.00011412239109631628, 0.5973730087280273, 0.004792316351085901, 0.0024822766426950693, 0.0838903859257698, 0.012576347216963768, 1.892514956125524e-05, 2.0785171727766283e-05, 0.00020184421737212688, 0.00028685410507023335, 1.805851934477687e-05, 2.93115390377352e-05, 0.002082970691844821, 1.8777873265207745e-05, 0.001629308913834393]","[0.9963602423667908, 0.002959925215691328, 0.0006798380636610091]","[0.9963602423667908, 0.002959925215691328, 0.0006798380636610091]",False,YETERSİZ VERİ,KISMI,True,False,3382.951600011438,"{""K1_input_and_readiness"": 0.07050001295283437, ""K7_context"": 0.002100015990436077, ""K1_normalization"": 0.012999982573091984, ""K6_advisory"": 36.01639997214079, ""K1_intent"": 0.05029997555539012, ""K2_retrieval"": 243.30129998270422, ""K3_reranker"": 2783.1103000207804, ""K8_weighted_ranking"": 1.450599986128509, ""K3_candidate_filters"": 7.693200022913516, ""K9_advisory_consensus"": 0.008200004231184721, ""K4_nli_and_bypass_check"": 192.41080002393574, ""K5_decision"": 115.51440000766888}",14015
FACTURK-0475,YALAN,"[12587, 20389, 23961, 27788, 10260, 12068, 26367, 10039, 19509, 21565, 6377, 8674, 3341, 1571, 17084, 29272, 12497, 10183, 23590, 25402]","[0.8687154054641724, 0.17078441381454468, 0.016466174274683, 0.0001699752756394446, 0.00031015597051009536, 0.002704429440200329, 0.0003077430883422494, 0.0006851712241768837, 0.00045474787475541234, 9.535461140330881e-05, 0.0011649561347439885, 6.402006692951545e-05, 1.6061610949691385e-05, 0.0002611903182696551, 0.005620036274194717, 3.8831109122838825e-05, 0.0020033332984894514, 0.00040290519245900214, 0.00023231418163049966, 3.508111694827676e-05]","[0.11814358085393906, 0.8353666067123413, 0.046489834785461426]","[0.11814358085393906, 0.8353666067123413, 0.046489834785461426]",False,YETERSİZ VERİ,RET,True,False,5342.483999964315,"{""K1_input_and_readiness"": 0.050799979362636805, ""K7_context"": 0.001500011421740055, ""K1_normalization"": 0.010399962775409222, ""K6_advisory"": 35.84869997575879, ""K1_intent"": 0.04090002039447427, ""K2_retrieval"": 254.2692999704741, ""K3_reranker"": 3506.225999968592, ""K8_weighted_ranking"": 1.4928000164218247, ""K3_candidate_filters"": 7.47909996425733, ""K9_advisory_consensus"": 0.013899989426136017, ""K4_nli_and_bypass_check"": 743.342500005383, ""K5_decision"": 789.4884000415914}",12587
FACTURK-0476,DOĞRU,"[19855, 18980, 10423, 14607, 30339, 940, 26972, 6775, 1663, 23704, 1864, 3370, 23893, 5310, 26694, 29633, 25768, 6256, 2710, 27128]","[3.5633544030133635e-05, 0.006265534088015556, 0.0001097509084502235, 0.0006589401164092124, 0.0014721895568072796, 0.00024536947603337467, 0.0006851712241768837, 0.0001956353517016396, 0.00021995337738189846, 0.0004529758298303932, 6.014152313582599e-05, 6.108854722697288e-05, 0.0001547666179249063, 1.7231572201126255e-05, 0.00038747614598833025, 3.734356869244948e-05, 0.0007124459953047335, 1.6187581422855146e-05, 9.915272676153108e-05, 2.392351052549202e-05]","[0.004907630383968353, 0.9789203405380249, 0.016172068193554878]","[0.004907630383968353, 0.9789203405380249, 0.016172068193554878]",False,YETERSİZ VERİ,RET,True,False,10272.992499987595,"{""K1_input_and_readiness"": 0.09269994916394353, ""K7_context"": 0.001900014467537403, ""K1_normalization"": 0.01479999627918005, ""K6_advisory"": 36.86130000278354, ""K1_intent"": 0.059399986639618874, ""K2_retrieval"": 272.5034999893978, ""K3_reranker"": 8676.651399990078, ""K8_weighted_ranking"": 1.3620000099763274, ""K3_candidate_filters"": 7.186699949670583, ""K9_advisory_consensus"": 0.007599999662488699, ""K4_nli_and_bypass_check"": 661.3263000035658, ""K5_decision"": 613.1312000215985}",26694
FACTURK-0477,YALAN,"[321, 29738, 15375, 8377, 11552, 27940, 14600, 8792, 11691, 4175, 26727, 27764, 8486, 19966, 6837, 22171, 1480, 29838, 14508, 7028]","[0.026708463206887245, 0.11240508407354355, 1.7231572201126255e-05, 8.818923379294574e-05, 0.0059110685251653194, 0.0001699752756394446, 1.7917987861437723e-05, 6.976470467634499e-05, 1.6314539607265033e-05, 0.0006959536112844944, 0.0002982776495628059, 1.7097478121286258e-05, 2.3369333575828932e-05, 0.015365341678261757, 1.7231572201126255e-05, 0.02655657008290291, 0.26114246249198914, 0.04778006672859192, 0.0008592476369813085, 1.6314539607265033e-05]","[0.030328989028930664, 0.9202245473861694, 0.0494464710354805]","[0.030328989028930664, 0.9202245473861694, 0.0494464710354805]",False,YALAN,UYARI,False,False,3378.228100016713,"{""K1_input_and_readiness"": 0.05889998283237219, ""K7_context"": 0.001500011421740055, ""K1_normalization"": 0.010699965059757233, ""K6_advisory"": 37.240799982100725, ""K1_intent"": 0.05360000068321824, ""K2_retrieval"": 215.20929998951033, ""K3_reranker"": 3026.7267000162974, ""K8_weighted_ranking"": 1.3268999755382538, ""K3_candidate_filters"": 8.803099975921214, ""K9_advisory_consensus"": 0.008000002708286047, ""K4_nli_and_bypass_check"": 84.79230001103133, ""K5_decision"": 0.35859999479725957}",1480
FACTURK-0478,DOĞRU,"[22549, 5660, 26234, 29261, 9452, 3213, 8148, 15833, 8821, 28597, 1192, 5039, 17814, 2151, 26468, 15444, 14350, 9502, 6090, 7868]","[1.6061610949691385e-05, 1.6442494597868063e-05, 1.7231572201126255e-05, 1.683241134742275e-05, 1.6187581422855146e-05, 2.818866414600052e-05, 1.657145367062185e-05, 1.6442494597868063e-05, 1.6061610949691385e-05, 1.6964426322374493e-05, 1.6442494597868063e-05, 1.6314539607265033e-05, 0.00011774459562730044, 2.2474090656032786e-05, 1.805851934477687e-05, 1.6061610949691385e-05, 1.6314539607265033e-05, 1.6061610949691385e-05, 1.6061610949691385e-05, 4.434627408045344e-05]","[0.0034699554089456797, 0.9942300319671631, 0.0023000026121735573]","[0.0034699554089456797, 0.9942300319671631, 0.0023000026121735573]",False,YALAN,RED,False,False,3520.4938999959268,"{""K1_input_and_readiness"": 0.056699966080486774, ""K7_context"": 0.001500011421740055, ""K1_normalization"": 0.010899966582655907, ""K6_advisory"": 37.0773000176996, ""K1_intent"": 0.05840003723278642, ""K2_retrieval"": 241.46279995329678, ""K3_reranker"": 2306.2263000174426, ""K8_weighted_ranking"": 1.109900011215359, ""K3_candidate_filters"": 5.8942000032402575, ""K9_advisory_consensus"": 0.007199996616691351, ""K4_nli_and_bypass_check"": 480.96360004274175, ""K5_decision"": 443.98660003207624}",3213
FACTURK-0479,DOĞRU,"[24260, 4056, 18363, 17985, 28755, 28791, 5518, 2292, 25741, 10122, 2088, 12525, 20339, 26068, 7401, 27101, 3213, 3772, 1804, 19799]","[0.00035419364576227963, 0.00011412239109631628, 4.331903619458899e-05, 9.83811987680383e-05, 3.373722574906424e-05, 0.0014721895568072796, 0.000159678646014072, 0.00020825010142289102, 4.1986306314356625e-05, 2.4682904040673748e-05, 0.00017536994710098952, 2.8857117285951972e-05, 4.832564081880264e-05, 0.0002251682453788817, 0.0001511819864390418, 2.178264912799932e-05, 0.0012351677287369967, 0.002540992572903633, 0.0001686527393758297, 5.649793456541374e-05]","[0.005821270868182182, 0.9937726855278015, 0.000406053353799507]","[0.005821270868182182, 0.9937726855278015, 0.000406053353799507]",False,YETERSİZ VERİ,RET,True,False,3810.7081999769434,"{""K1_input_and_readiness"": 0.07430004188790917, ""K7_context"": 0.0017999554984271526, ""K1_normalization"": 0.013200042303651571, ""K6_advisory"": 36.40549996634945, ""K1_intent"": 0.042600033339113, ""K2_retrieval"": 242.5236000563018, ""K3_reranker"": 2241.774099995382, ""K8_weighted_ranking"": 1.7072000191546977, ""K3_candidate_filters"": 7.862099970225245, ""K9_advisory_consensus"": 0.008399947546422482, ""K4_nli_and_bypass_check"": 671.6523000504822, ""K5_decision"": 604.4224000070244}",5518
FACTURK-0480,DOĞRU,"[28586, 14504, 20656, 14183, 4699, 1753, 18404, 17645, 25811, 6563, 23463, 18610, 14393, 7457, 29356, 13570, 17542, 10695, 20884, 10526]","[0.4710254967212677, 0.011288073845207691, 0.0026730059180408716, 0.07585817575454712, 0.0005092656938359141, 0.0019418168812990189, 0.0028783478774130344, 0.005060331895947456, 0.00035976938670501113, 0.00043563017970882356, 0.00341627886518836, 0.00019716942915692925, 0.00010071400902234018, 0.00025118677876889706, 1.892514956125524e-05, 0.002323162741959095, 8.349628478754312e-05, 0.00013552077871281654, 0.005469274241477251, 3.095910506090149e-05]","[0.0007203504792414606, 0.025831175968050957, 0.9734483957290649]","[0.0007203504792414606, 0.025831175968050957, 0.9734483957290649]",False,YALAN,RED,False,False,2205.3502000053413,"{""K1_input_and_readiness"": 0.09109999518841505, ""K7_context"": 0.0030999653972685337, ""K1_normalization"": 0.01680001150816679, ""K6_advisory"": 34.88330001709983, ""K1_intent"": 0.04069996066391468, ""K2_retrieval"": 269.5256000151858, ""K3_reranker"": 1823.7326000235043, ""K8_weighted_ranking"": 1.1955999652855098, ""K3_candidate_filters"": 6.6983000142499804, ""K9_advisory_consensus"": 0.007800001185387373, ""K4_nli_and_bypass_check"": 64.99840004835278, ""K5_decision"": 0.4311999655328691}",14183
FACTURK-0481,YALAN,"[24851, 25878, 28826, 9954, 1232, 23624, 2349, 11618, 22301, 20172, 11908, 18274, 10451, 29899, 22415, 16727, 23518, 15734, 15662, 21545]","[0.00025315635139122605, 3.535625000949949e-05, 1.7366719475830905e-05, 8.682210318511352e-05, 0.0003053489199373871, 3.9135655242716894e-05, 0.0001195985751110129, 5.1845658163074404e-05, 0.0004060639475937933, 0.02517884224653244, 1.6314539607265033e-05, 2.030369250860531e-05, 0.0008693674462847412, 0.00037555923336185515, 0.0002396868512732908, 0.0013354008551687002, 0.00016474656877107918, 7.543320680269971e-05, 0.00010310211655450985, 1.6061610949691385e-05]","[0.33605295419692993, 0.6005949974060059, 0.06335204094648361]","[0.33605295419692993, 0.6005949974060059, 0.06335204094648361]",False,YETERSİZ VERİ,RET,True,False,4447.118800017051,"{""K1_input_and_readiness"": 0.08600001456215978, ""K7_context"": 0.0021999585442245007, ""K1_normalization"": 0.018300022929906845, ""K6_advisory"": 39.39009999157861, ""K1_intent"": 0.05139998393133283, ""K2_retrieval"": 243.10040002455935, ""K3_reranker"": 2764.0706000383943, ""K8_weighted_ranking"": 1.1082999990321696, ""K3_candidate_filters"": 6.310399970971048, ""K9_advisory_consensus"": 0.007299997378140688, ""K4_nli_and_bypass_check"": 755.749499949161, ""K5_decision"": 633.7747999932617}",20172
FACTURK-0482,DOĞRU,"[999, 4240, 25094, 5664, 2090, 21933, 5998, 18572, 15775, 6760, 2099, 1148, 6286, 5645, 2465, 27355, 13949, 27044, 21283, 14203]","[0.9918121099472046, 0.0014048678567633033, 0.0009773502824828029, 0.000491681566927582, 0.00016093082376755774, 3.7931622500764206e-05, 0.13834533095359802, 0.0001547666179249063, 0.007176882121711969, 0.0024154833517968655, 5.920916373725049e-05, 0.001383117400109768, 1.67014204635052e-05, 0.0011116681853309274, 1.6187581422855146e-05, 0.08404061198234558, 2.355261858610902e-05, 6.976470467634499e-05, 0.00023231418163049966, 6.553815910592675e-05]",null,"[1.0, 0.0, 0.0]",True,DOĞRU,ONAY,False,False,2282.3095000348985,"{""K1_input_and_readiness"": 0.04810001701116562, ""K7_context"": 0.001600012183189392, ""K1_normalization"": 0.0077999429777264595, ""K6_advisory"": 34.556300030089915, ""K1_intent"": 0.04299997817724943, ""K2_retrieval"": 196.58930000150576, ""K3_reranker"": 2038.9569000108168, ""K8_weighted_ranking"": 1.2445999891497195, ""K3_candidate_filters"": 6.5663999994285405, ""K9_advisory_consensus"": 0.017300015315413475, ""K4_nli_and_bypass_check"": 0.38410001434385777, ""K5_decision"": 0.28709997422993183}",999
FACTURK-0483,YALAN,"[13439, 21780, 473, 6482, 29189, 12820, 15921, 19726, 4930, 24622, 18038, 16794, 8709, 12625, 539, 5294, 2741, 22078, 1921, 25499]","[0.00027586790383793414, 0.006413164082914591, 0.0004936049808748066, 0.001004416379146278, 0.0013354008551687002, 0.003579642390832305, 0.0004765612829942256, 0.00011061159602832049, 0.0007643033168278635, 4.985958003089763e-05, 0.0005172813544049859, 3.1941821362124756e-05, 1.7778551409719512e-05, 0.00023413581948261708, 1.7366719475830905e-05, 0.056861549615859985, 2.6274772608303465e-05, 1.67014204635052e-05, 1.9373936083866283e-05, 0.00025714197545312345]","[0.047542352229356766, 0.732414722442627, 0.22004295885562897]","[0.047542352229356766, 0.732414722442627, 0.22004295885562897]",False,YALAN,RED,False,False,2977.240999985952,"{""K1_input_and_readiness"": 0.061700004152953625, ""K7_context"": 0.001500011421740055, ""K1_normalization"": 0.012199976481497288, ""K6_advisory"": 37.01349999755621, ""K1_intent"": 0.03890000516548753, ""K2_retrieval"": 239.51519996626303, ""K3_reranker"": 2626.16549996892, ""K8_weighted_ranking"": 1.0979000362567604, ""K3_candidate_filters"": 5.7832999737001956, ""K9_advisory_consensus"": 0.006699992809444666, ""K4_nli_and_bypass_check"": 63.56949999462813, ""K5_decision"": 0.4023000365123153}",6482
FACTURK-0484,DOĞRU,"[13939, 11359, 25420, 6132, 5400, 29676, 23976, 12474, 15898, 6269, 8969, 13961, 22512, 2027, 17855, 23474, 21581, 4773, 11624, 15622]","[1.750292540236842e-05, 1.6964426322374493e-05, 0.0003799845289904624, 3.8229114579735324e-05, 0.00011412239109631628, 0.0006361912237480283, 0.00023782203788869083, 0.005663865711539984, 0.03061777912080288, 0.00023231418163049966, 1.6187581422855146e-05, 1.6442494597868063e-05, 0.00012243441597092897, 1.6061610949691385e-05, 2.1278065105434507e-05, 1.6187581422855146e-05, 0.001573112211190164, 1.657145367062185e-05, 1.6314539607265033e-05, 1.8200149497715756e-05]","[0.00026709161465987563, 0.9996260404586792, 0.00010682467836886644]","[0.00026709161465987563, 0.9996260404586792, 0.00010682467836886644]",False,YETERSİZ VERİ,RET,True,False,3335.422199976165,"{""K1_input_and_readiness"": 0.07510004797950387, ""K7_context"": 0.0015999539755284786, ""K1_normalization"": 0.019900035113096237, ""K6_advisory"": 36.78690001834184, ""K1_intent"": 0.050099974032491446, ""K2_retrieval"": 230.25790002429858, ""K3_reranker"": 2110.8469999744557, ""K8_weighted_ranking"": 1.3194000348448753, ""K3_candidate_filters"": 7.045899983495474, ""K9_advisory_consensus"": 0.017099955584853888, ""K4_nli_and_bypass_check"": 515.9034000243992, ""K5_decision"": 429.34980004793033}",21581
FACTURK-0485,YALAN,"[3729, 29976, 3632, 6361, 1170, 17824, 9648, 20982, 7762, 16012, 2885, 15970, 743, 9101, 26514, 13753, 11449, 6858, 13200, 12595]","[0.05541279539465904, 0.0005132579244673252, 0.004962942097336054, 5.518923353520222e-05, 0.00016093082376755774, 0.0004655269149225205, 0.0006771942134946585, 0.000503335555549711, 0.0017007222631946206, 0.00021654405281879008, 0.00036829791497439146, 2.1112482500029728e-05, 5.518923353520222e-05, 1.7917987861437723e-05, 0.0019117692718282342, 3.8831109122838825e-05, 3.024195939360652e-05, 0.00021152888075448573, 1.6314539607265033e-05, 2.0785171727766283e-05]","[0.0026048619765788317, 0.9904650449752808, 0.006930070463567972]","[0.0026048619765788317, 0.9904650449752808, 0.006930070463567972]",False,YETERSİZ VERİ,RET,True,False,2736.6778000141494,"{""K1_input_and_readiness"": 0.04569999873638153, ""K7_context"": 0.001800013706088066, ""K1_normalization"": 0.00890000956133008, ""K6_advisory"": 35.16480000689626, ""K1_intent"": 0.030399998649954796, ""K2_retrieval"": 224.21650000615045, ""K3_reranker"": 2045.3412999631837, ""K8_weighted_ranking"": 1.3740999856963754, ""K3_candidate_filters"": 7.050800020806491, ""K9_advisory_consensus"": 0.00809994526207447, ""K4_nli_and_bypass_check"": 228.36609999649227, ""K5_decision"": 191.30110001424327}",26514
FACTURK-0486,YALAN,"[6413, 6094, 25225, 17141, 22218, 1090, 19237, 11668, 9150, 487, 25228, 8347, 15874, 438, 28547, 13989, 1676, 15675, 29240, 15487]","[0.06853749603033066, 0.17064616084098816, 0.01833445206284523, 0.019456572830677032, 0.17638768255710602, 0.003678509034216404, 0.11858908832073212, 0.012479699216783047, 0.25183168053627014, 0.0018243826925754547, 0.01024860143661499, 0.0019342610612511635, 0.00026530236937105656, 0.002757622394710779, 0.0029235428664833307, 0.005040702875703573, 0.0001956353517016396, 0.0002472934720572084, 0.0038844761438667774, 0.017309095710515976]","[0.0019071606220677495, 0.9967970252037048, 0.0012958787847310305]","[0.0019071606220677495, 0.9967970252037048, 0.0012958787847310305]",False,YALAN,UYARI,False,False,3202.458999992814,"{""K1_input_and_readiness"": 0.1020999625325203, ""K7_context"": 0.002900022082030773, ""K1_normalization"": 0.016900012269616127, ""K6_advisory"": 38.20449998602271, ""K1_intent"": 0.0648999703116715, ""K2_retrieval"": 281.19010000955313, ""K3_reranker"": 2808.273200003896, ""K8_weighted_ranking"": 1.5569999814033508, ""K3_candidate_filters"": 7.679799979086965, ""K9_advisory_consensus"": 0.007599999662488699, ""K4_nli_and_bypass_check"": 61.690100003033876, ""K5_decision"": 0.20830001449212432}",9150
FACTURK-0487,YALAN,"[20356, 9220, 21295, 23840, 27764, 25758, 16758, 27894, 10832, 25225, 6047, 25180, 29914, 20587, 23719, 12229, 11980, 1264, 11494, 12189]","[0.0046455576084554195, 0.004133968148380518, 0.008847354911267757, 0.00013135180051904172, 0.004022909794002771, 0.006903838831931353, 0.018440209329128265, 0.00025118677876889706, 0.0026112475898116827, 0.00018093574908562005, 4.400118632474914e-05, 0.00021485926117748022, 0.000471011851914227, 6.205049430718645e-05, 0.00010637458035489544, 0.0007236572564579546, 0.00014539113908540457, 4.1335399146191776e-05, 0.0006411777576431632, 0.0032099615782499313]","[0.23172758519649506, 0.6963928937911987, 0.07187949120998383]","[0.23172758519649506, 0.6963928937911987, 0.07187949120998383]",False,YETERSİZ VERİ,RET,True,False,4413.0029999651015,"{""K1_input_and_readiness"": 0.06089999806135893, ""K7_context"": 0.002200016751885414, ""K1_normalization"": 0.011999974958598614, ""K6_advisory"": 36.73530003288761, ""K1_intent"": 0.055500015150755644, ""K2_retrieval"": 251.23689998872578, ""K3_reranker"": 2540.4833999928087, ""K8_weighted_ranking"": 1.2688999995589256, ""K3_candidate_filters"": 6.774700013920665, ""K9_advisory_consensus"": 0.00790000194683671, ""K4_nli_and_bypass_check"": 801.6793000278994, ""K5_decision"": 771.4567999937572}",25758
FACTURK-0488,YALAN,"[28100, 6412, 13130, 10907, 6929, 24588, 1116, 17990, 8015, 2955, 19377, 26432, 5560, 27201, 2480, 10112, 4002, 24863, 12991, 14754]","[0.056236349046230316, 0.04107588902115822, 0.004700060468167067, 0.4434799253940582, 0.0948452427983284, 0.0616496242582798, 0.0015916259726509452, 0.002123966347426176, 6.814872176619247e-05, 0.01930808648467064, 0.0004784255870617926, 0.00013982206291984767, 0.16331195831298828, 0.0019267346942797303, 0.5505167245864868, 0.28746768832206726, 0.0002959570847451687, 0.003839395008981228, 8.284655632451177e-05, 0.007431773468852043]","[0.007066041696816683, 0.3510240614414215, 0.6419099569320679]","[0.007066041696816683, 0.3510240614414215, 0.6419099569320679]",False,DOĞRU,ONAY,False,False,5709.943900001235,"{""K1_input_and_readiness"": 0.055500015150755644, ""K7_context"": 0.001400010660290718, ""K1_normalization"": 0.01009996049106121, ""K6_advisory"": 34.57169997273013, ""K1_intent"": 0.03579998156055808, ""K2_retrieval"": 289.4435000489466, ""K3_reranker"": 4359.306300000753, ""K8_weighted_ranking"": 3.087199991568923, ""K3_candidate_filters"": 10.992600000463426, ""K9_advisory_consensus"": 0.009300012607127428, ""K4_nli_and_bypass_check"": 534.6456000115722, ""K5_decision"": 474.2702999501489}",10907
FACTURK-0489,YALAN,"[27461, 1865, 9829, 23091, 23726, 11111, 24721, 23108, 25997, 26834, 8174, 5739, 3336, 3473, 383, 20505, 22908, 28575, 7306, 20903]","[0.0002780309587251395, 0.967777669429779, 0.0018748616566881537, 9.7615658887662e-05, 0.0002234163403045386, 0.0019342610612511635, 0.00010391067189630121, 0.001995538594201207, 3.8831109122838825e-05, 0.0026010938454419374, 0.0001823546044761315, 1.6314539607265033e-05, 0.02280263602733612, 2.4300241420860402e-05, 1.8200149497715756e-05, 8.156224066624418e-05, 0.000552778656128794, 2.3369333575828932e-05, 0.0003905139456037432, 3.219233258278109e-05]","[0.0005913018831051886, 0.999151349067688, 0.00025739919510670006]","[0.0005913018831051886, 0.999151349067688, 0.00025739919510670006]",False,YETERSİZ VERİ,RET,True,False,3978.091199998744,"{""K1_input_and_readiness"": 0.058500037994235754, ""K7_context"": 0.001500011421740055, ""K1_normalization"": 0.011100026313215494, ""K6_advisory"": 35.72599997278303, ""K1_intent"": 0.04329998046159744, ""K2_retrieval"": 247.31960002100095, ""K3_reranker"": 2216.8741000350565, ""K8_weighted_ranking"": 1.2291999883018434, ""K3_candidate_filters"": 6.414000003132969, ""K9_advisory_consensus"": 0.007299997378140688, ""K4_nli_and_bypass_check"": 777.5958999991417, ""K5_decision"": 689.1992999590002}",1865
FACTURK-0490,YALAN,"[2812, 27894, 25981, 19969, 19940, 5118, 649, 16950, 15815, 18585, 5122, 30440, 21342, 15972, 13064, 1187, 1645, 12924, 10902, 1116]","[0.25109636783599854, 0.0011559007689356804, 0.055720288306474686, 0.00023782203788869083, 7.311254739761353e-05, 0.14187483489513397, 0.007937993854284286, 0.20008835196495056, 0.00010071400902234018, 0.03346293419599533, 2.4876489987946115e-05, 0.011552670039236546, 2.3369333575828932e-05, 1.67014204635052e-05, 0.008093290030956268, 0.021044565364718437, 1.750292540236842e-05, 0.0001823546044761315, 1.6061610949691385e-05, 0.021990220993757248]","[0.0005892952322028577, 0.9987204074859619, 0.0006902883760631084]","[0.0005892952322028577, 0.9987204074859619, 0.0006902883760631084]",False,YETERSİZ VERİ,RET,True,False,4797.8554999572225,"{""K1_input_and_readiness"": 0.07639999967068434, ""K7_context"": 0.001800013706088066, ""K1_normalization"": 0.014399993233382702, ""K6_advisory"": 36.857200029771775, ""K1_intent"": 0.05809997674077749, ""K2_retrieval"": 308.24280000524595, ""K3_reranker"": 4352.1650999900885, ""K8_weighted_ranking"": 1.719099993351847, ""K3_candidate_filters"": 7.610000029671937, ""K9_advisory_consensus"": 0.008000002708286047, ""K4_nli_and_bypass_check"": 86.75800001947209, ""K5_decision"": 0.37239998346194625}",27894
FACTURK-0491,DOĞRU,"[15736, 22466, 24437, 28534, 8517, 21024, 25454, 12930, 17850, 1814, 10967, 1194, 11376, 15313, 657, 9718, 14190, 16188, 23551, 6322]","[0.9636433720588684, 0.00038596606464125216, 0.00040765260928310454, 5.34913269802928e-05, 1.6314539607265033e-05, 7.197912054834887e-05, 0.0019117692718282342, 0.00266261282376945, 0.00014653129619546235, 0.0061212810687720776, 0.00026947917649522424, 1.7231572201126255e-05, 3.6764631659025326e-05, 1.6314539607265033e-05, 1.6442494597868063e-05, 0.051941562443971634, 0.0010733063099905849, 1.6314539607265033e-05, 0.5373145341873169, 0.011158031411468983]","[0.0017258257139474154, 0.9876960515975952, 0.010578176006674767]","[0.0017258257139474154, 0.9876960515975952, 0.010578176006674767]",False,YETERSİZ VERİ,RET,True,False,2580.3400999866426,"{""K1_input_and_readiness"": 0.09440002031624317, ""K7_context"": 0.002100015990436077, ""K1_normalization"": 0.015900004655122757, ""K6_advisory"": 39.173000026494265, ""K1_intent"": 0.07499998901039362, ""K2_retrieval"": 283.8952000020072, ""K3_reranker"": 2177.018799993675, ""K8_weighted_ranking"": 1.8544000340625644, ""K3_candidate_filters"": 10.1208999985829, ""K9_advisory_consensus"": 0.007499998901039362, ""K4_nli_and_bypass_check"": 64.02709998656064, ""K5_decision"": 0.34659996163100004}",16188
FACTURK-0492,DOĞRU,"[19141, 10023, 11650, 18577, 23240, 24261, 13669, 7311, 17522, 20023, 16925, 16620, 23902, 24444, 17609, 25835, 14954, 3972, 28036, 15443]","[9.685608529252931e-05, 0.0018821860430762172, 7.9673009167891e-05, 0.0002611903182696551, 0.0016875095898285508, 5.694102947018109e-05, 0.0004092474700883031, 0.9078037738800049, 0.00014091856428422034, 0.0014214044203981757, 4.6474400733131915e-05, 0.0044165560975670815, 1.6061610949691385e-05, 2.355261858610902e-05, 0.0001713081874186173, 1.6314539607265033e-05, 0.024283869192004204, 0.0016875095898285508, 0.00020825010142289102, 0.0002472934720572084]","[0.9980618357658386, 0.0012613157741725445, 0.0006768707535229623]","[0.9980618357658386, 0.0012613157741725445, 0.0006768707535229623]",False,YALAN,UYARI,False,False,3269.0624999813735,"{""K1_input_and_readiness"": 0.050799979362636805, ""K7_context"": 0.001500011421740055, ""K1_normalization"": 0.009699957445263863, ""K6_advisory"": 36.28170001320541, ""K1_intent"": 0.050099974032491446, ""K2_retrieval"": 219.28309998475015, ""K3_reranker"": 2013.5416999692097, ""K8_weighted_ranking"": 1.096000021789223, ""K3_candidate_filters"": 5.931099993176758, ""K9_advisory_consensus"": 0.006700051017105579, ""K4_nli_and_bypass_check"": 510.1602000067942, ""K5_decision"": 479.1030999622308}",7311
FACTURK-0493,YALAN,"[27044, 15778, 1365, 28814, 13522, 20769, 25806, 13315, 22556, 25811, 25577, 12993, 17702, 3841, 5132, 21947, 7139, 947, 28126, 11558]","[0.3372035324573517, 0.003678509034216404, 0.004520817659795284, 0.019908789545297623, 0.013121271505951881, 0.01750955730676651, 0.001314724562689662, 0.004038591403514147, 0.03422932326793671, 0.00020988310279790312, 0.00026323829661123455, 0.001987774157896638, 0.00022167809947859496, 0.10034840553998947, 0.002463006880134344, 0.009020279161632061, 3.219233258278109e-05, 0.07159119844436646, 0.0040543340146541595, 0.013636835850775242]","[0.8275443911552429, 0.1491554081439972, 0.023300182074308395]","[0.8275443911552429, 0.1491554081439972, 0.023300182074308395]",False,YALAN,UYARI,False,False,4846.498400031123,"{""K1_input_and_readiness"": 0.056100019719451666, ""K7_context"": 0.0017999554984271526, ""K1_normalization"": 0.011200027074664831, ""K6_advisory"": 36.024199973326176, ""K1_intent"": 0.04409998655319214, ""K2_retrieval"": 238.14689996652305, ""K3_reranker"": 3104.0595000376925, ""K8_weighted_ranking"": 1.4510000473819673, ""K3_candidate_filters"": 6.974899966735393, ""K9_advisory_consensus"": 0.008000002708286047, ""K4_nli_and_bypass_check"": 811.1509999725968, ""K5_decision"": 645.0662999995984}",3841
FACTURK-0494,YALAN,"[3717, 29442, 15495, 10692, 18181, 1747, 13196, 17499, 20277, 26613, 8609, 4503, 29064, 20155, 12203, 16973, 26201, 1970, 2652, 12652]","[0.31100818514823914, 0.0002611903182696551, 0.053304679691791534, 0.0019342610612511635, 1.67014204635052e-05, 0.00015720345254521817, 0.0002002737601287663, 0.00016093082376755774, 0.003510648850351572, 0.01358439214527607, 0.000414069538237527, 0.00023597174731548876, 0.0002251682453788817, 0.0006959536112844944, 4.0694576455280185e-05, 1.6314539607265033e-05, 3.7636447814293206e-05, 0.0018821860430762172, 2.6480842279852368e-05, 0.0007613258203491569]","[0.0018928585341200233, 0.9955795407295227, 0.0025276425294578075]","[0.0018928585341200233, 0.9955795407295227, 0.0025276425294578075]",False,YETERSİZ VERİ,RET,True,False,4132.826300046872,"{""K1_input_and_readiness"": 0.04810001701116562, ""K7_context"": 0.001700012944638729, ""K1_normalization"": 0.008599949069321156, ""K6_advisory"": 35.01809999579564, ""K1_intent"": 0.043899985030293465, ""K2_retrieval"": 219.0289000282064, ""K3_reranker"": 3048.4950999962166, ""K8_weighted_ranking"": 1.5786999720148742, ""K3_candidate_filters"": 6.011200021021068, ""K9_advisory_consensus"": 0.006400048732757568, ""K4_nli_and_bypass_check"": 403.14690000377595, ""K5_decision"": 415.37499998230487}",15495
FACTURK-0495,YALAN,"[11256, 23036, 27098, 23210, 28018, 21891, 5724, 12929, 18709, 6108, 23478, 13395, 18986, 19084, 4506, 1969, 14913, 21034, 6780, 17988]","[0.0010362669127061963, 0.000414069538237527, 1.7640199075685814e-05, 8.614650869276375e-05, 0.059537485241889954, 0.004022909794002771, 1.657145367062185e-05, 2.977311669383198e-05, 4.539786823443137e-05, 2.9541422918555327e-05, 0.01024860143661499, 1.7231572201126255e-05, 0.0003029734070878476, 0.004007289186120033, 1.6314539607265033e-05, 1.6442494597868063e-05, 0.002026899950578809, 0.009485713206231594, 1.6187581422855146e-05, 1.6187581422855146e-05]","[0.0050804330967366695, 0.9909988641738892, 0.003920700401067734]","[0.0050804330967366695, 0.9909988641738892, 0.003920700401067734]",False,YALAN,RED,False,False,4046.96879995754,"{""K1_input_and_readiness"": 0.04320003790780902, ""K7_context"": 0.0012999516911804676, ""K1_normalization"": 0.007299997378140688, ""K6_advisory"": 35.37910000886768, ""K1_intent"": 0.037100049667060375, ""K2_retrieval"": 220.40859999833629, ""K3_reranker"": 3109.8002000362612, ""K8_weighted_ranking"": 1.3491000281646848, ""K3_candidate_filters"": 6.895099999383092, ""K9_advisory_consensus"": 0.007299997378140688, ""K4_nli_and_bypass_check"": 412.382600014098, ""K5_decision"": 257.0261000073515}",28018
FACTURK-0496,DOĞRU,"[25349, 12688, 21520, 9119, 14928, 19662, 13644, 13820, 676, 28915, 1147, 13402, 2131, 15235, 12928, 23230, 27629, 26306, 21785, 18569]","[1.6314539607265033e-05, 4.298194107832387e-05, 0.0009659748757258058, 0.000491681566927582, 0.8269913792610168, 0.0025708682369440794, 1.7231572201126255e-05, 1.6187581422855146e-05, 0.00028685410507023335, 4.2647468944778666e-05, 1.6442494597868063e-05, 1.6187581422855146e-05, 0.0007152324542403221, 1.750292540236842e-05, 0.00025714197545312345, 1.922317096614279e-05, 3.4537253668531775e-05, 2.0462934116949327e-05, 1.7231572201126255e-05, 0.0013885232619941235]","[0.0021190429106354713, 0.9975591897964478, 0.00032174220541492105]","[0.0021190429106354713, 0.9975591897964478, 0.00032174220541492105]",False,YALAN,RED,False,False,3092.4292999552563,"{""K1_input_and_readiness"": 0.04910002462565899, ""K7_context"": 0.001400010660290718, ""K1_normalization"": 0.00790000194683671, ""K6_advisory"": 34.7067000111565, ""K1_intent"": 0.051499984692782164, ""K2_retrieval"": 218.87410001363605, ""K3_reranker"": 2145.5210000276566, ""K8_weighted_ranking"": 1.5367000014521182, ""K3_candidate_filters"": 8.674500044435263, ""K9_advisory_consensus"": 0.010400020983070135, ""K4_nli_and_bypass_check"": 436.36809999588877, ""K5_decision"": 242.55810002796352}",14928
FACTURK-0497,YALAN,"[26820, 15787, 12437, 25941, 25169, 24028, 23686, 14079, 29262, 8378, 1057, 15622, 22499, 9830, 666, 8148, 19258, 6778, 22514, 30024]","[0.015603534877300262, 8.029783930396661e-05, 4.5044595026411116e-05, 0.0009510130621492863, 2.178264912799932e-05, 0.7536479830741882, 1.7097478121286258e-05, 0.0003668626013677567, 0.0008969392511062324, 4.434627408045344e-05, 0.01196109689772129, 9.993031562771648e-05, 0.006026951130479574, 1.805851934477687e-05, 0.006797532085329294, 0.0015070488443598151, 0.004365325905382633, 6.709224544465542e-05, 0.00034464316559024155, 2.908344322349876e-05]","[0.00046908194781281054, 0.011768401600420475, 0.987762451171875]","[0.00046908194781281054, 0.011768401600420475, 0.987762451171875]",False,DOĞRU,ONAY,False,False,2734.2182000284083,"{""K1_input_and_readiness"": 0.06059999577701092, ""K7_context"": 0.001700012944638729, ""K1_normalization"": 0.011199968867003918, ""K6_advisory"": 39.76750001311302, ""K1_intent"": 0.03779999678954482, ""K2_retrieval"": 296.5865000151098, ""K3_reranker"": 1879.1499999933876, ""K8_weighted_ranking"": 1.1794000165537, ""K3_candidate_filters"": 6.087000016123056, ""K9_advisory_consensus"": 0.006499991286545992, ""K4_nli_and_bypass_check"": 288.4417999885045, ""K5_decision"": 219.31430004769936}",26820
FACTURK-0498,DOĞRU,"[19589, 23751, 6573, 26065, 20519, 26538, 5491, 24586, 9650, 20020, 14089, 18234, 18468, 21066, 1291, 2337, 6263, 28436, 10997, 23361]","[0.026861203834414482, 0.004718369338661432, 0.0001699752756394446, 0.0017007222631946206, 0.03179866820573807, 0.0019267346942797303, 6.352188938762993e-05, 0.00012830943160224706, 0.0044165560975670815, 0.001081715221516788, 0.005343256052583456, 0.0015487611526623368, 0.010368157178163528, 0.00407013762742281, 9.915272676153108e-05, 9.685608529252931e-05, 3.269927037763409e-05, 0.0003006163169629872, 0.0019267346942797303, 0.0002251682453788817]","[0.005011390428990126, 0.011136811226606369, 0.9838517308235168]","[0.005011390428990126, 0.011136811226606369, 0.9838517308235168]",False,DOĞRU,ONAY,False,False,2624.413800018374,"{""K1_input_and_readiness"": 0.05500001134350896, ""K7_context"": 0.001600012183189392, ""K1_normalization"": 0.008200004231184721, ""K6_advisory"": 34.54930003499612, ""K1_intent"": 0.03590004052966833, ""K2_retrieval"": 244.4969000061974, ""K3_reranker"": 2310.914400033653, ""K8_weighted_ranking"": 1.3664000434800982, ""K3_candidate_filters"": 5.461599968839437, ""K9_advisory_consensus"": 0.005599984433501959, ""K4_nli_and_bypass_check"": 23.38420000160113, ""K5_decision"": 0.2569000353105366}",23751
FACTURK-0499,YALAN,"[1090, 9150, 28547, 16150, 21827, 8347, 13390, 9323, 12278, 1272, 5535, 21058, 6336, 9642, 12063, 29414, 22504, 2244, 2984, 24827]","[0.005511934403330088, 0.007518718484789133, 0.355663001537323, 0.0326513797044754, 0.013480102643370628, 0.0007733057136647403, 0.009268013760447502, 0.005080036818981171, 0.005576545372605324, 0.003930085338652134, 0.0014607495395466685, 3.219233258278109e-05, 0.13580411672592163, 0.010368157178163528, 0.00341627886518836, 1.892514956125524e-05, 0.03390795737504959, 0.004609572235494852, 0.0001500056532677263, 0.0019646615255624056]","[0.0021100901067256927, 0.8930284380912781, 0.10486146062612534]","[0.0021100901067256927, 0.8930284380912781, 0.10486146062612534]",False,YALAN,UYARI,False,False,3970.00550001394,"{""K1_input_and_readiness"": 0.07650000043213367, ""K7_context"": 0.0016999547369778156, ""K1_normalization"": 0.014300050679594278, ""K6_advisory"": 36.91670001717284, ""K1_intent"": 0.05619996227324009, ""K2_retrieval"": 257.6693000155501, ""K3_reranker"": 3588.3915000013076, ""K8_weighted_ranking"": 1.4483999693766236, ""K3_candidate_filters"": 7.521499996073544, ""K9_advisory_consensus"": 0.00790000194683671, ""K4_nli_and_bypass_check"": 73.97500000661239, ""K5_decision"": 0.40710001485422254}",28547
FACTURK-0500,DOĞRU,"[27629, 4964, 14464, 9274, 18561, 28205, 29272, 13820, 389, 27017, 940, 10902, 29474, 4361, 28915, 4119, 10917, 20392, 13980, 29186]","[0.9986114501953125, 0.0022343622986227274, 2.2474090656032786e-05, 0.3195458948612213, 0.00033274127054028213, 1.9988918211311102e-05, 0.003635808825492859, 1.7366719475830905e-05, 9.028038039105013e-05, 0.0010733063099905849, 0.0004859560285694897, 0.0001823546044761315, 0.00035419364576227963, 0.0007321811863221228, 1.6187581422855146e-05, 0.0001195985751110129, 0.0015854305820539594, 0.0003785036678891629, 3.9135655242716894e-05, 1.8631746570463292e-05]",null,"[1.0, 0.0, 0.0]",True,YETERSİZ VERİ,KISMI,True,False,2395.2187999966554,"{""K1_input_and_readiness"": 0.05670002428814769, ""K7_context"": 0.0015999539755284786, ""K1_normalization"": 0.010200019460171461, ""K6_advisory"": 35.39059998001903, ""K1_intent"": 0.05169998621568084, ""K2_retrieval"": 204.29990004049614, ""K3_reranker"": 2143.246999999974, ""K8_weighted_ranking"": 1.116700004786253, ""K3_candidate_filters"": 6.812199950218201, ""K9_advisory_consensus"": 0.00790000194683671, ""K4_nli_and_bypass_check"": 0.3722999827004969, ""K5_decision"": 0.34850003430619836}",27629
