claim_id,gold_verdict,retrieved_source_ids,rerank_scores,nli_probs,decision_probs,nli_bypassed,final_verdict,raw_status,abstained,cache_hit,latency_ms,layer_latency_ms,selected_source_id
FACTURK-0001,YALAN,"[14206, 12265, 24388, 19895, 10563, 14660, 21415, 19684, 5084, 9992, 6879, 11155, 10869, 25947, 3763, 22594, 28847, 24252, 26825, 27461]","[0.019160708412528038, 0.0002234163403045386, 1.7366719475830905e-05, 0.009708477184176445, 1.892514956125524e-05, 3.095910506090149e-05, 1.6964426322374493e-05, 0.0003301527176517993, 0.009670992381870747, 1.6061610949691385e-05, 0.0013885232619941235, 0.0011740821646526456, 0.006265534088015556, 2.4300241420860402e-05, 0.0006719278171658516, 0.00041894835885614157, 2.229919846286066e-05, 1.8342892872169614e-05, 0.014503579586744308, 2.094818773912266e-05]","[0.00044382241321727633, 0.9986648559570312, 0.0008913080673664808]","[0.00044382241321727633, 0.9986648559570312, 0.0008913080673664808]",False,YALAN,UYARI,False,False,2538.75789999438,"{""K1_input_and_readiness"": 0.4059999919263646, ""K7_context"": 0.001800013706088066, ""K1_normalization"": 0.23920000239741057, ""K6_advisory"": 47.84070000459906, ""K1_intent"": 0.28839999868068844, ""K2_retrieval"": 366.4618999900995, ""K3_reranker"": 190.0545999960741, ""K8_weighted_ranking"": 1.9431999971857294, ""K3_candidate_filters"": 7.29180000780616, ""K9_advisory_consensus"": 0.008499991963617504, ""K4_nli_and_bypass_check"": 980.5725000042003, ""K5_decision"": 938.594599996577}",14206
FACTURK-0002,YALAN,"[15452, 27176, 21314, 19821, 5161, 5162, 19962, 2186, 29461, 26954, 2649, 29680, 23960, 5398, 12280, 14911, 27706, 13120, 23602, 3195]","[0.00016603845870122313, 0.00013342000602278858, 0.012479699216783047, 0.0003514382697176188, 0.002934951800853014, 0.04804735630750656, 3.3474691008450463e-05, 0.001560889184474945, 1.6442494597868063e-05, 0.019985152408480644, 0.0007702931761741638, 1.6314539607265033e-05, 0.0006878511630930007, 1.6061610949691385e-05, 0.0032476764172315598, 0.0001956353517016396, 0.00014202363672666252, 0.00024536947603337467, 1.6187581422855146e-05, 1.6061610949691385e-05]","[0.00028826689231209457, 0.9737275242805481, 0.025984223932027817]","[0.00028826689231209457, 0.9737275242805481, 0.025984223932027817]",False,YETERSİZ VERİ,RET,True,False,1024.0475999889895,"{""K1_input_and_readiness"": 0.10930000280495733, ""K7_context"": 0.0023000029614195228, ""K1_normalization"": 0.016000005416572094, ""K6_advisory"": 13.504500006092712, ""K1_intent"": 0.044899992644786835, ""K2_retrieval"": 166.66789998998865, ""K3_reranker"": 220.93090000271332, ""K8_weighted_ranking"": 1.4041999966138974, ""K3_candidate_filters"": 7.031500004814006, ""K9_advisory_consensus"": 0.007399998139590025, ""K4_nli_and_bypass_check"": 386.3714000035543, ""K5_decision"": 224.79700000258163}",5162
FACTURK-0003,DOĞRU,"[4493, 10643, 10187, 11937, 28232, 4872, 7577, 23912, 18826, 3679, 3830, 21895, 864, 23537, 2705, 27110, 7323, 1579, 30019, 17521]","[2.5071596610359848e-05, 0.00048406238784082234, 2.586742994026281e-05, 1.6061610949691385e-05, 1.6061610949691385e-05, 1.6187581422855146e-05, 1.593661909282673e-05, 1.6187581422855146e-05, 1.6061610949691385e-05, 1.7366719475830905e-05, 5.694102947018109e-05, 1.6187581422855146e-05, 1.6314539607265033e-05, 1.6187581422855146e-05, 1.6187581422855146e-05, 1.6442494597868063e-05, 0.0005658799782395363, 1.657145367062185e-05, 1.6061610949691385e-05, 1.6061610949691385e-05]","[0.0016624097479507327, 0.9970018267631531, 0.0013357838615775108]","[0.0016624097479507327, 0.9970018267631531, 0.0013357838615775108]",False,YETERSİZ VERİ,RET,True,False,632.6724000100512,"{""K1_input_and_readiness"": 0.048300003982149065, ""K7_context"": 0.0014999968698248267, ""K1_normalization"": 0.008899995009414852, ""K6_advisory"": 13.13740000477992, ""K1_intent"": 0.031400006264448166, ""K2_retrieval"": 146.61700000579003, ""K3_reranker"": 84.37209999829065, ""K8_weighted_ranking"": 1.2847999896621332, ""K3_candidate_filters"": 7.014100003289059, ""K9_advisory_consensus"": 0.00859999272506684, ""K4_nli_and_bypass_check"": 207.0467000012286, ""K5_decision"": 169.3589000060456}",3830
FACTURK-0004,YALAN,"[30270, 28308, 13928, 28091, 18436, 7204, 14990, 27795, 29997, 4829, 8792, 21200, 13159, 14158, 5693, 12198, 16105, 26513, 29647, 18950]","[0.057918086647987366, 0.004755199886858463, 0.004382336512207985, 8.888084994396195e-05, 0.009746103547513485, 0.0021074723917990923, 0.0013096056645736098, 0.00041568948654457927, 0.00039821304380893707, 0.016979992389678955, 0.00021824207215104252, 2.178264912799932e-05, 0.007695646956562996, 0.007636216934770346, 2.8409744118107483e-05, 0.0027149852830916643, 0.0002131875662598759, 0.0007124459953047335, 9.314593626186252e-05, 0.0008864988922141492]","[0.9957630634307861, 0.003953893203288317, 0.00028294400544837117]","[0.9957630634307861, 0.003953893203288317, 0.00028294400544837117]",False,DOĞRU,ONAY,False,False,642.2955000016373,"{""K1_input_and_readiness"": 0.13100000796839595, ""K7_context"": 0.0033999967854470015, ""K1_normalization"": 0.0236999912885949, ""K6_advisory"": 12.114199998904951, ""K1_intent"": 0.04050000279676169, ""K2_retrieval"": 266.80100000521634, ""K3_reranker"": 313.2857000018703, ""K8_weighted_ranking"": 1.3292999938130379, ""K3_candidate_filters"": 8.60229998943396, ""K9_advisory_consensus"": 0.02309998671989888, ""K4_nli_and_bypass_check"": 35.85520001070108, ""K5_decision"": 0.40859999717213213}",13928
FACTURK-0005,YALAN,"[29807, 11348, 772, 209, 14283, 150, 675, 27466, 21980, 22494, 13258, 23197, 16391, 29979, 9201, 8148, 13172, 920, 18108, 2140]","[2.3007036361377686e-05, 1.6314539607265033e-05, 1.6187581422855146e-05, 1.7917987861437723e-05, 2.030369250860531e-05, 1.922317096614279e-05, 5.3075080359121785e-05, 1.6061610949691385e-05, 1.6187581422855146e-05, 1.6061610949691385e-05, 1.8200149497715756e-05, 0.00033535013790242374, 1.6061610949691385e-05, 1.6061610949691385e-05, 1.593661909282673e-05, 1.7366719475830905e-05, 2.9541422918555327e-05, 0.00021654405281879008, 9.83811987680383e-05, 3.1693256460130215e-05]","[0.016947321593761444, 0.9782584309577942, 0.004794236738234758]","[0.016947321593761444, 0.9782584309577942, 0.004794236738234758]",False,YETERSİZ VERİ,RET,True,False,315.23369999194983,"{""K1_input_and_readiness"": 0.06640001083724201, ""K7_context"": 0.0012999953469261527, ""K1_normalization"": 0.011199997970834374, ""K6_advisory"": 15.302799991331995, ""K1_intent"": 0.03890000516548753, ""K2_retrieval"": 194.90309999673627, ""K3_reranker"": 67.24140000005718, ""K8_weighted_ranking"": 1.4719000027980655, ""K3_candidate_filters"": 5.617599992547184, ""K9_advisory_consensus"": 0.006900008884258568, ""K4_nli_and_bypass_check"": 26.206900001852773, ""K5_decision"": 0.30339999648276716}",18108
FACTURK-0006,YALAN,"[13994, 9150, 15787, 2858, 27790, 24749, 1701, 3315, 12442, 7974, 27894, 16063, 15138, 17553, 8456, 22699, 15972, 11182, 10784, 23979]","[0.0011649561347439885, 0.009196552447974682, 0.0006337125087156892, 2.6480842279852368e-05, 0.0017342078499495983, 1.67014204635052e-05, 0.0019570167642086744, 6.156764720799401e-05, 1.6442494597868063e-05, 1.6442494597868063e-05, 7.662102143513039e-05, 0.0003697388747241348, 1.750292540236842e-05, 3.0006618544575758e-05, 0.0006487307837232947, 0.0010162440594285727, 0.0006000071880407631, 0.0004859560285694897, 4.794958294951357e-05, 0.0008969392511062324]","[0.08848816901445389, 0.909991443157196, 0.0015202943468466401]","[0.08848816901445389, 0.909991443157196, 0.0015202943468466401]",False,YALAN,UYARI,False,False,861.4126000029501,"{""K1_input_and_readiness"": 0.11610001092776656, ""K7_context"": 0.0027999922167509794, ""K1_normalization"": 0.018100006855092943, ""K6_advisory"": 13.49139999365434, ""K1_intent"": 0.03979999746661633, ""K2_retrieval"": 195.26629999745637, ""K3_reranker"": 87.68989999953192, ""K8_weighted_ranking"": 1.531400004751049, ""K3_candidate_filters"": 6.545000011101365, ""K9_advisory_consensus"": 0.008999995770864189, ""K4_nli_and_bypass_check"": 294.64310000184923, ""K5_decision"": 257.6486999896588}",9150
FACTURK-0007,YALAN,"[16150, 25228, 21967, 3007, 9150, 27696, 29106, 12189, 9220, 29080, 635, 19258, 12809, 11479, 7203, 3189, 8347, 26748, 3364, 1499]","[0.006463137920945883, 0.017712298780679703, 0.006241259165108204, 0.004755199886858463, 0.0065388246439397335, 0.020884215831756592, 0.005060331895947456, 0.0013617033837363124, 0.002174225402995944, 0.0004673480580095202, 0.002957902615889907, 3.071818719035946e-05, 0.0017546144081279635, 0.0008426423300988972, 0.011331753805279732, 0.00011682839976856485, 5.605828482657671e-05, 0.002123966347426176, 0.0053225355222821236, 0.00020662980386987329]","[0.0008910373435355723, 0.9983615279197693, 0.0007474034209735692]","[0.0008910373435355723, 0.9983615279197693, 0.0007474034209735692]",False,YETERSİZ VERİ,RET,True,False,396.6346999950474,"{""K1_input_and_readiness"": 0.08170001092366874, ""K7_context"": 0.001200009137392044, ""K1_normalization"": 0.013299999409355223, ""K6_advisory"": 12.891799997305498, ""K1_intent"": 0.04859999171458185, ""K2_retrieval"": 248.37630000547506, ""K3_reranker"": 90.84790000633802, ""K8_weighted_ranking"": 1.3199999957578257, ""K3_candidate_filters"": 5.931699997745454, ""K9_advisory_consensus"": 0.007700000423938036, ""K4_nli_and_bypass_check"": 32.049300003563985, ""K5_decision"": 0.16289998893626034}",27696
FACTURK-0008,DOĞRU,"[23842, 9982, 23994, 3040, 9650, 3772, 21497, 5400, 21200, 14531, 6926, 24714, 11616, 10382, 17637, 14693, 20379, 23067, 9806, 22944]","[0.005865338258445263, 1.6442494597868063e-05, 1.6061610949691385e-05, 1.6314539607265033e-05, 0.001048469333909452, 1.6187581422855146e-05, 1.6061610949691385e-05, 1.9988918211311102e-05, 1.6187581422855146e-05, 1.6061610949691385e-05, 2.178264912799932e-05, 0.0008525666198693216, 0.04655127227306366, 2.4300241420860402e-05, 0.0017891592578962445, 8.888084994396195e-05, 2.3369333575828932e-05, 5.829126530443318e-05, 0.0005420927773229778, 2.1112482500029728e-05]","[0.9862560629844666, 0.012246549129486084, 0.0014973272336646914]","[0.9862560629844666, 0.012246549129486084, 0.0014973272336646914]",False,YALAN,RED,False,False,341.5666999935638,"{""K1_input_and_readiness"": 0.05610000516753644, ""K7_context"": 0.0015999976312741637, ""K1_normalization"": 0.014899997040629387, ""K6_advisory"": 15.081699995789677, ""K1_intent"": 0.03130000550299883, ""K2_retrieval"": 198.5215999884531, ""K3_reranker"": 70.02990000182763, ""K8_weighted_ranking"": 1.3569000002462417, ""K3_candidate_filters"": 8.380200000829063, ""K9_advisory_consensus"": 0.012400007108226418, ""K4_nli_and_bypass_check"": 42.26570000173524, ""K5_decision"": 0.7711999933235347}",23842
FACTURK-0009,DOĞRU,"[14517, 7095, 8698, 12267, 8481, 868, 16895, 3500, 881, 29949, 14095, 19012, 23430, 7959, 11154, 6311, 22188, 1099, 24475, 29059]","[0.005179712548851967, 3.219233258278109e-05, 0.0018602986820042133, 0.0013198634842410684, 0.0001621928095119074, 1.922317096614279e-05, 0.00013032974675297737, 0.0017891592578962445, 0.00023231418163049966, 0.0003654328465927392, 7.662102143513039e-05, 0.00026947917649522424, 6.553815910592675e-05, 0.00013658353418577462, 0.0008328334079124033, 0.0009436192340217531, 0.0003799845289904624, 0.00017813112935982645, 0.001560889184474945, 0.0018031664658337831]","[0.9916748404502869, 0.007873146794736385, 0.0004520492802839726]","[0.9916748404502869, 0.007873146794736385, 0.0004520492802839726]",False,YALAN,RED,False,False,894.7780000016792,"{""K1_input_and_readiness"": 0.079699995694682, ""K7_context"": 0.0025999906938523054, ""K1_normalization"": 0.018099992303177714, ""K6_advisory"": 23.868200005381368, ""K1_intent"": 0.07249999907799065, ""K2_retrieval"": 191.11260000499897, ""K3_reranker"": 89.58700000948738, ""K8_weighted_ranking"": 1.3888999965274706, ""K3_candidate_filters"": 6.8644999992102385, ""K9_advisory_consensus"": 0.014600009308196604, ""K4_nli_and_bypass_check"": 295.7596999913221, ""K5_decision"": 282.3982999980217}",29059
FACTURK-0010,YALAN,"[27785, 8950, 24363, 9565, 26067, 11404, 18194, 10912, 24488, 19231, 129, 10568, 9274, 6815, 8758, 5415, 11438, 6163, 13113, 18449]","[5.738759500673041e-05, 2.526822754589375e-05, 0.9533619284629822, 0.0005506247980520129, 0.0002234163403045386, 0.0009181900531984866, 1.892514956125524e-05, 8.284655632451177e-05, 2.818866414600052e-05, 1.6314539607265033e-05, 8.614650869276375e-05, 0.0008559006964787841, 0.0011291546979919076, 1.6442494597868063e-05, 1.805851934477687e-05, 4.794958294951357e-05, 1.6442494597868063e-05, 1.6442494597868063e-05, 0.00023050670279189944, 1.6187581422855146e-05]","[0.0011092181084677577, 0.0002553564845584333, 0.9986353516578674]","[0.0011092181084677577, 0.0002553564845584333, 0.9986353516578674]",False,YALAN,UYARI,False,False,575.2887999988161,"{""K1_input_and_readiness"": 0.056199991377070546, ""K7_context"": 0.0014999968698248267, ""K1_normalization"": 0.009900002623908222, ""K6_advisory"": 18.556199996965006, ""K1_intent"": 0.03500000457279384, ""K2_retrieval"": 180.43149998993613, ""K3_reranker"": 91.849500007811, ""K8_weighted_ranking"": 1.1280000035185367, ""K3_candidate_filters"": 6.437200005166233, ""K9_advisory_consensus"": 0.007800001185387373, ""K4_nli_and_bypass_check"": 160.56570000364445, ""K5_decision"": 110.90149999654386}",24363
FACTURK-0011,YALAN,"[29572, 28191, 12587, 20389, 7836, 25507, 9225, 20172, 26988, 3050, 27788, 1388, 21721, 12286, 22077, 20402, 10897, 11628, 7842, 6047]","[1.892514956125524e-05, 2.030369250860531e-05, 0.009708477184176445, 0.001573112211190164, 0.00937623716890812, 2.977311669383198e-05, 0.00048406238784082234, 0.011597361415624619, 0.0061450921930372715, 1.67014204635052e-05, 0.00029365462251007557, 1.6442494597868063e-05, 0.00017265156202483922, 1.6442494597868063e-05, 0.0005233757547102869, 1.6314539607265033e-05, 1.8486754925106652e-05, 1.7097478121286258e-05, 0.0004124558763578534, 0.0002287133247591555]","[0.9362913966178894, 0.05835448205471039, 0.00535410875454545]","[0.9362913966178894, 0.05835448205471039, 0.00535410875454545]",False,DOĞRU,ONAY,False,False,702.5453000096604,"{""K1_input_and_readiness"": 0.07229999755509198, ""K7_context"": 0.001500011421740055, ""K1_normalization"": 0.01309999788645655, ""K6_advisory"": 19.521800000802614, ""K1_intent"": 0.04060000355821103, ""K2_retrieval"": 160.7693000114523, ""K3_reranker"": 68.17070000397507, ""K8_weighted_ranking"": 1.2190999987069517, ""K3_candidate_filters"": 6.356400001095608, ""K9_advisory_consensus"": 0.008600007276982069, ""K4_nli_and_bypass_check"": 251.77879999682773, ""K5_decision"": 189.7848999942653}",20172
FACTURK-0012,DOĞRU,"[6622, 6142, 25865, 18918, 19541, 23011, 23436, 3162, 4879, 8712, 8285, 29892, 22626, 1362, 6336, 6885, 26371, 1902, 14891, 15688]","[0.0003625900426413864, 0.005080036818981171, 3.321419353596866e-05, 0.0012893283274024725, 0.03378022834658623, 0.0038844761438667774, 0.01024860143661499, 0.00032503585680387914, 4.985958003089763e-05, 9.314593626186252e-05, 6.553815910592675e-05, 0.0022343622986227274, 3.095910506090149e-05, 1.7917987861437723e-05, 0.0009362827986478806, 0.00035976938670501113, 2.1278065105434507e-05, 0.0012351677287369967, 1.6314539607265033e-05, 5.02506154589355e-05]","[0.0017167135374620557, 0.9959459900856018, 0.002337321173399687]","[0.0017167135374620557, 0.9959459900856018, 0.002337321173399687]",False,YETERSİZ VERİ,RET,True,False,931.1837999994168,"{""K1_input_and_readiness"": 0.05370000144466758, ""K7_context"": 0.0013999961083754897, ""K1_normalization"": 0.011600001016631722, ""K6_advisory"": 17.969199994695373, ""K1_intent"": 0.04199999966658652, ""K2_retrieval"": 171.81539999728557, ""K3_reranker"": 107.80260000319686, ""K8_weighted_ranking"": 1.8196999881183729, ""K3_candidate_filters"": 7.699299996602349, ""K9_advisory_consensus"": 0.009399998816661537, ""K4_nli_and_bypass_check"": 300.710200011963, ""K5_decision"": 314.01309999637306}",29892
FACTURK-0013,DOĞRU,"[12699, 14887, 13101, 9657, 12534, 27933, 10893, 22357, 8374, 8286, 28328, 22737, 28288, 24974, 8303, 22726, 12793, 23089, 2898, 9942]","[0.7241880893707275, 0.0006142272031866014, 0.0002434604539303109, 0.002115703420713544, 0.0027149852830916643, 0.00023597174731548876, 0.19390946626663208, 0.001604089280590415, 9.7615658887662e-05, 0.008061991073191166, 0.0023967307060956955, 1.8342892872169614e-05, 1.7231572201126255e-05, 0.0008393599418923259, 0.0007014083093963563, 0.00023231418163049966, 0.0003569706459529698, 0.0005680934991687536, 0.00043904531048610806, 0.0005838325014337897]","[0.03419474512338638, 0.9652073979377747, 0.0005978737026453018]","[0.03419474512338638, 0.9652073979377747, 0.0005978737026453018]",False,YETERSİZ VERİ,RET,True,False,337.351000009221,"{""K1_input_and_readiness"": 0.21860000560991466, ""K7_context"": 0.007899987394921482, ""K1_normalization"": 0.032800002372823656, ""K6_advisory"": 18.121499990229495, ""K1_intent"": 0.04069998976774514, ""K2_retrieval"": 201.10969999223016, ""K3_reranker"": 67.43729999288917, ""K8_weighted_ranking"": 1.2929000076837838, ""K3_candidate_filters"": 7.400300004519522, ""K9_advisory_consensus"": 0.008899995009414852, ""K4_nli_and_bypass_check"": 37.636599998222664, ""K5_decision"": 0.2542000001994893}",12699
FACTURK-0014,YALAN,"[1095, 29080, 13341, 29834, 29892, 15868, 22608, 20579, 27142, 30075, 20632, 17721, 13541, 12809, 27402, 20566, 2381, 22359, 21967, 6418]","[0.13330234587192535, 0.09982065856456757, 0.02843603305518627, 0.04501553252339363, 0.005179712548851967, 0.09334687888622284, 0.0360160693526268, 0.0010566838318482041, 0.16026602685451508, 0.057599205523729324, 0.001495338510721922, 0.052327629178762436, 0.003930085338652134, 0.07030384987592697, 0.0008525666198693216, 0.015967654064297676, 0.013480102643370628, 0.00815624836832285, 0.003538086311891675, 0.14010079205036163]","[0.00017259595915675163, 0.9995055198669434, 0.00032182253198698163]","[0.00017259595915675163, 0.9995055198669434, 0.00032182253198698163]",False,YETERSİZ VERİ,RET,True,False,611.6805999918142,"{""K1_input_and_readiness"": 0.04699999408330768, ""K7_context"": 0.0015999976312741637, ""K1_normalization"": 0.009099996532313526, ""K6_advisory"": 14.603200004785322, ""K1_intent"": 0.046200002543628216, ""K2_retrieval"": 146.7969999939669, ""K3_reranker"": 86.7463000031421, ""K8_weighted_ranking"": 1.3999000075273216, ""K3_candidate_filters"": 7.444500006386079, ""K9_advisory_consensus"": 0.019500002963468432, ""K4_nli_and_bypass_check"": 179.14720000408124, ""K5_decision"": 170.64330000721384}",27142
FACTURK-0015,YALAN,"[23156, 17389, 16095, 2093, 5661, 4977, 27882, 2941, 15806, 24403, 29808, 29892, 13268, 12063, 19362, 27060, 10431, 9753, 3212, 25973]","[0.0002287133247591555, 2.161314114346169e-05, 0.0005132579244673252, 0.0015669887652620673, 0.0009927261853590608, 0.0005132579244673252, 0.0012743262341246009, 4.539786823443137e-05, 2.265035072923638e-05, 0.000487857119878754, 2.2474090656032786e-05, 0.0001442598586436361, 0.0009811719646677375, 0.0006190416170284152, 0.0014381353976204991, 4.331903619458899e-05, 0.0019723358564078808, 0.00028685410507023335, 0.01009131595492363, 0.00010554686014074832]","[0.01026603952050209, 0.9885351061820984, 0.0011988711776211858]","[0.01026603952050209, 0.9885351061820984, 0.0011988711776211858]",False,YETERSİZ VERİ,RET,True,False,1415.3135999949882,"{""K1_input_and_readiness"": 0.07090000144671649, ""K7_context"": 0.0014999968698248267, ""K1_normalization"": 0.012199991033412516, ""K6_advisory"": 17.32889999402687, ""K1_intent"": 0.05539999983739108, ""K2_retrieval"": 197.04290000663605, ""K3_reranker"": 89.15810000326019, ""K8_weighted_ranking"": 1.2132999981986359, ""K3_candidate_filters"": 6.774300010874867, ""K9_advisory_consensus"": 0.008400005754083395, ""K4_nli_and_bypass_check"": 618.3459000021685, ""K5_decision"": 479.40599999856204}",2093
FACTURK-0016,DOĞRU,"[1988, 1386, 7284, 29568, 8942, 10107, 26997, 2671, 29160, 7876, 24244, 19128, 16982, 22490, 8726, 3711, 16545, 13927, 13542, 11901]","[0.3454363942146301, 0.00043904531048610806, 0.014957086183130741, 0.0001713081874186173, 0.025323061272501945, 0.18111833930015564, 1.6061610949691385e-05, 1.6314539607265033e-05, 1.7640199075685814e-05, 1.6314539607265033e-05, 1.593661909282673e-05, 0.0019267346942797303, 1.6061610949691385e-05, 1.6061610949691385e-05, 0.00046190584544092417, 1.6314539607265033e-05, 1.8777873265207745e-05, 1.6061610949691385e-05, 1.6314539607265033e-05, 1.6187581422855146e-05]","[0.05985403433442116, 0.9353606700897217, 0.004785265773534775]","[0.05985403433442116, 0.9353606700897217, 0.004785265773534775]",False,YETERSİZ VERİ,RET,True,False,789.9075999885099,"{""K1_input_and_readiness"": 0.06059999577701092, ""K7_context"": 0.0016999983927235007, ""K1_normalization"": 0.01030000566970557, ""K6_advisory"": 14.563500008080155, ""K1_intent"": 0.033499993151053786, ""K2_retrieval"": 163.40710000076797, ""K3_reranker"": 80.5487999896286, ""K8_weighted_ranking"": 1.625899996724911, ""K3_candidate_filters"": 5.958000008831732, ""K9_advisory_consensus"": 0.009700001101009548, ""K4_nli_and_bypass_check"": 264.8129000008339, ""K5_decision"": 254.13260000641458}",8942
FACTURK-0017,YALAN,"[4795, 3161, 11274, 2541, 8749, 3097, 21169, 22717, 19127, 4652, 6451, 22323, 8786, 350, 17125, 2399, 21760, 23539, 7578, 24158]","[3.373722574906424e-05, 5.225226777838543e-05, 0.04795810207724571, 0.000503335555549711, 4.1659583075670525e-05, 0.0038844761438667774, 1.9525883544702083e-05, 0.0003150386910419911, 1.657145367062185e-05, 0.00010889690747717395, 2.977311669383198e-05, 1.6187581422855146e-05, 0.00025514140725135803, 1.593661909282673e-05, 1.6187581422855146e-05, 5.783766391687095e-05, 1.593661909282673e-05, 1.6061610949691385e-05, 1.593661909282673e-05, 1.892514956125524e-05]","[0.0016838964074850082, 0.9961749315261841, 0.002141153672710061]","[0.0016838964074850082, 0.9961749315261841, 0.002141153672710061]",False,YETERSİZ VERİ,RET,True,False,311.97129999054596,"{""K1_input_and_readiness"": 0.052799994591623545, ""K7_context"": 0.0015999976312741637, ""K1_normalization"": 0.0109999964479357, ""K6_advisory"": 13.176099993870594, ""K1_intent"": 0.09760000102687627, ""K2_retrieval"": 153.64219999173656, ""K3_reranker"": 96.33629999007098, ""K8_weighted_ranking"": 1.2424000015016645, ""K3_candidate_filters"": 7.418599998345599, ""K9_advisory_consensus"": 0.007399998139590025, ""K4_nli_and_bypass_check"": 35.069000005023554, ""K5_decision"": 0.2808999997796491}",11274
FACTURK-0018,YALAN,"[17275, 29970, 348, 29892, 18297, 6336, 21402, 19541, 18468, 20020, 11509, 27847, 22914, 1849, 21335, 3328, 28378, 21066, 15114, 30224]","[0.002521268092095852, 0.0002251682453788817, 0.0003920417802873999, 8.284655632451177e-05, 0.0004747042548842728, 5.0644717703107744e-05, 0.0006070755189284682, 0.0006641048239544034, 0.3624049127101898, 0.009232213720679283, 0.026205414906144142, 0.0005976693937554955, 0.0005254230927675962, 0.00043563017970882356, 1.67014204635052e-05, 0.0013885232619941235, 0.0008393599418923259, 0.0003799845289904624, 0.0014779430348426104, 0.0020507434383034706]","[0.9280056953430176, 0.06957892328500748, 0.0024154025595635176]","[0.9280056953430176, 0.06957892328500748, 0.0024154025595635176]",False,DOĞRU,ONAY,False,False,666.8542999977944,"{""K1_input_and_readiness"": 0.057199998991563916, ""K7_context"": 0.0013999961083754897, ""K1_normalization"": 0.010199990356341004, ""K6_advisory"": 12.790699998731725, ""K1_intent"": 0.03339999238960445, ""K2_retrieval"": 169.36549999809358, ""K3_reranker"": 82.62199998716824, ""K8_weighted_ranking"": 1.6494000010425225, ""K3_candidate_filters"": 9.433799990802072, ""K9_advisory_consensus"": 0.012999997125007212, ""K4_nli_and_bypass_check"": 204.6017000102438, ""K5_decision"": 182.612100004917}",11509
FACTURK-0019,YALAN,"[10019, 25163, 23626, 5995, 5665, 4114, 10855, 18608, 26301, 5174, 8490, 20744, 21693, 21404, 28726, 21645, 23143, 4198, 27200, 24484]","[0.698535144329071, 0.0014493984635919333, 0.015543648041784763, 0.00014653129619546235, 9.17019642656669e-05, 4.434627408045344e-05, 0.00020184421737212688, 0.00360761652700603, 1.9073577277595177e-05, 1.9073577277595177e-05, 1.7917987861437723e-05, 5.738759500673041e-05, 3.219233258278109e-05, 1.9525883544702083e-05, 0.00026530236937105656, 6.553815910592675e-05, 4.298194107832387e-05, 0.006666931323707104, 1.7640199075685814e-05, 1.6187581422855146e-05]","[0.0013833512784913182, 0.9910131096839905, 0.007603514939546585]","[0.0013833512784913182, 0.9910131096839905, 0.007603514939546585]",False,YETERSİZ VERİ,RET,True,False,355.7328000024427,"{""K1_input_and_readiness"": 0.054100004490464926, ""K7_context"": 0.0014999968698248267, ""K1_normalization"": 0.00960000033956021, ""K6_advisory"": 12.89369999722112, ""K1_intent"": 0.03440000000409782, ""K2_retrieval"": 148.60299999418203, ""K3_reranker"": 75.43969999824185, ""K8_weighted_ranking"": 2.115399998729117, ""K3_candidate_filters"": 6.688600013148971, ""K9_advisory_consensus"": 0.014199991710484028, ""K4_nli_and_bypass_check"": 70.15990000218153, ""K5_decision"": 36.03770000336226}",10019
FACTURK-0020,YALAN,"[2332, 25293, 30280, 30277, 13472, 30253, 26217, 26134, 3628, 13547, 6667, 12451, 20667, 26278, 21073, 30143, 26014, 27179, 8966, 29245]","[0.19574777781963348, 1.6442494597868063e-05, 0.004609572235494852, 0.0015487611526623368, 0.04115288704633713, 0.004609572235494852, 0.03222229704260826, 0.001536727068014443, 0.001103026675991714, 0.00079783343244344, 0.018404889851808548, 0.00712142838165164, 0.17258980870246887, 1.9373936083866283e-05, 0.0002891032490879297, 2.4300241420860402e-05, 1.67014204635052e-05, 0.004627529997378588, 0.01784873753786087, 2.195349043176975e-05]","[0.023549338802695274, 0.9443566799163818, 0.03209396451711655]","[0.023549338802695274, 0.9443566799163818, 0.03209396451711655]",False,YALAN,RED,False,False,692.5547999999253,"{""K1_input_and_readiness"": 0.04030000127386302, ""K7_context"": 0.001200009137392044, ""K1_normalization"": 0.00790000194683671, ""K6_advisory"": 12.641599998460151, ""K1_intent"": 0.027699992642737925, ""K2_retrieval"": 135.01559999713209, ""K3_reranker"": 312.3079999932088, ""K8_weighted_ranking"": 2.605700006824918, ""K3_candidate_filters"": 14.188699991791509, ""K9_advisory_consensus"": 0.01170000177808106, ""K4_nli_and_bypass_check"": 124.07740000344347, ""K5_decision"": 85.05660000082571}",20667
FACTURK-0021,YALAN,"[12182, 19013, 6837, 23667, 5861, 19899, 4206, 16457, 13986, 28420, 4320, 12619, 21022, 19157, 11158, 28705, 20108, 17272, 21767, 2431]","[0.06477169692516327, 0.0036499870475381613, 3.024195939360652e-05, 1.6187581422855146e-05, 7.484622619813308e-05, 2.9541422918555327e-05, 1.6187581422855146e-05, 1.6964426322374493e-05, 1.6314539607265033e-05, 5.391084778239019e-05, 1.6187581422855146e-05, 0.00011235327838221565, 1.67014204635052e-05, 1.67014204635052e-05, 1.6314539607265033e-05, 1.6061610949691385e-05, 1.657145367062185e-05, 1.8342892872169614e-05, 1.6187581422855146e-05, 1.6187581422855146e-05]","[0.19880704581737518, 0.4711269736289978, 0.3300660252571106]","[0.19880704581737518, 0.4711269736289978, 0.3300660252571106]",False,YETERSİZ VERİ,RET,True,False,1309.9574999941979,"{""K1_input_and_readiness"": 0.08769999840296805, ""K7_context"": 0.0018999999156221747, ""K1_normalization"": 0.013899989426136017, ""K6_advisory"": 15.102399993338622, ""K1_intent"": 0.042400002712383866, ""K2_retrieval"": 205.13089999440126, ""K3_reranker"": 88.21240000543185, ""K8_weighted_ranking"": 1.5519000007770956, ""K3_candidate_filters"": 8.265900003607385, ""K9_advisory_consensus"": 0.007199996616691351, ""K4_nli_and_bypass_check"": 552.6835999917239, ""K5_decision"": 435.7179999933578}",17272
FACTURK-0022,DOĞRU,"[15941, 29904, 21024, 1480, 17990, 15978, 25000, 25198, 9769, 10934, 12191, 26748, 26723, 27992, 9572, 24739, 19286, 9916, 10651, 10656]","[4.870464181294665e-05, 2.6274772608303465e-05, 0.00016093082376755774, 0.008283626288175583, 0.00039977103006094694, 0.001151399570517242, 1.593661909282673e-05, 0.002521268092095852, 0.004399412777274847, 9.17019642656669e-05, 0.0018031664658337831, 1.6442494597868063e-05, 0.0398624911904335, 1.8631746570463292e-05, 0.0060503981076180935, 0.0012113064294680953, 1.6061610949691385e-05, 1.6061610949691385e-05, 1.6061610949691385e-05, 0.0014895173953846097]","[0.02413119561970234, 0.9738519787788391, 0.0020169203635305166]","[0.02413119561970234, 0.9738519787788391, 0.0020169203635305166]",False,YETERSİZ VERİ,RET,True,False,295.1874999998836,"{""K1_input_and_readiness"": 0.06559999019373208, ""K7_context"": 0.0014999968698248267, ""K1_normalization"": 0.012499993317760527, ""K6_advisory"": 12.58619999862276, ""K1_intent"": 0.039300008211284876, ""K2_retrieval"": 153.76780000224244, ""K3_reranker"": 86.2185000005411, ""K8_weighted_ranking"": 1.4913000050000846, ""K3_candidate_filters"": 7.638300012331456, ""K9_advisory_consensus"": 0.008700008038431406, ""K4_nli_and_bypass_check"": 29.753900002106093, ""K5_decision"": 0.3502000035950914}",26723
FACTURK-0023,YALAN,"[1375, 22170, 7028, 2565, 13525, 27625, 21826, 4491, 22908, 4790, 3409, 14597, 3536, 3994, 7836, 26848, 12334, 15767, 14642, 14071]","[0.0016875095898285508, 0.00019871552649419755, 0.0009811719646677375, 2.732141365413554e-05, 2.908344322349876e-05, 3.1201914680423215e-05, 1.967902426258661e-05, 3.3474691008450463e-05, 0.0032476764172315598, 1.7640199075685814e-05, 0.008950711227953434, 0.0027683854568749666, 2.195349043176975e-05, 1.8777873265207745e-05, 0.0026730059180408716, 2.161314114346169e-05, 0.0037217086646705866, 2.392351052549202e-05, 3.3474691008450463e-05, 7.782753527862951e-05]","[0.0041033243760466576, 0.9942929744720459, 0.001603749580681324]","[0.0041033243760466576, 0.9942929744720459, 0.001603749580681324]",False,YETERSİZ VERİ,RET,True,False,377.4847000022419,"{""K1_input_and_readiness"": 0.09240000508725643, ""K7_context"": 0.0031999952625483274, ""K1_normalization"": 0.018999999156221747, ""K6_advisory"": 14.682000008178875, ""K1_intent"": 0.07650000043213367, ""K2_retrieval"": 217.05229999497533, ""K3_reranker"": 97.95819999999367, ""K8_weighted_ranking"": 1.3827999937348068, ""K3_candidate_filters"": 6.781699994462542, ""K9_advisory_consensus"": 0.008300004992634058, ""K4_nli_and_bypass_check"": 34.31040000577923, ""K5_decision"": 0.563599998713471}",3409
FACTURK-0024,DOĞRU,"[11438, 3188, 5686, 4485, 29455, 27158, 26024, 3920, 27232, 11636, 26595, 27917, 25133, 11451, 7066, 10016, 8895, 13009, 27421, 315]","[1.6314539607265033e-05, 2.195349043176975e-05, 1.6314539607265033e-05, 0.0007763299508951604, 5.34913269802928e-05, 0.0009510130621492863, 1.6442494597868063e-05, 6.868317723274231e-05, 0.00013032974675297737, 0.003324436955153942, 0.006666931323707104, 1.657145367062185e-05, 0.005934066604822874, 0.0005506247980520129, 7.311254739761353e-05, 0.00034599160426296294, 0.006903838831931353, 6.922183820279315e-05, 1.6442494597868063e-05, 1.9525883544702083e-05]","[0.12602953612804413, 0.8682223558425903, 0.0057481019757688046]","[0.12602953612804413, 0.8682223558425903, 0.0057481019757688046]",False,YETERSİZ VERİ,RET,True,False,540.9307999943849,"{""K1_input_and_readiness"": 0.12260000221431255, ""K7_context"": 0.0018999999156221747, ""K1_normalization"": 0.021400002879090607, ""K6_advisory"": 14.883800002280623, ""K1_intent"": 0.04909999552182853, ""K2_retrieval"": 271.68320000055246, ""K3_reranker"": 133.65810000686906, ""K8_weighted_ranking"": 3.983899994636886, ""K3_candidate_filters"": 17.89160000043921, ""K9_advisory_consensus"": 0.015200013876892626, ""K4_nli_and_bypass_check"": 92.68109999538865, ""K5_decision"": 0.5364999960875139}",4485
FACTURK-0025,YALAN,"[14209, 8892, 10769, 11996, 13320, 28974, 2199, 8197, 2442, 7437, 23866, 24371, 3325, 19405, 16542, 12523, 18007, 11845, 6692, 11559]","[0.3432316780090332, 0.34775856137275696, 0.9833430051803589, 0.1772405207157135, 0.16331195831298828, 0.0011649561347439885, 0.003456409554928541, 0.05429893732070923, 0.0032099615782499313, 0.3944924771785736, 0.0015854305820539594, 5.391084778239019e-05, 1.7640199075685814e-05, 0.003869391046464443, 0.028707079589366913, 0.055208683013916016, 3.426849070820026e-05, 0.004331501666456461, 0.016850080341100693, 0.0016549242427572608]","[0.9973660111427307, 0.001255311188288033, 0.0013786895433440804]","[0.9973660111427307, 0.001255311188288033, 0.0013786895433440804]",False,YALAN,RED,False,False,491.91899999277666,"{""K1_input_and_readiness"": 0.09050000517163426, ""K7_context"": 0.0028999929782003164, ""K1_normalization"": 0.014899997040629387, ""K6_advisory"": 21.421099998406135, ""K1_intent"": 0.03229999856557697, ""K2_retrieval"": 159.41740000562277, ""K3_reranker"": 89.18760000960901, ""K8_weighted_ranking"": 1.4177999983076006, ""K3_candidate_filters"": 8.185400001821108, ""K9_advisory_consensus"": 0.008499991963617504, ""K4_nli_and_bypass_check"": 116.65999999968335, ""K5_decision"": 90.4480000026524}",10769
FACTURK-0026,YALAN,"[27715, 23184, 28551, 21424, 9714, 16076, 14684, 21809, 8210, 1828, 20230, 10930, 26096, 7094, 22711, 21359, 15941, 1789, 3831, 5673]","[0.00011501735571073368, 0.03521113470196724, 0.00025315635139122605, 0.05654813349246979, 2.265035072923638e-05, 0.009449081495404243, 0.00021995337738189846, 1.6314539607265033e-05, 4.870464181294665e-05, 1.6187581422855146e-05, 1.6061610949691385e-05, 0.0008360903011634946, 1.657145367062185e-05, 1.657145367062185e-05, 0.00025514140725135803, 1.683241134742275e-05, 1.6187581422855146e-05, 0.09518112242221832, 1.683241134742275e-05, 1.6314539607265033e-05]","[0.00010592339822323993, 0.9995494484901428, 0.0003446066693868488]","[0.00010592339822323993, 0.9995494484901428, 0.0003446066693868488]",False,YETERSİZ VERİ,RET,True,False,886.1554000031902,"{""K1_input_and_readiness"": 0.07179999374784529, ""K7_context"": 0.0018999999156221747, ""K1_normalization"": 0.01170000177808106, ""K6_advisory"": 14.510399996652268, ""K1_intent"": 0.04030000127386302, ""K2_retrieval"": 178.8273999991361, ""K3_reranker"": 95.23610000906046, ""K8_weighted_ranking"": 1.5515999984927475, ""K3_candidate_filters"": 6.649400005699135, ""K9_advisory_consensus"": 0.009499999578110874, ""K4_nli_and_bypass_check"": 253.93520000216085, ""K5_decision"": 330.8231999981217}",1789
FACTURK-0027,DOĞRU,"[15752, 24074, 19974, 29704, 16971, 9983, 13592, 10610, 5988, 7141, 17523, 8540, 16020, 11953, 27265, 10185, 13009, 19943, 16866, 22429]","[0.9997346997261047, 3.269927037763409e-05, 0.0006462032906711102, 0.005620036274194717, 2.355261858610902e-05, 1.657145367062185e-05, 0.00013135180051904172, 0.0007466114475391805, 1.922317096614279e-05, 0.008348053321242332, 1.6061610949691385e-05, 0.0009217804181389511, 0.0003500686143524945, 2.1112482500029728e-05, 6.709224544465542e-05, 0.00023782203788869083, 1.7097478121286258e-05, 2.449082603561692e-05, 1.8631746570463292e-05, 2.0785171727766283e-05]","[0.0003555202856659889, 0.00016630387108307332, 0.9994781613349915]","[0.0003555202856659889, 0.00016630387108307332, 0.9994781613349915]",False,DOĞRU,ONAY,False,False,428.3640000066953,"{""K1_input_and_readiness"": 0.1942999952007085, ""K7_context"": 0.0034999975468963385, ""K1_normalization"": 0.022199994418770075, ""K6_advisory"": 21.839499997440726, ""K1_intent"": 0.046200002543628216, ""K2_retrieval"": 195.00150000385474, ""K3_reranker"": 58.72339999768883, ""K8_weighted_ranking"": 2.043000000412576, ""K3_candidate_filters"": 7.315599999856204, ""K9_advisory_consensus"": 0.009700001101009548, ""K4_nli_and_bypass_check"": 98.13620000204537, ""K5_decision"": 40.886299990233965}",15752
FACTURK-0028,DOĞRU,"[1701, 9220, 29106, 25588, 29080, 12189, 9150, 1302, 12809, 26768, 6704, 10902, 30198, 18412, 13541, 9755, 12587, 22993, 22465, 11778]","[0.000661517377011478, 0.011375600472092628, 0.0905744731426239, 0.0002415662893326953, 0.00038446192047558725, 0.005598248913884163, 0.001299427472986281, 0.00266261282376945, 0.002251847181469202, 1.7097478121286258e-05, 0.10913478583097458, 0.0042151594534516335, 0.00035419364576227963, 0.0008072304772213101, 0.00011501735571073368, 0.00064368563471362, 0.00034464316559024155, 1.6314539607265033e-05, 0.030444350093603134, 0.00041731575038284063]","[0.014261222444474697, 0.9804511666297913, 0.005287558306008577]","[0.014261222444474697, 0.9804511666297913, 0.005287558306008577]",False,YALAN,UYARI,False,False,1195.0055999914184,"{""K1_input_and_readiness"": 0.06349998875521123, ""K7_context"": 0.0016999983927235007, ""K1_normalization"": 0.012299991794861853, ""K6_advisory"": 13.309399990248494, ""K1_intent"": 0.035200006095692515, ""K2_retrieval"": 212.20110000285786, ""K3_reranker"": 80.61869999801274, ""K8_weighted_ranking"": 1.8673000013222918, ""K3_candidate_filters"": 5.955400003585964, ""K9_advisory_consensus"": 0.009199997293762863, ""K4_nli_and_bypass_check"": 454.5832000003429, ""K5_decision"": 423.0333999876166}",6704
FACTURK-0029,DOĞRU,"[5759, 29275, 29233, 10729, 15376, 3627, 6241, 15658, 22991, 16032, 20735, 18583, 25130, 5000, 1493, 9498, 11509, 4391, 2257, 11961]","[0.9757161140441895, 0.0075479233637452126, 5.391084778239019e-05, 1.6442494597868063e-05, 1.6061610949691385e-05, 0.003123648464679718, 0.00017536994710098952, 0.010818447917699814, 0.0002287133247591555, 0.00015356240328401327, 1.6061610949691385e-05, 1.6314539607265033e-05, 0.0014048678567633033, 0.00010720880527514964, 1.7097478121286258e-05, 0.0001015038214973174, 1.6314539607265033e-05, 1.6187581422855146e-05, 0.0027791904285550117, 0.00015843621804378927]","[0.0006617690087296069, 0.005460349842905998, 0.9938779473304749]","[0.0006617690087296069, 0.005460349842905998, 0.9938779473304749]",False,DOĞRU,ONAY,False,False,450.7524999935413,"{""K1_input_and_readiness"": 0.053099996875971556, ""K7_context"": 0.0020000006770715117, ""K1_normalization"": 0.009199997293762863, ""K6_advisory"": 12.957700004335493, ""K1_intent"": 0.02950000634882599, ""K2_retrieval"": 149.7422000102233, ""K3_reranker"": 99.07779999775812, ""K8_weighted_ranking"": 1.218599994899705, ""K3_candidate_filters"": 5.838700002641417, ""K9_advisory_consensus"": 0.008800008799880743, ""K4_nli_and_bypass_check"": 103.89170001144521, ""K5_decision"": 74.39090000116266}",5759
FACTURK-0030,YALAN,"[29243, 18967, 12263, 28578, 26318, 14012, 28417, 24638, 18697, 14476, 26244, 8599, 8602, 7589, 1840, 28801, 17463, 24217, 13028, 1686]","[0.06536578387022018, 0.0020911062601953745, 0.010818447917699814, 0.00043393249507062137, 0.0002396868512732908, 0.00017674513219390064, 9.461262379772961e-05, 6.657015910604969e-05, 0.000192602863535285, 6.60521473037079e-05, 6.352188938762993e-05, 0.22901751101016998, 0.00025118677876889706, 0.0002472934720572084, 0.0004565269045997411, 1.6061610949691385e-05, 5.920916373725049e-05, 0.0007672924548387527, 0.00036829791497439146, 0.0006190416170284152]","[0.1486140787601471, 0.8493887186050415, 0.0019972724840044975]","[0.1486140787601471, 0.8493887186050415, 0.0019972724840044975]",False,YETERSİZ VERİ,RET,True,False,407.94619999360293,"{""K1_input_and_readiness"": 0.06629999552387744, ""K7_context"": 0.0016999983927235007, ""K1_normalization"": 0.012999997125007212, ""K6_advisory"": 14.71000000310596, ""K1_intent"": 0.0999000039882958, ""K2_retrieval"": 233.29139999987092, ""K3_reranker"": 109.4299999967916, ""K8_weighted_ranking"": 1.161000007414259, ""K3_candidate_filters"": 7.282400008989498, ""K9_advisory_consensus"": 0.0092999980552122, ""K4_nli_and_bypass_check"": 37.895899993600324, ""K5_decision"": 0.5138999986229464}",24217
FACTURK-0031,DOĞRU,"[767, 19703, 7295, 16372, 3917, 5870, 16199, 6920, 28815, 21142, 29996, 24047, 20865, 5586, 7198, 27568, 17742, 18256, 13519, 13970]","[0.044680867344141006, 0.0015548133524134755, 1.7097478121286258e-05, 0.00034599160426296294, 7.311254739761353e-05, 0.0005549409543164074, 1.6187581422855146e-05, 7.141901005525142e-05, 1.6187581422855146e-05, 1.6187581422855146e-05, 0.04023794084787369, 0.0002269338583573699, 0.00035281325108371675, 8.156224066624418e-05, 1.6187581422855146e-05, 0.07892588526010513, 1.6964426322374493e-05, 4.870464181294665e-05, 2.710879925871268e-05, 1.9988918211311102e-05]","[0.1762961745262146, 0.39835792779922485, 0.42534589767456055]","[0.1762961745262146, 0.39835792779922485, 0.42534589767456055]",False,YETERSİZ VERİ,RET,True,False,306.74939999880735,"{""K1_input_and_readiness"": 0.07530000584665686, ""K7_context"": 0.0014999968698248267, ""K1_normalization"": 0.011199997970834374, ""K6_advisory"": 16.171999988728203, ""K1_intent"": 0.3121999907307327, ""K2_retrieval"": 168.99659999762662, ""K3_reranker"": 74.90789999428671, ""K8_weighted_ranking"": 1.2124999921070412, ""K3_candidate_filters"": 8.061399988946505, ""K9_advisory_consensus"": 0.014900011592544615, ""K4_nli_and_bypass_check"": 33.17740000784397, ""K5_decision"": 0.37910000537522137}",5870
FACTURK-0032,DOĞRU,"[14724, 27818, 25875, 18780, 20460, 14841, 24931, 5978, 5201, 7259, 23656, 23463, 722, 22209, 28498, 23425, 1131, 27369, 7397, 11205]","[7.722192094661295e-05, 0.9976125955581665, 0.00034196203341707587, 1.8777873265207745e-05, 1.6442494597868063e-05, 5.0644717703107744e-05, 8.682210318511352e-05, 2.265035072923638e-05, 0.0008525666198693216, 8.818923379294574e-05, 0.00011866796558024362, 0.0006070755189284682, 1.6187581422855146e-05, 0.0003583672805689275, 1.6442494597868063e-05, 1.7640199075685814e-05, 1.7640199075685814e-05, 1.6964426322374493e-05, 2.732141365413554e-05, 1.6442494597868063e-05]","[0.00030759928631596267, 0.9972754120826721, 0.002417094074189663]","[0.00030759928631596267, 0.9972754120826721, 0.002417094074189663]",False,YETERSİZ VERİ,RET,True,False,786.6404999949737,"{""K1_input_and_readiness"": 0.04610000178217888, ""K7_context"": 0.001400010660290718, ""K1_normalization"": 0.00969998654909432, ""K6_advisory"": 14.292400010162964, ""K1_intent"": 0.09250000584870577, ""K2_retrieval"": 179.618299996946, ""K3_reranker"": 58.649400001741014, ""K8_weighted_ranking"": 1.2959000014234334, ""K3_candidate_filters"": 6.882600006065331, ""K9_advisory_consensus"": 0.008700008038431406, ""K4_nli_and_bypass_check"": 260.5158000078518, ""K5_decision"": 260.50519999989774}",27818
FACTURK-0033,DOĞRU,"[16046, 348, 20020, 25217, 19541, 9209, 18297, 23436, 29262, 6336, 11509, 29892, 12974, 9866, 27847, 13474, 18468, 9259, 28611, 18491]","[0.09235979616641998, 0.030675802379846573, 0.02280263602733612, 6.352188938762993e-05, 0.0003799845289904624, 0.00014883848780300468, 0.0009927261853590608, 0.0003150386910419911, 7.086326513672248e-05, 2.6274772608303465e-05, 0.013689476065337658, 0.00021654405281879008, 0.002693914109840989, 0.0005861161625944078, 0.004556113854050636, 0.00014539113908540457, 0.10212548077106476, 0.006338921841233969, 0.00038596606464125216, 0.01678548939526081]","[0.0008682502084411681, 0.993956446647644, 0.005175214726477861]","[0.0008682502084411681, 0.993956446647644, 0.005175214726477861]",False,YETERSİZ VERİ,RET,True,False,504.6174000017345,"{""K1_input_and_readiness"": 0.07059999916236848, ""K7_context"": 0.0025000044843181968, ""K1_normalization"": 0.012299991794861853, ""K6_advisory"": 14.433500007726252, ""K1_intent"": 0.037699996028095484, ""K2_retrieval"": 159.64749999693595, ""K3_reranker"": 69.57440001133364, ""K8_weighted_ranking"": 1.2429000053089112, ""K3_candidate_filters"": 6.682499995804392, ""K9_advisory_consensus"": 0.00890000956133008, ""K4_nli_and_bypass_check"": 143.38280000083614, ""K5_decision"": 106.52990000380669}",16046
FACTURK-0034,YALAN,"[9150, 10284, 10707, 12063, 6336, 6469, 6929, 10689, 15688, 20449, 23423, 21321, 18606, 1310, 25061, 13077, 18326, 27443, 9323, 27162]","[0.6513549089431763, 0.004101929254829884, 0.05749328061938286, 0.0033374049235135317, 0.04001227021217346, 0.11636176705360413, 0.004943688865751028, 0.01678548939526081, 0.0792103186249733, 7.905303937150165e-05, 0.00011682839976856485, 0.08419108390808105, 0.01353214867413044, 2.0785171727766283e-05, 0.0014779430348426104, 0.00020825010142289102, 0.00010391067189630121, 0.0008761798962950706, 0.0011559007689356804, 0.01342825498431921]","[0.0009633113513700664, 0.998227059841156, 0.0008096066303551197]","[0.0009633113513700664, 0.998227059841156, 0.0008096066303551197]",False,YETERSİZ VERİ,RET,True,False,487.62990000250284,"{""K1_input_and_readiness"": 0.11870000162161887, ""K7_context"": 0.0015999976312741637, ""K1_normalization"": 0.01930000144056976, ""K6_advisory"": 11.854399999720044, ""K1_intent"": 0.043199994252063334, ""K2_retrieval"": 253.3400999964215, ""K3_reranker"": 179.039599999669, ""K8_weighted_ranking"": 1.3355000119190663, ""K3_candidate_filters"": 6.3781000062590465, ""K9_advisory_consensus"": 0.008799994247965515, ""K4_nli_and_bypass_check"": 30.552199998055585, ""K5_decision"": 0.18889999773819}",9150
FACTURK-0035,DOĞRU,"[6832, 11509, 24209, 20020, 6302, 23436, 8688, 22914, 17014, 20937, 28419, 25449, 28962, 21495, 13474, 13842, 6885, 1849, 28378, 26371]","[0.0034429810475558043, 0.01057048887014389, 0.00482972152531147, 0.011552670039236546, 0.06681232154369354, 0.00172745855525136, 0.046378202736377716, 0.01711088977754116, 9.915272676153108e-05, 0.0074030146934092045, 0.0001956353517016396, 0.01750955730676651, 1.7640199075685814e-05, 0.0003006163169629872, 0.0004092474700883031, 0.00272558256983757, 0.0017007222631946206, 8.888084994396195e-05, 0.006615392863750458, 3.071818719035946e-05]","[0.0005605950718745589, 0.990100085735321, 0.009339304640889168]","[0.0005605950718745589, 0.990100085735321, 0.009339304640889168]",False,YETERSİZ VERİ,RET,True,False,695.1974999974482,"{""K1_input_and_readiness"": 0.061400001868605614, ""K7_context"": 0.0014999968698248267, ""K1_normalization"": 0.009700001101009548, ""K6_advisory"": 16.241099991020747, ""K1_intent"": 0.05020000389777124, ""K2_retrieval"": 164.21009998884983, ""K3_reranker"": 82.81910000368953, ""K8_weighted_ranking"": 1.1387999984435737, ""K3_candidate_filters"": 6.221000003279187, ""K9_advisory_consensus"": 0.008200004231184721, ""K4_nli_and_bypass_check"": 241.58849999366794, ""K5_decision"": 178.0782999994699}",6302
FACTURK-0036,YALAN,"[2387, 18795, 26595, 29551, 18344, 3812, 9828, 15688, 6128, 21281, 16632, 15659, 6729, 17360, 29833, 27970, 15511, 10583, 26042, 24726]","[1.7917987861437723e-05, 1.6314539607265033e-05, 0.0004655269149225205, 0.0017891592578962445, 8.750300185056403e-05, 0.00039821304380893707, 0.00035557945375330746, 0.0022343622986227274, 1.6314539607265033e-05, 0.000159678646014072, 0.0024822766426950693, 0.00031258779927156866, 1.6314539607265033e-05, 0.00272558256983757, 1.750292540236842e-05, 0.0001823546044761315, 0.011552670039236546, 1.9833367332466878e-05, 2.161314114346169e-05, 2.195349043176975e-05]","[0.003974473103880882, 0.9917028546333313, 0.004322684369981289]","[0.003974473103880882, 0.9917028546333313, 0.004322684369981289]",False,YETERSİZ VERİ,RET,True,False,888.518000007025,"{""K1_input_and_readiness"": 0.072900002123788, ""K7_context"": 0.0013999961083754897, ""K1_normalization"": 0.014599994756281376, ""K6_advisory"": 12.005099997622892, ""K1_intent"": 0.035299992305226624, ""K2_retrieval"": 182.36069999693427, ""K3_reranker"": 156.07989999989513, ""K8_weighted_ranking"": 1.4670000091427937, ""K3_candidate_filters"": 6.576400002813898, ""K9_advisory_consensus"": 0.008499991963617504, ""K4_nli_and_bypass_check"": 277.0271000044886, ""K5_decision"": 248.33220000436995}",15511
FACTURK-0037,YALAN,"[20136, 5255, 3001, 6221, 17297, 25761, 27740, 26211, 10589, 19187, 27894, 22717, 12065, 16831, 11189, 9150, 5606, 4652, 13003, 26442]","[0.007577241398394108, 0.0013302015140652657, 0.0019117692718282342, 0.004198795650154352, 0.0002591582597233355, 0.06371499598026276, 0.0013885232619941235, 0.00028685410507023335, 0.01923425868153572, 4.101373633602634e-05, 3.1693256460130215e-05, 0.001201891340315342, 4.037790131405927e-05, 0.0006959536112844944, 0.0003711854515131563, 0.02186455763876438, 1.6442494597868063e-05, 2.710879925871268e-05, 0.0012497093994170427, 0.0002492325147613883]","[0.014499136246740818, 0.9784827828407288, 0.007018174976110458]","[0.014499136246740818, 0.9784827828407288, 0.007018174976110458]",False,YETERSİZ VERİ,RET,True,False,2507.5320999894757,"{""K1_input_and_readiness"": 0.10039999324362725, ""K7_context"": 0.0011999945854768157, ""K1_normalization"": 0.01679999695625156, ""K6_advisory"": 11.555599994608201, ""K1_intent"": 0.053800002206116915, ""K2_retrieval"": 288.2236000004923, ""K3_reranker"": 143.11930000258144, ""K8_weighted_ranking"": 1.4823999954387546, ""K3_candidate_filters"": 8.064499997999519, ""K9_advisory_consensus"": 0.01850000990089029, ""K4_nli_and_bypass_check"": 1051.5481000038562, ""K5_decision"": 998.5898000013549}",25761
FACTURK-0038,DOĞRU,"[14947, 510, 14723, 5185, 19804, 28823, 16886, 29705, 28, 4224, 81, 7538, 13967, 15563, 29239, 23232, 1399, 20781, 29235, 24401]","[0.01384861022233963, 0.002822832902893424, 0.00043393249507062137, 0.001995538594201207, 5.104190859128721e-05, 1.67014204635052e-05, 0.0021657671313732862, 0.0019342610612511635, 0.018869254738092422, 0.00021995337738189846, 0.017309095710515976, 2.2125668692751788e-05, 0.002082970691844821, 1.6442494597868063e-05, 0.0063635739497840405, 0.0006190416170284152, 0.004982269834727049, 0.22627031803131104, 0.0006771942134946585, 0.0003275842755101621]","[0.14292769134044647, 0.7651510238647461, 0.09192128479480743]","[0.14292769134044647, 0.7651510238647461, 0.09192128479480743]",False,YETERSİZ VERİ,RET,True,False,1909.8164999886649,"{""K1_input_and_readiness"": 0.07680000271648169, ""K7_context"": 0.0014999968698248267, ""K1_normalization"": 0.013900003978051245, ""K6_advisory"": 14.477000004262663, ""K1_intent"": 0.05299999611452222, ""K2_retrieval"": 264.2619999969611, ""K3_reranker"": 171.45270000037272, ""K8_weighted_ranking"": 1.4661999884992838, ""K3_candidate_filters"": 10.316100000636652, ""K9_advisory_consensus"": 0.010100004146806896, ""K4_nli_and_bypass_check"": 675.4035000049043, ""K5_decision"": 768.3784000109881}",20781
FACTURK-0039,DOĞRU,"[1215, 8693, 28738, 27028, 21561, 21436, 3592, 16191, 14797, 7703, 26547, 28275, 10796, 15755, 29186, 26918, 9953, 14641, 27521, 23573]","[0.0007236572564579546, 1.67014204635052e-05, 1.6442494597868063e-05, 0.00341627886518836, 3.373722574906424e-05, 0.000491681566927582, 5.34913269802928e-05, 0.0003301527176517993, 7.141901005525142e-05, 0.00017952796770259738, 1.6187581422855146e-05, 9.993031562771648e-05, 1.6061610949691385e-05, 3.321419353596866e-05, 1.6061610949691385e-05, 1.7778551409719512e-05, 1.6442494597868063e-05, 1.7231572201126255e-05, 1.657145367062185e-05, 1.6187581422855146e-05]","[0.04306589066982269, 0.936660647392273, 0.020273471251130104]","[0.04306589066982269, 0.936660647392273, 0.020273471251130104]",False,YALAN,RED,False,False,333.08180001040455,"{""K1_input_and_readiness"": 0.05110001075081527, ""K7_context"": 0.0012999953469261527, ""K1_normalization"": 0.008700008038431406, ""K6_advisory"": 17.38170000317041, ""K1_intent"": 0.04709999484475702, ""K2_retrieval"": 161.39360000670422, ""K3_reranker"": 106.90309999336023, ""K8_weighted_ranking"": 1.7160999996121973, ""K3_candidate_filters"": 6.748600004357286, ""K9_advisory_consensus"": 0.008899995009414852, ""K4_nli_and_bypass_check"": 34.73389999999199, ""K5_decision"": 0.35030000435654074}",7703
FACTURK-0040,DOĞRU,"[29892, 20199, 4738, 8285, 25865, 558, 3162, 22268, 6336, 19541, 1902, 1193, 12974, 8712, 22642, 1149, 22388, 6622, 11529, 30075]","[0.13500382006168365, 0.199619859457016, 0.00025315635139122605, 0.00021824207215104252, 3.1693256460130215e-05, 0.00031015597051009536, 0.0002434604539303109, 0.0064882696606218815, 0.04360952600836754, 0.0020667945500463247, 0.004736748989671469, 0.00012931563833262771, 0.012479699216783047, 0.0005254230927675962, 4.1986306314356625e-05, 0.0004205874283798039, 0.007665874902158976, 0.0004565269045997411, 0.02517884224653244, 0.011463796719908714]","[0.017488406971096992, 0.9623235464096069, 0.020188091322779655]","[0.017488406971096992, 0.9623235464096069, 0.020188091322779655]",False,YETERSİZ VERİ,RET,True,False,545.0272000016412,"{""K1_input_and_readiness"": 0.04870000702794641, ""K7_context"": 0.0014999968698248267, ""K1_normalization"": 0.008199989679269493, ""K6_advisory"": 15.435399996931665, ""K1_intent"": 0.06510000093840063, ""K2_retrieval"": 143.80200000596233, ""K3_reranker"": 101.37649999524001, ""K8_weighted_ranking"": 1.2124999921070412, ""K3_candidate_filters"": 6.224199998541735, ""K9_advisory_consensus"": 0.007800001185387373, ""K4_nli_and_bypass_check"": 161.17569999187253, ""K5_decision"": 111.62559999502264}",20199
FACTURK-0041,DOĞRU,"[25725, 17922, 15372, 10209, 18172, 29474, 22918, 701, 8074, 28144, 1887, 4093, 7924, 17283, 28419, 10083, 22552, 13624, 1130, 12152]","[0.039268750697374344, 0.08678673207759857, 0.10913478583097458, 0.10248421877622604, 0.06176270917057991, 0.030386749655008316, 0.004182493779808283, 6.976470467634499e-05, 0.07055959850549698, 0.04620574414730072, 0.012241275049746037, 0.008745181374251842, 0.02838212065398693, 0.021409768611192703, 0.2718311846256256, 0.01196109689772129, 0.0443485826253891, 0.020606474950909615, 0.01057048887014389, 0.001604089280590415]","[0.0013175326166674495, 0.9969165325164795, 0.0017660219455137849]","[0.0013175326166674495, 0.9969165325164795, 0.0017660219455137849]",False,YALAN,UYARI,False,False,542.5327999982983,"{""K1_input_and_readiness"": 0.06819999543949962, ""K7_context"": 0.0015999976312741637, ""K1_normalization"": 0.012599994079209864, ""K6_advisory"": 13.242900007753633, ""K1_intent"": 0.0408000050811097, ""K2_retrieval"": 159.68190001149196, ""K3_reranker"": 85.49019999918528, ""K8_weighted_ranking"": 1.2306999997235835, ""K3_candidate_filters"": 7.471299992175773, ""K9_advisory_consensus"": 0.019099999917671084, ""K4_nli_and_bypass_check"": 157.78969999519177, ""K5_decision"": 112.57589999877382}",15372
FACTURK-0042,YALAN,"[15283, 11637, 7433, 15528, 29883, 15065, 19539, 23378, 14404, 22566, 15306, 20541, 4694, 29625, 19226, 16903, 2176, 29460, 23091, 8157]","[0.9345147609710693, 0.0009436192340217531, 0.0007408055826090276, 2.161314114346169e-05, 0.0001547666179249063, 1.9073577277595177e-05, 0.000628784007858485, 0.0023596605751663446, 0.00012339458044152707, 6.452214438468218e-05, 0.06828854233026505, 4.539786823443137e-05, 1.7640199075685814e-05, 0.003538086311891675, 1.6061610949691385e-05, 0.0006166297243908048, 2.195349043176975e-05, 2.229919846286066e-05, 0.0009181900531984866, 4.832564081880264e-05]","[0.002880185842514038, 0.9958114624023438, 0.001308383303694427]","[0.002880185842514038, 0.9958114624023438, 0.001308383303694427]",False,YETERSİZ VERİ,RET,True,False,1062.680499991984,"{""K1_input_and_readiness"": 0.06510000093840063, ""K7_context"": 0.0015999976312741637, ""K1_normalization"": 0.013600001693703234, ""K6_advisory"": 13.983500000904314, ""K1_intent"": 0.043799998820759356, ""K2_retrieval"": 263.01470000180416, ""K3_reranker"": 86.97119999851566, ""K8_weighted_ranking"": 1.5656999894417822, ""K3_candidate_filters"": 7.143900002120063, ""K9_advisory_consensus"": 0.009499999578110874, ""K4_nli_and_bypass_check"": 348.7923999928171, ""K5_decision"": 336.9939999975031}",15283
FACTURK-0043,YALAN,"[30084, 16539, 24630, 24749, 14477, 7974, 4222, 27142, 17553, 7893, 25462, 13492, 25232, 26544, 11954, 7357, 18777, 23828, 14816, 19084]","[0.008711384609341621, 2.0462934116949327e-05, 0.00012243441597092897, 1.6061610949691385e-05, 5.1845658163074404e-05, 1.6061610949691385e-05, 0.002026899950578809, 0.009898064658045769, 4.539786823443137e-05, 1.6061610949691385e-05, 1.67014204635052e-05, 1.6061610949691385e-05, 1.6187581422855146e-05, 3.373722574906424e-05, 0.0001097509084502235, 6.108854722697288e-05, 1.805851934477687e-05, 1.6442494597868063e-05, 3.1941821362124756e-05, 1.6061610949691385e-05]","[0.0010684955632314086, 0.99834144115448, 0.0005900792311877012]","[0.0010684955632314086, 0.99834144115448, 0.0005900792311877012]",False,YETERSİZ VERİ,RET,True,False,913.3176000032108,"{""K1_input_and_readiness"": 0.05880001117475331, ""K7_context"": 0.0013999961083754897, ""K1_normalization"": 0.0109999964479357, ""K6_advisory"": 13.37140001123771, ""K1_intent"": 0.03840000135824084, ""K2_retrieval"": 174.16229999798816, ""K3_reranker"": 77.71670000511222, ""K8_weighted_ranking"": 2.018400002270937, ""K3_candidate_filters"": 8.488899999065325, ""K9_advisory_consensus"": 0.008200004231184721, ""K4_nli_and_bypass_check"": 318.85199999669567, ""K5_decision"": 314.8887999996077}",27142
FACTURK-0044,YALAN,"[8787, 9150, 17721, 12353, 16712, 24868, 22388, 15787, 27055, 24915, 21537, 8456, 1701, 1202, 26284, 15670, 25872, 12047, 970, 7986]","[0.008711384609341621, 0.0074030146934092045, 0.6258955001831055, 3.321419353596866e-05, 0.00011323437502142042, 2.0785171727766283e-05, 0.0017007222631946206, 0.0005254230927675962, 0.02382536791265011, 0.0008072304772213101, 0.6524628400802612, 0.0009326360304839909, 8.415108459303156e-05, 1.6061610949691385e-05, 0.03210070729255676, 1.6061610949691385e-05, 1.7917987861437723e-05, 0.0007096704212017357, 3.144662332488224e-05, 2.161314114346169e-05]","[0.004617797210812569, 0.9942494630813599, 0.0011327455285936594]","[0.004617797210812569, 0.9942494630813599, 0.0011327455285936594]",False,YALAN,UYARI,False,False,1072.8758000041125,"{""K1_input_and_readiness"": 0.0771000050008297, ""K7_context"": 0.001400010660290718, ""K1_normalization"": 0.016900012269616127, ""K6_advisory"": 12.591200007591397, ""K1_intent"": 0.10509999992791563, ""K2_retrieval"": 214.30310000141617, ""K3_reranker"": 153.07319999556057, ""K8_weighted_ranking"": 1.4257000002544373, ""K3_candidate_filters"": 7.119000001694076, ""K9_advisory_consensus"": 0.008500006515532732, ""K4_nli_and_bypass_check"": 353.203399994527, ""K5_decision"": 326.8381999951089}",21537
FACTURK-0045,YALAN,"[18560, 19793, 24915, 17820, 7940, 25127, 3984, 7592, 16355, 5512, 29168, 15848, 5035, 3236, 2797, 19140, 6336, 11593, 14534, 12726]","[0.00019871552649419755, 0.0005861161625944078, 0.06632687151432037, 0.156491219997406, 0.002833849750459194, 0.00407013762742281, 0.00048029719619080424, 0.15077753365039825, 0.0007096704212017357, 6.922183820279315e-05, 0.13375429809093475, 0.00044248730409890413, 0.00982179306447506, 0.01358439214527607, 0.23846149444580078, 0.00038747614598833025, 0.003039649687707424, 1.750292540236842e-05, 0.03384403511881828, 0.0014493984635919333]","[0.004746857099235058, 0.9838437438011169, 0.011409380473196507]","[0.004746857099235058, 0.9838437438011169, 0.011409380473196507]",False,YALAN,UYARI,False,False,1108.1137000001036,"{""K1_input_and_readiness"": 0.06130000110715628, ""K7_context"": 0.0018999999156221747, ""K1_normalization"": 0.013200013199821115, ""K6_advisory"": 12.961700005689636, ""K1_intent"": 0.03560000914148986, ""K2_retrieval"": 167.92310000164434, ""K3_reranker"": 82.90470000065397, ""K8_weighted_ranking"": 1.9678999960888177, ""K3_candidate_filters"": 9.760599990841001, ""K9_advisory_consensus"": 0.008999995770864189, ""K4_nli_and_bypass_check"": 513.2733999926131, ""K5_decision"": 314.8107000015443}",2797
FACTURK-0046,DOĞRU,"[15238, 17859, 11431, 4170, 5428, 27371, 8231, 6630, 25539, 13529, 24382, 8130, 21262, 13013, 18826, 13567, 15473, 3711, 12007, 19824]","[0.8264318704605103, 0.01919744908809662, 0.004166256170719862, 0.032161444425582886, 0.034749627113342285, 4.469407213036902e-05, 0.00023597174731548876, 0.004700060468167067, 0.004773722495883703, 0.00022167809947859496, 2.5071596610359848e-05, 0.017242778092622757, 4.0694576455280185e-05, 0.00016346470511052758, 1.6442494597868063e-05, 1.6061610949691385e-05, 0.00012243441597092897, 0.07613247632980347, 0.20946967601776123, 0.0004765612829942256]","[0.0013230437180027366, 0.001493360148742795, 0.997183620929718]","[0.0013230437180027366, 0.001493360148742795, 0.997183620929718]",False,DOĞRU,ONAY,False,False,564.0574999997625,"{""K1_input_and_readiness"": 0.04919999628327787, ""K7_context"": 0.0012999953469261527, ""K1_normalization"": 0.009499999578110874, ""K6_advisory"": 10.428900000988506, ""K1_intent"": 0.02920000406447798, ""K2_retrieval"": 157.53219999896828, ""K3_reranker"": 118.1283999903826, ""K8_weighted_ranking"": 1.1839999933727086, ""K3_candidate_filters"": 6.763199999113567, ""K9_advisory_consensus"": 0.008499991963617504, ""K4_nli_and_bypass_check"": 149.15189999737777, ""K5_decision"": 117.31020000297576}",15238
FACTURK-0047,DOĞRU,"[18222, 11959, 10045, 14074, 11534, 24395, 17718, 11994, 23256, 14302, 6700, 22480, 1461, 19416, 5467, 15445, 24445, 29412, 950, 19071]","[0.022499969229102135, 0.001987774157896638, 0.004365325905382633, 0.000317508791340515, 0.0036499870475381613, 0.00014539113908540457, 0.02498779632151127, 0.0029464049730449915, 0.019832711666822433, 0.00029365462251007557, 0.0037800956051796675, 0.00028462239424698055, 0.007204769179224968, 0.00042388474685139954, 0.0008693674462847412, 0.00019716942915692925, 0.016657039523124695, 1.805851934477687e-05, 0.0001673405058681965, 0.0012594986474141479]","[0.0002779563656076789, 0.9994537234306335, 0.0002683542261365801]","[0.0002779563656076789, 0.9994537234306335, 0.0002683542261365801]",False,YETERSİZ VERİ,RET,True,False,657.7857000083895,"{""K1_input_and_readiness"": 0.05630000669043511, ""K7_context"": 0.001300009898841381, ""K1_normalization"": 0.010400006431154907, ""K6_advisory"": 11.839300001156516, ""K1_intent"": 0.03310000465717167, ""K2_retrieval"": 169.78840000228956, ""K3_reranker"": 82.55079999798909, ""K8_weighted_ranking"": 1.2496999988798052, ""K3_candidate_filters"": 5.613899993477389, ""K9_advisory_consensus"": 0.007199996616691351, ""K4_nli_and_bypass_check"": 205.4269999935059, ""K5_decision"": 176.54539999784902}",1461
FACTURK-0048,YALAN,"[7857, 2088, 25741, 2292, 28762, 27912, 794, 17200, 18363, 15145, 12447, 29362, 12134, 19202, 2590, 11263, 14363, 13048, 29049, 26500]","[0.957912266254425, 6.976470467634499e-05, 0.00011866796558024362, 5.1845658163074404e-05, 0.0031850608065724373, 4.434627408045344e-05, 3.0006618544575758e-05, 5.9673518990166485e-05, 1.67014204635052e-05, 2.0462934116949327e-05, 0.0004205874283798039, 2.030369250860531e-05, 1.67014204635052e-05, 0.0012893283274024725, 0.0005152657395228744, 0.0014325366355478764, 1.750292540236842e-05, 4.365878339740448e-05, 1.6061610949691385e-05, 1.7231572201126255e-05]","[0.021537648513913155, 0.03635166212916374, 0.9421106576919556]","[0.021537648513913155, 0.03635166212916374, 0.9421106576919556]",False,YALAN,UYARI,False,False,420.14270000800025,"{""K1_input_and_readiness"": 0.058600009651854634, ""K7_context"": 0.001300009898841381, ""K1_normalization"": 0.009900002623908222, ""K6_advisory"": 12.884499999927357, ""K1_intent"": 0.048699992476031184, ""K2_retrieval"": 156.70699998736382, ""K3_reranker"": 125.71060001209844, ""K8_weighted_ranking"": 1.3873999996576458, ""K3_candidate_filters"": 7.567499997094274, ""K9_advisory_consensus"": 0.008300004992634058, ""K4_nli_and_bypass_check"": 75.32410000567324, ""K5_decision"": 36.86520000337623}",7857
FACTURK-0049,DOĞRU,"[17625, 27366, 2140, 10375, 25030, 4963, 23157, 13470, 22539, 16852, 5702, 9095, 26703, 5177, 18297, 23361, 24020, 28126, 9907, 1641]","[0.02044939436018467, 0.0010202174307778478, 0.00014539113908540457, 0.005405900068581104, 0.0003951153776142746, 1.7097478121286258e-05, 3.071818719035946e-05, 0.16079244017601013, 1.657145367062185e-05, 0.0009584648651070893, 0.0001699752756394446, 1.6442494597868063e-05, 3.508111694827676e-05, 1.892514956125524e-05, 0.00012533752305898815, 0.0001740054285619408, 0.009340023621916771, 5.2662067901110277e-05, 1.805851934477687e-05, 3.852893496514298e-05]","[0.06264125555753708, 0.6803980469703674, 0.2569606900215149]","[0.06264125555753708, 0.6803980469703674, 0.2569606900215149]",False,YETERSİZ VERİ,RET,True,False,821.5285000042059,"{""K1_input_and_readiness"": 0.12589999823831022, ""K7_context"": 0.0031999952625483274, ""K1_normalization"": 0.022099993657320738, ""K6_advisory"": 11.827499998616986, ""K1_intent"": 0.03340000694151968, ""K2_retrieval"": 194.08700001076795, ""K3_reranker"": 87.6875999965705, ""K8_weighted_ranking"": 2.2539999918080866, ""K3_candidate_filters"": 9.672799991676584, ""K9_advisory_consensus"": 0.010899995686486363, ""K4_nli_and_bypass_check"": 272.2676999983378, ""K5_decision"": 238.8037000055192}",24020
FACTURK-0050,YALAN,"[4270, 16652, 1557, 1385, 21058, 14012, 305, 8602, 12763, 20136, 6047, 23792, 2984, 13978, 25228, 15874, 23336, 24869, 29414, 12539]","[0.009161027148365974, 0.0006538155721500516, 1.6314539607265033e-05, 2.0462934116949327e-05, 0.0003770285693462938, 0.0014214044203981757, 0.000317508791340515, 0.0002492325147613883, 2.318747829122003e-05, 0.010944577865302563, 0.0015427322359755635, 0.001103026675991714, 0.000192602863535285, 0.0003889921063091606, 0.0006142272031866014, 0.00022167809947859496, 5.874842099728994e-05, 0.0018969200318679214, 5.34913269802928e-05, 6.868317723274231e-05]","[0.07351904362440109, 0.9150958061218262, 0.011385152116417885]","[0.07351904362440109, 0.9150958061218262, 0.011385152116417885]",False,YALAN,UYARI,False,False,479.71029998734593,"{""K1_input_and_readiness"": 0.08099999104160815, ""K7_context"": 0.0016999983927235007, ""K1_normalization"": 0.014899997040629387, ""K6_advisory"": 12.870100006693974, ""K1_intent"": 0.04820000322069973, ""K2_retrieval"": 285.45260000100825, ""K3_reranker"": 137.32439999876078, ""K8_weighted_ranking"": 1.3515000027837232, ""K3_candidate_filters"": 6.613300007302314, ""K9_advisory_consensus"": 0.008499991963617504, ""K4_nli_and_bypass_check"": 30.02530000230763, ""K5_decision"": 0.4343000036897138}",20136
FACTURK-0051,YALAN,"[11553, 2521, 3259, 13856, 12203, 25770, 36, 2804, 27517, 18066, 9844, 24867, 11334, 24380, 9481, 1457, 58, 3348, 22453, 17782]","[0.7327831387519836, 0.0010202174307778478, 0.01358439214527607, 0.024145424365997314, 0.0030515100806951523, 1.6061610949691385e-05, 0.00026530236937105656, 0.020964240655303, 0.0008830457809381187, 0.00023050670279189944, 0.004681822378188372, 0.0005213363328948617, 4.006369272246957e-05, 0.0034970103297382593, 0.0007350447704084218, 0.00035419364576227963, 0.0003668626013677567, 0.018941707909107208, 1.683241134742275e-05, 0.059866417199373245]","[0.9998453855514526, 9.009843779494986e-05, 6.451633817050606e-05]","[0.9998453855514526, 9.009843779494986e-05, 6.451633817050606e-05]",False,DOĞRU,ONAY,False,False,431.1072999989847,"{""K1_input_and_readiness"": 0.06059999577701092, ""K7_context"": 0.001700012944638729, ""K1_normalization"": 0.015900004655122757, ""K6_advisory"": 15.803000002051704, ""K1_intent"": 0.03189999551977962, ""K2_retrieval"": 139.45539999986067, ""K3_reranker"": 78.30079999985173, ""K8_weighted_ranking"": 1.156099999207072, ""K3_candidate_filters"": 5.620000010821968, ""K9_advisory_consensus"": 0.008099988917820156, ""K4_nli_and_bypass_check"": 115.12090000906028, ""K5_decision"": 71.41959998989478}",11553
FACTURK-0052,DOĞRU,"[27564, 4149, 9693, 29145, 290, 9352, 21059, 14619, 19463, 5146, 8161, 8493, 5291, 10999, 16437, 29321, 28268, 30193, 11054, 28862]","[0.22017472982406616, 0.000317508791340515, 0.0010566838318482041, 0.0044683837331831455, 0.00026530236937105656, 0.008916126564145088, 0.0002251682453788817, 0.00031258779927156866, 7.602479308843613e-05, 7.905303937150165e-05, 0.001838665222749114, 0.0009253848693333566, 0.0018675660248845816, 0.005448067560791969, 3.9135655242716894e-05, 0.0014103584690019488, 1.6187581422855146e-05, 5.225226777838543e-05, 0.00023413581948261708, 1.8200149497715756e-05]","[0.0005014070775359869, 0.9976136684417725, 0.0018849130719900131]","[0.0005014070775359869, 0.9976136684417725, 0.0018849130719900131]",False,YETERSİZ VERİ,RET,True,False,413.73879999446217,"{""K1_input_and_readiness"": 0.0737999944249168, ""K7_context"": 0.0014999968698248267, ""K1_normalization"": 0.013599987141788006, ""K6_advisory"": 14.32119999662973, ""K1_intent"": 0.053099996875971556, ""K2_retrieval"": 259.29030000406783, ""K3_reranker"": 90.52659998997115, ""K8_weighted_ranking"": 1.3611999893328175, ""K3_candidate_filters"": 6.566199997905642, ""K9_advisory_consensus"": 0.008099988917820156, ""K4_nli_and_bypass_check"": 36.65470000123605, ""K5_decision"": 0.3952999977627769}",27564
FACTURK-0053,DOĞRU,"[5114, 4481, 861, 19093, 20852, 21212, 4546, 15519, 4937, 22343, 23319, 26570, 4434, 17921, 1571, 29804, 14619, 29251, 15975, 22027]","[0.0001823546044761315, 0.1653234362602234, 0.707808792591095, 0.00341627886518836, 6.922183820279315e-05, 0.0030753696337342262, 3.7931622500764206e-05, 0.0014437558129429817, 3.4808123018592596e-05, 0.00010391067189630121, 0.00033535013790242374, 1.7231572201126255e-05, 1.6061610949691385e-05, 1.6187581422855146e-05, 4.469407213036902e-05, 9.098840382648632e-05, 1.6187581422855146e-05, 1.6061610949691385e-05, 2.030369250860531e-05, 1.6964426322374493e-05]","[0.0007725358591414988, 0.994340181350708, 0.004887347109615803]","[0.0007725358591414988, 0.994340181350708, 0.004887347109615803]",False,YETERSİZ VERİ,RET,True,False,364.2566999915289,"{""K1_input_and_readiness"": 0.079699995694682, ""K7_context"": 0.001400010660290718, ""K1_normalization"": 0.012400007108226418, ""K6_advisory"": 21.821400005137548, ""K1_intent"": 0.036600002204068005, ""K2_retrieval"": 220.55810000165366, ""K3_reranker"": 78.16030000685714, ""K8_weighted_ranking"": 1.2821999989682809, ""K3_candidate_filters"": 7.427900010952726, ""K9_advisory_consensus"": 0.016699996194802225, ""K4_nli_and_bypass_check"": 30.827700000372715, ""K5_decision"": 0.22080000780988485}",861
FACTURK-0054,YALAN,"[27391, 12232, 693, 22175, 2442, 23566, 25011, 14947, 23047, 12390, 22214, 17489, 919, 9414, 20596, 27913, 22393, 8958, 8195, 5003]","[0.00041568948654457927, 1.750292540236842e-05, 2.7751651941798627e-05, 4.539786823443137e-05, 4.9086618673754856e-05, 1.6442494597868063e-05, 1.6187581422855146e-05, 0.00037555923336185515, 2.732141365413554e-05, 1.6061610949691385e-05, 1.6442494597868063e-05, 1.8631746570463292e-05, 1.6442494597868063e-05, 1.8631746570463292e-05, 1.6442494597868063e-05, 1.9373936083866283e-05, 1.6314539607265033e-05, 0.0005884087877348065, 4.101373633602634e-05, 1.6187581422855146e-05]","[0.007511757779866457, 0.9905946254730225, 0.001893713604658842]","[0.007511757779866457, 0.9905946254730225, 0.001893713604658842]",False,YETERSİZ VERİ,RET,True,False,562.0476000040071,"{""K1_input_and_readiness"": 0.052400006097741425, ""K7_context"": 0.0013999961083754897, ""K1_normalization"": 0.009199997293762863, ""K6_advisory"": 17.716000002110377, ""K1_intent"": 0.03579999611247331, ""K2_retrieval"": 147.7362000005087, ""K3_reranker"": 67.0494000078179, ""K8_weighted_ranking"": 1.3734000094700605, ""K3_candidate_filters"": 6.9386000104714185, ""K9_advisory_consensus"": 0.020499996026046574, ""K4_nli_and_bypass_check"": 176.73190000641625, ""K5_decision"": 140.973399989889}",22175
FACTURK-0055,DOĞRU,"[2566, 8252, 7441, 10593, 10312, 24484, 26301, 24272, 8657, 17274, 29425, 27805, 13586, 28168, 15510, 15562, 23626, 20625, 7000, 11469]","[0.0016613906482234597, 0.0014550630003213882, 0.003324436955153942, 0.005060331895947456, 0.0002472934720572084, 3.975192521465942e-05, 1.6442494597868063e-05, 0.0009622126235626638, 0.00016346470511052758, 2.6897845600615256e-05, 1.6442494597868063e-05, 1.657145367062185e-05, 1.8777873265207745e-05, 0.0011073390487581491, 1.7231572201126255e-05, 0.0007041515782475471, 1.967902426258661e-05, 0.00029365462251007557, 0.0007350447704084218, 0.0007408055826090276]","[0.5222484469413757, 0.4704318940639496, 0.007319670170545578]","[0.5222484469413757, 0.4704318940639496, 0.007319670170545578]",False,DOĞRU,ONAY,False,False,334.5188999956008,"{""K1_input_and_readiness"": 0.05280000914353877, ""K7_context"": 0.0014999968698248267, ""K1_normalization"": 0.009100011084228754, ""K6_advisory"": 16.272200009552762, ""K1_intent"": 0.036699988413602114, ""K2_retrieval"": 161.27909999340773, ""K3_reranker"": 116.1534999992, ""K8_weighted_ranking"": 1.2636000028578565, ""K3_candidate_filters"": 6.6648999927565455, ""K9_advisory_consensus"": 0.008799994247965515, ""K4_nli_and_bypass_check"": 28.986200006329454, ""K5_decision"": 0.37090000114403665}",28168
FACTURK-0056,YALAN,"[28552, 9438, 18826, 15658, 14802, 7836, 22715, 28429, 29825, 5662, 8717, 20683, 15213, 27904, 5225, 5121, 28001, 18059, 26716, 10997]","[0.0013670255430042744, 0.005774929653853178, 0.00039821304380893707, 1.7366719475830905e-05, 0.000552778656128794, 0.0007096704212017357, 1.6061610949691385e-05, 7.141901005525142e-05, 1.7231572201126255e-05, 1.67014204635052e-05, 1.6061610949691385e-05, 4.1659583075670525e-05, 1.6442494597868063e-05, 2.566613329690881e-05, 1.67014204635052e-05, 1.6314539607265033e-05, 1.6314539607265033e-05, 1.67014204635052e-05, 1.6442494597868063e-05, 0.00010071400902234018]","[0.8421602845191956, 0.07760974764823914, 0.08022989332675934]","[0.8421602845191956, 0.07760974764823914, 0.08022989332675934]",False,DOĞRU,ONAY,False,False,447.0197000046028,"{""K1_input_and_readiness"": 0.059600002714432776, ""K7_context"": 0.0014999968698248267, ""K1_normalization"": 0.009900002623908222, ""K6_advisory"": 11.30840000405442, ""K1_intent"": 0.02649999805726111, ""K2_retrieval"": 123.8759999978356, ""K3_reranker"": 113.53170000074897, ""K8_weighted_ranking"": 1.6533000016352162, ""K3_candidate_filters"": 6.595899991225451, ""K9_advisory_consensus"": 0.009099996532313526, ""K4_nli_and_bypass_check"": 112.78289998881519, ""K5_decision"": 72.40189998992719}",28552
FACTURK-0057,YALAN,"[3097, 4856, 9366, 17372, 5125, 8685, 5168, 27142, 1645, 26662, 18561, 25434, 1959, 14444, 16619, 14525, 13541, 5087, 20305, 27523]","[0.008644177578389645, 1.7640199075685814e-05, 0.00017952796770259738, 0.00016474656877107918, 4.870464181294665e-05, 0.0001621928095119074, 0.0014381353976204991, 0.00014202363672666252, 0.0001823546044761315, 6.868317723274231e-05, 0.00025315635139122605, 0.0003366621967870742, 0.0003029734070878476, 0.001004416379146278, 2.4300241420860402e-05, 0.0011832797899842262, 4.757645365316421e-05, 0.0006959536112844944, 0.001299427472986281, 0.00010804955672938377]","[0.024804256856441498, 0.973063051700592, 0.0021327282302081585]","[0.024804256856441498, 0.973063051700592, 0.0021327282302081585]",False,YETERSİZ VERİ,RET,True,False,349.1269999940414,"{""K1_input_and_readiness"": 0.09020000288728625, ""K7_context"": 0.0015999976312741637, ""K1_normalization"": 0.014599994756281376, ""K6_advisory"": 15.958199990564026, ""K1_intent"": 0.043800013372674584, ""K2_retrieval"": 206.79170000948943, ""K3_reranker"": 85.89160001429264, ""K8_weighted_ranking"": 1.1805999965872616, ""K3_candidate_filters"": 6.672099989373237, ""K9_advisory_consensus"": 0.009800001862458885, ""K4_nli_and_bypass_check"": 28.88300000631716, ""K5_decision"": 0.1871999993454665}",3097
FACTURK-0058,YALAN,"[5087, 10302, 9366, 3873, 11058, 9120, 16334, 10285, 155, 229, 19416, 29403, 20703, 18561, 18297, 6915, 21667, 8871, 17587, 25399]","[0.003324436955153942, 0.00023597174731548876, 0.0005953406798653305, 0.0001686527393758297, 0.008348053321242332, 0.0005172813544049859, 1.6314539607265033e-05, 0.0011335690505802631, 0.047074172645807266, 0.047691281884908676, 1.6442494597868063e-05, 0.004503272473812103, 2.265035072923638e-05, 0.0009735437924973667, 0.0011247574584558606, 0.0002251682453788817, 0.00021995337738189846, 0.0010775026166811585, 0.0002415662893326953, 0.0013406204525381327]","[0.9482963681221008, 0.05062113702297211, 0.0010825035860762]","[0.9482963681221008, 0.05062113702297211, 0.0010825035860762]",False,DOĞRU,ONAY,False,False,568.5497999947984,"{""K1_input_and_readiness"": 0.045900000259280205, ""K7_context"": 0.0014999968698248267, ""K1_normalization"": 0.011899988749064505, ""K6_advisory"": 14.874200001941063, ""K1_intent"": 0.08610000077169389, ""K2_retrieval"": 159.40830000909045, ""K3_reranker"": 65.47719999798574, ""K8_weighted_ranking"": 1.3487999967765063, ""K3_candidate_filters"": 7.707700002356432, ""K9_advisory_consensus"": 0.027699992642737925, ""K4_nli_and_bypass_check"": 176.75679999229033, ""K5_decision"": 138.27630000014324}",29403
FACTURK-0059,YALAN,"[4488, 28595, 2240, 17376, 15364, 4072, 12873, 21877, 778, 20332, 15307, 21557, 974, 7619, 19070, 15213, 21749, 19484, 16274, 6961]","[0.8834372758865356, 0.00877910852432251, 0.0003569706459529698, 3.219233258278109e-05, 0.0009290033485740423, 1.6442494597868063e-05, 0.0008459375239908695, 6.108854722697288e-05, 8.156224066624418e-05, 0.00012632041762117296, 0.00025118677876889706, 3.8831109122838825e-05, 0.004086002707481384, 3.4537253668531775e-05, 8.349628478754312e-05, 0.00026530236937105656, 0.001151399570517242, 3.7636447814293206e-05, 0.00013658353418577462, 8.888084994396195e-05]","[0.019364718347787857, 0.007575931027531624, 0.9730592966079712]","[0.019364718347787857, 0.007575931027531624, 0.9730592966079712]",False,YALAN,UYARI,False,False,447.16759999573696,"{""K1_input_and_readiness"": 0.04999998782295734, ""K7_context"": 0.0014999968698248267, ""K1_normalization"": 0.009099996532313526, ""K6_advisory"": 12.105200003134087, ""K1_intent"": 0.03090000245720148, ""K2_retrieval"": 160.8311999880243, ""K3_reranker"": 90.17950000998098, ""K8_weighted_ranking"": 1.6343999886885285, ""K3_candidate_filters"": 6.836499989731237, ""K9_advisory_consensus"": 0.02160000440198928, ""K4_nli_and_bypass_check"": 102.28690000076313, ""K5_decision"": 69.01900000229944}",4488
FACTURK-0060,YALAN,"[4807, 9908, 26303, 8880, 21723, 16568, 9135, 13510, 26195, 19346, 1670, 23832, 23719, 13134, 28964, 24868, 12400, 4458, 29119, 8206]","[0.9994725584983826, 8.220189192797989e-05, 0.07835980504751205, 0.009090382605791092, 5.3075080359121785e-05, 3.591300992411561e-05, 0.0018602986820042133, 0.00035557945375330746, 0.00023050670279189944, 0.9256342649459839, 1.6442494597868063e-05, 0.006338921841233969, 0.003736220533028245, 2.178264912799932e-05, 1.6314539607265033e-05, 9.993031562771648e-05, 0.0003920417802873999, 1.683241134742275e-05, 0.00023782203788869083, 0.0008009536541067064]",null,"[0.0, 0.0, 1.0]",True,YALAN,UYARI,False,False,267.8763000003528,"{""K1_input_and_readiness"": 0.05789998976979405, ""K7_context"": 0.002700006007216871, ""K1_normalization"": 0.01270000939257443, ""K6_advisory"": 11.743399998522364, ""K1_intent"": 0.04640000406652689, ""K2_retrieval"": 134.4085000018822, ""K3_reranker"": 93.53680000640452, ""K8_weighted_ranking"": 2.863200003048405, ""K3_candidate_filters"": 17.038899997714907, ""K9_advisory_consensus"": 0.01679999695625156, ""K4_nli_and_bypass_check"": 0.978600000962615, ""K5_decision"": 1.0494000016478822}",4807
FACTURK-0061,DOĞRU,"[25762, 29858, 7924, 27017, 23520, 9366, 15126, 22377, 29414, 22587, 29166, 12093, 22717, 12697, 28440, 4258, 10130, 9771, 12152, 3843]","[1.6061610949691385e-05, 7.368592923739925e-05, 0.0007437028689309955, 0.0013885232619941235, 0.0012113064294680953, 0.008061991073191166, 1.67014204635052e-05, 1.6061610949691385e-05, 0.00037409563083201647, 9.17019642656669e-05, 2.014569145103451e-05, 1.67014204635052e-05, 0.009161027148365974, 1.6061610949691385e-05, 2.2474090656032786e-05, 4.101373633602634e-05, 1.6061610949691385e-05, 0.00017674513219390064, 4.0694576455280185e-05, 0.0002802109520416707]","[0.00035823090001940727, 0.999261200428009, 0.00038059073267504573]","[0.00035823090001940727, 0.999261200428009, 0.00038059073267504573]",False,YETERSİZ VERİ,RET,True,False,547.376800008351,"{""K1_input_and_readiness"": 0.13760000001639128, ""K7_context"": 0.002800006768666208, ""K1_normalization"": 0.08369999704882503, ""K6_advisory"": 43.13799999363255, ""K1_intent"": 0.1756999990902841, ""K2_retrieval"": 350.59829999227077, ""K3_reranker"": 97.54050000628922, ""K8_weighted_ranking"": 2.6922999968519434, ""K3_candidate_filters"": 9.553600000799634, ""K9_advisory_consensus"": 0.00859999272506684, ""K4_nli_and_bypass_check"": 38.79629999573808, ""K5_decision"": 0.41009999404195696}",9366
FACTURK-0062,YALAN,"[9588, 11956, 26639, 21432, 4440, 15238, 259, 17960, 29106, 3291, 22465, 1701, 18591, 2100, 17341, 15309, 4142, 3391, 27402, 18246]","[0.004264635033905506, 5.225226777838543e-05, 0.0023504828568547964, 0.1445106565952301, 0.0140095679089427, 0.0005172813544049859, 8.888084994396195e-05, 0.012241275049746037, 0.10743747651576996, 0.00040765260928310454, 0.07043161988258362, 8.029783930396661e-05, 0.013121271505951881, 0.0007613258203491569, 8.156224066624418e-05, 0.010288300924003124, 9.242113446816802e-05, 0.004924510605633259, 0.0032099615782499313, 6.302758993115276e-05]","[0.0011547657195478678, 0.997863233089447, 0.0009819529950618744]","[0.0011547657195478678, 0.997863233089447, 0.0009819529950618744]",False,YETERSİZ VERİ,RET,True,False,1383.105400003842,"{""K1_input_and_readiness"": 0.06580000626854599, ""K7_context"": 0.0014999968698248267, ""K1_normalization"": 0.012799995602108538, ""K6_advisory"": 16.034800006309524, ""K1_intent"": 0.0940000027185306, ""K2_retrieval"": 226.38649999862537, ""K3_reranker"": 101.8779000005452, ""K8_weighted_ranking"": 1.4617999986512586, ""K3_candidate_filters"": 8.036400002310984, ""K9_advisory_consensus"": 0.008999995770864189, ""K4_nli_and_bypass_check"": 531.9710999901872, ""K5_decision"": 493.3706000010716}",29106
FACTURK-0063,YALAN,"[176, 233, 1795, 17124, 12268, 12457, 18227, 12648, 5235, 27505, 15428, 9408, 28423, 14756, 8024, 7981, 24650, 18742, 24925, 22751]","[0.00032503585680387914, 0.00033535013790242374, 0.0013406204525381327, 1.7097478121286258e-05, 3.144662332488224e-05, 4.1986306314356625e-05, 2.5466406441410072e-05, 2.732141365413554e-05, 0.00025714197545312345, 0.00013552077871281654, 1.6187581422855146e-05, 4.575391358230263e-05, 0.00048029719619080424, 6.302758993115276e-05, 1.657145367062185e-05, 1.805851934477687e-05, 1.6442494597868063e-05, 0.0030160662718117237, 1.922317096614279e-05, 1.683241134742275e-05]","[0.0011771570425480604, 0.9975374937057495, 0.0012853009393438697]","[0.0011771570425480604, 0.9975374937057495, 0.0012853009393438697]",False,YETERSİZ VERİ,RET,True,False,1052.6057000097353,"{""K1_input_and_readiness"": 0.12880000576842576, ""K7_context"": 0.0030999945010989904, ""K1_normalization"": 0.022099993657320738, ""K6_advisory"": 12.676500002271496, ""K1_intent"": 0.06320000102277845, ""K2_retrieval"": 172.69459999806713, ""K3_reranker"": 82.06020000216085, ""K8_weighted_ranking"": 1.385600000503473, ""K3_candidate_filters"": 8.2717000041157, ""K9_advisory_consensus"": 0.00859999272506684, ""K4_nli_and_bypass_check"": 411.1971999955131, ""K5_decision"": 360.81289999128785}",27505
FACTURK-0064,YALAN,"[10902, 12442, 11993, 26175, 26184, 18539, 5659, 6339, 14174, 6112, 28815, 22465, 28578, 9755, 27391, 24031, 19515, 13994, 9150, 14178]","[0.047337718307971954, 0.00018814207578543574, 0.028870904818177223, 0.0002591582597233355, 0.00013135180051904172, 0.00010472556459717453, 0.015543648041784763, 0.00010229986219201237, 1.6442494597868063e-05, 3.1201914680423215e-05, 2.977311669383198e-05, 0.011115013621747494, 0.0001559802913106978, 4.1335399146191776e-05, 0.0007208379684016109, 3.647853736765683e-05, 1.7778551409719512e-05, 8.750300185056403e-05, 0.0010083435336127877, 2.7969301299890503e-05]","[9.721011883812025e-05, 0.9996455907821655, 0.0002571169752627611]","[9.721011883812025e-05, 0.9996455907821655, 0.0002571169752627611]",False,YALAN,UYARI,False,False,730.4996000020765,"{""K1_input_and_readiness"": 0.0594000011915341, ""K7_context"": 0.0013999961083754897, ""K1_normalization"": 0.00999998883344233, ""K6_advisory"": 13.751399994362146, ""K1_intent"": 0.046600005589425564, ""K2_retrieval"": 170.48369999974966, ""K3_reranker"": 89.77599999343511, ""K8_weighted_ranking"": 1.3777999993180856, ""K3_candidate_filters"": 7.560500002000481, ""K9_advisory_consensus"": 0.009499999578110874, ""K4_nli_and_bypass_check"": 236.0614000062924, ""K5_decision"": 207.82869998947717}",10902
FACTURK-0065,DOĞRU,"[14949, 23236, 2457, 18086, 5266, 4894, 28579, 27818, 22180, 7753, 29050, 28834, 9551, 22997, 28994, 7397, 24903, 30163, 29176, 19911]","[0.9920002222061157, 0.17981843650341034, 4.0694576455280185e-05, 0.02822098508477211, 0.03149937838315964, 0.0002891032490879297, 0.0007096704212017357, 2.318747829122003e-05, 0.018404889851808548, 0.0019192374311387539, 0.0006932422984391451, 0.012336100451648235, 0.004365325905382633, 0.0002824080875143409, 0.00025315635139122605, 3.619466951931827e-05, 0.0020507434383034706, 0.0053640566766262054, 0.001838665222749114, 0.0753123015165329]","[0.0007715497631579638, 0.0003216297773178667, 0.9989068508148193]","[0.0007715497631579638, 0.0003216297773178667, 0.9989068508148193]",False,YETERSİZ VERİ,KISMI,True,False,580.3224999981467,"{""K1_input_and_readiness"": 0.09889999637380242, ""K7_context"": 0.003200009814463556, ""K1_normalization"": 0.019800005247816443, ""K6_advisory"": 14.614200001233257, ""K1_intent"": 0.05709999823011458, ""K2_retrieval"": 175.05479999817908, ""K3_reranker"": 113.9854000066407, ""K8_weighted_ranking"": 1.7829999997047707, ""K3_candidate_filters"": 5.762399989180267, ""K9_advisory_consensus"": 0.03890000516548753, ""K4_nli_and_bypass_check"": 146.54269999300595, ""K5_decision"": 118.54519999178592}",14949
FACTURK-0066,DOĞRU,"[29368, 5197, 815, 19824, 19632, 6126, 22096, 14948, 9712, 14498, 28275, 25539, 11919, 9460, 24421, 4513, 20080, 9136, 16363, 10240]","[1.657145367062185e-05, 1.7778551409719512e-05, 1.9373936083866283e-05, 1.683241134742275e-05, 3.70529705833178e-05, 1.683241134742275e-05, 9.098840382648632e-05, 1.6314539607265033e-05, 1.6061610949691385e-05, 2.1444948288262822e-05, 1.6187581422855146e-05, 5.391084778239019e-05, 1.657145367062185e-05, 2.030369250860531e-05, 1.6061610949691385e-05, 2.93115390377352e-05, 5.433364276541397e-05, 1.6442494597868063e-05, 1.8342892872169614e-05, 1.6442494597868063e-05]","[0.6866287589073181, 0.30648019909858704, 0.0068911039270460606]","[0.6866287589073181, 0.30648019909858704, 0.0068911039270460606]",False,YETERSİZ VERİ,KISMI,True,False,737.0942999987165,"{""K1_input_and_readiness"": 0.047599998652003706, ""K7_context"": 0.0013999961083754897, ""K1_normalization"": 0.008799994247965515, ""K6_advisory"": 13.166600008844398, ""K1_intent"": 0.03259998629800975, ""K2_retrieval"": 153.65940000629053, ""K3_reranker"": 126.55950000043958, ""K8_weighted_ranking"": 2.8448000084608793, ""K3_candidate_filters"": 8.867900003679097, ""K9_advisory_consensus"": 0.010099989594891667, ""K4_nli_and_bypass_check"": 237.49670000688639, ""K5_decision"": 191.00930000422522}",22096
FACTURK-0067,YALAN,"[25127, 24368, 25037, 23632, 17721, 27338, 12150, 26575, 8456, 21537, 700, 26650, 22868, 28254, 27016, 9755, 9414, 29087, 25178, 3364]","[0.0005254230927675962, 0.0009697519708424807, 0.0001740054285619408, 0.0002959570847451687, 0.0018172829877585173, 0.0036499870475381613, 6.014152313582599e-05, 0.6312534213066101, 9.685608529252931e-05, 0.0004205874283798039, 0.0027683854568749666, 1.7917987861437723e-05, 0.0032350558321923018, 1.6964426322374493e-05, 7.602479308843613e-05, 3.852893496514298e-05, 1.6061610949691385e-05, 0.00020825010142289102, 0.0015792594058439136, 0.00043563017970882356]","[0.001004040939733386, 0.0003737200458999723, 0.9986222982406616]","[0.001004040939733386, 0.0003737200458999723, 0.9986222982406616]",False,YALAN,UYARI,False,False,800.9219999948982,"{""K1_input_and_readiness"": 0.049700000090524554, ""K7_context"": 0.001400010660290718, ""K1_normalization"": 0.009200011845678091, ""K6_advisory"": 13.606900000013411, ""K1_intent"": 0.04570001328829676, ""K2_retrieval"": 164.1373000020394, ""K3_reranker"": 125.27580000460148, ""K8_weighted_ranking"": 1.9523999944794923, ""K3_candidate_filters"": 12.193199989269488, ""K9_advisory_consensus"": 0.009199997293762863, ""K4_nli_and_bypass_check"": 256.035599988536, ""K5_decision"": 223.43199999886565}",26575
FACTURK-0068,YALAN,"[1499, 27564, 21058, 24217, 6308, 29145, 7549, 20136, 10822, 12539, 28417, 9426, 19258, 20457, 28510, 30193, 21059, 29321, 13989, 10999]","[0.0033634924329817295, 0.11124119907617569, 0.00013238185783848166, 0.0027683854568749666, 0.002174225402995944, 0.03384403511881828, 0.013325147330760956, 0.02373468689620495, 0.0009399438858963549, 3.9135655242716894e-05, 0.0003301527176517993, 0.0008727670647203922, 0.00026323829661123455, 0.0055333878844976425, 0.0013670255430042744, 3.535625000949949e-05, 3.4001819585682824e-05, 0.0031115086749196053, 0.0018243826925754547, 0.004101929254829884]","[0.9955776929855347, 0.0035941218957304955, 0.0008282223134301603]","[0.9955776929855347, 0.0035941218957304955, 0.0008282223134301603]",False,DOĞRU,ONAY,False,False,383.73390000197105,"{""K1_input_and_readiness"": 0.11789999553002417, ""K7_context"": 0.0033999967854470015, ""K1_normalization"": 0.02719998883549124, ""K6_advisory"": 17.028500005835667, ""K1_intent"": 0.04410000110510737, ""K2_retrieval"": 237.86009999457747, ""K3_reranker"": 86.18589999969117, ""K8_weighted_ranking"": 1.1155000102007762, ""K3_candidate_filters"": 6.87320000724867, ""K9_advisory_consensus"": 0.007499998901039362, ""K4_nli_and_bypass_check"": 28.5957000014605, ""K5_decision"": 0.4569000011542812}",27564
FACTURK-0069,DOĞRU,"[23489, 26855, 2558, 15124, 4904, 29480, 12854, 25267, 8279, 16463, 3460, 7486, 12550, 22200, 17336, 28323, 12000, 13517, 23573, 8841]","[0.9937100410461426, 1.6187581422855146e-05, 1.967902426258661e-05, 1.6061610949691385e-05, 0.00011412239109631628, 0.0033766122069209814, 1.7231572201126255e-05, 1.6187581422855146e-05, 1.6187581422855146e-05, 1.6187581422855146e-05, 9.098840382648632e-05, 1.8342892872169614e-05, 0.022977370768785477, 1.6442494597868063e-05, 7.197912054834887e-05, 1.6187581422855146e-05, 2.7751651941798627e-05, 0.0005861161625944078, 1.6061610949691385e-05, 1.6314539607265033e-05]","[0.0007478377083316445, 0.0003105297510046512, 0.9989416003227234]","[0.0007478377083316445, 0.0003105297510046512, 0.9989416003227234]",False,YALAN,RED,False,False,332.634299993515,"{""K1_input_and_readiness"": 0.06199999188538641, ""K7_context"": 0.0017999991541728377, ""K1_normalization"": 0.011900003300979733, ""K6_advisory"": 14.586299992515706, ""K1_intent"": 0.046200002543628216, ""K2_retrieval"": 174.8890000017127, ""K3_reranker"": 65.66819999716245, ""K8_weighted_ranking"": 1.4497999945888296, ""K3_candidate_filters"": 7.826200002455153, ""K9_advisory_consensus"": 0.030499999411404133, ""K4_nli_and_bypass_check"": 60.72299998777453, ""K5_decision"": 0.6754000060027465}",23489
FACTURK-0070,DOĞRU,"[13842, 11509, 19541, 18297, 29892, 20020, 22914, 8688, 28611, 29138, 13474, 1976, 5278, 23529, 23436, 16046, 28962, 1849, 12974, 29168]","[0.10894504189491272, 0.0022694687359035015, 0.0064882696606218815, 0.0008167381165549159, 0.00011501735571073368, 0.005641908384859562, 0.00040290519245900214, 0.0005336928297765553, 0.001220795209519565, 0.0014895173953846097, 0.0004728544445242733, 0.0060975621454417706, 0.00022167809947859496, 0.0024343819823116064, 0.0005316132446750998, 0.0008796061738394201, 0.00011774459562730044, 1.8777873265207745e-05, 0.012970386072993279, 1.6442494597868063e-05]","[0.9960373044013977, 0.0036936558317393064, 0.0002690085384529084]","[0.9960373044013977, 0.0036936558317393064, 0.0002690085384529084]",False,DOĞRU,ONAY,False,False,910.7793000002857,"{""K1_input_and_readiness"": 0.11039999662898481, ""K7_context"": 0.0040000013541430235, ""K1_normalization"": 0.022299995180219412, ""K6_advisory"": 21.93970000371337, ""K1_intent"": 0.03710000601131469, ""K2_retrieval"": 327.49940000940114, ""K3_reranker"": 77.23030001216102, ""K8_weighted_ranking"": 1.717299994197674, ""K3_candidate_filters"": 10.179300006711856, ""K9_advisory_consensus"": 0.018800012185238302, ""K4_nli_and_bypass_check"": 286.82470000057947, ""K5_decision"": 179.33279999124352}",13842
FACTURK-0071,YALAN,"[24446, 5050, 28231, 13624, 19657, 30040, 23576, 25992, 20060, 11667, 25500, 10507, 14525, 20122, 26315, 16786, 26306, 1769, 15364, 11176]","[0.7884203195571899, 0.2440025359392166, 1.6061610949691385e-05, 0.012241275049746037, 1.6061610949691385e-05, 0.002058753278106451, 0.001512938179075718, 0.00017265156202483922, 0.0024154833517968655, 0.0018458482809364796, 0.007999754510819912, 0.3112174868583679, 0.22017472982406616, 0.0009697519708424807, 0.00012339458044152707, 9.7615658887662e-05, 0.007345826830714941, 0.00018961740715894848, 0.002833849750459194, 1.6187581422855146e-05]","[0.0014231693930923939, 0.9901022911071777, 0.00847453810274601]","[0.0014231693930923939, 0.9901022911071777, 0.00847453810274601]",False,YALAN,RED,False,False,587.5195999979042,"{""K1_input_and_readiness"": 0.06520000169984996, ""K7_context"": 0.0018999999156221747, ""K1_normalization"": 0.011299998732283711, ""K6_advisory"": 14.466599997831509, ""K1_intent"": 0.034500000765547156, ""K2_retrieval"": 165.96510000817943, ""K3_reranker"": 128.98939999286085, ""K8_weighted_ranking"": 1.124100002925843, ""K3_candidate_filters"": 5.883299993001856, ""K9_advisory_consensus"": 0.007299997378140688, ""K4_nli_and_bypass_check"": 145.18669999961276, ""K5_decision"": 120.36109999462496}",10507
FACTURK-0072,DOĞRU,"[28830, 11552, 14598, 11647, 25061, 5344, 21946, 14806, 7076, 3097, 321, 3817, 19317, 5125, 27142, 2263, 4856, 9844, 29735, 24822]","[0.000682501879055053, 0.027376487851142883, 0.0007041515782475471, 0.16913124918937683, 0.003765413537621498, 0.007066400721669197, 0.18242552876472473, 0.008093290030956268, 0.19744445383548737, 0.0007466114475391805, 0.18877223134040833, 1.6187581422855146e-05, 0.04336579889059067, 0.00034599160426296294, 5.0644717703107744e-05, 0.01353214867413044, 1.8777873265207745e-05, 0.003260345896705985, 1.6314539607265033e-05, 0.0026316740550100803]","[0.028391363099217415, 0.7847937941551208, 0.18681490421295166]","[0.028391363099217415, 0.7847937941551208, 0.18681490421295166]",False,YETERSİZ VERİ,RET,True,False,351.8247999891173,"{""K1_input_and_readiness"": 0.08169999637175351, ""K7_context"": 0.0014999968698248267, ""K1_normalization"": 0.010199990356341004, ""K6_advisory"": 12.567800004035234, ""K1_intent"": 0.036900004488416016, ""K2_retrieval"": 169.3955999944592, ""K3_reranker"": 120.11279999569524, ""K8_weighted_ranking"": 1.5217999898595735, ""K3_candidate_filters"": 7.833800002117641, ""K9_advisory_consensus"": 0.008600007276982069, ""K4_nli_and_bypass_check"": 35.82349998760037, ""K5_decision"": 0.29779999749735}",7076
FACTURK-0073,YALAN,"[24903, 4376, 28876, 2786, 4325, 25464, 6737, 10051, 29572, 15579, 12803, 12047, 28387, 10139, 19266, 15691, 3817, 3971, 1291, 9414]","[0.0009473089594393969, 1.657145367062185e-05, 0.00033535013790242374, 1.8342892872169614e-05, 0.00019871552649419755, 0.002693914109840989, 0.00031015597051009536, 2.0462934116949327e-05, 3.1201914680423215e-05, 7.197912054834887e-05, 3.6764631659025326e-05, 1.6061610949691385e-05, 0.0001823546044761315, 1.6061610949691385e-05, 0.0004205874283798039, 1.6442494597868063e-05, 1.7231572201126255e-05, 1.6061610949691385e-05, 0.00026947917649522424, 4.298194107832387e-05]","[0.11521830409765244, 0.20103305578231812, 0.6837486624717712]","[0.11521830409765244, 0.20103305578231812, 0.6837486624717712]",False,YALAN,UYARI,False,False,1189.8639999999432,"{""K1_input_and_readiness"": 0.06390000635292381, ""K7_context"": 0.001200009137392044, ""K1_normalization"": 0.011699987226165831, ""K6_advisory"": 16.210099987802096, ""K1_intent"": 0.04230000195093453, ""K2_retrieval"": 209.98470000631642, ""K3_reranker"": 94.67679999943357, ""K8_weighted_ranking"": 1.3429999962681904, ""K3_candidate_filters"": 7.820700004231185, ""K9_advisory_consensus"": 0.018999999156221747, ""K4_nli_and_bypass_check"": 425.29020000074524, ""K5_decision"": 430.63630000688136}",24903
FACTURK-0074,DOĞRU,"[6904, 25534, 20498, 30009, 13136, 20647, 29800, 6560, 1685, 10237, 11980, 26997, 12124, 4865, 20372, 10962, 5348, 21316, 16037, 5296]","[1.6061610949691385e-05, 0.00040290519245900214, 1.6187581422855146e-05, 1.6314539607265033e-05, 0.0024343819823116064, 1.67014204635052e-05, 3.373722574906424e-05, 1.6314539607265033e-05, 1.7366719475830905e-05, 1.6314539607265033e-05, 1.9833367332466878e-05, 1.6442494597868063e-05, 1.6314539607265033e-05, 1.6314539607265033e-05, 1.6187581422855146e-05, 1.6061610949691385e-05, 1.67014204635052e-05, 1.683241134742275e-05, 1.6061610949691385e-05, 1.6442494597868063e-05]","[0.969573438167572, 0.009440607391297817, 0.02098585106432438]","[0.969573438167572, 0.009440607391297817, 0.02098585106432438]",False,DOĞRU,ONAY,False,False,812.9749000072479,"{""K1_input_and_readiness"": 0.060699996538460255, ""K7_context"": 0.0015999976312741637, ""K1_normalization"": 0.010100004146806896, ""K6_advisory"": 15.463500007172115, ""K1_intent"": 0.029600007110275328, ""K2_retrieval"": 165.72190000442788, ""K3_reranker"": 95.31190000416245, ""K8_weighted_ranking"": 1.2958999868715182, ""K3_candidate_filters"": 6.591299999854527, ""K9_advisory_consensus"": 0.008699993486516178, ""K4_nli_and_bypass_check"": 279.17160000652075, ""K5_decision"": 245.86150000686757}",11980
FACTURK-0075,YALAN,"[1385, 28548, 14089, 26593, 7151, 27022, 16423, 26949, 3959, 25705, 3579, 19409, 21497, 4984, 14551, 3390, 11914, 16033, 15755, 7836]","[1.7917987861437723e-05, 1.6187581422855146e-05, 2.030369250860531e-05, 1.6314539607265033e-05, 0.011732463724911213, 1.6187581422855146e-05, 7.905303937150165e-05, 0.0015669887652620673, 2.4300241420860402e-05, 9.7615658887662e-05, 1.805851934477687e-05, 0.0022170129232108593, 4.832564081880264e-05, 1.6187581422855146e-05, 0.0018031664658337831, 1.6061610949691385e-05, 1.67014204635052e-05, 5.2662067901110277e-05, 1.6061610949691385e-05, 3.144662332488224e-05]","[0.002580723026767373, 0.9963756203651428, 0.0010437250602990389]","[0.002580723026767373, 0.9963756203651428, 0.0010437250602990389]",False,YETERSİZ VERİ,RET,True,False,311.60559999989346,"{""K1_input_and_readiness"": 0.055599986808374524, ""K7_context"": 0.0017999991541728377, ""K1_normalization"": 0.009800001862458885, ""K6_advisory"": 13.826599999447353, ""K1_intent"": 0.0357000099029392, ""K2_retrieval"": 193.49659999716096, ""K3_reranker"": 67.36139999702573, ""K8_weighted_ranking"": 1.0889999975915998, ""K3_candidate_filters"": 5.814400006784126, ""K9_advisory_consensus"": 0.007099995855242014, ""K4_nli_and_bypass_check"": 26.101700001163408, ""K5_decision"": 0.3003000019816682}",7151
FACTURK-0076,YALAN,"[16399, 2611, 6879, 15083, 25849, 29990, 8145, 2561, 13920, 4492, 18255, 18585, 17035, 9235, 2442, 5294, 4720, 19025, 17200, 19399]","[0.9081302285194397, 0.0007408055826090276, 0.00014653129619546235, 1.6187581422855146e-05, 1.922317096614279e-05, 0.00037263770354911685, 1.6187581422855146e-05, 1.6187581422855146e-05, 0.00021824207215104252, 1.7917987861437723e-05, 0.0002251682453788817, 0.0005442132824100554, 1.6187581422855146e-05, 1.6061610949691385e-05, 1.6061610949691385e-05, 1.6061610949691385e-05, 3.219233258278109e-05, 1.9073577277595177e-05, 1.6314539607265033e-05, 0.00031258779927156866]","[0.09216088056564331, 0.050771962851285934, 0.8570671081542969]","[0.09216088056564331, 0.050771962851285934, 0.8570671081542969]",False,YALAN,UYARI,False,False,601.3207999931183,"{""K1_input_and_readiness"": 0.056599994422867894, ""K7_context"": 0.0013999961083754897, ""K1_normalization"": 0.01170000177808106, ""K6_advisory"": 14.167899993481115, ""K1_intent"": 0.03429999924264848, ""K2_retrieval"": 164.07790000084788, ""K3_reranker"": 77.59979998809285, ""K8_weighted_ranking"": 1.4966000017011538, ""K3_candidate_filters"": 7.869099994422868, ""K9_advisory_consensus"": 0.015700003132224083, ""K4_nli_and_bypass_check"": 189.1749000060372, ""K5_decision"": 142.76019998942502}",16399
FACTURK-0077,YALAN,"[18468, 3513, 18297, 17060, 22914, 28419, 27834, 8749, 19866, 19816, 5104, 9366, 20126, 11509, 23361, 12677, 6984, 24612, 21125, 9084]","[0.8636217713356018, 4.7206227463902906e-05, 0.0014664583140984178, 0.006241259165108204, 0.0005907104350626469, 0.0005747861578129232, 0.0003654328465927392, 0.001667882315814495, 8.547616744181141e-05, 0.004451041109859943, 0.0003150386910419911, 0.001597845577634871, 0.00010554686014074832, 0.002957902615889907, 6.868317723274231e-05, 0.104843370616436, 0.00013658353418577462, 0.0002131875662598759, 0.006850480102002621, 0.0005316132446750998]","[0.00442327419295907, 0.9922411441802979, 0.0033356037456542253]","[0.00442327419295907, 0.9922411441802979, 0.0033356037456542253]",False,YETERSİZ VERİ,RET,True,False,298.67420000664424,"{""K1_input_and_readiness"": 0.058299992815591395, ""K7_context"": 0.0016999983927235007, ""K1_normalization"": 0.01030000566970557, ""K6_advisory"": 12.667600007262081, ""K1_intent"": 0.14319999900180846, ""K2_retrieval"": 160.43279999576043, ""K3_reranker"": 77.60370000323746, ""K8_weighted_ranking"": 1.2808000028599054, ""K3_candidate_filters"": 6.938800011994317, ""K9_advisory_consensus"": 0.007399998139590025, ""K4_nli_and_bypass_check"": 34.800800000084564, ""K5_decision"": 0.16349999350495636}",12677
FACTURK-0078,DOĞRU,"[28856, 8758, 12500, 25952, 9581, 2849, 8303, 720, 2420, 13244, 8286, 24082, 790, 12699, 5470, 7809, 22567, 22357, 9338, 27933]","[0.10576342046260834, 1.7231572201126255e-05, 0.0025016965810209513, 0.00019716942915692925, 0.015424552373588085, 0.007846239022910595, 0.0026419467758387327, 7.782753527862951e-05, 0.0002415662893326953, 1.6314539607265033e-05, 0.000706905557308346, 1.6314539607265033e-05, 0.005281333811581135, 0.00034464316559024155, 0.0013096056645736098, 1.657145367062185e-05, 0.002463006880134344, 0.009303949773311615, 1.9373936083866283e-05, 0.0009146137163043022]","[0.6399554014205933, 0.3575829267501831, 0.002461698604747653]","[0.6399554014205933, 0.3575829267501831, 0.002461698604747653]",False,YALAN,RED,False,False,292.54320000472944,"{""K1_input_and_readiness"": 0.0602000072831288, ""K7_context"": 0.0015999976312741637, ""K1_normalization"": 0.011199997970834374, ""K6_advisory"": 16.83249999769032, ""K1_intent"": 0.04889999399892986, ""K2_retrieval"": 159.6538000012515, ""K3_reranker"": 65.82270000944845, ""K8_weighted_ranking"": 1.1258000013185665, ""K3_candidate_filters"": 6.3095000077737495, ""K9_advisory_consensus"": 0.008999995770864189, ""K4_nli_and_bypass_check"": 37.47310000471771, ""K5_decision"": 0.531600002432242}",12699
FACTURK-0079,YALAN,"[4770, 5087, 8958, 11058, 18297, 9120, 24584, 17571, 16078, 1959, 14597, 6032, 12482, 18393, 12152, 11083, 16356, 29065, 24453, 8582]","[4.832564081880264e-05, 8.415108459303156e-05, 9.993031562771648e-05, 0.0010202174307778478, 0.0007152324542403221, 0.001512938179075718, 0.00172745855525136, 0.0002492325147613883, 0.001622967072762549, 5.02506154589355e-05, 0.0010362669127061963, 0.0020111582707613707, 0.00011866796558024362, 1.9525883544702083e-05, 1.6964426322374493e-05, 0.0008727670647203922, 3.4001819585682824e-05, 5.0644717703107744e-05, 1.7640199075685814e-05, 0.00020342698553577065]","[0.020223943516612053, 0.9758726358413696, 0.0039033989887684584]","[0.020223943516612053, 0.9758726358413696, 0.0039033989887684584]",False,YALAN,UYARI,False,False,914.1811000008602,"{""K1_input_and_readiness"": 0.06199999188538641, ""K7_context"": 0.0013999961083754897, ""K1_normalization"": 0.010899995686486363, ""K6_advisory"": 13.972000000649132, ""K1_intent"": 0.039399994420818985, ""K2_retrieval"": 184.2285000020638, ""K3_reranker"": 104.35340000549331, ""K8_weighted_ranking"": 2.0538999960990623, ""K3_candidate_filters"": 7.390699989628047, ""K9_advisory_consensus"": 0.008200004231184721, ""K4_nli_and_bypass_check"": 306.82629998773336, ""K5_decision"": 290.9226000047056}",6032
FACTURK-0080,YALAN,"[15787, 2858, 25228, 9220, 19258, 25225, 1701, 3315, 9150, 25169, 13989, 9510, 2244, 13003, 24354, 28014, 22218, 970, 12063, 9686]","[0.0008934455690905452, 4.832564081880264e-05, 0.014672035351395607, 0.0011116681853309274, 0.00016474656877107918, 0.000682501879055053, 0.0002131875662598759, 0.00026947917649522424, 0.005554925184696913, 0.00013982206291984767, 0.0010282108560204506, 0.0014325366355478764, 0.00013982206291984767, 2.5466406441410072e-05, 0.0023413407616317272, 0.0023322340566664934, 0.004556113854050636, 0.0003799845289904624, 0.0006512682302854955, 0.0003275842755101621]","[0.8946533799171448, 0.10401976108551025, 0.0013267926406115294]","[0.8946533799171448, 0.10401976108551025, 0.0013267926406115294]",False,DOĞRU,ONAY,False,False,1044.5581000094535,"{""K1_input_and_readiness"": 0.05750000127591193, ""K7_context"": 0.001600012183189392, ""K1_normalization"": 0.010500007192604244, ""K6_advisory"": 14.167399989673868, ""K1_intent"": 0.03500000457279384, ""K2_retrieval"": 238.27449999225792, ""K3_reranker"": 107.6589000003878, ""K8_weighted_ranking"": 3.7940000038361177, ""K3_candidate_filters"": 9.621899997000583, ""K9_advisory_consensus"": 0.010399991879239678, ""K4_nli_and_bypass_check"": 402.6942000054987, ""K5_decision"": 263.01699999021366}",25228
FACTURK-0081,DOĞRU,"[29892, 30075, 20199, 16831, 24994, 12974, 19793, 19541, 28266, 23277, 3162, 1902, 22268, 6336, 23011, 14534, 17297, 4738, 889, 25865]","[0.1127954050898552, 0.11879339814186096, 0.03179866820573807, 0.9192084670066833, 0.113973468542099, 0.025130946189165115, 0.08035746961832047, 0.00955939944833517, 0.006589771714061499, 0.007232763804495335, 0.001377732609398663, 0.005888158921152353, 0.008030813187360764, 0.05561760812997818, 0.004773722495883703, 0.007907291874289513, 0.11476477235555649, 0.0006641048239544034, 0.0007208379684016109, 0.00013135180051904172]","[0.7708806991577148, 0.22698351740837097, 0.002135843737050891]","[0.7708806991577148, 0.22698351740837097, 0.002135843737050891]",False,DOĞRU,ONAY,False,False,394.7809999954188,"{""K1_input_and_readiness"": 0.051700000767596066, ""K7_context"": 0.0018999999156221747, ""K1_normalization"": 0.007700000423938036, ""K6_advisory"": 19.916799996281043, ""K1_intent"": 0.037699996028095484, ""K2_retrieval"": 150.18789999885485, ""K3_reranker"": 95.47110000858083, ""K8_weighted_ranking"": 1.2552999978652224, ""K3_candidate_filters"": 7.524600005126558, ""K9_advisory_consensus"": 0.008199989679269493, ""K4_nli_and_bypass_check"": 76.40790000732522, ""K5_decision"": 40.20590000436641}",16831
FACTURK-0082,YALAN,"[4452, 5431, 16540, 21976, 16706, 8548, 19167, 30065, 5595, 2933, 28655, 25400, 22634, 12152, 21402, 14346, 18509, 12671, 19535, 27080]","[0.0948452427983284, 0.00407013762742281, 0.0004747042548842728, 0.0010005044750869274, 0.0026730059180408716, 0.0002959570847451687, 0.0005747861578129232, 0.0005254230927675962, 2.265035072923638e-05, 0.04509957134723663, 6.976470467634499e-05, 0.018404889851808548, 2.977311669383198e-05, 0.0004784255870617926, 0.002889581024646759, 4.037790131405927e-05, 0.0003199982165824622, 4.400118632474914e-05, 0.00018522572645451874, 1.6964426322374493e-05]","[0.21262313425540924, 0.7857590317726135, 0.0016178583027794957]","[0.21262313425540924, 0.7857590317726135, 0.0016178583027794957]",False,YETERSİZ VERİ,RET,True,False,1067.9984000016702,"{""K1_input_and_readiness"": 0.07860000187065452, ""K7_context"": 0.0014999968698248267, ""K1_normalization"": 0.010700008715502918, ""K6_advisory"": 12.54319999134168, ""K1_intent"": 0.03460000152699649, ""K2_retrieval"": 181.06400000397116, ""K3_reranker"": 175.1362000068184, ""K8_weighted_ranking"": 2.2668000019621104, ""K3_candidate_filters"": 6.105400010710582, ""K9_advisory_consensus"": 0.008999995770864189, ""K4_nli_and_bypass_check"": 342.96769999491517, ""K5_decision"": 342.54759999748785}",2933
FACTURK-0083,DOĞRU,"[1291, 28165, 20020, 15763, 23751, 21402, 20519, 5491, 22069, 19636, 21667, 19793, 13778, 16491, 25969, 16499, 16721, 18468, 24834, 11581]","[3.4537253668531775e-05, 1.67014204635052e-05, 4.0694576455280185e-05, 1.6187581422855146e-05, 0.0016941031208261847, 5.144220995134674e-05, 2.4682904040673748e-05, 2.7751651941798627e-05, 2.2125668692751788e-05, 1.9073577277595177e-05, 3.3474691008450463e-05, 1.6314539607265033e-05, 0.0024343819823116064, 1.67014204635052e-05, 6.452214438468218e-05, 0.00010229986219201237, 1.7917987861437723e-05, 0.020177319645881653, 2.1444948288262822e-05, 1.6061610949691385e-05]","[0.11280577629804611, 0.8836112022399902, 0.0035830149427056313]","[0.11280577629804611, 0.8836112022399902, 0.0035830149427056313]",False,YALAN,UYARI,False,False,684.219499991741,"{""K1_input_and_readiness"": 0.05919999966863543, ""K7_context"": 0.0021000014385208488, ""K1_normalization"": 0.013900003978051245, ""K6_advisory"": 15.200499998172745, ""K1_intent"": 0.038700003642588854, ""K2_retrieval"": 182.45439999736845, ""K3_reranker"": 85.58949999860488, ""K8_weighted_ranking"": 1.9013999990420416, ""K3_candidate_filters"": 10.048700001789257, ""K9_advisory_consensus"": 0.009700001101009548, ""K4_nli_and_bypass_check"": 231.03169999376405, ""K5_decision"": 152.8738000051817}",13778
FACTURK-0084,DOĞRU,"[4224, 26098, 20222, 17567, 25118, 11778, 16801, 29239, 20781, 11959, 11506, 10045, 806, 2446, 28331, 24521, 15384, 437, 19146, 30198]","[0.0016103574307635427, 0.002074867021292448, 0.001314724562689662, 0.002296159043908119, 7.905303937150165e-05, 0.0010242064017802477, 0.0009399438858963549, 0.0007613258203491569, 0.2312668114900589, 1.805851934477687e-05, 0.0031480707693845034, 0.0004459562187548727, 0.00026530236937105656, 0.0037217086646705866, 0.00014539113908540457, 0.0006361912237480283, 0.00012148174573667347, 7.141901005525142e-05, 1.6964426322374493e-05, 0.00012339458044152707]","[0.2451947033405304, 0.7395607829093933, 0.015244527719914913]","[0.2451947033405304, 0.7395607829093933, 0.015244527719914913]",False,YETERSİZ VERİ,RET,True,False,1425.9255999932066,"{""K1_input_and_readiness"": 0.10039999324362725, ""K7_context"": 0.0022000021999701858, ""K1_normalization"": 0.01340000017080456, ""K6_advisory"": 14.067600000998937, ""K1_intent"": 0.050700007705017924, ""K2_retrieval"": 237.68849999760278, ""K3_reranker"": 125.83979999180883, ""K8_weighted_ranking"": 1.8606000085128471, ""K3_candidate_filters"": 7.107700002961792, ""K9_advisory_consensus"": 0.011399999493733048, ""K4_nli_and_bypass_check"": 522.1691000042483, ""K5_decision"": 512.5120999873616}",20781
FACTURK-0085,DOĞRU,"[12751, 5418, 9230, 23884, 13059, 1228, 29737, 17449, 19893, 2879, 9047, 17018, 7396, 11113, 17687, 7982, 810, 8333, 8153, 27959]","[9.535461140330881e-05, 2.1112482500029728e-05, 2.2125668692751788e-05, 0.05429893732070923, 2.4300241420860402e-05, 4.1986306314356625e-05, 0.00017813112935982645, 1.683241134742275e-05, 8.818923379294574e-05, 2.1112482500029728e-05, 1.683241134742275e-05, 1.6061610949691385e-05, 0.004086002707481384, 1.6061610949691385e-05, 0.014559517614543438, 3.219233258278109e-05, 1.6187581422855146e-05, 0.00017536994710098952, 3.321419353596866e-05, 1.7366719475830905e-05]","[0.6427902579307556, 0.3442288935184479, 0.012980843894183636]","[0.6427902579307556, 0.3442288935184479, 0.012980843894183636]",False,YALAN,RED,False,False,789.3367000069702,"{""K1_input_and_readiness"": 0.06080001185182482, ""K7_context"": 0.0011999945854768157, ""K1_normalization"": 0.011800002539530396, ""K6_advisory"": 15.505500006838702, ""K1_intent"": 0.03399999695830047, ""K2_retrieval"": 150.66579999984242, ""K3_reranker"": 177.4239999940619, ""K8_weighted_ranking"": 2.0546000014292076, ""K3_candidate_filters"": 7.297200005268678, ""K9_advisory_consensus"": 0.007700000423938036, ""K4_nli_and_bypass_check"": 236.2680999940494, ""K5_decision"": 194.73889999790117}",12751
FACTURK-0086,DOĞRU,"[28221, 17464, 23903, 6314, 11932, 12939, 12172, 15073, 18460, 29595, 1893, 17416, 7000, 5052, 20736, 27895, 23166, 18953, 7092, 1624]","[0.02203226462006569, 0.020061802119016647, 2.195349043176975e-05, 0.0009697519708424807, 1.683241134742275e-05, 0.0007947254925966263, 0.0003668626013677567, 0.0011073390487581491, 0.0009510130621492863, 0.00026947917649522424, 0.0021573416888713837, 0.0009217804181389511, 0.0001344663032796234, 0.0004974745097570121, 0.00014539113908540457, 2.6897845600615256e-05, 2.6688529032981023e-05, 0.0029694451950490475, 0.00034196203341707587, 0.0009436192340217531]","[0.0007046322571113706, 0.9980267882347107, 0.001268469844944775]","[0.0007046322571113706, 0.9980267882347107, 0.001268469844944775]",False,YALAN,RED,False,False,335.15889999398496,"{""K1_input_and_readiness"": 0.06259999645408243, ""K7_context"": 0.0021000014385208488, ""K1_normalization"": 0.01030000566970557, ""K6_advisory"": 16.274299996439368, ""K1_intent"": 0.034500000765547156, ""K2_retrieval"": 178.65139999776147, ""K3_reranker"": 96.46810000413097, ""K8_weighted_ranking"": 1.333299995167181, ""K3_candidate_filters"": 6.481799995526671, ""K9_advisory_consensus"": 0.008999995770864189, ""K4_nli_and_bypass_check"": 31.826600010390393, ""K5_decision"": 0.27550000231713057}",18953
FACTURK-0087,DOĞRU,"[6336, 26371, 5364, 17203, 17149, 23011, 30248, 6779, 29892, 25865, 4738, 18919, 19877, 11392, 20244, 12974, 28611, 3162, 8285, 4102]","[0.00011591933434829116, 3.144662332488224e-05, 1.6314539607265033e-05, 1.6314539607265033e-05, 1.593661909282673e-05, 1.683241134742275e-05, 3.4808123018592596e-05, 3.7931622500764206e-05, 1.750292540236842e-05, 1.6061610949691385e-05, 1.6314539607265033e-05, 1.6061610949691385e-05, 1.7778551409719512e-05, 3.071818719035946e-05, 2.1112482500029728e-05, 0.0044165560975670815, 2.1444948288262822e-05, 1.9373936083866283e-05, 2.7969301299890503e-05, 1.6442494597868063e-05]","[0.87300705909729, 0.10282491147518158, 0.024168003350496292]","[0.87300705909729, 0.10282491147518158, 0.024168003350496292]",False,DOĞRU,ONAY,False,False,512.3929000110365,"{""K1_input_and_readiness"": 0.048699992476031184, ""K7_context"": 0.0012999953469261527, ""K1_normalization"": 0.00859999272506684, ""K6_advisory"": 14.716499994392507, ""K1_intent"": 0.03260000084992498, ""K2_retrieval"": 152.87620000890456, ""K3_reranker"": 69.64560000051279, ""K8_weighted_ranking"": 1.4202000020304695, ""K3_candidate_filters"": 6.98499999998603, ""K9_advisory_consensus"": 0.012799995602108538, ""K4_nli_and_bypass_check"": 148.00950000062585, ""K5_decision"": 114.55559999740217}",6336
FACTURK-0088,DOĞRU,"[18, 4413, 27167, 25865, 24704, 558, 19541, 23436, 22642, 8688, 1193, 1149, 11574, 20199, 4738, 6336, 23011, 1902, 29892, 9259]","[0.0010083435336127877, 0.0006512682302854955, 0.05582314357161522, 1.7231572201126255e-05, 0.03554439917206764, 0.0003029734070878476, 0.000954731716774404, 0.0014269596431404352, 0.00021824207215104252, 7.782753527862951e-05, 0.0006462032906711102, 0.00021995337738189846, 0.0008830457809381187, 0.001383117400109768, 1.8486754925106652e-05, 5.920916373725049e-05, 0.004736748989671469, 0.00482972152531147, 9.314593626186252e-05, 0.0004897656035609543]","[0.9753634929656982, 0.02341362275183201, 0.001222832128405571]","[0.9753634929656982, 0.02341362275183201, 0.001222832128405571]",False,DOĞRU,ONAY,False,False,444.2972999968333,"{""K1_input_and_readiness"": 0.04630000330507755, ""K7_context"": 0.0014999968698248267, ""K1_normalization"": 0.008000002708286047, ""K6_advisory"": 14.369199998327531, ""K1_intent"": 0.03239999932702631, ""K2_retrieval"": 145.6670000043232, ""K3_reranker"": 86.35470000444911, ""K8_weighted_ranking"": 1.366500000585802, ""K3_candidate_filters"": 6.891800003359094, ""K9_advisory_consensus"": 0.008899995009414852, ""K4_nli_and_bypass_check"": 107.25309999543242, ""K5_decision"": 78.52760000969283}",27167
FACTURK-0089,DOĞRU,"[7912, 1083, 7529, 24053, 16090, 27441, 9765, 15423, 3233, 28755, 21894, 10902, 23656, 3642, 22987, 26001, 16400, 645, 11989, 4022]","[0.999935507774353, 0.001495338510721922, 0.6167627573013306, 0.0012399960542097688, 0.8830344080924988, 0.06313490122556686, 0.0001713081874186173, 0.11299101263284683, 0.0005013742484152317, 0.0004442183708306402, 0.08093670755624771, 4.1335399146191776e-05, 0.00033535013790242374, 0.029145970940589905, 0.00020825010142289102, 0.0003889921063091606, 0.1457221657037735, 0.03796369582414627, 0.0011604196624830365, 2.8632557587116025e-05]","[0.0012722030514851213, 0.00555324787274003, 0.9931744933128357]","[0.0012722030514851213, 0.00555324787274003, 0.9931744933128357]",False,DOĞRU,ONAY,False,False,417.6483999908669,"{""K1_input_and_readiness"": 0.06380000559147447, ""K7_context"": 0.0017999991541728377, ""K1_normalization"": 0.009199997293762863, ""K6_advisory"": 12.733800002024509, ""K1_intent"": 0.033500007702969015, ""K2_retrieval"": 187.21029999142047, ""K3_reranker"": 91.8082999996841, ""K8_weighted_ranking"": 1.4088000025367364, ""K3_candidate_filters"": 8.011199999600649, ""K9_advisory_consensus"": 0.010499992640689015, ""K4_nli_and_bypass_check"": 73.12780000211205, ""K5_decision"": 39.9048999970546}",7912
FACTURK-0090,YALAN,"[3962, 3327, 920, 28715, 14283, 26683, 26912, 1472, 26447, 26910, 4879, 430, 8032, 18324, 24673, 15036, 3722, 26045, 1154, 3212]","[0.0007733057136647403, 0.0007293288363143802, 0.031439851969480515, 6.108854722697288e-05, 0.00014091856428422034, 0.0013511208817362785, 0.00039977103006094694, 3.269927037763409e-05, 0.00012533752305898815, 8.415108459303156e-05, 4.231559796608053e-05, 0.00029137005913071334, 3.8831109122838825e-05, 6.108854722697288e-05, 7.311254739761353e-05, 2.977311669383198e-05, 1.6187581422855146e-05, 2.411113746347837e-05, 1.6061610949691385e-05, 1.67014204635052e-05]","[0.022419458255171776, 0.04908829554915428, 0.9284922480583191]","[0.022419458255171776, 0.04908829554915428, 0.9284922480583191]",False,YALAN,UYARI,False,False,684.7273000021232,"{""K1_input_and_readiness"": 0.05539999983739108, ""K7_context"": 0.001400010660290718, ""K1_normalization"": 0.009100011084228754, ""K6_advisory"": 14.748100002179854, ""K1_intent"": 0.0610999995842576, ""K2_retrieval"": 150.07109999714885, ""K3_reranker"": 65.52329999976791, ""K8_weighted_ranking"": 1.2759000092046335, ""K3_candidate_filters"": 6.185899997944944, ""K9_advisory_consensus"": 0.008700008038431406, ""K4_nli_and_bypass_check"": 238.13490000611637, ""K5_decision"": 204.16369999293238}",26910
FACTURK-0091,DOĞRU,"[11667, 16335, 4883, 3909, 20565, 2826, 12330, 10064, 27602, 5235, 21782, 24301, 3583, 12419, 2893, 13264, 6286, 15493, 4312, 13271]","[0.9784671068191528, 0.0018102108733728528, 0.00266261282376945, 5.9673518990166485e-05, 0.014899643138051033, 0.000810387369710952, 0.0055333878844976425, 1.8777873265207745e-05, 2.4682904040673748e-05, 0.055310655385255814, 2.7535690605873242e-05, 8.818923379294574e-05, 1.657145367062185e-05, 8.614650869276375e-05, 0.0003199982165824622, 5.1845658163074404e-05, 0.0009436192340217531, 0.0001015038214973174, 2.4682904040673748e-05, 0.00035557945375330746]","[0.00018774067575577646, 0.9996292591094971, 0.00018303382967133075]","[0.00018774067575577646, 0.9996292591094971, 0.00018303382967133075]",False,YALAN,RED,False,False,473.26080000493675,"{""K1_input_and_readiness"": 0.07389999518636614, ""K7_context"": 0.0017999991541728377, ""K1_normalization"": 0.015300000086426735, ""K6_advisory"": 16.023999996832572, ""K1_intent"": 0.03840000135824084, ""K2_retrieval"": 176.7190000100527, ""K3_reranker"": 80.99420000507962, ""K8_weighted_ranking"": 1.3987999991513789, ""K3_candidate_filters"": 7.0989000087138265, ""K9_advisory_consensus"": 0.015999990864656866, ""K4_nli_and_bypass_check"": 111.22039999463595, ""K5_decision"": 76.05550000153016}",11667
FACTURK-0092,YALAN,"[27219, 29036, 1302, 7256, 22388, 29892, 25228, 5023, 3315, 18561, 4991, 16063, 28547, 14232, 15787, 16150, 12864, 25169, 27894, 12809]","[0.08993301540613174, 0.0012065897462889552, 0.01057048887014389, 0.0010162440594285727, 0.043446898460388184, 0.0555151142179966, 0.26001349091529846, 0.021368887275457382, 0.019870713353157043, 0.002387409098446369, 0.039048291742801666, 0.13006426393985748, 0.22320769727230072, 0.12410681694746017, 0.009268013760447502, 0.05602938309311867, 0.0401625819504261, 0.002746900776401162, 0.0006118340534158051, 0.06325051933526993]","[0.023453453555703163, 0.9753544330596924, 0.0011921634431928396]","[0.023453453555703163, 0.9753544330596924, 0.0011921634431928396]",False,YETERSİZ VERİ,RET,True,False,897.3329000000376,"{""K1_input_and_readiness"": 0.057600002037361264, ""K7_context"": 0.0013999961083754897, ""K1_normalization"": 0.010599993402138352, ""K6_advisory"": 13.055099989287555, ""K1_intent"": 0.035500008380040526, ""K2_retrieval"": 199.39419999718666, ""K3_reranker"": 106.67680000187829, ""K8_weighted_ranking"": 1.5091999957803637, ""K3_candidate_filters"": 6.484499986981973, ""K9_advisory_consensus"": 0.047599998652003706, ""K4_nli_and_bypass_check"": 300.1655000116443, ""K5_decision"": 266.0426000074949}",25228
FACTURK-0093,YALAN,"[24956, 9352, 1704, 27663, 24822, 12664, 10589, 11552, 28723, 1329, 23365, 23052, 18742, 4563, 4270, 26727, 28044, 2296, 29601, 5693]","[0.0007793660624884069, 0.0026730059180408716, 0.004382336512207985, 1.67014204635052e-05, 0.010986941866576672, 0.003087369492277503, 0.002521268092095852, 0.011597361415624619, 3.619466951931827e-05, 2.6274772608303465e-05, 2.7535690605873242e-05, 0.0007014083093963563, 7.662102143513039e-05, 0.00021654405281879008, 0.001048469333909452, 3.095910506090149e-05, 0.0023322340566664934, 4.683888619183563e-05, 0.00034464316559024155, 1.967902426258661e-05]","[0.9857745170593262, 0.011875557713210583, 0.0023498821537941694]","[0.9857745170593262, 0.011875557713210583, 0.0023498821537941694]",False,DOĞRU,ONAY,False,False,344.77959999640007,"{""K1_input_and_readiness"": 0.3127999952994287, ""K7_context"": 0.007100010407157242, ""K1_normalization"": 0.021099986042827368, ""K6_advisory"": 16.69889999902807, ""K1_intent"": 0.04400000034365803, ""K2_retrieval"": 179.01459999848157, ""K3_reranker"": 107.93139999441337, ""K8_weighted_ranking"": 2.0407999982126057, ""K3_candidate_filters"": 5.613400004222058, ""K9_advisory_consensus"": 0.012800010154023767, ""K4_nli_and_bypass_check"": 28.795599995646626, ""K5_decision"": 0.4549999866867438}",11552
FACTURK-0094,YALAN,"[5418, 19923, 29904, 20596, 26970, 15901, 20156, 23566, 24986, 1351, 23791, 29816, 6865, 18241, 28419, 10413, 30339, 28338, 30338, 30337]","[0.003429603995755315, 5.02506154589355e-05, 0.00046371284406632185, 2.2474090656032786e-05, 4.794958294951357e-05, 3.8831109122838825e-05, 0.00017952796770259738, 4.539786823443137e-05, 0.00011412239109631628, 0.0001442598586436361, 0.0005254230927675962, 1.683241134742275e-05, 0.00017674513219390064, 1.6061610949691385e-05, 9.098840382648632e-05, 9.028038039105013e-05, 2.526822754589375e-05, 3.975192521465942e-05, 1.6442494597868063e-05, 1.805851934477687e-05]","[0.12111125141382217, 0.870121955871582, 0.008766845799982548]","[0.12111125141382217, 0.870121955871582, 0.008766845799982548]",False,YETERSİZ VERİ,RET,True,False,862.4875000095926,"{""K1_input_and_readiness"": 0.04410000110510737, ""K7_context"": 0.0013999961083754897, ""K1_normalization"": 0.0092999980552122, ""K6_advisory"": 12.57209999312181, ""K1_intent"": 0.030100010917522013, ""K2_retrieval"": 139.7721000103047, ""K3_reranker"": 236.2169999978505, ""K8_weighted_ranking"": 1.8650999991223216, ""K3_candidate_filters"": 5.929199993261136, ""K9_advisory_consensus"": 0.009700001101009548, ""K4_nli_and_bypass_check"": 296.8083000014303, ""K5_decision"": 165.7872999930987}",6865
FACTURK-0095,DOĞRU,"[27818, 4071, 16020, 23316, 28834, 20010, 1872, 9150, 13582, 18564, 9482, 23187, 29422, 30122, 12063, 20850, 19360, 25707, 3354, 4246]","[0.00021995337738189846, 0.00014539113908540457, 5.738759500673041e-05, 0.0006000071880407631, 4.298194107832387e-05, 2.93115390377352e-05, 4.985958003089763e-05, 6.761842087144032e-05, 9.83811987680383e-05, 3.619466951931827e-05, 1.6061610949691385e-05, 0.000124362253700383, 1.6061610949691385e-05, 3.373722574906424e-05, 1.6314539607265033e-05, 0.0004673480580095202, 8.818923379294574e-05, 2.3369333575828932e-05, 2.195349043176975e-05, 1.683241134742275e-05]","[0.15637999773025513, 0.834004819393158, 0.009615232236683369]","[0.15637999773025513, 0.834004819393158, 0.009615232236683369]",False,YETERSİZ VERİ,RET,True,False,1240.370500003337,"{""K1_input_and_readiness"": 0.08779999916441739, ""K7_context"": 0.0021000014385208488, ""K1_normalization"": 0.015400000847876072, ""K6_advisory"": 23.047500013490207, ""K1_intent"": 0.0754999928176403, ""K2_retrieval"": 264.8160000098869, ""K3_reranker"": 67.45059999229852, ""K8_weighted_ranking"": 1.3349000073503703, ""K3_candidate_filters"": 7.270399990375154, ""K9_advisory_consensus"": 0.010200004908256233, ""K4_nli_and_bypass_check"": 487.94949999137316, ""K5_decision"": 384.48300000163727}",9150
FACTURK-0096,YALAN,"[6934, 10321, 23417, 24197, 1293, 27720, 23788, 1327, 940, 11256, 15843, 23668, 22496, 2039, 19599, 6206, 21304, 1536, 8225, 3962]","[0.6527949571609497, 1.6442494597868063e-05, 3.1941821362124756e-05, 0.0001559802913106978, 0.0001673405058681965, 3.5633544030133635e-05, 0.0005549409543164074, 8.092757343547419e-05, 1.6314539607265033e-05, 0.00011682839976856485, 1.6442494597868063e-05, 0.0002396868512732908, 0.003809630172327161, 0.0002492325147613883, 1.6187581422855146e-05, 0.01065251138061285, 0.0005378763889893889, 7.197912054834887e-05, 1.6314539607265033e-05, 1.9833367332466878e-05]","[0.1056496798992157, 0.870667040348053, 0.02368323504924774]","[0.1056496798992157, 0.870667040348053, 0.02368323504924774]",False,YETERSİZ VERİ,RET,True,False,573.3223999995971,"{""K1_input_and_readiness"": 0.05289999535307288, ""K7_context"": 0.0014999968698248267, ""K1_normalization"": 0.011099997209385037, ""K6_advisory"": 14.739999998710118, ""K1_intent"": 0.043199994252063334, ""K2_retrieval"": 197.76680000359192, ""K3_reranker"": 142.99609999579843, ""K8_weighted_ranking"": 2.842299989424646, ""K3_candidate_filters"": 12.926999988849275, ""K9_advisory_consensus"": 0.014600009308196604, ""K4_nli_and_bypass_check"": 119.03760000132024, ""K5_decision"": 77.12489999539685}",6934
FACTURK-0097,YALAN,"[7077, 376, 11556, 16972, 2933, 16534, 25018, 9071, 4447, 984, 8074, 7555, 22180, 26294, 27319, 21254, 21067, 11183, 24908, 23250]","[0.00020342698553577065, 3.3474691008450463e-05, 2.014569145103451e-05, 3.8831109122838825e-05, 0.00014653129619546235, 6.922183820279315e-05, 4.985958003089763e-05, 7.662102143513039e-05, 4.1335399146191776e-05, 0.00014313739666249603, 4.832564081880264e-05, 0.0008796061738394201, 0.0003668626013677567, 3.071818719035946e-05, 0.0003500686143524945, 0.0002959570847451687, 0.004133968148380518, 6.014152313582599e-05, 0.0004655269149225205, 0.0023596605751663446]","[0.0019956023897975683, 0.996088981628418, 0.0019154073670506477]","[0.0019956023897975683, 0.996088981628418, 0.0019154073670506477]",False,YETERSİZ VERİ,RET,True,False,948.2551000110107,"{""K1_input_and_readiness"": 0.06130000110715628, ""K7_context"": 0.0015999976312741637, ""K1_normalization"": 0.01200000406242907, ""K6_advisory"": 15.1146999996854, ""K1_intent"": 0.04650000482797623, ""K2_retrieval"": 186.74569998984225, ""K3_reranker"": 148.7341999891214, ""K8_weighted_ranking"": 2.77579999237787, ""K3_candidate_filters"": 7.80289999966044, ""K9_advisory_consensus"": 0.009200011845678091, ""K4_nli_and_bypass_check"": 301.62890000792686, ""K5_decision"": 281.72169999743346}",22180
FACTURK-0098,YALAN,"[2717, 27513, 6392, 17030, 15078, 20894, 27639, 7948, 25405, 19824, 22514, 19065, 25791, 901, 21495, 28319, 21035, 7178, 13127, 21129]","[0.0015247863484546542, 0.00014883848780300468, 0.0019192374311387539, 0.00982179306447506, 0.0006538155721500516, 0.0003697388747241348, 2.818866414600052e-05, 3.619466951931827e-05, 1.657145367062185e-05, 0.003976227715611458, 0.0035243413876742125, 7.843789353501052e-05, 0.00023231418163049966, 0.0002959570847451687, 7.905303937150165e-05, 2.0785171727766283e-05, 1.6187581422855146e-05, 0.00011235327838221565, 1.6061610949691385e-05, 0.0014550630003213882]","[0.9588648676872253, 0.036755047738552094, 0.004380129277706146]","[0.9588648676872253, 0.036755047738552094, 0.004380129277706146]",False,DOĞRU,ONAY,False,False,539.2462999880081,"{""K1_input_and_readiness"": 0.05019998934585601, ""K7_context"": 0.0015999976312741637, ""K1_normalization"": 0.01340000017080456, ""K6_advisory"": 13.050399997155182, ""K1_intent"": 0.041400009649805725, ""K2_retrieval"": 150.6742000055965, ""K3_reranker"": 85.51629999419674, ""K8_weighted_ranking"": 2.556499995989725, ""K3_candidate_filters"": 7.20500000170432, ""K9_advisory_consensus"": 0.013800003216601908, ""K4_nli_and_bypass_check"": 144.25369999662507, ""K5_decision"": 130.77600000542589}",21495
FACTURK-0099,YALAN,"[13895, 29265, 28640, 6801, 28188, 28378, 27074, 8919, 9748, 25117, 4543, 21513, 13393, 15125, 6627, 23070, 28945, 7014, 26282, 3099]","[0.03594832494854927, 8.349628478754312e-05, 4.331903619458899e-05, 0.31289464235305786, 0.0044165560975670815, 0.003635808825492859, 0.0019192374311387539, 0.0007554056355729699, 0.002992665395140648, 0.017712298780679703, 0.0003799845289904624, 0.010611421428620815, 9.17019642656669e-05, 0.00013342000602278858, 0.0007524627726525068, 0.0018458482809364796, 1.657145367062185e-05, 0.0012303582625463605, 0.006903838831931353, 4.365878339740448e-05]","[0.05437270551919937, 0.8870084285736084, 0.058618925511837006]","[0.05437270551919937, 0.8870084285736084, 0.058618925511837006]",False,YALAN,RED,False,False,657.7289999986533,"{""K1_input_and_readiness"": 0.13689999468624592, ""K7_context"": 0.0012999953469261527, ""K1_normalization"": 0.024199995095841587, ""K6_advisory"": 16.780899997684173, ""K1_intent"": 0.12270000297576189, ""K2_retrieval"": 406.7462999955751, ""K3_reranker"": 177.8082000091672, ""K8_weighted_ranking"": 1.4362999936565757, ""K3_candidate_filters"": 9.88149999466259, ""K9_advisory_consensus"": 0.03999999898951501, ""K4_nli_and_bypass_check"": 39.28359999554232, ""K5_decision"": 0.5837000062456354}",21513
FACTURK-0100,DOĞRU,"[10803, 14283, 22712, 23551, 10508, 20735, 19930, 20531, 28551, 10031, 13541, 14684, 10476, 15681, 5518, 7370, 26109, 20451, 19869, 27364]","[1.9073577277595177e-05, 1.6061610949691385e-05, 1.6314539607265033e-05, 1.967902426258661e-05, 1.6061610949691385e-05, 1.6314539607265033e-05, 0.0004655269149225205, 1.6061610949691385e-05, 1.6061610949691385e-05, 1.8200149497715756e-05, 1.6442494597868063e-05, 1.6061610949691385e-05, 1.6314539607265033e-05, 1.593661909282673e-05, 1.6061610949691385e-05, 1.6442494597868063e-05, 1.6314539607265033e-05, 1.6187581422855146e-05, 0.0001195985751110129, 1.6442494597868063e-05]","[0.017047781497240067, 0.9603233337402344, 0.022628793492913246]","[0.017047781497240067, 0.9603233337402344, 0.022628793492913246]",False,YETERSİZ VERİ,RET,True,False,717.773299998953,"{""K1_input_and_readiness"": 0.07999999797903001, ""K7_context"": 0.0025999906938523054, ""K1_normalization"": 0.014299992471933365, ""K6_advisory"": 28.299600002355874, ""K1_intent"": 0.043400010326877236, ""K2_retrieval"": 164.27280000061728, ""K3_reranker"": 61.80389999644831, ""K8_weighted_ranking"": 1.3158999936422333, ""K3_candidate_filters"": 6.691100003081374, ""K9_advisory_consensus"": 0.008000002708286047, ""K4_nli_and_bypass_check"": 256.51859999925364, ""K5_decision"": 194.7507000004407}",13541
FACTURK-0101,YALAN,"[2858, 14817, 9150, 1701, 15238, 15787, 16063, 17301, 4257, 8685, 28880, 16571, 25228, 27894, 1422, 13065, 15978, 10301, 25225, 3569]","[0.00017265156202483922, 2.2125668692751788e-05, 0.023153411224484444, 0.21617697179317474, 0.0023504828568547964, 0.009708477184176445, 0.09894659370183945, 0.3317689299583435, 0.027324529364705086, 0.0018675660248845816, 0.005405900068581104, 9.915272676153108e-05, 0.02561391331255436, 0.00018814207578543574, 0.0019342610612511635, 0.00023597174731548876, 0.001838665222749114, 0.00012148174573667347, 0.009522485546767712, 9.915272676153108e-05]","[0.00024197659513447434, 0.999502420425415, 0.0002555781975388527]","[0.00024197659513447434, 0.999502420425415, 0.0002555781975388527]",False,YALAN,UYARI,False,False,802.7775000082329,"{""K1_input_and_readiness"": 0.05840000812895596, ""K7_context"": 0.001600012183189392, ""K1_normalization"": 0.00960000033956021, ""K6_advisory"": 20.702699999674223, ""K1_intent"": 0.05049999163020402, ""K2_retrieval"": 178.70550000225194, ""K3_reranker"": 68.16019999678247, ""K8_weighted_ranking"": 1.2133999989600852, ""K3_candidate_filters"": 5.65900000219699, ""K9_advisory_consensus"": 0.007800001185387373, ""K4_nli_and_bypass_check"": 284.6676000044681, ""K5_decision"": 238.63439999695402}",1701
FACTURK-0102,YALAN,"[22441, 4436, 16208, 2248, 11250, 20713, 29057, 15880, 451, 19092, 10663, 22237, 17027, 1606, 22762, 24760, 5678, 7771, 2480, 11814]","[0.00012533752305898815, 0.005469274241477251, 0.00019716942915692925, 0.22953522205352783, 3.373722574906424e-05, 0.00017536994710098952, 0.00010889690747717395, 0.025662705302238464, 0.0003406293108128011, 0.02241421490907669, 0.000458312890259549, 0.002251847181469202, 0.002058753278106451, 0.005663865711539984, 5.518923353520222e-05, 4.037790131405927e-05, 0.0029008574783802032, 0.0063635739497840405, 0.18877223134040833, 0.002790037775412202]","[0.1025685966014862, 0.8463079929351807, 0.051123421639204025]","[0.1025685966014862, 0.8463079929351807, 0.051123421639204025]",False,YETERSİZ VERİ,RET,True,False,821.336799999699,"{""K1_input_and_readiness"": 0.08589999924879521, ""K7_context"": 0.0015999976312741637, ""K1_normalization"": 0.02269999822601676, ""K6_advisory"": 14.607200006139465, ""K1_intent"": 0.0405999890062958, ""K2_retrieval"": 188.3077999955276, ""K3_reranker"": 147.0751000015298, ""K8_weighted_ranking"": 2.0441000087885186, ""K3_candidate_filters"": 7.452999998349696, ""K9_advisory_consensus"": 0.008500006515532732, ""K4_nli_and_bypass_check"": 265.47900000878144, ""K5_decision"": 192.31779999972787}",2248
FACTURK-0103,YALAN,"[29892, 24013, 22773, 414, 30075, 9259, 11781, 27382, 16390, 2792, 27617, 20199, 6336, 9015, 9150, 2349, 27623, 20224, 12401, 6189]","[0.01024860143661499, 0.03004336729645729, 0.007431773468852043, 0.0010282108560204506, 0.0005614787805825472, 0.00011061159602832049, 0.00024536947603337467, 0.00037263770354911685, 0.0022694687359035015, 0.013480102643370628, 1.6964426322374493e-05, 0.001536727068014443, 0.028114058077335358, 0.0029810327105224133, 0.19269122183322906, 1.9833367332466878e-05, 1.67014204635052e-05, 0.0002131875662598759, 1.6061610949691385e-05, 1.7778551409719512e-05]","[0.000722288154065609, 0.9973857998847961, 0.0018918581772595644]","[0.000722288154065609, 0.9973857998847961, 0.0018918581772595644]",False,YETERSİZ VERİ,RET,True,False,1188.0932000058237,"{""K1_input_and_readiness"": 0.05300001066643745, ""K7_context"": 0.001200009137392044, ""K1_normalization"": 0.010400006431154907, ""K6_advisory"": 12.060799999744631, ""K1_intent"": 0.04449998959898949, ""K2_retrieval"": 179.76280000584666, ""K3_reranker"": 79.60979999916162, ""K8_weighted_ranking"": 1.375499996356666, ""K3_candidate_filters"": 6.785699995816685, ""K9_advisory_consensus"": 0.009199997293762863, ""K4_nli_and_bypass_check"": 461.55589999398217, ""K5_decision"": 443.34410000010394}",9150
FACTURK-0104,DOĞRU,"[28325, 9150, 2858, 15787, 1701, 16063, 28685, 27894, 9755, 7256, 25225, 8685, 19827, 487, 8821, 25228, 25169, 24184, 13541, 9220]","[0.9972099661827087, 0.004520817659795284, 2.265035072923638e-05, 0.00017536994710098952, 5.783766391687095e-05, 0.0003150386910419911, 0.0007293288363143802, 0.0001015038214973174, 0.002992665395140648, 9.83811987680383e-05, 0.00010472556459717453, 4.365878339740448e-05, 0.00026530236937105656, 0.0033766122069209814, 1.6964426322374493e-05, 0.00031258779927156866, 3.321419353596866e-05, 7.662102143513039e-05, 0.0024438868276774883, 2.178264912799932e-05]","[0.0006875580875203013, 0.00042608153307810426, 0.9988864064216614]","[0.0006875580875203013, 0.00042608153307810426, 0.9988864064216614]",False,DOĞRU,ONAY,False,False,385.2726999903098,"{""K1_input_and_readiness"": 0.07000000914558768, ""K7_context"": 0.0017999991541728377, ""K1_normalization"": 0.011900003300979733, ""K6_advisory"": 13.570299997809343, ""K1_intent"": 0.03880000440403819, ""K2_retrieval"": 170.10590000427328, ""K3_reranker"": 80.97860000270884, ""K8_weighted_ranking"": 1.302899996517226, ""K3_candidate_filters"": 7.1047999954316765, ""K9_advisory_consensus"": 0.010200004908256233, ""K4_nli_and_bypass_check"": 70.46859999536537, ""K5_decision"": 37.09669999079779}",28325
FACTURK-0105,DOĞRU,"[3215, 4751, 5074, 4982, 26716, 724, 5319, 2513, 20978, 21335, 28628, 4747, 5443, 26355, 19003, 12868, 811, 16904, 15143, 28799]","[0.03185885399580002, 0.0009735437924973667, 1.6442494597868063e-05, 0.008813166059553623, 0.003854363691061735, 0.0009436192340217531, 0.012431650422513485, 0.037256766110658646, 1.6314539607265033e-05, 1.8200149497715756e-05, 8.614650869276375e-05, 1.683241134742275e-05, 0.0011740821646526456, 0.0018602986820042133, 1.922317096614279e-05, 0.0018895388348028064, 2.318747829122003e-05, 2.161314114346169e-05, 0.000347345310728997, 1.6187581422855146e-05]","[0.3024819791316986, 0.6267817616462708, 0.07073622196912766]","[0.3024819791316986, 0.6267817616462708, 0.07073622196912766]",False,YETERSİZ VERİ,RET,True,False,666.8783000059193,"{""K1_input_and_readiness"": 0.058599995099939406, ""K7_context"": 0.0020000006770715117, ""K1_normalization"": 0.010299991117790341, ""K6_advisory"": 12.420400002156384, ""K1_intent"": 0.031100003980100155, ""K2_retrieval"": 143.5491999873193, ""K3_reranker"": 82.42839999729767, ""K8_weighted_ranking"": 2.688199994736351, ""K3_candidate_filters"": 11.85809999878984, ""K9_advisory_consensus"": 0.01829999382607639, ""K4_nli_and_bypass_check"": 247.262499993667, ""K5_decision"": 160.24510000715964}",26355
FACTURK-0106,DOĞRU,"[12007, 13023, 9834, 25539, 9712, 28640, 10508, 19824, 27371, 25485, 12260, 2779, 23508, 23361, 30163, 27629, 4093, 741, 12846, 18353]","[0.02044939436018467, 0.005260852165520191, 0.00044770087697543204, 0.0007702931761741638, 0.003403005190193653, 0.005220125429332256, 0.0009436192340217531, 0.00021824207215104252, 0.00019411319226492196, 6.976470467634499e-05, 0.0326513797044754, 0.0025016965810209513, 0.003869391046464443, 0.009196552447974682, 0.0006047102506272495, 0.0024438868276774883, 0.0002959570847451687, 1.6187581422855146e-05, 8.284655632451177e-05, 0.0002824080875143409]","[0.8228372931480408, 0.1749357283115387, 0.002226985991001129]","[0.8228372931480408, 0.1749357283115387, 0.002226985991001129]",False,DOĞRU,ONAY,False,False,733.3576999953948,"{""K1_input_and_readiness"": 0.06359998951666057, ""K7_context"": 0.0022000021999701858, ""K1_normalization"": 0.011099997209385037, ""K6_advisory"": 17.97200000146404, ""K1_intent"": 0.0594000011915341, ""K2_retrieval"": 178.54770000849385, ""K3_reranker"": 111.98359999980312, ""K8_weighted_ranking"": 1.3903000071877614, ""K3_candidate_filters"": 7.6310000004014, ""K9_advisory_consensus"": 0.016700010746717453, ""K4_nli_and_bypass_check"": 216.68090000457596, ""K5_decision"": 193.87790000473615}",12260
FACTURK-0107,YALAN,"[10932, 13808, 20021, 1805, 8953, 8419, 14052, 11576, 9477, 25320, 1774, 15888, 11234, 15457, 11780, 16309, 20770, 9761, 11298, 9319]","[0.9984391331672668, 0.9657061100006104, 0.412234365940094, 0.15304215252399445, 0.7828285694122314, 0.9725714921951294, 0.9965029954910278, 0.9913892149925232, 0.9963357448577881, 0.5845083594322205, 0.9949396848678589, 0.9985730648040771, 0.4371025562286377, 0.3936763405799866, 0.9647224545478821, 0.9961004257202148, 0.6088847517967224, 0.19544048607349396, 0.1368389129638672, 0.8677098155021667]","[6.891995872138068e-05, 0.999466598033905, 0.00046458703582175076]","[6.891995872138068e-05, 0.999466598033905, 0.00046458703582175076]",False,YETERSİZ VERİ,RET,True,False,530.7854000129737,"{""K1_input_and_readiness"": 0.1109000004362315, ""K7_context"": 0.002900007530115545, ""K1_normalization"": 0.02099999983329326, ""K6_advisory"": 17.394399998011068, ""K1_intent"": 0.04780000017490238, ""K2_retrieval"": 243.72819998825435, ""K3_reranker"": 169.0500999975484, ""K8_weighted_ranking"": 2.9242000018712133, ""K3_candidate_filters"": 12.360100008663721, ""K9_advisory_consensus"": 0.013500000932253897, ""K4_nli_and_bypass_check"": 77.45430000068154, ""K5_decision"": 0.3166999958921224}",15888
FACTURK-0108,DOĞRU,"[9220, 2858, 1701, 9150, 15787, 27883, 25169, 3315, 18570, 25225, 16150, 6704, 25228, 29106, 21007, 487, 24869, 27219, 4693, 2158]","[0.9987106323242188, 0.0001476803736295551, 0.003285833168774843, 0.005469274241477251, 0.00048406238784082234, 0.010368157178163528, 0.008445626124739647, 0.001495338510721922, 3.3474691008450463e-05, 0.002693914109840989, 0.01912403479218483, 0.009898064658045769, 0.003991728648543358, 0.001838665222749114, 0.0006667023408226669, 0.0001956353517016396, 0.011115013621747494, 8.682210318511352e-05, 0.01609087362885475, 0.0028449096716940403]","[0.0008330723503604531, 0.0016632466576993465, 0.9975036978721619]","[0.0008330723503604531, 0.0016632466576993465, 0.9975036978721619]",False,YETERSİZ VERİ,KISMI,True,False,496.67090000002645,"{""K1_input_and_readiness"": 0.06919998850207776, ""K7_context"": 0.0020000006770715117, ""K1_normalization"": 0.013999990187585354, ""K6_advisory"": 29.180099998484366, ""K1_intent"": 0.09080000745598227, ""K2_retrieval"": 265.09029998851474, ""K3_reranker"": 62.98969998897519, ""K8_weighted_ranking"": 1.3949999993201345, ""K3_candidate_filters"": 7.431100006215274, ""K9_advisory_consensus"": 0.009300012607127428, ""K4_nli_and_bypass_check"": 75.99820000177715, ""K5_decision"": 49.21460000332445}",9220
FACTURK-0109,YALAN,"[13220, 8807, 15694, 26380, 21965, 13354, 3100, 24417, 21875, 19679, 23049, 26924, 1942, 25868, 4037, 6246, 21409, 20596, 13161, 9934]","[1.967902426258661e-05, 1.7366719475830905e-05, 0.0005378763889893889, 3.1201914680423215e-05, 1.892514956125524e-05, 1.7231572201126255e-05, 2.3369333575828932e-05, 1.657145367062185e-05, 1.6061610949691385e-05, 2.977311669383198e-05, 1.6314539607265033e-05, 0.00016093082376755774, 2.908344322349876e-05, 0.00037555923336185515, 1.6187581422855146e-05, 0.00013658353418577462, 2.3737338779028505e-05, 1.6187581422855146e-05, 1.7097478121286258e-05, 0.00012830943160224706]","[0.9992595314979553, 0.0005141444271430373, 0.00022637471556663513]","[0.9992595314979553, 0.0005141444271430373, 0.00022637471556663513]",False,YETERSİZ VERİ,KISMI,True,False,1014.0964000020176,"{""K1_input_and_readiness"": 0.0695999915478751, ""K7_context"": 0.0012999953469261527, ""K1_normalization"": 0.011900003300979733, ""K6_advisory"": 15.741700000944547, ""K1_intent"": 0.0405999890062958, ""K2_retrieval"": 182.03199999697972, ""K3_reranker"": 63.36879999435041, ""K8_weighted_ranking"": 1.6021000046748668, ""K3_candidate_filters"": 9.440599998924881, ""K9_advisory_consensus"": 0.01789999078027904, ""K4_nli_and_bypass_check"": 346.3179999962449, ""K5_decision"": 390.0490000087302}",13354
FACTURK-0110,YALAN,"[8785, 28800, 6952, 1988, 24966, 26562, 26315, 28404, 17245, 10626, 1769, 17785, 1101, 28003, 15196, 22127, 7864, 8942, 13551, 26929]","[3.4808123018592596e-05, 2.710879925871268e-05, 1.6964426322374493e-05, 0.00040290519245900214, 0.0011786719551309943, 0.01590639166533947, 0.0005815576296299696, 5.3075080359121785e-05, 0.00010720880527514964, 1.7917987861437723e-05, 8.481103577651083e-05, 0.0018315099878236651, 0.004198795650154352, 4.94715895911213e-05, 0.008745181374251842, 2.526822754589375e-05, 0.00041568948654457927, 1.6442494597868063e-05, 0.0001511819864390418, 1.7640199075685814e-05]","[0.9989712238311768, 0.0008811943116597831, 0.00014755025040358305]","[0.9989712238311768, 0.0008811943116597831, 0.00014755025040358305]",False,YALAN,RED,False,False,884.785300004296,"{""K1_input_and_readiness"": 0.09280000813305378, ""K7_context"": 0.0027999922167509794, ""K1_normalization"": 0.016200006939470768, ""K6_advisory"": 15.578399994410574, ""K1_intent"": 0.038700003642588854, ""K2_retrieval"": 178.36210000677966, ""K3_reranker"": 141.46690000779927, ""K8_weighted_ranking"": 2.065100008621812, ""K3_candidate_filters"": 8.604799993918277, ""K9_advisory_consensus"": 0.008699993486516178, ""K4_nli_and_bypass_check"": 285.6010999967111, ""K5_decision"": 249.4957000017166}",26562
FACTURK-0111,DOĞRU,"[19374, 23565, 13414, 13448, 18623, 19058, 6292, 24903, 3491, 27826, 22130, 21229, 17084, 6499, 8180, 24963, 28850, 17022, 6683, 17751]","[3.1941821362124756e-05, 0.003456409554928541, 0.0016809417866170406, 0.008745181374251842, 0.005490562878549099, 0.0007733057136647403, 0.01750955730676651, 0.0020667945500463247, 0.008412977680563927, 0.0004494523163884878, 2.818866414600052e-05, 0.015189048834145069, 0.0009622126235626638, 0.00025118677876889706, 0.004773722495883703, 2.178264912799932e-05, 1.657145367062185e-05, 0.00011501735571073368, 0.00046371284406632185, 0.009596454910933971]","[0.045471590012311935, 0.9460012912750244, 0.008527186699211597]","[0.045471590012311935, 0.9460012912750244, 0.008527186699211597]",False,YETERSİZ VERİ,RET,True,False,610.2491000056034,"{""K1_input_and_readiness"": 0.08990000060293823, ""K7_context"": 0.0017999991541728377, ""K1_normalization"": 0.009199997293762863, ""K6_advisory"": 16.772799994214438, ""K1_intent"": 0.03999999898951501, ""K2_retrieval"": 154.24740000162274, ""K3_reranker"": 126.64180000138003, ""K8_weighted_ranking"": 1.9295999954920262, ""K3_candidate_filters"": 7.212900003651157, ""K9_advisory_consensus"": 0.01069999416358769, ""K4_nli_and_bypass_check"": 173.50999999325722, ""K5_decision"": 125.88819999655243}",24903
FACTURK-0112,YALAN,"[732, 9150, 1759, 21500, 6704, 21169, 3897, 28629, 28685, 12189, 16889, 1272, 29881, 25455, 1701, 29599, 29403, 22218, 24664, 28014]","[0.014063628390431404, 0.00034464316559024155, 0.0003640086797531694, 0.0004124558763578534, 3.3474691008450463e-05, 0.001048469333909452, 0.0003077430883422494, 0.004718369338661432, 0.001604089280590415, 0.002790037775412202, 1.6061610949691385e-05, 0.009232213720679283, 0.000810387369710952, 3.144662332488224e-05, 2.732141365413554e-05, 8.092757343547419e-05, 0.0008969392511062324, 0.00220838887616992, 2.2827996872365475e-05, 0.0005357805639505386]","[0.009205576963722706, 0.9879091382026672, 0.002885370282456279]","[0.009205576963722706, 0.9879091382026672, 0.002885370282456279]",False,YETERSİZ VERİ,RET,True,False,847.2257999965223,"{""K1_input_and_readiness"": 0.05610000516753644, ""K7_context"": 0.001200009137392044, ""K1_normalization"": 0.010200004908256233, ""K6_advisory"": 12.957400002051145, ""K1_intent"": 0.03609999839682132, ""K2_retrieval"": 193.02609999431297, ""K3_reranker"": 66.82809999620076, ""K8_weighted_ranking"": 1.3218000094639137, ""K3_candidate_filters"": 6.887199997436255, ""K9_advisory_consensus"": 0.008699993486516178, ""K4_nli_and_bypass_check"": 297.14499998954125, ""K5_decision"": 265.56619998882525}",1272
FACTURK-0113,YALAN,"[19837, 2541, 4795, 3161, 19953, 18085, 6925, 13875, 27180, 17697, 23531, 8749, 10137, 1938, 29858, 23264, 23314, 18938, 19311, 7248]","[0.9930152893066406, 0.0011649561347439885, 0.0004108485300093889, 0.0002269338583573699, 0.0002492325147613883, 0.000628784007858485, 8.481103577651083e-05, 0.0003225071995984763, 3.0006618544575758e-05, 6.922183820279315e-05, 0.009633651934564114, 6.156764720799401e-05, 0.0002234163403045386, 0.0014664583140984178, 7.031184941297397e-05, 8.156224066624418e-05, 0.0015011823270469904, 0.0005254230927675962, 0.0006641048239544034, 0.0003275842755101621]","[0.0013873795978724957, 0.0008236023131757975, 0.9977890253067017]","[0.0013873795978724957, 0.0008236023131757975, 0.9977890253067017]",False,YALAN,UYARI,False,False,476.46080001140945,"{""K1_input_and_readiness"": 0.06350000330712646, ""K7_context"": 0.0015999976312741637, ""K1_normalization"": 0.01200000406242907, ""K6_advisory"": 13.639800003147684, ""K1_intent"": 0.04650000482797623, ""K2_retrieval"": 165.59499999857508, ""K3_reranker"": 67.37879999855068, ""K8_weighted_ranking"": 1.2515999987954274, ""K3_candidate_filters"": 5.930900006205775, ""K9_advisory_consensus"": 0.008000002708286047, ""K4_nli_and_bypass_check"": 113.90680000477005, ""K5_decision"": 104.6652999939397}",19837
FACTURK-0114,DOĞRU,"[21058, 19866, 2337, 19816, 5659, 4149, 24834, 5621, 5023, 27522, 7724, 22552, 17876, 2984, 926, 10358, 8749, 28547, 14871, 18561]","[0.0012594986474141479, 7.905303937150165e-05, 1.967902426258661e-05, 0.004905405919998884, 0.02655657008290291, 8.750300185056403e-05, 1.6187581422855146e-05, 0.0001344663032796234, 0.0010362669127061963, 0.00042223287164233625, 0.02595735713839531, 0.000609450158663094, 0.000628784007858485, 0.0011649561347439885, 0.0007554056355729699, 0.0010775026166811585, 9.7615658887662e-05, 8.547616744181141e-05, 0.0005838325014337897, 0.00044770087697543204]","[0.0046638380736112595, 0.9934332370758057, 0.0019028530223295093]","[0.0046638380736112595, 0.9934332370758057, 0.0019028530223295093]",False,YALAN,UYARI,False,False,318.77120000717696,"{""K1_input_and_readiness"": 0.0577000027988106, ""K7_context"": 0.0015999976312741637, ""K1_normalization"": 0.011299998732283711, ""K6_advisory"": 18.41689999855589, ""K1_intent"": 0.03919999289792031, ""K2_retrieval"": 163.70080001070164, ""K3_reranker"": 92.05629999632947, ""K8_weighted_ranking"": 1.2990999966859818, ""K3_candidate_filters"": 8.03989999985788, ""K9_advisory_consensus"": 0.008700008038431406, ""K4_nli_and_bypass_check"": 30.31209998880513, ""K5_decision"": 0.334399999701418}",5659
FACTURK-0115,DOĞRU,"[20266, 26089, 10902, 17922, 12330, 15962, 11125, 18561, 18311, 10444, 21954, 28144, 3451, 4964, 30084, 18809, 5342, 24615, 29138, 27522]","[0.22084616124629974, 0.014281935058534145, 0.007204769179224968, 0.006338921841233969, 0.0018602986820042133, 0.0035243413876742125, 0.0360160693526268, 0.004773722495883703, 0.03941638767719269, 0.001597845577634871, 1.9073577277595177e-05, 0.07211220264434814, 0.008030813187360764, 0.00017813112935982645, 0.0005193048855289817, 0.0016875095898285508, 3.8229114579735324e-05, 1.657145367062185e-05, 0.001377732609398663, 6.156764720799401e-05]","[0.9651908874511719, 0.03161478042602539, 0.0031943651847541332]","[0.9651908874511719, 0.03161478042602539, 0.0031943651847541332]",False,DOĞRU,ONAY,False,False,717.2782999987248,"{""K1_input_and_readiness"": 0.05780000356025994, ""K7_context"": 0.0018999999156221747, ""K1_normalization"": 0.011800002539530396, ""K6_advisory"": 12.783799989847466, ""K1_intent"": 0.03410001227166504, ""K2_retrieval"": 166.74600000260398, ""K3_reranker"": 82.7444999886211, ""K8_weighted_ranking"": 1.2084999907528982, ""K3_candidate_filters"": 6.893700003274716, ""K9_advisory_consensus"": 0.009099996532313526, ""K4_nli_and_bypass_check"": 233.015300007537, ""K5_decision"": 210.12370000244118}",20266
FACTURK-0116,DOĞRU,"[6336, 12150, 426, 28690, 12063, 12400, 1945, 3579, 3236, 21827, 9755, 26895, 2244, 7669, 26748, 2496, 17820, 25127, 11846, 14091]","[0.0007885457598604262, 0.004848532844334841, 0.09653531759977341, 0.0018243826925754547, 0.0008525666198693216, 0.00038747614598833025, 0.0005658799782395363, 0.00016474656877107918, 0.0015070488443598151, 0.0007236572564579546, 0.0009659748757258058, 0.00017265156202483922, 0.22000710666179657, 0.04760265722870827, 0.003403005190193653, 5.694102947018109e-05, 0.0018969200318679214, 8.888084994396195e-05, 0.0018748616566881537, 6.657015910604969e-05]","[0.0006464907201007009, 0.9978474378585815, 0.0015060745645314455]","[0.0006464907201007009, 0.9978474378585815, 0.0015060745645314455]",False,YALAN,UYARI,False,False,684.8859999881824,"{""K1_input_and_readiness"": 0.045200009481050074, ""K7_context"": 0.001300009898841381, ""K1_normalization"": 0.008799994247965515, ""K6_advisory"": 12.49140000436455, ""K1_intent"": 0.0337999954354018, ""K2_retrieval"": 171.25600000144914, ""K3_reranker"": 104.2312000063248, ""K8_weighted_ranking"": 1.290200001676567, ""K3_candidate_filters"": 6.335800004308112, ""K9_advisory_consensus"": 0.008499991963617504, ""K4_nli_and_bypass_check"": 202.20479999261443, ""K5_decision"": 183.61570000706706}",2244
FACTURK-0117,DOĞRU,"[20071, 27096, 2761, 22185, 6059, 331, 25962, 1733, 27189, 5366, 6967, 15691, 7705, 25433, 29017, 18686, 9627, 3036, 14351, 24780]","[0.9932025074958801, 0.0009039677679538727, 0.000317508791340515, 0.0001387341326335445, 0.0007124459953047335, 0.00013552077871281654, 1.8342892872169614e-05, 5.34913269802928e-05, 1.6314539607265033e-05, 1.67014204635052e-05, 1.6187581422855146e-05, 0.0003150386910419911, 0.002191240666434169, 1.657145367062185e-05, 2.0623421733034775e-05, 1.6061610949691385e-05, 1.6442494597868063e-05, 8.156224066624418e-05, 3.426849070820026e-05, 0.002822832902893424]","[0.00046123474021442235, 0.0014529742766171694, 0.9980858564376831]","[0.00046123474021442235, 0.0014529742766171694, 0.9980858564376831]",False,DOĞRU,ONAY,False,False,513.833799996064,"{""K1_input_and_readiness"": 0.041799998143687844, ""K7_context"": 0.0012999953469261527, ""K1_normalization"": 0.009099996532313526, ""K6_advisory"": 9.874299998045899, ""K1_intent"": 0.03789999755099416, ""K2_retrieval"": 119.32519999390934, ""K3_reranker"": 73.52830001036637, ""K8_weighted_ranking"": 1.7296000005444512, ""K3_candidate_filters"": 7.96220000484027, ""K9_advisory_consensus"": 0.008499991963617504, ""K4_nli_and_bypass_check"": 175.53880000195932, ""K5_decision"": 121.51379999704659}",20071
FACTURK-0118,DOĞRU,"[12525, 8519, 8536, 10887, 16736, 23462, 13426, 15243, 2814, 23756, 8054, 11311, 18134, 22510, 15135, 20500, 10724, 25495, 3233, 6926]","[0.0010733063099905849, 3.269927037763409e-05, 0.0026419467758387327, 2.93115390377352e-05, 0.0017073675990104675, 0.0018602986820042133, 0.0003583672805689275, 1.6061610949691385e-05, 1.6442494597868063e-05, 1.7917987861437723e-05, 0.00043904531048610806, 2.030369250860531e-05, 0.00027372167096473277, 1.7231572201126255e-05, 1.6442494597868063e-05, 3.1941821362124756e-05, 0.0005053045460954309, 2.4682904040673748e-05, 1.7097478121286258e-05, 1.6061610949691385e-05]","[0.01880861632525921, 0.9770232439041138, 0.004168178886175156]","[0.01880861632525921, 0.9770232439041138, 0.004168178886175156]",False,YETERSİZ VERİ,RET,True,False,376.4339000044856,"{""K1_input_and_readiness"": 0.06429999484680593, ""K7_context"": 0.0017999991541728377, ""K1_normalization"": 0.01170000177808106, ""K6_advisory"": 14.740900005563162, ""K1_intent"": 0.052499992307275534, ""K2_retrieval"": 200.94999999855645, ""K3_reranker"": 117.43129999376833, ""K8_weighted_ranking"": 1.4421999949263409, ""K3_candidate_filters"": 7.823199994163588, ""K9_advisory_consensus"": 0.018700011423788965, ""K4_nli_and_bypass_check"": 30.199200002243742, ""K5_decision"": 0.4278999986127019}",13426
FACTURK-0119,YALAN,"[2797, 4622, 17381, 24566, 27689, 19461, 13478, 8181, 27635, 25914, 24609, 23054, 4652, 6688, 7592, 19995, 17586, 17635, 17407, 14534]","[0.8028648495674133, 0.019908789545297623, 0.012194132432341576, 0.007289077155292034, 0.010986941866576672, 0.0003905139456037432, 2.5466406441410072e-05, 0.007968815043568611, 0.0004728544445242733, 0.00407013762742281, 0.00013552077871281654, 0.2705765664577484, 0.009055263362824917, 0.0011291546979919076, 0.7367795705795288, 0.03155902028083801, 0.0033766122069209814, 1.9073577277595177e-05, 1.6314539607265033e-05, 0.004331501666456461]","[0.026079224422574043, 0.9347139596939087, 0.039206940680742264]","[0.026079224422574043, 0.9347139596939087, 0.039206940680742264]",False,YALAN,UYARI,False,False,804.4093000062276,"{""K1_input_and_readiness"": 0.06790000770706683, ""K7_context"": 0.001400010660290718, ""K1_normalization"": 0.010000003385357559, ""K6_advisory"": 18.85720000427682, ""K1_intent"": 0.03950000973418355, ""K2_retrieval"": 209.81670000765007, ""K3_reranker"": 69.76420000137296, ""K8_weighted_ranking"": 2.704500002437271, ""K3_candidate_filters"": 7.1013999986462295, ""K9_advisory_consensus"": 0.009800001862458885, ""K4_nli_and_bypass_check"": 257.66139999905135, ""K5_decision"": 234.56470000382978}",2797
FACTURK-0120,YALAN,"[21914, 2660, 9786, 10461, 18561, 17523, 29174, 3460, 13847, 10902, 29281, 28144, 5617, 14231, 11058, 19307, 18134, 2107, 25449, 2734]","[0.25330647826194763, 0.01615283451974392, 0.0006142272031866014, 5.391084778239019e-05, 0.002378123812377453, 1.805851934477687e-05, 0.004248078912496567, 0.005980330519378185, 0.00028462239424698055, 0.00019871552649419755, 0.0011972112115472555, 0.02186455763876438, 0.034293949604034424, 0.03934250399470329, 0.005774929653853178, 0.00013658353418577462, 0.00014653129619546235, 0.00017536994710098952, 0.0009510130621492863, 0.0011559007689356804]","[0.0027623195201158524, 0.9834538698196411, 0.013783780857920647]","[0.0027623195201158524, 0.9834538698196411, 0.013783780857920647]",False,YALAN,UYARI,False,False,320.7426000008127,"{""K1_input_and_readiness"": 0.05339999916031957, ""K7_context"": 0.0013999961083754897, ""K1_normalization"": 0.010200004908256233, ""K6_advisory"": 14.580099988961592, ""K1_intent"": 0.03999999898951501, ""K2_retrieval"": 176.94199999095872, ""K3_reranker"": 90.65860000555404, ""K8_weighted_ranking"": 1.208100002259016, ""K3_candidate_filters"": 5.909500003326684, ""K9_advisory_consensus"": 0.00790000194683671, ""K4_nli_and_bypass_check"": 27.64509999542497, ""K5_decision"": 0.14910000027157366}",21914
FACTURK-0121,YALAN,"[18398, 16187, 12851, 3956, 14723, 22249, 26154, 14226, 5185, 13967, 4224, 28245, 3289, 15763, 20781, 29239, 14568, 510, 24071, 3213]","[0.003854363691061735, 0.05749328061938286, 0.003736220533028245, 0.06608537584543228, 0.0002415662893326953, 0.00220838887616992, 0.0009697519708424807, 0.002580904169008136, 0.0038244836032390594, 0.0015247863484546542, 0.0007554056355729699, 0.004331501666456461, 0.0004565269045997411, 2.1112482500029728e-05, 0.13695430755615234, 0.002243087626993656, 0.0030994154512882233, 0.00033274127054028213, 2.6688529032981023e-05, 0.006338921841233969]","[0.000926380802411586, 0.9981983304023743, 0.0008753683068789542]","[0.000926380802411586, 0.9981983304023743, 0.0008753683068789542]",False,YETERSİZ VERİ,RET,True,False,2234.5709999935934,"{""K1_input_and_readiness"": 0.15600000915583223, ""K7_context"": 0.0021000014385208488, ""K1_normalization"": 0.01790000533219427, ""K6_advisory"": 20.92629999970086, ""K1_intent"": 0.1292000088142231, ""K2_retrieval"": 275.4285999981221, ""K3_reranker"": 121.13359999784734, ""K8_weighted_ranking"": 1.4832000015303493, ""K3_candidate_filters"": 8.810799990897067, ""K9_advisory_consensus"": 0.009700001101009548, ""K4_nli_and_bypass_check"": 1065.1622000004863, ""K5_decision"": 736.4091999916127}",20781
FACTURK-0122,YALAN,"[5659, 19997, 487, 12539, 28685, 8347, 29240, 15780, 1499, 438, 5898, 19237, 23508, 25228, 28547, 16150, 15874, 22218, 19258, 14277]","[0.24762336909770966, 0.28746768832206726, 0.009449081495404243, 0.010735162533819675, 0.03061777912080288, 0.0039454069919884205, 0.015306354500353336, 0.0006337125087156892, 0.004038591403514147, 0.04328484088182449, 0.07490526884794235, 0.04146226868033409, 0.00220838887616992, 0.05023736134171486, 0.009161027148365974, 0.03339982032775879, 0.002182716503739357, 0.02076473832130432, 0.0007947254925966263, 0.012527932412922382]","[0.0028889738023281097, 0.9949557185173035, 0.0021553058177232742]","[0.0028889738023281097, 0.9949557185173035, 0.0021553058177232742]",False,YALAN,UYARI,False,False,464.1200000041863,"{""K1_input_and_readiness"": 0.07910000567790121, ""K7_context"": 0.0017999991541728377, ""K1_normalization"": 0.014000004739500582, ""K6_advisory"": 13.602799997897819, ""K1_intent"": 0.042400002712383866, ""K2_retrieval"": 228.70600000896957, ""K3_reranker"": 178.9450000069337, ""K8_weighted_ranking"": 1.5826000017113984, ""K3_candidate_filters"": 6.175600006827153, ""K9_advisory_consensus"": 0.008200004231184721, ""K4_nli_and_bypass_check"": 31.225099999574013, ""K5_decision"": 0.18670001009013504}",19997
FACTURK-0123,DOĞRU,"[23273, 3595, 6312, 8760, 22931, 7032, 10651, 12598, 29890, 7694, 12279, 27743, 22326, 30030, 571, 26607, 24237, 21563, 17713, 19144]","[0.00013658353418577462, 5.2662067901110277e-05, 4.794958294951357e-05, 1.6187581422855146e-05, 0.00034329999471083283, 0.00028685410507023335, 0.0004784255870617926, 7.602479308843613e-05, 4.469407213036902e-05, 5.920916373725049e-05, 0.00015720345254521817, 2.1112482500029728e-05, 1.6964426322374493e-05, 1.8777873265207745e-05, 0.0002959570847451687, 0.0007350447704084218, 1.6061610949691385e-05, 1.9373936083866283e-05, 1.6314539607265033e-05, 2.526822754589375e-05]","[0.8760941028594971, 0.10246050357818604, 0.02144545130431652]","[0.8760941028594971, 0.10246050357818604, 0.02144545130431652]",False,YALAN,RED,False,False,924.312999995891,"{""K1_input_and_readiness"": 0.051099996198900044, ""K7_context"": 0.0014999968698248267, ""K1_normalization"": 0.010499992640689015, ""K6_advisory"": 13.978700008010492, ""K1_intent"": 0.05629999213851988, ""K2_retrieval"": 170.95860000699759, ""K3_reranker"": 110.9394999948563, ""K8_weighted_ranking"": 1.2897999986307696, ""K3_candidate_filters"": 7.075500005157664, ""K9_advisory_consensus"": 0.008899995009414852, ""K4_nli_and_bypass_check"": 291.9426000007661, ""K5_decision"": 323.58330000715796}",26607
FACTURK-0124,YALAN,"[28347, 25127, 11667, 9150, 1701, 15787, 27602, 25225, 3315, 2858, 26587, 4693, 2993, 24956, 4991, 2893, 15238, 970, 6286, 27181]","[0.08254930377006531, 0.03608394414186478, 0.07821886986494064, 0.02029348537325859, 0.00039357561036013067, 0.0011879054363816977, 3.975192521465942e-05, 0.0017007222631946206, 0.004331501666456461, 0.00017536994710098952, 0.10781263560056686, 0.13398075103759766, 0.02822098508477211, 0.0008899655076675117, 0.08434179425239563, 8.349628478754312e-05, 0.0007613258203491569, 0.04594821110367775, 0.0008761798962950706, 0.000191104321856983]","[0.9928004741668701, 0.006502647418528795, 0.000696847215294838]","[0.9928004741668701, 0.006502647418528795, 0.000696847215294838]",False,DOĞRU,ONAY,False,False,677.4962000054074,"{""K1_input_and_readiness"": 0.1281000004382804, ""K7_context"": 0.0024000037228688598, ""K1_normalization"": 0.017999991541728377, ""K6_advisory"": 16.008999999030493, ""K1_intent"": 0.04069998976774514, ""K2_retrieval"": 161.12150000117254, ""K3_reranker"": 72.4737999989884, ""K8_weighted_ranking"": 1.5824000001884997, ""K3_candidate_filters"": 7.308699990971945, ""K9_advisory_consensus"": 0.01619999238755554, ""K4_nli_and_bypass_check"": 210.97739999822807, ""K5_decision"": 203.35899999190588}",4693
FACTURK-0125,DOĞRU,"[12715, 28144, 16369, 23188, 20266, 11125, 21027, 3444, 27136, 7336, 3104, 12864, 14737, 22914, 2720, 26306, 17727, 9756, 5023, 8897]","[0.9997950196266174, 0.01808999478816986, 0.00018814207578543574, 0.0003770285693462938, 0.0017140384297817945, 0.0487670972943306, 2.7751651941798627e-05, 1.6061610949691385e-05, 0.004038591403514147, 0.00012632041762117296, 0.0001195985751110129, 0.012100386433303356, 0.0001740054285619408, 0.0008295892039313912, 0.00042887922609224916, 0.0029008574783802032, 0.0008559006964787841, 1.6061610949691385e-05, 0.0017140384297817945, 0.000437334441812709]",null,"[0.0, 0.0, 1.0]",True,DOĞRU,ONAY,False,False,286.6494999907445,"{""K1_input_and_readiness"": 0.0692999892635271, ""K7_context"": 0.0018999999156221747, ""K1_normalization"": 0.01170000177808106, ""K6_advisory"": 19.40699999977369, ""K1_intent"": 0.043499996536411345, ""K2_retrieval"": 184.99900000460912, ""K3_reranker"": 69.56420000642538, ""K8_weighted_ranking"": 1.5568999951938167, ""K3_candidate_filters"": 6.4574999996693805, ""K9_advisory_consensus"": 0.008999995770864189, ""K4_nli_and_bypass_check"": 0.2825999981723726, ""K5_decision"": 0.324500011629425}",12715
FACTURK-0126,DOĞRU,"[9119, 19662, 12802, 20628, 23230, 13644, 10667, 15235, 13820, 12688, 11874, 19458, 24165, 21520, 16384, 15033, 676, 1561, 25659, 5958]","[0.6952345967292786, 0.7490872144699097, 6.452214438468218e-05, 1.967902426258661e-05, 0.05174953490495682, 0.00028462239424698055, 0.002736221067607403, 0.024283869192004204, 2.161314114346169e-05, 0.0013198634842410684, 2.526822754589375e-05, 3.1941821362124756e-05, 1.9073577277595177e-05, 0.0015307451831176877, 7.722192094661295e-05, 2.2827996872365475e-05, 0.010408313944935799, 1.6061610949691385e-05, 1.805851934477687e-05, 1.6442494597868063e-05]","[0.0011961470590904355, 0.9959678649902344, 0.002835978055372834]","[0.0011961470590904355, 0.9959678649902344, 0.002835978055372834]",False,YETERSİZ VERİ,RET,True,False,623.0959999957122,"{""K1_input_and_readiness"": 0.05809999129269272, ""K7_context"": 0.0016999983927235007, ""K1_normalization"": 0.012899996363557875, ""K6_advisory"": 24.47240000765305, ""K1_intent"": 0.03480000304989517, ""K2_retrieval"": 168.01700000360142, ""K3_reranker"": 55.66059998818673, ""K8_weighted_ranking"": 1.4356000028783455, ""K3_candidate_filters"": 6.96579999930691, ""K9_advisory_consensus"": 0.01409999094903469, ""K4_nli_and_bypass_check"": 197.77590000012424, ""K5_decision"": 163.6002000013832}",19662
FACTURK-0127,YALAN,"[22334, 15341, 20747, 11303, 27978, 19084, 6377, 15693, 848, 17727, 13782, 10970, 26554, 24584, 14452, 6941, 17546, 29436, 25165, 25232]","[0.007204769179224968, 0.010902374982833862, 2.6688529032981023e-05, 1.67014204635052e-05, 1.6964426322374493e-05, 0.0006166297243908048, 0.002746900776401162, 2.7535690605873242e-05, 2.1444948288262822e-05, 0.02013874053955078, 0.0028449096716940403, 2.0462934116949327e-05, 2.6480842279852368e-05, 0.002511463360860944, 0.00032503585680387914, 0.00013135180051904172, 2.586742994026281e-05, 0.0020111582707613707, 7.782753527862951e-05, 1.6187581422855146e-05]","[0.39612075686454773, 0.5797392725944519, 0.02413993701338768]","[0.39612075686454773, 0.5797392725944519, 0.02413993701338768]",False,YETERSİZ VERİ,RET,True,False,2042.9082000046037,"{""K1_input_and_readiness"": 0.09099999442696571, ""K7_context"": 0.0015999976312741637, ""K1_normalization"": 0.019099999917671084, ""K6_advisory"": 30.729199992492795, ""K1_intent"": 0.16450000111944973, ""K2_retrieval"": 265.501799993217, ""K3_reranker"": 131.74270000308752, ""K8_weighted_ranking"": 1.3619999954244122, ""K3_candidate_filters"": 6.485699996119365, ""K9_advisory_consensus"": 0.008700008038431406, ""K4_nli_and_bypass_check"": 795.0717999920016, ""K5_decision"": 807.7407999953721}",6377
FACTURK-0128,DOĞRU,"[8680, 228, 18561, 21756, 13517, 27894, 96, 28795, 9959, 19966, 21222, 2959, 13315, 17823, 15487, 22331, 6193, 11158, 27629, 10508]","[0.009633651934564114, 0.00017536994710098952, 3.024195939360652e-05, 0.0002472934720572084, 1.6314539607265033e-05, 0.0003301527176517993, 0.0002396868512732908, 0.0020911062601953745, 1.7231572201126255e-05, 3.3474691008450463e-05, 1.6061610949691385e-05, 0.0024154833517968655, 1.683241134742275e-05, 0.00031015597051009536, 1.7366719475830905e-05, 3.4537253668531775e-05, 7.602479308843613e-05, 1.6061610949691385e-05, 6.108854722697288e-05, 6.60521473037079e-05]","[0.00728312274441123, 0.9880329370498657, 0.004684004932641983]","[0.00728312274441123, 0.9880329370498657, 0.004684004932641983]",False,YALAN,UYARI,False,False,1691.205800001626,"{""K1_input_and_readiness"": 0.21909999486524612, ""K7_context"": 0.005599998985417187, ""K1_normalization"": 0.034199998481199145, ""K6_advisory"": 31.630500001483597, ""K1_intent"": 0.08250000246334821, ""K2_retrieval"": 263.9705000037793, ""K3_reranker"": 220.86709999712184, ""K8_weighted_ranking"": 1.4393000019481406, ""K3_candidate_filters"": 7.182100001955405, ""K9_advisory_consensus"": 0.009199997293762863, ""K4_nli_and_bypass_check"": 499.3185000057565, ""K5_decision"": 660.625299991807}",8680
FACTURK-0129,DOĞRU,"[11814, 28243, 5061, 22700, 19300, 10694, 29456, 23336, 29285, 26836, 6641, 20444, 15658, 23030, 11854, 15946, 25457, 22441, 5263, 22144]","[0.011419613845646381, 0.011823395267128944, 5.829126530443318e-05, 0.000491681566927582, 1.7097478121286258e-05, 0.0004013350699096918, 0.00035281325108371675, 6.814872176619247e-05, 0.0002472934720572084, 1.8631746570463292e-05, 0.09401018172502518, 2.2827996872365475e-05, 0.0025708682369440794, 0.00035419364576227963, 1.6061610949691385e-05, 1.922317096614279e-05, 9.17019642656669e-05, 6.108854722697288e-05, 0.0017891592578962445, 2.411113746347837e-05]","[0.0044772569090127945, 0.9425792098045349, 0.052943505346775055]","[0.0044772569090127945, 0.9425792098045349, 0.052943505346775055]",False,YALAN,UYARI,False,False,979.9675000103889,"{""K1_input_and_readiness"": 0.08209999941755086, ""K7_context"": 0.0021999876480549574, ""K1_normalization"": 0.01440000778529793, ""K6_advisory"": 20.858600008068606, ""K1_intent"": 0.04030000127386302, ""K2_retrieval"": 185.078299997258, ""K3_reranker"": 92.77200000360608, ""K8_weighted_ranking"": 1.9181999959982932, ""K3_candidate_filters"": 6.263300005230121, ""K9_advisory_consensus"": 0.032199997804127634, ""K4_nli_and_bypass_check"": 359.529699999257, ""K5_decision"": 309.7735999908764}",29456
FACTURK-0130,DOĞRU,"[17587, 6553, 6386, 30163, 29080, 2875, 18172, 1507, 18297, 28419, 5998, 19345, 4885, 11565, 14040, 12587, 6760, 23936, 27355, 10076]","[0.0002415662893326953, 0.0006462032906711102, 0.0018602986820042133, 0.008950711227953434, 0.0036499870475381613, 0.0013885232619941235, 0.04107588902115822, 0.0020911062601953745, 0.005576545372605324, 0.045777276158332825, 0.0006487307837232947, 1.9833367332466878e-05, 4.400118632474914e-05, 9.028038039105013e-05, 0.006957608740776777, 0.0023141263518482447, 2.0785171727766283e-05, 0.0005233757547102869, 0.0011972112115472555, 0.00031258779927156866]","[0.051597144454717636, 0.9456888437271118, 0.0027139305602759123]","[0.051597144454717636, 0.9456888437271118, 0.0027139305602759123]",False,YALAN,UYARI,False,False,1014.0690999978688,"{""K1_input_and_readiness"": 0.06620000931434333, ""K7_context"": 0.001500011421740055, ""K1_normalization"": 0.01030000566970557, ""K6_advisory"": 13.53660000313539, ""K1_intent"": 0.055199998314492404, ""K2_retrieval"": 178.86010000074748, ""K3_reranker"": 94.74580000096466, ""K8_weighted_ranking"": 1.217900004121475, ""K3_candidate_filters"": 6.686799999442883, ""K9_advisory_consensus"": 0.00890000956133008, ""K4_nli_and_bypass_check"": 379.4335999991745, ""K5_decision"": 336.2537000066368}",18172
FACTURK-0131,DOĞRU,"[4096, 16306, 13420, 2148, 2549, 6205, 4775, 8892, 18903, 10111, 17132, 8846, 15179, 7278, 19128, 4118, 26312, 6161, 24451, 10479]","[0.010130411013960838, 0.0024249141570180655, 0.00029365462251007557, 1.7097478121286258e-05, 1.7097478121286258e-05, 0.00020825010142289102, 0.00020342698553577065, 0.0005092656938359141, 1.750292540236842e-05, 0.002323162741959095, 0.0006986756343394518, 1.9833367332466878e-05, 6.60521473037079e-05, 3.9135655242716894e-05, 1.6061610949691385e-05, 1.6061610949691385e-05, 1.6314539607265033e-05, 0.0003301527176517993, 1.6442494597868063e-05, 1.657145367062185e-05]","[0.007869184017181396, 0.9916598200798035, 0.00047096869093365967]","[0.007869184017181396, 0.9916598200798035, 0.00047096869093365967]",False,YALAN,RED,False,False,331.9523999962257,"{""K1_input_and_readiness"": 0.06629999552387744, ""K7_context"": 0.001600012183189392, ""K1_normalization"": 0.012100004823878407, ""K6_advisory"": 24.120500005665235, ""K1_intent"": 0.042100000428035855, ""K2_retrieval"": 181.63469999853987, ""K3_reranker"": 80.15189999423455, ""K8_weighted_ranking"": 1.4085999864619225, ""K3_candidate_filters"": 6.801099996664561, ""K9_advisory_consensus"": 0.009399998816661537, ""K4_nli_and_bypass_check"": 33.254499998292886, ""K5_decision"": 0.3991999983554706}",4096
FACTURK-0132,YALAN,"[24055, 23912, 12263, 19011, 26114, 13927, 23495, 4019, 11715, 13028, 28550, 28578, 22277, 21308, 19520, 26875, 22791, 7784, 15077, 13355]","[0.00013552077871281654, 2.8632557587116025e-05, 0.009596454910933971, 2.2125668692751788e-05, 0.0012065897462889552, 0.00013032974675297737, 9.098840382648632e-05, 0.014281935058534145, 1.6061610949691385e-05, 0.0008592476369813085, 1.9373936083866283e-05, 1.6442494597868063e-05, 2.0785171727766283e-05, 3.508111694827676e-05, 0.0024060888681560755, 3.647853736765683e-05, 0.007011794950813055, 0.0019723358564078808, 1.6442494597868063e-05, 3.8229114579735324e-05]","[0.0022074461448937654, 0.9954196214675903, 0.002372874179854989]","[0.0022074461448937654, 0.9954196214675903, 0.002372874179854989]",False,YETERSİZ VERİ,RET,True,False,369.808200004627,"{""K1_input_and_readiness"": 0.072900002123788, ""K7_context"": 0.0015999976312741637, ""K1_normalization"": 0.012500007869675756, ""K6_advisory"": 16.250699991360307, ""K1_intent"": 0.05809999129269272, ""K2_retrieval"": 192.81100000080187, ""K3_reranker"": 111.68620000535157, ""K8_weighted_ranking"": 1.2509000080171973, ""K3_candidate_filters"": 7.198000006610528, ""K9_advisory_consensus"": 0.008500006515532732, ""K4_nli_and_bypass_check"": 35.95070001028944, ""K5_decision"": 0.20059999951627105}",4019
FACTURK-0133,DOĞRU,"[26308, 24673, 28383, 9730, 17729, 11414, 16860, 14189, 6132, 3724, 2783, 14817, 6823, 2100, 20646, 2319, 4489, 8880, 3844, 20460]","[0.00025714197545312345, 1.6314539607265033e-05, 1.6442494597868063e-05, 1.657145367062185e-05, 0.0006070755189284682, 1.6314539607265033e-05, 1.8777873265207745e-05, 0.019419347867369652, 1.6442494597868063e-05, 1.6964426322374493e-05, 5.5622065701754764e-05, 2.014569145103451e-05, 1.6061610949691385e-05, 5.475977377500385e-05, 1.8486754925106652e-05, 1.6187581422855146e-05, 0.00015236754552461207, 1.6314539607265033e-05, 1.683241134742275e-05, 2.030369250860531e-05]","[0.0006908486247994006, 0.9978031516075134, 0.0015060077421367168]","[0.0006908486247994006, 0.9978031516075134, 0.0015060077421367168]",False,YETERSİZ VERİ,RET,True,False,673.8897000032011,"{""K1_input_and_readiness"": 0.08159999561030418, ""K7_context"": 0.0018999999156221747, ""K1_normalization"": 0.01790000533219427, ""K6_advisory"": 13.85969998955261, ""K1_intent"": 0.0610999995842576, ""K2_retrieval"": 155.23589999065734, ""K3_reranker"": 62.33680000877939, ""K8_weighted_ranking"": 1.4049000019440427, ""K3_candidate_filters"": 8.286299998871982, ""K9_advisory_consensus"": 0.01610000617802143, ""K4_nli_and_bypass_check"": 231.56910001125652, ""K5_decision"": 196.76560000516474}",14189
FACTURK-0134,DOĞRU,"[15860, 1632, 16304, 16233, 249, 17721, 3328, 19541, 252, 29203, 18777, 6593, 18345, 51, 17608, 29030, 21537, 101, 13220, 29768]","[0.0004044814850203693, 3.4001819585682824e-05, 0.0003275842755101621, 1.6187581422855146e-05, 9.028038039105013e-05, 0.0001823546044761315, 0.0009659748757258058, 0.00011412239109631628, 0.00015720345254521817, 1.6187581422855146e-05, 1.657145367062185e-05, 1.6314539607265033e-05, 0.000347345310728997, 4.006369272246957e-05, 1.6187581422855146e-05, 1.8631746570463292e-05, 0.00018093574908562005, 4.400118632474914e-05, 1.6061610949691385e-05, 0.0010083435336127877]","[0.004965153988450766, 0.9906315803527832, 0.004403180442750454]","[0.004965153988450766, 0.9906315803527832, 0.004403180442750454]",False,YETERSİZ VERİ,RET,True,False,707.0769999991171,"{""K1_input_and_readiness"": 0.06719998782500625, ""K7_context"": 0.0014999968698248267, ""K1_normalization"": 0.0109999964479357, ""K6_advisory"": 12.952000004588626, ""K1_intent"": 0.04680000711232424, ""K2_retrieval"": 168.92799999914132, ""K3_reranker"": 103.50449998804834, ""K8_weighted_ranking"": 1.4654999977210537, ""K3_candidate_filters"": 6.69690000358969, ""K9_advisory_consensus"": 0.00859999272506684, ""K4_nli_and_bypass_check"": 216.01009998994414, ""K5_decision"": 193.41599999461323}",3328
FACTURK-0135,DOĞRU,"[6801, 27371, 9635, 24673, 13314, 25117, 28383, 12232, 12377, 9730, 27200, 21168, 29037, 26308, 2100, 14917, 9293, 14042, 30221, 6351]","[2.1112482500029728e-05, 1.6442494597868063e-05, 0.0007437028689309955, 2.5466406441410072e-05, 1.6314539607265033e-05, 6.761842087144032e-05, 3.095910506090149e-05, 1.6061610949691385e-05, 0.00015843621804378927, 1.6442494597868063e-05, 1.6187581422855146e-05, 1.6187581422855146e-05, 1.6442494597868063e-05, 4.5044595026411116e-05, 1.7366719475830905e-05, 2.977311669383198e-05, 1.67014204635052e-05, 1.67014204635052e-05, 1.67014204635052e-05, 1.6442494597868063e-05]","[0.00015962374163791537, 0.9994964599609375, 0.0003439160354901105]","[0.00015962374163791537, 0.9994964599609375, 0.0003439160354901105]",False,YETERSİZ VERİ,RET,True,False,1073.874399997294,"{""K1_input_and_readiness"": 0.06679999933112413, ""K7_context"": 0.0024000037228688598, ""K1_normalization"": 0.012499993317760527, ""K6_advisory"": 14.523099991492927, ""K1_intent"": 0.03460000152699649, ""K2_retrieval"": 149.1946000023745, ""K3_reranker"": 72.92540000344161, ""K8_weighted_ranking"": 1.7801000067265704, ""K3_candidate_filters"": 11.71269999758806, ""K9_advisory_consensus"": 0.01200000406242907, ""K4_nli_and_bypass_check"": 392.8585999965435, ""K5_decision"": 427.22939999657683}",13314
FACTURK-0136,DOĞRU,"[26917, 30144, 22295, 8611, 21508, 18562, 10919, 15561, 20689, 16959, 13728, 18220, 22219, 590, 25457, 11686, 11883, 30006, 26665, 13228]","[0.9982926249504089, 0.0004565269045997411, 9.83811987680383e-05, 2.449082603561692e-05, 5.920916373725049e-05, 0.004681822378188372, 0.0001547666179249063, 8.750300185056403e-05, 2.6480842279852368e-05, 0.00016093082376755774, 5.605828482657671e-05, 4.794958294951357e-05, 1.7097478121286258e-05, 2.265035072923638e-05, 1.6061610949691385e-05, 1.6442494597868063e-05, 5.34913269802928e-05, 0.00011774459562730044, 5.433364276541397e-05, 7.426380761899054e-05]",null,"[0.0, 0.0, 1.0]",True,DOĞRU,ONAY,False,False,252.52569999429397,"{""K1_input_and_readiness"": 0.06560000474564731, ""K7_context"": 0.0016999983927235007, ""K1_normalization"": 0.008700008038431406, ""K6_advisory"": 16.554600006202236, ""K1_intent"": 0.04030000127386302, ""K2_retrieval"": 154.6546000026865, ""K3_reranker"": 67.66340001195204, ""K8_weighted_ranking"": 1.2496999988798052, ""K3_candidate_filters"": 7.063000011839904, ""K9_advisory_consensus"": 0.008800008799880743, ""K4_nli_and_bypass_check"": 0.19859999883919954, ""K5_decision"": 0.24639999901410192}",26917
FACTURK-0137,YALAN,"[1701, 16150, 9507, 9150, 25228, 2858, 3451, 28629, 25098, 15787, 27698, 26080, 9220, 29881, 28880, 28014, 15848, 25169, 1499, 13989]","[0.052134256809949875, 0.0634823590517044, 0.4928402900695801, 0.06301946938037872, 0.7293270230293274, 0.002704429440200329, 0.11930549889802933, 0.12787027657032013, 0.003678509034216404, 0.0030634168069809675, 0.3396085798740387, 0.0026316740550100803, 0.11240508407354355, 0.257951945066452, 0.03185885399580002, 0.00978387612849474, 0.0005132579244673252, 0.00651349825784564, 0.00651349825784564, 0.16817277669906616]","[0.08259046822786331, 0.8814515471458435, 0.03595799207687378]","[0.08259046822786331, 0.8814515471458435, 0.03595799207687378]",False,YALAN,UYARI,False,False,784.2569000058575,"{""K1_input_and_readiness"": 0.058600009651854634, ""K7_context"": 0.0017999991541728377, ""K1_normalization"": 0.011199997970834374, ""K6_advisory"": 13.992499996675178, ""K1_intent"": 0.037999998312443495, ""K2_retrieval"": 178.13699999533128, ""K3_reranker"": 99.94400000141468, ""K8_weighted_ranking"": 1.4052999904379249, ""K3_candidate_filters"": 7.49550000182353, ""K9_advisory_consensus"": 0.02169999061152339, ""K4_nli_and_bypass_check"": 238.3795000059763, ""K5_decision"": 239.79620001045987}",25228
FACTURK-0138,YALAN,"[5506, 11677, 12157, 26502, 19392, 21065, 3348, 8761, 4059, 17384, 29838, 26727, 20238, 6538, 28424, 6336, 7498, 23135, 11713, 15442]","[0.0002002737601287663, 0.001622967072762549, 0.0007916296017356217, 0.0008659808663651347, 2.732141365413554e-05, 0.00079783343244344, 0.007289077155292034, 0.0009217804181389511, 0.0022694687359035015, 0.014842416159808636, 0.0017342078499495983, 0.0011291546979919076, 2.1278065105434507e-05, 2.710879925871268e-05, 0.0007124459953047335, 1.657145367062185e-05, 0.0004272078804206103, 1.6187581422855146e-05, 6.452214438468218e-05, 0.00027372167096473277]","[0.9690249562263489, 0.03062891960144043, 0.000346036977134645]","[0.9690249562263489, 0.03062891960144043, 0.000346036977134645]",False,DOĞRU,ONAY,False,False,941.314900002908,"{""K1_input_and_readiness"": 0.07029999687802047, ""K7_context"": 0.001400010660290718, ""K1_normalization"": 0.012400007108226418, ""K6_advisory"": 13.728399993851781, ""K1_intent"": 0.040099999750964344, ""K2_retrieval"": 176.49250000249594, ""K3_reranker"": 122.6672999910079, ""K8_weighted_ranking"": 1.4964000001782551, ""K3_candidate_filters"": 11.388500002794899, ""K9_advisory_consensus"": 0.016699996194802225, ""K4_nli_and_bypass_check"": 319.87549999030307, ""K5_decision"": 292.28690000309143}",17384
FACTURK-0139,DOĞRU,"[20211, 29892, 25865, 9259, 28129, 25796, 22587, 4102, 453, 984, 22356, 13338, 22840, 19484, 20244, 25725, 29265, 2140, 13067, 12713]","[0.0007885457598604262, 9.610241977497935e-05, 3.535625000949949e-05, 0.00020184421737212688, 0.00035419364576227963, 3.144662332488224e-05, 0.0009811719646677375, 0.00015236754552461207, 4.757645365316421e-05, 0.0017546144081279635, 1.6314539607265033e-05, 0.0009146137163043022, 7.9673009167891e-05, 0.0005072812782600522, 1.7366719475830905e-05, 0.0005884087877348065, 0.0009217804181389511, 6.868317723274231e-05, 1.922317096614279e-05, 1.683241134742275e-05]","[0.980907142162323, 0.018739866092801094, 0.0003530273388605565]","[0.980907142162323, 0.018739866092801094, 0.0003530273388605565]",False,DOĞRU,ONAY,False,False,661.7706000106409,"{""K1_input_and_readiness"": 0.042400002712383866, ""K7_context"": 0.0016999983927235007, ""K1_normalization"": 0.013600001693703234, ""K6_advisory"": 12.434999996912666, ""K1_intent"": 0.030499999411404133, ""K2_retrieval"": 143.8410999980988, ""K3_reranker"": 65.80789999861736, ""K8_weighted_ranking"": 1.6461000050185248, ""K3_candidate_filters"": 6.774800000130199, ""K9_advisory_consensus"": 0.010299991117790341, ""K4_nli_and_bypass_check"": 241.32230000395793, ""K5_decision"": 185.7594000030076}",984
FACTURK-0140,YALAN,"[12851, 28, 81, 5049, 29239, 247, 910, 1350, 156, 11176, 2953, 4224, 1838, 2296, 13967, 20939, 22903, 4486, 15797, 21732]","[1.892514956125524e-05, 0.4037431478500366, 0.5354627966880798, 0.00029365462251007557, 6.814872176619247e-05, 0.11260009557008743, 0.00012731103925034404, 3.6764631659025326e-05, 0.10932482779026031, 1.8486754925106652e-05, 7.368592923739925e-05, 0.0006411777576431632, 0.000638679601252079, 1.6061610949691385e-05, 0.0001387341326335445, 2.2827996872365475e-05, 0.0015669887652620673, 5.225226777838543e-05, 0.0065388246439397335, 1.6314539607265033e-05]","[0.0030959199648350477, 0.9689168930053711, 0.027987144887447357]","[0.0030959199648350477, 0.9689168930053711, 0.027987144887447357]",False,YETERSİZ VERİ,RET,True,False,525.4845999879763,"{""K1_input_and_readiness"": 0.06210000719875097, ""K7_context"": 0.002900007530115545, ""K1_normalization"": 0.009900002623908222, ""K6_advisory"": 14.313200008473359, ""K1_intent"": 0.03499999002087861, ""K2_retrieval"": 155.96329999971204, ""K3_reranker"": 66.37050000426825, ""K8_weighted_ranking"": 1.2737000070046633, ""K3_candidate_filters"": 7.027499988907948, ""K9_advisory_consensus"": 0.008700008038431406, ""K4_nli_and_bypass_check"": 144.78790000430308, ""K5_decision"": 132.11880000017118}",81
FACTURK-0141,DOĞRU,"[5257, 2719, 8320, 24669, 23475, 20080, 5393, 26772, 27360, 16089, 4513, 17519, 4261, 13080, 9722, 17334, 22515, 21132, 20279, 22395]","[0.013636835850775242, 0.0757213681936264, 0.03810661658644676, 0.13173070549964905, 0.0005213363328948617, 0.00044770087697543204, 0.0005013742484152317, 1.9833367332466878e-05, 0.0006693099858239293, 3.852893496514298e-05, 0.0007916296017356217, 0.00748962489888072, 0.00012830943160224706, 0.0044683837331831455, 0.48438766598701477, 0.016029147431254387, 0.0001195985751110129, 0.00042554305400699377, 0.0001547666179249063, 0.0033374049235135317]","[0.001549832639284432, 0.9971925616264343, 0.001257546478882432]","[0.001549832639284432, 0.9971925616264343, 0.001257546478882432]",False,YALAN,RED,False,False,371.3912999955937,"{""K1_input_and_readiness"": 0.08860000525601208, ""K7_context"": 0.0033999967854470015, ""K1_normalization"": 0.017300000763498247, ""K6_advisory"": 17.97929999884218, ""K1_intent"": 0.04549999721348286, ""K2_retrieval"": 203.5390999953961, ""K3_reranker"": 89.63349999976344, ""K8_weighted_ranking"": 1.6121999942697585, ""K3_candidate_filters"": 7.056800008285791, ""K9_advisory_consensus"": 0.00960000033956021, ""K4_nli_and_bypass_check"": 46.55230000207666, ""K5_decision"": 0.33989999792538583}",21132
FACTURK-0142,YALAN,"[29080, 5889, 24158, 14758, 14444, 25228, 3364, 19258, 23686, 15848, 11479, 1959, 23851, 9150, 19744, 13341, 25605, 17035, 13639, 18383]","[0.0012594986474141479, 0.057918086647987366, 0.0035936026833951473, 0.008950711227953434, 0.0004044814850203693, 0.01858215034008026, 0.0009110511746257544, 5.605828482657671e-05, 0.0011649561347439885, 0.004231587518006563, 0.007149102166295052, 0.0005838325014337897, 0.12168574333190918, 0.0011604196624830365, 3.9135655242716894e-05, 0.0001699752756394446, 0.0027683854568749666, 0.0003006163169629872, 0.0021074723917990923, 0.0002131875662598759]","[0.0003880586300510913, 0.9991618394851685, 0.0004501558723859489]","[0.0003880586300510913, 0.9991618394851685, 0.0004501558723859489]",False,YALAN,UYARI,False,False,506.07220000529196,"{""K1_input_and_readiness"": 0.07229999755509198, ""K7_context"": 0.001600012183189392, ""K1_normalization"": 0.012999997125007212, ""K6_advisory"": 13.17229999403935, ""K1_intent"": 0.04740001168102026, ""K2_retrieval"": 292.8490000049351, ""K3_reranker"": 138.31879998906516, ""K8_weighted_ranking"": 1.5093000110937282, ""K3_candidate_filters"": 8.555599997635, ""K9_advisory_consensus"": 0.010799994925037026, ""K4_nli_and_bypass_check"": 46.668299997691065, ""K5_decision"": 0.3490999952191487}",23851
FACTURK-0143,DOĞRU,"[8560, 27311, 21320, 27133, 27426, 20362, 19477, 9351, 21689, 26032, 13070, 26151, 29146, 13904, 3622, 29684, 15319, 12123, 4699, 23928]","[0.9630224108695984, 0.002225670963525772, 3.852893496514298e-05, 0.01196109689772129, 9.461262379772961e-05, 2.4876489987946115e-05, 9.242113446816802e-05, 3.4808123018592596e-05, 1.9988918211311102e-05, 0.00014202363672666252, 0.0022170129232108593, 0.003456409554928541, 0.00024536947603337467, 1.9073577277595177e-05, 0.0023141263518482447, 8.092757343547419e-05, 1.683241134742275e-05, 1.6442494597868063e-05, 0.00017265156202483922, 0.0009290033485740423]","[0.0005051544867455959, 0.00029696503770537674, 0.9991979002952576]","[0.0005051544867455959, 0.00029696503770537674, 0.9991979002952576]",False,DOĞRU,ONAY,False,False,832.298900000751,"{""K1_input_and_readiness"": 0.05780000356025994, ""K7_context"": 0.0018999999156221747, ""K1_normalization"": 0.010399991879239678, ""K6_advisory"": 14.816399998380803, ""K1_intent"": 0.03850000211969018, ""K2_retrieval"": 178.80579999473412, ""K3_reranker"": 116.19020000216551, ""K8_weighted_ranking"": 1.2301999959163368, ""K3_candidate_filters"": 6.181399992783554, ""K9_advisory_consensus"": 0.008000002708286047, ""K4_nli_and_bypass_check"": 259.6110000013141, ""K5_decision"": 249.51969999528956}",8560
FACTURK-0144,YALAN,"[487, 8347, 29106, 22732, 22218, 25228, 12189, 9150, 19258, 16063, 21058, 15238, 2244, 19237, 1422, 15787, 3189, 18332, 23508, 6047]","[0.8293538093566895, 0.008315778337419033, 0.011687257327139378, 0.012527932412922382, 0.12095703184604645, 0.007431773468852043, 0.0035243413876742125, 0.3143661916255951, 0.03527754917740822, 0.005281333811581135, 0.00041894835885614157, 0.10466019809246063, 0.00023413581948261708, 0.011288073845207691, 0.11838508397340775, 0.006615392863750458, 0.06828854233026505, 0.001604089280590415, 0.007876706309616566, 0.22253112494945526]","[0.9704887866973877, 0.027077367529273033, 0.0024339575320482254]","[0.9704887866973877, 0.027077367529273033, 0.0024339575320482254]",False,YETERSİZ VERİ,KISMI,True,False,493.69540000043344,"{""K1_input_and_readiness"": 0.1360000023851171, ""K7_context"": 0.0032999960239976645, ""K1_normalization"": 0.03609999839682132, ""K6_advisory"": 23.843799994210713, ""K1_intent"": 0.09849999332800508, ""K2_retrieval"": 320.32640000397805, ""K3_reranker"": 104.7917999967467, ""K8_weighted_ranking"": 1.2578000023495406, ""K3_candidate_filters"": 6.871300007333048, ""K9_advisory_consensus"": 0.008699993486516178, ""K4_nli_and_bypass_check"": 32.177500004763715, ""K5_decision"": 0.38690000656060874}",487
FACTURK-0145,YALAN,"[686, 2746, 21843, 4861, 16193, 26208, 8587, 23264, 28437, 27974, 3408, 19784, 27847, 12882, 29000, 12504, 11509, 21547, 21154, 12021]","[0.001299427472986281, 0.00012931563833262771, 6.253713218029588e-05, 0.0003889921063091606, 0.0003275842755101621, 2.8409744118107483e-05, 0.0016613906482234597, 0.00029365462251007557, 0.000638679601252079, 7.086326513672248e-05, 0.0002472934720572084, 0.00013552077871281654, 0.005021149758249521, 7.484622619813308e-05, 5.225226777838543e-05, 1.6061610949691385e-05, 9.098840382648632e-05, 0.000192602863535285, 1.9988918211311102e-05, 1.6187581422855146e-05]","[0.0010501459473744035, 0.998596727848053, 0.0003531315305735916]","[0.0010501459473744035, 0.998596727848053, 0.0003531315305735916]",False,YALAN,UYARI,False,False,1171.3976000028197,"{""K1_input_and_readiness"": 0.07249999907799065, ""K7_context"": 0.0016999983927235007, ""K1_normalization"": 0.01130001328419894, ""K6_advisory"": 14.250199994421564, ""K1_intent"": 0.0391000066883862, ""K2_retrieval"": 193.32469999790192, ""K3_reranker"": 66.99860001390334, ""K8_weighted_ranking"": 1.8943000031867996, ""K3_candidate_filters"": 10.751800000434741, ""K9_advisory_consensus"": 0.014300007023848593, ""K4_nli_and_bypass_check"": 446.0255000012694, ""K5_decision"": 433.1451000034576}",16193
FACTURK-0146,YALAN,"[22218, 9150, 27894, 15787, 24869, 9220, 24158, 3401, 27219, 29106, 14239, 1090, 438, 25225, 25169, 18332, 13709, 7938, 29050, 14728]","[0.1268933266401291, 0.13273923099040985, 0.0018895388348028064, 0.0019723358564078808, 0.03397199511528015, 0.08570927381515503, 0.05223086103796959, 5.874842099728994e-05, 0.00012830943160224706, 0.020371293649077415, 0.057918086647987366, 0.001674399245530367, 0.0019043302163481712, 0.01009131595492363, 0.004905405919998884, 0.0018748616566881537, 0.0002824080875143409, 0.004086002707481384, 0.0044683837331831455, 0.0002434604539303109]","[0.6027705669403076, 0.39070114493370056, 0.006528296507894993]","[0.6027705669403076, 0.39070114493370056, 0.006528296507894993]",False,DOĞRU,ONAY,False,False,434.84929999976885,"{""K1_input_and_readiness"": 0.08769999840296805, ""K7_context"": 0.0025000044843181968, ""K1_normalization"": 0.017799990018829703, ""K6_advisory"": 16.321199989761226, ""K1_intent"": 0.04540001100394875, ""K2_retrieval"": 269.33070000086445, ""K3_reranker"": 99.79409999505151, ""K8_weighted_ranking"": 1.4340000052470714, ""K3_candidate_filters"": 7.5056000059703365, ""K9_advisory_consensus"": 0.0092999980552122, ""K4_nli_and_bypass_check"": 34.86799998790957, ""K5_decision"": 0.3480000013951212}",9150
FACTURK-0147,YALAN,"[16651, 20240, 3405, 16620, 4452, 9696, 12622, 18535, 1274, 17134, 9150, 20804, 22320, 28036, 4767, 6328, 19995, 3959, 10218, 24368]","[0.9726754426956177, 0.0009110511746257544, 1.7640199075685814e-05, 2.8632557587116025e-05, 1.67014204635052e-05, 0.0005907104350626469, 0.0014895173953846097, 0.0001699752756394446, 0.00019716942915692925, 1.6442494597868063e-05, 0.00031015597051009536, 0.00035419364576227963, 0.002757622394710779, 1.6314539607265033e-05, 2.0785171727766283e-05, 1.683241134742275e-05, 6.402006692951545e-05, 1.7097478121286258e-05, 0.00015843621804378927, 9.314593626186252e-05]","[0.21944120526313782, 0.46399030089378357, 0.31656843423843384]","[0.21944120526313782, 0.46399030089378357, 0.31656843423843384]",False,YALAN,UYARI,False,False,802.6809000002686,"{""K1_input_and_readiness"": 0.07860000187065452, ""K7_context"": 0.0018999999156221747, ""K1_normalization"": 0.014299992471933365, ""K6_advisory"": 15.641499994671904, ""K1_intent"": 0.038300000596791506, ""K2_retrieval"": 181.8650999921374, ""K3_reranker"": 69.86540000070818, ""K8_weighted_ranking"": 1.9257999956607819, ""K3_candidate_filters"": 8.953500000643544, ""K9_advisory_consensus"": 0.009700001101009548, ""K4_nli_and_bypass_check"": 270.7153999945149, ""K5_decision"": 249.7101000044495}",16651
FACTURK-0148,YALAN,"[12210, 21599, 18732, 25049, 6841, 20653, 29193, 20389, 13473, 9476, 2662, 24995, 4945, 7517, 5396, 7836, 3088, 16459, 24540, 29572]","[0.00651349825784564, 0.009746103547513485, 0.0005193048855289817, 0.00048406238784082234, 0.03321117162704468, 3.8831109122838825e-05, 0.0012594986474141479, 9.242113446816802e-05, 0.0012743262341246009, 0.0006745558930560946, 5.518923353520222e-05, 0.00172745855525136, 0.0005571116926148534, 0.00012830943160224706, 2.8632557587116025e-05, 1.6187581422855146e-05, 1.6314539607265033e-05, 0.00011412239109631628, 0.00020825010142289102, 6.014152313582599e-05]","[0.9753470420837402, 0.017029408365488052, 0.007623463869094849]","[0.9753470420837402, 0.017029408365488052, 0.007623463869094849]",False,DOĞRU,ONAY,False,False,963.1601999863051,"{""K1_input_and_readiness"": 0.06439999560825527, ""K7_context"": 0.0018999999156221747, ""K1_normalization"": 0.011600001016631722, ""K6_advisory"": 21.03010000428185, ""K1_intent"": 0.08610000077169389, ""K2_retrieval"": 185.9326000121655, ""K3_reranker"": 84.6538000041619, ""K8_weighted_ranking"": 1.4176999975461513, ""K3_candidate_filters"": 7.225200009997934, ""K9_advisory_consensus"": 0.008100003469735384, ""K4_nli_and_bypass_check"": 358.6574999935692, ""K5_decision"": 300.6135999894468}",21599
FACTURK-0149,DOĞRU,"[414, 9992, 15787, 9150, 22407, 21007, 24963, 7825, 1302, 12809, 23686, 12442, 21169, 12189, 13860, 22388, 13217, 13541, 12587, 1959]","[3.373722574906424e-05, 1.8631746570463292e-05, 0.0008072304772213101, 0.0008167381165549159, 0.0003077430883422494, 0.0007437028689309955, 0.00027586790383793414, 1.8200149497715756e-05, 0.00407013762742281, 0.0005636750720441341, 0.0006589401164092124, 0.00029365462251007557, 0.0016809417866170406, 0.0011380005162209272, 4.94715895911213e-05, 0.018440209329128265, 1.6187581422855146e-05, 4.231559796608053e-05, 4.870464181294665e-05, 1.657145367062185e-05]","[0.005790805444121361, 0.9911337494850159, 0.003075473476201296]","[0.005790805444121361, 0.9911337494850159, 0.003075473476201296]",False,YALAN,UYARI,False,False,1307.8699999896344,"{""K1_input_and_readiness"": 0.05750000127591193, ""K7_context"": 0.0013999961083754897, ""K1_normalization"": 0.010899995686486363, ""K6_advisory"": 13.190099998610094, ""K1_intent"": 0.036900004488416016, ""K2_retrieval"": 187.75779999850783, ""K3_reranker"": 103.79749999265186, ""K8_weighted_ranking"": 1.4950000040698797, ""K3_candidate_filters"": 7.059699986712076, ""K9_advisory_consensus"": 0.008600007276982069, ""K4_nli_and_bypass_check"": 502.6008999993792, ""K5_decision"": 487.42389999097213}",22388
FACTURK-0150,YALAN,"[25683, 5414, 11454, 4331, 6189, 27366, 21475, 9537, 16994, 26461, 10997, 25341, 14860, 9974, 1291, 14246, 23263, 12870, 29948, 6943]","[0.0001015038214973174, 0.0001713081874186173, 0.0005420927773229778, 0.07978200167417526, 0.0022694687359035015, 0.0002982776495628059, 0.0035657365806400776, 0.003469890682026744, 6.761842087144032e-05, 2.094818773912266e-05, 0.00031015597051009536, 1.6442494597868063e-05, 1.6442494597868063e-05, 0.003621685551479459, 0.0012594986474141479, 4.7206227463902906e-05, 1.67014204635052e-05, 0.003429603995755315, 0.0005953406798653305, 2.586742994026281e-05]","[0.0005140070570632815, 0.9989926218986511, 0.0004933512536808848]","[0.0005140070570632815, 0.9989926218986511, 0.0004933512536808848]",False,YETERSİZ VERİ,RET,True,False,1273.6717999941902,"{""K1_input_and_readiness"": 0.13259999104775488, ""K7_context"": 0.0034999975468963385, ""K1_normalization"": 0.027400004910305142, ""K6_advisory"": 32.867999994778074, ""K1_intent"": 0.04460000491235405, ""K2_retrieval"": 246.1604999989504, ""K3_reranker"": 102.09539999777917, ""K8_weighted_ranking"": 3.1448000081581995, ""K3_candidate_filters"": 24.124399991706014, ""K9_advisory_consensus"": 0.020800012862309813, ""K4_nli_and_bypass_check"": 484.15629999362864, ""K5_decision"": 377.3068000009516}",9974
FACTURK-0151,YALAN,"[1205, 21214, 14598, 3176, 21916, 2011, 23996, 24260, 22565, 3084, 274, 28119, 17110, 17985, 26068, 7605, 13968, 4056, 2991, 5206]","[0.004924510605633259, 0.0014550630003213882, 0.0001442598586436361, 0.002058753278106451, 0.0030994154512882233, 0.0008626077906228602, 0.004231587518006563, 0.00025514140725135803, 0.0014550630003213882, 0.03138042986392975, 0.00041894835885614157, 0.002387409098446369, 0.002278330735862255, 0.0013406204525381327, 0.0006166297243908048, 0.18082883954048157, 0.00017813112935982645, 0.001299427472986281, 0.0009253848693333566, 0.005957154091447592]","[0.07935506850481033, 0.7905749082565308, 0.1300700157880783]","[0.07935506850481033, 0.7905749082565308, 0.1300700157880783]",False,YETERSİZ VERİ,RET,True,False,316.5764000004856,"{""K1_input_and_readiness"": 0.07399999594781548, ""K7_context"": 0.001600012183189392, ""K1_normalization"": 0.020000006770715117, ""K6_advisory"": 14.484100000117905, ""K1_intent"": 0.03509999078232795, ""K2_retrieval"": 166.7987999971956, ""K3_reranker"": 95.06279999914113, ""K8_weighted_ranking"": 1.2950000091223046, ""K3_candidate_filters"": 6.193600012920797, ""K9_advisory_consensus"": 0.007700000423938036, ""K4_nli_and_bypass_check"": 27.917999992496334, ""K5_decision"": 0.27210000553168356}",274
FACTURK-0152,YALAN,"[15963, 27363, 19381, 12221, 4893, 7290, 12083, 27854, 2188, 8939, 15431, 5755, 21262, 24446, 15163, 14531, 1820, 16762, 4256, 27712]","[0.0012743262341246009, 0.019568676128983498, 0.0002131875662598759, 0.0005953406798653305, 0.014957086183130741, 0.001048469333909452, 0.0004060639475937933, 0.016721142455935478, 0.0007293288363143802, 0.0001956353517016396, 0.00023050670279189944, 0.00026323829661123455, 0.0009473089594393969, 0.02546808309853077, 0.003991728648543358, 0.0005112579092383385, 0.0009004466701298952, 0.01750955730676651, 6.657015910604969e-05, 0.03289904072880745]","[0.02746853604912758, 0.9709031581878662, 0.001628406229428947]","[0.02746853604912758, 0.9709031581878662, 0.001628406229428947]",False,YETERSİZ VERİ,RET,True,False,294.7134999994887,"{""K1_input_and_readiness"": 0.06500000017695129, ""K7_context"": 0.0021000014385208488, ""K1_normalization"": 0.015700003132224083, ""K6_advisory"": 13.105599995469674, ""K1_intent"": 0.06479999865405262, ""K2_retrieval"": 174.69339999661315, ""K3_reranker"": 54.067599994596094, ""K8_weighted_ranking"": 1.3451999984681606, ""K3_candidate_filters"": 7.1124999958556145, ""K9_advisory_consensus"": 0.010100004146806896, ""K4_nli_and_bypass_check"": 40.51710000203457, ""K5_decision"": 0.15039999561849982}",14531
FACTURK-0153,YALAN,"[14268, 21981, 24271, 6690, 15928, 17293, 14279, 15546, 7724, 16162, 1620, 24210, 23280, 1450, 14312, 16066, 16565, 28305, 2984, 8889]","[0.0008761798962950706, 2.1278065105434507e-05, 1.6442494597868063e-05, 1.683241134742275e-05, 1.922317096614279e-05, 1.6442494597868063e-05, 1.6314539607265033e-05, 0.00018961740715894848, 0.0009362827986478806, 1.6314539607265033e-05, 1.8200149497715756e-05, 1.657145367062185e-05, 1.6442494597868063e-05, 0.0002131875662598759, 6.253713218029588e-05, 0.0004442183708306402, 2.8409744118107483e-05, 1.6187581422855146e-05, 3.426849070820026e-05, 1.6187581422855146e-05]","[0.9638156294822693, 0.03346661850810051, 0.0027177552692592144]","[0.9638156294822693, 0.03346661850810051, 0.0027177552692592144]",False,DOĞRU,ONAY,False,False,918.6408999958076,"{""K1_input_and_readiness"": 0.058200006606057286, ""K7_context"": 0.0014999968698248267, ""K1_normalization"": 0.013600001693703234, ""K6_advisory"": 18.10579998709727, ""K1_intent"": 0.05089999467600137, ""K2_retrieval"": 183.84309999237303, ""K3_reranker"": 111.99560000386555, ""K8_weighted_ranking"": 1.4557999966200441, ""K3_candidate_filters"": 8.043199995881878, ""K9_advisory_consensus"": 0.008899995009414852, ""K4_nli_and_bypass_check"": 325.3341000090586, ""K5_decision"": 265.0512999971397}",7724
FACTURK-0154,YALAN,"[10581, 15315, 15547, 20927, 4423, 17356, 29867, 5225, 16503, 1399, 27407, 16148, 10376, 21395, 24521, 26182, 12376, 30243, 21804, 28059]","[0.0008525666198693216, 0.00023597174731548876, 0.0001559802913106978, 0.00042388474685139954, 0.005179712548851967, 7.197912054834887e-05, 2.3007036361377686e-05, 0.008251599036157131, 0.0005053045460954309, 0.0006070755189284682, 1.8342892872169614e-05, 1.6187581422855146e-05, 0.0021657671313732862, 8.220189192797989e-05, 0.00012339458044152707, 1.6442494597868063e-05, 1.6187581422855146e-05, 4.037790131405927e-05, 0.0002982776495628059, 0.00079783343244344]","[0.9840150475502014, 0.00973210483789444, 0.006252913270145655]","[0.9840150475502014, 0.00973210483789444, 0.006252913270145655]",False,DOĞRU,ONAY,False,False,1277.0034999994095,"{""K1_input_and_readiness"": 0.21040000137872994, ""K7_context"": 0.003100009053014219, ""K1_normalization"": 0.014399993233382702, ""K6_advisory"": 14.176500000758097, ""K1_intent"": 0.04699999408330768, ""K2_retrieval"": 214.33969998906832, ""K3_reranker"": 92.73259999463335, ""K8_weighted_ranking"": 1.3392999971983954, ""K3_candidate_filters"": 7.710100006079301, ""K9_advisory_consensus"": 0.009800001862458885, ""K4_nli_and_bypass_check"": 470.56860000884626, ""K5_decision"": 471.97959999903105}",10376
FACTURK-0155,DOĞRU,"[20048, 12365, 1493, 10234, 22751, 18634, 24651, 10361, 28437, 17944, 24016, 16498, 28550, 13346, 7011, 14068, 10761, 18475, 22965, 1691]","[0.0011972112115472555, 0.0028783478774130344, 0.0007947254925966263, 0.00031015597051009536, 1.6061610949691385e-05, 0.0006142272031866014, 0.0037507887464016676, 0.0008592476369813085, 0.011375600472092628, 0.0004565269045997411, 1.7097478121286258e-05, 0.0007152324542403221, 2.392351052549202e-05, 0.0001097509084502235, 7.086326513672248e-05, 0.0032224843744188547, 0.00010310211655450985, 0.0005053045460954309, 4.1335399146191776e-05, 3.508111694827676e-05]","[0.0006979262689128518, 0.9982295632362366, 0.0010725572938099504]","[0.0006979262689128518, 0.9982295632362366, 0.0010725572938099504]",False,YETERSİZ VERİ,RET,True,False,760.5493000010028,"{""K1_input_and_readiness"": 0.0881000014487654, ""K7_context"": 0.0021000014385208488, ""K1_normalization"": 0.012599994079209864, ""K6_advisory"": 14.285199998994358, ""K1_intent"": 0.040099999750964344, ""K2_retrieval"": 169.25849999825004, ""K3_reranker"": 90.53459999267943, ""K8_weighted_ranking"": 1.9386000058148056, ""K3_candidate_filters"": 8.224000004702248, ""K9_advisory_consensus"": 0.01030000566970557, ""K4_nli_and_bypass_check"": 246.44760000228416, ""K5_decision"": 225.9764000045834}",16498
FACTURK-0156,YALAN,"[27801, 7761, 27242, 11288, 4634, 15622, 27142, 30097, 19419, 17945, 21981, 769, 14556, 29743, 28808, 26765, 12521, 5723, 11146, 20078]","[0.024656856432557106, 0.003736220533028245, 0.8786270022392273, 6.205049430718645e-05, 0.724090576171875, 2.1278065105434507e-05, 0.019160708412528038, 0.0006563728675246239, 0.0008199321455322206, 3.321419353596866e-05, 0.0004272078804206103, 0.00017674513219390064, 0.0003905139456037432, 0.0017614696407690644, 0.0004092474700883031, 3.269927037763409e-05, 0.0017683517653495073, 7.543320680269971e-05, 0.0003697388747241348, 7.722192094661295e-05]","[0.004487506579607725, 0.9949221014976501, 0.000590359850320965]","[0.004487506579607725, 0.9949221014976501, 0.000590359850320965]",False,YETERSİZ VERİ,RET,True,False,1432.7134000050137,"{""K1_input_and_readiness"": 0.06669999856967479, ""K7_context"": 0.0014999968698248267, ""K1_normalization"": 0.013600001693703234, ""K6_advisory"": 14.914100000169128, ""K1_intent"": 0.058599995099939406, ""K2_retrieval"": 224.89710000809282, ""K3_reranker"": 131.0111000057077, ""K8_weighted_ranking"": 1.5925999905448407, ""K3_candidate_filters"": 8.25099999201484, ""K9_advisory_consensus"": 0.012899996363557875, ""K4_nli_and_bypass_check"": 559.287600000971, ""K5_decision"": 487.713900001836}",4634
FACTURK-0157,DOĞRU,"[23772, 21246, 29255, 12442, 20506, 21440, 27037, 2951, 21796, 25807, 29141, 15658, 24300, 5861, 20602, 19151, 6914, 23280, 25690, 6028]","[0.00016603845870122313, 1.657145367062185e-05, 0.00031258779927156866, 1.6187581422855146e-05, 3.024195939360652e-05, 1.6314539607265033e-05, 0.004101929254829884, 1.657145367062185e-05, 0.0007124459953047335, 1.9833367332466878e-05, 3.9135655242716894e-05, 1.6442494597868063e-05, 0.0001673405058681965, 0.0011695103021338582, 0.0012843081494793296, 0.00017536994710098952, 1.6187581422855146e-05, 1.892514956125524e-05, 3.9442587876692414e-05, 0.0001699752756394446]","[0.0007778576109558344, 0.9953407049179077, 0.0038814551662653685]","[0.0007778576109558344, 0.9953407049179077, 0.0038814551662653685]",False,YETERSİZ VERİ,RET,True,False,1671.2385999999242,"{""K1_input_and_readiness"": 0.1436000020476058, ""K7_context"": 0.0025999906938523054, ""K1_normalization"": 0.030099996365606785, ""K6_advisory"": 14.6381999948062, ""K1_intent"": 0.05560000136028975, ""K2_retrieval"": 244.97329999576323, ""K3_reranker"": 83.3822999993572, ""K8_weighted_ranking"": 1.305600002524443, ""K3_candidate_filters"": 7.39100000646431, ""K9_advisory_consensus"": 0.015400000847876072, ""K4_nli_and_bypass_check"": 669.4730999879539, ""K5_decision"": 646.5257999952883}",19151
FACTURK-0158,DOĞRU,"[10802, 29735, 26597, 3097, 5125, 18339, 28338, 4965, 29753, 8374, 6263, 8061, 6939, 3299, 8619, 29568, 5161, 23791, 27683, 28626]","[0.024750972166657448, 3.2955729693640023e-05, 0.003736220533028245, 0.0011786719551309943, 5.738759500673041e-05, 0.011915022507309914, 1.6061610949691385e-05, 0.00013032974675297737, 1.6187581422855146e-05, 3.321419353596866e-05, 1.67014204635052e-05, 2.2125668692751788e-05, 1.6187581422855146e-05, 0.0012255674228072166, 1.657145367062185e-05, 1.6187581422855146e-05, 1.6061610949691385e-05, 1.6314539607265033e-05, 1.7231572201126255e-05, 1.6187581422855146e-05]","[0.001817174139432609, 0.9961752891540527, 0.002007503528147936]","[0.001817174139432609, 0.9961752891540527, 0.002007503528147936]",False,YALAN,UYARI,False,False,1039.990300007048,"{""K1_input_and_readiness"": 0.055899989092722535, ""K7_context"": 0.0012999953469261527, ""K1_normalization"": 0.010500007192604244, ""K6_advisory"": 13.291700000991113, ""K1_intent"": 0.04470000567380339, ""K2_retrieval"": 276.91920001234394, ""K3_reranker"": 158.25730000506155, ""K8_weighted_ranking"": 1.5335000061895698, ""K3_candidate_filters"": 8.665400004247203, ""K9_advisory_consensus"": 0.023500004317611456, ""K4_nli_and_bypass_check"": 338.4244999906514, ""K5_decision"": 238.11530000239145}",3097
FACTURK-0159,YALAN,"[1609, 4036, 19594, 24771, 5236, 24259, 27598, 26699, 22729, 19418, 9587, 15846, 12184, 6519, 20466, 27325, 9591, 20250, 28091, 21940]","[0.9946980476379395, 0.007725534029304981, 0.029145970940589905, 0.005934066604822874, 0.0007264875457622111, 0.00019716942915692925, 0.0035657365806400776, 0.0012594986474141479, 2.566613329690881e-05, 2.5466406441410072e-05, 7.141901005525142e-05, 0.0011972112115472555, 0.0001195985751110129, 3.373722574906424e-05, 0.0034970103297382593, 9.461262379772961e-05, 0.0005092656938359141, 0.000626334105618298, 0.0009888596832752228, 0.01287075038999319]","[0.833128035068512, 0.07412506639957428, 0.09274695068597794]","[0.833128035068512, 0.07412506639957428, 0.09274695068597794]",False,DOĞRU,ONAY,False,False,373.80129999655765,"{""K1_input_and_readiness"": 0.06319998647086322, ""K7_context"": 0.0014999968698248267, ""K1_normalization"": 0.012100004823878407, ""K6_advisory"": 13.614199997391552, ""K1_intent"": 0.037900012102909386, ""K2_retrieval"": 166.65610000200104, ""K3_reranker"": 76.49680000031367, ""K8_weighted_ranking"": 1.9114999886369333, ""K3_candidate_filters"": 6.639200000790879, ""K9_advisory_consensus"": 0.011899988749064505, ""K4_nli_and_bypass_check"": 67.93720000132453, ""K5_decision"": 35.392700010561384}",1609
FACTURK-0160,DOĞRU,"[13325, 29040, 4841, 4504, 11607, 19725, 8411, 13541, 8116, 17559, 30219, 6247, 26536, 20174, 21673, 10902, 634, 4909, 14046, 21327]","[0.6614856719970703, 1.7097478121286258e-05, 0.0041179172694683075, 0.00046190584544092417, 0.003692853031679988, 1.67014204635052e-05, 6.709224544465542e-05, 2.2827996872365475e-05, 0.0004044814850203693, 1.6314539607265033e-05, 0.00012632041762117296, 0.007665874902158976, 2.4300241420860402e-05, 4.832564081880264e-05, 1.8777873265207745e-05, 1.7778551409719512e-05, 2.449082603561692e-05, 0.0014437558129429817, 6.657015910604969e-05, 5.225226777838543e-05]","[0.00693173985928297, 0.19030171632766724, 0.8027665615081787]","[0.00693173985928297, 0.19030171632766724, 0.8027665615081787]",False,YALAN,UYARI,False,False,503.88990000647027,"{""K1_input_and_readiness"": 0.04579999949783087, ""K7_context"": 0.0012999953469261527, ""K1_normalization"": 0.008100003469735384, ""K6_advisory"": 12.695700002950616, ""K1_intent"": 0.03460000152699649, ""K2_retrieval"": 154.346200011787, ""K3_reranker"": 59.01199999789242, ""K8_weighted_ranking"": 1.2559000024339184, ""K3_candidate_filters"": 6.266899988986552, ""K9_advisory_consensus"": 0.008200004231184721, ""K4_nli_and_bypass_check"": 152.15529999113642, ""K5_decision"": 114.05730000115}",30219
FACTURK-0161,YALAN,"[27219, 20109, 9150, 2984, 21007, 24869, 438, 25228, 27883, 22465, 16341, 23686, 28547, 21169, 487, 15787, 12161, 29106, 1090, 15874]","[0.9996970891952515, 0.8690492510795593, 0.07654563337564468, 0.9343951344490051, 0.06441766768693924, 0.009746103547513485, 0.0017614696407690644, 0.006957608740776777, 0.0015011823270469904, 0.1653234362602234, 0.26779094338417053, 0.012576347216963768, 0.02132808044552803, 0.06632687151432037, 9.915272676153108e-05, 0.001747785834595561, 0.0014550630003213882, 0.2514638304710388, 0.0007916296017356217, 0.00010391067189630121]","[0.00043263667612336576, 0.9985294342041016, 0.0010378414299339056]","[0.00043263667612336576, 0.9985294342041016, 0.0010378414299339056]",False,YALAN,UYARI,False,False,397.14280000771396,"{""K1_input_and_readiness"": 0.1421999913873151, ""K7_context"": 0.001600012183189392, ""K1_normalization"": 0.01780000457074493, ""K6_advisory"": 15.376900002593175, ""K1_intent"": 0.12789999891538173, ""K2_retrieval"": 236.01669998606667, ""K3_reranker"": 92.70529999048449, ""K8_weighted_ranking"": 2.12459999602288, ""K3_candidate_filters"": 8.154499999363907, ""K9_advisory_consensus"": 0.01030000566970557, ""K4_nli_and_bypass_check"": 37.17029999825172, ""K5_decision"": 0.20769999537151307}",27219
FACTURK-0162,DOĞRU,"[17883, 2000, 22185, 25210, 25049, 21599, 10051, 2925, 24903, 5997, 28715, 23682, 10375, 25750, 11923, 9553, 4325, 11278, 15123, 5632]","[0.09351231157779694, 0.7942253947257996, 9.242113446816802e-05, 0.0001511819864390418, 0.8344069123268127, 0.008950711227953434, 0.00010804955672938377, 3.219233258278109e-05, 0.10743747651576996, 0.04336579889059067, 3.591300992411561e-05, 0.0001621928095119074, 0.00034870431409217417, 2.014569145103451e-05, 0.000124362253700383, 1.8486754925106652e-05, 0.000191104321856983, 0.0002415662893326953, 1.6187581422855146e-05, 2.014569145103451e-05]","[0.00028661146643571556, 0.9949734210968018, 0.004739996511489153]","[0.00028661146643571556, 0.9949734210968018, 0.004739996511489153]",False,YETERSİZ VERİ,RET,True,False,735.8815000043251,"{""K1_input_and_readiness"": 0.09710001177154481, ""K7_context"": 0.0025000044843181968, ""K1_normalization"": 0.012400007108226418, ""K6_advisory"": 13.798900006804615, ""K1_intent"": 0.03739999374374747, ""K2_retrieval"": 189.33029999607243, ""K3_reranker"": 91.51889999338891, ""K8_weighted_ranking"": 1.585899997735396, ""K3_candidate_filters"": 7.896199997048825, ""K9_advisory_consensus"": 0.01030000566970557, ""K4_nli_and_bypass_check"": 230.29110000061337, ""K5_decision"": 196.63049999508075}",25049
FACTURK-0163,DOĞRU,"[29221, 19639, 16838, 2521, 28155, 12086, 27081, 6618, 4244, 532, 3401, 2861, 8746, 29996, 4529, 3310, 10780, 14355, 16181, 25861]","[0.9739436507225037, 0.000503335555549711, 0.00025714197545312345, 0.00018522572645451874, 2.265035072923638e-05, 0.0005571116926148534, 0.0003301527176517993, 2.8857117285951972e-05, 0.00021995337738189846, 0.0001476803736295551, 0.004166256170719862, 0.010448625311255455, 2.4682904040673748e-05, 2.526822754589375e-05, 0.0002982776495628059, 0.00025118677876889706, 1.805851934477687e-05, 1.683241134742275e-05, 0.0003150386910419911, 0.0016809417866170406]","[0.0005430421442724764, 0.9973049163818359, 0.002151972148567438]","[0.0005430421442724764, 0.9973049163818359, 0.002151972148567438]",False,YETERSİZ VERİ,RET,True,False,326.76090000313707,"{""K1_input_and_readiness"": 0.06550000398419797, ""K7_context"": 0.0013999961083754897, ""K1_normalization"": 0.013199998647905886, ""K6_advisory"": 14.554699999280274, ""K1_intent"": 0.03700000524986535, ""K2_retrieval"": 175.09000000427477, ""K3_reranker"": 88.41660000325646, ""K8_weighted_ranking"": 1.8891000072471797, ""K3_candidate_filters"": 6.619099993258715, ""K9_advisory_consensus"": 0.015900004655122757, ""K4_nli_and_bypass_check"": 35.317900008521974, ""K5_decision"": 0.21490000654011965}",29221
FACTURK-0164,YALAN,"[20389, 20026, 10252, 27663, 17536, 7274, 5739, 12497, 20172, 3427, 3415, 13362, 24862, 16836, 12587, 26472, 4617, 6242, 14686, 2008]","[0.0008426423300988972, 0.0002824080875143409, 7.843789353501052e-05, 0.00013982206291984767, 0.0003006163169629872, 0.000503335555549711, 3.852893496514298e-05, 0.009449081495404243, 0.0033634924329817295, 2.355261858610902e-05, 0.00031015597051009536, 0.00011774459562730044, 0.0028783478774130344, 1.6314539607265033e-05, 0.0065388246439397335, 1.7640199075685814e-05, 0.00018667821132112294, 0.00037409563083201647, 2.908344322349876e-05, 1.6964426322374493e-05]","[0.0024752626195549965, 0.9927582740783691, 0.004766537342220545]","[0.0024752626195549965, 0.9927582740783691, 0.004766537342220545]",False,YETERSİZ VERİ,RET,True,False,860.0579000049038,"{""K1_input_and_readiness"": 0.09300000965595245, ""K7_context"": 0.0032999960239976645, ""K1_normalization"": 0.018799997633323073, ""K6_advisory"": 20.800500002224, ""K1_intent"": 0.03359999391250312, ""K2_retrieval"": 182.61299999721814, ""K3_reranker"": 63.77579999389127, ""K8_weighted_ranking"": 1.2186000094516203, ""K3_candidate_filters"": 6.429700006265193, ""K9_advisory_consensus"": 0.008499991963617504, ""K4_nli_and_bypass_check"": 303.5359000059543, ""K5_decision"": 277.32030001061503}",12587
FACTURK-0165,YALAN,"[26390, 6595, 18461, 19290, 9491, 24002, 24946, 19641, 25894, 2947, 17027, 15975, 17151, 4788, 24327, 13731, 316, 9482, 13242, 19527]","[1.7640199075685814e-05, 0.00043563017970882356, 0.001004416379146278, 0.0031603530514985323, 0.0007947254925966263, 0.0026522595435380936, 7.543320680269971e-05, 0.0006986756343394518, 0.0012743262341246009, 0.0004784255870617926, 0.00010637458035489544, 0.0015792594058439136, 1.6964426322374493e-05, 0.0038244836032390594, 1.6314539607265033e-05, 0.0006851712241768837, 1.6442494597868063e-05, 0.02527489699423313, 0.0009473089594393969, 0.0005053045460954309]","[0.0005199938896112144, 0.9988540410995483, 0.0006260084919631481]","[0.0005199938896112144, 0.9988540410995483, 0.0006260084919631481]",False,YETERSİZ VERİ,RET,True,False,602.4088000121992,"{""K1_input_and_readiness"": 0.05190000229049474, ""K7_context"": 0.0015999976312741637, ""K1_normalization"": 0.009199997293762863, ""K6_advisory"": 14.465499989455566, ""K1_intent"": 0.036600002204068005, ""K2_retrieval"": 168.8434999960009, ""K3_reranker"": 69.08090000797529, ""K8_weighted_ranking"": 2.228199999080971, ""K3_candidate_filters"": 8.74879999901168, ""K9_advisory_consensus"": 0.010499992640689015, ""K4_nli_and_bypass_check"": 189.70629999239463, ""K5_decision"": 143.98170000640675}",19290
FACTURK-0166,DOĞRU,"[11295, 20210, 12704, 29876, 19665, 4391, 17435, 10383, 9953, 693, 27360, 12013, 27681, 24484, 2892, 20387, 23136, 8107, 17032, 14179]","[0.00028685410507023335, 0.0007379196467809379, 0.21239535510540009, 0.006564249750226736, 0.003678509034216404, 5.738759500673041e-05, 0.0012545944191515446, 0.0010162440594285727, 2.5466406441410072e-05, 2.566613329690881e-05, 0.00023782203788869083, 5.649793456541374e-05, 3.8229114579735324e-05, 0.0006312434561550617, 0.00039977103006094694, 5.391084778239019e-05, 2.161314114346169e-05, 0.0001559802913106978, 0.0016103574307635427, 7.031184941297397e-05]","[0.002323032356798649, 0.9956743121147156, 0.002002578927204013]","[0.002323032356798649, 0.9956743121147156, 0.002002578927204013]",False,YETERSİZ VERİ,RET,True,False,499.4781999994302,"{""K1_input_and_readiness"": 0.0951000110944733, ""K7_context"": 0.0013999961083754897, ""K1_normalization"": 0.018100006855092943, ""K6_advisory"": 15.43840000522323, ""K1_intent"": 0.049299997044727206, ""K2_retrieval"": 270.52000000549015, ""K3_reranker"": 124.93860001268331, ""K8_weighted_ranking"": 3.0396999936783686, ""K3_candidate_filters"": 11.885899992194027, ""K9_advisory_consensus"": 0.011799987987615168, ""K4_nli_and_bypass_check"": 66.03159999940544, ""K5_decision"": 0.8128000044962391}",20210
FACTURK-0167,YALAN,"[22804, 30151, 11775, 14107, 8968, 24550, 4736, 8794, 11509, 1291, 27847, 23490, 20020, 24834, 2112, 9114, 23751, 29627, 6263, 12363]","[0.9977568984031677, 0.9502266049385071, 0.013902058824896812, 1.6314539607265033e-05, 5.874842099728994e-05, 0.002511463360860944, 0.01808999478816986, 0.014172364957630634, 0.00214894930832088, 9.461262379772961e-05, 0.0017342078499495983, 0.0008426423300988972, 7.426380761899054e-05, 0.005119676236063242, 0.0009697519708424807, 0.0018602986820042133, 7.722192094661295e-05, 0.0032476764172315598, 0.005934066604822874, 0.0017140384297817945]","[0.0024078695569187403, 0.007028908468782902, 0.990563154220581]","[0.0024078695569187403, 0.007028908468782902, 0.990563154220581]",False,YALAN,UYARI,False,False,749.8936999909347,"{""K1_input_and_readiness"": 0.10149998706765473, ""K7_context"": 0.0027999922167509794, ""K1_normalization"": 0.023100001271814108, ""K6_advisory"": 35.95119999954477, ""K1_intent"": 0.07690000347793102, ""K2_retrieval"": 243.717999997898, ""K3_reranker"": 76.39370000106283, ""K8_weighted_ranking"": 3.496000004815869, ""K3_candidate_filters"": 9.976099987397902, ""K9_advisory_consensus"": 0.009399998816661537, ""K4_nli_and_bypass_check"": 236.27349999151193, ""K5_decision"": 138.72220000484958}",22804
FACTURK-0168,YALAN,"[3532, 18767, 18681, 10235, 651, 15319, 23859, 14041, 13904, 19674, 22012, 2033, 21320, 25637, 12172, 26244, 2462, 28597, 28487, 21454]","[0.9972955584526062, 0.00017536994710098952, 8.682210318511352e-05, 0.027954399585723877, 2.566613329690881e-05, 1.6964426322374493e-05, 7.197912054834887e-05, 2.014569145103451e-05, 4.1335399146191776e-05, 0.0001621928095119074, 0.002225670963525772, 0.00012632041762117296, 6.253713218029588e-05, 0.00023231418163049966, 2.5071596610359848e-05, 1.967902426258661e-05, 0.0029235428664833307, 0.0017752605490386486, 1.967902426258661e-05, 1.657145367062185e-05]","[0.002015209523960948, 0.0009109911043196917, 0.997073769569397]","[0.002015209523960948, 0.0009109911043196917, 0.997073769569397]",False,YALAN,UYARI,False,False,397.48169999802485,"{""K1_input_and_readiness"": 0.0661999947624281, ""K7_context"": 0.0017999991541728377, ""K1_normalization"": 0.011199997970834374, ""K6_advisory"": 12.453999996068887, ""K1_intent"": 0.03759999526664615, ""K2_retrieval"": 160.36009999515954, ""K3_reranker"": 74.9329999962356, ""K8_weighted_ranking"": 1.6340000001946464, ""K3_candidate_filters"": 6.859699991764501, ""K9_advisory_consensus"": 0.00890000956133008, ""K4_nli_and_bypass_check"": 91.11039999697823, ""K5_decision"": 46.23130000254605}",3532
FACTURK-0169,DOĞRU,"[20457, 7549, 9693, 20516, 14619, 8300, 30193, 29145, 8161, 16605, 5146, 29321, 26624, 21059, 21058, 19205, 26416, 16293, 9143, 13077]","[0.012336100451648235, 0.006217078305780888, 2.93115390377352e-05, 0.030733928084373474, 2.411113746347837e-05, 0.0013354008551687002, 3.3474691008450463e-05, 0.00027372167096473277, 9.610241977497935e-05, 0.08419108390808105, 0.0012113064294680953, 0.0008830457809381187, 1.6964426322374493e-05, 3.975192521465942e-05, 2.0462934116949327e-05, 0.00014653129619546235, 0.18097352981567383, 0.14116297662258148, 0.29665425419807434, 1.6442494597868063e-05]","[0.046129848808050156, 0.9496736526489258, 0.004196468740701675]","[0.046129848808050156, 0.9496736526489258, 0.004196468740701675]",False,YETERSİZ VERİ,RET,True,False,373.4871999913594,"{""K1_input_and_readiness"": 0.07729999197181314, ""K7_context"": 0.0016999983927235007, ""K1_normalization"": 0.013299999409355223, ""K6_advisory"": 16.112700002850033, ""K1_intent"": 0.08630000229459256, ""K2_retrieval"": 237.49890000908636, ""K3_reranker"": 75.19040000624955, ""K8_weighted_ranking"": 1.2318000080995262, ""K3_candidate_filters"": 6.690500013064593, ""K9_advisory_consensus"": 0.008399991202168167, ""K4_nli_and_bypass_check"": 32.56399999372661, ""K5_decision"": 0.21180001203902066}",29145
FACTURK-0170,YALAN,"[17095, 18398, 3764, 1813, 24738, 2758, 21279, 919, 20389, 5185, 12587, 5396, 6022, 26934, 6047, 21009, 20402, 11628, 27122, 11626]","[0.001081715221516788, 0.002182716503739357, 0.0008360903011634946, 0.00018961740715894848, 3.219233258278109e-05, 4.870464181294665e-05, 0.00016093082376755774, 1.6187581422855146e-05, 0.0005013742484152317, 0.00017813112935982645, 0.00982179306447506, 0.006463137920945883, 2.0462934116949327e-05, 1.6442494597868063e-05, 0.0003799845289904624, 0.00028462239424698055, 1.805851934477687e-05, 1.9988918211311102e-05, 1.750292540236842e-05, 0.0005193048855289817]","[0.3990040421485901, 0.48589521646499634, 0.11510070413351059]","[0.3990040421485901, 0.48589521646499634, 0.11510070413351059]",False,YETERSİZ VERİ,RET,True,False,1107.6343999884557,"{""K1_input_and_readiness"": 0.06259999645408243, ""K7_context"": 0.001800013706088066, ""K1_normalization"": 0.013500000932253897, ""K6_advisory"": 17.620099999476224, ""K1_intent"": 0.05599998985417187, ""K2_retrieval"": 203.9338000031421, ""K3_reranker"": 73.07329999457579, ""K8_weighted_ranking"": 1.2414000084390864, ""K3_candidate_filters"": 6.577000007382594, ""K9_advisory_consensus"": 0.012100004823878407, ""K4_nli_and_bypass_check"": 430.42469999636523, ""K5_decision"": 369.61650000012014}",12587
FACTURK-0171,DOĞRU,"[23557, 91, 41, 16619, 3892, 1814, 20969, 21277, 20498, 1194, 12930, 22466, 23965, 13220, 6812, 11376, 25454, 22886, 8858, 4924]","[0.006930672097951174, 0.0009075025445781648, 0.0007763299508951604, 0.00017674513219390064, 1.6442494597868063e-05, 0.0012793075293302536, 8.156224066624418e-05, 9.83811987680383e-05, 1.892514956125524e-05, 4.0694576455280185e-05, 1.6964426322374493e-05, 0.00017813112935982645, 1.8631746570463292e-05, 0.0015307451831176877, 1.6061610949691385e-05, 2.2474090656032786e-05, 4.6474400733131915e-05, 0.00016474656877107918, 1.6187581422855146e-05, 4.1986306314356625e-05]","[0.000564339105039835, 0.9986612796783447, 0.0007743791211396456]","[0.000564339105039835, 0.9986612796783447, 0.0007743791211396456]",False,YETERSİZ VERİ,RET,True,False,360.5455999932019,"{""K1_input_and_readiness"": 0.09970000246539712, ""K7_context"": 0.0022000021999701858, ""K1_normalization"": 0.014899997040629387, ""K6_advisory"": 17.273699995712377, ""K1_intent"": 0.038999991375021636, ""K2_retrieval"": 194.6377999993274, ""K3_reranker"": 105.93679999874439, ""K8_weighted_ranking"": 1.440600011846982, ""K3_candidate_filters"": 6.822399998782203, ""K9_advisory_consensus"": 0.008600007276982069, ""K4_nli_and_bypass_check"": 27.44979999260977, ""K5_decision"": 0.1740000006975606}",23557
FACTURK-0172,YALAN,"[29620, 28075, 10997, 16687, 25062, 19052, 12614, 5937, 6286, 19866, 21163, 20126, 23492, 13134, 25127, 21689, 11010, 19924, 24445, 16772]","[0.019908789545297623, 6.156764720799401e-05, 0.0005336928297765553, 0.00038747614598833025, 0.0023413407616317272, 2.5071596610359848e-05, 2.5071596610359848e-05, 1.6061610949691385e-05, 0.00854433048516512, 2.2125668692751788e-05, 1.7917987861437723e-05, 1.6442494597868063e-05, 0.00010391067189630121, 0.0002715921145863831, 2.094818773912266e-05, 1.7231572201126255e-05, 2.818866414600052e-05, 0.0018821860430762172, 0.0478690043091774, 1.6442494597868063e-05]","[0.0018818527460098267, 0.995993971824646, 0.0021241051144897938]","[0.0018818527460098267, 0.995993971824646, 0.0021241051144897938]",False,YETERSİZ VERİ,RET,True,False,452.65760000620503,"{""K1_input_and_readiness"": 0.08699999307282269, ""K7_context"": 0.0020000006770715117, ""K1_normalization"": 0.0168999977177009, ""K6_advisory"": 14.235199996619485, ""K1_intent"": 0.041100007365457714, ""K2_retrieval"": 300.2885000023525, ""K3_reranker"": 89.05370000866242, ""K8_weighted_ranking"": 1.4627000055043027, ""K3_candidate_filters"": 7.706799995503388, ""K9_advisory_consensus"": 0.00960000033956021, ""K4_nli_and_bypass_check"": 34.12969999772031, ""K5_decision"": 0.1852000132203102}",10997
FACTURK-0173,YALAN,"[20336, 24955, 2916, 14413, 27480, 12081, 375, 8209, 27683, 1617, 9743, 12071, 5433, 27161, 9068, 29048, 30193, 24773, 3689, 6104]","[0.0002591582597233355, 2.5071596610359848e-05, 0.00033930176869034767, 1.892514956125524e-05, 2.030369250860531e-05, 4.101373633602634e-05, 0.005641908384859562, 7.843789353501052e-05, 3.619466951931827e-05, 1.657145367062185e-05, 0.0021074723917990923, 0.001004416379146278, 6.014152313582599e-05, 1.8631746570463292e-05, 1.6314539607265033e-05, 2.7751651941798627e-05, 1.6442494597868063e-05, 0.00017536994710098952, 0.00028685410507023335, 1.750292540236842e-05]","[0.9838242530822754, 0.01595064252614975, 0.0002250651887152344]","[0.9838242530822754, 0.01595064252614975, 0.0002250651887152344]",False,YALAN,RED,False,False,1062.2993999859318,"{""K1_input_and_readiness"": 0.07869998808018863, ""K7_context"": 0.0015999976312741637, ""K1_normalization"": 0.012799995602108538, ""K6_advisory"": 14.44719999562949, ""K1_intent"": 0.04130000888835639, ""K2_retrieval"": 191.17340000229888, ""K3_reranker"": 89.21140000165906, ""K8_weighted_ranking"": 1.4404999965336174, ""K3_candidate_filters"": 7.227800000691786, ""K9_advisory_consensus"": 0.010100004146806896, ""K4_nli_and_bypass_check"": 399.6686999889789, ""K5_decision"": 354.09100000106264}",20336
FACTURK-0174,YALAN,"[22388, 8685, 30024, 27894, 15787, 431, 19258, 487, 21007, 27689, 10243, 9150, 1701, 12189, 23508, 22218, 5898, 29892, 25225, 27696]","[0.8978744745254517, 0.16762703657150269, 0.7876046895980835, 0.0003668626013677567, 0.007011794950813055, 0.0077555361203849316, 0.015845362097024918, 0.590484082698822, 0.16640430688858032, 0.2297079712152481, 0.49911975860595703, 0.2859697937965393, 0.3362220823764801, 0.009268013760447502, 0.06244528666138649, 0.03782128915190697, 0.33252713084220886, 0.18742996454238892, 0.009090382605791092, 0.06779313832521439]","[0.9812946319580078, 0.015380662865936756, 0.00332467770203948]","[0.9812946319580078, 0.015380662865936756, 0.00332467770203948]",False,DOĞRU,ONAY,False,False,406.20830000261776,"{""K1_input_and_readiness"": 0.07589999586343765, ""K7_context"": 0.0012999953469261527, ""K1_normalization"": 0.012799995602108538, ""K6_advisory"": 15.522999994573183, ""K1_intent"": 0.04270000499673188, ""K2_retrieval"": 214.16139999928419, ""K3_reranker"": 136.22729999769945, ""K8_weighted_ranking"": 1.152400000137277, ""K3_candidate_filters"": 6.642899999860674, ""K9_advisory_consensus"": 0.009199997293762863, ""K4_nli_and_bypass_check"": 27.267800003755838, ""K5_decision"": 0.4275000101188198}",22388
FACTURK-0175,YALAN,"[17313, 24305, 9450, 13192, 27355, 7203, 18574, 22559, 6426, 396, 17170, 25408, 5771, 9712, 17371, 19384, 11814, 19054, 21635, 5144]","[0.995685338973999, 0.009340023621916771, 0.0012351677287369967, 0.01833445206284523, 8.682210318511352e-05, 1.7917987861437723e-05, 4.331903619458899e-05, 0.00029137005913071334, 2.392351052549202e-05, 0.000810387369710952, 1.6442494597868063e-05, 5.920916373725049e-05, 1.6964426322374493e-05, 4.1659583075670525e-05, 0.0026419467758387327, 0.00021152888075448573, 5.391084778239019e-05, 1.6187581422855146e-05, 0.00012243441597092897, 1.6061610949691385e-05]","[0.03657075762748718, 0.9159411191940308, 0.04748811200261116]","[0.03657075762748718, 0.9159411191940308, 0.04748811200261116]",False,YETERSİZ VERİ,RET,True,False,427.33889998635277,"{""K1_input_and_readiness"": 0.09449999197386205, ""K7_context"": 0.0025999906938523054, ""K1_normalization"": 0.01649999467190355, ""K6_advisory"": 16.63350001035724, ""K1_intent"": 0.08610000077169389, ""K2_retrieval"": 174.12540000805166, ""K3_reranker"": 92.81719999853522, ""K8_weighted_ranking"": 1.5761999966343865, ""K3_candidate_filters"": 7.734400001936592, ""K9_advisory_consensus"": 0.009899988071992993, ""K4_nli_and_bypass_check"": 81.00140000169631, ""K5_decision"": 48.51420001068618}",17313
FACTURK-0176,YALAN,"[4817, 744, 5993, 6532, 2858, 12542, 24184, 11277, 2461, 16150, 10416, 30211, 1701, 21954, 14212, 22504, 17244, 2338, 5007, 11778]","[0.07978200167417526, 1.6442494597868063e-05, 0.00021995337738189846, 3.619466951931827e-05, 0.001216041506268084, 0.0003799845289904624, 0.00012148174573667347, 0.0002269338583573699, 1.892514956125524e-05, 0.017712298780679703, 1.6187581422855146e-05, 0.024191485717892647, 0.007317397277802229, 0.0019800399895757437, 1.8342892872169614e-05, 0.04552200436592102, 2.3369333575828932e-05, 1.8631746570463292e-05, 2.2827996872365475e-05, 0.002140589291229844]","[0.0007554340409114957, 0.9973323345184326, 0.0019121880177408457]","[0.0007554340409114957, 0.9973323345184326, 0.0019121880177408457]",False,YALAN,UYARI,False,False,1081.6523999965284,"{""K1_input_and_readiness"": 0.08080000407062471, ""K7_context"": 0.003500012098811567, ""K1_normalization"": 0.017700003809295595, ""K6_advisory"": 28.74139999039471, ""K1_intent"": 0.11209999502170831, ""K2_retrieval"": 202.73020000604447, ""K3_reranker"": 123.82639999850653, ""K8_weighted_ranking"": 1.509299996541813, ""K3_candidate_filters"": 8.215999987442046, ""K9_advisory_consensus"": 0.009900002623908222, ""K4_nli_and_bypass_check"": 362.32169999857433, ""K5_decision"": 349.8666000086814}",30211
FACTURK-0177,YALAN,"[27522, 19484, 11158, 22465, 1959, 28144, 15787, 7224, 3579, 5659, 18975, 12265, 8740, 4561, 2720, 12189, 20985, 6984, 19070, 12677]","[0.002453428227454424, 0.02595735713839531, 3.1201914680423215e-05, 0.1127954050898552, 0.00651349825784564, 0.34334173798561096, 0.007968815043568611, 0.1397482007741928, 0.006338921841233969, 0.0918697863817215, 0.022158868610858917, 0.013742320239543915, 0.010529711842536926, 0.0897732824087143, 0.024145424365997314, 0.038321975618600845, 0.0009146137163043022, 0.008030813187360764, 0.00013658353418577462, 0.24274376034736633]","[0.07322277128696442, 0.9060835242271423, 0.020693810656666756]","[0.07322277128696442, 0.9060835242271423, 0.020693810656666756]",False,YALAN,RED,False,False,744.2996000027051,"{""K1_input_and_readiness"": 0.061700004152953625, ""K7_context"": 0.0020000006770715117, ""K1_normalization"": 0.01309999788645655, ""K6_advisory"": 19.074399999226443, ""K1_intent"": 0.04739999712910503, ""K2_retrieval"": 266.1470999883022, ""K3_reranker"": 71.3532999943709, ""K8_weighted_ranking"": 1.4768999972147867, ""K3_candidate_filters"": 8.325900009367615, ""K9_advisory_consensus"": 0.009900002623908222, ""K4_nli_and_bypass_check"": 193.61270000808872, ""K5_decision"": 179.25420000392478}",28144
FACTURK-0178,YALAN,"[9150, 28388, 25228, 29080, 11780, 12161, 26343, 13341, 9588, 17048, 27696, 15874, 23686, 20566, 1499, 19888, 27997, 8787, 22049, 22359]","[0.0037948342505842447, 0.23970511555671692, 0.001269364496693015, 0.001518850913271308, 0.002790037775412202, 0.0007466114475391805, 0.00046010586083866656, 0.004365325905382633, 2.392351052549202e-05, 0.00020342698553577065, 0.0027791904285550117, 0.0001500056532677263, 5.2662067901110277e-05, 0.03853849694132805, 0.00010554686014074832, 0.0017614696407690644, 0.0016103574307635427, 0.005343256052583456, 0.0002591582597233355, 0.00026530236937105656]","[0.0010395823046565056, 0.998252809047699, 0.0007075502653606236]","[0.0010395823046565056, 0.998252809047699, 0.0007075502653606236]",False,YALAN,UYARI,False,False,1685.3606999939075,"{""K1_input_and_readiness"": 0.1441000058548525, ""K7_context"": 0.0044000043999403715, ""K1_normalization"": 0.023300002794712782, ""K6_advisory"": 23.39620000566356, ""K1_intent"": 0.0484000047435984, ""K2_retrieval"": 237.34620001050644, ""K3_reranker"": 93.51160000369418, ""K8_weighted_ranking"": 1.5725999983260408, ""K3_candidate_filters"": 7.8898999927332625, ""K9_advisory_consensus"": 0.010299991117790341, ""K4_nli_and_bypass_check"": 734.2917999922065, ""K5_decision"": 583.3820999978343}",28388
FACTURK-0179,DOĞRU,"[20593, 29609, 1455, 5214, 6056, 17727, 26572, 27780, 27382, 21925, 18101, 4506, 6780, 20468, 7191, 27098, 15671, 12705, 16314, 17988]","[0.9986541271209717, 2.6688529032981023e-05, 0.0009773502824828029, 2.4682904040673748e-05, 1.6314539607265033e-05, 1.6187581422855146e-05, 1.6314539607265033e-05, 2.7535690605873242e-05, 0.00017265156202483922, 1.6061610949691385e-05, 1.6061610949691385e-05, 1.6061610949691385e-05, 1.6187581422855146e-05, 1.9525883544702083e-05, 1.6314539607265033e-05, 1.593661909282673e-05, 1.6442494597868063e-05, 0.0009326360304839909, 1.6314539607265033e-05, 1.593661909282673e-05]",null,"[0.0, 0.0, 1.0]",True,DOĞRU,ONAY,False,False,224.51859999273438,"{""K1_input_and_readiness"": 0.054500007536262274, ""K7_context"": 0.001400010660290718, ""K1_normalization"": 0.00890000956133008, ""K6_advisory"": 13.297099998453632, ""K1_intent"": 0.030099996365606785, ""K2_retrieval"": 145.27699998870958, ""K3_reranker"": 52.70549999841023, ""K8_weighted_ranking"": 1.3252000062493607, ""K3_candidate_filters"": 7.6902000000700355, ""K9_advisory_consensus"": 0.0092999980552122, ""K4_nli_and_bypass_check"": 0.19180000526830554, ""K5_decision"": 0.21569999807979912}",20593
FACTURK-0180,YALAN,"[2000, 4353, 15684, 4855, 11451, 21500, 10051, 7924, 22918, 3383, 5214, 4866, 25049, 20077, 9524, 8564, 28886, 4469, 14277, 24849]","[0.043042849749326706, 0.00026323829661123455, 0.00011501735571073368, 0.001383117400109768, 1.6442494597868063e-05, 0.0005484792054630816, 0.002560870721936226, 1.9833367332466878e-05, 1.9525883544702083e-05, 1.6187581422855146e-05, 0.018404889851808548, 2.2474090656032786e-05, 0.010013571009039879, 1.6061610949691385e-05, 0.0005152657395228744, 5.0644717703107744e-05, 0.00011591933434829116, 1.8342892872169614e-05, 0.0002959570847451687, 0.0002415662893326953]","[0.0017323857173323631, 0.9972168207168579, 0.0010507450206205249]","[0.0017323857173323631, 0.9972168207168579, 0.0010507450206205249]",False,YETERSİZ VERİ,RET,True,False,1411.8427999928826,"{""K1_input_and_readiness"": 0.13849999231752008, ""K7_context"": 0.002900007530115545, ""K1_normalization"": 0.02469999890308827, ""K6_advisory"": 19.916100005502813, ""K1_intent"": 0.0709999876562506, ""K2_retrieval"": 258.45209999533836, ""K3_reranker"": 114.02860000089277, ""K8_weighted_ranking"": 1.5988000086508691, ""K3_candidate_filters"": 8.426100001088344, ""K9_advisory_consensus"": 0.008999995770864189, ""K4_nli_and_bypass_check"": 514.2608999885852, ""K5_decision"": 490.44779999530874}",2000
FACTURK-0181,YALAN,"[22908, 15852, 18635, 24870, 24497, 14032, 20023, 16917, 18617, 24083, 10414, 4861, 8159, 12474, 15165, 10792, 6705, 24224, 28035, 28530]","[0.0004673480580095202, 4.231559796608053e-05, 0.000192602863535285, 3.095910506090149e-05, 0.00010229986219201237, 0.0033766122069209814, 8.957788668340072e-05, 0.00010889690747717395, 0.0006538155721500516, 0.0002780309587251395, 0.00978387612849474, 0.0026522595435380936, 0.0003225071995984763, 2.4682904040673748e-05, 0.002387409098446369, 1.6964426322374493e-05, 0.0016941031208261847, 0.05877655744552612, 0.00018814207578543574, 4.469407213036902e-05]","[0.9998039603233337, 0.00011796555190812796, 7.812290277797729e-05]","[0.9998039603233337, 0.00011796555190812796, 7.812290277797729e-05]",False,YALAN,RED,False,False,555.3573999932269,"{""K1_input_and_readiness"": 0.06649999704677612, ""K7_context"": 0.0018999999156221747, ""K1_normalization"": 0.011900003300979733, ""K6_advisory"": 17.999699994106777, ""K1_intent"": 0.05800000508315861, ""K2_retrieval"": 149.57270000013523, ""K3_reranker"": 57.95550000038929, ""K8_weighted_ranking"": 1.2983000051463023, ""K3_candidate_filters"": 7.403900002827868, ""K9_advisory_consensus"": 0.00790000194683671, ""K4_nli_and_bypass_check"": 170.73889999301173, ""K5_decision"": 146.443099991302}",4861
FACTURK-0182,DOĞRU,"[9686, 15618, 8503, 14105, 21415, 25757, 4721, 3259, 9527, 20531, 27517, 1120, 2443, 22512, 7632, 19835, 15978, 29017, 29365, 14848]","[0.0035518845543265343, 0.6863700151443481, 0.4530198276042938, 0.00040290519245900214, 4.434627408045344e-05, 0.004281254485249519, 0.0002002737601287663, 0.0003514382697176188, 1.7917987861437723e-05, 1.6314539607265033e-05, 0.0029008574783802032, 0.004101929254829884, 1.6187581422855146e-05, 1.6187581422855146e-05, 1.7366719475830905e-05, 0.9468920826911926, 0.015365341678261757, 0.010052368976175785, 0.00012632041762117296, 0.003579642390832305]","[0.0012881846632808447, 0.000887086323928088, 0.9978247880935669]","[0.0012881846632808447, 0.000887086323928088, 0.9978247880935669]",False,YETERSİZ VERİ,KISMI,True,False,657.5116000021808,"{""K1_input_and_readiness"": 0.0518000015290454, ""K7_context"": 0.001500011421740055, ""K1_normalization"": 0.011000010999850929, ""K6_advisory"": 13.977099995827302, ""K1_intent"": 0.03860000288113952, ""K2_retrieval"": 222.54309999698307, ""K3_reranker"": 97.41410000424366, ""K8_weighted_ranking"": 2.7489999920362607, ""K3_candidate_filters"": 8.828199992422014, ""K9_advisory_consensus"": 0.010900010238401592, ""K4_nli_and_bypass_check"": 164.4436000060523, ""K5_decision"": 140.15969999309164}",19835
FACTURK-0183,DOĞRU,"[6322, 26371, 20718, 14190, 12380, 14909, 16502, 8486, 24551, 9718, 28415, 1024, 15899, 20932, 22146, 14292, 18372, 9387, 26393, 22886]","[0.0003275842755101621, 0.003538086311891675, 0.002833849750459194, 0.0017752605490386486, 0.01358439214527607, 2.5071596610359848e-05, 5.5622065701754764e-05, 0.000159678646014072, 1.6442494597868063e-05, 0.00016346470511052758, 0.0002269338583573699, 7.662102143513039e-05, 0.006438102573156357, 0.0004108485300093889, 1.7917987861437723e-05, 4.94715895911213e-05, 4.1659583075670525e-05, 1.750292540236842e-05, 3.269927037763409e-05, 0.00025514140725135803]","[0.2567425072193146, 0.12698820233345032, 0.6162692904472351]","[0.2567425072193146, 0.12698820233345032, 0.6162692904472351]",False,YALAN,UYARI,False,False,666.3594999990892,"{""K1_input_and_readiness"": 0.07879998884163797, ""K7_context"": 0.0020999868866056204, ""K1_normalization"": 0.013299999409355223, ""K6_advisory"": 23.887599993031472, ""K1_intent"": 0.04270000499673188, ""K2_retrieval"": 228.5995999991428, ""K3_reranker"": 107.45480000332464, ""K8_weighted_ranking"": 1.0617000079946592, ""K3_candidate_filters"": 6.565100004081614, ""K9_advisory_consensus"": 0.008600007276982069, ""K4_nli_and_bypass_check"": 159.70119999838062, ""K5_decision"": 133.22530000004917}",12380
FACTURK-0184,DOĞRU,"[9488, 29879, 1410, 6816, 11764, 23273, 11839, 26772, 9599, 2739, 27031, 2431, 29117, 23790, 12922, 23008, 20352, 23547, 12601, 7427]","[0.07290027290582657, 4.365878339740448e-05, 0.02527489699423313, 1.6187581422855146e-05, 0.1581743359565735, 0.0008295892039313912, 0.00013982206291984767, 1.6061610949691385e-05, 1.7366719475830905e-05, 0.001512938179075718, 0.00025714197545312345, 0.01024860143661499, 0.00023597174731548876, 0.00031258779927156866, 7.484622619813308e-05, 0.003635808825492859, 0.002123966347426176, 0.000458312890259549, 0.0001823546044761315, 0.0013198634842410684]","[0.9971252083778381, 0.0017715741414576769, 0.0011032228358089924]","[0.9971252083778381, 0.0017715741414576769, 0.0011032228358089924]",False,YALAN,RED,False,False,462.49010000610724,"{""K1_input_and_readiness"": 0.0931999966269359, ""K7_context"": 0.0016999983927235007, ""K1_normalization"": 0.01929998688865453, ""K6_advisory"": 19.11949999339413, ""K1_intent"": 0.0450000079581514, ""K2_retrieval"": 253.22650000452995, ""K3_reranker"": 143.67289999790955, ""K8_weighted_ranking"": 1.220699996338226, ""K3_candidate_filters"": 6.717199998092838, ""K9_advisory_consensus"": 0.008199989679269493, ""K4_nli_and_bypass_check"": 33.69310000562109, ""K5_decision"": 0.5602999881375581}",20352
FACTURK-0185,DOĞRU,"[12152, 18181, 10903, 2007, 3233, 18865, 27074, 18230, 16740, 24053, 10642, 526, 1582, 9479, 26677, 25875, 14493, 7529, 17961, 1112]","[0.00034329999471083283, 0.0011380005162209272, 0.00033274127054028213, 0.0020667945500463247, 2.178264912799932e-05, 0.01009131595492363, 4.006369272246957e-05, 0.0013617033837363124, 0.0006667023408226669, 8.682210318511352e-05, 0.0002715921145863831, 2.526822754589375e-05, 0.0011879054363816977, 0.002560870721936226, 1.9525883544702083e-05, 4.101373633602634e-05, 1.8342892872169614e-05, 6.922183820279315e-05, 1.7917987861437723e-05, 0.0008167381165549159]","[0.001961293863132596, 0.9963247179985046, 0.0017140154959633946]","[0.001961293863132596, 0.9963247179985046, 0.0017140154959633946]",False,YALAN,RED,False,False,1328.9214000105858,"{""K1_input_and_readiness"": 0.09359999967273325, ""K7_context"": 0.0022000021999701858, ""K1_normalization"": 0.014299992471933365, ""K6_advisory"": 18.375699990428984, ""K1_intent"": 0.0357000099029392, ""K2_retrieval"": 185.8599000115646, ""K3_reranker"": 63.56340000638738, ""K8_weighted_ranking"": 2.102099999319762, ""K3_candidate_filters"": 7.275900003151037, ""K9_advisory_consensus"": 0.00960000033956021, ""K4_nli_and_bypass_check"": 566.73450001108, ""K5_decision"": 479.9113000044599}",10903
FACTURK-0186,DOĞRU,"[25228, 12864, 16150, 5023, 22218, 9150, 22732, 18332, 29881, 28547, 13077, 16063, 11125, 2244, 28144, 13390, 27784, 1499, 26748, 15787]","[0.7975568175315857, 0.022715754806995392, 0.06891249865293503, 0.017309095710515976, 0.6504672765731812, 0.22135066986083984, 0.05592617020010948, 0.0075479233637452126, 0.45075228810310364, 0.004101929254829884, 0.000628784007858485, 0.020332353189587593, 0.08601588010787964, 0.00821969285607338, 0.38110437989234924, 0.0030160662718117237, 0.00033535013790242374, 0.006984650157392025, 0.05449987202882767, 0.002323162741959095]","[0.9880195260047913, 0.011280168779194355, 0.0007002970087341964]","[0.9880195260047913, 0.011280168779194355, 0.0007002970087341964]",False,DOĞRU,ONAY,False,False,437.8653000021586,"{""K1_input_and_readiness"": 0.09439999121241271, ""K7_context"": 0.0013999961083754897, ""K1_normalization"": 0.016999998479150236, ""K6_advisory"": 15.256500002578832, ""K1_intent"": 0.05390000296756625, ""K2_retrieval"": 282.52310000243597, ""K3_reranker"": 90.04899999126792, ""K8_weighted_ranking"": 1.1980999988736585, ""K3_candidate_filters"": 6.55679999908898, ""K9_advisory_consensus"": 0.008200004231184721, ""K4_nli_and_bypass_check"": 36.75640000437852, ""K5_decision"": 0.7339000003412366}",25228
FACTURK-0187,DOĞRU,"[6858, 13354, 13753, 8352, 16434, 29381, 16387, 7762, 1791, 5617, 20982, 9722, 16035, 1056, 9214, 743, 12595, 21772, 22496, 17523]","[0.0017342078499495983, 0.0006462032906711102, 0.011642225086688995, 0.0002131875662598759, 4.1335399146191776e-05, 2.4876489987946115e-05, 1.892514956125524e-05, 1.683241134742275e-05, 0.0002251682453788817, 0.021044565364718437, 1.657145367062185e-05, 1.6314539607265033e-05, 0.009936418384313583, 7.031184941297397e-05, 0.02319762483239174, 1.6442494597868063e-05, 0.0014269596431404352, 0.00021152888075448573, 0.0012497093994170427, 0.00028462239424698055]","[0.0005678748129867017, 0.9990471005439758, 0.0003849945205729455]","[0.0005678748129867017, 0.9990471005439758, 0.0003849945205729455]",False,YETERSİZ VERİ,RET,True,False,770.4470999888144,"{""K1_input_and_readiness"": 0.0779999973019585, ""K7_context"": 0.0018999999156221747, ""K1_normalization"": 0.013299999409355223, ""K6_advisory"": 14.97620000736788, ""K1_intent"": 0.03929999365936965, ""K2_retrieval"": 195.13379999261815, ""K3_reranker"": 97.11069999320898, ""K8_weighted_ranking"": 1.4780000055907294, ""K3_candidate_filters"": 7.110000005923212, ""K9_advisory_consensus"": 0.01649999467190355, ""K4_nli_and_bypass_check"": 228.5658000037074, ""K5_decision"": 220.50910000689328}",5617
FACTURK-0188,YALAN,"[5578, 6615, 4532, 21674, 5949, 3324, 4622, 14493, 9972, 12071, 2080, 4160, 29267, 14924, 25113, 28104, 24971, 22599, 12437, 27302]","[0.0017614696407690644, 0.0001547666179249063, 0.002278330735862255, 0.0064882696606218815, 0.00039357561036013067, 0.008847354911267757, 0.006903838831931353, 2.318747829122003e-05, 0.0018821860430762172, 0.0007437028689309955, 8.888084994396195e-05, 3.071818719035946e-05, 0.0010566838318482041, 0.00033274127054028213, 0.0012497093994170427, 0.00015236754552461207, 0.00013765462790615857, 2.526822754589375e-05, 0.0018243826925754547, 1.6061610949691385e-05]","[0.00027797743678092957, 0.9995294809341431, 0.00019254932703915983]","[0.00027797743678092957, 0.9995294809341431, 0.00019254932703915983]",False,YETERSİZ VERİ,RET,True,False,382.35609998810105,"{""K1_input_and_readiness"": 0.06749999010935426, ""K7_context"": 0.0012999953469261527, ""K1_normalization"": 0.012799995602108538, ""K6_advisory"": 15.467900011572056, ""K1_intent"": 0.08149999484885484, ""K2_retrieval"": 219.97530000226106, ""K3_reranker"": 86.56250000058208, ""K8_weighted_ranking"": 1.5839000116102397, ""K3_candidate_filters"": 11.194099992280826, ""K9_advisory_consensus"": 0.02720000338740647, ""K4_nli_and_bypass_check"": 43.66190001019277, ""K5_decision"": 0.4022999928565696}",2080
FACTURK-0189,DOĞRU,"[19351, 11010, 14439, 18431, 24009, 23905, 7735, 28962, 29094, 14762, 19588, 28767, 28547, 16699, 23160, 16651, 17410, 5494, 29532, 19018]","[0.06313490122556686, 2.6897845600615256e-05, 1.6314539607265033e-05, 0.0003799845289904624, 1.67014204635052e-05, 1.6442494597868063e-05, 1.9525883544702083e-05, 6.922183820279315e-05, 1.67014204635052e-05, 0.0007096704212017357, 1.6187581422855146e-05, 1.6061610949691385e-05, 3.7636447814293206e-05, 0.048496000468730927, 0.0009217804181389511, 1.9525883544702083e-05, 0.00043563017970882356, 8.415108459303156e-05, 6.452214438468218e-05, 2.9541422918555327e-05]","[0.00022949272533878684, 0.9992672801017761, 0.0005032200715504587]","[0.00022949272533878684, 0.9992672801017761, 0.0005032200715504587]",False,YETERSİZ VERİ,RET,True,False,648.4321000025375,"{""K1_input_and_readiness"": 0.052799994591623545, ""K7_context"": 0.0011999945854768157, ""K1_normalization"": 0.009100011084228754, ""K6_advisory"": 15.857899998081848, ""K1_intent"": 0.034500000765547156, ""K2_retrieval"": 132.30149999435525, ""K3_reranker"": 60.456899998825975, ""K8_weighted_ranking"": 1.3138000067556277, ""K3_candidate_filters"": 6.746900005964562, ""K9_advisory_consensus"": 0.009099996532313526, ""K4_nli_and_bypass_check"": 226.28370000165887, ""K5_decision"": 201.49260001198854}",5494
FACTURK-0190,YALAN,"[27879, 20768, 21500, 8176, 4504, 8127, 18363, 27285, 21442, 12043, 21657, 3917, 26651, 436, 24271, 532, 12062, 26875, 13924, 10678]","[0.0014895173953846097, 0.0015916259726509452, 6.352188938762993e-05, 1.6314539607265033e-05, 1.6314539607265033e-05, 0.0011116681853309274, 0.0003301527176517993, 0.0008864988922141492, 0.0005132579244673252, 1.922317096614279e-05, 6.253713218029588e-05, 0.0009510130621492863, 0.0007495314348489046, 2.030369250860531e-05, 0.045183755457401276, 1.6442494597868063e-05, 6.502816540887579e-05, 0.00024536947603337467, 6.253713218029588e-05, 0.006241259165108204]","[0.5846853256225586, 0.3954247236251831, 0.019889947026968002]","[0.5846853256225586, 0.3954247236251831, 0.019889947026968002]",False,YALAN,RED,False,False,497.16929999704007,"{""K1_input_and_readiness"": 0.06520000169984996, ""K7_context"": 0.0014999968698248267, ""K1_normalization"": 0.009900002623908222, ""K6_advisory"": 12.205399994854815, ""K1_intent"": 0.050300004659220576, ""K2_retrieval"": 148.08009999978822, ""K3_reranker"": 53.60389999987092, ""K8_weighted_ranking"": 1.1632999958237633, ""K3_candidate_filters"": 5.99079999665264, ""K9_advisory_consensus"": 0.008899995009414852, ""K4_nli_and_bypass_check"": 149.49389999674167, ""K5_decision"": 122.72260000463575}",8127
FACTURK-0191,DOĞRU,"[5224, 16071, 17558, 25103, 12191, 26149, 2009, 16379, 7290, 6976, 18980, 10178, 19539, 21619, 489, 12175, 3972, 4904, 25166, 14360]","[0.0008864988922141492, 0.00032503585680387914, 0.002540992572903633, 1.67014204635052e-05, 1.9525883544702083e-05, 1.6314539607265033e-05, 1.7366719475830905e-05, 1.6442494597868063e-05, 2.1112482500029728e-05, 0.00015236754552461207, 1.6187581422855146e-05, 1.593661909282673e-05, 2.4300241420860402e-05, 8.957788668340072e-05, 1.7097478121286258e-05, 1.9373936083866283e-05, 2.7969301299890503e-05, 1.6061610949691385e-05, 0.00019871552649419755, 1.6187581422855146e-05]","[0.6512620449066162, 0.04550304636359215, 0.30323490500450134]","[0.6512620449066162, 0.04550304636359215, 0.30323490500450134]",False,YALAN,RED,False,False,511.4215000066906,"{""K1_input_and_readiness"": 0.052100003813393414, ""K7_context"": 0.0016999983927235007, ""K1_normalization"": 0.01589999010320753, ""K6_advisory"": 16.46039998740889, ""K1_intent"": 0.07589999586343765, ""K2_retrieval"": 144.91930000076536, ""K3_reranker"": 65.42559999797959, ""K8_weighted_ranking"": 1.8064000032609329, ""K3_candidate_filters"": 8.13259999267757, ""K9_advisory_consensus"": 0.010200004908256233, ""K4_nli_and_bypass_check"": 142.99860000028275, ""K5_decision"": 126.98380000074394}",10178
FACTURK-0192,DOĞRU,"[19325, 27343, 6334, 20335, 11505, 27852, 12545, 8775, 5692, 24499, 6977, 10454, 24531, 3791, 8010, 8023, 29196, 22303, 23261, 22586]","[0.9460012316703796, 0.00020825010142289102, 0.0005112579092383385, 0.0001559802913106978, 0.00012731103925034404, 0.0001344663032796234, 0.000539980421308428, 4.006369272246957e-05, 0.00022167809947859496, 0.0004747042548842728, 0.00015843621804378927, 0.00013982206291984767, 3.8229114579735324e-05, 1.6187581422855146e-05, 4.794958294951357e-05, 1.6187581422855146e-05, 7.426380761899054e-05, 8.614650869276375e-05, 2.195349043176975e-05, 0.00026323829661123455]","[0.0010169798042625189, 0.9670586585998535, 0.03192439675331116]","[0.0010169798042625189, 0.9670586585998535, 0.03192439675331116]",False,YETERSİZ VERİ,RET,True,False,471.69200000644196,"{""K1_input_and_readiness"": 0.05420000525191426, ""K7_context"": 0.0015999976312741637, ""K1_normalization"": 0.008700008038431406, ""K6_advisory"": 13.022300001466647, ""K1_intent"": 0.04440000338945538, ""K2_retrieval"": 162.3507000040263, ""K3_reranker"": 88.06389999517705, ""K8_weighted_ranking"": 1.28749999566935, ""K3_candidate_filters"": 6.767800005036406, ""K9_advisory_consensus"": 0.009399998816661537, ""K4_nli_and_bypass_check"": 118.55759999889415, ""K5_decision"": 76.89409999875352}",19325
FACTURK-0193,DOĞRU,"[4093, 4710, 27488, 7203, 16807, 2121, 3668, 28848, 13963, 17797, 18508, 28014, 19074, 4659, 11250, 23026, 19054, 13077, 28436, 27322]","[0.025662705302238464, 0.12787027657032013, 0.0003889921063091606, 0.059101540595293045, 0.0013993984321132302, 0.0032350558321923018, 0.015365341678261757, 6.502816540887579e-05, 0.00011235327838221565, 0.015543648041784763, 0.0001956353517016396, 0.01634012721478939, 0.000192602863535285, 5.694102947018109e-05, 9.387641330249608e-05, 0.0005658799782395363, 5.829126530443318e-05, 0.020924191921949387, 0.00046010586083866656, 0.00019716942915692925]","[0.9288825392723083, 0.06913644075393677, 0.001980980159714818]","[0.9288825392723083, 0.06913644075393677, 0.001980980159714818]",False,DOĞRU,ONAY,False,False,835.6280000007246,"{""K1_input_and_readiness"": 0.05879999662283808, ""K7_context"": 0.0015999976312741637, ""K1_normalization"": 0.010399991879239678, ""K6_advisory"": 15.278199993190356, ""K1_intent"": 0.03850000211969018, ""K2_retrieval"": 192.33710000116844, ""K3_reranker"": 116.73310000333004, ""K8_weighted_ranking"": 1.3016000011703, ""K3_candidate_filters"": 6.788900005631149, ""K9_advisory_consensus"": 0.009499999578110874, ""K4_nli_and_bypass_check"": 206.03830000618473, ""K5_decision"": 292.9518000019016}",4710
FACTURK-0194,DOĞRU,"[5958, 15787, 12349, 3641, 26597, 9563, 12796, 12977, 3737, 29883, 12818, 29658, 14015, 23117, 25004, 23631, 25873, 8602, 10079, 15062]","[0.0002780309587251395, 4.1335399146191776e-05, 0.00046917638974264264, 7.602479308843613e-05, 3.024195939360652e-05, 4.683888619183563e-05, 8.481103577651083e-05, 2.566613329690881e-05, 6.014152313582599e-05, 0.00023231418163049966, 0.00021824207215104252, 3.0479141059913673e-05, 0.000471011851914227, 7.031184941297397e-05, 0.00014091856428422034, 5.738759500673041e-05, 0.00010720880527514964, 0.029760092496871948, 4.1659583075670525e-05, 0.002746900776401162]","[0.0059635089710354805, 0.9720517992973328, 0.021984698250889778]","[0.0059635089710354805, 0.9720517992973328, 0.021984698250889778]",False,YETERSİZ VERİ,RET,True,False,1087.9579999891575,"{""K1_input_and_readiness"": 0.11589999485295266, ""K7_context"": 0.0033999967854470015, ""K1_normalization"": 0.021500003640539944, ""K6_advisory"": 15.998700007912703, ""K1_intent"": 0.06500000017695129, ""K2_retrieval"": 207.59210000687744, ""K3_reranker"": 100.72550000040792, ""K8_weighted_ranking"": 1.5540999884251505, ""K3_candidate_filters"": 7.05240000388585, ""K9_advisory_consensus"": 0.010200004908256233, ""K4_nli_and_bypass_check"": 449.94530000258237, ""K5_decision"": 297.73999999451917}",8602
FACTURK-0195,YALAN,"[28039, 4770, 4872, 17816, 12447, 27699, 25033, 20837, 9878, 15959, 9360, 17066, 12613, 27074, 4648, 30006, 24772, 2951, 28423, 8616]","[1.7778551409719512e-05, 0.00027372167096473277, 1.7097478121286258e-05, 6.814872176619247e-05, 1.7366719475830905e-05, 0.00048406238784082234, 0.00010637458035489544, 0.00018522572645451874, 4.611274925991893e-05, 1.8200149497715756e-05, 1.6964426322374493e-05, 4.7206227463902906e-05, 0.0001673405058681965, 1.6187581422855146e-05, 1.6187581422855146e-05, 0.000191104321856983, 1.6061610949691385e-05, 1.6314539607265033e-05, 1.657145367062185e-05, 1.67014204635052e-05]","[0.018714100122451782, 0.9542425870895386, 0.027043355628848076]","[0.018714100122451782, 0.9542425870895386, 0.027043355628848076]",False,YALAN,RED,False,False,694.2790999892168,"{""K1_input_and_readiness"": 0.11420001101214439, ""K7_context"": 0.0031999952625483274, ""K1_normalization"": 0.020899999071843922, ""K6_advisory"": 32.52579999389127, ""K1_intent"": 0.056599994422867894, ""K2_retrieval"": 214.54190000076778, ""K3_reranker"": 82.86670000234153, ""K8_weighted_ranking"": 1.141099986853078, ""K3_candidate_filters"": 6.89540000166744, ""K9_advisory_consensus"": 0.00960000033956021, ""K4_nli_and_bypass_check"": 201.29789999919012, ""K5_decision"": 150.7905999897048}",12613
FACTURK-0196,DOĞRU,"[24272, 1218, 2566, 28738, 9606, 5817, 13586, 20724, 7662, 7441, 16948, 11149, 11901, 18352, 16473, 8252, 15483, 25643, 11536, 12706]","[0.00045121065340936184, 0.0002287133247591555, 0.0003029734070878476, 2.7751651941798627e-05, 4.757645365316421e-05, 1.6964426322374493e-05, 1.8486754925106652e-05, 2.3007036361377686e-05, 0.00021654405281879008, 0.0040543340146541595, 1.6442494597868063e-05, 5.874842099728994e-05, 0.0007437028689309955, 0.005620036274194717, 1.6964426322374493e-05, 0.0002251682453788817, 6.657015910604969e-05, 5.829126530443318e-05, 0.0008009536541067064, 0.002378123812377453]","[0.00116413040086627, 0.9981270432472229, 0.0007088442798703909]","[0.00116413040086627, 0.9981270432472229, 0.0007088442798703909]",False,YALAN,RED,False,False,352.2789999988163,"{""K1_input_and_readiness"": 0.06299999949987978, ""K7_context"": 0.0017999991541728377, ""K1_normalization"": 0.011600001016631722, ""K6_advisory"": 13.550699994084425, ""K1_intent"": 0.03789999755099416, ""K2_retrieval"": 201.30400000198279, ""K3_reranker"": 92.39010000601411, ""K8_weighted_ranking"": 1.3106999977026135, ""K3_candidate_filters"": 6.672999996226281, ""K9_advisory_consensus"": 0.008800008799880743, ""K4_nli_and_bypass_check"": 31.478999997489154, ""K5_decision"": 0.41599999531172216}",18352
FACTURK-0197,YALAN,"[3315, 11155, 1090, 1840, 19258, 9150, 27488, 29196, 14313, 5300, 21201, 24869, 29875, 13077, 24454, 5898, 5272, 21495, 14770, 17113]","[0.002580904169008136, 0.0021322614047676325, 0.02433018945157528, 0.007968815043568611, 7.543320680269971e-05, 0.017176708206534386, 0.0014103584690019488, 0.0003150386910419911, 0.0003500686143524945, 0.4480036199092865, 0.0060975621454417706, 0.002736221067607403, 1.9833367332466878e-05, 0.006641112733632326, 1.683241134742275e-05, 0.0017342078499495983, 0.4563492238521576, 2.2827996872365475e-05, 0.038321975618600845, 3.8229114579735324e-05]","[0.014469500631093979, 0.9836609959602356, 0.0018694724421948195]","[0.014469500631093979, 0.9836609959602356, 0.0018694724421948195]",False,YALAN,UYARI,False,False,556.4176000043517,"{""K1_input_and_readiness"": 0.12329999299254268, ""K7_context"": 0.0021999876480549574, ""K1_normalization"": 0.021200001356191933, ""K6_advisory"": 14.554900000803173, ""K1_intent"": 0.05319999763742089, ""K2_retrieval"": 298.08959999354556, ""K3_reranker"": 198.34639999317005, ""K8_weighted_ranking"": 1.2963999906787649, ""K3_candidate_filters"": 6.926199988811277, ""K9_advisory_consensus"": 0.011999989510513842, ""K4_nli_and_bypass_check"": 32.697700007702224, ""K5_decision"": 0.23940000392030925}",5272
FACTURK-0198,DOĞRU,"[2993, 29892, 12189, 27894, 15787, 11479, 22218, 12809, 27689, 1272, 6047, 3189, 20136, 24869, 18332, 22732, 26284, 29403, 21169, 23181]","[0.005260852165520191, 0.027376487851142883, 0.11961366981267929, 0.009596454910933971, 0.013273886404931545, 0.03697755187749863, 0.20721471309661865, 0.016466174274683, 0.00023782203788869083, 0.026455774903297424, 0.00027372167096473277, 0.01634012721478939, 0.04023794084787369, 0.020884215831756592, 0.010013571009039879, 0.014899643138051033, 0.5824910402297974, 0.0008559006964787841, 0.011597361415624619, 0.14730967581272125]","[0.8244075179100037, 0.17484217882156372, 0.0007502954686060548]","[0.8244075179100037, 0.17484217882156372, 0.0007502954686060548]",False,DOĞRU,ONAY,False,False,1182.794799999101,"{""K1_input_and_readiness"": 0.08019999950192869, ""K7_context"": 0.0015999976312741637, ""K1_normalization"": 0.014500008546747267, ""K6_advisory"": 14.89910000236705, ""K1_intent"": 0.1762000028975308, ""K2_retrieval"": 234.73240000021178, ""K3_reranker"": 86.23800000350457, ""K8_weighted_ranking"": 1.1091000051237643, ""K3_candidate_filters"": 5.827300003147684, ""K9_advisory_consensus"": 0.009199997293762863, ""K4_nli_and_bypass_check"": 444.0986999979941, ""K5_decision"": 390.9379999968223}",26284
FACTURK-0199,DOĞRU,"[27018, 6504, 26199, 1562, 9572, 23772, 20420, 29539, 4002, 25231, 18772, 19190, 12333, 22210, 3551, 11330, 26934, 7744, 3249, 22221]","[0.00026947917649522424, 0.00044248730409890413, 4.331903619458899e-05, 1.6442494597868063e-05, 0.0011559007689356804, 0.0025909794494509697, 4.1986306314356625e-05, 5.5622065701754764e-05, 1.7366719475830905e-05, 1.7097478121286258e-05, 1.6314539607265033e-05, 0.0006000071880407631, 0.01024860143661499, 1.6314539607265033e-05, 0.0018172829877585173, 8.415108459303156e-05, 1.6442494597868063e-05, 7.9673009167891e-05, 1.6442494597868063e-05, 0.00042554305400699377]","[0.1613035947084427, 0.6376566290855408, 0.20103982090950012]","[0.1613035947084427, 0.6376566290855408, 0.20103982090950012]",False,YETERSİZ VERİ,RET,True,False,788.0369000049541,"{""K1_input_and_readiness"": 0.06750000466126949, ""K7_context"": 0.0014999968698248267, ""K1_normalization"": 0.010200004908256233, ""K6_advisory"": 12.799300006008707, ""K1_intent"": 0.05149999924469739, ""K2_retrieval"": 197.0967999950517, ""K3_reranker"": 116.8438999884529, ""K8_weighted_ranking"": 1.4924999995855615, ""K3_candidate_filters"": 7.886400009738281, ""K9_advisory_consensus"": 0.009800001862458885, ""K4_nli_and_bypass_check"": 248.5558000043966, ""K5_decision"": 199.53179999720305}",6504
FACTURK-0200,DOĞRU,"[25108, 30120, 24217, 2506, 3423, 16322, 12763, 12935, 8507, 26227, 21058, 14012, 26004, 8602, 6276, 14728, 5535, 5533, 14084, 23792]","[0.008412977680563927, 0.0014214044203981757, 0.020332353189587593, 0.0001956353517016396, 0.28348374366760254, 3.4537253668531775e-05, 0.001987774157896638, 0.0007793660624884069, 3.5633544030133635e-05, 0.0008199321455322206, 0.00013658353418577462, 0.0013096056645736098, 1.8486754925106652e-05, 0.007039045449346304, 0.000706905557308346, 0.0010362669127061963, 0.00018667821132112294, 0.0014103584690019488, 0.0024438868276774883, 0.0044683837331831455]","[0.006302760448306799, 0.991859495639801, 0.0018377938540652394]","[0.006302760448306799, 0.991859495639801, 0.0018377938540652394]",False,YALAN,UYARI,False,False,463.5851999919396,"{""K1_input_and_readiness"": 0.08270000398624688, ""K7_context"": 0.0020000006770715117, ""K1_normalization"": 0.016299993149004877, ""K6_advisory"": 15.050599991809577, ""K1_intent"": 0.08630000229459256, ""K2_retrieval"": 296.3766000029864, ""K3_reranker"": 96.25580000283662, ""K8_weighted_ranking"": 1.8609000107971951, ""K3_candidate_filters"": 8.404599997447804, ""K9_advisory_consensus"": 0.017400001524947584, ""K4_nli_and_bypass_check"": 39.87310000229627, ""K5_decision"": 0.3403000009711832}",24217
FACTURK-0201,DOĞRU,"[24946, 1212, 10614, 6387, 10000, 5133, 22301, 1061, 9347, 16041, 13673, 20296, 14919, 17124, 6797, 22817, 26775, 16218, 9914, 26733]","[0.9995505213737488, 0.027954399585723877, 0.19436779618263245, 0.009020279161632061, 1.805851934477687e-05, 0.00034870431409217417, 0.0003569706459529698, 0.0003053489199373871, 0.00025514140725135803, 0.00011682839976856485, 6.452214438468218e-05, 0.00038446192047558725, 0.0005861161625944078, 1.6061610949691385e-05, 0.00013658353418577462, 0.00011774459562730044, 1.750292540236842e-05, 0.004773722495883703, 0.004485794343054295, 0.00043904531048610806]",null,"[0.0, 0.0, 1.0]",True,DOĞRU,ONAY,False,False,312.35589999414515,"{""K1_input_and_readiness"": 0.07340000593103468, ""K7_context"": 0.0017999991541728377, ""K1_normalization"": 0.01649999467190355, ""K6_advisory"": 17.881899999338202, ""K1_intent"": 0.04359999729786068, ""K2_retrieval"": 200.16039999609347, ""K3_reranker"": 79.8612999933539, ""K8_weighted_ranking"": 1.5318000077968463, ""K3_candidate_filters"": 7.37469999876339, ""K9_advisory_consensus"": 0.01750000228639692, ""K4_nli_and_bypass_check"": 0.34339999547228217, ""K5_decision"": 0.30270000570453703}",24946
FACTURK-0202,DOĞRU,"[22661, 17307, 8293, 24091, 4525, 29775, 5697, 8064, 17985, 4114, 11061, 4056, 21645, 19296, 20659, 5206, 12269, 16472, 12246, 30200]","[0.005685906857252121, 0.00677120964974165, 0.007937993854284286, 0.006903838831931353, 0.008093290030956268, 0.01342825498431921, 0.00015843621804378927, 0.004248078912496567, 0.002034817123785615, 0.0032224843744188547, 5.0644717703107744e-05, 0.0012644219677895308, 0.0008899655076675117, 0.005119676236063242, 0.0007014083093963563, 0.0018102108733728528, 0.003510648850351572, 0.0007379196467809379, 0.00026530236937105656, 0.0004407629603520036]","[0.0004799988819286227, 0.9988988637924194, 0.0006211647414602339]","[0.0004799988819286227, 0.9988988637924194, 0.0006211647414602339]",False,YALAN,RED,False,False,332.3773000010988,"{""K1_input_and_readiness"": 0.06600000779144466, ""K7_context"": 0.0021000014385208488, ""K1_normalization"": 0.01170000177808106, ""K6_advisory"": 15.140000003157184, ""K1_intent"": 0.036299999919719994, ""K2_retrieval"": 182.59820000093896, ""K3_reranker"": 89.70460000273306, ""K8_weighted_ranking"": 1.5275000041583553, ""K3_candidate_filters"": 6.864799986942671, ""K9_advisory_consensus"": 0.008799994247965515, ""K4_nli_and_bypass_check"": 31.686800008174032, ""K5_decision"": 0.3912000101990998}",4525
FACTURK-0203,YALAN,"[29110, 4632, 7773, 6920, 14298, 23177, 29996, 7350, 18925, 7192, 25142, 28320, 12134, 29924, 22407, 26261, 29255, 15490, 30337, 29203]","[0.9965837001800537, 0.0007014083093963563, 0.005842605605721474, 0.0004124558763578534, 0.00028462239424698055, 8.957788668340072e-05, 0.004382336512207985, 0.0012497093994170427, 7.843789353501052e-05, 0.00023231418163049966, 1.6187581422855146e-05, 0.00039666122756898403, 0.002822832902893424, 0.0009110511746257544, 0.00017952796770259738, 0.0004897656035609543, 0.000570315751247108, 0.49691399931907654, 1.657145367062185e-05, 0.00020184421737212688]",null,"[0.0, 0.0, 1.0]",True,YALAN,UYARI,False,False,410.5830999906175,"{""K1_input_and_readiness"": 0.05190000229049474, ""K7_context"": 0.0015999976312741637, ""K1_normalization"": 0.009000010322779417, ""K6_advisory"": 15.41449999785982, ""K1_intent"": 0.03200001083314419, ""K2_retrieval"": 148.74679999775253, ""K3_reranker"": 233.8840999873355, ""K8_weighted_ranking"": 1.480000006267801, ""K3_candidate_filters"": 5.736900013289414, ""K9_advisory_consensus"": 0.011799987987615168, ""K4_nli_and_bypass_check"": 0.32610000926069915, ""K5_decision"": 0.33229999826289713}",29110
FACTURK-0204,DOĞRU,"[10770, 25701, 12616, 28828, 11750, 26004, 20341, 29480, 22830, 24388, 8609, 11155, 6234, 20529, 18355, 2688, 21060, 2640, 19578, 8089]","[0.05613277852535248, 0.000458312890259549, 2.094818773912266e-05, 0.00020988310279790312, 2.977311669383198e-05, 4.985958003089763e-05, 2.6897845600615256e-05, 0.08850465714931488, 1.6442494597868063e-05, 1.7778551409719512e-05, 0.0010649627074599266, 1.6314539607265033e-05, 0.002191240666434169, 1.657145367062185e-05, 3.321419353596866e-05, 1.6061610949691385e-05, 0.000191104321856983, 1.657145367062185e-05, 0.00023413581948261708, 3.1941821362124756e-05]","[0.003383056027814746, 0.9956041574478149, 0.0010128060821443796]","[0.003383056027814746, 0.9956041574478149, 0.0010128060821443796]",False,YETERSİZ VERİ,RET,True,False,1470.7666000031168,"{""K1_input_and_readiness"": 0.06649999704677612, ""K7_context"": 0.0015999976312741637, ""K1_normalization"": 0.011800002539530396, ""K6_advisory"": 13.172899998608045, ""K1_intent"": 0.03959999594371766, ""K2_retrieval"": 216.94990000105463, ""K3_reranker"": 107.0319999998901, ""K8_weighted_ranking"": 1.3875000004190952, ""K3_candidate_filters"": 7.325200000195764, ""K9_advisory_consensus"": 0.008699993486516178, ""K4_nli_and_bypass_check"": 541.7851999955019, ""K5_decision"": 578.2259999978123}",8609
FACTURK-0205,DOĞRU,"[20122, 26698, 28378, 16671, 4516, 19554, 6038, 15546, 23135, 12375, 27048, 11727, 29365, 26468, 15509, 15290, 26741, 9980, 621, 128]","[0.004591683857142925, 2.318747829122003e-05, 1.8631746570463292e-05, 1.6187581422855146e-05, 7.141901005525142e-05, 1.657145367062185e-05, 4.1335399146191776e-05, 0.0001344663032796234, 1.9525883544702083e-05, 1.6187581422855146e-05, 0.00049553596181795, 3.734356869244948e-05, 1.6442494597868063e-05, 2.1278065105434507e-05, 6.60521473037079e-05, 1.657145367062185e-05, 1.6187581422855146e-05, 1.6314539607265033e-05, 1.6314539607265033e-05, 0.009670992381870747]","[0.005822960287332535, 0.9773606061935425, 0.01681641675531864]","[0.005822960287332535, 0.9773606061935425, 0.01681641675531864]",False,YETERSİZ VERİ,RET,True,False,508.78170000214595,"{""K1_input_and_readiness"": 0.05740000051446259, ""K7_context"": 0.0013999961083754897, ""K1_normalization"": 0.010199990356341004, ""K6_advisory"": 13.143799995305017, ""K1_intent"": 0.03300000389572233, ""K2_retrieval"": 151.01560000039171, ""K3_reranker"": 68.01279999490362, ""K8_weighted_ranking"": 1.3132000021869317, ""K3_candidate_filters"": 7.766299997456372, ""K9_advisory_consensus"": 0.009099996532313526, ""K4_nli_and_bypass_check"": 150.9688000078313, ""K5_decision"": 112.80809999152552}",20122
FACTURK-0206,YALAN,"[29913, 19220, 2031, 20823, 8855, 6137, 1587, 12410, 17244, 8176, 28829, 3875, 13945, 19899, 23504, 6389, 4522, 20323, 2288, 10348]","[0.9994786381721497, 0.0009326360304839909, 1.657145367062185e-05, 8.415108459303156e-05, 1.7640199075685814e-05, 1.8342892872169614e-05, 0.0007014083093963563, 2.6897845600615256e-05, 3.647853736765683e-05, 1.8342892872169614e-05, 0.0005053045460954309, 1.6314539607265033e-05, 0.0001500056532677263, 0.0005112579092383385, 1.8486754925106652e-05, 2.014569145103451e-05, 0.00049553596181795, 0.00022167809947859496, 1.805851934477687e-05, 1.9988918211311102e-05]","[0.0004296333063393831, 0.0001955512707354501, 0.9993748068809509]","[0.0004296333063393831, 0.0001955512707354501, 0.9993748068809509]",False,YALAN,UYARI,False,False,649.5833999942988,"{""K1_input_and_readiness"": 0.08540000999346375, ""K7_context"": 0.0014999968698248267, ""K1_normalization"": 0.013800003216601908, ""K6_advisory"": 15.521699999226257, ""K1_intent"": 0.04220000118948519, ""K2_retrieval"": 198.31130000238772, ""K3_reranker"": 84.98450000479352, ""K8_weighted_ranking"": 1.342500007012859, ""K3_candidate_filters"": 7.36210000468418, ""K9_advisory_consensus"": 0.009199997293762863, ""K4_nli_and_bypass_check"": 190.10000000707805, ""K5_decision"": 146.4672000001883}",29913
FACTURK-0207,DOĞRU,"[18561, 12152, 22465, 10902, 4855, 11058, 27017, 4992, 7224, 13048, 7924, 12330, 13026, 25108, 9084, 10076, 15036, 21059, 27818, 2984]","[0.00011147904297104105, 3.095910506090149e-05, 0.00010554686014074832, 6.402006692951545e-05, 2.6480842279852368e-05, 0.002082970691844821, 0.0013993984321132302, 2.030369250860531e-05, 0.009055263362824917, 0.002225670963525772, 6.922183820279315e-05, 7.031184941297397e-05, 0.001269364496693015, 3.269927037763409e-05, 0.0027791904285550117, 0.00034196203341707587, 0.02157406695187092, 1.6061610949691385e-05, 0.004281254485249519, 1.7917987861437723e-05]","[0.014384095557034016, 0.9831212759017944, 0.002494703745469451]","[0.014384095557034016, 0.9831212759017944, 0.002494703745469451]",False,YALAN,UYARI,False,False,829.4891999976244,"{""K1_input_and_readiness"": 0.07819999882485718, ""K7_context"": 0.0017999991541728377, ""K1_normalization"": 0.01340000017080456, ""K6_advisory"": 13.206699994043447, ""K1_intent"": 0.03609999839682132, ""K2_retrieval"": 208.70960000320338, ""K3_reranker"": 87.32059999601915, ""K8_weighted_ranking"": 1.3641999976243824, ""K3_candidate_filters"": 6.935800003702752, ""K9_advisory_consensus"": 0.008400005754083395, ""K4_nli_and_bypass_check"": 264.6489000035217, ""K5_decision"": 243.54229999880772}",7224
FACTURK-0208,DOĞRU,"[26920, 1739, 3717, 24186, 1747, 10692, 18453, 25764, 18561, 20708, 30100, 17448, 17499, 11775, 88, 26333, 24934, 38, 13453, 2720]","[0.9992706179618835, 0.04385456070303917, 0.0004407629603520036, 0.00011323437502142042, 1.7366719475830905e-05, 0.0007613258203491569, 2.6688529032981023e-05, 3.9442587876692414e-05, 0.000124362253700383, 0.0016809417866170406, 0.00026947917649522424, 3.734356869244948e-05, 7.722192094661295e-05, 0.0065388246439397335, 0.0004060639475937933, 0.012673736549913883, 2.6480842279852368e-05, 0.00043393249507062137, 4.1986306314356625e-05, 0.00044770087697543204]",null,"[0.0, 0.0, 1.0]",True,YETERSİZ VERİ,KISMI,True,False,298.51520000374876,"{""K1_input_and_readiness"": 0.0796000094851479, ""K7_context"": 0.0018999999156221747, ""K1_normalization"": 0.012800010154023767, ""K6_advisory"": 13.283100008266047, ""K1_intent"": 0.03819999983534217, ""K2_retrieval"": 156.82040000683628, ""K3_reranker"": 115.63080000632908, ""K8_weighted_ranking"": 1.3304000021889806, ""K3_candidate_filters"": 7.103299998561852, ""K9_advisory_consensus"": 0.009499999578110874, ""K4_nli_and_bypass_check"": 0.31209998996928334, ""K5_decision"": 0.3755999932764098}",26920
FACTURK-0209,YALAN,"[6451, 25750, 13875, 18085, 7811, 2416, 29858, 6684, 2729, 25254, 6328, 23604, 19976, 26193, 7301, 11198, 16617, 14205, 7407, 6618]","[0.9754835963249207, 0.0009075025445781648, 0.0009253848693333566, 0.0012351677287369967, 0.58521968126297, 0.013325147330760956, 0.05223086103796959, 1.6187581422855146e-05, 0.004331501666456461, 0.00020988310279790312, 1.6442494597868063e-05, 1.683241134742275e-05, 0.006718870252370834, 9.098840382648632e-05, 0.0015307451831176877, 1.6442494597868063e-05, 0.00012731103925034404, 0.00027586790383793414, 3.1941821362124756e-05, 1.6187581422855146e-05]","[0.0015800300752744079, 0.9979329109191895, 0.00048708630492910743]","[0.0015800300752744079, 0.9979329109191895, 0.00048708630492910743]",False,YETERSİZ VERİ,RET,True,False,330.477499999688,"{""K1_input_and_readiness"": 0.09630000567995012, ""K7_context"": 0.0015999976312741637, ""K1_normalization"": 0.01479999627918005, ""K6_advisory"": 14.331500002299435, ""K1_intent"": 0.043499996536411345, ""K2_retrieval"": 184.9207000050228, ""K3_reranker"": 78.99570000881795, ""K8_weighted_ranking"": 1.2933000107295811, ""K3_candidate_filters"": 6.886700008180924, ""K9_advisory_consensus"": 0.007800001185387373, ""K4_nli_and_bypass_check"": 39.692999998806044, ""K5_decision"": 0.3443000023253262}",29858
FACTURK-0210,YALAN,"[8685, 24354, 25228, 25169, 15787, 16150, 24020, 27219, 25225, 2858, 13541, 9220, 28547, 24956, 9510, 22126, 438, 15238, 3189, 22695]","[0.0020111582707613707, 0.44188374280929565, 0.5017337799072266, 0.003914823289960623, 0.002934951800853014, 0.18447348475456238, 0.009232213720679283, 0.006877107545733452, 0.026657739654183388, 0.0017961491830646992, 0.022715754806995392, 0.006903838831931353, 0.03371654078364372, 0.0011786719551309943, 0.0511774942278862, 0.0388290211558342, 0.00985985528677702, 0.030733928084373474, 0.7789857983589172, 0.4933590292930603]","[0.9782906770706177, 0.01963110826909542, 0.002078216290101409]","[0.9782906770706177, 0.01963110826909542, 0.002078216290101409]",False,DOĞRU,ONAY,False,False,1582.0744999946328,"{""K1_input_and_readiness"": 0.06890000076964498, ""K7_context"": 0.0013999961083754897, ""K1_normalization"": 0.01239999255631119, ""K6_advisory"": 14.88279999466613, ""K1_intent"": 0.04369999805931002, ""K2_retrieval"": 208.02069999626838, ""K3_reranker"": 94.43479999026749, ""K8_weighted_ranking"": 1.1196000123163685, ""K3_candidate_filters"": 8.55339999543503, ""K9_advisory_consensus"": 0.018700011423788965, ""K4_nli_and_bypass_check"": 601.7232000012882, ""K5_decision"": 647.4450999958208}",3189
FACTURK-0211,YALAN,"[16298, 16929, 6024, 700, 4991, 12413, 22504, 13479, 11778, 9660, 29728, 21553, 5702, 4782, 24726, 27142, 22067, 9502, 26703, 28251]","[0.007093862164765596, 0.0009927261853590608, 1.8200149497715756e-05, 0.001314724562689662, 0.0018895388348028064, 4.832564081880264e-05, 0.06489010900259018, 5.144220995134674e-05, 0.0061450921930372715, 1.6061610949691385e-05, 0.001269364496693015, 2.392351052549202e-05, 0.00011235327838221565, 1.6187581422855146e-05, 0.002099273493513465, 0.00039821304380893707, 0.00031258779927156866, 2.355261858610902e-05, 1.6187581422855146e-05, 0.0021657671313732862]","[0.07425800710916519, 0.9187816381454468, 0.00696039292961359]","[0.07425800710916519, 0.9187816381454468, 0.00696039292961359]",False,YETERSİZ VERİ,RET,True,False,1349.0511999989394,"{""K1_input_and_readiness"": 0.07930000720079988, ""K7_context"": 0.0014999968698248267, ""K1_normalization"": 0.012600008631125093, ""K6_advisory"": 19.77249998890329, ""K1_intent"": 0.05500001134350896, ""K2_retrieval"": 235.47030000190716, ""K3_reranker"": 114.4810999976471, ""K8_weighted_ranking"": 3.078199995798059, ""K3_candidate_filters"": 12.245200006873347, ""K9_advisory_consensus"": 0.020899999071843922, ""K4_nli_and_bypass_check"": 482.1564000012586, ""K5_decision"": 475.7638000010047}",16298
FACTURK-0212,YALAN,"[23187, 27074, 23468, 15419, 7310, 1067, 62, 17727, 25009, 24929, 18573, 20051, 2324, 9932, 28993, 11317, 15658, 4646, 15107, 1775]","[7.484622619813308e-05, 1.6061610949691385e-05, 4.469407213036902e-05, 0.00022167809947859496, 3.1941821362124756e-05, 1.6061610949691385e-05, 1.750292540236842e-05, 1.67014204635052e-05, 0.03090895712375641, 0.005159622989594936, 0.0009811719646677375, 0.0010282108560204506, 0.0003920417802873999, 7.086326513672248e-05, 2.818866414600052e-05, 5.605828482657671e-05, 1.6061610949691385e-05, 3.6764631659025326e-05, 3.244481558795087e-05, 0.00021485926117748022]","[0.17937114834785461, 0.8109822273254395, 0.009646599180996418]","[0.17937114834785461, 0.8109822273254395, 0.009646599180996418]",False,YALAN,RED,False,False,721.1157999990974,"{""K1_input_and_readiness"": 0.0847000046633184, ""K7_context"": 0.002700006007216871, ""K1_normalization"": 0.015599987818859518, ""K6_advisory"": 26.880700010224245, ""K1_intent"": 0.04029998672194779, ""K2_retrieval"": 201.1136999935843, ""K3_reranker"": 85.29750000161584, ""K8_weighted_ranking"": 1.3571000017691404, ""K3_candidate_filters"": 7.429699995554984, ""K9_advisory_consensus"": 0.010000003385357559, ""K4_nli_and_bypass_check"": 244.42329999874346, ""K5_decision"": 150.62359999865294}",25009
FACTURK-0213,DOĞRU,"[11250, 13687, 4659, 4442, 23026, 24396, 29875, 13209, 18508, 1989, 12458, 16807, 14179, 11295, 16681, 16433, 27322, 18643, 4640, 7203]","[0.005598248913884163, 0.04742587357759476, 0.002693914109840989, 4.5044595026411116e-05, 0.0011073390487581491, 0.005641908384859562, 3.144662332488224e-05, 0.0035936026833951473, 0.005576545372605324, 0.01287075038999319, 0.001094452221877873, 0.006589771714061499, 1.6187581422855146e-05, 1.6187581422855146e-05, 0.00039666122756898403, 3.7931622500764206e-05, 0.004736748989671469, 0.002296159043908119, 8.349628478754312e-05, 5.738759500673041e-05]","[0.022813724353909492, 0.9738609194755554, 0.003325370140373707]","[0.022813724353909492, 0.9738609194755554, 0.003325370140373707]",False,YETERSİZ VERİ,RET,True,False,398.5097999975551,"{""K1_input_and_readiness"": 0.07329999061767012, ""K7_context"": 0.0013999961083754897, ""K1_normalization"": 0.014599994756281376, ""K6_advisory"": 14.623700000811368, ""K1_intent"": 0.08200001320801675, ""K2_retrieval"": 238.73080000339542, ""K3_reranker"": 95.64669999235775, ""K8_weighted_ranking"": 1.2739999947370961, ""K3_candidate_filters"": 6.911399992532097, ""K9_advisory_consensus"": 0.013299999409355223, ""K4_nli_and_bypass_check"": 35.87229999538977, ""K5_decision"": 0.4552000027615577}",7203
FACTURK-0214,YALAN,"[4658, 12238, 4452, 22386, 2933, 14462, 18638, 6765, 20927, 28579, 13795, 12152, 16193, 720, 8774, 15579, 4331, 25087, 28871, 6301]","[0.001085944357328117, 0.00013982206291984767, 0.0011559007689356804, 1.7366719475830905e-05, 0.011642225086688995, 0.0001621928095119074, 0.00016603845870122313, 0.008745181374251842, 0.00012632041762117296, 0.0001511819864390418, 0.00026323829661123455, 0.00013658353418577462, 8.092757343547419e-05, 3.508111694827676e-05, 1.6314539607265033e-05, 0.0003006163169629872, 0.0008592476369813085, 0.0008727670647203922, 0.00015356240328401327, 1.922317096614279e-05]","[0.9988698363304138, 0.0009508425137028098, 0.00017935728828888386]","[0.9988698363304138, 0.0009508425137028098, 0.00017935728828888386]",False,DOĞRU,ONAY,False,False,344.21759999531787,"{""K1_input_and_readiness"": 0.06609999400097877, ""K7_context"": 0.0014999968698248267, ""K1_normalization"": 0.011199997970834374, ""K6_advisory"": 14.811200002441183, ""K1_intent"": 0.03670000296551734, ""K2_retrieval"": 179.9989999999525, ""K3_reranker"": 98.7256999942474, ""K8_weighted_ranking"": 1.402800000505522, ""K3_candidate_filters"": 8.43170000007376, ""K9_advisory_consensus"": 0.011299998732283711, ""K4_nli_and_bypass_check"": 36.01390001131222, ""K5_decision"": 0.5164000031072646}",2933
FACTURK-0215,DOĞRU,"[24613, 24053, 10642, 6047, 17720, 18181, 29892, 11712, 13795, 29270, 7848, 12152, 22218, 11936, 2007, 6620, 12740, 18865, 401, 3202]","[0.005099818110466003, 0.0010322310263291001, 0.05707139894366264, 5.2662067901110277e-05, 5.3075080359121785e-05, 0.00031015597051009536, 0.0002472934720572084, 0.002957902615889907, 0.0012793075293302536, 0.00012053649697918445, 4.1986306314356625e-05, 0.0030994154512882233, 0.000570315751247108, 0.00043563017970882356, 0.002580904169008136, 0.003692853031679988, 0.000609450158663094, 0.013273886404931545, 0.001356401713564992, 2.8632557587116025e-05]","[0.9557867646217346, 0.0427873358130455, 0.001425784663297236]","[0.9557867646217346, 0.0427873358130455, 0.001425784663297236]",False,YALAN,RED,False,False,1297.2474999987753,"{""K1_input_and_readiness"": 0.07709999044891447, ""K7_context"": 0.0018999999156221747, ""K1_normalization"": 0.013899989426136017, ""K6_advisory"": 15.761000002385117, ""K1_intent"": 0.04630000330507755, ""K2_retrieval"": 219.57699999620672, ""K3_reranker"": 96.81999999156687, ""K8_weighted_ranking"": 2.4914000096032396, ""K3_candidate_filters"": 7.843300001695752, ""K9_advisory_consensus"": 0.008000002708286047, ""K4_nli_and_bypass_check"": 501.336800007266, ""K5_decision"": 448.97100000525825}",24613
FACTURK-0216,DOĞRU,"[1270, 26559, 14760, 28986, 26958, 6193, 12319, 12473, 10807, 19153, 15806, 29186, 2988, 9194, 15474, 18945, 17705, 2012, 18995, 23465]","[0.0005636750720441341, 0.0004092474700883031, 1.657145367062185e-05, 2.566613329690881e-05, 0.009340023621916771, 2.4682904040673748e-05, 1.6187581422855146e-05, 2.0785171727766283e-05, 1.6314539607265033e-05, 5.1845658163074404e-05, 1.657145367062185e-05, 2.526822754589375e-05, 1.6314539607265033e-05, 1.6187581422855146e-05, 9.83811987680383e-05, 0.00028685410507023335, 3.4001819585682824e-05, 1.683241134742275e-05, 0.04742587357759476, 0.0006851712241768837]","[0.0016567232087254524, 0.9935913681983948, 0.00475193839520216]","[0.0016567232087254524, 0.9935913681983948, 0.00475193839520216]",False,YETERSİZ VERİ,RET,True,False,910.8919999998761,"{""K1_input_and_readiness"": 0.06620000931434333, ""K7_context"": 0.001500011421740055, ""K1_normalization"": 0.011200012522749603, ""K6_advisory"": 15.871799987507984, ""K1_intent"": 0.06150000263005495, ""K2_retrieval"": 167.6881999883335, ""K3_reranker"": 72.6559000031557, ""K8_weighted_ranking"": 1.3356999988900498, ""K3_candidate_filters"": 6.120799997006543, ""K9_advisory_consensus"": 0.007700000423938036, ""K4_nli_and_bypass_check"": 341.89779999724124, ""K5_decision"": 301.7674999864539}",19153
FACTURK-0217,DOĞRU,"[4702, 11536, 11056, 20895, 16948, 15451, 10501, 22737, 23957, 4694, 2009, 20248, 10176, 22357, 14520, 9657, 7937, 14882, 20596, 7981]","[2.9541422918555327e-05, 0.0003053489199373871, 2.9541422918555327e-05, 1.6964426322374493e-05, 0.0003697388747241348, 0.0006563728675246239, 0.0005420927773229778, 1.6061610949691385e-05, 2.9541422918555327e-05, 0.004886374808847904, 1.892514956125524e-05, 1.657145367062185e-05, 0.0037072531413286924, 3.244481558795087e-05, 0.007039045449346304, 4.101373633602634e-05, 0.00034599160426296294, 0.00021654405281879008, 1.6964426322374493e-05, 0.104843370616436]","[0.00020456465426832438, 0.9995142221450806, 0.00028124984237365425]","[0.00020456465426832438, 0.9995142221450806, 0.00028124984237365425]",False,YETERSİZ VERİ,RET,True,False,751.7981999990297,"{""K1_input_and_readiness"": 0.12490000517573208, ""K7_context"": 0.0018999999156221747, ""K1_normalization"": 0.01440000778529793, ""K6_advisory"": 12.566600009449758, ""K1_intent"": 0.03460000152699649, ""K2_retrieval"": 187.5797000102466, ""K3_reranker"": 92.2802999994019, ""K8_weighted_ranking"": 1.269000000320375, ""K3_candidate_filters"": 6.734599999617785, ""K9_advisory_consensus"": 0.009099996532313526, ""K4_nli_and_bypass_check"": 222.8498999902513, ""K5_decision"": 222.78840000217315}",7981
FACTURK-0218,YALAN,"[18561, 18655, 11083, 15404, 25030, 20136, 1959, 29138, 7773, 5177, 4963, 5659, 16238, 17354, 11058, 16419, 18339, 9414, 5710, 20211]","[0.0005725466180592775, 0.005752544850111008, 0.0001621928095119074, 0.00024536947603337467, 2.014569145103451e-05, 9.83811987680383e-05, 0.00043393249507062137, 0.00035281325108371675, 2.8409744118107483e-05, 2.8409744118107483e-05, 2.094818773912266e-05, 0.00015356240328401327, 8.029783930396661e-05, 9.387641330249608e-05, 0.0076066721230745316, 1.6314539607265033e-05, 2.1444948288262822e-05, 1.657145367062185e-05, 0.004007289186120033, 0.0003668626013677567]","[0.0006857153493911028, 0.9981568455696106, 0.0011573637602850795]","[0.0006857153493911028, 0.9981568455696106, 0.0011573637602850795]",False,YETERSİZ VERİ,RET,True,False,1082.4804000003496,"{""K1_input_and_readiness"": 0.08630000229459256, ""K7_context"": 0.0012999953469261527, ""K1_normalization"": 0.010399991879239678, ""K6_advisory"": 13.640700010000728, ""K1_intent"": 0.07300000288523734, ""K2_retrieval"": 196.6312000004109, ""K3_reranker"": 97.70989998651203, ""K8_weighted_ranking"": 1.6576000052737072, ""K3_candidate_filters"": 6.00569999369327, ""K9_advisory_consensus"": 0.04610000178217888, ""K4_nli_and_bypass_check"": 398.2477000099607, ""K5_decision"": 363.7080999906175}",5710
FACTURK-0219,YALAN,"[30214, 7200, 2839, 17208, 19948, 8352, 5030, 48, 27092, 10563, 24330, 23950, 22158, 1362, 11267, 7909, 27480, 9865, 22273, 18588]","[0.0006118340534158051, 1.6187581422855146e-05, 5.2662067901110277e-05, 1.7366719475830905e-05, 1.6061610949691385e-05, 3.1941821362124756e-05, 1.6061610949691385e-05, 2.229919846286066e-05, 1.6061610949691385e-05, 1.6314539607265033e-05, 1.657145367062185e-05, 1.6061610949691385e-05, 1.750292540236842e-05, 1.6061610949691385e-05, 4.298194107832387e-05, 1.6187581422855146e-05, 1.7778551409719512e-05, 1.6442494597868063e-05, 1.7640199075685814e-05, 1.6061610949691385e-05]","[0.2612934112548828, 0.7258710861206055, 0.012835518456995487]","[0.2612934112548828, 0.7258710861206055, 0.012835518456995487]",False,YETERSİZ VERİ,RET,True,False,2006.923499997356,"{""K1_input_and_readiness"": 0.08339999476447701, ""K7_context"": 0.0014999968698248267, ""K1_normalization"": 0.014199991710484028, ""K6_advisory"": 13.49359999585431, ""K1_intent"": 0.04749999789055437, ""K2_retrieval"": 257.8492000029655, ""K3_reranker"": 105.86260000127368, ""K8_weighted_ranking"": 1.5753000043332577, ""K3_candidate_filters"": 7.06660001014825, ""K9_advisory_consensus"": 0.013599987141788006, ""K4_nli_and_bypass_check"": 956.6268000053242, ""K5_decision"": 660.419699997874}",17208
FACTURK-0220,DOĞRU,"[15019, 9972, 16810, 2940, 1362, 27780, 8700, 19868, 17317, 3189, 3772, 28252, 19976, 21942, 15020, 3536, 7251, 21497, 9161, 19228]","[1.6187581422855146e-05, 1.6314539607265033e-05, 1.593661909282673e-05, 1.593661909282673e-05, 0.0008199321455322206, 1.922317096614279e-05, 6.60521473037079e-05, 1.6442494597868063e-05, 1.6314539607265033e-05, 5.5622065701754764e-05, 2.1278065105434507e-05, 0.00046371284406632185, 2.1112482500029728e-05, 1.6187581422855146e-05, 1.6187581422855146e-05, 1.8342892872169614e-05, 0.0010242064017802477, 4.6474400733131915e-05, 1.7366719475830905e-05, 1.6187581422855146e-05]","[0.009178586304187775, 0.9898340702056885, 0.000987460371106863]","[0.009178586304187775, 0.9898340702056885, 0.000987460371106863]",False,YETERSİZ VERİ,RET,True,False,400.7661000068765,"{""K1_input_and_readiness"": 0.0641999940853566, ""K7_context"": 0.0014999968698248267, ""K1_normalization"": 0.02059999678749591, ""K6_advisory"": 13.741599992499687, ""K1_intent"": 0.038300000596791506, ""K2_retrieval"": 151.45279999705963, ""K3_reranker"": 194.57259999762755, ""K8_weighted_ranking"": 1.2952000106452033, ""K3_candidate_filters"": 6.800400005886331, ""K9_advisory_consensus"": 0.007800001185387373, ""K4_nli_and_bypass_check"": 28.98409999033902, ""K5_decision"": 0.3837999975075945}",3189
FACTURK-0221,DOĞRU,"[25098, 19208, 9274, 7224, 7924, 22581, 2811, 18561, 22266, 24849, 11058, 28552, 28188, 21058, 13624, 28932, 17510, 28640, 15238, 12622]","[0.0003406293108128011, 0.03061777912080288, 0.004867417272180319, 0.05717659741640091, 0.012479699216783047, 0.0019570167642086744, 0.0007152324542403221, 0.0004442183708306402, 4.539786823443137e-05, 0.03919513151049614, 0.012722708284854889, 0.02970374934375286, 0.007695646956562996, 0.0016875095898285508, 0.025809623301029205, 0.0017207354540005326, 0.007876706309616566, 0.0002269338583573699, 0.0001344663032796234, 0.8665847778320312]","[0.5692323446273804, 0.42508813738822937, 0.005679520312696695]","[0.5692323446273804, 0.42508813738822937, 0.005679520312696695]",False,DOĞRU,ONAY,False,False,669.5746999903349,"{""K1_input_and_readiness"": 0.04610000178217888, ""K7_context"": 0.0011999945854768157, ""K1_normalization"": 0.010000003385357559, ""K6_advisory"": 12.792299996362999, ""K1_intent"": 0.03840000135824084, ""K2_retrieval"": 177.84290001145564, ""K3_reranker"": 86.15080000890885, ""K8_weighted_ranking"": 1.2642999936360866, ""K3_candidate_filters"": 6.943599990336224, ""K9_advisory_consensus"": 0.009499999578110874, ""K4_nli_and_bypass_check"": 201.59089998924173, ""K5_decision"": 179.19749999418855}",7224
FACTURK-0222,DOĞRU,"[17208, 8706, 16225, 27462, 12018, 1546, 13791, 10714, 20333, 10999, 13144, 22198, 16162, 3524, 18098, 13993, 8307, 6952, 19977, 30326]","[6.352188938762993e-05, 2.6688529032981023e-05, 0.006241259165108204, 5.3075080359121785e-05, 0.0017821963410824537, 1.7097478121286258e-05, 6.402006692951545e-05, 0.0020033332984894514, 0.00020502213737927377, 1.657145367062185e-05, 0.0008231385727412999, 0.0005506247980520129, 1.6187581422855146e-05, 9.7615658887662e-05, 1.6187581422855146e-05, 1.7640199075685814e-05, 1.7097478121286258e-05, 1.6442494597868063e-05, 1.6061610949691385e-05, 0.0010733063099905849]","[0.0015539617743343115, 0.9978983402252197, 0.0005476269288919866]","[0.0015539617743343115, 0.9978983402252197, 0.0005476269288919866]",False,YETERSİZ VERİ,RET,True,False,511.8669000075897,"{""K1_input_and_readiness"": 0.04949999856762588, ""K7_context"": 0.0013999961083754897, ""K1_normalization"": 0.009900002623908222, ""K6_advisory"": 10.743299993919209, ""K1_intent"": 0.03779999678954482, ""K2_retrieval"": 149.0957000060007, ""K3_reranker"": 303.7215000076685, ""K8_weighted_ranking"": 1.7662000027485192, ""K3_candidate_filters"": 9.61569999344647, ""K9_advisory_consensus"": 0.013800003216601908, ""K4_nli_and_bypass_check"": 32.6960000093095, ""K5_decision"": 0.35180000122636557}",10714
FACTURK-0223,DOĞRU,"[6499, 6522, 15087, 13644, 30214, 29838, 20728, 24132, 15440, 20367, 26727, 26886, 20461, 23074, 196, 20002, 234, 27899, 3778, 21467]","[0.99935382604599, 0.00024536947603337467, 0.003273064736276865, 1.6061610949691385e-05, 0.0016103574307635427, 0.0008009536541067064, 2.014569145103451e-05, 0.003350423648953438, 0.0009473089594393969, 0.004038591403514147, 0.0010083435336127877, 1.6314539607265033e-05, 0.01196109689772129, 1.6964426322374493e-05, 0.00017813112935982645, 0.0018243826925754547, 0.0001547666179249063, 1.6314539607265033e-05, 0.008315778337419033, 3.244481558795087e-05]","[0.0003595918242353946, 0.0004934274475090206, 0.9991469383239746]","[0.0003595918242353946, 0.0004934274475090206, 0.9991469383239746]",False,YETERSİZ VERİ,KISMI,True,False,417.4982000113232,"{""K1_input_and_readiness"": 0.05740000051446259, ""K7_context"": 0.0013999961083754897, ""K1_normalization"": 0.011399999493733048, ""K6_advisory"": 12.837599992053583, ""K1_intent"": 0.031499992473982275, ""K2_retrieval"": 132.62980000581592, ""K3_reranker"": 105.05319999356288, ""K8_weighted_ranking"": 1.4888000005157664, ""K3_candidate_filters"": 6.814100008341484, ""K9_advisory_consensus"": 0.007800001185387373, ""K4_nli_and_bypass_check"": 98.05020000203513, ""K5_decision"": 57.21090000588447}",6499
FACTURK-0224,YALAN,"[28723, 6793, 27610, 24870, 5693, 20454, 1329, 21178, 24930, 5717, 18306, 11328, 18437, 18362, 18942, 4747, 5694, 12483, 9622, 6304]","[1.750292540236842e-05, 1.6314539607265033e-05, 3.3474691008450463e-05, 1.7231572201126255e-05, 1.67014204635052e-05, 1.6061610949691385e-05, 1.6442494597868063e-05, 1.7640199075685814e-05, 1.6314539607265033e-05, 1.657145367062185e-05, 1.6061610949691385e-05, 1.6442494597868063e-05, 1.6187581422855146e-05, 1.6061610949691385e-05, 1.6964426322374493e-05, 1.657145367062185e-05, 1.6187581422855146e-05, 1.750292540236842e-05, 1.6187581422855146e-05, 1.6187581422855146e-05]","[0.24781528115272522, 0.6674518585205078, 0.0847327709197998]","[0.24781528115272522, 0.6674518585205078, 0.0847327709197998]",False,YALAN,RED,False,False,242.15689999982715,"{""K1_input_and_readiness"": 0.05570000212173909, ""K7_context"": 0.0011999945854768157, ""K1_normalization"": 0.008200004231184721, ""K6_advisory"": 11.919299999135546, ""K1_intent"": 0.03619999915827066, ""K2_retrieval"": 137.01619999483228, ""K3_reranker"": 51.24630000500474, ""K8_weighted_ranking"": 1.1673999979393557, ""K3_candidate_filters"": 6.453599999076687, ""K9_advisory_consensus"": 0.007399998139590025, ""K4_nli_and_bypass_check"": 29.39650000189431, ""K5_decision"": 0.40299999818671495}",21178
FACTURK-0225,YALAN,"[17319, 20997, 29730, 4506, 26700, 24194, 27624, 1007, 1280, 6234, 6780, 1948, 23891, 13999, 20317, 14139, 2030, 27098, 21417, 17988]","[2.014569145103451e-05, 5.1845658163074404e-05, 0.0035518845543265343, 2.7751651941798627e-05, 0.006589771714061499, 0.0009473089594393969, 0.0001387341326335445, 0.0020190137438476086, 2.5071596610359848e-05, 1.67014204635052e-05, 1.683241134742275e-05, 0.02600678615272045, 0.003039649687707424, 1.683241134742275e-05, 0.0009326360304839909, 1.657145367062185e-05, 0.0007293288363143802, 1.6061610949691385e-05, 2.0462934116949327e-05, 1.7366719475830905e-05]","[0.014612364582717419, 0.9822794795036316, 0.00310811516828835]","[0.014612364582717419, 0.9822794795036316, 0.00310811516828835]",False,YETERSİZ VERİ,RET,True,False,647.8876000037417,"{""K1_input_and_readiness"": 0.061700004152953625, ""K7_context"": 0.001400010660290718, ""K1_normalization"": 0.011600001016631722, ""K6_advisory"": 13.985700003104284, ""K1_intent"": 0.03999999898951501, ""K2_retrieval"": 134.5595000020694, ""K3_reranker"": 92.85380000073928, ""K8_weighted_ranking"": 1.5510999946855009, ""K3_candidate_filters"": 6.441899997298606, ""K9_advisory_consensus"": 0.006600006599910557, ""K4_nli_and_bypass_check"": 203.88900001125876, ""K5_decision"": 191.24799998826347}",27624
FACTURK-0226,DOĞRU,"[13989, 22851, 28629, 8130, 29881, 11058, 20483, 24184, 16785, 1701, 23508, 15787, 1324, 28685, 23851, 1272, 28145, 22732, 29346, 17516]","[0.8413047790527344, 6.976470467634499e-05, 0.07369627058506012, 0.015306354500353336, 0.13150747120380402, 0.004365325905382633, 0.11777491867542267, 7.782753527862951e-05, 0.04620574414730072, 0.019345102831721306, 0.003869391046464443, 0.00214894930832088, 4.870464181294665e-05, 0.2941135764122009, 0.00040290519245900214, 0.13398075103759766, 0.0006719278171658516, 0.14499425888061523, 0.00044770087697543204, 0.0014664583140984178]","[0.0006722529651597142, 0.9959138035774231, 0.003413982456550002]","[0.0006722529651597142, 0.9959138035774231, 0.003413982456550002]",False,YETERSİZ VERİ,RET,True,False,386.3019999989774,"{""K1_input_and_readiness"": 0.048600006266497076, ""K7_context"": 0.0012999953469261527, ""K1_normalization"": 0.0092999980552122, ""K6_advisory"": 10.84840000839904, ""K1_intent"": 0.027600006433203816, ""K2_retrieval"": 140.78909999807365, ""K3_reranker"": 67.4977000016952, ""K8_weighted_ranking"": 1.3490999990608543, ""K3_candidate_filters"": 6.873000005725771, ""K9_advisory_consensus"": 0.007399998139590025, ""K4_nli_and_bypass_check"": 84.84459998726379, ""K5_decision"": 70.55940000282135}",13989
FACTURK-0227,YALAN,"[6336, 14217, 10743, 12238, 25127, 3364, 5959, 30014, 2792, 27115, 7330, 26533, 25420, 16785, 12150, 14091, 21827, 6782, 6431, 20512]","[0.0008231385727412999, 0.00020988310279790312, 0.005281333811581135, 0.0031974869780242443, 0.00026323829661123455, 0.001356401713564992, 0.0006589401164092124, 0.006666931323707104, 0.0009217804181389511, 0.0005442132824100554, 0.0005614787805825472, 0.0028671587351709604, 1.7366719475830905e-05, 0.0007763299508951604, 0.000192602863535285, 0.0002492325147613883, 0.004264635033905506, 2.6897845600615256e-05, 7.141901005525142e-05, 0.0017752605490386486]","[0.004989963490515947, 0.9435186982154846, 0.05149130895733833]","[0.004989963490515947, 0.9435186982154846, 0.05149130895733833]",False,YALAN,UYARI,False,False,256.78009999683127,"{""K1_input_and_readiness"": 0.06420000863727182, ""K7_context"": 0.0015999976312741637, ""K1_normalization"": 0.011600001016631722, ""K6_advisory"": 15.676299997721799, ""K1_intent"": 0.041799998143687844, ""K2_retrieval"": 129.99539999873377, ""K3_reranker"": 66.76659999357071, ""K8_weighted_ranking"": 1.6031999984988943, ""K3_candidate_filters"": 7.9446999880019575, ""K9_advisory_consensus"": 0.009499999578110874, ""K4_nli_and_bypass_check"": 31.063499991432764, ""K5_decision"": 0.3952999977627769}",10743
FACTURK-0228,YALAN,"[19793, 22496, 5035, 22360, 15661, 5512, 25024, 23013, 20136, 29275, 25113, 5659, 27463, 11851, 18913, 17252, 15947, 15240, 13561, 5962]","[4.298194107832387e-05, 0.02319762483239174, 0.0061212810687720776, 0.002790037775412202, 6.922183820279315e-05, 0.000661517377011478, 2.732141365413554e-05, 8.415108459303156e-05, 0.004792316351085901, 1.6442494597868063e-05, 3.2955729693640023e-05, 0.006338921841233969, 0.00012148174573667347, 0.0005274784052744508, 1.6187581422855146e-05, 0.06572466343641281, 0.0003654328465927392, 0.001085944357328117, 0.0013045065570622683, 1.6061610949691385e-05]","[0.0018183400388807058, 0.9968144297599792, 0.0013672038912773132]","[0.0018183400388807058, 0.9968144297599792, 0.0013672038912773132]",False,YETERSİZ VERİ,RET,True,False,815.8898000110639,"{""K1_input_and_readiness"": 0.06130000110715628, ""K7_context"": 0.0014999968698248267, ""K1_normalization"": 0.01239999255631119, ""K6_advisory"": 13.644899998325855, ""K1_intent"": 0.038700003642588854, ""K2_retrieval"": 137.13230000576004, ""K3_reranker"": 77.1173999964958, ""K8_weighted_ranking"": 1.3189000019337982, ""K3_candidate_filters"": 6.556000007549301, ""K9_advisory_consensus"": 0.008300004992634058, ""K4_nli_and_bypass_check"": 321.2665999890305, ""K5_decision"": 255.60129999939818}",5659
FACTURK-0229,YALAN,"[23757, 25874, 22057, 11410, 17227, 204, 16971, 5988, 6019, 10234, 11201, 11811, 20335, 12145, 7196, 14444, 10701, 3796, 2553, 27391]","[0.01358439214527607, 1.6442494597868063e-05, 0.000191104321856983, 0.0015247863484546542, 0.0026112475898116827, 0.0009510130621492863, 0.00012243441597092897, 0.00011061159602832049, 0.0009436192340217531, 1.6061610949691385e-05, 1.683241134742275e-05, 1.750292540236842e-05, 0.005119676236063242, 1.6187581422855146e-05, 0.00020662980386987329, 1.657145367062185e-05, 0.00013238185783848166, 2.1444948288262822e-05, 1.6187581422855146e-05, 1.8631746570463292e-05]","[0.008916103281080723, 0.9905974268913269, 0.00048634724225848913]","[0.008916103281080723, 0.9905974268913269, 0.00048634724225848913]",False,YETERSİZ VERİ,RET,True,False,1054.933000006713,"{""K1_input_and_readiness"": 0.05980000423733145, ""K7_context"": 0.0011999945854768157, ""K1_normalization"": 0.009700001101009548, ""K6_advisory"": 10.248100006720051, ""K1_intent"": 0.03199999628122896, ""K2_retrieval"": 149.0745000046445, ""K3_reranker"": 114.05189998913556, ""K8_weighted_ranking"": 1.248400003532879, ""K3_candidate_filters"": 6.535799999255687, ""K9_advisory_consensus"": 0.008000002708286047, ""K4_nli_and_bypass_check"": 385.75669999409, ""K5_decision"": 384.53779999690596}",23757
FACTURK-0230,YALAN,"[28011, 9366, 1499, 6047, 15780, 15684, 2984, 1959, 22465, 25180, 12539, 15874, 27017, 9120, 19484, 12068, 21914, 8871, 14277, 20305]","[0.5322123765945435, 0.030675802379846573, 0.00821969285607338, 0.12357699126005173, 0.002540992572903633, 0.01861780323088169, 0.0009473089594393969, 0.00028685410507023335, 0.07613247632980347, 0.0696682333946228, 0.0004897656035609543, 0.015130727551877499, 0.005774929653853178, 0.010288300924003124, 0.0040543340146541595, 0.004905405919998884, 0.0009075025445781648, 0.001383117400109768, 0.01057048887014389, 0.009055263362824917]","[0.0007192073971964419, 0.9989678859710693, 0.00031297351233661175]","[0.0007192073971964419, 0.9989678859710693, 0.00031297351233661175]",False,YALAN,UYARI,False,False,866.2391999969259,"{""K1_input_and_readiness"": 0.0602000072831288, ""K7_context"": 0.001300009898841381, ""K1_normalization"": 0.009900002623908222, ""K6_advisory"": 11.554700002307072, ""K1_intent"": 0.03440000000409782, ""K2_retrieval"": 244.6400999906473, ""K3_reranker"": 71.87620000331663, ""K8_weighted_ranking"": 1.6370999946957454, ""K3_candidate_filters"": 8.061899992753752, ""K9_advisory_consensus"": 0.010199990356341004, ""K4_nli_and_bypass_check"": 287.646600001608, ""K5_decision"": 237.3109000036493}",28011
FACTURK-0231,YALAN,"[12560, 25382, 28097, 16147, 9841, 18245, 6952, 24931, 9919, 13401, 11111, 6586, 3155, 19493, 22241, 18944, 20480, 8094, 14372, 22924]","[0.0005274784052744508, 7.602479308843613e-05, 7.484622619813308e-05, 0.000628784007858485, 1.750292540236842e-05, 0.03588069602847099, 0.00010889690747717395, 1.7231572201126255e-05, 1.7778551409719512e-05, 6.868317723274231e-05, 0.000539980421308428, 2.818866414600052e-05, 1.7366719475830905e-05, 4.1335399146191776e-05, 0.0004272078804206103, 1.6061610949691385e-05, 0.00029365462251007557, 1.805851934477687e-05, 6.922183820279315e-05, 2.3007036361377686e-05]","[0.000701463024597615, 0.9954804182052612, 0.00381808471865952]","[0.000701463024597615, 0.9954804182052612, 0.00381808471865952]",False,YALAN,RED,False,False,435.9799999947427,"{""K1_input_and_readiness"": 0.07219999679364264, ""K7_context"": 0.0015999976312741637, ""K1_normalization"": 0.012999997125007212, ""K6_advisory"": 12.591800012160093, ""K1_intent"": 0.041099992813542485, ""K2_retrieval"": 196.52559999667574, ""K3_reranker"": 189.64189999678638, ""K8_weighted_ranking"": 1.0853999992832541, ""K3_candidate_filters"": 5.739200001698919, ""K9_advisory_consensus"": 0.015699988580308855, ""K4_nli_and_bypass_check"": 26.470600001630373, ""K5_decision"": 0.6265999982133508}",16147
FACTURK-0232,DOĞRU,"[2149, 13206, 8233, 2173, 19079, 29759, 27160, 3834, 14863, 9627, 28676, 7236, 17337, 5300, 6899, 14485, 2985, 25286, 10851, 9330]","[0.9968763589859009, 4.794958294951357e-05, 0.00011591933434829116, 1.7366719475830905e-05, 1.6314539607265033e-05, 4.101373633602634e-05, 4.231559796608053e-05, 1.8631746570463292e-05, 1.7917987861437723e-05, 3.3474691008450463e-05, 2.0785171727766283e-05, 6.253713218029588e-05, 1.892514956125524e-05, 0.0022694687359035015, 1.7640199075685814e-05, 1.8777873265207745e-05, 2.8857117285951972e-05, 1.6061610949691385e-05, 1.6314539607265033e-05, 3.4537253668531775e-05]","[0.00023408753622788936, 0.00020617844711523503, 0.9995597004890442]","[0.00023408753622788936, 0.00020617844711523503, 0.9995597004890442]",False,DOĞRU,ONAY,False,False,381.4042000012705,"{""K1_input_and_readiness"": 0.04530001024249941, ""K7_context"": 0.0015999976312741637, ""K1_normalization"": 0.00960000033956021, ""K6_advisory"": 11.480399989522994, ""K1_intent"": 0.03759999526664615, ""K2_retrieval"": 132.40699999732897, ""K3_reranker"": 60.66400000418071, ""K8_weighted_ranking"": 1.2821999989682809, ""K3_candidate_filters"": 6.740400000126101, ""K9_advisory_consensus"": 0.008100003469735384, ""K4_nli_and_bypass_check"": 87.72180000960361, ""K5_decision"": 77.83310000377242}",2149
FACTURK-0233,DOĞRU,"[9866, 3054, 18468, 6263, 27523, 26623, 7451, 1572, 20683, 29138, 8794, 21402, 5821, 5278, 16238, 18297, 11058, 28944, 187, 15942]","[9.915272676153108e-05, 3.244481558795087e-05, 0.9780097603797913, 0.00017536994710098952, 0.0009697519708424807, 4.757645365316421e-05, 9.461262379772961e-05, 0.0008393599418923259, 0.012722708284854889, 0.0023688741493970156, 1.967902426258661e-05, 0.05582314357161522, 0.00021824207215104252, 3.852893496514298e-05, 0.00021152888075448573, 8.547616744181141e-05, 0.12624557316303253, 0.22017472982406616, 1.9833367332466878e-05, 0.003135835751891136]","[0.3060411214828491, 0.31591013073921204, 0.37804877758026123]","[0.3060411214828491, 0.31591013073921204, 0.37804877758026123]",False,YETERSİZ VERİ,RET,True,False,270.5924000038067,"{""K1_input_and_readiness"": 0.06289999873843044, ""K7_context"": 0.0018999999156221747, ""K1_normalization"": 0.011600001016631722, ""K6_advisory"": 12.633400008780882, ""K1_intent"": 0.04339999577496201, ""K2_retrieval"": 152.26749998691957, ""K3_reranker"": 63.43199999537319, ""K8_weighted_ranking"": 1.0946000111289322, ""K3_candidate_filters"": 6.305300004896708, ""K9_advisory_consensus"": 0.008600007276982069, ""K4_nli_and_bypass_check"": 31.056500010890886, ""K5_decision"": 0.36609999369829893}",28944
FACTURK-0234,YALAN,"[28547, 25228, 20136, 23132, 28417, 22218, 9150, 24869, 24354, 14770, 8503, 19258, 8347, 1272, 27696, 1499, 30163, 15787, 23508, 17625]","[0.016593176871538162, 0.015189048834145069, 0.004681822378188372, 0.019531238824129105, 0.003991728648543358, 0.03690806403756142, 0.2516477108001709, 0.011508148163557053, 0.010328153148293495, 0.0007672924548387527, 0.34191203117370605, 0.00011866796558024362, 0.0004747042548842728, 0.012100386433303356, 0.011463796719908714, 0.00025514140725135803, 7.782753527862951e-05, 0.004399412777274847, 0.000414069538237527, 0.45489591360092163]","[0.0013182915281504393, 0.9974907636642456, 0.0011909771710634232]","[0.0013182915281504393, 0.9974907636642456, 0.0011909771710634232]",False,YETERSİZ VERİ,RET,True,False,385.379200000898,"{""K1_input_and_readiness"": 0.08900000830180943, ""K7_context"": 0.0013999961083754897, ""K1_normalization"": 0.01780000457074493, ""K6_advisory"": 13.987700003781356, ""K1_intent"": 0.07650000043213367, ""K2_retrieval"": 245.7797999959439, ""K3_reranker"": 90.30630000052042, ""K8_weighted_ranking"": 1.0345000046072528, ""K3_candidate_filters"": 5.660800001351163, ""K9_advisory_consensus"": 0.006600006599910557, ""K4_nli_and_bypass_check"": 24.758799991104752, ""K5_decision"": 0.21800000104121864}",8503
FACTURK-0235,DOĞRU,"[26948, 2915, 5275, 6218, 19344, 23792, 10229, 1270, 29892, 12877, 16855, 27534, 29897, 3570, 7866, 19830, 9245, 14607, 21931, 17958]","[0.14235107600688934, 0.02970374934375286, 0.007968815043568611, 0.08616956323385239, 0.0002982776495628059, 0.0011116681853309274, 9.028038039105013e-05, 0.003123648464679718, 7.843789353501052e-05, 1.6187581422855146e-05, 1.6061610949691385e-05, 2.6897845600615256e-05, 1.6061610949691385e-05, 0.0008393599418923259, 0.034749627113342285, 1.7917987861437723e-05, 1.6964426322374493e-05, 5.874842099728994e-05, 1.6442494597868063e-05, 2.2827996872365475e-05]","[0.001171155832707882, 0.9982841610908508, 0.000544638023711741]","[0.001171155832707882, 0.9982841610908508, 0.000544638023711741]",False,YETERSİZ VERİ,RET,True,False,288.42399999848567,"{""K1_input_and_readiness"": 0.056599994422867894, ""K7_context"": 0.0011999945854768157, ""K1_normalization"": 0.0109999964479357, ""K6_advisory"": 11.493600002722815, ""K1_intent"": 0.03619999915827066, ""K2_retrieval"": 166.56749999674503, ""K3_reranker"": 76.6382000001613, ""K8_weighted_ranking"": 1.0821000032592565, ""K3_candidate_filters"": 5.640700008370914, ""K9_advisory_consensus"": 0.006799993570894003, ""K4_nli_and_bypass_check"": 23.646400004508905, ""K5_decision"": 0.2860000095097348}",7866
FACTURK-0236,YALAN,"[19977, 18207, 8514, 26384, 4405, 19283, 5365, 9070, 7968, 17240, 28586, 27501, 24306, 5046, 3721, 1780, 11287, 14680, 7834, 25811]","[0.9950946569442749, 1.6442494597868063e-05, 4.757645365316421e-05, 7.368592923739925e-05, 0.00039357561036013067, 0.002074867021292448, 0.0005132579244673252, 0.0008693674462847412, 1.750292540236842e-05, 0.00023597174731548876, 3.373722574906424e-05, 0.0006771942134946585, 0.001622967072762549, 0.00020502213737927377, 4.298194107832387e-05, 4.832564081880264e-05, 0.004503272473812103, 1.6061610949691385e-05, 0.00044770087697543204, 0.000552778656128794]",null,"[0.0, 0.0, 1.0]",True,YALAN,UYARI,False,False,193.836199992802,"{""K1_input_and_readiness"": 0.043099993490614, ""K7_context"": 0.0011999945854768157, ""K1_normalization"": 0.008300004992634058, ""K6_advisory"": 10.981300001731142, ""K1_intent"": 0.0278999941656366, ""K2_retrieval"": 109.19109999667853, ""K3_reranker"": 63.28930000017863, ""K8_weighted_ranking"": 1.2172000133432448, ""K3_candidate_filters"": 5.750700001954101, ""K9_advisory_consensus"": 0.006799993570894003, ""K4_nli_and_bypass_check"": 0.2491000050213188, ""K5_decision"": 0.3225999971618876}",19977
FACTURK-0237,DOĞRU,"[21058, 7224, 23757, 1499, 30163, 28417, 22248, 20136, 9274, 9426, 27564, 15238, 30224, 15684, 8602, 635, 26244, 14012, 24217, 4214]","[0.0005636750720441341, 0.017242778092622757, 0.024798160418868065, 0.009596454910933971, 0.001995538594201207, 0.0077555361203849316, 0.0013250223128125072, 0.0067449891939759254, 0.010368157178163528, 0.0009436192340217531, 0.0017752605490386486, 0.007039045449346304, 0.0011380005162209272, 0.0034834241960197687, 0.03753800690174103, 0.007431773468852043, 0.01196109689772129, 0.027690259739756584, 0.0032224843744188547, 0.00038446192047558725]","[0.0026252593379467726, 0.996882438659668, 0.000492309161927551]","[0.0026252593379467726, 0.996882438659668, 0.000492309161927551]",False,YALAN,UYARI,False,False,421.92720000457484,"{""K1_input_and_readiness"": 0.0779999973019585, ""K7_context"": 0.0010999938240274787, ""K1_normalization"": 0.015300000086426735, ""K6_advisory"": 10.247700003674254, ""K1_intent"": 0.04159999662078917, ""K2_retrieval"": 254.11139999050647, ""K3_reranker"": 116.38019999372773, ""K8_weighted_ranking"": 1.1707999947248027, ""K3_candidate_filters"": 6.496199988760054, ""K9_advisory_consensus"": 0.007399998139590025, ""K4_nli_and_bypass_check"": 30.105800004093908, ""K5_decision"": 0.2162000018870458}",8602
FACTURK-0238,DOĞRU,"[3621, 27608, 23796, 24917, 25245, 19381, 12652, 27023, 28160, 4157, 29558, 13123, 29721, 2155, 12458, 23405, 7176, 25613, 7602, 11575]","[1.657145367062185e-05, 5.391084778239019e-05, 0.0010608151787891984, 0.00023050670279189944, 0.0020190137438476086, 0.00011591933434829116, 2.586742994026281e-05, 1.657145367062185e-05, 1.6314539607265033e-05, 1.6314539607265033e-05, 1.6314539607265033e-05, 1.6314539607265033e-05, 4.870464181294665e-05, 1.6061610949691385e-05, 2.3737338779028505e-05, 1.593661909282673e-05, 1.593661909282673e-05, 1.6442494597868063e-05, 1.6187581422855146e-05, 0.0001476803736295551]","[0.02968444488942623, 0.958368718624115, 0.011946842074394226]","[0.02968444488942623, 0.958368718624115, 0.011946842074394226]",False,YETERSİZ VERİ,RET,True,False,580.303399998229,"{""K1_input_and_readiness"": 0.04129999433644116, ""K7_context"": 0.0014999968698248267, ""K1_normalization"": 0.014299992471933365, ""K6_advisory"": 10.951999996905215, ""K1_intent"": 0.042100000428035855, ""K2_retrieval"": 116.30179999337997, ""K3_reranker"": 60.41400000685826, ""K8_weighted_ranking"": 1.040700008161366, ""K3_candidate_filters"": 5.323199991835281, ""K9_advisory_consensus"": 0.005599998985417187, ""K4_nli_and_bypass_check"": 200.10560000082478, ""K5_decision"": 182.7499000064563}",27608
FACTURK-0239,YALAN,"[9150, 29970, 2993, 2858, 15787, 3189, 1676, 26284, 27894, 25169, 1701, 3315, 5962, 24782, 834, 19258, 6914, 29857, 27219, 16150]","[0.024423090741038322, 0.004248078912496567, 0.1463310569524765, 0.00033535013790242374, 0.02898062951862812, 0.2907794415950775, 0.12116485089063644, 0.30342212319374084, 0.0004936049808748066, 0.011419613845646381, 0.009633651934564114, 0.0064882696606218815, 1.6442494597868063e-05, 0.01805533468723297, 3.1201914680423215e-05, 0.015845362097024918, 1.6314539607265033e-05, 0.026963500306010246, 0.00018961740715894848, 0.11899801343679428]","[0.0010768413776531816, 0.9983096122741699, 0.0006135657313279808]","[0.0010768413776531816, 0.9983096122741699, 0.0006135657313279808]",False,YETERSİZ VERİ,RET,True,False,640.6728000001749,"{""K1_input_and_readiness"": 0.05459999374579638, ""K7_context"": 0.0013999961083754897, ""K1_normalization"": 0.01069999416358769, ""K6_advisory"": 12.273000000277534, ""K1_intent"": 0.036600002204068005, ""K2_retrieval"": 129.28919999103528, ""K3_reranker"": 64.92340000113472, ""K8_weighted_ranking"": 1.2829000042984262, ""K3_candidate_filters"": 6.988599998294376, ""K9_advisory_consensus"": 0.007700000423938036, ""K4_nli_and_bypass_check"": 227.58339998836163, ""K5_decision"": 195.2544000087073}",26284
FACTURK-0240,YALAN,"[13598, 8816, 12410, 10424, 16682, 23238, 18466, 18895, 17936, 15511, 20095, 7876, 22221, 15131, 29430, 17748, 600, 13755, 20634, 16632]","[0.2447238266468048, 0.005001672077924013, 0.0023141263518482447, 0.047514185309410095, 0.00014883848780300468, 0.0011160142021253705, 0.03711691126227379, 0.005448067560791969, 4.298194107832387e-05, 0.00982179306447506, 0.00042554305400699377, 0.00023413581948261708, 0.055310655385255814, 0.00011323437502142042, 0.3608268201351166, 0.038901980966329575, 0.0034429810475558043, 0.002704429440200329, 0.0006771942134946585, 0.0015792594058439136]","[0.0004414251015987247, 0.9991075396537781, 0.00045101146679371595]","[0.0004414251015987247, 0.9991075396537781, 0.00045101146679371595]",False,YETERSİZ VERİ,RET,True,False,761.8688000075053,"{""K1_input_and_readiness"": 0.058599995099939406, ""K7_context"": 0.0016999983927235007, ""K1_normalization"": 0.009499999578110874, ""K6_advisory"": 12.473399998270907, ""K1_intent"": 0.04440000338945538, ""K2_retrieval"": 130.6829000095604, ""K3_reranker"": 107.96300000220072, ""K8_weighted_ranking"": 1.2329999881330878, ""K3_candidate_filters"": 5.674999993061647, ""K9_advisory_consensus"": 0.00689999433234334, ""K4_nli_and_bypass_check"": 271.57399999850895, ""K5_decision"": 229.3028999993112}",15511
FACTURK-0241,DOĞRU,"[25710, 24130, 13938, 29460, 4664, 27477, 2600, 21451, 9223, 10117, 17690, 5745, 23944, 17334, 7894, 12237, 19144, 25155, 14879, 29088]","[1.8200149497715756e-05, 0.00031015597051009536, 2.566613329690881e-05, 1.6314539607265033e-05, 1.6187581422855146e-05, 1.7917987861437723e-05, 0.00014539113908540457, 3.591300992411561e-05, 1.6314539607265033e-05, 1.6187581422855146e-05, 1.6061610949691385e-05, 1.6314539607265033e-05, 1.7097478121286258e-05, 1.6187581422855146e-05, 1.6061610949691385e-05, 1.6314539607265033e-05, 1.6964426322374493e-05, 1.6061610949691385e-05, 1.892514956125524e-05, 1.6187581422855146e-05]","[0.9556233286857605, 0.04150812700390816, 0.0028684448916465044]","[0.9556233286857605, 0.04150812700390816, 0.0028684448916465044]",False,YALAN,RED,False,False,278.1692999997176,"{""K1_input_and_readiness"": 0.06439999560825527, ""K7_context"": 0.0012999953469261527, ""K1_normalization"": 0.00960000033956021, ""K6_advisory"": 10.227100006886758, ""K1_intent"": 0.03270000161137432, ""K2_retrieval"": 157.0620999991661, ""K3_reranker"": 70.48609999765176, ""K8_weighted_ranking"": 1.2663000088650733, ""K3_candidate_filters"": 6.755800000973977, ""K9_advisory_consensus"": 0.007399998139590025, ""K4_nli_and_bypass_check"": 28.60079999663867, ""K5_decision"": 0.39039998955558985}",23944
FACTURK-0242,YALAN,"[10033, 9919, 25236, 13795, 16645, 4757, 1362, 13858, 4993, 5962, 28385, 2508, 4738, 2141, 9071, 28927, 12636, 12692, 11781, 26520]","[0.0017821963410824537, 0.0005770345451310277, 0.004905405919998884, 0.1678997427225113, 0.0040543340146541595, 0.0027683854568749666, 0.0008009536541067064, 0.0003053489199373871, 0.0017891592578962445, 6.156764720799401e-05, 0.000192602863535285, 9.685608529252931e-05, 0.009522485546767712, 0.00010720880527514964, 0.0009773502824828029, 0.0008899655076675117, 3.975192521465942e-05, 1.6314539607265033e-05, 0.0003583672805689275, 2.449082603561692e-05]","[0.012338881380856037, 0.9840351343154907, 0.003626057645305991]","[0.012338881380856037, 0.9840351343154907, 0.003626057645305991]",False,YETERSİZ VERİ,RET,True,False,710.6048999994528,"{""K1_input_and_readiness"": 0.06660001236014068, ""K7_context"": 0.0015999976312741637, ""K1_normalization"": 0.01030000566970557, ""K6_advisory"": 13.781199988443404, ""K1_intent"": 0.036900004488416016, ""K2_retrieval"": 139.16630001040176, ""K3_reranker"": 68.77160001022276, ""K8_weighted_ranking"": 1.3487999967765063, ""K3_candidate_filters"": 6.541299997479655, ""K9_advisory_consensus"": 0.008400005754083395, ""K4_nli_and_bypass_check"": 256.6530000040075, ""K5_decision"": 221.1622000031639}",11781
FACTURK-0243,DOĞRU,"[29414, 21058, 28417, 1499, 25160, 20136, 24782, 19827, 23757, 30163, 1427, 12539, 25968, 30224, 487, 3532, 14012, 20305, 7924, 13874]","[0.07369627058506012, 0.00025315635139122605, 8.818923379294574e-05, 0.0033766122069209814, 0.01890544593334198, 0.009633651934564114, 0.07751765847206116, 0.02931223064661026, 0.008061991073191166, 0.0003500686143524945, 0.8423450589179993, 4.683888619183563e-05, 0.0014895173953846097, 0.00012339458044152707, 0.0024822766426950693, 0.0019418168812990189, 0.002992665395140648, 0.0009039677679538727, 0.00014539113908540457, 2.710879925871268e-05]","[0.0028588557615876198, 0.9961890578269958, 0.0009520022431388497]","[0.0028588557615876198, 0.9961890578269958, 0.0009520022431388497]",False,YALAN,UYARI,False,False,383.2286000106251,"{""K1_input_and_readiness"": 0.06889998621772975, ""K7_context"": 0.0010999938240274787, ""K1_normalization"": 0.012600008631125093, ""K6_advisory"": 9.602199992514215, ""K1_intent"": 0.03919999289792031, ""K2_retrieval"": 221.3298999995459, ""K3_reranker"": 112.15159999846946, ""K8_weighted_ranking"": 1.181600004201755, ""K3_candidate_filters"": 6.202599994139746, ""K9_advisory_consensus"": 0.008200004231184721, ""K4_nli_and_bypass_check"": 29.168499997467734, ""K5_decision"": 0.21520000882446766}",1427
FACTURK-0244,DOĞRU,"[16434, 13753, 6858, 824, 12595, 13200, 11961, 6224, 16532, 4999, 11245, 743, 29381, 13253, 16304, 24417, 26329, 8315, 10070, 7113]","[0.000706905557308346, 0.003135835751891136, 0.00015720345254521817, 0.0001442598586436361, 0.03635666146874428, 1.6442494597868063e-05, 2.3369333575828932e-05, 5.518923353520222e-05, 1.67014204635052e-05, 1.657145367062185e-05, 1.750292540236842e-05, 1.657145367062185e-05, 1.922317096614279e-05, 1.6314539607265033e-05, 0.0006047102506272495, 3.535625000949949e-05, 1.6061610949691385e-05, 1.7231572201126255e-05, 0.0006312434561550617, 6.108854722697288e-05]","[0.001995798898860812, 0.9961870312690735, 0.0018171955598518252]","[0.001995798898860812, 0.9961870312690735, 0.0018171955598518252]",False,YETERSİZ VERİ,RET,True,False,724.7979999956442,"{""K1_input_and_readiness"": 0.05129999772179872, ""K7_context"": 0.001300009898841381, ""K1_normalization"": 0.009199997293762863, ""K6_advisory"": 14.868800004478544, ""K1_intent"": 0.03599999763537198, ""K2_retrieval"": 135.88940000045113, ""K3_reranker"": 80.65250000800006, ""K8_weighted_ranking"": 1.613899992662482, ""K3_candidate_filters"": 8.073799996054731, ""K9_advisory_consensus"": 0.009199997293762863, ""K4_nli_and_bypass_check"": 261.5580999990925, ""K5_decision"": 217.7525000006426}",10070
FACTURK-0245,DOĞRU,"[15787, 9150, 27623, 15294, 13538, 21653, 27617, 22773, 23054, 25225, 19237, 12658, 1701, 24013, 28371, 8685, 18253, 27382, 9755, 2858]","[0.012722708284854889, 0.03271312639117241, 0.0018602986820042133, 3.1941821362124756e-05, 0.004591683857142925, 1.9073577277595177e-05, 4.1659583075670525e-05, 0.9828232526779175, 0.07237401604652405, 0.014392335899174213, 0.022371459752321243, 0.050611432641744614, 0.023779986426234245, 0.005685906857252121, 0.0026316740550100803, 0.006241259165108204, 0.00017952796770259738, 0.0007437028689309955, 0.008187909610569477, 0.0006878511630930007]","[0.002254508202895522, 0.02386246994137764, 0.9738830924034119]","[0.002254508202895522, 0.02386246994137764, 0.9738830924034119]",False,YETERSİZ VERİ,KISMI,True,False,508.25619998795446,"{""K1_input_and_readiness"": 0.08240000170189887, ""K7_context"": 0.0037999998312443495, ""K1_normalization"": 0.012999997125007212, ""K6_advisory"": 15.191799990134314, ""K1_intent"": 0.05050000618211925, ""K2_retrieval"": 162.80409999308176, ""K3_reranker"": 103.5392000048887, ""K8_weighted_ranking"": 1.160400002845563, ""K3_candidate_filters"": 6.335800004308112, ""K9_advisory_consensus"": 0.006999995093792677, ""K4_nli_and_bypass_check"": 117.41229999461211, ""K5_decision"": 97.46039999299683}",22773
FACTURK-0246,DOĞRU,"[11721, 14939, 26050, 21126, 7516, 28903, 2894, 6304, 9516, 6189, 26089, 23550, 27383, 14053, 18800, 2719, 23475, 8942, 4667, 21522]","[0.0003275842755101621, 2.1278065105434507e-05, 1.6061610949691385e-05, 0.0007672924548387527, 1.6314539607265033e-05, 1.6187581422855146e-05, 2.355261858610902e-05, 7.031184941297397e-05, 8.156224066624418e-05, 1.6187581422855146e-05, 3.0479141059913673e-05, 1.6187581422855146e-05, 3.8831109122838825e-05, 1.657145367062185e-05, 1.8342892872169614e-05, 1.67014204635052e-05, 1.6442494597868063e-05, 1.657145367062185e-05, 1.6061610949691385e-05, 1.6061610949691385e-05]","[0.0010155891068279743, 0.9983400106430054, 0.0006442881422117352]","[0.0010155891068279743, 0.9983400106430054, 0.0006442881422117352]",False,YETERSİZ VERİ,RET,True,False,317.42239999584854,"{""K1_input_and_readiness"": 0.07959999493323267, ""K7_context"": 0.0013999961083754897, ""K1_normalization"": 0.022199994418770075, ""K6_advisory"": 10.828200000105426, ""K1_intent"": 0.03640000068116933, ""K2_retrieval"": 162.31770000013057, ""K3_reranker"": 108.20719999901485, ""K8_weighted_ranking"": 1.0766000050352886, ""K3_candidate_filters"": 5.693500002962537, ""K9_advisory_consensus"": 0.007800001185387373, ""K4_nli_and_bypass_check"": 25.95640000072308, ""K5_decision"": 0.3192000003764406}",8942
FACTURK-0247,YALAN,"[24726, 30211, 15978, 24956, 23686, 29892, 22175, 22388, 25169, 17982, 28371, 27894, 24275, 22268, 17499, 21007, 16063, 1733, 4991, 17354]","[0.9995827078819275, 0.0026522595435380936, 0.0799255222082138, 0.23057307302951813, 0.018761085346341133, 0.10557883977890015, 0.0029008574783802032, 0.0061929901130497456, 0.023962024599313736, 0.005343256052583456, 0.0006214630557224154, 0.005021149758249521, 1.9073577277595177e-05, 0.0011649561347439885, 0.0023413407616317272, 0.01764446496963501, 0.03455362468957901, 0.001151399570517242, 0.018124720081686974, 0.007039045449346304]","[0.0003927402722183615, 0.00017224704788532108, 0.9994350075721741]","[0.0003927402722183615, 0.00017224704788532108, 0.9994350075721741]",False,YALAN,UYARI,False,False,339.9799000035273,"{""K1_input_and_readiness"": 0.04619998799171299, ""K7_context"": 0.0011999945854768157, ""K1_normalization"": 0.009499999578110874, ""K6_advisory"": 11.297200006083585, ""K1_intent"": 0.03599999763537198, ""K2_retrieval"": 145.57870000135154, ""K3_reranker"": 86.00079998723231, ""K8_weighted_ranking"": 1.310200008447282, ""K3_candidate_filters"": 7.104200005414896, ""K9_advisory_consensus"": 0.00790000194683671, ""K4_nli_and_bypass_check"": 57.17620000359602, ""K5_decision"": 28.53559999493882}",24726
FACTURK-0248,YALAN,"[18148, 26461, 915, 23436, 8001, 29251, 16193, 8688, 21223, 28346, 29177, 8821, 15832, 861, 3213, 23755, 7248, 13378, 1570, 4481]","[0.07237401604652405, 0.02881619706749916, 0.06608537584543228, 1.657145367062185e-05, 1.6061610949691385e-05, 0.001597845577634871, 5.920916373725049e-05, 0.00035281325108371675, 0.0030634168069809675, 5.9673518990166485e-05, 2.411113746347837e-05, 1.657145367062185e-05, 1.6187581422855146e-05, 2.1444948288262822e-05, 0.004264635033905506, 1.6314539607265033e-05, 0.0003199982165824622, 1.6061610949691385e-05, 0.000628784007858485, 0.0002251682453788817]","[0.007610013242810965, 0.0159071646630764, 0.9764827489852905]","[0.007610013242810965, 0.0159071646630764, 0.9764827489852905]",False,DOĞRU,ONAY,False,False,471.0134999913862,"{""K1_input_and_readiness"": 0.040799990529194474, ""K7_context"": 0.0015999976312741637, ""K1_normalization"": 0.007299997378140688, ""K6_advisory"": 11.45439999527298, ""K1_intent"": 0.030700000934302807, ""K2_retrieval"": 120.12229999527335, ""K3_reranker"": 75.1622999960091, ""K8_weighted_ranking"": 1.3118999922880903, ""K3_candidate_filters"": 5.891699998755939, ""K9_advisory_consensus"": 0.010399991879239678, ""K4_nli_and_bypass_check"": 136.62360000307672, ""K5_decision"": 117.3343999980716}",18148
FACTURK-0249,DOĞRU,"[427, 29568, 8286, 15887, 16420, 16856, 8176, 23265, 24737, 3557, 2853, 25318, 21248, 4842, 19220, 11992, 17094, 6112, 5588, 30144]","[0.9881765246391296, 1.6442494597868063e-05, 2.93115390377352e-05, 0.0001387341326335445, 0.001674399245530367, 0.00012632041762117296, 2.710879925871268e-05, 1.6187581422855146e-05, 1.6187581422855146e-05, 0.00022167809947859496, 4.298194107832387e-05, 2.3369333575828932e-05, 1.6314539607265033e-05, 4.7206227463902906e-05, 7.602479308843613e-05, 1.6314539607265033e-05, 0.001052568550221622, 1.6061610949691385e-05, 1.6442494597868063e-05, 1.9373936083866283e-05]","[0.0011305571533739567, 0.0026570134796202183, 0.9962124824523926]","[0.0011305571533739567, 0.0026570134796202183, 0.9962124824523926]",False,YALAN,RED,False,False,445.9491000015987,"{""K1_input_and_readiness"": 0.05730001430492848, ""K7_context"": 0.0018999999156221747, ""K1_normalization"": 0.010899995686486363, ""K6_advisory"": 11.409500002628192, ""K1_intent"": 0.042400002712383866, ""K2_retrieval"": 131.77760000689887, ""K3_reranker"": 76.82119999662973, ""K8_weighted_ranking"": 1.058599998941645, ""K3_candidate_filters"": 5.440699998871423, ""K9_advisory_consensus"": 0.005800000508315861, ""K4_nli_and_bypass_check"": 115.26939999021124, ""K5_decision"": 101.09490000468213}",427
FACTURK-0250,YALAN,"[12539, 22465, 15780, 4270, 7924, 10589, 1499, 12104, 19997, 7224, 5953, 21058, 29414, 24782, 14277, 9366, 9274, 24943, 24849, 2984]","[0.000706905557308346, 0.005865338258445263, 0.002115703420713544, 0.007937993854284286, 0.001597845577634871, 0.003510648850351572, 0.04509957134723663, 0.0002591582597233355, 0.00029137005913071334, 0.007725534029304981, 0.016593176871538162, 0.00019716942915692925, 0.0026730059180408716, 0.015845362097024918, 0.054701510816812515, 0.10194652527570724, 0.004736748989671469, 0.004962942097336054, 0.4801282584667206, 0.00016474656877107918]","[0.0002049215545412153, 0.9993044137954712, 0.0004906220710836351]","[0.0002049215545412153, 0.9993044137954712, 0.0004906220710836351]",False,YALAN,UYARI,False,False,409.17989998706616,"{""K1_input_and_readiness"": 0.079699995694682, ""K7_context"": 0.0013999961083754897, ""K1_normalization"": 0.014899997040629387, ""K6_advisory"": 9.999000001698732, ""K1_intent"": 0.0408000050811097, ""K2_retrieval"": 253.0440999980783, ""K3_reranker"": 104.83599999861326, ""K8_weighted_ranking"": 1.2287999998079613, ""K3_candidate_filters"": 6.658600002992898, ""K9_advisory_consensus"": 0.007299997378140688, ""K4_nli_and_bypass_check"": 29.842600008123554, ""K5_decision"": 0.24920000578276813}",24849
FACTURK-0251,DOĞRU,"[4452, 17297, 18638, 12622, 23757, 5104, 28871, 6765, 2933, 21667, 4658, 13026, 10051, 2755, 25087, 2100, 14924, 6170, 9755, 28886]","[0.0011786719551309943, 0.0008492455235682428, 0.0005316132446750998, 0.02203226462006569, 0.00032503585680387914, 0.0053640566766262054, 0.0006512682302854955, 0.0023688741493970156, 0.0028671587351709604, 0.0009584648651070893, 0.00079783343244344, 0.008745181374251842, 0.00014202363672666252, 0.00022167809947859496, 0.0023967307060956955, 3.0006618544575758e-05, 0.0005484792054630816, 0.0006337125087156892, 0.00032503585680387914, 0.00049553596181795]","[0.0022703129798173904, 0.9971274733543396, 0.0006021608132869005]","[0.0022703129798173904, 0.9971274733543396, 0.0006021608132869005]",False,YETERSİZ VERİ,RET,True,False,985.3745000000345,"{""K1_input_and_readiness"": 0.07619999814778566, ""K7_context"": 0.0014999968698248267, ""K1_normalization"": 0.013299999409355223, ""K6_advisory"": 13.237599996500649, ""K1_intent"": 0.040700004319660366, ""K2_retrieval"": 168.95959999237675, ""K3_reranker"": 90.32370000204537, ""K8_weighted_ranking"": 1.1192999954801053, ""K3_candidate_filters"": 5.3770999948028475, ""K9_advisory_consensus"": 0.006400005077011883, ""K4_nli_and_bypass_check"": 370.9431999886874, ""K5_decision"": 332.12590000766795}",5104
FACTURK-0252,YALAN,"[5630, 4402, 2429, 28582, 17161, 12102, 13621, 5581, 16652, 1959, 7375, 24542, 3524, 18711, 29070, 17685, 29379, 8833, 5371, 4073]","[0.9993175268173218, 0.015483989380300045, 0.0025509123224765062, 0.02080448903143406, 0.00026947917649522424, 2.265035072923638e-05, 0.01590639166533947, 2.411113746347837e-05, 0.008847354911267757, 3.321419353596866e-05, 0.04377274215221405, 0.04107588902115822, 0.005001672077924013, 8.547616744181141e-05, 0.00038296362617984414, 0.0006538155721500516, 0.0001387341326335445, 0.0019723358564078808, 0.0020033332984894514, 1.6061610949691385e-05]",null,"[0.0, 0.0, 1.0]",True,YALAN,UYARI,False,False,276.14400000311434,"{""K1_input_and_readiness"": 0.052100003813393414, ""K7_context"": 0.0015999976312741637, ""K1_normalization"": 0.010899995686486363, ""K6_advisory"": 12.859400012530386, ""K1_intent"": 0.04269999044481665, ""K2_retrieval"": 142.73279999906663, ""K3_reranker"": 108.81739998876583, ""K8_weighted_ranking"": 1.3993000029586256, ""K3_candidate_filters"": 6.494200002634898, ""K9_advisory_consensus"": 0.012600008631125093, ""K4_nli_and_bypass_check"": 0.2539000124670565, ""K5_decision"": 0.3172999859089032}",5630
FACTURK-0253,YALAN,"[6837, 23132, 14727, 24304, 1959, 13795, 11158, 12068, 22465, 12265, 22811, 635, 6047, 3954, 20781, 24179, 8871, 23336, 18348, 15247]","[2.0462934116949327e-05, 0.00015720345254521817, 0.0009811719646677375, 0.0005907104350626469, 1.6314539607265033e-05, 0.00014653129619546235, 1.6187581422855146e-05, 0.00026738259475678205, 1.8486754925106652e-05, 0.002992665395140648, 1.6314539607265033e-05, 1.9373936083866283e-05, 3.024195939360652e-05, 2.908344322349876e-05, 8.349628478754312e-05, 1.657145367062185e-05, 1.67014204635052e-05, 0.0005953406798653305, 2.93115390377352e-05, 1.6314539607265033e-05]","[0.003039976814761758, 0.993180513381958, 0.003779619699344039]","[0.003039976814761758, 0.993180513381958, 0.003779619699344039]",False,YETERSİZ VERİ,RET,True,False,851.209700005711,"{""K1_input_and_readiness"": 0.05319999763742089, ""K7_context"": 0.0013999961083754897, ""K1_normalization"": 0.011099997209385037, ""K6_advisory"": 13.259100000141189, ""K1_intent"": 0.04639998951461166, ""K2_retrieval"": 164.88519999256823, ""K3_reranker"": 65.79670000064652, ""K8_weighted_ranking"": 1.033600012306124, ""K3_candidate_filters"": 6.008099997416139, ""K9_advisory_consensus"": 0.009199997293762863, ""K4_nli_and_bypass_check"": 303.24750000727363, ""K5_decision"": 292.9218000062974}",12265
FACTURK-0254,YALAN,"[30197, 16423, 16687, 6705, 12442, 16491, 5962, 5198, 25913, 17023, 27748, 1882, 22527, 5228, 10107, 11087, 23309, 27957, 540, 13362]","[1.657145367062185e-05, 1.8777873265207745e-05, 1.9833367332466878e-05, 4.101373633602634e-05, 0.0006070755189284682, 0.0011380005162209272, 1.8200149497715756e-05, 1.7917987861437723e-05, 0.001356401713564992, 1.6442494597868063e-05, 3.508111694827676e-05, 3.5633544030133635e-05, 2.195349043176975e-05, 1.6061610949691385e-05, 1.6061610949691385e-05, 1.6314539607265033e-05, 1.6314539607265033e-05, 1.6061610949691385e-05, 0.00041568948654457927, 4.1335399146191776e-05]","[0.9795619249343872, 0.019871335476636887, 0.0005666731158271432]","[0.9795619249343872, 0.019871335476636887, 0.0005666731158271432]",False,YETERSİZ VERİ,KISMI,True,False,260.32739999936894,"{""K1_input_and_readiness"": 0.07069999992381781, ""K7_context"": 0.0020000006770715117, ""K1_normalization"": 0.023299988242797554, ""K6_advisory"": 17.192899991641752, ""K1_intent"": 0.051700000767596066, ""K2_retrieval"": 141.28339999297168, ""K3_reranker"": 63.9381999935722, ""K8_weighted_ranking"": 1.1175000108778477, ""K3_candidate_filters"": 5.7649000082165, ""K9_advisory_consensus"": 0.006000002031214535, ""K4_nli_and_bypass_check"": 27.176799994776957, ""K5_decision"": 0.32160000409930944}",17023
FACTURK-0255,DOĞRU,"[2558, 6199, 18926, 4226, 5827, 12813, 21702, 1763, 8950, 4987, 27680, 17342, 10715, 4494, 10873, 11056, 18779, 18876, 15525, 9286]","[2.0462934116949327e-05, 0.005281333811581135, 0.005405900068581104, 0.02898062951862812, 3.1201914680423215e-05, 0.0005316132446750998, 0.0008009536541067064, 0.00019871552649419755, 0.008030813187360764, 0.012007349170744419, 0.008745181374251842, 6.253713218029588e-05, 0.00013032974675297737, 1.750292540236842e-05, 5.02506154589355e-05, 0.0005484792054630816, 7.086326513672248e-05, 1.7097478121286258e-05, 2.4682904040673748e-05, 0.002199798123911023]","[0.0012456742115318775, 0.9974716901779175, 0.0012827084865421057]","[0.0012456742115318775, 0.9974716901779175, 0.0012827084865421057]",False,YALAN,RED,False,False,349.9718000093708,"{""K1_input_and_readiness"": 0.07310000364668667, ""K7_context"": 0.001600012183189392, ""K1_normalization"": 0.017099999240599573, ""K6_advisory"": 17.329700000118464, ""K1_intent"": 0.04560001252684742, ""K2_retrieval"": 209.38480000768322, ""K3_reranker"": 82.11149999988265, ""K8_weighted_ranking"": 1.4910000027157366, ""K3_candidate_filters"": 6.897800005390309, ""K9_advisory_consensus"": 0.007800001185387373, ""K4_nli_and_bypass_check"": 29.006299999309704, ""K5_decision"": 0.3859999997075647}",6199
FACTURK-0256,YALAN,"[15787, 17721, 21537, 2858, 1701, 9220, 25225, 9150, 16150, 16785, 25228, 25169, 30075, 28483, 24184, 16063, 2244, 9755, 15848, 27219]","[0.001151399570517242, 0.4686386287212372, 0.468030720949173, 0.0001476803736295551, 0.0010122860549017787, 0.00010391067189630121, 0.0019646615255624056, 0.008985428139567375, 0.005220125429332256, 0.0006047102506272495, 0.0012743262341246009, 0.00011412239109631628, 0.05634009838104248, 0.0004272078804206103, 0.0007824140484444797, 0.002580904169008136, 7.905303937150165e-05, 0.0020507434383034706, 0.00016093082376755774, 0.00010071400902234018]","[0.011088961735367775, 0.9856041669845581, 0.003306827275082469]","[0.011088961735367775, 0.9856041669845581, 0.003306827275082469]",False,YALAN,UYARI,False,False,572.9162000061478,"{""K1_input_and_readiness"": 0.04820000322069973, ""K7_context"": 0.001800013706088066, ""K1_normalization"": 0.00960000033956021, ""K6_advisory"": 12.473399998270907, ""K1_intent"": 0.029699993319809437, ""K2_retrieval"": 127.80249999195803, ""K3_reranker"": 91.93860000232235, ""K8_weighted_ranking"": 3.2269999937852845, ""K3_candidate_filters"": 11.678499999106862, ""K9_advisory_consensus"": 0.010500007192604244, ""K4_nli_and_bypass_check"": 207.3819000070216, ""K5_decision"": 114.80320000555366}",30075
FACTURK-0257,DOĞRU,"[25662, 18052, 15121, 27521, 17425, 18391, 13817, 18112, 9725, 12763, 27233, 4989, 11295, 15859, 1974, 29091, 5149, 20169, 29654, 6035]","[0.19759924709796906, 0.03222229704260826, 0.11104825139045715, 0.0055333878844976425, 0.015663648024201393, 0.19590157270431519, 0.02013874053955078, 0.018194368109107018, 0.008445626124739647, 0.060418423265218735, 0.017442485317587852, 0.00815624836832285, 1.657145367062185e-05, 0.02909075655043125, 0.0037800956051796675, 0.011029469780623913, 6.60521473037079e-05, 0.0017891592578962445, 3.7931622500764206e-05, 0.048136770725250244]","[0.00017095342627726495, 0.9997088313102722, 0.00012028076162096113]","[0.00017095342627726495, 0.9997088313102722, 0.00012028076162096113]",False,YETERSİZ VERİ,RET,True,False,489.58420001144987,"{""K1_input_and_readiness"": 0.0636000040685758, ""K7_context"": 0.0012999953469261527, ""K1_normalization"": 0.01170000177808106, ""K6_advisory"": 18.94439999887254, ""K1_intent"": 0.066100008552894, ""K2_retrieval"": 318.2024999987334, ""K3_reranker"": 109.29310000210535, ""K8_weighted_ranking"": 1.5933000104269013, ""K3_candidate_filters"": 6.575500010512769, ""K9_advisory_consensus"": 0.009700001101009548, ""K4_nli_and_bypass_check"": 30.518799991114065, ""K5_decision"": 0.378700002329424}",15121
FACTURK-0258,DOĞRU,"[13706, 28345, 2194, 13989, 16594, 29289, 23797, 3306, 11751, 2993, 11758, 15782, 4877, 4628, 8100, 29165, 14954, 16095, 21977, 10847]","[0.009055263362824917, 0.04958902671933174, 0.00937623716890812, 0.022328782826662064, 0.010130411013960838, 0.03767939284443855, 0.002531111240386963, 0.0077555361203849316, 0.0007096704212017357, 0.02400774508714676, 0.0021322614047676325, 0.03739713504910469, 0.001314724562689662, 0.008315778337419033, 0.0008295892039313912, 0.0768222063779831, 0.003678509034216404, 0.00012148174573667347, 0.0007495314348489046, 4.794958294951357e-05]","[0.0025336972903460264, 0.9945952296257019, 0.0028710549231618643]","[0.0025336972903460264, 0.9945952296257019, 0.0028710549231618643]",False,YETERSİZ VERİ,RET,True,False,828.57719999447,"{""K1_input_and_readiness"": 0.06569999095518142, ""K7_context"": 0.0021000014385208488, ""K1_normalization"": 0.011200012522749603, ""K6_advisory"": 13.821100001223385, ""K1_intent"": 0.0447999918833375, ""K2_retrieval"": 157.0514000050025, ""K3_reranker"": 66.01609999779612, ""K8_weighted_ranking"": 1.2742999970214441, ""K3_candidate_filters"": 6.448600004659966, ""K9_advisory_consensus"": 0.01580000389367342, ""K4_nli_and_bypass_check"": 323.76869999279734, ""K5_decision"": 256.59069999528583}",2993
FACTURK-0259,DOĞRU,"[25585, 21400, 2575, 10277, 16630, 6764, 6758, 11122, 19122, 8266, 6348, 25961, 27079, 15897, 24904, 27364, 26201, 28198, 27436, 17532]","[0.6801354885101318, 1.7778551409719512e-05, 0.0031974869780242443, 0.0008199321455322206, 0.0017140384297817945, 0.007725534029304981, 0.004886374808847904, 2.014569145103451e-05, 0.006589771714061499, 1.7640199075685814e-05, 0.00021995337738189846, 0.0004060639475937933, 0.002296159043908119, 1.7231572201126255e-05, 1.7778551409719512e-05, 5.104190859128721e-05, 1.8342892872169614e-05, 1.6442494597868063e-05, 2.265035072923638e-05, 0.0022343622986227274]","[0.995509147644043, 0.0017913003684952855, 0.0026995849329978228]","[0.995509147644043, 0.0017913003684952855, 0.0026995849329978228]",False,DOĞRU,ONAY,False,False,704.3791000032797,"{""K1_input_and_readiness"": 0.06079999729990959, ""K7_context"": 0.0018999999156221747, ""K1_normalization"": 0.010599993402138352, ""K6_advisory"": 13.309100002516061, ""K1_intent"": 0.03749999450519681, ""K2_retrieval"": 145.2588999964064, ""K3_reranker"": 91.93100000265986, ""K8_weighted_ranking"": 1.4550000050803646, ""K3_candidate_filters"": 6.967399996938184, ""K9_advisory_consensus"": 0.007499998901039362, ""K4_nli_and_bypass_check"": 223.78030000254512, ""K5_decision"": 218.24539999943227}",28198
FACTURK-0260,DOĞRU,"[7704, 12063, 9755, 9150, 3138, 18090, 7858, 17910, 13960, 1625, 28777, 1241, 6828, 20048, 2262, 18735, 29858, 24534, 29999, 2961]","[1.7917987861437723e-05, 4.539786823443137e-05, 1.6187581422855146e-05, 0.00015236754552461207, 1.6061610949691385e-05, 0.001094452221877873, 0.00026738259475678205, 4.037790131405927e-05, 1.8200149497715756e-05, 0.0002472934720572084, 1.6187581422855146e-05, 6.868317723274231e-05, 1.6061610949691385e-05, 0.00034329999471083283, 1.67014204635052e-05, 1.6314539607265033e-05, 1.6314539607265033e-05, 1.805851934477687e-05, 1.683241134742275e-05, 1.6314539607265033e-05]","[0.000553663820028305, 0.9990943670272827, 0.0003519301244523376]","[0.000553663820028305, 0.9990943670272827, 0.0003519301244523376]",False,YETERSİZ VERİ,RET,True,False,887.7777000016067,"{""K1_input_and_readiness"": 0.05989999044686556, ""K7_context"": 0.0011999945854768157, ""K1_normalization"": 0.009900002623908222, ""K6_advisory"": 9.722500006319024, ""K1_intent"": 0.031200004741549492, ""K2_retrieval"": 136.89949999388773, ""K3_reranker"": 93.9622000005329, ""K8_weighted_ranking"": 1.3612000038847327, ""K3_candidate_filters"": 7.066299993311986, ""K9_advisory_consensus"": 0.008000002708286047, ""K4_nli_and_bypass_check"": 305.12789999193046, ""K5_decision"": 329.53529999940656}",9150
FACTURK-0261,YALAN,"[27643, 2749, 11158, 23464, 26193, 2266, 22830, 20431, 8348, 12900, 11185, 1747, 21022, 3427, 27752, 9110, 10563, 24601, 15617, 27965]","[0.00017952796770259738, 1.9988918211311102e-05, 1.8200149497715756e-05, 3.321419353596866e-05, 1.7640199075685814e-05, 2.1444948288262822e-05, 2.5071596610359848e-05, 0.005980330519378185, 1.6964426322374493e-05, 1.67014204635052e-05, 3.5633544030133635e-05, 1.6964426322374493e-05, 1.892514956125524e-05, 1.657145367062185e-05, 3.3474691008450463e-05, 1.7640199075685814e-05, 2.4682904040673748e-05, 1.657145367062185e-05, 0.0003366621967870742, 1.750292540236842e-05]","[0.060214634984731674, 0.8992208242416382, 0.040564604103565216]","[0.060214634984731674, 0.8992208242416382, 0.040564604103565216]",False,YETERSİZ VERİ,RET,True,False,1576.0006999917096,"{""K1_input_and_readiness"": 0.09580000187270343, ""K7_context"": 0.0017999991541728377, ""K1_normalization"": 0.01999999221879989, ""K6_advisory"": 13.540300002205186, ""K1_intent"": 0.04509999416768551, ""K2_retrieval"": 193.49910000164527, ""K3_reranker"": 81.78550000593532, ""K8_weighted_ranking"": 1.2102000036975369, ""K3_candidate_filters"": 5.521400002180599, ""K9_advisory_consensus"": 0.007000009645707905, ""K4_nli_and_bypass_check"": 604.4190999964485, ""K5_decision"": 672.2293999919202}",22830
FACTURK-0262,DOĞRU,"[22773, 2381, 11778, 29892, 4156, 5576, 7330, 2920, 9651, 18348, 8200, 29075, 9150, 16150, 24726, 11723, 14499, 9755, 13065, 17589]","[0.038321975618600845, 0.20866228640079498, 0.02681019715964794, 0.0017614696407690644, 1.8777873265207745e-05, 1.8486754925106652e-05, 0.0011469158343970776, 0.0003905139456037432, 4.6474400733131915e-05, 3.426849070820026e-05, 1.67014204635052e-05, 3.0006618544575758e-05, 0.001495338510721922, 0.0012594986474141479, 0.002323162741959095, 4.006369272246957e-05, 0.00046190584544092417, 0.001667882315814495, 0.0008626077906228602, 0.0012943679466843605]","[0.004764623008668423, 0.9923595786094666, 0.002875813515856862]","[0.004764623008668423, 0.9923595786094666, 0.002875813515856862]",False,YALAN,UYARI,False,False,709.955300000729,"{""K1_input_and_readiness"": 0.05709999823011458, ""K7_context"": 0.0014999968698248267, ""K1_normalization"": 0.011500000255182385, ""K6_advisory"": 16.46069998969324, ""K1_intent"": 0.04850000550504774, ""K2_retrieval"": 153.6980999953812, ""K3_reranker"": 110.22079999384005, ""K8_weighted_ranking"": 1.0535000037634745, ""K3_candidate_filters"": 5.870900000445545, ""K9_advisory_consensus"": 0.007199996616691351, ""K4_nli_and_bypass_check"": 218.78360000846442, ""K5_decision"": 200.13460000336636}",2381
FACTURK-0263,YALAN,"[11383, 21599, 21930, 5273, 22965, 22460, 15874, 11158, 15789, 27954, 21473, 2910, 28194, 10999, 26315, 1130, 1761, 14855, 8905, 6538]","[0.011463796719908714, 0.008283626288175583, 0.01890544593334198, 0.0011740821646526456, 0.00040765260928310454, 0.00020342698553577065, 1.8200149497715756e-05, 0.0001344663032796234, 1.6314539607265033e-05, 3.975192521465942e-05, 0.00014883848780300468, 2.8409744118107483e-05, 0.0005072812782600522, 0.0024154833517968655, 6.657015910604969e-05, 3.70529705833178e-05, 0.00012931563833262771, 1.6187581422855146e-05, 0.0001097509084502235, 3.373722574906424e-05]","[0.0013218935346230865, 0.9982646107673645, 0.0004135221824981272]","[0.0013218935346230865, 0.9982646107673645, 0.0004135221824981272]",False,YETERSİZ VERİ,RET,True,False,894.5100999990245,"{""K1_input_and_readiness"": 0.060600010328926146, ""K7_context"": 0.001400010660290718, ""K1_normalization"": 0.010500007192604244, ""K6_advisory"": 12.106800000765361, ""K1_intent"": 0.03530000685714185, ""K2_retrieval"": 149.3081000080565, ""K3_reranker"": 125.9215000027325, ""K8_weighted_ranking"": 1.1913000053027645, ""K3_candidate_filters"": 6.180800002766773, ""K9_advisory_consensus"": 0.007599999662488699, ""K4_nli_and_bypass_check"": 302.40210000192747, ""K5_decision"": 294.05680000490975}",21599
FACTURK-0264,DOĞRU,"[11058, 24534, 17984, 17516, 11986, 5710, 12152, 5087, 20305, 1424, 19761, 17022, 15968, 30224, 12677, 15453, 10902, 15684, 5542, 18561]","[0.39105701446533203, 3.1201914680423215e-05, 0.030733928084373474, 0.0023967307060956955, 0.0008693674462847412, 0.019908789545297623, 0.00018093574908562005, 0.00026530236937105656, 0.0011335690505802631, 0.016466174274683, 0.9386884570121765, 1.750292540236842e-05, 1.892514956125524e-05, 0.0032350558321923018, 0.026205414906144142, 0.003350423648953438, 0.00524044968187809, 0.0004459562187548727, 1.7097478121286258e-05, 0.0003150386910419911]","[0.07655571401119232, 0.07052642852067947, 0.8529179096221924]","[0.07655571401119232, 0.07052642852067947, 0.8529179096221924]",False,YETERSİZ VERİ,KISMI,True,False,370.70390000008047,"{""K1_input_and_readiness"": 0.05919999966863543, ""K7_context"": 0.0014999968698248267, ""K1_normalization"": 0.010100004146806896, ""K6_advisory"": 13.494200000423007, ""K1_intent"": 0.033200005418621004, ""K2_retrieval"": 122.32389999553561, ""K3_reranker"": 82.14549999684095, ""K8_weighted_ranking"": 1.1155999964103103, ""K3_candidate_filters"": 6.548400007886812, ""K9_advisory_consensus"": 0.007599999662488699, ""K4_nli_and_bypass_check"": 84.00449999317061, ""K5_decision"": 57.71219999587629}",19761
FACTURK-0265,YALAN,"[4991, 2549, 6119, 29892, 13059, 2984, 18226, 20266, 3259, 29169, 5723, 7095, 9765, 19012, 20078, 27136, 6765, 11125, 22180, 1505]","[0.0650087296962738, 0.0013511208817362785, 0.08601588010787964, 0.0001500056532677263, 0.0001713081874186173, 0.0001713081874186173, 0.0003275842755101621, 0.0008328334079124033, 0.0030634168069809675, 0.0004459562187548727, 2.0462934116949327e-05, 2.526822754589375e-05, 0.0011786719551309943, 7.843789353501052e-05, 2.6480842279852368e-05, 0.21700547635555267, 0.00020184421737212688, 0.004231587518006563, 0.0016875095898285508, 1.892514956125524e-05]","[0.02034774236381054, 0.9787350296974182, 0.0009172316058538854]","[0.02034774236381054, 0.9787350296974182, 0.0009172316058538854]",False,YETERSİZ VERİ,RET,True,False,808.0912000004901,"{""K1_input_and_readiness"": 0.05560000136028975, ""K7_context"": 0.0012999953469261527, ""K1_normalization"": 0.011500000255182385, ""K6_advisory"": 12.090899996110238, ""K1_intent"": 0.036600002204068005, ""K2_retrieval"": 148.05170000181533, ""K3_reranker"": 68.19089999771677, ""K8_weighted_ranking"": 1.0631000041030347, ""K3_candidate_filters"": 5.950399994617328, ""K9_advisory_consensus"": 0.007100010407157242, ""K4_nli_and_bypass_check"": 299.8337999888463, ""K5_decision"": 269.8071000049822}",4991
FACTURK-0266,DOĞRU,"[19604, 15636, 13525, 4491, 19212, 9117, 12727, 26848, 22170, 6165, 15367, 22715, 21965, 8658, 1459, 20079, 6206, 23862, 27625, 7696]","[1.8777873265207745e-05, 1.6061610949691385e-05, 1.657145367062185e-05, 3.373722574906424e-05, 2.014569145103451e-05, 1.7231572201126255e-05, 1.683241134742275e-05, 1.6061610949691385e-05, 1.6187581422855146e-05, 6.253713218029588e-05, 0.000124362253700383, 1.6187581422855146e-05, 1.6314539607265033e-05, 1.8777873265207745e-05, 1.67014204635052e-05, 8.957788668340072e-05, 0.00014313739666249603, 5.738759500673041e-05, 1.6442494597868063e-05, 1.6061610949691385e-05]","[0.0027349309530109167, 0.9967935681343079, 0.00047156124492175877]","[0.0027349309530109167, 0.9967935681343079, 0.00047156124492175877]",False,YETERSİZ VERİ,RET,True,False,372.25140001100954,"{""K1_input_and_readiness"": 0.06969999230932444, ""K7_context"": 0.0014999968698248267, ""K1_normalization"": 0.011900003300979733, ""K6_advisory"": 10.910000011790544, ""K1_intent"": 0.04189999890513718, ""K2_retrieval"": 218.81439999560826, ""K3_reranker"": 109.08829999971204, ""K8_weighted_ranking"": 1.1226000060560182, ""K3_candidate_filters"": 5.670600003213622, ""K9_advisory_consensus"": 0.006599992047995329, ""K4_nli_and_bypass_check"": 23.291199991945177, ""K5_decision"": 0.1914999884320423}",15367
FACTURK-0267,YALAN,"[26279, 20172, 22301, 25269, 24851, 20024, 13189, 10913, 9553, 19187, 10451, 11278, 5294, 13673, 7336, 19713, 22252, 15734, 7236, 10851]","[0.06754669547080994, 0.011687257327139378, 0.000437334441812709, 0.01764446496963501, 2.161314114346169e-05, 0.6209089756011963, 0.0006361912237480283, 0.00748962489888072, 0.0001713081874186173, 0.007317397277802229, 7.031184941297397e-05, 0.0001837845629779622, 7.311254739761353e-05, 4.6474400733131915e-05, 3.024195939360652e-05, 0.0002002737601287663, 1.67014204635052e-05, 5.34913269802928e-05, 0.001987774157896638, 1.6314539607265033e-05]","[0.31094005703926086, 0.6821466684341431, 0.006913305260241032]","[0.31094005703926086, 0.6821466684341431, 0.006913305260241032]",False,YETERSİZ VERİ,RET,True,False,705.7117000076687,"{""K1_input_and_readiness"": 0.0484000047435984, ""K7_context"": 0.0013999961083754897, ""K1_normalization"": 0.011800002539530396, ""K6_advisory"": 12.030500001856126, ""K1_intent"": 0.032500000088475645, ""K2_retrieval"": 145.32979999785312, ""K3_reranker"": 89.79440000257455, ""K8_weighted_ranking"": 1.1277000012341887, ""K3_candidate_filters"": 6.234700005734339, ""K9_advisory_consensus"": 0.007599999662488699, ""K4_nli_and_bypass_check"": 242.6947000058135, ""K5_decision"": 205.25959999940824}",20024
FACTURK-0268,YALAN,"[10329, 21058, 4682, 22514, 16150, 1499, 8118, 11936, 26479, 4149, 23693, 7330, 20446, 23276, 11026, 20683, 27402, 3956, 12201, 28704]","[0.46815231442451477, 0.0022694687359035015, 3.975192521465942e-05, 0.000503335555549711, 0.004700060468167067, 0.0002982776495628059, 0.0004936049808748066, 0.0005442132824100554, 0.0031603530514985323, 0.0007152324542403221, 4.575391358230263e-05, 0.007785655092447996, 0.0010443859500810504, 0.000628784007858485, 0.010052368976175785, 0.002790037775412202, 2.0462934116949327e-05, 0.006930672097951174, 0.0002415662893326953, 0.00010229986219201237]","[0.9658105969429016, 0.02318430505692959, 0.011005095206201077]","[0.9658105969429016, 0.02318430505692959, 0.011005095206201077]",False,DOĞRU,ONAY,False,False,1090.2352999983123,"{""K1_input_and_readiness"": 0.0644999963697046, ""K7_context"": 0.0017999991541728377, ""K1_normalization"": 0.012099990271963179, ""K6_advisory"": 10.94829999783542, ""K1_intent"": 0.038999991375021636, ""K2_retrieval"": 225.7462999987183, ""K3_reranker"": 142.77979999314994, ""K8_weighted_ranking"": 1.0897999891312793, ""K3_candidate_filters"": 5.5914999975357205, ""K9_advisory_consensus"": 0.00689999433234334, ""K4_nli_and_bypass_check"": 273.6814000090817, ""K5_decision"": 425.6201000098372}",10329
FACTURK-0269,DOĞRU,"[28319, 19824, 16465, 30119, 4813, 693, 3969, 8468, 18725, 13421, 24912, 2433, 27402, 15928, 26660, 17760, 25841, 19930, 1415, 10748]","[0.0006142272031866014, 0.04099902883172035, 0.0018602986820042133, 2.977311669383198e-05, 0.0031480707693845034, 2.094818773912266e-05, 7.9673009167891e-05, 1.6442494597868063e-05, 0.00011866796558024362, 1.6061610949691385e-05, 1.6061610949691385e-05, 1.6187581422855146e-05, 0.00020988310279790312, 1.6061610949691385e-05, 1.6314539607265033e-05, 0.0006693099858239293, 1.6187581422855146e-05, 2.526822754589375e-05, 1.6061610949691385e-05, 1.6187581422855146e-05]","[0.43780946731567383, 0.5577837228775024, 0.0044068098068237305]","[0.43780946731567383, 0.5577837228775024, 0.0044068098068237305]",False,YETERSİZ VERİ,RET,True,False,379.0749999898253,"{""K1_input_and_readiness"": 0.13919999764766544, ""K7_context"": 0.0020000006770715117, ""K1_normalization"": 0.021200001356191933, ""K6_advisory"": 18.348600002354942, ""K1_intent"": 0.04990000161342323, ""K2_retrieval"": 242.25330000626855, ""K3_reranker"": 77.97869999194518, ""K8_weighted_ranking"": 1.490800001192838, ""K3_candidate_filters"": 7.602400000905618, ""K9_advisory_consensus"": 0.008300004992634058, ""K4_nli_and_bypass_check"": 27.223899989621714, ""K5_decision"": 0.340899990987964}",27402
FACTURK-0270,YALAN,"[9798, 4208, 4942, 10980, 7705, 18715, 12204, 17449, 8910, 13795, 1546, 8861, 16162, 10137, 27387, 10589, 29892, 10999, 3685, 9270]","[0.0012255674228072166, 0.00026738259475678205, 2.0785171727766283e-05, 1.805851934477687e-05, 5.225226777838543e-05, 1.7097478121286258e-05, 7.543320680269971e-05, 0.00018093574908562005, 3.6764631659025326e-05, 9.535461140330881e-05, 0.0021322614047676325, 4.298194107832387e-05, 1.892514956125524e-05, 0.0001195985751110129, 2.93115390377352e-05, 0.0002002737601287663, 4.5044595026411116e-05, 3.734356869244948e-05, 1.967902426258661e-05, 3.071818719035946e-05]","[0.9030946493148804, 0.09345843642950058, 0.0034468749072402716]","[0.9030946493148804, 0.09345843642950058, 0.0034468749072402716]",False,DOĞRU,ONAY,False,False,743.5158000007505,"{""K1_input_and_readiness"": 0.06249999569263309, ""K7_context"": 0.0014999968698248267, ""K1_normalization"": 0.011799987987615168, ""K6_advisory"": 12.218499992741272, ""K1_intent"": 0.034500000765547156, ""K2_retrieval"": 141.88349999312777, ""K3_reranker"": 67.12289999995846, ""K8_weighted_ranking"": 1.2273000029381365, ""K3_candidate_filters"": 6.427700005588122, ""K9_advisory_consensus"": 0.008000002708286047, ""K4_nli_and_bypass_check"": 278.9250999921933, ""K5_decision"": 232.10269999981392}",1546
FACTURK-0271,YALAN,"[21359, 12819, 2152, 1873, 28382, 16922, 26770, 7337, 29388, 17101, 6631, 23668, 11447, 4160, 20596, 19684, 15376, 15636, 16977, 13414]","[2.1112482500029728e-05, 1.6187581422855146e-05, 4.1335399146191776e-05, 0.00023050670279189944, 0.00010310211655450985, 1.657145367062185e-05, 0.001069126301445067, 2.411113746347837e-05, 3.1693256460130215e-05, 0.0023967307060956955, 4.331903619458899e-05, 0.00018522572645451874, 7.662102143513039e-05, 0.004609572235494852, 0.0008328334079124033, 1.6187581422855146e-05, 0.00017536994710098952, 1.9988918211311102e-05, 1.6061610949691385e-05, 5.9673518990166485e-05]","[0.0009087563958019018, 0.9965723752975464, 0.0025189772713929415]","[0.0009087563958019018, 0.9965723752975464, 0.0025189772713929415]",False,YETERSİZ VERİ,RET,True,False,468.36709999479353,"{""K1_input_and_readiness"": 0.05470000905916095, ""K7_context"": 0.0016999983927235007, ""K1_normalization"": 0.0092999980552122, ""K6_advisory"": 15.43600000150036, ""K1_intent"": 0.06829999620094895, ""K2_retrieval"": 135.7008000049973, ""K3_reranker"": 74.71329999680165, ""K8_weighted_ranking"": 1.2055999977746978, ""K3_candidate_filters"": 5.802700005006045, ""K9_advisory_consensus"": 0.009199997293762863, ""K4_nli_and_bypass_check"": 130.14989999646787, ""K5_decision"": 101.47340000548866}",6631
FACTURK-0272,YALAN,"[10913, 15616, 15372, 7421, 19793, 21402, 28886, 29627, 25269, 27277, 23751, 1291, 6683, 10408, 9150, 9114, 20020, 20024, 4331, 27181]","[0.970687747001648, 0.03993731364607811, 0.18609505891799927, 0.012479699216783047, 0.0003814711526501924, 0.000810387369710952, 0.022977370768785477, 0.060418423265218735, 0.0009399438858963549, 0.000191104321856983, 0.0011291546979919076, 6.0613183450186625e-05, 0.005199879873543978, 0.0077555361203849316, 0.00010720880527514964, 0.0011380005162209272, 0.000159678646014072, 0.0022343622986227274, 0.00021485926117748022, 0.00013765462790615857]","[0.0012914674589410424, 0.9829367399215698, 0.01577175408601761]","[0.0012914674589410424, 0.9829367399215698, 0.01577175408601761]",False,YALAN,UYARI,False,False,653.1530999927782,"{""K1_input_and_readiness"": 0.05509999755304307, ""K7_context"": 0.001300009898841381, ""K1_normalization"": 0.010299991117790341, ""K6_advisory"": 11.253699994995259, ""K1_intent"": 0.03989999822806567, ""K2_retrieval"": 162.7823000017088, ""K3_reranker"": 107.82980000658426, ""K8_weighted_ranking"": 1.0750000074040145, ""K3_candidate_filters"": 6.169100000988692, ""K9_advisory_consensus"": 0.008000002708286047, ""K4_nli_and_bypass_check"": 173.8482000073418, ""K5_decision"": 186.7837000027066}",10913
FACTURK-0273,YALAN,"[29903, 20460, 8148, 26792, 19518, 3427, 16836, 30301, 20929, 18807, 28582, 26467, 2008, 841, 15020, 25424, 2253, 17536, 19347, 11665]","[7.031184941297397e-05, 2.195349043176975e-05, 1.6964426322374493e-05, 6.553815910592675e-05, 0.0009584648651070893, 2.3369333575828932e-05, 3.7931622500764206e-05, 0.0003711854515131563, 5.02506154589355e-05, 1.8342892872169614e-05, 5.34913269802928e-05, 0.06394841521978378, 2.7535690605873242e-05, 2.6688529032981023e-05, 1.7231572201126255e-05, 2.526822754589375e-05, 1.8200149497715756e-05, 2.9541422918555327e-05, 1.6061610949691385e-05, 0.0042151594534516335]","[0.0012556147994473577, 0.9956608414649963, 0.0030834926292300224]","[0.0012556147994473577, 0.9956608414649963, 0.0030834926292300224]",False,YETERSİZ VERİ,RET,True,False,828.5288000042783,"{""K1_input_and_readiness"": 0.07929999264888465, ""K7_context"": 0.0021999876480549574, ""K1_normalization"": 0.02469999890308827, ""K6_advisory"": 13.245399997686036, ""K1_intent"": 0.03300000389572233, ""K2_retrieval"": 117.266400004155, ""K3_reranker"": 274.5993999997154, ""K8_weighted_ranking"": 1.3094000023556873, ""K3_candidate_filters"": 6.703300008666702, ""K9_advisory_consensus"": 0.010599993402138352, ""K4_nli_and_bypass_check"": 221.036599992658, ""K5_decision"": 191.3252999947872}",30301
FACTURK-0274,YALAN,"[1291, 6232, 23490, 14151, 6263, 9114, 25969, 16633, 834, 24834, 10051, 7793, 27847, 16064, 19068, 13335, 23751, 24015, 5491, 8463]","[0.0007702931761741638, 0.0033634924329817295, 0.004700060468167067, 5.1845658163074404e-05, 0.012383785098791122, 0.0012943679466843605, 0.005554925184696913, 1.67014204635052e-05, 2.392351052549202e-05, 6.761842087144032e-05, 0.0009659748757258058, 0.0002002737601287663, 0.0014721895568072796, 0.0005614787805825472, 0.0022872276604175568, 0.06916356086730957, 5.0644717703107744e-05, 0.004314687568694353, 0.00033535013790242374, 3.4808123018592596e-05]","[0.04618018865585327, 0.036176521331071854, 0.9176433086395264]","[0.04618018865585327, 0.036176521331071854, 0.9176433086395264]",False,YALAN,RED,False,False,662.4382000009064,"{""K1_input_and_readiness"": 0.04889999399892986, ""K7_context"": 0.0012999953469261527, ""K1_normalization"": 0.011500000255182385, ""K6_advisory"": 9.910199994919822, ""K1_intent"": 0.031000003218650818, ""K2_retrieval"": 144.47449998988304, ""K3_reranker"": 69.29800000216346, ""K8_weighted_ranking"": 1.3725000026170164, ""K3_candidate_filters"": 7.156199993914925, ""K9_advisory_consensus"": 0.007800001185387373, ""K4_nli_and_bypass_check"": 224.23729998990893, ""K5_decision"": 202.4500999978045}",13335
FACTURK-0275,DOĞRU,"[21626, 26063, 13874, 19524, 6879, 926, 4504, 10589, 23336, 3155, 17815, 26665, 21750, 5396, 14053, 3953, 5889, 28334, 5739, 24903]","[2.5071596610359848e-05, 0.0011649561347439885, 0.000552778656128794, 0.0001956353517016396, 2.2474090656032786e-05, 0.00407013762742281, 2.732141365413554e-05, 1.6442494597868063e-05, 0.0006512682302854955, 4.400118632474914e-05, 3.1693256460130215e-05, 1.6061610949691385e-05, 1.7366719475830905e-05, 5.694102947018109e-05, 1.6187581422855146e-05, 0.000337979436153546, 1.7097478121286258e-05, 1.6187581422855146e-05, 1.922317096614279e-05, 0.0075479233637452126]","[0.0006818275433033705, 0.9983300566673279, 0.000988185522146523]","[0.0006818275433033705, 0.9983300566673279, 0.000988185522146523]",False,YETERSİZ VERİ,RET,True,False,1298.4905000048457,"{""K1_input_and_readiness"": 0.0619000056758523, ""K7_context"": 0.0014999968698248267, ""K1_normalization"": 0.012899996363557875, ""K6_advisory"": 17.24899999680929, ""K1_intent"": 0.041399995097890496, ""K2_retrieval"": 201.26869999512564, ""K3_reranker"": 91.23370000452269, ""K8_weighted_ranking"": 1.1801999935414642, ""K3_candidate_filters"": 5.572099995333701, ""K9_advisory_consensus"": 0.007299997378140688, ""K4_nli_and_bypass_check"": 473.81619999941904, ""K5_decision"": 504.85669999034144}",24903
FACTURK-0276,YALAN,"[27894, 26562, 29050, 15787, 21007, 6952, 17813, 25169, 22218, 22732, 3315, 9150, 14392, 12189, 25763, 25448, 22126, 8785, 6704, 24869]","[0.04931359738111496, 0.010169658809900284, 0.4468265771865845, 0.0030515100806951523, 0.8933094143867493, 2.93115390377352e-05, 0.643105149269104, 0.07343005388975143, 0.4985523521900177, 0.05921025574207306, 0.09534945338964462, 0.38635820150375366, 0.0015307451831176877, 0.44179344177246094, 0.05174953490495682, 0.00033274127054028213, 0.0787840187549591, 0.00204276479780674, 0.4076280891895294, 0.20963142812252045]","[0.05296466127038002, 0.9449723362922668, 0.002063085325062275]","[0.05296466127038002, 0.9449723362922668, 0.002063085325062275]",False,YETERSİZ VERİ,RET,True,False,613.604199999827,"{""K1_input_and_readiness"": 0.05700001202058047, ""K7_context"": 0.0014999968698248267, ""K1_normalization"": 0.012200005585327744, ""K6_advisory"": 12.301900002057664, ""K1_intent"": 0.03409999771974981, ""K2_retrieval"": 150.11479999520816, ""K3_reranker"": 81.42070000758395, ""K8_weighted_ranking"": 1.3299999991431832, ""K3_candidate_filters"": 6.4107000071089715, ""K9_advisory_consensus"": 0.007099995855242014, ""K4_nli_and_bypass_check"": 194.85179999901447, ""K5_decision"": 162.9718999902252}",21007
FACTURK-0277,DOĞRU,"[23767, 1126, 25030, 12767, 9942, 5916, 27135, 10688, 13007, 24982, 16229, 18935, 12191, 3617, 4611, 22329, 9769, 13191, 9682, 23319]","[5.518923353520222e-05, 1.593661909282673e-05, 1.6061610949691385e-05, 1.6187581422855146e-05, 1.6442494597868063e-05, 0.0005592909292317927, 5.475977377500385e-05, 1.6061610949691385e-05, 3.071818719035946e-05, 1.6187581422855146e-05, 1.8342892872169614e-05, 1.6061610949691385e-05, 2.4682904040673748e-05, 1.6314539607265033e-05, 1.6061610949691385e-05, 2.030369250860531e-05, 1.683241134742275e-05, 3.5633544030133635e-05, 0.000192602863535285, 1.657145367062185e-05]","[0.7446774840354919, 0.17481574416160583, 0.0805068165063858]","[0.7446774840354919, 0.17481574416160583, 0.0805068165063858]",False,DOĞRU,ONAY,False,False,455.60650000697933,"{""K1_input_and_readiness"": 0.04809998790733516, ""K7_context"": 0.0014999968698248267, ""K1_normalization"": 0.008500006515532732, ""K6_advisory"": 11.007699999026954, ""K1_intent"": 0.029999995604157448, ""K2_retrieval"": 117.28650001168717, ""K3_reranker"": 91.84690000256523, ""K8_weighted_ranking"": 1.1203000030945987, ""K3_candidate_filters"": 5.966799988527782, ""K9_advisory_consensus"": 0.00650000583846122, ""K4_nli_and_bypass_check"": 120.78339999425225, ""K5_decision"": 104.10879999108147}",5916
FACTURK-0278,DOĞRU,"[27594, 21683, 21612, 1416, 2231, 13166, 9963, 9572, 14847, 20473, 5790, 28377, 23563, 27102, 22656, 18791, 14440, 4946, 3375, 14242]","[0.00011412239109631628, 0.0002591582597233355, 0.004810982849448919, 0.006564249750226736, 0.042642392218112946, 0.0004994205664843321, 0.00266261282376945, 0.03711691126227379, 0.01009131595492363, 0.0015427322359755635, 0.0009217804181389511, 0.002115703420713544, 0.008124708198010921, 0.0005614787805825472, 5.605828482657671e-05, 0.0009622126235626638, 0.00017265156202483922, 2.265035072923638e-05, 0.001597845577634871, 0.0005213363328948617]","[0.12079409509897232, 0.8770020604133606, 0.00220379582606256]","[0.12079409509897232, 0.8770020604133606, 0.00220379582606256]",False,YALAN,RED,False,False,1063.7684999965131,"{""K1_input_and_readiness"": 0.06710000161547214, ""K7_context"": 0.001400010660290718, ""K1_normalization"": 0.012099990271963179, ""K6_advisory"": 10.120399994775653, ""K1_intent"": 0.03569999535102397, ""K2_retrieval"": 170.13349999615457, ""K3_reranker"": 115.33489999419544, ""K8_weighted_ranking"": 1.178500009700656, ""K3_candidate_filters"": 5.571800007601269, ""K9_advisory_consensus"": 0.006999995093792677, ""K4_nli_and_bypass_check"": 404.52579999691807, ""K5_decision"": 353.4862999949837}",1416
FACTURK-0279,YALAN,"[15787, 22732, 21058, 9150, 487, 8347, 21007, 27894, 25228, 22218, 19258, 3189, 24869, 28547, 19827, 23686, 14232, 24915, 26748, 15238]","[0.6815148591995239, 0.002182716503739357, 0.0010083435336127877, 0.9974787831306458, 0.0014325366355478764, 0.392686128616333, 0.14021846652030945, 0.18594719469547272, 0.3812771439552307, 0.18639107048511505, 0.01621503196656704, 0.631026029586792, 0.36817848682403564, 0.01615283451974392, 0.0398624911904335, 0.009090382605791092, 0.02561391331255436, 0.4135955572128296, 0.4705389142036438, 0.10970578342676163]","[0.000306870584608987, 0.9988069534301758, 0.0008862269460223615]","[0.000306870584608987, 0.9988069534301758, 0.0008862269460223615]",False,YALAN,UYARI,False,False,315.06989999616053,"{""K1_input_and_readiness"": 0.07320000440813601, ""K7_context"": 0.0020000006770715117, ""K1_normalization"": 0.014299992471933365, ""K6_advisory"": 13.60269999713637, ""K1_intent"": 0.05539999983739108, ""K2_retrieval"": 170.0328000006266, ""K3_reranker"": 78.55340000241995, ""K8_weighted_ranking"": 1.2715999910142273, ""K3_candidate_filters"": 6.758100003935397, ""K9_advisory_consensus"": 0.007499998901039362, ""K4_nli_and_bypass_check"": 40.02060000493657, ""K5_decision"": 0.22020000324118882}",9150
FACTURK-0280,YALAN,"[25785, 10688, 21233, 811, 20004, 18621, 23354, 27336, 4474, 23297, 17350, 29676, 10297, 26256, 429, 3995, 8734, 696, 8752, 16492]","[0.0005336928297765553, 0.0005442132824100554, 1.6314539607265033e-05, 0.036288294941186905, 0.0012351677287369967, 1.6061610949691385e-05, 2.6070309104397893e-05, 0.000628784007858485, 1.683241134742275e-05, 1.6061610949691385e-05, 1.6187581422855146e-05, 2.9541422918555327e-05, 0.0010733063099905849, 0.0001195985751110129, 0.00011323437502142042, 1.6061610949691385e-05, 1.6187581422855146e-05, 1.6061610949691385e-05, 2.094818773912266e-05, 2.818866414600052e-05]","[0.0007275955867953598, 0.9968959093093872, 0.0023763931822031736]","[0.0007275955867953598, 0.9968959093093872, 0.0023763931822031736]",False,YALAN,RED,False,False,538.5569999925792,"{""K1_input_and_readiness"": 0.05729999975301325, ""K7_context"": 0.0018999999156221747, ""K1_normalization"": 0.010599993402138352, ""K6_advisory"": 18.649500008905306, ""K1_intent"": 0.035899996873922646, ""K2_retrieval"": 158.56099998927675, ""K3_reranker"": 41.42460000002757, ""K8_weighted_ranking"": 1.6636000073049217, ""K3_candidate_filters"": 7.619800002430566, ""K9_advisory_consensus"": 0.008700008038431406, ""K4_nli_and_bypass_check"": 143.8180000113789, ""K5_decision"": 161.47239999554586}",811
FACTURK-0281,YALAN,"[26562, 12005, 15196, 6952, 19418, 28800, 27727, 17785, 14392, 2892, 5005, 27681, 10700, 10439, 21652, 7864, 26929, 6620, 18022, 28357]","[0.5516039133071899, 0.0008934455690905452, 0.0991208627820015, 0.0002982776495628059, 1.6964426322374493e-05, 0.0002591582597233355, 0.5256123542785645, 0.017309095710515976, 0.00021824207215104252, 1.683241134742275e-05, 0.07055959850549698, 0.0006487307837232947, 0.0017961491830646992, 0.008124708198010921, 0.0019342610612511635, 0.00033535013790242374, 0.00025315635139122605, 1.6314539607265033e-05, 0.0022606407292187214, 0.0009110511746257544]","[0.00010845805081771687, 0.9997591376304626, 0.0001323675096500665]","[0.00010845805081771687, 0.9997591376304626, 0.0001323675096500665]",False,YALAN,RED,False,False,355.64419999718666,"{""K1_input_and_readiness"": 0.12569999671541154, ""K7_context"": 0.0029999937396496534, ""K1_normalization"": 0.023899992811493576, ""K6_advisory"": 39.508100002422, ""K1_intent"": 0.07390000973828137, ""K2_retrieval"": 180.97560000023805, ""K3_reranker"": 93.81130000110716, ""K8_weighted_ranking"": 1.0550000006332994, ""K3_candidate_filters"": 5.86720000137575, ""K9_advisory_consensus"": 0.007599999662488699, ""K4_nli_and_bypass_check"": 29.92169999924954, ""K5_decision"": 0.33799999800976366}",26562
FACTURK-0282,DOĞRU,"[11065, 824, 26518, 10589, 6858, 4270, 13753, 20982, 4999, 6224, 2034, 16232, 16434, 11245, 16384, 9942, 27663, 12595, 20392, 20328]","[2.449082603561692e-05, 6.709224544465542e-05, 0.9663469791412354, 0.0018602986820042133, 0.0011335690505802631, 0.0024060888681560755, 0.0033115192782133818, 7.722192094661295e-05, 0.0001442598586436361, 1.6314539607265033e-05, 0.00012632041762117296, 0.00029365462251007557, 2.732141365413554e-05, 1.8777873265207745e-05, 1.6442494597868063e-05, 0.00017674513219390064, 6.868317723274231e-05, 0.0008969392511062324, 0.003914823289960623, 0.0018675660248845816]","[0.0005251712864264846, 0.9970464110374451, 0.0024283675011247396]","[0.0005251712864264846, 0.9970464110374451, 0.0024283675011247396]",False,YALAN,RED,False,False,281.9566000107443,"{""K1_input_and_readiness"": 0.07569999434053898, ""K7_context"": 0.0019999861251562834, ""K1_normalization"": 0.014700010069645941, ""K6_advisory"": 16.485500003909692, ""K1_intent"": 0.03840000135824084, ""K2_retrieval"": 152.68970000033733, ""K3_reranker"": 66.06789999932516, ""K8_weighted_ranking"": 1.5406000020448118, ""K3_candidate_filters"": 6.652399999438785, ""K9_advisory_consensus"": 0.007299997378140688, ""K4_nli_and_bypass_check"": 34.76239999872632, ""K5_decision"": 0.2443999983370304}",26518
FACTURK-0283,YALAN,"[21847, 8290, 21270, 19981, 21213, 29752, 29984, 17306, 28361, 28089, 28272, 9429, 15468, 17140, 20702, 20527, 9176, 18989, 4946, 2967]","[0.021044565364718437, 0.035813190042972565, 0.9342753291130066, 0.0013096056645736098, 0.9865199327468872, 0.0017007222631946206, 0.4642638862133026, 0.09434341639280319, 0.03455362468957901, 1.7640199075685814e-05, 0.5521775484085083, 0.00045474787475541234, 0.00482972152531147, 0.004433765076100826, 0.011687257327139378, 1.6187581422855146e-05, 0.004365325905382633, 0.008445626124739647, 1.9833367332466878e-05, 0.07329727709293365]","[0.0024268999695777893, 0.6689807772636414, 0.32859230041503906]","[0.0024268999695777893, 0.6689807772636414, 0.32859230041503906]",False,YETERSİZ VERİ,RET,True,False,302.6510000054259,"{""K1_input_and_readiness"": 0.0425000034738332, ""K7_context"": 0.0011999945854768157, ""K1_normalization"": 0.007599999662488699, ""K6_advisory"": 10.149399997317232, ""K1_intent"": 0.02849999873433262, ""K2_retrieval"": 122.76830000337213, ""K3_reranker"": 125.27360000240151, ""K8_weighted_ranking"": 1.4912000042386353, ""K3_candidate_filters"": 6.781500007491559, ""K9_advisory_consensus"": 0.008000002708286047, ""K4_nli_and_bypass_check"": 31.79019999515731, ""K5_decision"": 0.3146999952150509}",21213
FACTURK-0284,YALAN,"[8091, 29892, 20135, 22695, 4452, 23277, 2920, 2532, 2381, 17982, 13795, 28371, 3565, 4991, 6684, 5418, 12189, 15787, 28266, 20632]","[0.22490549087524414, 0.019794780761003494, 0.0025016965810209513, 0.07807816565036774, 0.011597361415624619, 0.0032224843744188547, 0.013171950355172157, 0.02681019715964794, 0.08035746961832047, 0.00341627886518836, 0.0032350558321923018, 0.02742854133248329, 0.0017073675990104675, 0.0017752605490386486, 0.0005463420529849827, 0.0005132579244673252, 0.010013571009039879, 0.0065388246439397335, 0.00028462239424698055, 0.0008199321455322206]","[0.0038502374663949013, 0.02980039082467556, 0.9663493633270264]","[0.0038502374663949013, 0.02980039082467556, 0.9663493633270264]",False,YALAN,UYARI,False,False,423.180500001763,"{""K1_input_and_readiness"": 0.05699999746866524, ""K7_context"": 0.001800013706088066, ""K1_normalization"": 0.00960000033956021, ""K6_advisory"": 18.63769999181386, ""K1_intent"": 0.031100003980100155, ""K2_retrieval"": 114.46209999849088, ""K3_reranker"": 66.6895000031218, ""K8_weighted_ranking"": 1.313000000664033, ""K3_candidate_filters"": 6.537600012961775, ""K9_advisory_consensus"": 0.007599999662488699, ""K4_nli_and_bypass_check"": 118.55369999830145, ""K5_decision"": 93.62739999778569}",8091
FACTURK-0285,YALAN,"[1813, 10953, 2597, 21279, 20389, 12587, 27239, 397, 25522, 3764, 21994, 6047, 11628, 4941, 20402, 12497, 14523, 2160, 18568, 300]","[0.006957608740776777, 0.0011291546979919076, 0.0010282108560204506, 0.002323162741959095, 0.00360761652700603, 0.02498779632151127, 0.00018093574908562005, 0.0010005044750869274, 0.00048406238784082234, 0.0013723686570301652, 2.4876489987946115e-05, 0.0009399438858963549, 1.6442494597868063e-05, 2.3007036361377686e-05, 1.6061610949691385e-05, 0.0007236572564579546, 1.6187581422855146e-05, 1.6314539607265033e-05, 8.547616744181141e-05, 0.0015427322359755635]","[0.0695049911737442, 0.8925949335098267, 0.03790007904171944]","[0.0695049911737442, 0.8925949335098267, 0.03790007904171944]",False,YETERSİZ VERİ,RET,True,False,479.51750000356697,"{""K1_input_and_readiness"": 0.04090000584255904, ""K7_context"": 0.0011999945854768157, ""K1_normalization"": 0.008500006515532732, ""K6_advisory"": 10.978399994201027, ""K1_intent"": 0.025300003471784294, ""K2_retrieval"": 117.42740000772756, ""K3_reranker"": 51.063700011582114, ""K8_weighted_ranking"": 1.4097999955993146, ""K3_candidate_filters"": 6.907900009537116, ""K9_advisory_consensus"": 0.00960000033956021, ""K4_nli_and_bypass_check"": 162.17389999656007, ""K5_decision"": 126.33719999575987}",12587
FACTURK-0286,DOĞRU,"[13938, 25375, 22219, 27369, 12458, 27381, 12395, 20283, 15463, 28998, 23816, 10910, 17742, 26924, 9642, 27237, 26977, 12113, 20104, 26665]","[1.7640199075685814e-05, 0.0017073675990104675, 4.101373633602634e-05, 2.4300241420860402e-05, 2.229919846286066e-05, 1.6314539607265033e-05, 0.0015307451831176877, 0.0002002737601287663, 2.355261858610902e-05, 6.502816540887579e-05, 2.4876489987946115e-05, 1.6187581422855146e-05, 1.657145367062185e-05, 1.67014204635052e-05, 0.0006538155721500516, 0.0001956353517016396, 0.0030634168069809675, 5.518923353520222e-05, 3.373722574906424e-05, 1.6314539607265033e-05]","[0.770062267780304, 0.1820371299982071, 0.04790057986974716]","[0.770062267780304, 0.1820371299982071, 0.04790057986974716]",False,YALAN,RED,False,False,602.6581000041915,"{""K1_input_and_readiness"": 0.04780000017490238, ""K7_context"": 0.0012999953469261527, ""K1_normalization"": 0.0092999980552122, ""K6_advisory"": 10.554599997703917, ""K1_intent"": 0.03139999171253294, ""K2_retrieval"": 122.02579999575391, ""K3_reranker"": 90.16939999128226, ""K8_weighted_ranking"": 1.58680000458844, ""K3_candidate_filters"": 10.806200007209554, ""K9_advisory_consensus"": 0.010000003385357559, ""K4_nli_and_bypass_check"": 201.9012999953702, ""K5_decision"": 161.75010000006296}",27237
FACTURK-0287,DOĞRU,"[26898, 882, 29766, 15676, 9980, 26127, 16627, 4611, 3279, 581, 29320, 2253, 27448, 7589, 27135, 12442, 7287, 18815, 4899, 8148]","[1.6061610949691385e-05, 1.6187581422855146e-05, 2.318747829122003e-05, 1.6187581422855146e-05, 1.6187581422855146e-05, 3.8229114579735324e-05, 2.732141365413554e-05, 1.6061610949691385e-05, 4.101373633602634e-05, 3.1693256460130215e-05, 1.750292540236842e-05, 0.0002287133247591555, 0.00039666122756898403, 2.2474090656032786e-05, 1.593661909282673e-05, 0.0001476803736295551, 2.5466406441410072e-05, 2.4876489987946115e-05, 1.6442494597868063e-05, 3.734356869244948e-05]","[0.005420503672212362, 0.9914546012878418, 0.003124916460365057]","[0.005420503672212362, 0.9914546012878418, 0.003124916460365057]",False,YETERSİZ VERİ,RET,True,False,634.9894000013592,"{""K1_input_and_readiness"": 0.058299992815591395, ""K7_context"": 0.0015999976312741637, ""K1_normalization"": 0.013199998647905886, ""K6_advisory"": 14.037300003110431, ""K1_intent"": 0.04679999256040901, ""K2_retrieval"": 128.6746999976458, ""K3_reranker"": 65.55840000510216, ""K8_weighted_ranking"": 1.1768999975174665, ""K3_candidate_filters"": 6.53599998622667, ""K9_advisory_consensus"": 0.008499991963617504, ""K4_nli_and_bypass_check"": 229.89180000149645, ""K5_decision"": 185.68329999106936}",27448
FACTURK-0288,DOĞRU,"[29432, 26900, 10946, 25537, 14773, 11466, 25181, 20556, 829, 7644, 9102, 17595, 24686, 267, 12015, 27420, 10510, 28791, 26359, 21796]","[7.031184941297397e-05, 4.037790131405927e-05, 5.518923353520222e-05, 0.0039454069919884205, 0.015247589908540249, 1.6442494597868063e-05, 1.967902426258661e-05, 4.683888619183563e-05, 1.9833367332466878e-05, 0.09041372686624527, 0.015247589908540249, 1.6061610949691385e-05, 3.591300992411561e-05, 9.535461140330881e-05, 0.000458312890259549, 2.818866414600052e-05, 0.0002434604539303109, 1.67014204635052e-05, 0.012288597412407398, 3.535625000949949e-05]","[0.00036795990308746696, 0.9987142086029053, 0.0009178522741422057]","[0.00036795990308746696, 0.9987142086029053, 0.0009178522741422057]",False,YETERSİZ VERİ,RET,True,False,435.77510000613984,"{""K1_input_and_readiness"": 0.05269999383017421, ""K7_context"": 0.0011999945854768157, ""K1_normalization"": 0.008699993486516178, ""K6_advisory"": 11.90630000201054, ""K1_intent"": 0.03999999898951501, ""K2_retrieval"": 118.5540000005858, ""K3_reranker"": 79.66160000069067, ""K8_weighted_ranking"": 1.355499989585951, ""K3_candidate_filters"": 6.91470000310801, ""K9_advisory_consensus"": 0.008600007276982069, ""K4_nli_and_bypass_check"": 119.38789999112487, ""K5_decision"": 94.46190000744537}",7644
FACTURK-0289,DOĞRU,"[21058, 27784, 20136, 23757, 9366, 1959, 1645, 28417, 24217, 14277, 9543, 5630, 14012, 11923, 17540, 27624, 5522, 11485, 8602, 1499]","[0.00025118677876889706, 0.0020190137438476086, 0.01590639166533947, 0.006984650157392025, 0.019531238824129105, 0.009449081495404243, 0.017917344346642494, 0.0003785036678891629, 0.0059110685251653194, 0.0060503981076180935, 0.001085944357328117, 0.06644792854785919, 0.011331753805279732, 0.006217078305780888, 0.00037555923336185515, 0.005220125429332256, 0.0008693674462847412, 0.00043563017970882356, 7.254361844388768e-05, 0.010328153148293495]","[0.0002682825142983347, 0.9991865754127502, 0.0005451303441077471]","[0.0002682825142983347, 0.9991865754127502, 0.0005451303441077471]",False,YETERSİZ VERİ,RET,True,False,364.0159000060521,"{""K1_input_and_readiness"": 0.07789999654050916, ""K7_context"": 0.0020999868866056204, ""K1_normalization"": 0.013199998647905886, ""K6_advisory"": 10.691599993151613, ""K1_intent"": 0.035500008380040526, ""K2_retrieval"": 188.9960999978939, ""K3_reranker"": 125.50929999270011, ""K8_weighted_ranking"": 1.3616999931400642, ""K3_candidate_filters"": 7.480200001737103, ""K9_advisory_consensus"": 0.008399991202168167, ""K4_nli_and_bypass_check"": 26.64270000241231, ""K5_decision"": 0.1875000016298145}",5630
FACTURK-0290,DOĞRU,"[13289, 4144, 20768, 24217, 26643, 27569, 10654, 21058, 21419, 21012, 14012, 27564, 20136, 10971, 26244, 19187, 29144, 15719, 8602, 23792]","[0.022542964667081833, 0.03690806403756142, 0.0022343622986227274, 0.003692853031679988, 0.15960998833179474, 0.00020662980386987329, 2.7535690605873242e-05, 2.265035072923638e-05, 0.11536140739917755, 0.005139611195772886, 0.001622967072762549, 0.00026323829661123455, 0.031618766486644745, 0.729519784450531, 0.00014202363672666252, 4.298194107832387e-05, 0.000628784007858485, 0.43128472566604614, 0.0007041515782475471, 0.0008525666198693216]","[0.0024431098718196154, 0.996265709400177, 0.0012912057572975755]","[0.0024431098718196154, 0.996265709400177, 0.0012912057572975755]",False,YALAN,UYARI,False,False,349.1695999982767,"{""K1_input_and_readiness"": 0.07049999840091914, ""K7_context"": 0.001200009137392044, ""K1_normalization"": 0.013299999409355223, ""K6_advisory"": 11.494499995023943, ""K1_intent"": 0.06690000009257346, ""K2_retrieval"": 208.95080000627786, ""K3_reranker"": 85.67949999996927, ""K8_weighted_ranking"": 1.0151000024052337, ""K3_candidate_filters"": 6.424499995773658, ""K9_advisory_consensus"": 0.006800008122809231, ""K4_nli_and_bypass_check"": 32.415299996500835, ""K5_decision"": 0.1900999923236668}",20136
FACTURK-0291,DOĞRU,"[29892, 20199, 26371, 22076, 13220, 28266, 25865, 17850, 22268, 6336, 15221, 11529, 12974, 23866, 4102, 23763, 2792, 1814, 12352, 1149]","[0.009746103547513485, 0.0015487611526623368, 5.1845658163074404e-05, 1.6442494597868063e-05, 1.9833367332466878e-05, 0.000570315751247108, 1.8631746570463292e-05, 1.7640199075685814e-05, 0.0008693674462847412, 0.012576347216963768, 1.657145367062185e-05, 0.0037800956051796675, 0.002387409098446369, 1.6061610949691385e-05, 9.7615658887662e-05, 1.6442494597868063e-05, 0.01358439214527607, 1.6964426322374493e-05, 2.818866414600052e-05, 0.00012830943160224706]","[0.23638223111629486, 0.7623063921928406, 0.0013114248868077993]","[0.23638223111629486, 0.7623063921928406, 0.0013114248868077993]",False,YALAN,UYARI,False,False,624.2523999972036,"{""K1_input_and_readiness"": 0.058299992815591395, ""K7_context"": 0.0011999945854768157, ""K1_normalization"": 0.008100003469735384, ""K6_advisory"": 11.843499989481643, ""K1_intent"": 0.032500000088475645, ""K2_retrieval"": 116.7243999952916, ""K3_reranker"": 57.99819999083411, ""K8_weighted_ranking"": 1.2432000075932592, ""K3_candidate_filters"": 7.1127999981399626, ""K9_advisory_consensus"": 0.00790000194683671, ""K4_nli_and_bypass_check"": 244.66430000029504, ""K5_decision"": 181.21789999713656}",2792
FACTURK-0292,YALAN,"[487, 6047, 12161, 28387, 1090, 7606, 13358, 26166, 29494, 21073, 26355, 15291, 1, 30095, 1499, 12977, 19253, 9366, 2121, 9150]","[0.04569203406572342, 0.009303949773311615, 0.00020184421737212688, 0.00031015597051009536, 0.0018969200318679214, 0.0018243826925754547, 0.009485713206231594, 0.00028685410507023335, 2.014569145103451e-05, 0.00043055712012574077, 0.0002959570847451687, 0.002521268092095852, 0.0014607495395466685, 0.00021995337738189846, 0.006903838831931353, 4.539786823443137e-05, 0.005281333811581135, 0.0021074723917990923, 0.017712298780679703, 0.1149633526802063]","[0.00041543671977706254, 0.998976469039917, 0.0006080089951865375]","[0.00041543671977706254, 0.998976469039917, 0.0006080089951865375]",False,YALAN,UYARI,False,False,315.02360000740737,"{""K1_input_and_readiness"": 0.06390000635292381, ""K7_context"": 0.0012999953469261527, ""K1_normalization"": 0.011500000255182385, ""K6_advisory"": 10.902099995291792, ""K1_intent"": 0.038700003642588854, ""K2_retrieval"": 156.66549999150448, ""K3_reranker"": 107.4434000038309, ""K8_weighted_ranking"": 1.2863999872934073, ""K3_candidate_filters"": 6.211300002178177, ""K9_advisory_consensus"": 0.007399998139590025, ""K4_nli_and_bypass_check"": 28.936299990164116, ""K5_decision"": 0.19239999528508633}",9150
FACTURK-0293,YALAN,"[22838, 1927, 24621, 14907, 12534, 12122, 16380, 26612, 27952, 11617, 4430, 19931, 15687, 29208, 10706, 20878, 2712, 747, 277, 282]","[0.0003006163169629872, 0.00011323437502142042, 0.00851130299270153, 0.00015720345254521817, 0.00010391067189630121, 4.832564081880264e-05, 2.0623421733034775e-05, 9.461262379772961e-05, 0.0026214411482214928, 2.5466406441410072e-05, 7.254361844388768e-05, 3.095910506090149e-05, 0.002174225402995944, 0.022672437131404877, 0.00023050670279189944, 0.00020825010142289102, 0.006003595422953367, 0.0013406204525381327, 7.086326513672248e-05, 9.098840382648632e-05]","[0.014769528992474079, 0.974592387676239, 0.010638092644512653]","[0.014769528992474079, 0.974592387676239, 0.010638092644512653]",False,YETERSİZ VERİ,RET,True,False,611.8971000105375,"{""K1_input_and_readiness"": 0.06420000863727182, ""K7_context"": 0.0016999983927235007, ""K1_normalization"": 0.011500000255182385, ""K6_advisory"": 13.074000002234243, ""K1_intent"": 0.033800009987317026, ""K2_retrieval"": 124.21809999796096, ""K3_reranker"": 131.9809999986319, ""K8_weighted_ranking"": 1.0904999944614246, ""K3_candidate_filters"": 5.614199995761737, ""K9_advisory_consensus"": 0.007599999662488699, ""K4_nli_and_bypass_check"": 179.466899993713, ""K5_decision"": 153.22670000023209}",29208
FACTURK-0294,YALAN,"[28629, 25673, 30224, 15111, 22218, 15787, 24915, 9021, 28510, 22175, 10940, 9366, 22050, 16781, 24828, 22128, 9564, 27777, 22514, 23724]","[6.253713218029588e-05, 2.818866414600052e-05, 0.00023782203788869083, 0.00011412239109631628, 4.331903619458899e-05, 0.0011335690505802631, 1.7366719475830905e-05, 4.6474400733131915e-05, 1.7917987861437723e-05, 2.0623421733034775e-05, 5.1845658163074404e-05, 0.0027791904285550117, 6.709224544465542e-05, 1.683241134742275e-05, 1.8200149497715756e-05, 1.9833367332466878e-05, 0.000682501879055053, 5.649793456541374e-05, 8.156224066624418e-05, 1.6187581422855146e-05]","[0.8965191841125488, 0.10105434060096741, 0.002426403807476163]","[0.8965191841125488, 0.10105434060096741, 0.002426403807476163]",False,DOĞRU,ONAY,False,False,1557.6705999992555,"{""K1_input_and_readiness"": 0.07130000449251384, ""K7_context"": 0.0011999945854768157, ""K1_normalization"": 0.01200000406242907, ""K6_advisory"": 10.973800002830103, ""K1_intent"": 0.051700000767596066, ""K2_retrieval"": 198.4880000090925, ""K3_reranker"": 88.61640001123305, ""K8_weighted_ranking"": 2.406700004939921, ""K3_candidate_filters"": 13.271799994981848, ""K9_advisory_consensus"": 0.011800002539530396, ""K4_nli_and_bypass_check"": 709.954200006905, ""K5_decision"": 530.5413999885786}",9366
FACTURK-0295,DOĞRU,"[12363, 20020, 18589, 1291, 24834, 13842, 29912, 9241, 19927, 25969, 6263, 11509, 22918, 5168, 13945, 22587, 28378, 13026, 27277, 4160]","[0.005179712548851967, 0.0015792594058439136, 0.007093862164765596, 5.783766391687095e-05, 4.94715895911213e-05, 0.0005420927773229778, 0.0005725466180592775, 0.0005193048855289817, 1.6314539607265033e-05, 1.6964426322374493e-05, 1.6314539607265033e-05, 0.00016474656877107918, 0.018369639292359352, 0.0001547666179249063, 2.1112482500029728e-05, 0.00013032974675297737, 0.00012931563833262771, 0.012431650422513485, 6.0613183450186625e-05, 1.657145367062185e-05]","[0.0011872731847688556, 0.9943885207176208, 0.0044241975992918015]","[0.0011872731847688556, 0.9943885207176208, 0.0044241975992918015]",False,YALAN,UYARI,False,False,1092.4785999959568,"{""K1_input_and_readiness"": 0.07100000220816582, ""K7_context"": 0.0016999983927235007, ""K1_normalization"": 0.012299991794861853, ""K6_advisory"": 12.25739999790676, ""K1_intent"": 0.035299992305226624, ""K2_retrieval"": 165.4333000042243, ""K3_reranker"": 128.12410001060925, ""K8_weighted_ranking"": 1.246599989826791, ""K3_candidate_filters"": 6.524199998239055, ""K9_advisory_consensus"": 0.008499991963617504, ""K4_nli_and_bypass_check"": 405.12409999792, ""K5_decision"": 370.39359999471344}",22918
FACTURK-0296,DOĞRU,"[11532, 11716, 4640, 10383, 4391, 25537, 12013, 17459, 3325, 8233, 4289, 672, 1097, 17516, 1360, 6542, 7836, 20018, 5607, 23757]","[0.997285008430481, 0.0010083435336127877, 0.004591683857142925, 5.783766391687095e-05, 2.0462934116949327e-05, 0.002099273493513465, 0.0003150386910419911, 0.0010122860549017787, 2.3369333575828932e-05, 2.449082603561692e-05, 1.6314539607265033e-05, 1.6314539607265033e-05, 0.0004529758298303932, 7.843789353501052e-05, 0.00017674513219390064, 0.000471011851914227, 1.6314539607265033e-05, 1.7778551409719512e-05, 0.00037409563083201647, 0.00851130299270153]",null,"[0.0, 0.0, 1.0]",True,YETERSİZ VERİ,KISMI,True,False,223.49680001207162,"{""K1_input_and_readiness"": 0.04769999941345304, ""K7_context"": 0.0017999991541728377, ""K1_normalization"": 0.009900002623908222, ""K6_advisory"": 11.85960001021158, ""K1_intent"": 0.031100003980100155, ""K2_retrieval"": 126.16179999895394, ""K3_reranker"": 73.01880000159144, ""K8_weighted_ranking"": 1.5463000017916784, ""K3_candidate_filters"": 6.420900012017228, ""K9_advisory_consensus"": 0.008499991963617504, ""K4_nli_and_bypass_check"": 0.27979999140370637, ""K5_decision"": 0.31349998607765883}",11532
FACTURK-0297,DOĞRU,"[21386, 8066, 16293, 2640, 3750, 10654, 7695, 15975, 10508, 4175, 20262, 3460, 2269, 3241, 14048, 20048, 15098, 29817, 635, 2151]","[2.3737338779028505e-05, 0.0011291546979919076, 0.01572399213910103, 0.00021995337738189846, 0.0009510130621492863, 0.0019192374311387539, 0.015603534877300262, 2.5071596610359848e-05, 0.00031015597051009536, 2.6070309104397893e-05, 0.002540992572903633, 0.00028462239424698055, 4.683888619183563e-05, 1.6314539607265033e-05, 0.00039977103006094694, 1.6187581422855146e-05, 0.0010649627074599266, 1.7366719475830905e-05, 0.003123648464679718, 1.6187581422855146e-05]","[0.1430884599685669, 0.8265390992164612, 0.030372461304068565]","[0.1430884599685669, 0.8265390992164612, 0.030372461304068565]",False,YETERSİZ VERİ,RET,True,False,1455.7980999961728,"{""K1_input_and_readiness"": 0.07809999806340784, ""K7_context"": 0.0017999991541728377, ""K1_normalization"": 0.015199999324977398, ""K6_advisory"": 13.625999999931082, ""K1_intent"": 0.048300003982149065, ""K2_retrieval"": 216.76389999629464, ""K3_reranker"": 102.56359999766573, ""K8_weighted_ranking"": 1.1149999918416142, ""K3_candidate_filters"": 5.818699995870702, ""K9_advisory_consensus"": 0.006900008884258568, ""K4_nli_and_bypass_check"": 550.36769999424, ""K5_decision"": 562.2749000031035}",7695
FACTURK-0298,DOĞRU,"[693, 30119, 24714, 28319, 8386, 7660, 16908, 25315, 16465, 1621, 18457, 28256, 19824, 15908, 15489, 9719, 22514, 1232, 5137, 17855]","[4.469407213036902e-05, 0.0007293288363143802, 0.0008199321455322206, 0.0003150386910419911, 0.00010071400902234018, 0.000159678646014072, 1.8342892872169614e-05, 1.6061610949691385e-05, 3.244481558795087e-05, 1.750292540236842e-05, 1.6061610949691385e-05, 1.6964426322374493e-05, 4.794958294951357e-05, 0.001085944357328117, 1.6187581422855146e-05, 1.6061610949691385e-05, 0.00026530236937105656, 1.7366719475830905e-05, 1.6061610949691385e-05, 1.6187581422855146e-05]","[0.013598079793155193, 0.9825999140739441, 0.0038019516505301]","[0.013598079793155193, 0.9825999140739441, 0.0038019516505301]",False,YALAN,RED,False,False,799.9841999990167,"{""K1_input_and_readiness"": 0.05230000533629209, ""K7_context"": 0.001300009898841381, ""K1_normalization"": 0.00969998654909432, ""K6_advisory"": 11.149599988129921, ""K1_intent"": 0.03959999594371766, ""K2_retrieval"": 145.32140000665095, ""K3_reranker"": 57.83720000181347, ""K8_weighted_ranking"": 1.259500000742264, ""K3_candidate_filters"": 6.66060000366997, ""K9_advisory_consensus"": 0.015300000086426735, ""K4_nli_and_bypass_check"": 305.4064999887487, ""K5_decision"": 269.3087000079686}",15908
FACTURK-0299,YALAN,"[10919, 13728, 20689, 22295, 16959, 21508, 8611, 18220, 15561, 29008, 5172, 16348, 20881, 16962, 18244, 18438, 6873, 29531, 18562, 11883]","[0.7983440160751343, 0.07068779319524765, 0.4050368368625641, 0.8790429830551147, 0.005301894154399633, 0.002058753278106451, 0.7706374526023865, 0.008061991073191166, 0.3472050130367279, 0.00023413581948261708, 0.048136770725250244, 0.0844927504658699, 0.003960787784308195, 0.0001686527393758297, 0.00012632041762117296, 0.007907291874289513, 0.005598248913884163, 0.003736220533028245, 0.016850080341100693, 0.010818447917699814]","[0.006985106505453587, 0.08880507946014404, 0.9042098522186279]","[0.006985106505453587, 0.08880507946014404, 0.9042098522186279]",False,YALAN,UYARI,False,False,753.5191999922972,"{""K1_input_and_readiness"": 0.041799998143687844, ""K7_context"": 0.0012999953469261527, ""K1_normalization"": 0.008000002708286047, ""K6_advisory"": 9.892300004139543, ""K1_intent"": 0.02680000034160912, ""K2_retrieval"": 128.9173999975901, ""K3_reranker"": 74.96790000004694, ""K8_weighted_ranking"": 1.2672000011662021, ""K3_candidate_filters"": 6.875200007925741, ""K9_advisory_consensus"": 0.008099988917820156, ""K4_nli_and_bypass_check"": 252.67030000395607, ""K5_decision"": 274.3824999924982}",22295
FACTURK-0300,YALAN,"[6767, 12732, 2573, 23316, 749, 8191, 15061, 21077, 16390, 12068, 21632, 1281, 8394, 14448, 19231, 12539, 26201, 10764, 1606, 30009]","[0.002191240666434169, 0.04130730405449867, 8.750300185056403e-05, 0.022542964667081833, 0.0030994154512882233, 2.4300241420860402e-05, 0.00010391067189630121, 0.004773722495883703, 3.269927037763409e-05, 0.0002434604539303109, 2.2827996872365475e-05, 0.0005953406798653305, 0.038901980966329575, 0.4758184552192688, 0.0007947254925966263, 1.6314539607265033e-05, 1.657145367062185e-05, 3.8831109122838825e-05, 0.00045121065340936184, 1.6314539607265033e-05]","[0.0006773906643502414, 0.9976623058319092, 0.0016602652613073587]","[0.0006773906643502414, 0.9976623058319092, 0.0016602652613073587]",False,YALAN,RED,False,False,505.8342999982415,"{""K1_input_and_readiness"": 0.08889999298844486, ""K7_context"": 0.001700012944638729, ""K1_normalization"": 0.018000006093643606, ""K6_advisory"": 21.046399997430854, ""K1_intent"": 0.09790000331122428, ""K2_retrieval"": 231.83990000688937, ""K3_reranker"": 178.78770000243094, ""K8_weighted_ranking"": 5.467799986945465, ""K3_candidate_filters"": 15.235700004268438, ""K9_advisory_consensus"": 0.012200005585327744, ""K4_nli_and_bypass_check"": 49.08000001159962, ""K5_decision"": 0.3163999936077744}",14448
FACTURK-0301,YALAN,"[10358, 2498, 27402, 24179, 16150, 15962, 27488, 29049, 30219, 5659, 5087, 5707, 20863, 12622, 9795, 12134, 20446, 16620, 29676, 4261]","[0.13106197118759155, 0.013636835850775242, 0.012383785098791122, 0.0009584648651070893, 0.0018031664658337831, 0.00027586790383793414, 0.005842605605721474, 0.00010229986219201237, 0.00360761652700603, 0.0008969392511062324, 0.0008295892039313912, 0.08359067142009735, 0.0004044814850203693, 0.20055769383907318, 0.0014325366355478764, 1.6061610949691385e-05, 0.0015307451831176877, 1.657145367062185e-05, 0.002736221067607403, 1.67014204635052e-05]","[0.7504196166992188, 0.14283598959445953, 0.10674440860748291]","[0.7504196166992188, 0.14283598959445953, 0.10674440860748291]",False,DOĞRU,ONAY,False,False,558.9715999958571,"{""K1_input_and_readiness"": 0.06029999349266291, ""K7_context"": 0.0016999983927235007, ""K1_normalization"": 0.011499985703267157, ""K6_advisory"": 18.89880000089761, ""K1_intent"": 0.040099999750964344, ""K2_retrieval"": 156.94539999822155, ""K3_reranker"": 71.85750000644475, ""K8_weighted_ranking"": 1.7321999912383035, ""K3_candidate_filters"": 8.641699998406693, ""K9_advisory_consensus"": 0.009900002623908222, ""K4_nli_and_bypass_check"": 162.60529999271967, ""K5_decision"": 133.26190000225324}",10358
FACTURK-0302,YALAN,"[22554, 24903, 27385, 23336, 10289, 5632, 4617, 15123, 28715, 10374, 21111, 14083, 28290, 9414, 23619, 12113, 6679, 24872, 4941, 17779]","[0.00043055712012574077, 0.004038591403514147, 1.67014204635052e-05, 5.3075080359121785e-05, 7.9673009167891e-05, 0.00570803415030241, 0.08570927381515503, 4.298194107832387e-05, 6.108854722697288e-05, 0.0005132579244673252, 1.6187581422855146e-05, 1.6314539607265033e-05, 1.6061610949691385e-05, 0.0003905139456037432, 9.098840382648632e-05, 7.662102143513039e-05, 1.6187581422855146e-05, 0.00010071400902234018, 1.67014204635052e-05, 1.6442494597868063e-05]","[0.012710708193480968, 0.9853833913803101, 0.0019059564219787717]","[0.012710708193480968, 0.9853833913803101, 0.0019059564219787717]",False,YETERSİZ VERİ,RET,True,False,813.4505000052741,"{""K1_input_and_readiness"": 0.051799986977130175, ""K7_context"": 0.0014999968698248267, ""K1_normalization"": 0.012200005585327744, ""K6_advisory"": 12.211799999931827, ""K1_intent"": 0.057199998991563916, ""K2_retrieval"": 169.13180000847206, ""K3_reranker"": 85.90230000845622, ""K8_weighted_ranking"": 1.538500000606291, ""K3_candidate_filters"": 6.3975999946706, ""K9_advisory_consensus"": 0.006799993570894003, ""K4_nli_and_bypass_check"": 278.45679999154527, ""K5_decision"": 256.28499999584164}",24903
FACTURK-0303,YALAN,"[13756, 8683, 28988, 15530, 5842, 29608, 28339, 12028, 29778, 14185, 815, 28275, 6591, 29415, 4383, 20845, 24801, 24749, 11919, 26190]","[0.6785399913787842, 0.9460012316703796, 0.07224299758672714, 0.23458196222782135, 0.5873515009880066, 0.044597577303647995, 0.00035281325108371675, 1.6314539607265033e-05, 0.0002002737601287663, 0.00021485926117748022, 2.732141365413554e-05, 1.892514956125524e-05, 0.00031015597051009536, 1.8342892872169614e-05, 2.8857117285951972e-05, 0.0008135565440170467, 5.475977377500385e-05, 5.3075080359121785e-05, 1.7097478121286258e-05, 5.433364276541397e-05]","[0.00016927301476243883, 0.9995961785316467, 0.00023455375048797578]","[0.00016927301476243883, 0.9995961785316467, 0.00023455375048797578]",False,YETERSİZ VERİ,RET,True,False,383.29650000378024,"{""K1_input_and_readiness"": 0.04919999628327787, ""K7_context"": 0.001400010660290718, ""K1_normalization"": 0.008400005754083395, ""K6_advisory"": 11.22469999245368, ""K1_intent"": 0.03069998638238758, ""K2_retrieval"": 115.76000000059139, ""K3_reranker"": 79.32160000200383, ""K8_weighted_ranking"": 1.2488000065786764, ""K3_candidate_filters"": 5.843000006279908, ""K9_advisory_consensus"": 0.006799993570894003, ""K4_nli_and_bypass_check"": 98.82079999078996, ""K5_decision"": 67.81599999521859}",8683
FACTURK-0304,DOĞRU,"[2462, 8560, 23236, 635, 22021, 28487, 29835, 1272, 21223, 13127, 29109, 21320, 27133, 6563, 3532, 22505, 6122, 28971, 10822, 26779]","[0.9829546809196472, 0.04092230275273323, 0.10141132026910782, 0.0007672924548387527, 0.007636216934770346, 0.035611413419246674, 0.01057048887014389, 0.002378123812377453, 0.032161444425582886, 0.0006745558930560946, 0.000758359965402633, 0.023509452119469643, 0.0004936049808748066, 0.00043563017970882356, 0.009412589482963085, 0.00017265156202483922, 1.8631746570463292e-05, 5.738759500673041e-05, 0.009898064658045769, 0.0002234163403045386]","[0.03017013520002365, 0.9394824504852295, 0.030347434803843498]","[0.03017013520002365, 0.9394824504852295, 0.030347434803843498]",False,YETERSİZ VERİ,RET,True,False,460.81170000252314,"{""K1_input_and_readiness"": 0.05250000685919076, ""K7_context"": 0.0014999968698248267, ""K1_normalization"": 0.009800001862458885, ""K6_advisory"": 10.822600001120009, ""K1_intent"": 0.03020001167897135, ""K2_retrieval"": 144.4552000029944, ""K3_reranker"": 67.87539999641012, ""K8_weighted_ranking"": 1.2355000071693212, ""K3_candidate_filters"": 6.414099989342503, ""K9_advisory_consensus"": 0.007199996616691351, ""K4_nli_and_bypass_check"": 122.69419999211095, ""K5_decision"": 103.47180000098888}",2462
FACTURK-0305,DOĞRU,"[684, 22097, 27970, 15481, 4373, 9521, 5498, 24623, 891, 29465, 9034, 14698, 27097, 19566, 22502, 12955, 22420, 9714, 18703, 27759]","[0.0002396868512732908, 2.5071596610359848e-05, 1.7778551409719512e-05, 1.6314539607265033e-05, 2.030369250860531e-05, 1.6314539607265033e-05, 2.265035072923638e-05, 0.0002591582597233355, 3.426849070820026e-05, 1.8631746570463292e-05, 1.6314539607265033e-05, 1.9833367332466878e-05, 2.710879925871268e-05, 1.9373936083866283e-05, 1.6314539607265033e-05, 0.009268013760447502, 1.922317096614279e-05, 1.6187581422855146e-05, 2.6274772608303465e-05, 1.8777873265207745e-05]","[0.0021636919118463993, 0.9968780279159546, 0.0009582589846104383]","[0.0021636919118463993, 0.9968780279159546, 0.0009582589846104383]",False,YETERSİZ VERİ,RET,True,False,579.7020999889355,"{""K1_input_and_readiness"": 0.06199999188538641, ""K7_context"": 0.00650000583846122, ""K1_normalization"": 0.011899988749064505, ""K6_advisory"": 13.074800008325838, ""K1_intent"": 0.03440000000409782, ""K2_retrieval"": 141.30869999644347, ""K3_reranker"": 87.77300000656396, ""K8_weighted_ranking"": 1.5190000121947378, ""K3_candidate_filters"": 7.064400007948279, ""K9_advisory_consensus"": 0.008700008038431406, ""K4_nli_and_bypass_check"": 164.07709999475628, ""K5_decision"": 161.38670001237188}",24623
FACTURK-0306,YALAN,"[29887, 12905, 28989, 15528, 25973, 23983, 30224, 24403, 9411, 12924, 24043, 21179, 8052, 1883, 23224, 14272, 12585, 10925, 29892, 23120]","[0.002992665395140648, 0.0012743262341246009, 2.7969301299890503e-05, 2.2125668692751788e-05, 1.6187581422855146e-05, 1.6314539607265033e-05, 2.4876489987946115e-05, 0.000471011851914227, 0.03167862445116043, 0.00020342698553577065, 0.00020662980386987329, 1.6314539607265033e-05, 0.0006487307837232947, 6.502816540887579e-05, 0.0032099615782499313, 7.843789353501052e-05, 0.00023231418163049966, 0.0006487307837232947, 1.8777873265207745e-05, 1.7778551409719512e-05]","[0.012619863264262676, 0.9855325818061829, 0.0018475960241630673]","[0.012619863264262676, 0.9855325818061829, 0.0018475960241630673]",False,YETERSİZ VERİ,RET,True,False,592.0192000048701,"{""K1_input_and_readiness"": 0.05199998850002885, ""K7_context"": 0.0012999953469261527, ""K1_normalization"": 0.009499999578110874, ""K6_advisory"": 16.205499996431172, ""K1_intent"": 0.03159999323543161, ""K2_retrieval"": 128.88489999750163, ""K3_reranker"": 65.11229999887291, ""K8_weighted_ranking"": 1.6243999998550862, ""K3_candidate_filters"": 6.590499993762933, ""K9_advisory_consensus"": 0.008499991963617504, ""K4_nli_and_bypass_check"": 196.81789999594912, ""K5_decision"": 173.69540000800043}",30224
FACTURK-0307,YALAN,"[11028, 17356, 6458, 27114, 806, 13398, 26395, 23566, 8076, 28296, 27435, 9566, 18300, 25770, 17045, 14548, 14201, 8969, 16026, 6590]","[0.00010637458035489544, 0.18315489590168, 5.518923353520222e-05, 1.683241134742275e-05, 0.0031603530514985323, 1.657145367062185e-05, 0.002251847181469202, 1.6314539607265033e-05, 1.7778551409719512e-05, 0.0009850083151832223, 0.000191104321856983, 0.0010202174307778478, 0.00014313739666249603, 0.0009888596832752228, 0.00021824207215104252, 0.00011147904297104105, 0.012970386072993279, 2.6274772608303465e-05, 2.3007036361377686e-05, 0.0003053489199373871]","[0.22668249905109406, 0.7487270832061768, 0.024590469896793365]","[0.22668249905109406, 0.7487270832061768, 0.024590469896793365]",False,YALAN,RED,False,False,520.0798000005307,"{""K1_input_and_readiness"": 0.04150001041125506, ""K7_context"": 0.001400010660290718, ""K1_normalization"": 0.00750001345295459, ""K6_advisory"": 11.319699988234788, ""K1_intent"": 0.027599991881288588, ""K2_retrieval"": 115.60589999135118, ""K3_reranker"": 80.63070000207517, ""K8_weighted_ranking"": 1.1939999967580661, ""K3_candidate_filters"": 6.037800005287863, ""K9_advisory_consensus"": 0.007599999662488699, ""K4_nli_and_bypass_check"": 166.7853999970248, ""K5_decision"": 134.905400002026}",27435
FACTURK-0308,DOĞRU,"[2957, 17336, 27529, 13372, 7387, 10722, 17446, 20248, 4791, 22911, 14058, 20444, 19344, 9914, 26380, 25811, 14607, 8312, 8286, 21846]","[0.002693914109840989, 0.12592275440692902, 0.0013198634842410684, 0.007999754510819912, 0.16681109368801117, 8.415108459303156e-05, 0.005080036818981171, 0.007665874902158976, 0.004503272473812103, 2.2125668692751788e-05, 0.0012743262341246009, 0.0004765612829942256, 0.0006693099858239293, 5.144220995134674e-05, 1.6964426322374493e-05, 0.0011160142021253705, 2.3369333575828932e-05, 1.6061610949691385e-05, 0.000552778656128794, 6.502816540887579e-05]","[0.00042597565334290266, 0.9986382126808167, 0.0009358840761706233]","[0.00042597565334290266, 0.9986382126808167, 0.0009358840761706233]",False,YETERSİZ VERİ,RET,True,False,421.20470000372734,"{""K1_input_and_readiness"": 0.04630000330507755, ""K7_context"": 0.0014999968698248267, ""K1_normalization"": 0.00790000194683671, ""K6_advisory"": 12.234900001203641, ""K1_intent"": 0.029999995604157448, ""K2_retrieval"": 118.67079998773988, ""K3_reranker"": 53.24919999111444, ""K8_weighted_ranking"": 1.1478000087663531, ""K3_candidate_filters"": 5.734000005759299, ""K9_advisory_consensus"": 0.006299989763647318, ""K4_nli_and_bypass_check"": 125.59150000743102, ""K5_decision"": 101.31890000775456}",17336
FACTURK-0309,YALAN,"[19677, 8685, 20034, 23244, 1883, 23686, 20084, 29892, 28483, 1741, 4438, 28913, 24573, 14411, 16423, 28379, 17756, 54, 28971, 104]","[0.9433475732803345, 0.005384937860071659, 9.7615658887662e-05, 0.0003889921063091606, 1.6187581422855146e-05, 6.0613183450186625e-05, 1.7231572201126255e-05, 9.028038039105013e-05, 0.3752484917640686, 0.00016603845870122313, 1.6964426322374493e-05, 3.619466951931827e-05, 5.0644717703107744e-05, 1.593661909282673e-05, 0.00040765260928310454, 1.6187581422855146e-05, 0.00025514140725135803, 0.0012644219677895308, 1.750292540236842e-05, 0.0013939501950517297]","[0.0028396376874297857, 0.9933652281761169, 0.003795118536800146]","[0.0028396376874297857, 0.9933652281761169, 0.003795118536800146]",False,YETERSİZ VERİ,RET,True,False,672.8607999975793,"{""K1_input_and_readiness"": 0.07249999907799065, ""K7_context"": 0.0013999961083754897, ""K1_normalization"": 0.010399991879239678, ""K6_advisory"": 11.901300007593818, ""K1_intent"": 0.03399999695830047, ""K2_retrieval"": 124.73949999548495, ""K3_reranker"": 65.60570000146981, ""K8_weighted_ranking"": 1.3515000027837232, ""K3_candidate_filters"": 6.561200003488921, ""K9_advisory_consensus"": 0.007499998901039362, ""K4_nli_and_bypass_check"": 236.3885999948252, ""K5_decision"": 222.81539998948574}",19677
FACTURK-0310,YALAN,"[16509, 16107, 16294, 3964, 10098, 923, 12525, 29838, 17437, 16104, 8839, 2442, 3084, 23772, 12043, 14559, 22536, 25784, 18316, 26727]","[0.03588069602847099, 0.2137051820755005, 0.35209035873413086, 0.01764446496963501, 0.17652960121631622, 0.17203271389007568, 0.00010310211655450985, 0.03919513151049614, 0.007695646956562996, 0.20149880647659302, 0.20593424141407013, 0.048405956476926804, 0.7074047327041626, 0.02881619706749916, 8.415108459303156e-05, 0.00017265156202483922, 0.001483718864619732, 0.02409944497048855, 0.0008295892039313912, 0.007725534029304981]","[0.0007555201300419867, 0.9935573935508728, 0.005687131080776453]","[0.0007555201300419867, 0.9935573935508728, 0.005687131080776453]",False,YETERSİZ VERİ,RET,True,False,888.7882999988506,"{""K1_input_and_readiness"": 0.05509999755304307, ""K7_context"": 0.001400010660290718, ""K1_normalization"": 0.010400006431154907, ""K6_advisory"": 12.015300002531148, ""K1_intent"": 0.03199999628122896, ""K2_retrieval"": 149.79830000083894, ""K3_reranker"": 113.9569999941159, ""K8_weighted_ranking"": 1.4123000000836328, ""K3_candidate_filters"": 5.9849999961443245, ""K9_advisory_consensus"": 0.006699992809444666, ""K4_nli_and_bypass_check"": 313.4946000063792, ""K5_decision"": 288.8673999987077}",3084
FACTURK-0311,DOĞRU,"[9657, 9011, 6224, 16705, 1734, 6218, 3550, 10662, 8286, 29976, 16305, 11379, 28118, 10776, 9405, 6382, 10244, 22052, 15037, 29678]","[0.5023612976074219, 0.021165618672966957, 1.67014204635052e-05, 0.0005636750720441341, 0.00018093574908562005, 0.02010023407638073, 0.0037507887464016676, 0.0011424495605751872, 0.008412977680563927, 0.00033274127054028213, 0.0023688741493970156, 0.0006000071880407631, 2.4682904040673748e-05, 0.0007096704212017357, 0.0002396868512732908, 3.1941821362124756e-05, 0.0007124459953047335, 9.098840382648632e-05, 9.7615658887662e-05, 0.00025118677876889706]","[0.987385630607605, 0.011467239819467068, 0.0011471128091216087]","[0.987385630607605, 0.011467239819467068, 0.0011471128091216087]",False,YALAN,RED,False,False,593.8044999929843,"{""K1_input_and_readiness"": 0.049299997044727206, ""K7_context"": 0.0014999968698248267, ""K1_normalization"": 0.009499999578110874, ""K6_advisory"": 11.578100005863234, ""K1_intent"": 0.038700003642588854, ""K2_retrieval"": 141.652400008752, ""K3_reranker"": 60.99990000075195, ""K8_weighted_ranking"": 1.1559999984456226, ""K3_candidate_filters"": 6.411299997125752, ""K9_advisory_consensus"": 0.008300004992634058, ""K4_nli_and_bypass_check"": 190.4623000009451, ""K5_decision"": 177.9930000047898}",8286
FACTURK-0312,DOĞRU,"[7452, 13938, 11270, 22165, 6898, 12395, 25976, 2618, 25375, 4503, 3455, 5648, 26665, 1170, 23668, 4258, 12458, 7359, 17049, 14529]","[0.9999512434005737, 0.00013342000602278858, 0.00018667821132112294, 4.683888619183563e-05, 0.000609450158663094, 0.0001442598586436361, 3.2955729693640023e-05, 3.3474691008450463e-05, 0.001629308913834393, 1.8342892872169614e-05, 0.0035936026833951473, 1.6442494597868063e-05, 1.922317096614279e-05, 1.683241134742275e-05, 3.9442587876692414e-05, 1.6314539607265033e-05, 1.67014204635052e-05, 1.7231572201126255e-05, 1.7917987861437723e-05, 2.2125668692751788e-05]","[0.0012111910618841648, 0.00786716677248478, 0.990921676158905]","[0.0012111910618841648, 0.00786716677248478, 0.990921676158905]",False,DOĞRU,ONAY,False,False,386.2763999932213,"{""K1_input_and_readiness"": 0.06150000263005495, ""K7_context"": 0.0014999968698248267, ""K1_normalization"": 0.009499999578110874, ""K6_advisory"": 12.464999992516823, ""K1_intent"": 0.04569999873638153, ""K2_retrieval"": 130.1431999891065, ""K3_reranker"": 61.04770000092685, ""K8_weighted_ranking"": 1.9718000112334266, ""K3_candidate_filters"": 12.187899992568418, ""K9_advisory_consensus"": 0.01479999627918005, ""K4_nli_and_bypass_check"": 109.06339999928605, ""K5_decision"": 53.597899997839704}",7452
FACTURK-0313,DOĞRU,"[3083, 11712, 29304, 4160, 27844, 28419, 11509, 19415, 28378, 8794, 7346, 1706, 19866, 22918, 21402, 3324, 17922, 27277, 26665, 5278]","[9.535461140330881e-05, 0.9989308714866638, 0.00026947917649522424, 1.6314539607265033e-05, 0.009340023621916771, 0.0014550630003213882, 0.00214894930832088, 0.00013552077871281654, 0.0014158706180751324, 7.311254739761353e-05, 1.8486754925106652e-05, 0.00011323437502142042, 0.003960787784308195, 0.001098731067031622, 0.004700060468167067, 3.426849070820026e-05, 0.0004442183708306402, 0.02048855647444725, 1.7778551409719512e-05, 3.8831109122838825e-05]",null,"[0.0, 0.0, 1.0]",True,YETERSİZ VERİ,KISMI,True,False,270.65450001100544,"{""K1_input_and_readiness"": 0.10469999688211828, ""K7_context"": 0.0028999929782003164, ""K1_normalization"": 0.02160000440198928, ""K6_advisory"": 21.821399990585633, ""K1_intent"": 0.047599998652003706, ""K2_retrieval"": 167.309500000556, ""K3_reranker"": 69.02989999798592, ""K8_weighted_ranking"": 1.4270999963628128, ""K3_candidate_filters"": 6.520199996884912, ""K9_advisory_consensus"": 0.014699995517730713, ""K4_nli_and_bypass_check"": 0.3980000037699938, ""K5_decision"": 0.461799994809553}",11712
FACTURK-0314,DOĞRU,"[28867, 25381, 11597, 20246, 24314, 27529, 19898, 475, 14016, 12349, 13274, 16163, 2431, 26227, 11701, 22357, 4430, 26566, 16844, 10786]","[0.4323030412197113, 0.028652667999267578, 0.04084571450948715, 0.6674728393554688, 0.0020911062601953745, 0.0001195985751110129, 0.0014779430348426104, 0.09929540008306503, 3.508111694827676e-05, 0.011158031411468983, 3.1941821362124756e-05, 0.002540992572903633, 0.006338921841233969, 2.586742994026281e-05, 2.0462934116949327e-05, 0.10105590522289276, 0.004314687568694353, 0.0010901900241151452, 0.034749627113342285, 0.00011235327838221565]","[0.0011233312543481588, 0.9976086616516113, 0.0012679384090006351]","[0.0011233312543481588, 0.9976086616516113, 0.0012679384090006351]",False,YETERSİZ VERİ,RET,True,False,320.4377999936696,"{""K1_input_and_readiness"": 0.062399994931183755, ""K7_context"": 0.0013999961083754897, ""K1_normalization"": 0.012699994840659201, ""K6_advisory"": 13.105999998515472, ""K1_intent"": 0.034900003811344504, ""K2_retrieval"": 170.9580000024289, ""K3_reranker"": 90.42249999765772, ""K8_weighted_ranking"": 1.1234000121476129, ""K3_candidate_filters"": 5.880099997739308, ""K9_advisory_consensus"": 0.007000009645707905, ""K4_nli_and_bypass_check"": 35.26300001249183, ""K5_decision"": 0.13440000475384295}",20246
FACTURK-0315,YALAN,"[18629, 27604, 11438, 1610, 9150, 19272, 5686, 6570, 3315, 16552, 23935, 24869, 6505, 23600, 29343, 22272, 27219, 8399, 744, 6704]","[0.4937632977962494, 0.09451042860746384, 0.04646466672420502, 0.8257302641868591, 0.028490042313933372, 0.002174225402995944, 0.008348053321242332, 0.0044165560975670815, 0.004681822378188372, 0.009936418384313583, 0.03296123817563057, 0.009055263362824917, 0.07030384987592697, 0.04130730405449867, 0.0007379196467809379, 0.07504072040319443, 0.22507576644420624, 0.008644177578389645, 3.2955729693640023e-05, 0.11162799596786499]","[0.0005872139590792358, 0.9934937357902527, 0.005919078830629587]","[0.0005872139590792358, 0.9934937357902527, 0.005919078830629587]",False,YETERSİZ VERİ,RET,True,False,1029.788899992127,"{""K1_input_and_readiness"": 0.05950000195298344, ""K7_context"": 0.001400010660290718, ""K1_normalization"": 0.010700008715502918, ""K6_advisory"": 9.888700005831197, ""K1_intent"": 0.03189999551977962, ""K2_retrieval"": 151.0621000052197, ""K3_reranker"": 82.91880000615492, ""K8_weighted_ranking"": 1.3112000015098602, ""K3_candidate_filters"": 6.313899997621775, ""K9_advisory_consensus"": 0.025299988919869065, ""K4_nli_and_bypass_check"": 373.039099999005, ""K5_decision"": 399.9253000074532}",1610
FACTURK-0316,DOĞRU,"[6487, 25162, 20933, 20139, 3664, 5799, 27663, 3595, 29338, 1111, 23225, 13819, 5988, 17481, 4372, 18412, 20125, 25740, 29090, 17197]","[0.9982385635375977, 5.391084778239019e-05, 0.01750955730676651, 0.003621685551479459, 5.605828482657671e-05, 8.547616744181141e-05, 0.00013135180051904172, 8.957788668340072e-05, 0.0018458482809364796, 4.1986306314356625e-05, 0.0024438868276774883, 0.1527891606092453, 0.0002251682453788817, 3.373722574906424e-05, 0.0017007222631946206, 0.0011832797899842262, 1.6187581422855146e-05, 0.007999754510819912, 0.0009362827986478806, 1.6187581422855146e-05]","[0.0005061675910837948, 0.0002457246300764382, 0.9992480874061584]","[0.0005061675910837948, 0.0002457246300764382, 0.9992480874061584]",False,DOĞRU,ONAY,False,False,381.914700003108,"{""K1_input_and_readiness"": 0.07150000601541251, ""K7_context"": 0.0022000021999701858, ""K1_normalization"": 0.01340000017080456, ""K6_advisory"": 15.128199986065738, ""K1_intent"": 0.043799998820759356, ""K2_retrieval"": 165.31209999811836, ""K3_reranker"": 82.817000002251, ""K8_weighted_ranking"": 1.490199996624142, ""K3_candidate_filters"": 7.8326000075321645, ""K9_advisory_consensus"": 0.010200004908256233, ""K4_nli_and_bypass_check"": 69.28809999953955, ""K5_decision"": 36.19569999864325}",6487
FACTURK-0317,DOĞRU,"[22587, 22918, 22465, 10902, 11460, 7924, 15780, 10589, 1887, 19772, 18561, 11485, 2984, 4093, 24849, 4270, 8564, 27017, 12065, 14277]","[0.2943163812160492, 0.21255874633789062, 0.06572466343641281, 0.005888158921152353, 0.01784873753786087, 0.36511704325675964, 0.2743513584136963, 0.03403615206480026, 0.08616956323385239, 0.006589771714061499, 0.0014437558129429817, 0.002058753278106451, 0.0017342078499495983, 0.012479699216783047, 0.38133475184440613, 0.03594832494854927, 0.021491764113307, 0.008251599036157131, 0.16145241260528564, 0.15687833726406097]","[0.0025703241117298603, 0.9962447285652161, 0.0011848520953208208]","[0.0025703241117298603, 0.9962447285652161, 0.0011848520953208208]",False,YALAN,UYARI,False,False,627.9510999884224,"{""K1_input_and_readiness"": 0.07339999137911946, ""K7_context"": 0.0015999976312741637, ""K1_normalization"": 0.009700001101009548, ""K6_advisory"": 12.889799996628426, ""K1_intent"": 0.03680000372696668, ""K2_retrieval"": 183.494899989455, ""K3_reranker"": 82.04940000723582, ""K8_weighted_ranking"": 1.517299999250099, ""K3_candidate_filters"": 7.57619999058079, ""K9_advisory_consensus"": 0.009099996532313526, ""K4_nli_and_bypass_check"": 194.69829999434296, ""K5_decision"": 142.20290000957903}",24849
FACTURK-0318,YALAN,"[1123, 4745, 5471, 28522, 627, 23201, 12462, 9176, 18839, 13942, 2877, 26994, 27660, 3693, 14848, 15696, 6469, 27006, 2955, 15511]","[0.23846149444580078, 0.009522485546767712, 0.02157406695187092, 0.009596454910933971, 0.005797401536256075, 0.0018172829877585173, 0.37170660495758057, 0.0018895388348028064, 0.001081715221516788, 0.013742320239543915, 0.0019570167642086744, 0.0032224843744188547, 0.0009659748757258058, 0.0008525666198693216, 0.0005614787805825472, 8.614650869276375e-05, 0.0002959570847451687, 0.0012594986474141479, 3.0479141059913673e-05, 0.001518850913271308]","[0.0016863829223439097, 0.9898821711540222, 0.008431384339928627]","[0.0016863829223439097, 0.9898821711540222, 0.008431384339928627]",False,YETERSİZ VERİ,RET,True,False,1482.6599999942118,"{""K1_input_and_readiness"": 0.06469999789260328, ""K7_context"": 0.0016999983927235007, ""K1_normalization"": 0.012799995602108538, ""K6_advisory"": 13.231000004452653, ""K1_intent"": 0.04230000195093453, ""K2_retrieval"": 203.9234999974724, ""K3_reranker"": 206.19920000899583, ""K8_weighted_ranking"": 1.4613999956054613, ""K3_candidate_filters"": 6.712700007483363, ""K9_advisory_consensus"": 0.0092999980552122, ""K4_nli_and_bypass_check"": 504.1559999954188, ""K5_decision"": 542.4984999990556}",4745
FACTURK-0319,DOĞRU,"[2436, 23590, 5590, 18877, 21015, 5265, 2425, 21218, 29455, 806, 7364, 20208, 21114, 13782, 5632, 28010, 46, 5861, 19431, 27912]","[0.00020502213737927377, 0.0001673405058681965, 1.6314539607265033e-05, 0.000437334441812709, 1.6314539607265033e-05, 1.6314539607265033e-05, 1.6964426322374493e-05, 1.7778551409719512e-05, 1.6314539607265033e-05, 3.4537253668531775e-05, 1.9373936083866283e-05, 0.0014664583140984178, 2.411113746347837e-05, 8.156224066624418e-05, 0.000191104321856983, 0.002531111240386963, 1.6187581422855146e-05, 1.6314539607265033e-05, 1.9073577277595177e-05, 2.6274772608303465e-05]","[0.36387214064598083, 0.5571463108062744, 0.07898157089948654]","[0.36387214064598083, 0.5571463108062744, 0.07898157089948654]",False,YETERSİZ VERİ,RET,True,False,1318.939999997383,"{""K1_input_and_readiness"": 0.0737999944249168, ""K7_context"": 0.0014999968698248267, ""K1_normalization"": 0.012999997125007212, ""K6_advisory"": 14.857499991194345, ""K1_intent"": 0.042800005758181214, ""K2_retrieval"": 194.25710001087282, ""K3_reranker"": 85.9035000030417, ""K8_weighted_ranking"": 1.5580999897792935, ""K3_candidate_filters"": 7.677300003706478, ""K9_advisory_consensus"": 0.009199997293762863, ""K4_nli_and_bypass_check"": 568.8846000120975, ""K5_decision"": 441.6016000031959}",13782
FACTURK-0320,YALAN,"[1887, 25228, 1807, 25931, 15188, 9269, 20941, 24929, 7970, 14227, 30193, 28510, 7135, 2421, 18249, 5036, 4603, 8125, 28105, 18308]","[0.903464674949646, 0.5811247825622559, 0.09704755246639252, 0.05582314357161522, 0.02456308901309967, 2.229919846286066e-05, 0.002278330735862255, 0.003635808825492859, 0.5891846418380737, 0.00014313739666249603, 0.0013045065570622683, 0.18668745458126068, 0.0060503981076180935, 8.888084994396195e-05, 0.002123966347426176, 0.0002251682453788817, 0.522567629814148, 0.00272558256983757, 0.004086002707481384, 0.004433765076100826]","[0.0017435476183891296, 0.9651930928230286, 0.03306339681148529]","[0.0017435476183891296, 0.9651930928230286, 0.03306339681148529]",False,YETERSİZ VERİ,RET,True,False,709.1196999972453,"{""K1_input_and_readiness"": 0.0627999979769811, ""K7_context"": 0.0013999961083754897, ""K1_normalization"": 0.00960000033956021, ""K6_advisory"": 11.680600000545382, ""K1_intent"": 0.03290000313427299, ""K2_retrieval"": 153.5678999935044, ""K3_reranker"": 124.36619999061804, ""K8_weighted_ranking"": 1.2590000114869326, ""K3_candidate_filters"": 6.7851000057999045, ""K9_advisory_consensus"": 0.008200004231184721, ""K4_nli_and_bypass_check"": 228.84709999198094, ""K5_decision"": 178.77759999828413}",1887
FACTURK-0321,YALAN,"[25225, 15787, 10243, 1701, 11548, 19258, 25228, 9220, 25169, 27894, 27696, 9150, 2858, 13003, 12288, 15978, 21007, 16063, 18569, 19391]","[0.9990745782852173, 0.001192549243569374, 0.058884695172309875, 0.00012632041762117296, 0.004133968148380518, 2.4682904040673748e-05, 0.0003583672805689275, 0.0008727670647203922, 0.0003625900426413864, 0.07081620395183563, 0.0029694451950490475, 0.018404889851808548, 3.508111694827676e-05, 0.00023231418163049966, 0.00023782203788869083, 0.0012255674228072166, 0.00048029719619080424, 0.0006337125087156892, 0.00012053649697918445, 4.870464181294665e-05]",null,"[0.0, 0.0, 1.0]",True,YALAN,UYARI,False,False,284.2023999983212,"{""K1_input_and_readiness"": 0.06450001092161983, ""K7_context"": 0.0013999961083754897, ""K1_normalization"": 0.012400007108226418, ""K6_advisory"": 14.735999997355975, ""K1_intent"": 0.04150001041125506, ""K2_retrieval"": 176.379900003667, ""K3_reranker"": 80.36639999772888, ""K8_weighted_ranking"": 1.3685999874724075, ""K3_candidate_filters"": 7.008400003542192, ""K9_advisory_consensus"": 0.008499991963617504, ""K4_nli_and_bypass_check"": 0.18629999249242246, ""K5_decision"": 0.24389999452978373}",25225
FACTURK-0322,YALAN,"[19974, 11158, 7476, 25395, 22192, 10172, 14936, 3696, 2403, 16, 24074, 27304, 11357, 11075, 2290, 21249, 11142, 14518, 29492, 8445]","[0.40262696146965027, 0.0032476764172315598, 4.683888619183563e-05, 0.005281333811581135, 0.00026530236937105656, 0.0006771942134946585, 3.7636447814293206e-05, 0.006877107545733452, 0.008124708198010921, 0.0005907104350626469, 0.03228325769305229, 1.6314539607265033e-05, 0.00034329999471083283, 0.001151399570517242, 1.6314539607265033e-05, 1.657145367062185e-05, 1.7917987861437723e-05, 0.0004994205664843321, 0.0005112579092383385, 2.732141365413554e-05]","[0.009805222041904926, 0.9875427484512329, 0.002651957096531987]","[0.009805222041904926, 0.9875427484512329, 0.002651957096531987]",False,YETERSİZ VERİ,RET,True,False,1703.5216999938712,"{""K1_input_and_readiness"": 0.07249999907799065, ""K7_context"": 0.0016999983927235007, ""K1_normalization"": 0.015300000086426735, ""K6_advisory"": 13.704400000278838, ""K1_intent"": 0.04329999501351267, ""K2_retrieval"": 191.39189999259543, ""K3_reranker"": 104.60099999909289, ""K8_weighted_ranking"": 1.1575000098673627, ""K3_candidate_filters"": 6.734800001140684, ""K9_advisory_consensus"": 0.008300004992634058, ""K4_nli_and_bypass_check"": 728.2072999951197, ""K5_decision"": 654.070500007947}",16
FACTURK-0323,DOĞRU,"[6352, 27337, 247, 7596, 20781, 156, 81, 28, 26984, 4224, 13967, 12551, 4376, 24567, 19713, 172, 23913, 29239, 211, 28245]","[0.0005884087877348065, 0.0038844761438667774, 0.007066400721669197, 0.004867417272180319, 0.001383117400109768, 0.006615392863750458, 0.007289077155292034, 0.006797532085329294, 0.003678509034216404, 0.0009039677679538727, 0.0012448433553799987, 0.003510648850351572, 6.205049430718645e-05, 0.0011649561347439885, 9.242113446816802e-05, 0.0002415662893326953, 1.683241134742275e-05, 0.0016941031208261847, 0.0001476803736295551, 0.0004784255870617926]","[0.02492835372686386, 0.9670101404190063, 0.008061500266194344]","[0.02492835372686386, 0.9670101404190063, 0.008061500266194344]",False,YETERSİZ VERİ,RET,True,False,301.9250000070315,"{""K1_input_and_readiness"": 0.05059999239165336, ""K7_context"": 0.0012999953469261527, ""K1_normalization"": 0.020499996026046574, ""K6_advisory"": 10.883599999942817, ""K1_intent"": 0.044200001866556704, ""K2_retrieval"": 161.3467999995919, ""K3_reranker"": 93.62630000396166, ""K8_weighted_ranking"": 1.418500003637746, ""K3_candidate_filters"": 6.125100000645034, ""K9_advisory_consensus"": 0.00689999433234334, ""K4_nli_and_bypass_check"": 24.51190000283532, ""K5_decision"": 0.15249999705702066}",27337
FACTURK-0324,DOĞRU,"[1701, 11923, 1620, 20305, 24782, 12437, 27196, 14870, 27696, 801, 15972, 18332, 5535, 19258, 19176, 24507, 1284, 3959, 11776, 15787]","[0.005119676236063242, 6.502816540887579e-05, 0.00079783343244344, 0.003579642390832305, 0.014281935058534145, 0.00013238185783848166, 0.002034817123785615, 0.00021485926117748022, 0.001483718864619732, 0.13117322325706482, 9.610241977497935e-05, 0.0005976693937554955, 0.00026738259475678205, 2.7535690605873242e-05, 0.010408313944935799, 1.6061610949691385e-05, 2.566613329690881e-05, 4.400118632474914e-05, 0.012920473702251911, 1.8777873265207745e-05]","[0.0008163184393197298, 0.9986698627471924, 0.0005138409906066954]","[0.0008163184393197298, 0.9986698627471924, 0.0005138409906066954]",False,YETERSİZ VERİ,RET,True,False,750.799300003564,"{""K1_input_and_readiness"": 0.06620000931434333, ""K7_context"": 0.0015999976312741637, ""K1_normalization"": 0.01060000795405358, ""K6_advisory"": 12.224299993249588, ""K1_intent"": 0.038300000596791506, ""K2_retrieval"": 153.52530000382103, ""K3_reranker"": 77.39659999788273, ""K8_weighted_ranking"": 1.2344999995548278, ""K3_candidate_filters"": 6.111099995905533, ""K9_advisory_consensus"": 0.006200003554113209, ""K4_nli_and_bypass_check"": 226.8328000063775, ""K5_decision"": 270.13679999799933}",24782
FACTURK-0325,YALAN,"[23815, 23846, 24551, 9436, 8193, 5782, 4454, 21231, 6751, 25313, 6598, 8414, 13507, 8944, 13966, 12486, 8269, 12570, 14622, 14982]","[0.00021824207215104252, 9.028038039105013e-05, 0.00214894930832088, 0.0014895173953846097, 0.00012243441597092897, 8.614650869276375e-05, 0.00025514140725135803, 2.4876489987946115e-05, 0.0013250223128125072, 0.034100424498319626, 0.012007349170744419, 0.02456308901309967, 0.0022606407292187214, 5.605828482657671e-05, 0.007232763804495335, 0.07107366621494293, 9.098840382648632e-05, 0.0029810327105224133, 1.7640199075685814e-05, 2.1444948288262822e-05]","[0.015246839262545109, 0.981823205947876, 0.0029298700392246246]","[0.015246839262545109, 0.981823205947876, 0.0029298700392246246]",False,YETERSİZ VERİ,RET,True,False,536.913200005074,"{""K1_input_and_readiness"": 0.05370000144466758, ""K7_context"": 0.001200009137392044, ""K1_normalization"": 0.017000013031065464, ""K6_advisory"": 10.111700001289137, ""K1_intent"": 0.030100010917522013, ""K2_retrieval"": 145.39600000716746, ""K3_reranker"": 66.61299998813774, ""K8_weighted_ranking"": 1.2683000095421448, ""K3_candidate_filters"": 8.044000001973473, ""K9_advisory_consensus"": 0.010100004146806896, ""K4_nli_and_bypass_check"": 177.6609000080498, ""K5_decision"": 124.12020000920165}",12486
FACTURK-0326,YALAN,"[23950, 15240, 28228, 29494, 24411, 2846, 5125, 29928, 7087, 2653, 4843, 13711, 28429, 16851, 16773, 7372, 10874, 11973, 24389, 5860]","[0.6772605776786804, 0.6363531351089478, 0.7213507294654846, 0.3262714147567749, 0.016979992389678955, 0.12907303869724274, 0.20769643783569336, 0.01353214867413044, 0.156491219997406, 0.37547746300697327, 0.07935289293527603, 0.5820753574371338, 0.1291828602552414, 0.27212125062942505, 0.8297680616378784, 0.8987665772438049, 0.346762478351593, 0.715225100517273, 0.5357967615127563, 0.45925799012184143]","[0.0005935197696089745, 0.9963478446006775, 0.0030586193315684795]","[0.0005935197696089745, 0.9963478446006775, 0.0030586193315684795]",False,YETERSİZ VERİ,RET,True,False,440.42349999654107,"{""K1_input_and_readiness"": 0.048300003982149065, ""K7_context"": 0.001300009898841381, ""K1_normalization"": 0.008100003469735384, ""K6_advisory"": 11.4507000107551, ""K1_intent"": 0.031499992473982275, ""K2_retrieval"": 128.5613999934867, ""K3_reranker"": 117.45960000553168, ""K8_weighted_ranking"": 1.6275000089081004, ""K3_candidate_filters"": 6.724599996232428, ""K9_advisory_consensus"": 0.007499998901039362, ""K4_nli_and_bypass_check"": 99.8472000064794, ""K5_decision"": 71.5426000097068}",7372
FACTURK-0327,YALAN,"[11779, 4239, 26572, 15946, 5650, 19793, 26524, 16554, 25113, 21016, 27595, 16591, 24912, 8792, 3985, 8477, 1293, 8350, 3941, 26263]","[0.01578456163406372, 0.0006214630557224154, 0.0003225071995984763, 4.985958003089763e-05, 0.1318424493074417, 7.602479308843613e-05, 0.0007854739669710398, 0.004810982849448919, 0.008187909610569477, 1.6314539607265033e-05, 1.6187581422855146e-05, 0.9463988542556763, 2.8632557587116025e-05, 0.0015307451831176877, 7.543320680269971e-05, 1.67014204635052e-05, 0.03228325769305229, 5.518923353520222e-05, 1.6442494597868063e-05, 0.025035424157977104]","[0.0005683514173142612, 0.9805460572242737, 0.018885653465986252]","[0.0005683514173142612, 0.9805460572242737, 0.018885653465986252]",False,YETERSİZ VERİ,RET,True,False,337.17759999854024,"{""K1_input_and_readiness"": 0.06289999873843044, ""K7_context"": 0.0012999953469261527, ""K1_normalization"": 0.013700002455152571, ""K6_advisory"": 10.01420000102371, ""K1_intent"": 0.03709999145939946, ""K2_retrieval"": 198.27959999383893, ""K3_reranker"": 88.05710000160616, ""K8_weighted_ranking"": 1.2414000084390864, ""K3_candidate_filters"": 6.658100013737567, ""K9_advisory_consensus"": 0.00829999044071883, ""K4_nli_and_bypass_check"": 29.186800005845726, ""K5_decision"": 0.18170000112149864}",16591
FACTURK-0328,DOĞRU,"[8507, 27785, 7120, 3423, 16322, 23547, 2506, 14748, 14084, 10, 12397, 18318, 22396, 4527, 8763, 24450, 5365, 11718, 9148, 20989]","[9.461262379772961e-05, 0.0002982776495628059, 0.044680867344141006, 0.052618950605392456, 0.0006142272031866014, 0.01342825498431921, 2.1278065105434507e-05, 0.00046190584544092417, 0.003960787784308195, 0.0696682333946228, 0.0011116681853309274, 0.0008796061738394201, 0.0015487611526623368, 0.0001476803736295551, 2.2827996872365475e-05, 0.0003814711526501924, 8.750300185056403e-05, 1.6061610949691385e-05, 2.908344322349876e-05, 0.008813166059553623]","[0.0013538372004404664, 0.9967554211616516, 0.00189066247548908]","[0.0013538372004404664, 0.9967554211616516, 0.00189066247548908]",False,YETERSİZ VERİ,RET,True,False,283.99070000159554,"{""K1_input_and_readiness"": 0.05319999763742089, ""K7_context"": 0.0014999968698248267, ""K1_normalization"": 0.010899995686486363, ""K6_advisory"": 13.133899992681108, ""K1_intent"": 0.035500008380040526, ""K2_retrieval"": 146.80290000978857, ""K3_reranker"": 81.57340000616387, ""K8_weighted_ranking"": 1.102299997000955, ""K3_candidate_filters"": 6.241299997782335, ""K9_advisory_consensus"": 0.008100003469735384, ""K4_nli_and_bypass_check"": 30.264799992437474, ""K5_decision"": 0.2469000028213486}",20989
FACTURK-0329,DOĞRU,"[3426, 18953, 30136, 5153, 24924, 1893, 11809, 17520, 5267, 414, 3589, 20519, 11309, 17416, 19969, 27569, 23436, 23892, 635, 18236]","[1.7640199075685814e-05, 0.001573112211190164, 0.0008072304772213101, 1.6314539607265033e-05, 4.683888619183563e-05, 0.0003225071995984763, 9.028038039105013e-05, 8.415108459303156e-05, 0.0025016965810209513, 1.657145367062185e-05, 0.0003920417802873999, 0.0002131875662598759, 0.0001713081874186173, 5.104190859128721e-05, 3.024195939360652e-05, 3.8229114579735324e-05, 3.2955729693640023e-05, 4.7206227463902906e-05, 0.0003640086797531694, 5.391084778239019e-05]","[0.0005798200727440417, 0.9983804225921631, 0.001039715250954032]","[0.0005798200727440417, 0.9983804225921631, 0.001039715250954032]",False,YETERSİZ VERİ,RET,True,False,256.8290000053821,"{""K1_input_and_readiness"": 0.06230000872164965, ""K7_context"": 0.0020000006770715117, ""K1_normalization"": 0.011500000255182385, ""K6_advisory"": 13.28470000589732, ""K1_intent"": 0.043099993490614, ""K2_retrieval"": 145.66480000212323, ""K3_reranker"": 65.19389999448322, ""K8_weighted_ranking"": 1.1002000101143494, ""K3_candidate_filters"": 5.560200006584637, ""K9_advisory_consensus"": 0.006700007361359894, ""K4_nli_and_bypass_check"": 22.594099995330907, ""K5_decision"": 0.1117999927373603}",18953
FACTURK-0330,YALAN,"[1893, 17520, 24924, 18953, 17416, 23892, 18236, 1513, 7925, 30126, 15089, 6618, 7143, 21657, 11809, 19626, 11309, 7885, 18175, 23505]","[0.006217078305780888, 0.002934951800853014, 0.002822832902893424, 0.013480102643370628, 0.00027372167096473277, 0.0007885457598604262, 0.0022170129232108593, 0.0017821963410824537, 0.000414069538237527, 0.017576882615685463, 0.004198795650154352, 0.003123648464679718, 0.001220795209519565, 0.0002780309587251395, 0.013480102643370628, 0.0063635739497840405, 0.0007041515782475471, 0.0016613906482234597, 0.0002611903182696551, 4.683888619183563e-05]","[0.00011366343824192882, 0.9997624754905701, 0.00012386339949443936]","[0.00011366343824192882, 0.9997624754905701, 0.00012386339949443936]",False,YALAN,RED,False,False,249.71430000732653,"{""K1_input_and_readiness"": 0.03640000068116933, ""K7_context"": 0.001200009137392044, ""K1_normalization"": 0.00790000194683671, ""K6_advisory"": 10.384799999883398, ""K1_intent"": 0.028599999495781958, ""K2_retrieval"": 139.7296999930404, ""K3_reranker"": 66.9625000009546, ""K8_weighted_ranking"": 1.0627000010572374, ""K3_candidate_filters"": 5.66120000439696, ""K9_advisory_consensus"": 0.005900001269765198, ""K4_nli_and_bypass_check"": 22.054700006265193, ""K5_decision"": 0.3265999985160306}",30126
FACTURK-0331,DOĞRU,"[10638, 24945, 20881, 16362, 12375, 20471, 21000, 20651, 13016, 1670, 15240, 8611, 972, 10508, 4093, 1287, 27629, 12104, 27617, 15302]","[0.07263670116662979, 0.00020988310279790312, 0.0011832797899842262, 0.000638679601252079, 0.169956237077713, 0.00025514140725135803, 0.01930808648467064, 0.0002434604539303109, 0.005576545372605324, 0.0001097509084502235, 0.0005884087877348065, 0.0008864988922141492, 8.614650869276375e-05, 2.710879925871268e-05, 0.0003569706459529698, 0.001094452221877873, 0.00017813112935982645, 0.004681822378188372, 0.00010554686014074832, 1.6061610949691385e-05]","[0.37551236152648926, 0.5848799347877502, 0.039607711136341095]","[0.37551236152648926, 0.5848799347877502, 0.039607711136341095]",False,YALAN,UYARI,False,False,714.078499993775,"{""K1_input_and_readiness"": 0.0644000101601705, ""K7_context"": 0.0015999976312741637, ""K1_normalization"": 0.010599993402138352, ""K6_advisory"": 11.915999988559633, ""K1_intent"": 0.04470000567380339, ""K2_retrieval"": 146.60239999648184, ""K3_reranker"": 69.42340001114644, ""K8_weighted_ranking"": 1.153000004705973, ""K3_candidate_filters"": 5.603600002359599, ""K9_advisory_consensus"": 0.007499998901039362, ""K4_nli_and_bypass_check"": 243.73600000399165, ""K5_decision"": 231.26859999320004}",12104
FACTURK-0332,YALAN,"[20941, 7970, 30229, 9269, 11736, 20168, 19344, 668, 15188, 1455, 18249, 5787, 13340, 25967, 8125, 5009, 14191, 16474, 22080, 8599]","[0.00016346470511052758, 0.005220125429332256, 2.566613329690881e-05, 3.4537253668531775e-05, 0.00040290519245900214, 5.391084778239019e-05, 3.095910506090149e-05, 5.738759500673041e-05, 0.0011604196624830365, 2.265035072923638e-05, 0.0002824080875143409, 0.0009927261853590608, 8.888084994396195e-05, 0.0009004466701298952, 0.0002234163403045386, 0.0003799845289904624, 0.0009735437924973667, 1.67014204635052e-05, 9.915272676153108e-05, 1.67014204635052e-05]","[0.0015880975406616926, 0.9788368344306946, 0.019575046375393867]","[0.0015880975406616926, 0.9788368344306946, 0.019575046375393867]",False,YALAN,RED,False,False,536.9006999972044,"{""K1_input_and_readiness"": 0.05429999146144837, ""K7_context"": 0.0015999976312741637, ""K1_normalization"": 0.00960000033956021, ""K6_advisory"": 11.318099990603514, ""K1_intent"": 0.03020001167897135, ""K2_retrieval"": 130.30109999817796, ""K3_reranker"": 50.03349999606144, ""K8_weighted_ranking"": 1.2848000042140484, ""K3_candidate_filters"": 5.952000006800517, ""K9_advisory_consensus"": 0.009499999578110874, ""K4_nli_and_bypass_check"": 174.6971999964444, ""K5_decision"": 159.83969999069814}",5787
FACTURK-0333,YALAN,"[29419, 5024, 1275, 24866, 13407, 15688, 10194, 12034, 9821, 4815, 13549, 9918, 10887, 25825, 27567, 20479, 15001, 24106, 24171, 11211]","[0.00043393249507062137, 0.00017952796770259738, 4.575391358230263e-05, 0.01815951056778431, 2.7969301299890503e-05, 0.0009181900531984866, 0.0007613258203491569, 0.00042887922609224916, 0.00851130299270153, 0.002082970691844821, 0.0017342078499495983, 1.6061610949691385e-05, 0.00019716942915692925, 0.015130727551877499, 2.818866414600052e-05, 2.5466406441410072e-05, 0.0030278346966952085, 0.0002269338583573699, 1.67014204635052e-05, 0.003635808825492859]","[0.0017011428717523813, 0.9965977072715759, 0.0017011428717523813]","[0.0017011428717523813, 0.9965977072715759, 0.0017011428717523813]",False,YETERSİZ VERİ,RET,True,False,341.1652999930084,"{""K1_input_and_readiness"": 0.04700000863522291, ""K7_context"": 0.001300009898841381, ""K1_normalization"": 0.009799987310543656, ""K6_advisory"": 15.06800000788644, ""K1_intent"": 0.03229999856557697, ""K2_retrieval"": 136.68679998954758, ""K3_reranker"": 147.60399999795482, ""K8_weighted_ranking"": 1.4830000000074506, ""K3_candidate_filters"": 6.704500003252178, ""K9_advisory_consensus"": 0.007800001185387373, ""K4_nli_and_bypass_check"": 29.683699991437607, ""K5_decision"": 0.3370999911567196}",20479
FACTURK-0334,DOĞRU,"[9321, 19685, 28084, 23856, 6580, 7904, 3994, 5498, 6437, 29814, 3213, 20607, 14698, 684, 4373, 28272, 21390, 10709, 1571, 18098]","[1.6187581422855146e-05, 0.9949788451194763, 1.6187581422855146e-05, 1.6314539607265033e-05, 0.00019411319226492196, 0.005220125429332256, 1.6187581422855146e-05, 0.00018961740715894848, 2.3007036361377686e-05, 1.6442494597868063e-05, 0.0009850083151832223, 1.6061610949691385e-05, 8.614650869276375e-05, 6.402006692951545e-05, 0.0029810327105224133, 0.0004092474700883031, 2.265035072923638e-05, 1.9988918211311102e-05, 0.0007672924548387527, 1.6314539607265033e-05]","[0.0005131067591719329, 0.0022441225592046976, 0.99724280834198]","[0.0005131067591719329, 0.0022441225592046976, 0.99724280834198]",False,DOĞRU,ONAY,False,False,452.6579999946989,"{""K1_input_and_readiness"": 0.04539999645203352, ""K7_context"": 0.001300009898841381, ""K1_normalization"": 0.008000002708286047, ""K6_advisory"": 12.450800000806339, ""K1_intent"": 0.034199998481199145, ""K2_retrieval"": 143.29089999955613, ""K3_reranker"": 84.03959999850485, ""K8_weighted_ranking"": 2.213400002801791, ""K3_candidate_filters"": 9.860600010142662, ""K9_advisory_consensus"": 0.024200009647756815, ""K4_nli_and_bypass_check"": 116.93620000733063, ""K5_decision"": 79.3794000055641}",19685
FACTURK-0335,YALAN,"[1266, 7796, 23359, 2229, 1350, 12967, 11045, 5049, 26900, 11176, 18149, 12056, 4871, 24615, 22524, 23324, 23177, 10708, 26541, 11409]","[0.00048029719619080424, 0.014728614129126072, 0.00013552077871281654, 2.526822754589375e-05, 0.0009399438858963549, 0.007785655092447996, 0.005842605605721474, 0.0001699752756394446, 0.0002824080875143409, 1.7231572201126255e-05, 4.832564081880264e-05, 3.619466951931827e-05, 0.00035281325108371675, 0.000503335555549711, 7.843789353501052e-05, 4.2647468944778666e-05, 0.0037072531413286924, 0.00013552077871281654, 0.0013458604225888848, 0.0002591582597233355]","[0.3858412206172943, 0.6123720407485962, 0.001786799286492169]","[0.3858412206172943, 0.6123720407485962, 0.001786799286492169]",False,YALAN,RED,False,False,349.0994000021601,"{""K1_input_and_readiness"": 0.07320000440813601, ""K7_context"": 0.0020000006770715117, ""K1_normalization"": 0.01619999238755554, ""K6_advisory"": 14.952500001527369, ""K1_intent"": 0.04410000110510737, ""K2_retrieval"": 231.52460000710562, ""K3_reranker"": 67.16750000487082, ""K8_weighted_ranking"": 1.0402000043541193, ""K3_candidate_filters"": 6.070699993870221, ""K9_advisory_consensus"": 0.008300004992634058, ""K4_nli_and_bypass_check"": 24.282500002300367, ""K5_decision"": 0.2921999985119328}",11409
FACTURK-0336,DOĞRU,"[19541, 23436, 16695, 29892, 23011, 4827, 27262, 15386, 6075, 28493, 10116, 29164, 1033, 13512, 13036, 12974, 11555, 18992, 10950, 25865]","[0.0022343622986227274, 0.00012632041762117296, 0.0020667945500463247, 0.000317508791340515, 0.0002959570847451687, 0.0002131875662598759, 2.7751651941798627e-05, 5.0644717703107744e-05, 0.0002434604539303109, 6.922183820279315e-05, 0.004264635033905506, 0.000487857119878754, 0.013070784509181976, 2.265035072923638e-05, 6.868317723274231e-05, 0.009303949773311615, 2.229919846286066e-05, 0.007876706309616566, 8.818923379294574e-05, 2.195349043176975e-05]","[0.9917702674865723, 0.00795117486268282, 0.00027852627681568265]","[0.9917702674865723, 0.00795117486268282, 0.00027852627681568265]",False,DOĞRU,ONAY,False,False,232.9942999931518,"{""K1_input_and_readiness"": 0.05029999010730535, ""K7_context"": 0.0012999953469261527, ""K1_normalization"": 0.010000003385357559, ""K6_advisory"": 12.398799997754395, ""K1_intent"": 0.03700000524986535, ""K2_retrieval"": 128.96589998854324, ""K3_reranker"": 50.14629999641329, ""K8_weighted_ranking"": 1.0993000032613054, ""K3_candidate_filters"": 5.800400002044626, ""K9_advisory_consensus"": 0.007299997378140688, ""K4_nli_and_bypass_check"": 30.593699993914925, ""K5_decision"": 0.3304000128991902}",18992
FACTURK-0337,YALAN,"[14578, 19726, 4788, 12212, 26280, 6025, 28207, 27543, 22471, 9491, 5292, 19132, 28161, 14516, 27764, 17784, 9482, 13252, 7827, 8368]","[0.9965969920158386, 0.023330770432949066, 0.0038244836032390594, 0.003635808825492859, 0.001192549243569374, 0.0001699752756394446, 0.0017683517653495073, 0.002757622394710779, 0.00046917638974264264, 0.0010608151787891984, 0.00018093574908562005, 0.003869391046464443, 0.0037507887464016676, 0.9784671068191528, 0.0016484829830005765, 0.005021149758249521, 0.012527932412922382, 0.0053640566766262054, 0.00042887922609224916, 0.000706905557308346]",null,"[0.0, 0.0, 1.0]",True,YALAN,UYARI,False,False,233.17570000654086,"{""K1_input_and_readiness"": 0.03979999746661633, ""K7_context"": 0.0014999968698248267, ""K1_normalization"": 0.008100003469735384, ""K6_advisory"": 18.18499999353662, ""K1_intent"": 0.032199997804127634, ""K2_retrieval"": 111.80820000299718, ""K3_reranker"": 90.43340000789613, ""K8_weighted_ranking"": 1.4669999945908785, ""K3_candidate_filters"": 6.513000000268221, ""K9_advisory_consensus"": 0.007800001185387373, ""K4_nli_and_bypass_check"": 0.27550000231713057, ""K5_decision"": 0.2860999957192689}",14578
FACTURK-0338,YALAN,"[15787, 8685, 1701, 19258, 2858, 23508, 8347, 25598, 26662, 13541, 27894, 487, 9150, 18978, 25225, 15473, 1640, 23826, 694, 23372]","[0.0009927261853590608, 0.02655657008290291, 0.08913693577051163, 0.0035243413876742125, 8.092757343547419e-05, 0.005040702875703573, 0.20465964078903198, 0.0001823546044761315, 1.9073577277595177e-05, 0.0012545944191515446, 0.0002611903182696551, 0.0003406293108128011, 0.007815888151526451, 1.6061610949691385e-05, 0.0002959570847451687, 1.922317096614279e-05, 0.0009888596832752228, 0.000437334441812709, 0.0007264875457622111, 3.144662332488224e-05]","[0.9289456009864807, 0.07016139477491379, 0.0008929582545533776]","[0.9289456009864807, 0.07016139477491379, 0.0008929582545533776]",False,DOĞRU,ONAY,False,False,240.5840999999782,"{""K1_input_and_readiness"": 0.05800000508315861, ""K7_context"": 0.0013999961083754897, ""K1_normalization"": 0.010000003385357559, ""K6_advisory"": 11.447099997894838, ""K1_intent"": 0.030700000934302807, ""K2_retrieval"": 133.11650000105146, ""K3_reranker"": 57.839799992507324, ""K8_weighted_ranking"": 1.2816999951610342, ""K3_candidate_filters"": 6.46950000373181, ""K9_advisory_consensus"": 0.007800001185387373, ""K4_nli_and_bypass_check"": 26.557300006970763, ""K5_decision"": 0.324200009345077}",8347
FACTURK-0339,DOĞRU,"[25515, 26958, 2732, 29106, 635, 22854, 23344, 10248, 15972, 24849, 28795, 23512, 4182, 9120, 17711, 25041, 28222, 24390, 3912, 10101]","[0.0040543340146541595, 0.011201213113963604, 0.00013765462790615857, 0.00010554686014074832, 0.059866417199373245, 0.0004205874283798039, 0.00025514140725135803, 0.0008559006964787841, 3.2955729693640023e-05, 0.0009217804181389511, 0.0026522595435380936, 0.00011591933434829116, 0.03635666146874428, 7.086326513672248e-05, 0.0014437558129429817, 0.00010229986219201237, 0.005469274241477251, 1.7097478121286258e-05, 1.7917987861437723e-05, 0.006003595422953367]","[0.00016698006947990507, 0.9996296167373657, 0.00020339300681371242]","[0.00016698006947990507, 0.9996296167373657, 0.00020339300681371242]",False,YALAN,UYARI,False,False,1175.260200005141,"{""K1_input_and_readiness"": 0.069500005338341, ""K7_context"": 0.0012999953469261527, ""K1_normalization"": 0.014399993233382702, ""K6_advisory"": 11.985300006926991, ""K1_intent"": 0.039099992136470973, ""K2_retrieval"": 205.97409999754746, ""K3_reranker"": 83.36109999800101, ""K8_weighted_ranking"": 1.3380000018514693, ""K3_candidate_filters"": 6.867999996757135, ""K9_advisory_consensus"": 0.008000002708286047, ""K4_nli_and_bypass_check"": 449.0263000043342, ""K5_decision"": 412.450899995747}",635
FACTURK-0340,YALAN,"[6352, 21095, 20927, 27913, 12551, 5962, 24737, 11498, 20460, 7324, 23842, 7185, 25736, 9980, 10518, 16658, 27977, 12063, 9719, 22428]","[0.0015916259726509452, 0.00018814207578543574, 0.0007208379684016109, 2.2827996872365475e-05, 0.00851130299270153, 0.00854433048516512, 5.0644717703107744e-05, 0.00010472556459717453, 0.008711384609341621, 1.6187581422855146e-05, 0.0005636750720441341, 4.985958003089763e-05, 5.2662067901110277e-05, 1.6187581422855146e-05, 0.0005072812782600522, 1.6187581422855146e-05, 1.593661909282673e-05, 8.957788668340072e-05, 0.0002269338583573699, 1.6314539607265033e-05]","[0.0003293826011940837, 0.9992877840995789, 0.00038283749017864466]","[0.0003293826011940837, 0.9992877840995789, 0.00038283749017864466]",False,YETERSİZ VERİ,RET,True,False,397.8116000071168,"{""K1_input_and_readiness"": 0.045500011765398085, ""K7_context"": 0.001400010660290718, ""K1_normalization"": 0.008800008799880743, ""K6_advisory"": 10.572799990768544, ""K1_intent"": 0.0261999957729131, ""K2_retrieval"": 118.89909999445081, ""K3_reranker"": 79.77399999799673, ""K8_weighted_ranking"": 1.5096999995876104, ""K3_candidate_filters"": 7.608300002175383, ""K9_advisory_consensus"": 0.01069999416358769, ""K4_nli_and_bypass_check"": 107.63470000529196, ""K5_decision"": 68.38940001034644}",23842
FACTURK-0341,DOĞRU,"[25331, 27647, 6564, 25597, 16260, 13941, 12442, 14253, 15134, 2959, 8360, 27563, 28901, 3699, 5499, 18616, 9169, 11431, 19125, 11102]","[1.6187581422855146e-05, 1.6442494597868063e-05, 3.8229114579735324e-05, 6.014152313582599e-05, 1.6314539607265033e-05, 1.67014204635052e-05, 1.6442494597868063e-05, 1.657145367062185e-05, 0.00013135180051904172, 0.002140589291229844, 1.6314539607265033e-05, 1.7097478121286258e-05, 1.6061610949691385e-05, 1.6061610949691385e-05, 1.6314539607265033e-05, 5.433364276541397e-05, 1.6061610949691385e-05, 1.6187581422855146e-05, 1.9073577277595177e-05, 1.6187581422855146e-05]","[0.10918650776147842, 0.856515109539032, 0.03429839387536049]","[0.10918650776147842, 0.856515109539032, 0.03429839387536049]",False,YETERSİZ VERİ,RET,True,False,523.6729999887757,"{""K1_input_and_readiness"": 0.04359999729786068, ""K7_context"": 0.0018999999156221747, ""K1_normalization"": 0.00859999272506684, ""K6_advisory"": 11.862700004712678, ""K1_intent"": 0.029800008633174002, ""K2_retrieval"": 138.47350000287406, ""K3_reranker"": 58.571500005200505, ""K8_weighted_ranking"": 1.0765000042738393, ""K3_candidate_filters"": 5.874299997230992, ""K9_advisory_consensus"": 0.007499998901039362, ""K4_nli_and_bypass_check"": 150.36440000403672, ""K5_decision"": 153.5005000041565}",2959
FACTURK-0342,YALAN,"[19999, 12395, 13938, 891, 25375, 25883, 5498, 15463, 12458, 6580, 18703, 14698, 684, 21390, 27369, 8694, 22219, 11863, 7904, 15328]","[0.8778960704803467, 0.10800065845251083, 7.662102143513039e-05, 0.00022167809947859496, 2.93115390377352e-05, 0.0005463420529849827, 0.00011147904297104105, 3.244481558795087e-05, 2.0785171727766283e-05, 0.00036829791497439146, 0.00026530236937105656, 4.757645365316421e-05, 0.00040765260928310454, 2.318747829122003e-05, 1.6061610949691385e-05, 1.6187581422855146e-05, 1.657145367062185e-05, 1.6314539607265033e-05, 2.9541422918555327e-05, 1.6187581422855146e-05]","[0.9852432012557983, 0.013292825780808926, 0.0014639960136264563]","[0.9852432012557983, 0.013292825780808926, 0.0014639960136264563]",False,YETERSİZ VERİ,KISMI,True,False,487.2067000105744,"{""K1_input_and_readiness"": 0.0501000031363219, ""K7_context"": 0.0014999968698248267, ""K1_normalization"": 0.009000010322779417, ""K6_advisory"": 13.886800006730482, ""K1_intent"": 0.03340000694151968, ""K2_retrieval"": 140.44500001182314, ""K3_reranker"": 81.23239999986254, ""K8_weighted_ranking"": 1.0388000082457438, ""K3_candidate_filters"": 6.078200007323176, ""K9_advisory_consensus"": 0.007599999662488699, ""K4_nli_and_bypass_check"": 141.7321000044467, ""K5_decision"": 99.14550000394229}",19999
FACTURK-0343,YALAN,"[8892, 12611, 9130, 13036, 28456, 4231, 24475, 6270, 15737, 7867, 17554, 8778, 22454, 18527, 22836, 608, 20025, 14907, 13320, 8819]","[0.006666931323707104, 0.2045007199048996, 0.0001673405058681965, 0.17286890745162964, 0.000437334441812709, 0.08151976019144058, 0.10052486509084702, 0.003991728648543358, 0.01784873753786087, 0.14990432560443878, 0.5068355202674866, 0.06052938848733902, 0.009670992381870747, 0.004943688865751028, 0.030271869152784348, 0.003510648850351572, 0.005021149758249521, 0.0018102108733728528, 0.00020662980386987329, 3.4537253668531775e-05]","[0.008422219194471836, 0.9897722601890564, 0.0018054940737783909]","[0.008422219194471836, 0.9897722601890564, 0.0018054940737783909]",False,YETERSİZ VERİ,RET,True,False,640.0563000061084,"{""K1_input_and_readiness"": 0.051399998483248055, ""K7_context"": 0.0010999938240274787, ""K1_normalization"": 0.008999995770864189, ""K6_advisory"": 10.093800010508858, ""K1_intent"": 0.030499999411404133, ""K2_retrieval"": 137.7005999966059, ""K3_reranker"": 79.84290001331829, ""K8_weighted_ranking"": 1.1722000053850934, ""K3_candidate_filters"": 6.077599988202564, ""K9_advisory_consensus"": 0.007199996616691351, ""K4_nli_and_bypass_check"": 208.92279999679886, ""K5_decision"": 192.85820001096}",8778
FACTURK-0344,DOĞRU,"[21953, 16603, 30295, 6364, 2561, 7708, 22341, 15083, 18759, 29498, 15139, 13651, 25721, 22760, 9565, 24271, 9920, 14770, 1270, 26790]","[0.9997507929801941, 3.1201914680423215e-05, 0.027066174894571304, 1.6187581422855146e-05, 0.0009075025445781648, 0.0005658799782395363, 0.002736221067607403, 2.161314114346169e-05, 1.9373936083866283e-05, 1.6187581422855146e-05, 1.6061610949691385e-05, 1.6187581422855146e-05, 0.030444350093603134, 1.6061610949691385e-05, 0.023153411224484444, 1.6187581422855146e-05, 1.6187581422855146e-05, 0.03079216741025448, 1.6314539607265033e-05, 1.922317096614279e-05]","[0.002145465463399887, 0.003565017832443118, 0.9942895174026489]","[0.002145465463399887, 0.003565017832443118, 0.9942895174026489]",False,YALAN,RED,False,False,436.17829999129754,"{""K1_input_and_readiness"": 0.056500008213333786, ""K7_context"": 0.0012999953469261527, ""K1_normalization"": 0.011399999493733048, ""K6_advisory"": 9.879899997031316, ""K1_intent"": 0.03220001235604286, ""K2_retrieval"": 174.66119999880902, ""K3_reranker"": 142.50230000470765, ""K8_weighted_ranking"": 1.2486000050557777, ""K3_candidate_filters"": 6.916600003023632, ""K9_advisory_consensus"": 0.008200004231184721, ""K4_nli_and_bypass_check"": 59.78169999434613, ""K5_decision"": 37.23010000248905}",21953
FACTURK-0345,DOĞRU,"[16807, 9421, 28848, 24421, 16665, 22067, 4710, 10335, 10774, 13963, 11250, 23026, 18643, 27949, 26930, 26255, 20911, 13192, 19074, 4659]","[0.2091464400291443, 0.00457386439666152, 0.00016346470511052758, 0.0004092474700883031, 0.000638679601252079, 9.242113446816802e-05, 0.16749083995819092, 0.010368157178163528, 0.002378123812377453, 0.000192602863535285, 0.0006693099858239293, 0.0015070488443598151, 0.0015548133524134755, 0.004848532844334841, 0.009161027148365974, 0.001622967072762549, 0.0014550630003213882, 0.0005549409543164074, 0.0002824080875143409, 7.9673009167891e-05]","[0.9757682085037231, 0.023598406463861465, 0.0006334218778647482]","[0.9757682085037231, 0.023598406463861465, 0.0006334218778647482]",False,DOĞRU,ONAY,False,False,854.2824000032851,"{""K1_input_and_readiness"": 0.06400000711437315, ""K7_context"": 0.001400010660290718, ""K1_normalization"": 0.011999989510513842, ""K6_advisory"": 14.433999996981584, ""K1_intent"": 0.0568000104976818, ""K2_retrieval"": 176.95399999502115, ""K3_reranker"": 92.11329999379814, ""K8_weighted_ranking"": 1.0556000052019954, ""K3_candidate_filters"": 5.496600002516061, ""K9_advisory_consensus"": 0.006999995093792677, ""K4_nli_and_bypass_check"": 293.49279998859856, ""K5_decision"": 266.4344999939203}",4710
FACTURK-0346,YALAN,"[3246, 17883, 13582, 11555, 3327, 21071, 25464, 9796, 3557, 10774, 22245, 29557, 27079, 12522, 9474, 20336, 4225, 14201, 13160, 2683]","[0.9698426127433777, 0.0016549242427572608, 1.6442494597868063e-05, 0.004451041109859943, 7.602479308843613e-05, 0.0024343819823116064, 0.003991728648543358, 1.6061610949691385e-05, 1.6061610949691385e-05, 6.0613183450186625e-05, 1.892514956125524e-05, 3.734356869244948e-05, 6.60521473037079e-05, 1.8631746570463292e-05, 1.7097478121286258e-05, 1.7231572201126255e-05, 0.000682501879055053, 0.0009966077050194144, 1.6314539607265033e-05, 1.67014204635052e-05]",null,"[0.0, 0.0, 1.0]",True,YALAN,UYARI,False,False,251.0181000106968,"{""K1_input_and_readiness"": 0.07140000525396317, ""K7_context"": 0.0017999991541728377, ""K1_normalization"": 0.01170000177808106, ""K6_advisory"": 12.70479999948293, ""K1_intent"": 0.034899989259429276, ""K2_retrieval"": 139.5143999980064, ""K3_reranker"": 86.69219999865163, ""K8_weighted_ranking"": 1.1971000058110803, ""K3_candidate_filters"": 6.614899990381673, ""K9_advisory_consensus"": 0.007299997378140688, ""K4_nli_and_bypass_check"": 0.3198999911546707, ""K5_decision"": 0.3434000100241974}",3246
FACTURK-0347,DOĞRU,"[3399, 11549, 25662, 25108, 635, 23709, 18619, 8196, 26227, 25228, 8602, 19933, 26004, 26851, 23836, 25811, 12217, 5098, 24217, 14012]","[0.001622967072762549, 0.00041731575038284063, 1.6442494597868063e-05, 6.402006692951545e-05, 0.002934951800853014, 1.6187581422855146e-05, 0.00015236754552461207, 1.805851934477687e-05, 5.144220995134674e-05, 1.967902426258661e-05, 0.0019192374311387539, 1.6442494597868063e-05, 1.6442494597868063e-05, 0.002736221067607403, 1.8777873265207745e-05, 5.605828482657671e-05, 8.284655632451177e-05, 3.2955729693640023e-05, 0.000552778656128794, 9.461262379772961e-05]","[0.007531572598963976, 0.9903021454811096, 0.002166277263313532]","[0.007531572598963976, 0.9903021454811096, 0.002166277263313532]",False,YALAN,UYARI,False,False,369.25699999846984,"{""K1_input_and_readiness"": 0.07349999214056879, ""K7_context"": 0.0012999953469261527, ""K1_normalization"": 0.011900003300979733, ""K6_advisory"": 11.37209999433253, ""K1_intent"": 0.03979999746661633, ""K2_retrieval"": 200.3497999976389, ""K3_reranker"": 95.38069998961873, ""K8_weighted_ranking"": 1.8564999918453395, ""K3_candidate_filters"": 15.816999992239289, ""K9_advisory_consensus"": 0.009900002623908222, ""K4_nli_and_bypass_check"": 40.01179999613669, ""K5_decision"": 0.23839999630581588}",635
FACTURK-0348,DOĞRU,"[17587, 2273, 24955, 9120, 24615, 10072, 7423, 29403, 22337, 28640, 12277, 5087, 14597, 296, 28959, 19484, 18297, 19857, 11058, 13492]","[0.01901443488895893, 0.0005506247980520129, 2.0785171727766283e-05, 0.004038591403514147, 2.4876489987946115e-05, 6.657015910604969e-05, 0.01678548939526081, 0.027324529364705086, 7.843789353501052e-05, 0.012673736549913883, 1.8200149497715756e-05, 0.004485794343054295, 0.0003654328465927392, 3.071818719035946e-05, 3.975192521465942e-05, 0.00043393249507062137, 0.02595735713839531, 9.535461140330881e-05, 0.021165618672966957, 1.6061610949691385e-05]","[0.032057151198387146, 0.9637584090232849, 0.0041845012456178665]","[0.032057151198387146, 0.9637584090232849, 0.0041845012456178665]",False,YALAN,UYARI,False,False,1013.4103000018513,"{""K1_input_and_readiness"": 0.10379999002907425, ""K7_context"": 0.0015999976312741637, ""K1_normalization"": 0.013299999409355223, ""K6_advisory"": 19.300400002975948, ""K1_intent"": 0.069500005338341, ""K2_retrieval"": 227.91670000879094, ""K3_reranker"": 66.01260000024922, ""K8_weighted_ranking"": 1.0645000002114102, ""K3_candidate_filters"": 5.61819999711588, ""K9_advisory_consensus"": 0.007299997378140688, ""K4_nli_and_bypass_check"": 359.1288000025088, ""K5_decision"": 330.3648000000976}",29403
FACTURK-0349,DOĞRU,"[4517, 25913, 13292, 7560, 5362, 27588, 25505, 29141, 18688, 6585, 5536, 27146, 29908, 5366, 25291, 5588, 14370, 28903, 4101, 14283]","[0.18403315544128418, 0.00014202363672666252, 0.04107588902115822, 0.022586042061448097, 0.0018102108733728528, 0.02169809676706791, 5.02506154589355e-05, 0.0023413407616317272, 0.026912303641438484, 0.022457052022218704, 0.0768222063779831, 0.0003275842755101621, 0.002463006880134344, 2.4682904040673748e-05, 0.01609087362885475, 5.829126530443318e-05, 9.17019642656669e-05, 1.657145367062185e-05, 0.027066174894571304, 7.197912054834887e-05]","[0.12059139460325241, 0.871850848197937, 0.007557734847068787]","[0.12059139460325241, 0.871850848197937, 0.007557734847068787]",False,YALAN,RED,False,False,785.6247000017902,"{""K1_input_and_readiness"": 0.06809999467805028, ""K7_context"": 0.0013999961083754897, ""K1_normalization"": 0.010899995686486363, ""K6_advisory"": 13.020800004596822, ""K1_intent"": 0.0374000082956627, ""K2_retrieval"": 155.65159999823663, ""K3_reranker"": 117.1055000013439, ""K8_weighted_ranking"": 1.0957999911624938, ""K3_candidate_filters"": 5.7883999979821965, ""K9_advisory_consensus"": 0.007200011168606579, ""K4_nli_and_bypass_check"": 249.06199998804368, ""K5_decision"": 240.23670000315178}",6585
FACTURK-0350,DOĞRU,"[15473, 26662, 12499, 9169, 8213, 1782, 19156, 22906, 29518, 28404, 23372, 23087, 4761, 1769, 11546, 24842, 27974, 9159, 23895, 17245]","[0.0013045065570622683, 0.0037800956051796675, 0.00028462239424698055, 0.0006023541209287941, 0.0024438868276774883, 0.010368157178163528, 0.0041179172694683075, 0.0003406293108128011, 4.575391358230263e-05, 0.00034196203341707587, 0.0020507434383034706, 1.67014204635052e-05, 0.026155617088079453, 0.007876706309616566, 1.9833367332466878e-05, 1.683241134742275e-05, 0.0030160662718117237, 2.392351052549202e-05, 0.0001740054285619408, 0.000626334105618298]","[0.20071828365325928, 0.7249350547790527, 0.074346624314785]","[0.20071828365325928, 0.7249350547790527, 0.074346624314785]",False,YETERSİZ VERİ,RET,True,False,707.9387999983737,"{""K1_input_and_readiness"": 0.056599994422867894, ""K7_context"": 0.0014999968698248267, ""K1_normalization"": 0.010200004908256233, ""K6_advisory"": 12.695500001427718, ""K1_intent"": 0.044800006435252726, ""K2_retrieval"": 146.77600000868551, ""K3_reranker"": 70.10179999633692, ""K8_weighted_ranking"": 2.3092999908840284, ""K3_candidate_filters"": 13.315400006831624, ""K9_advisory_consensus"": 0.015099998563528061, ""K4_nli_and_bypass_check"": 257.89479998638853, ""K5_decision"": 201.0456999996677}",4761
FACTURK-0351,YALAN,"[28305, 13420, 22821, 2148, 11031, 7278, 9068, 19128, 17132, 1204, 6205, 26312, 10111, 27889, 19124, 6437, 10348, 8717, 3396, 26267]","[0.9919067621231079, 0.0013670255430042744, 0.18213440477848053, 0.0002396868512732908, 3.144662332488224e-05, 4.469407213036902e-05, 0.0027791904285550117, 1.6314539607265033e-05, 0.0017073675990104675, 0.002560870721936226, 0.00036829791497439146, 2.6480842279852368e-05, 0.000539980421308428, 0.0005930210463702679, 1.657145367062185e-05, 3.975192521465942e-05, 1.7366719475830905e-05, 0.000159678646014072, 2.229919846286066e-05, 0.0015792594058439136]","[0.9714338183403015, 0.01173713244497776, 0.01682909205555916]","[0.9714338183403015, 0.01173713244497776, 0.01682909205555916]",False,DOĞRU,ONAY,False,False,412.20829999656416,"{""K1_input_and_readiness"": 0.06800000846851617, ""K7_context"": 0.0024000037228688598, ""K1_normalization"": 0.016599995433352888, ""K6_advisory"": 14.860800001770258, ""K1_intent"": 0.049299997044727206, ""K2_retrieval"": 143.54129999992438, ""K3_reranker"": 72.33309998991899, ""K8_weighted_ranking"": 2.0032000029459596, ""K3_candidate_filters"": 6.172599998535588, ""K9_advisory_consensus"": 0.007400012691505253, ""K4_nli_and_bypass_check"": 97.87100000539795, ""K5_decision"": 71.64959999499843}",28305
FACTURK-0352,DOĞRU,"[15423, 1083, 7529, 7912, 25815, 8390, 27441, 5211, 16090, 24053, 21894, 3153, 29703, 10870, 16400, 23656, 25875, 22038, 22987, 12472]","[0.9999493360519409, 0.12421301752328873, 0.4433594048023224, 0.05877655744552612, 0.021739594638347626, 0.0029464049730449915, 0.9003546833992004, 0.020567094907164574, 0.23651622235774994, 0.002082970691844821, 0.26798248291015625, 0.015130727551877499, 0.00044248730409890413, 0.000638679601252079, 0.1788124442100525, 0.000638679601252079, 0.0009399438858963549, 0.0003275842755101621, 0.001573112211190164, 0.0003920417802873999]","[0.00032880244543775916, 0.0001932929881149903, 0.9994779229164124]","[0.00032880244543775916, 0.0001932929881149903, 0.9994779229164124]",False,DOĞRU,ONAY,False,False,416.1647000000812,"{""K1_input_and_readiness"": 0.05420000525191426, ""K7_context"": 0.0015999976312741637, ""K1_normalization"": 0.010799994925037026, ""K6_advisory"": 12.192800000775605, ""K1_intent"": 0.04439998883754015, ""K2_retrieval"": 147.38609999767505, ""K3_reranker"": 85.4202000045916, ""K8_weighted_ranking"": 1.1282999912509695, ""K3_candidate_filters"": 6.107900000642985, ""K9_advisory_consensus"": 0.00689999433234334, ""K4_nli_and_bypass_check"": 92.69239999412093, ""K5_decision"": 68.00169999769423}",15423
FACTURK-0353,YALAN,"[10374, 10845, 14979, 3756, 16781, 523, 5632, 24664, 7099, 26905, 4223, 6601, 16753, 15478, 27913, 13890, 5232, 23777, 14500, 21366]","[0.42054012417793274, 1.6442494597868063e-05, 0.004962942097336054, 1.7231572201126255e-05, 0.00016474656877107918, 0.0003150386910419911, 0.001995538594201207, 1.9373936083866283e-05, 0.0007672924548387527, 0.0016166499117389321, 0.00014091856428422034, 1.6187581422855146e-05, 0.000491681566927582, 2.411113746347837e-05, 9.7615658887662e-05, 1.6187581422855146e-05, 1.7231572201126255e-05, 0.0005442132824100554, 0.00220838887616992, 0.00021152888075448573]","[0.01370345801115036, 0.9834686517715454, 0.00282786856405437]","[0.01370345801115036, 0.9834686517715454, 0.00282786856405437]",False,YETERSİZ VERİ,RET,True,False,1893.9646000071662,"{""K1_input_and_readiness"": 0.08670000534038991, ""K7_context"": 0.0013999961083754897, ""K1_normalization"": 0.014299992471933365, ""K6_advisory"": 10.997300007147714, ""K1_intent"": 0.043499996536411345, ""K2_retrieval"": 223.22790000180248, ""K3_reranker"": 125.90970000019297, ""K8_weighted_ranking"": 1.262899997527711, ""K3_candidate_filters"": 6.886800008942373, ""K9_advisory_consensus"": 0.007299997378140688, ""K4_nli_and_bypass_check"": 766.1361000064062, ""K5_decision"": 755.7546999887563}",4223
FACTURK-0354,DOĞRU,"[18270, 4442, 27681, 11295, 24154, 28595, 1822, 17948, 22932, 14179, 2892, 12942, 20387, 28379, 5800, 20618, 11066, 29875, 20993, 24320]","[0.9958499670028687, 0.00026530236937105656, 0.0027791904285550117, 1.6061610949691385e-05, 1.6187581422855146e-05, 1.6442494597868063e-05, 1.9988918211311102e-05, 1.67014204635052e-05, 2.977311669383198e-05, 1.6314539607265033e-05, 1.6187581422855146e-05, 0.010052368976175785, 1.7097478121286258e-05, 1.6061610949691385e-05, 0.00019871552649419755, 0.005888158921152353, 0.0005316132446750998, 1.6061610949691385e-05, 0.00043563017970882356, 1.6187581422855146e-05]","[0.00043793529039248824, 0.0005790379364043474, 0.9989829659461975]","[0.00043793529039248824, 0.0005790379364043474, 0.9989829659461975]",False,DOĞRU,ONAY,False,False,404.2930000141496,"{""K1_input_and_readiness"": 0.05779998900834471, ""K7_context"": 0.0014999968698248267, ""K1_normalization"": 0.010799994925037026, ""K6_advisory"": 11.26529999601189, ""K1_intent"": 0.0357000099029392, ""K2_retrieval"": 150.3255999996327, ""K3_reranker"": 69.48669999837875, ""K8_weighted_ranking"": 1.1389999999664724, ""K3_candidate_filters"": 6.248000005143695, ""K9_advisory_consensus"": 0.007700000423938036, ""K4_nli_and_bypass_check"": 102.55690000485629, ""K5_decision"": 59.76759998884518}",18270
FACTURK-0355,DOĞRU,"[25450, 5619, 20534, 9996, 8367, 10916, 13954, 12693, 11075, 13928, 13034, 18729, 16125, 18950, 18576, 11489, 29027, 11699, 17657, 8263]","[1.67014204635052e-05, 0.0011740821646526456, 5.34913269802928e-05, 0.0004673480580095202, 0.0014048678567633033, 1.7366719475830905e-05, 6.302758993115276e-05, 0.0031480707693845034, 2.2125668692751788e-05, 0.0075479233637452126, 1.6314539607265033e-05, 0.011158031411468983, 1.6442494597868063e-05, 0.0009888596832752228, 0.000471011851914227, 2.449082603561692e-05, 2.2125668692751788e-05, 4.400118632474914e-05, 4.1335399146191776e-05, 1.6314539607265033e-05]","[0.002533088671043515, 0.9963003396987915, 0.0011665477650240064]","[0.002533088671043515, 0.9963003396987915, 0.0011665477650240064]",False,YETERSİZ VERİ,RET,True,False,323.6134999897331,"{""K1_input_and_readiness"": 0.06730000313837081, ""K7_context"": 0.0013999961083754897, ""K1_normalization"": 0.012300006346777081, ""K6_advisory"": 11.631400004262105, ""K1_intent"": 0.052799994591623545, ""K2_retrieval"": 166.58829999505542, ""K3_reranker"": 111.2827000033576, ""K8_weighted_ranking"": 1.056100009009242, ""K3_candidate_filters"": 5.660100010572933, ""K9_advisory_consensus"": 0.00890000956133008, ""K4_nli_and_bypass_check"": 23.929600007249974, ""K5_decision"": 0.17329999536741525}",13928
FACTURK-0356,YALAN,"[12068, 25761, 20136, 9120, 5659, 14597, 1959, 16571, 9366, 6047, 19995, 1302, 926, 4270, 10589, 3036, 29403, 12065, 5087, 19484]","[0.015306354500353336, 0.013020490296185017, 0.05749328061938286, 0.005159622989594936, 0.0020190137438476086, 0.0014550630003213882, 0.0029121784027665854, 0.00017265156202483922, 0.001094452221877873, 0.003621685551479459, 0.0009811719646677375, 1.7917987861437723e-05, 0.001740983803756535, 0.07303238660097122, 0.017576882615685463, 1.7231572201126255e-05, 0.0033766122069209814, 0.00851130299270153, 0.0026730059180408716, 0.00019871552649419755]","[0.0031648436561226845, 0.9953358769416809, 0.0014993525110185146]","[0.0031648436561226845, 0.9953358769416809, 0.0014993525110185146]",False,YETERSİZ VERİ,RET,True,False,863.180200001807,"{""K1_input_and_readiness"": 0.044200001866556704, ""K7_context"": 0.0015999976312741637, ""K1_normalization"": 0.02649999805726111, ""K6_advisory"": 10.749499997473322, ""K1_intent"": 0.055900003644637764, ""K2_retrieval"": 162.16290000011213, ""K3_reranker"": 86.73419999831822, ""K8_weighted_ranking"": 1.2680000072577968, ""K3_candidate_filters"": 6.738900003256276, ""K9_advisory_consensus"": 0.008300004992634058, ""K4_nli_and_bypass_check"": 302.0542999875033, ""K5_decision"": 289.90460000932217}",4270
FACTURK-0357,YALAN,"[15787, 9150, 29050, 18853, 24963, 22732, 8137, 18807, 27894, 26748, 16063, 22407, 2207, 22388, 9755, 19827, 11846, 25225, 11548, 22218]","[0.004182493779808283, 0.07146149128675461, 0.0025909794494509697, 2.0462934116949327e-05, 0.003403005190193653, 0.0005336928297765553, 0.0003640086797531694, 1.7640199075685814e-05, 0.0019117692718282342, 0.0020190137438476086, 0.010328153148293495, 1.67014204635052e-05, 3.024195939360652e-05, 0.007039045449346304, 0.00034599160426296294, 0.001151399570517242, 0.009898064658045769, 0.0024343819823116064, 0.00020184421737212688, 0.004297939129173756]","[0.8695281147956848, 0.12924382090568542, 0.0012280783848837018]","[0.8695281147956848, 0.12924382090568542, 0.0012280783848837018]",False,DOĞRU,ONAY,False,False,607.7171000069939,"{""K1_input_and_readiness"": 0.04350001108832657, ""K7_context"": 0.001300009898841381, ""K1_normalization"": 0.008500006515532732, ""K6_advisory"": 10.767700005089864, ""K1_intent"": 0.029799994081258774, ""K2_retrieval"": 128.88989999191836, ""K3_reranker"": 84.53730000474025, ""K8_weighted_ranking"": 1.3592000032076612, ""K3_candidate_filters"": 6.921699998201802, ""K9_advisory_consensus"": 0.009099996532313526, ""K4_nli_and_bypass_check"": 186.05759998899885, ""K5_decision"": 185.64349999360275}",9150
FACTURK-0358,YALAN,"[28417, 1499, 18170, 7558, 3532, 20305, 12068, 25108, 29038, 25228, 24782, 12666, 26244, 30224, 8602, 1976, 27564, 14012, 23950, 23792]","[0.00021995337738189846, 0.0007350447704084218, 3.0479141059913673e-05, 0.005080036818981171, 0.0008727670647203922, 0.009522485546767712, 0.0007379196467809379, 0.0002434604539303109, 0.0001511819864390418, 3.144662332488224e-05, 0.006903838831931353, 0.0001956353517016396, 8.029783930396661e-05, 0.0002591582597233355, 0.000810387369710952, 0.00570803415030241, 4.832564081880264e-05, 0.0015669887652620673, 4.469407213036902e-05, 0.0015548133524134755]","[0.9376189112663269, 0.05781283229589462, 0.004568225238472223]","[0.9376189112663269, 0.05781283229589462, 0.004568225238472223]",False,DOĞRU,ONAY,False,False,366.3696000003256,"{""K1_input_and_readiness"": 0.07389999518636614, ""K7_context"": 0.0015999976312741637, ""K1_normalization"": 0.01409999094903469, ""K6_advisory"": 10.086499998578802, ""K1_intent"": 0.038300000596791506, ""K2_retrieval"": 201.5949000051478, ""K3_reranker"": 115.58480000530835, ""K8_weighted_ranking"": 1.244099999894388, ""K3_candidate_filters"": 7.157900006859563, ""K9_advisory_consensus"": 0.008300004992634058, ""K4_nli_and_bypass_check"": 26.65930001239758, ""K5_decision"": 0.39200000173877925}",20305
FACTURK-0359,DOĞRU,"[29275, 14192, 17835, 15373, 11431, 4980, 14734, 192, 4252, 179, 25332, 7741, 30264, 2651, 15314, 20481, 24573, 553, 23715, 26275]","[0.0008492455235682428, 1.593661909282673e-05, 3.8229114579735324e-05, 1.67014204635052e-05, 1.6187581422855146e-05, 0.00033274127054028213, 1.6061610949691385e-05, 0.0028118586633354425, 1.6314539607265033e-05, 0.0023322340566664934, 2.1444948288262822e-05, 0.0002982776495628059, 4.794958294951357e-05, 1.683241134742275e-05, 2.4876489987946115e-05, 1.7097478121286258e-05, 2.030369250860531e-05, 1.6187581422855146e-05, 0.0015916259726509452, 0.0005884087877348065]","[0.0008629463845863938, 0.9956328272819519, 0.0035042078234255314]","[0.0008629463845863938, 0.9956328272819519, 0.0035042078234255314]",False,YETERSİZ VERİ,RET,True,False,780.2136999962386,"{""K1_input_and_readiness"": 0.052799994591623545, ""K7_context"": 0.0012999953469261527, ""K1_normalization"": 0.010799994925037026, ""K6_advisory"": 12.914599996292964, ""K1_intent"": 0.038700003642588854, ""K2_retrieval"": 135.5692000070121, ""K3_reranker"": 204.5596999960253, ""K8_weighted_ranking"": 1.3959999923827127, ""K3_candidate_filters"": 6.76200000452809, ""K9_advisory_consensus"": 0.008200004231184721, ""K4_nli_and_bypass_check"": 223.7528999976348, ""K5_decision"": 191.470500009018}",30264
FACTURK-0360,DOĞRU,"[5510, 29091, 15859, 6443, 29368, 18052, 25662, 17425, 27521, 10796, 6130, 29612, 6035, 26227, 12612, 8523, 29650, 25537, 15121, 14208]","[0.35644665360450745, 0.9100669622421265, 0.02527489699423313, 0.014728614129126072, 1.7231572201126255e-05, 0.7060891389846802, 0.07864238321781158, 0.3258422613143921, 0.28806814551353455, 0.04001227021217346, 0.024145424365997314, 0.1880255937576294, 0.01711088977754116, 0.05023736134171486, 0.026607107371091843, 0.12984344363212585, 0.07906799018383026, 0.00034196203341707587, 0.3392801284790039, 0.5833814144134521]","[0.002175834495574236, 0.00509366812184453, 0.992730438709259]","[0.002175834495574236, 0.00509366812184453, 0.992730438709259]",False,YALAN,RED,False,False,328.56579999497626,"{""K1_input_and_readiness"": 0.0518000015290454, ""K7_context"": 0.0014999968698248267, ""K1_normalization"": 0.008399991202168167, ""K6_advisory"": 10.7164999935776, ""K1_intent"": 0.02720000338740647, ""K2_retrieval"": 121.49579999095295, ""K3_reranker"": 93.2355999975698, ""K8_weighted_ranking"": 1.5675000031478703, ""K3_candidate_filters"": 7.111999992048368, ""K9_advisory_consensus"": 0.009399998816661537, ""K4_nli_and_bypass_check"": 62.47540000185836, ""K5_decision"": 28.623399994103238}",29091
FACTURK-0361,DOĞRU,"[321, 5659, 10902, 926, 5023, 2705, 5962, 23047, 14525, 20136, 21058, 22359, 4270, 20202, 15845, 26934, 4561, 22248, 2442, 21416]","[0.16899405419826508, 0.01711088977754116, 0.00013552077871281654, 0.003960787784308195, 0.020567094907164574, 3.734356869244948e-05, 1.6314539607265033e-05, 0.0005976693937554955, 2.1278065105434507e-05, 0.0024249141570180655, 0.0060739340260624886, 3.619466951931827e-05, 0.13039611279964447, 1.6061610949691385e-05, 0.0007041515782475471, 1.805851934477687e-05, 0.0002396868512732908, 0.0007643033168278635, 0.002115703420713544, 1.6442494597868063e-05]","[0.0011676617432385683, 0.9972518086433411, 0.0015804943395778537]","[0.0011676617432385683, 0.9972518086433411, 0.0015804943395778537]",False,YALAN,UYARI,False,False,509.34579999011476,"{""K1_input_and_readiness"": 0.04199999966658652, ""K7_context"": 0.001600012183189392, ""K1_normalization"": 0.009500014130026102, ""K6_advisory"": 10.807800004840828, ""K1_intent"": 0.04090000584255904, ""K2_retrieval"": 119.83690000488423, ""K3_reranker"": 66.18589999561664, ""K8_weighted_ranking"": 1.0997999925166368, ""K3_candidate_filters"": 5.695799991372041, ""K9_advisory_consensus"": 0.006999995093792677, ""K4_nli_and_bypass_check"": 162.33289999945555, ""K5_decision"": 139.7173000004841}",321
FACTURK-0362,DOĞRU,"[9150, 15787, 2993, 1701, 19258, 27894, 12288, 21169, 11846, 438, 25169, 2858, 19237, 25225, 22732, 9755, 487, 5962, 21007, 9220]","[0.013689476065337658, 0.0020667945500463247, 0.03173859417438507, 0.5632578134536743, 0.008813166059553623, 0.00038446192047558725, 0.0025509123224765062, 0.0006142272031866014, 0.00407013762742281, 0.00045121065340936184, 0.00027372167096473277, 0.00014313739666249603, 0.003765413537621498, 0.0017207354540005326, 7.141901005525142e-05, 0.003123648464679718, 0.39041775465011597, 1.6187581422855146e-05, 0.0032099615782499313, 6.156764720799401e-05]","[0.0007261359714902937, 0.9968411922454834, 0.0024326140992343426]","[0.0007261359714902937, 0.9968411922454834, 0.0024326140992343426]",False,YALAN,UYARI,False,False,633.0851000093389,"{""K1_input_and_readiness"": 0.05699999746866524, ""K7_context"": 0.0015999976312741637, ""K1_normalization"": 0.009800001862458885, ""K6_advisory"": 13.407299993559718, ""K1_intent"": 0.03569999535102397, ""K2_retrieval"": 134.11439998890273, ""K3_reranker"": 64.69350001134444, ""K8_weighted_ranking"": 1.2380999978631735, ""K3_candidate_filters"": 6.48130000627134, ""K9_advisory_consensus"": 0.008800008799880743, ""K4_nli_and_bypass_check"": 197.02700000198092, ""K5_decision"": 211.9193999969866}",1701
FACTURK-0363,YALAN,"[11274, 15495, 15207, 30224, 18561, 20392, 27017, 20211, 8564, 1887, 12797, 5087, 2984, 21268, 10902, 4964, 22465, 23531, 7224, 10092]","[0.06644792854785919, 0.0010202174307778478, 0.002323162741959095, 0.00013032974675297737, 0.007317397277802229, 0.005199879873543978, 0.009485713206231594, 0.28997451066970825, 0.004867417272180319, 0.0016941031208261847, 3.269927037763409e-05, 0.0001559802913106978, 0.0003275842755101621, 0.0001621928095119074, 0.0028009270317852497, 0.00014653129619546235, 0.0018602986820042133, 0.0009850083151832223, 0.004314687568694353, 4.1659583075670525e-05]","[0.01830541156232357, 0.9801106452941895, 0.0015839649131521583]","[0.01830541156232357, 0.9801106452941895, 0.0015839649131521583]",False,YALAN,UYARI,False,False,562.0086999988416,"{""K1_input_and_readiness"": 0.06050000956747681, ""K7_context"": 0.0013999961083754897, ""K1_normalization"": 0.012599994079209864, ""K6_advisory"": 18.909000005805865, ""K1_intent"": 0.06120000034570694, ""K2_retrieval"": 167.92780000832863, ""K3_reranker"": 67.299100002856, ""K8_weighted_ranking"": 1.0954999888781458, ""K3_candidate_filters"": 6.180099997436628, ""K9_advisory_consensus"": 0.008200004231184721, ""K4_nli_and_bypass_check"": 166.86060000211, ""K5_decision"": 130.27019999572076}",20211
FACTURK-0364,YALAN,"[20818, 13310, 3772, 17965, 28646, 22751, 10596, 9982, 14382, 13201, 12239, 20460, 20529, 26266, 1362, 8, 22902, 7836, 5812, 1413]","[1.6061610949691385e-05, 1.9833367332466878e-05, 7.543320680269971e-05, 2.318747829122003e-05, 1.6187581422855146e-05, 1.683241134742275e-05, 0.0015011823270469904, 0.011288073845207691, 2.6480842279852368e-05, 5.475977377500385e-05, 1.6061610949691385e-05, 1.6314539607265033e-05, 0.006388320587575436, 4.400118632474914e-05, 0.28726768493652344, 0.0002780309587251395, 1.7231572201126255e-05, 0.1511530578136444, 1.6061610949691385e-05, 1.657145367062185e-05]","[0.020677475258708, 0.9779810309410095, 0.0013413726119324565]","[0.020677475258708, 0.9779810309410095, 0.0013413726119324565]",False,YETERSİZ VERİ,RET,True,False,335.3659999993397,"{""K1_input_and_readiness"": 0.06289999873843044, ""K7_context"": 0.0015999976312741637, ""K1_normalization"": 0.0109999964479357, ""K6_advisory"": 17.08649999636691, ""K1_intent"": 0.04119999357499182, ""K2_retrieval"": 176.09759999322705, ""K3_reranker"": 105.66460000700317, ""K8_weighted_ranking"": 1.0731999936979264, ""K3_candidate_filters"": 5.612799999653362, ""K9_advisory_consensus"": 0.006900008884258568, ""K4_nli_and_bypass_check"": 26.619700001901947, ""K5_decision"": 0.16310000501107424}",17965
FACTURK-0365,YALAN,"[3119, 21667, 29138, 26623, 9366, 17060, 29627, 18694, 29756, 28419, 23993, 18561, 22496, 5894, 27625, 10575, 17387, 28365, 19166, 22843]","[0.00360761652700603, 0.0005213363328948617, 0.0017073675990104675, 3.219233258278109e-05, 0.012771867215633392, 0.0012943679466843605, 0.00204276479780674, 0.047074172645807266, 6.205049430718645e-05, 0.00026738259475678205, 1.6314539607265033e-05, 0.049865905195474625, 0.0006959536112844944, 1.6314539607265033e-05, 0.00049553596181795, 1.6314539607265033e-05, 0.00010804955672938377, 1.6061610949691385e-05, 0.0011160142021253705, 1.6314539607265033e-05]","[0.012542018666863441, 0.9751586318016052, 0.012299434281885624]","[0.012542018666863441, 0.9751586318016052, 0.012299434281885624]",False,YALAN,UYARI,False,False,594.8935000051279,"{""K1_input_and_readiness"": 0.04230000195093453, ""K7_context"": 0.0012999953469261527, ""K1_normalization"": 0.007499998901039362, ""K6_advisory"": 9.293199997046031, ""K1_intent"": 0.026599998818710446, ""K2_retrieval"": 121.90619998727925, ""K3_reranker"": 84.62120000331197, ""K8_weighted_ranking"": 1.2973999982932582, ""K3_candidate_filters"": 6.483200006186962, ""K9_advisory_consensus"": 0.007800001185387373, ""K4_nli_and_bypass_check"": 187.32849998923484, ""K5_decision"": 179.74960000719875}",18561
FACTURK-0366,DOĞRU,"[23135, 13080, 9772, 20080, 8426, 18496, 26201, 20916, 3917, 12683, 7295, 20735, 4374, 4493, 17100, 11046, 5304, 11325, 12652, 25155]","[0.0014381353976204991, 0.00014653129619546235, 1.6964426322374493e-05, 1.657145367062185e-05, 3.8229114579735324e-05, 1.6314539607265033e-05, 3.095910506090149e-05, 1.6187581422855146e-05, 1.6442494597868063e-05, 0.00015720345254521817, 1.6442494597868063e-05, 1.6061610949691385e-05, 1.6187581422855146e-05, 1.6061610949691385e-05, 4.400118632474914e-05, 0.0014158706180751324, 1.6187581422855146e-05, 0.0007916296017356217, 2.318747829122003e-05, 1.6187581422855146e-05]","[0.0031903807539492846, 0.9868472218513489, 0.009962341748178005]","[0.0031903807539492846, 0.9868472218513489, 0.009962341748178005]",False,YETERSİZ VERİ,RET,True,False,664.9928999977419,"{""K1_input_and_readiness"": 0.06320000102277845, ""K7_context"": 0.0014999968698248267, ""K1_normalization"": 0.012100004823878407, ""K6_advisory"": 12.227200000779703, ""K1_intent"": 0.0320999970426783, ""K2_retrieval"": 122.46839998988435, ""K3_reranker"": 63.432700000703335, ""K8_weighted_ranking"": 1.1048000014852732, ""K3_candidate_filters"": 5.999599990900606, ""K9_advisory_consensus"": 0.007599999662488699, ""K4_nli_and_bypass_check"": 253.55700000363868, ""K5_decision"": 202.72050000494346}",20916
FACTURK-0367,DOĞRU,"[15121, 29337, 20169, 12005, 6952, 6130, 18022, 28357, 14208, 1211, 9060, 29595, 18052, 27279, 15196, 28800, 12328, 14179, 21693, 9725]","[0.007460643537342548, 0.02806073985993862, 0.0008796061738394201, 0.008577484637498856, 0.0003077430883422494, 0.00021995337738189846, 0.001838665222749114, 0.09619516879320145, 0.004520817659795284, 0.002889581024646759, 0.0004821761976927519, 0.003869391046464443, 3.852893496514298e-05, 0.00043224150431342423, 0.001052568550221622, 0.002693914109840989, 9.098840382648632e-05, 4.0694576455280185e-05, 1.6964426322374493e-05, 0.0005463420529849827]","[0.9992819428443909, 0.0003828352491836995, 0.00033522173180244863]","[0.9992819428443909, 0.0003828352491836995, 0.00033522173180244863]",False,DOĞRU,ONAY,False,False,334.52829999441747,"{""K1_input_and_readiness"": 0.05429999146144837, ""K7_context"": 0.0011999945854768157, ""K1_normalization"": 0.011900003300979733, ""K6_advisory"": 11.02389999141451, ""K1_intent"": 0.03879998985212296, ""K2_retrieval"": 169.29599999275524, ""K3_reranker"": 118.61160000262316, ""K8_weighted_ranking"": 1.2239000061526895, ""K3_candidate_filters"": 5.960200011031702, ""K9_advisory_consensus"": 0.007700000423938036, ""K4_nli_and_bypass_check"": 24.61110000149347, ""K5_decision"": 0.3577999887056649}",15121
FACTURK-0368,DOĞRU,"[24662, 17637, 18108, 13440, 11459, 12813, 15220, 7983, 4172, 27177, 13080, 1068, 361, 29678, 26269, 20267, 5946, 2459, 5267, 2998]","[0.9972637891769409, 0.009196552447974682, 0.01737566478550434, 1.6442494597868063e-05, 0.04418331757187843, 0.00010229986219201237, 1.6061610949691385e-05, 0.000491681566927582, 0.05654813349246979, 4.539786823443137e-05, 1.6442494597868063e-05, 0.000191104321856983, 1.6187581422855146e-05, 1.7778551409719512e-05, 1.6442494597868063e-05, 7.254361844388768e-05, 1.6187581422855146e-05, 1.683241134742275e-05, 1.6314539607265033e-05, 0.007695646956562996]","[0.0007011903799138963, 0.00031054424471221864, 0.9989882111549377]","[0.0007011903799138963, 0.00031054424471221864, 0.9989882111549377]",False,YETERSİZ VERİ,KISMI,True,False,408.0738000047859,"{""K1_input_and_readiness"": 0.047900000936351717, ""K7_context"": 0.0014999968698248267, ""K1_normalization"": 0.009399998816661537, ""K6_advisory"": 16.872399995918386, ""K1_intent"": 0.030399998649954796, ""K2_retrieval"": 142.4278000049526, ""K3_reranker"": 74.08099999884143, ""K8_weighted_ranking"": 1.3526999973692, ""K3_candidate_filters"": 6.792999993194826, ""K9_advisory_consensus"": 0.008300004992634058, ""K4_nli_and_bypass_check"": 100.10080000211019, ""K5_decision"": 63.06549999862909}",24662
FACTURK-0369,YALAN,"[9259, 9150, 9220, 2959, 4257, 23686, 10832, 22732, 8347, 30163, 29881, 15684, 28745, 15238, 12189, 26748, 9765, 21066, 27629, 27696]","[0.2590751051902771, 0.03468417376279831, 0.006589771714061499, 0.006003595422953367, 0.8166989684104919, 0.001069126301445067, 0.0012743262341246009, 0.03085050918161869, 0.048316068947315216, 0.0009436192340217531, 0.3928608000278473, 0.013955709524452686, 0.09268777817487717, 0.07133200019598007, 0.04360952600836754, 0.13006426393985748, 0.03760863468050957, 0.0060739340260624886, 0.0003583672805689275, 0.023689469322562218]","[0.12494515627622604, 0.4465522766113281, 0.42850255966186523]","[0.12494515627622604, 0.4465522766113281, 0.42850255966186523]",False,YALAN,UYARI,False,False,449.59770000423305,"{""K1_input_and_readiness"": 0.0467000063508749, ""K7_context"": 0.001100008375942707, ""K1_normalization"": 0.008499991963617504, ""K6_advisory"": 9.633299996494316, ""K1_intent"": 0.0281000102404505, ""K2_retrieval"": 130.15320000704378, ""K3_reranker"": 69.97989999945275, ""K8_weighted_ranking"": 1.0925000096904114, ""K3_candidate_filters"": 5.856100004166365, ""K9_advisory_consensus"": 0.013800003216601908, ""K4_nli_and_bypass_check"": 118.59080000431277, ""K5_decision"": 111.07539999647997}",4257
FACTURK-0370,DOĞRU,"[14216, 10733, 27239, 21248, 25646, 10017, 8279, 1309, 20842, 10849, 8549, 17048, 4884, 27759, 5890, 24056, 26112, 20231, 14815, 16157]","[0.08404061198234558, 5.605828482657671e-05, 0.0001442598586436361, 5.475977377500385e-05, 5.3075080359121785e-05, 2.732141365413554e-05, 2.4682904040673748e-05, 2.908344322349876e-05, 1.6187581422855146e-05, 4.400118632474914e-05, 1.6314539607265033e-05, 1.7640199075685814e-05, 0.0004494523163884878, 0.0007264875457622111, 0.0002434604539303109, 0.0001686527393758297, 0.018194368109107018, 1.6187581422855146e-05, 1.6314539607265033e-05, 0.0004765612829942256]","[0.00037692085606977344, 0.999337375164032, 0.0002856283390428871]","[0.00037692085606977344, 0.999337375164032, 0.0002856283390428871]",False,YETERSİZ VERİ,RET,True,False,260.4579000035301,"{""K1_input_and_readiness"": 0.04939999780617654, ""K7_context"": 0.0010999938240274787, ""K1_normalization"": 0.0092999980552122, ""K6_advisory"": 12.553599997772835, ""K1_intent"": 0.047299996367655694, ""K2_retrieval"": 153.26809999532998, ""K3_reranker"": 58.751699994900264, ""K8_weighted_ranking"": 1.2607999960891902, ""K3_candidate_filters"": 6.256900000153109, ""K9_advisory_consensus"": 0.006200003554113209, ""K4_nli_and_bypass_check"": 24.01389999431558, ""K5_decision"": 0.12119999155402184}",27759
FACTURK-0371,DOĞRU,"[25009, 8436, 1365, 13315, 21469, 12092, 27994, 16466, 2562, 10260, 2744, 14163, 9150, 8979, 17593, 18807, 18481, 23726, 15123, 20599]","[0.9931495785713196, 0.01829933375120163, 0.00019716942915692925, 0.0014664583140984178, 0.00023231418163049966, 0.0002234163403045386, 0.0026112475898116827, 2.7751651941798627e-05, 0.000191104321856983, 0.0005274784052744508, 0.0001699752756394446, 0.0001823546044761315, 3.0006618544575758e-05, 1.6314539607265033e-05, 1.6061610949691385e-05, 1.7366719475830905e-05, 1.6442494597868063e-05, 6.657015910604969e-05, 5.225226777838543e-05, 1.6314539607265033e-05]","[0.00032430593273602426, 0.9935414791107178, 0.006134162191301584]","[0.00032430593273602426, 0.9935414791107178, 0.006134162191301584]",False,YALAN,RED,False,False,493.1784000073094,"{""K1_input_and_readiness"": 0.05560000136028975, ""K7_context"": 0.0014999968698248267, ""K1_normalization"": 0.01309999788645655, ""K6_advisory"": 11.182799993548542, ""K1_intent"": 0.05390000296756625, ""K2_retrieval"": 157.6954000047408, ""K3_reranker"": 87.29480000329204, ""K8_weighted_ranking"": 1.225999993039295, ""K3_candidate_filters"": 6.462499994086102, ""K9_advisory_consensus"": 0.007800001185387373, ""K4_nli_and_bypass_check"": 120.48490000597667, ""K5_decision"": 105.51629999827128}",25009
FACTURK-0372,DOĞRU,"[2858, 9150, 25228, 27894, 25098, 1701, 24354, 15787, 28880, 25225, 17721, 24956, 16150, 28791, 9220, 29080, 16695, 8685, 15848, 25169]","[5.649793456541374e-05, 0.008881675079464912, 0.01901443488895893, 0.0002131875662598759, 0.007665874902158976, 0.0235992930829525, 0.002034817123785615, 0.0005053045460954309, 0.0013354008551687002, 0.0017342078499495983, 0.011597361415624619, 0.006903838831931353, 0.01578456163406372, 6.868317723274231e-05, 0.0029121784027665854, 0.0001673405058681965, 3.4001819585682824e-05, 0.0009811719646677375, 0.001069126301445067, 0.0006667023408226669]","[0.8476471900939941, 0.14856304228305817, 0.003789781127125025]","[0.8476471900939941, 0.14856304228305817, 0.003789781127125025]",False,DOĞRU,ONAY,False,False,310.86149999464396,"{""K1_input_and_readiness"": 0.06770000618416816, ""K7_context"": 0.0015999976312741637, ""K1_normalization"": 0.01060000795405358, ""K6_advisory"": 14.309800011687912, ""K1_intent"": 0.03809999907389283, ""K2_retrieval"": 139.39210001262836, ""K3_reranker"": 119.14749999414198, ""K8_weighted_ranking"": 1.4264000055845827, ""K3_candidate_filters"": 7.259699996211566, ""K9_advisory_consensus"": 0.010499992640689015, ""K4_nli_and_bypass_check"": 25.630400006775744, ""K5_decision"": 0.2958999975817278}",1701
FACTURK-0373,YALAN,"[8897, 15107, 13028, 15904, 15857, 6599, 10376, 10401, 29589, 12587, 9189, 26500, 30034, 13112, 29700, 6047, 11628, 12559, 12296, 15970]","[0.0333368256688118, 5.433364276541397e-05, 2.818866414600052e-05, 0.0008426423300988972, 2.0623421733034775e-05, 3.426849070820026e-05, 0.0002251682453788817, 1.9525883544702083e-05, 1.6442494597868063e-05, 0.008030813187360764, 1.7640199075685814e-05, 2.6688529032981023e-05, 0.0001713081874186173, 0.0004747042548842728, 4.298194107832387e-05, 0.00022167809947859496, 2.318747829122003e-05, 6.60521473037079e-05, 0.003991728648543358, 1.657145367062185e-05]","[0.948989748954773, 0.04059084504842758, 0.010419502854347229]","[0.948989748954773, 0.04059084504842758, 0.010419502854347229]",False,DOĞRU,ONAY,False,False,1100.37069999089,"{""K1_input_and_readiness"": 0.06580000626854599, ""K7_context"": 0.0015999976312741637, ""K1_normalization"": 0.010800009476952255, ""K6_advisory"": 11.757300002500415, ""K1_intent"": 0.03949999518226832, ""K2_retrieval"": 158.21670000150334, ""K3_reranker"": 93.41859999403823, ""K8_weighted_ranking"": 1.2280000082682818, ""K3_candidate_filters"": 6.913799996254966, ""K9_advisory_consensus"": 0.007300011930055916, ""K4_nli_and_bypass_check"": 424.8729000100866, ""K5_decision"": 400.76270001009107}",12587
FACTURK-0374,DOĞRU,"[10733, 11788, 27097, 29838, 19969, 11158, 6193, 29190, 1692, 27522, 8740, 15899, 2910, 14830, 7218, 15293, 24479, 22465, 22811, 11400]","[0.0002415662893326953, 0.013689476065337658, 0.00015236754552461207, 0.002225670963525772, 0.0007152324542403221, 1.6187581422855146e-05, 2.094818773912266e-05, 0.00013135180051904172, 1.7097478121286258e-05, 1.750292540236842e-05, 1.805851934477687e-05, 0.00046371284406632185, 0.00012339458044152707, 1.657145367062185e-05, 0.0010242064017802477, 7.662102143513039e-05, 2.6070309104397893e-05, 1.6442494597868063e-05, 1.6314539607265033e-05, 0.00011412239109631628]","[0.0002746622485574335, 0.9992507100105286, 0.0004745738406199962]","[0.0002746622485574335, 0.9992507100105286, 0.0004745738406199962]",False,YALAN,UYARI,False,False,748.8191000011284,"{""K1_input_and_readiness"": 0.05470000905916095, ""K7_context"": 0.001200009137392044, ""K1_normalization"": 0.008600007276982069, ""K6_advisory"": 10.470499997609295, ""K1_intent"": 0.029499991796910763, ""K2_retrieval"": 146.3867999991635, ""K3_reranker"": 89.97549999912735, ""K8_weighted_ranking"": 1.1168000055477023, ""K3_candidate_filters"": 5.661400005919859, ""K9_advisory_consensus"": 0.007200011168606579, ""K4_nli_and_bypass_check"": 277.6387000048999, ""K5_decision"": 214.2248999880394}",11788
FACTURK-0375,YALAN,"[13949, 27584, 21833, 17870, 15731, 10884, 11365, 5199, 17761, 7826, 5083, 16180, 1522, 1347, 18994, 7562, 21377, 12272, 5036, 26201]","[0.021948253735899925, 0.00029137005913071334, 0.000124362253700383, 0.0008360903011634946, 0.015967654064297676, 0.0010242064017802477, 0.00025714197545312345, 0.00025714197545312345, 0.0022343622986227274, 5.920916373725049e-05, 0.00044770087697543204, 1.7917987861437723e-05, 1.7778551409719512e-05, 0.010013571009039879, 2.4876489987946115e-05, 6.156764720799401e-05, 0.00021824207215104252, 3.7931622500764206e-05, 0.0005861161625944078, 0.0001559802913106978]","[0.12620310485363007, 0.8514580130577087, 0.022338801994919777]","[0.12620310485363007, 0.8514580130577087, 0.022338801994919777]",False,YETERSİZ VERİ,RET,True,False,753.2190000056289,"{""K1_input_and_readiness"": 0.052100003813393414, ""K7_context"": 0.0014999968698248267, ""K1_normalization"": 0.01649999467190355, ""K6_advisory"": 14.038000008440576, ""K1_intent"": 0.03890000516548753, ""K2_retrieval"": 163.91760000260547, ""K3_reranker"": 92.16749999905005, ""K8_weighted_ranking"": 1.4778000040678307, ""K3_candidate_filters"": 6.512199994176626, ""K9_advisory_consensus"": 0.008000002708286047, ""K4_nli_and_bypass_check"": 239.82660000910982, ""K5_decision"": 231.72680000425316}",5199
FACTURK-0376,DOĞRU,"[24714, 2719, 23029, 20933, 5257, 3664, 29504, 9701, 23475, 17587, 5617, 21126, 3624, 13077, 11441, 17876, 9516, 20139, 22170, 15647]","[0.0014048678567633033, 0.00014539113908540457, 1.6442494597868063e-05, 0.00012339458044152707, 1.67014204635052e-05, 0.002074867021292448, 2.1444948288262822e-05, 1.6314539607265033e-05, 2.4876489987946115e-05, 1.6061610949691385e-05, 1.6314539607265033e-05, 0.000159678646014072, 2.6897845600615256e-05, 1.6442494597868063e-05, 1.6187581422855146e-05, 0.00029137005913071334, 0.000626334105618298, 0.009303949773311615, 1.6061610949691385e-05, 2.3737338779028505e-05]","[0.0027570079546421766, 0.9950748085975647, 0.0021682309452444315]","[0.0027570079546421766, 0.9950748085975647, 0.0021682309452444315]",False,YETERSİZ VERİ,RET,True,False,256.76560000283644,"{""K1_input_and_readiness"": 0.05160000000614673, ""K7_context"": 0.0012999953469261527, ""K1_normalization"": 0.010000003385357559, ""K6_advisory"": 11.465000003227033, ""K1_intent"": 0.028299997211433947, ""K2_retrieval"": 139.30180000897963, ""K3_reranker"": 65.11250000039581, ""K8_weighted_ranking"": 1.1079999967478216, ""K3_candidate_filters"": 6.1744000122416764, ""K9_advisory_consensus"": 0.006300004315562546, ""K4_nli_and_bypass_check"": 29.63350000209175, ""K5_decision"": 0.3612000000430271}",17876
FACTURK-0377,DOĞRU,"[5087, 21821, 26676, 22146, 1959, 7836, 29686, 4325, 29080, 7423, 29403, 23936, 9003, 12587, 22337, 13261, 11628, 5269, 15264, 20402]","[0.0006641048239544034, 4.400118632474914e-05, 3.1201914680423215e-05, 0.00021485926117748022, 0.0001476803736295551, 0.001377732609398663, 7.197912054834887e-05, 1.67014204635052e-05, 0.0002891032490879297, 0.004718369338661432, 0.00272558256983757, 0.00014202363672666252, 0.0009773502824828029, 0.0002472934720572084, 1.6442494597868063e-05, 1.7778551409719512e-05, 1.657145367062185e-05, 2.265035072923638e-05, 0.0001686527393758297, 1.6314539607265033e-05]","[0.9858341813087463, 0.010168243199586868, 0.003997525665909052]","[0.9858341813087463, 0.010168243199586868, 0.003997525665909052]",False,DOĞRU,ONAY,False,False,521.050200011814,"{""K1_input_and_readiness"": 0.048699992476031184, ""K7_context"": 0.0012999953469261527, ""K1_normalization"": 0.010399991879239678, ""K6_advisory"": 13.170999998692423, ""K1_intent"": 0.031200004741549492, ""K2_retrieval"": 131.4186000090558, ""K3_reranker"": 66.7978999990737, ""K8_weighted_ranking"": 1.288700004806742, ""K3_candidate_filters"": 6.518200010759756, ""K9_advisory_consensus"": 0.008099988917820156, ""K4_nli_and_bypass_check"": 173.0392000026768, ""K5_decision"": 125.22679999528918}",7423
FACTURK-0378,DOĞRU,"[13414, 6292, 12955, 23565, 21450, 21966, 18623, 3100, 20915, 23239, 26950, 24903, 13448, 3213, 14829, 4160, 11643, 24266, 21123, 22918]","[0.02319762483239174, 0.0007124459953047335, 0.0009773502824828029, 0.00033535013790242374, 1.6314539607265033e-05, 1.6187581422855146e-05, 5.694102947018109e-05, 1.6314539607265033e-05, 1.6061610949691385e-05, 1.7231572201126255e-05, 2.8632557587116025e-05, 0.0008393599418923259, 0.004810982849448919, 0.000317508791340515, 1.7231572201126255e-05, 1.6442494597868063e-05, 3.852893496514298e-05, 3.321419353596866e-05, 1.6314539607265033e-05, 0.0001956353517016396]","[0.0037107127718627453, 0.9952768087387085, 0.0010124730179086328]","[0.0037107127718627453, 0.9952768087387085, 0.0010124730179086328]",False,YETERSİZ VERİ,RET,True,False,303.12539999431465,"{""K1_input_and_readiness"": 0.047900000936351717, ""K7_context"": 0.001200009137392044, ""K1_normalization"": 0.009700001101009548, ""K6_advisory"": 11.087599996244535, ""K1_intent"": 0.04470000567380339, ""K2_retrieval"": 136.16409999667667, ""K3_reranker"": 114.60680000891443, ""K8_weighted_ranking"": 1.5334000054281205, ""K3_candidate_filters"": 6.7817000090144575, ""K9_advisory_consensus"": 0.007499998901039362, ""K4_nli_and_bypass_check"": 28.98619999177754, ""K5_decision"": 0.20390001009218395}",24903
FACTURK-0379,DOĞRU,"[21449, 5087, 27972, 10997, 10951, 431, 4239, 11837, 13847, 24395, 2277, 2107, 13143, 28032, 5617, 24179, 7869, 9366, 15848, 14534]","[0.7851439118385315, 0.006168995052576065, 0.007149102166295052, 0.020685460418462753, 0.003538086311891675, 0.0007643033168278635, 2.818866414600052e-05, 0.005343256052583456, 0.044431429356336594, 0.0013302015140652657, 0.006984650157392025, 0.026405517011880875, 0.6743722558021545, 0.10176784545183182, 0.011687257327139378, 0.011375600472092628, 2.8409744118107483e-05, 0.019681409001350403, 0.00023050670279189944, 0.00010804955672938377]","[0.005838104989379644, 0.9933916330337524, 0.0007702929433435202]","[0.005838104989379644, 0.9933916330337524, 0.0007702929433435202]",False,YALAN,UYARI,False,False,410.4703999910271,"{""K1_input_and_readiness"": 0.08600000001024455, ""K7_context"": 0.0014999968698248267, ""K1_normalization"": 0.016300007700920105, ""K6_advisory"": 13.07739999901969, ""K1_intent"": 0.04719999560620636, ""K2_retrieval"": 266.68899999640416, ""K3_reranker"": 87.35210000304505, ""K8_weighted_ranking"": 1.2483000027714297, ""K3_candidate_filters"": 6.618599989451468, ""K9_advisory_consensus"": 0.008500006515532732, ""K4_nli_and_bypass_check"": 31.95649999543093, ""K5_decision"": 0.18289999570697546}",13143
FACTURK-0380,YALAN,"[487, 9150, 19827, 15238, 8347, 19258, 25228, 5898, 27696, 23431, 23508, 19237, 15675, 21007, 1676, 27894, 5535, 29414, 22732, 15264]","[0.2781587541103363, 0.02456308901309967, 0.21239535510540009, 0.019832711666822433, 0.00677120964974165, 0.0004205874283798039, 0.013742320239543915, 0.0697949230670929, 0.08434179425239563, 4.1335399146191776e-05, 0.01384861022233963, 0.0060503981076180935, 0.00020662980386987329, 0.0012448433553799987, 0.0015487611526623368, 0.004867417272180319, 0.0013406204525381327, 0.009708477184176445, 0.01590639166533947, 0.0034834241960197687]","[0.009086382575333118, 0.9846869111061096, 0.006226703990250826]","[0.009086382575333118, 0.9846869111061096, 0.006226703990250826]",False,YALAN,UYARI,False,False,309.6999999979744,"{""K1_input_and_readiness"": 0.06859999848529696, ""K7_context"": 0.001300009898841381, ""K1_normalization"": 0.011100011761300266, ""K6_advisory"": 12.399700004607439, ""K1_intent"": 0.042800005758181214, ""K2_retrieval"": 181.9777999917278, ""K3_reranker"": 78.91460000246298, ""K8_weighted_ranking"": 1.1393000022508204, ""K3_candidate_filters"": 6.188399987877347, ""K9_advisory_consensus"": 0.008700008038431406, ""K4_nli_and_bypass_check"": 24.963699994259514, ""K5_decision"": 0.17899999511428177}",487
FACTURK-0381,DOĞRU,"[3431, 20387, 22815, 28595, 11295, 1822, 24154, 27197, 27681, 12704, 2892, 8107, 21260, 24484, 28973, 4966, 24661, 1447, 6816, 21313]","[1.6187581422855146e-05, 0.0002234163403045386, 0.0008830457809381187, 1.6314539607265033e-05, 1.7778551409719512e-05, 2.586742994026281e-05, 1.6314539607265033e-05, 0.0002492325147613883, 4.0694576455280185e-05, 0.0007096704212017357, 0.0012113064294680953, 3.1941821362124756e-05, 2.6070309104397893e-05, 0.0006312434561550617, 2.8409744118107483e-05, 9.610241977497935e-05, 4.331903619458899e-05, 6.0613183450186625e-05, 0.000414069538237527, 0.0005274784052744508]","[0.8768401741981506, 0.05005105212330818, 0.07310887426137924]","[0.8768401741981506, 0.05005105212330818, 0.07310887426137924]",False,YALAN,RED,False,False,269.79359998949803,"{""K1_input_and_readiness"": 0.05560000136028975, ""K7_context"": 0.0021000014385208488, ""K1_normalization"": 0.01340000017080456, ""K6_advisory"": 11.362500008544885, ""K1_intent"": 0.0425000034738332, ""K2_retrieval"": 152.92910000425763, ""K3_reranker"": 53.21830000320915, ""K8_weighted_ranking"": 1.349699989077635, ""K3_candidate_filters"": 7.23019998986274, ""K9_advisory_consensus"": 0.008200004231184721, ""K4_nli_and_bypass_check"": 39.586099999723956, ""K5_decision"": 0.3176000027451664}",2892
FACTURK-0382,YALAN,"[7407, 2761, 8010, 26295, 29597, 23853, 24158, 17025, 29892, 1175, 13891, 19061, 29923, 12189, 21500, 9150, 706, 8285, 21472, 744]","[2.9541422918555327e-05, 0.001220795209519565, 3.535625000949949e-05, 0.0033115192782133818, 0.00015236754552461207, 0.00020184421737212688, 0.08137363195419312, 4.0694576455280185e-05, 0.03126191347837448, 0.00014313739666249603, 0.00524044968187809, 3.1693256460130215e-05, 0.0009850083151832223, 0.022328782826662064, 0.0019800399895757437, 0.004198795650154352, 0.00014202363672666252, 0.05644402652978897, 0.0011469158343970776, 0.00015843621804378927]","[0.012776423245668411, 0.9861347079277039, 0.0010889339027926326]","[0.012776423245668411, 0.9861347079277039, 0.0010889339027926326]",False,YETERSİZ VERİ,RET,True,False,828.3754000003682,"{""K1_input_and_readiness"": 0.05889999738428742, ""K7_context"": 0.001300009898841381, ""K1_normalization"": 0.01060000795405358, ""K6_advisory"": 12.699499988229945, ""K1_intent"": 0.039000005926936865, ""K2_retrieval"": 160.1906999858329, ""K3_reranker"": 65.98099999246188, ""K8_weighted_ranking"": 1.2328000011621043, ""K3_candidate_filters"": 6.618500003241934, ""K9_advisory_consensus"": 0.007999988156370819, ""K4_nli_and_bypass_check"": 286.119399999734, ""K5_decision"": 292.1968000009656}",24158
FACTURK-0383,DOĞRU,"[25969, 20020, 1291, 16064, 9114, 21667, 23751, 11442, 24834, 17057, 23490, 4331, 6263, 13338, 6528, 6885, 5491, 1976, 834, 11476]","[0.00023597174731548876, 0.0012448433553799987, 7.782753527862951e-05, 0.00017536994710098952, 0.000124362253700383, 3.1201914680423215e-05, 0.002746900776401162, 0.0001195985751110129, 1.805851934477687e-05, 4.539786823443137e-05, 0.0001956353517016396, 8.481103577651083e-05, 2.8632557587116025e-05, 0.00027372167096473277, 0.0003711854515131563, 0.00014539113908540457, 3.071818719035946e-05, 0.0008761798962950706, 1.6314539607265033e-05, 0.0001344663032796234]","[0.9818456172943115, 0.013285852037370205, 0.004868537187576294]","[0.9818456172943115, 0.013285852037370205, 0.004868537187576294]",False,DOĞRU,ONAY,False,False,495.56729999312665,"{""K1_input_and_readiness"": 0.0518000015290454, ""K7_context"": 0.001300009898841381, ""K1_normalization"": 0.008700008038431406, ""K6_advisory"": 12.077199993655086, ""K1_intent"": 0.02950000634882599, ""K2_retrieval"": 134.76749999972526, ""K3_reranker"": 117.67920000420418, ""K8_weighted_ranking"": 1.072700004442595, ""K3_candidate_filters"": 5.654799999319948, ""K9_advisory_consensus"": 0.006300004315562546, ""K4_nli_and_bypass_check"": 118.76940001093317, ""K5_decision"": 101.65920000872575}",23751
FACTURK-0384,DOĞRU,"[16223, 28381, 5886, 24037, 10782, 29698, 11132, 9023, 2403, 8774, 8246, 989, 26111, 17616, 12503, 14449, 20927, 13284, 4010, 27529]","[0.0015792594058439136, 5.3075080359121785e-05, 5.144220995134674e-05, 0.00017813112935982645, 0.0013670255430042744, 0.13706977665424347, 2.6070309104397893e-05, 0.9947391152381897, 0.00013238185783848166, 4.683888619183563e-05, 2.0462934116949327e-05, 2.710879925871268e-05, 0.008187909610569477, 2.5071596610359848e-05, 1.7366719475830905e-05, 1.6442494597868063e-05, 0.005730246659368277, 8.092757343547419e-05, 2.5071596610359848e-05, 2.566613329690881e-05]","[0.009138659574091434, 0.023450611159205437, 0.9674107432365417]","[0.009138659574091434, 0.023450611159205437, 0.9674107432365417]",False,YALAN,RED,False,False,232.80050000175834,"{""K1_input_and_readiness"": 0.05339999916031957, ""K7_context"": 0.0015999976312741637, ""K1_normalization"": 0.009800001862458885, ""K6_advisory"": 12.574400010635145, ""K1_intent"": 0.032500000088475645, ""K2_retrieval"": 120.18260000331793, ""K3_reranker"": 57.24650000047404, ""K8_weighted_ranking"": 1.352399995084852, ""K3_candidate_filters"": 6.595999991986901, ""K9_advisory_consensus"": 0.007700000423938036, ""K4_nli_and_bypass_check"": 30.974699999205768, ""K5_decision"": 0.45149998913984746}",9023
FACTURK-0385,DOĞRU,"[14642, 29362, 21965, 4031, 22170, 15861, 21826, 15972, 16885, 27022, 26848, 15095, 25710, 26114, 8089, 19919, 7836, 8624, 11616, 5073]","[5.9673518990166485e-05, 0.0004272078804206103, 1.7231572201126255e-05, 1.6061610949691385e-05, 1.683241134742275e-05, 1.67014204635052e-05, 1.6314539607265033e-05, 0.00011591933434829116, 1.6187581422855146e-05, 6.302758993115276e-05, 1.657145367062185e-05, 1.9988918211311102e-05, 1.6061610949691385e-05, 1.6187581422855146e-05, 1.6187581422855146e-05, 1.6187581422855146e-05, 1.7778551409719512e-05, 1.6314539607265033e-05, 2.710879925871268e-05, 1.6442494597868063e-05]","[0.9916087985038757, 0.004897778388112783, 0.0034934550058096647]","[0.9916087985038757, 0.004897778388112783, 0.0034934550058096647]",False,YALAN,RED,False,False,229.5832999952836,"{""K1_input_and_readiness"": 0.05200000305194408, ""K7_context"": 0.0015999976312741637, ""K1_normalization"": 0.01170000177808106, ""K6_advisory"": 15.002999993157573, ""K1_intent"": 0.03710000601131469, ""K2_retrieval"": 128.1845999910729, ""K3_reranker"": 46.1801000055857, ""K8_weighted_ranking"": 1.3753999955952168, ""K3_candidate_filters"": 5.583599995588884, ""K9_advisory_consensus"": 0.006499991286545992, ""K4_nli_and_bypass_check"": 29.353999998420477, ""K5_decision"": 0.2739999908953905}",26848
FACTURK-0386,YALAN,"[27172, 1747, 14660, 21393, 11485, 27894, 15787, 10563, 926, 7924, 10902, 23791, 28847, 10589, 13795, 920, 29414, 22918, 28347, 25225]","[0.007876706309616566, 0.001674399245530367, 0.00013135180051904172, 0.0005152657395228744, 2.1112482500029728e-05, 4.1659583075670525e-05, 1.9073577277595177e-05, 0.0001686527393758297, 3.7636447814293206e-05, 2.908344322349876e-05, 0.0001673405058681965, 5.34913269802928e-05, 0.001622967072762549, 1.9073577277595177e-05, 0.00012148174573667347, 0.0007824140484444797, 1.8777873265207745e-05, 0.005576545372605324, 1.7097478121286258e-05, 5.9673518990166485e-05]","[0.0461045578122139, 0.9518215656280518, 0.002073983894661069]","[0.0461045578122139, 0.9518215656280518, 0.002073983894661069]",False,YETERSİZ VERİ,RET,True,False,378.70819999079686,"{""K1_input_and_readiness"": 0.06439999560825527, ""K7_context"": 0.001300009898841381, ""K1_normalization"": 0.012799995602108538, ""K6_advisory"": 13.726700010010973, ""K1_intent"": 0.03919999289792031, ""K2_retrieval"": 214.32899999490473, ""K3_reranker"": 88.81329999712761, ""K8_weighted_ranking"": 1.7020999948726967, ""K3_candidate_filters"": 9.492800003499724, ""K9_advisory_consensus"": 0.0092999980552122, ""K4_nli_and_bypass_check"": 43.80020000098739, ""K5_decision"": 0.7664000004297122}",22918
FACTURK-0387,YALAN,"[8023, 20028, 24208, 8015, 24037, 1146, 26161, 26276, 11408, 15478, 28322, 13958, 7337, 26224, 14930, 27288, 4033, 21388, 7754, 16605]","[0.0005953406798653305, 1.7778551409719512e-05, 1.6061610949691385e-05, 1.67014204635052e-05, 0.0004044814850203693, 2.392351052549202e-05, 1.657145367062185e-05, 1.657145367062185e-05, 1.6061610949691385e-05, 2.1444948288262822e-05, 1.7640199075685814e-05, 1.6061610949691385e-05, 1.6187581422855146e-05, 1.6314539607265033e-05, 1.6061610949691385e-05, 3.2955729693640023e-05, 1.6187581422855146e-05, 1.6061610949691385e-05, 0.00013135180051904172, 1.6442494597868063e-05]","[0.42062485218048096, 0.5687831044197083, 0.010592018254101276]","[0.42062485218048096, 0.5687831044197083, 0.010592018254101276]",False,YALAN,RED,False,False,744.3683000019519,"{""K1_input_and_readiness"": 0.11100000119768083, ""K7_context"": 0.0026000052457675338, ""K1_normalization"": 0.02030000905506313, ""K6_advisory"": 21.014600002672523, ""K1_intent"": 0.05339999916031957, ""K2_retrieval"": 165.84339999826625, ""K3_reranker"": 53.64299999200739, ""K8_weighted_ranking"": 1.5638000040780753, ""K3_candidate_filters"": 7.424399998853914, ""K9_advisory_consensus"": 0.008499991963617504, ""K4_nli_and_bypass_check"": 249.0146000054665, ""K5_decision"": 242.0614000002388}",7337
FACTURK-0388,YALAN,"[16939, 118, 68, 26310, 27720, 672, 15078, 21735, 1014, 14070, 2145, 12347, 16791, 10234, 14318, 16223, 13476, 4597, 16716, 15260]","[0.2902761995792389, 3.4808123018592596e-05, 2.7751651941798627e-05, 0.055720288306474686, 0.00028685410507023335, 1.6442494597868063e-05, 1.6442494597868063e-05, 1.750292540236842e-05, 1.6061610949691385e-05, 1.7231572201126255e-05, 2.7969301299890503e-05, 1.6314539607265033e-05, 4.1659583075670525e-05, 0.001069126301445067, 1.6442494597868063e-05, 1.6314539607265033e-05, 1.6187581422855146e-05, 1.6442494597868063e-05, 9.314593626186252e-05, 1.6187581422855146e-05]","[0.09267035126686096, 0.18161702156066895, 0.7257125973701477]","[0.09267035126686096, 0.18161702156066895, 0.7257125973701477]",False,YALAN,UYARI,False,False,337.1019000041997,"{""K1_input_and_readiness"": 0.041799998143687844, ""K7_context"": 0.0015999976312741637, ""K1_normalization"": 0.006999995093792677, ""K6_advisory"": 9.839099991950206, ""K1_intent"": 0.028699985705316067, ""K2_retrieval"": 109.14290000800975, ""K3_reranker"": 64.16899999021553, ""K8_weighted_ranking"": 1.1150999926030636, ""K3_candidate_filters"": 5.817099998239428, ""K9_advisory_consensus"": 0.006600006599910557, ""K4_nli_and_bypass_check"": 82.45040000474546, ""K5_decision"": 61.178399992058985}",118
FACTURK-0389,YALAN,"[11529, 6704, 2959, 12189, 16652, 9056, 9588, 14770, 9150, 19560, 15780, 12088, 21518, 25228, 23686, 14758, 16878, 8347, 27487, 12769]","[0.0005484792054630816, 0.004348381422460079, 0.009125636890530586, 0.0006462032906711102, 0.0038996203802525997, 0.003692853031679988, 4.400118632474914e-05, 0.00027372167096473277, 0.07094483077526093, 0.0005976693937554955, 2.6070309104397893e-05, 0.00010889690747717395, 0.00041731575038284063, 0.0016613906482234597, 0.0015548133524134755, 0.00034196203341707587, 3.024195939360652e-05, 7.905303937150165e-05, 0.000758359965402633, 5.104190859128721e-05]","[0.0010687810136005282, 0.9966597557067871, 0.0022714652586728334]","[0.0010687810136005282, 0.9966597557067871, 0.0022714652586728334]",False,YALAN,UYARI,False,False,566.6903999954229,"{""K1_input_and_readiness"": 0.12119999155402184, ""K7_context"": 0.0016999983927235007, ""K1_normalization"": 0.024299995857290924, ""K6_advisory"": 13.15450000402052, ""K1_intent"": 0.05980000423733145, ""K2_retrieval"": 320.0520999962464, ""K3_reranker"": 193.8306000083685, ""K8_weighted_ranking"": 1.1464999988675117, ""K3_candidate_filters"": 5.726699993829243, ""K9_advisory_consensus"": 0.007199996616691351, ""K4_nli_and_bypass_check"": 29.030899997451343, ""K5_decision"": 0.22139999782666564}",9150
FACTURK-0390,DOĞRU,"[1786, 3162, 19541, 1902, 23436, 1149, 10949, 8712, 29892, 12987, 18919, 8285, 19877, 19816, 4738, 2919, 2172, 17551, 1099, 24569]","[1.6061610949691385e-05, 2.318747829122003e-05, 0.0008796061738394201, 0.00877910852432251, 0.00012632041762117296, 0.0009362827986478806, 1.8342892872169614e-05, 4.1659583075670525e-05, 0.00010889690747717395, 4.539786823443137e-05, 1.6314539607265033e-05, 2.411113746347837e-05, 2.318747829122003e-05, 0.0015070488443598151, 2.5466406441410072e-05, 3.535625000949949e-05, 1.6442494597868063e-05, 2.732141365413554e-05, 1.805851934477687e-05, 0.00010637458035489544]","[0.9786592125892639, 0.020104216411709785, 0.0012365872971713543]","[0.9786592125892639, 0.020104216411709785, 0.0012365872971713543]",False,DOĞRU,ONAY,False,False,412.778600002639,"{""K1_input_and_readiness"": 0.03759999526664615, ""K7_context"": 0.001300009898841381, ""K1_normalization"": 0.00829999044071883, ""K6_advisory"": 10.824699988006614, ""K1_intent"": 0.027999994927085936, ""K2_retrieval"": 122.23850000009406, ""K3_reranker"": 59.261100002913736, ""K8_weighted_ranking"": 1.1270999966654927, ""K3_candidate_filters"": 5.705899995518848, ""K9_advisory_consensus"": 0.007700000423938036, ""K4_nli_and_bypass_check"": 122.61839999700896, ""K5_decision"": 87.74730000004638}",19816
FACTURK-0391,DOĞRU,"[18570, 15848, 28629, 15787, 6292, 9150, 17721, 13541, 19827, 28685, 14232, 14444, 1701, 21537, 2858, 25098, 15238, 19586, 16785, 29140]","[0.0004974745097570121, 0.0007643033168278635, 0.0037948342505842447, 0.0018530592788010836, 0.0035518845543265343, 0.007011794950813055, 0.005663865711539984, 0.001004416379146278, 0.01572399213910103, 0.0003406293108128011, 0.0005815576296299696, 0.00038446192047558725, 0.018797073513269424, 0.005119676236063242, 0.0011740821646526456, 0.0012893283274024725, 0.004038591403514147, 2.411113746347837e-05, 0.0002715921145863831, 2.229919846286066e-05]","[0.12385609745979309, 0.4898603558540344, 0.3862834870815277]","[0.12385609745979309, 0.4898603558540344, 0.3862834870815277]",False,YETERSİZ VERİ,RET,True,False,523.9681999955792,"{""K1_input_and_readiness"": 0.050300004659220576, ""K7_context"": 0.001400010660290718, ""K1_normalization"": 0.007100010407157242, ""K6_advisory"": 11.060799995902926, ""K1_intent"": 0.03060000017285347, ""K2_retrieval"": 118.30500001087785, ""K3_reranker"": 85.55520001391415, ""K8_weighted_ranking"": 1.2724999978672713, ""K3_candidate_filters"": 6.602300010854378, ""K9_advisory_consensus"": 0.011999989510513842, ""K4_nli_and_bypass_check"": 155.6704999966314, ""K5_decision"": 141.89709999482147}",1701
FACTURK-0392,YALAN,"[10589, 9150, 12265, 11155, 8347, 24956, 24184, 25225, 21058, 5344, 22218, 27991, 25228, 15978, 16786, 14619, 27894, 9705, 19258, 2244]","[0.00027586790383793414, 0.015663648024201393, 2.3737338779028505e-05, 1.8631746570463292e-05, 0.0018243826925754547, 0.001747785834595561, 0.014227046631276608, 0.006641112733632326, 0.00016093082376755774, 0.021739594638347626, 0.012821214273571968, 0.002704429440200329, 0.001299427472986281, 0.0003366621967870742, 3.0006618544575758e-05, 2.229919846286066e-05, 9.83811987680383e-05, 0.0005295418086461723, 5.694102947018109e-05, 0.00018522572645451874]","[0.9470459222793579, 0.051147185266017914, 0.0018069292418658733]","[0.9470459222793579, 0.051147185266017914, 0.0018069292418658733]",False,DOĞRU,ONAY,False,False,331.00289999856614,"{""K1_input_and_readiness"": 0.08650000381749123, ""K7_context"": 0.0018999999156221747, ""K1_normalization"": 0.01610000617802143, ""K6_advisory"": 14.312200000858866, ""K1_intent"": 0.06160000339150429, ""K2_retrieval"": 196.74440000380855, ""K3_reranker"": 82.49669999349862, ""K8_weighted_ranking"": 1.0308999917469919, ""K3_candidate_filters"": 6.1338999948929995, ""K9_advisory_consensus"": 0.006799993570894003, ""K4_nli_and_bypass_check"": 25.55489999940619, ""K5_decision"": 0.5105000018374994}",5344
FACTURK-0393,DOĞRU,"[8836, 19180, 1418, 18799, 22004, 9341, 21636, 25080, 21416, 1730, 6927, 28126, 26447, 23747, 28129, 8919, 22100, 23363, 13054, 14309]","[0.9935368895530701, 0.1946738213300705, 0.0027683854568749666, 0.054701510816812515, 7.843789353501052e-05, 0.0017342078499495983, 0.00027372167096473277, 0.002026899950578809, 0.0005053045460954309, 5.2662067901110277e-05, 9.17019642656669e-05, 0.0010443859500810504, 0.015603534877300262, 0.003135835751891136, 0.004700060468167067, 0.00014202363672666252, 0.05707139894366264, 0.002757622394710779, 0.0004442183708306402, 0.5966681838035583]","[0.001122098183259368, 0.00041603445424698293, 0.9984618425369263]","[0.001122098183259368, 0.00041603445424698293, 0.9984618425369263]",False,YETERSİZ VERİ,KISMI,True,False,342.74870000081137,"{""K1_input_and_readiness"": 0.08240000170189887, ""K7_context"": 0.0025000044843181968, ""K1_normalization"": 0.013700002455152571, ""K6_advisory"": 13.320800004294142, ""K1_intent"": 0.03569999535102397, ""K2_retrieval"": 151.66999999200925, ""K3_reranker"": 67.29320000158623, ""K8_weighted_ranking"": 1.0645000002114102, ""K3_candidate_filters"": 6.085999993956648, ""K9_advisory_consensus"": 0.00689999433234334, ""K4_nli_and_bypass_check"": 64.5282000041334, ""K5_decision"": 35.07019999960903}",8836
FACTURK-0394,YALAN,"[19788, 15510, 29871, 1989, 25759, 21427, 20744, 23610, 2701, 5149, 26579, 14849, 28395, 14676, 9385, 14553, 3505, 29526, 11562, 16530]","[0.015663648024201393, 0.0013670255430042744, 6.302758993115276e-05, 0.000539980421308428, 0.00013765462790615857, 4.1659583075670525e-05, 1.6187581422855146e-05, 1.6061610949691385e-05, 1.657145367062185e-05, 1.6442494597868063e-05, 1.8631746570463292e-05, 2.4300241420860402e-05, 0.0005838325014337897, 1.657145367062185e-05, 1.6442494597868063e-05, 1.6442494597868063e-05, 0.00043393249507062137, 2.014569145103451e-05, 0.00017952796770259738, 9.685608529252931e-05]","[0.261804461479187, 0.7195199131965637, 0.018675584346055984]","[0.261804461479187, 0.7195199131965637, 0.018675584346055984]",False,YALAN,RED,False,False,279.9268000089796,"{""K1_input_and_readiness"": 0.05840000812895596, ""K7_context"": 0.0013999961083754897, ""K1_normalization"": 0.009900002623908222, ""K6_advisory"": 12.051099998643622, ""K1_intent"": 0.034500000765547156, ""K2_retrieval"": 158.18149999540765, ""K3_reranker"": 66.43750000512227, ""K8_weighted_ranking"": 1.0766000050352886, ""K3_candidate_filters"": 6.533000007038936, ""K9_advisory_consensus"": 0.0092999980552122, ""K4_nli_and_bypass_check"": 31.517199997324497, ""K5_decision"": 0.36419999378267676}",11562
FACTURK-0395,DOĞRU,"[8790, 21145, 20842, 11059, 4766, 8279, 23357, 19947, 13096, 22153, 22843, 29296, 19548, 19733, 21342, 20170, 20466, 17343, 774, 12175]","[0.00012931563833262771, 0.00025315635139122605, 0.011463796719908714, 0.0011604196624830365, 0.0002715921145863831, 0.00020825010142289102, 9.83811987680383e-05, 0.0009773502824828029, 1.967902426258661e-05, 0.00020342698553577065, 0.000810387369710952, 0.6186652183532715, 1.750292540236842e-05, 3.3474691008450463e-05, 0.00013658353418577462, 0.00023597174731548876, 1.6314539607265033e-05, 0.003285833168774843, 0.0006337125087156892, 3.647853736765683e-05]","[0.0021474820096045732, 0.9533661603927612, 0.04448622837662697]","[0.0021474820096045732, 0.9533661603927612, 0.04448622837662697]",False,YALAN,RED,False,False,241.30940000759438,"{""K1_input_and_readiness"": 0.040400002035312355, ""K7_context"": 0.0014999968698248267, ""K1_normalization"": 0.007700000423938036, ""K6_advisory"": 12.256400004844181, ""K1_intent"": 0.031499992473982275, ""K2_retrieval"": 121.65590000222437, ""K3_reranker"": 62.84270000469405, ""K8_weighted_ranking"": 1.2661999935517088, ""K3_candidate_filters"": 7.204599998658523, ""K9_advisory_consensus"": 0.019899991457350552, ""K4_nli_and_bypass_check"": 31.87140000227373, ""K5_decision"": 0.25710000772960484}",29296
FACTURK-0396,YALAN,"[27420, 5237, 6734, 12375, 4586, 20831, 16134, 14293, 7633, 2259, 20214, 2242, 5328, 17036, 2813, 18927, 25181, 22062, 16440, 27900]","[0.011029469780623913, 0.0002802109520416707, 0.9946150183677673, 8.349628478754312e-05, 0.0023688741493970156, 0.00020662980386987329, 0.0002891032490879297, 1.657145367062185e-05, 0.295738160610199, 0.009522485546767712, 0.00028462239424698055, 1.6061610949691385e-05, 5.694102947018109e-05, 0.0009735437924973667, 0.014899643138051033, 0.0037072531413286924, 4.1335399146191776e-05, 0.00010720880527514964, 0.0030515100806951523, 0.0003583672805689275]","[0.00025262602139264345, 0.00014450534945353866, 0.9996028542518616]","[0.00025262602139264345, 0.00014450534945353866, 0.9996028542518616]",False,YALAN,UYARI,False,False,377.0070000027772,"{""K1_input_and_readiness"": 0.051700000767596066, ""K7_context"": 0.001300009898841381, ""K1_normalization"": 0.008999995770864189, ""K6_advisory"": 11.501499990117736, ""K1_intent"": 0.029399991035461426, ""K2_retrieval"": 122.05570000514854, ""K3_reranker"": 65.57819999579806, ""K8_weighted_ranking"": 1.37420000100974, ""K3_candidate_filters"": 7.2619999991729856, ""K9_advisory_consensus"": 0.009300012607127428, ""K4_nli_and_bypass_check"": 105.15660000964999, ""K5_decision"": 60.68290000257548}",6734
FACTURK-0397,YALAN,"[16260, 27647, 1336, 18561, 14848, 10740, 767, 5499, 10999, 7198, 3917, 1070, 28871, 7375, 12437, 6504, 7152, 13941, 13993, 5371]","[0.24490438401699066, 0.0011073390487581491, 0.004101929254829884, 1.6442494597868063e-05, 0.053304679691791534, 2.0623421733034775e-05, 2.178264912799932e-05, 0.0333368256688118, 2.908344322349876e-05, 1.6314539607265033e-05, 3.535625000949949e-05, 8.750300185056403e-05, 0.00026323829661123455, 0.0040543340146541595, 0.00042554305400699377, 3.1941821362124756e-05, 0.00013342000602278858, 0.00018522572645451874, 0.0008231385727412999, 0.0026730059180408716]","[0.003165345173329115, 0.7882696986198425, 0.20856493711471558]","[0.003165345173329115, 0.7882696986198425, 0.20856493711471558]",False,YETERSİZ VERİ,RET,True,False,672.1932999935234,"{""K1_input_and_readiness"": 0.06120000034570694, ""K7_context"": 0.001300009898841381, ""K1_normalization"": 0.009799987310543656, ""K6_advisory"": 10.290699996403418, ""K1_intent"": 0.030300012440420687, ""K2_retrieval"": 162.7141000062693, ""K3_reranker"": 67.12900000275113, ""K8_weighted_ranking"": 1.3910999987274408, ""K3_candidate_filters"": 7.581500001833774, ""K9_advisory_consensus"": 0.008000002708286047, ""K4_nli_and_bypass_check"": 219.04450000147335, ""K5_decision"": 200.23280000896193}",14848
FACTURK-0398,YALAN,"[9150, 27219, 25228, 2984, 20446, 27696, 28547, 24869, 15264, 16063, 23681, 2498, 15787, 12063, 23792, 27453, 438, 5535, 16150, 8602]","[0.0016613906482234597, 0.0002492325147613883, 0.0004994205664843321, 0.0003406293108128011, 0.023689469322562218, 0.00046917638974264264, 0.027376487851142883, 0.001995538594201207, 0.0036499870475381613, 6.302758993115276e-05, 0.006338921841233969, 0.0003697388747241348, 0.00021824207215104252, 0.00043563017970882356, 0.0004936049808748066, 0.005511934403330088, 0.0003275842755101621, 0.00013658353418577462, 0.0002824080875143409, 2.93115390377352e-05]","[0.0060110194608569145, 0.9932836294174194, 0.0007054046145640314]","[0.0060110194608569145, 0.9932836294174194, 0.0007054046145640314]",False,YETERSİZ VERİ,RET,True,False,391.10180000716355,"{""K1_input_and_readiness"": 0.07410001126118004, ""K7_context"": 0.001500011421740055, ""K1_normalization"": 0.02510000194888562, ""K6_advisory"": 11.218400002690032, ""K1_intent"": 0.0484000047435984, ""K2_retrieval"": 205.5294000019785, ""K3_reranker"": 129.38909999502357, ""K8_weighted_ranking"": 1.472699994337745, ""K3_candidate_filters"": 6.88570000056643, ""K9_advisory_consensus"": 0.00790000194683671, ""K4_nli_and_bypass_check"": 31.92019999551121, ""K5_decision"": 0.19159998919349164}",28547
FACTURK-0399,YALAN,"[1499, 25228, 7776, 29080, 487, 13341, 28656, 16150, 23686, 24277, 27242, 19060, 18955, 15874, 12189, 9588, 21922, 20662, 4724, 27696]","[0.00014091856428422034, 0.04312337189912796, 0.05439931899309158, 0.010529711842536926, 0.0010901900241151452, 0.004348381422460079, 0.0004765612829942256, 0.0016809417866170406, 0.0001559802913106978, 0.001483718864619732, 0.9291837811470032, 0.11797800660133362, 0.006718870252370834, 0.00015356240328401327, 0.0003814711526501924, 2.318747829122003e-05, 0.05813159793615341, 0.001740983803756535, 0.00035976938670501113, 0.33556854724884033]","[0.025360584259033203, 0.9727905988693237, 0.0018488130299374461]","[0.025360584259033203, 0.9727905988693237, 0.0018488130299374461]",False,YALAN,UYARI,False,False,387.5248999975156,"{""K1_input_and_readiness"": 0.07730000652372837, ""K7_context"": 0.001500011421740055, ""K1_normalization"": 0.015500001609325409, ""K6_advisory"": 13.543399996706285, ""K1_intent"": 0.05089999467600137, ""K2_retrieval"": 230.4981999914162, ""K3_reranker"": 98.14410000399221, ""K8_weighted_ranking"": 1.2094999983673915, ""K3_candidate_filters"": 6.7745999986073, ""K9_advisory_consensus"": 0.008700008038431406, ""K4_nli_and_bypass_check"": 32.74200001033023, ""K5_decision"": 0.2970999921672046}",27696
FACTURK-0400,YALAN,"[27202, 13194, 28204, 14216, 17534, 10086, 17036, 26829, 5584, 22879, 29412, 30144, 23337, 15429, 16632, 28521, 24433, 28590, 6846, 17535]","[3.426849070820026e-05, 7.197912054834887e-05, 0.0030753696337342262, 1.657145367062185e-05, 0.0014607495395466685, 2.8409744118107483e-05, 1.7097478121286258e-05, 2.392351052549202e-05, 1.683241134742275e-05, 5.1845658163074404e-05, 1.6442494597868063e-05, 2.526822754589375e-05, 6.156764720799401e-05, 0.0044683837331831455, 0.002199798123911023, 3.734356869244948e-05, 1.67014204635052e-05, 0.009936418384313583, 0.0003889921063091606, 0.00027586790383793414]","[0.002990685636177659, 0.995375394821167, 0.0016339666908606887]","[0.002990685636177659, 0.995375394821167, 0.0016339666908606887]",False,YETERSİZ VERİ,RET,True,False,878.7583000084851,"{""K1_input_and_readiness"": 0.08820000221021473, ""K7_context"": 0.0023999891709536314, ""K1_normalization"": 0.020000006770715117, ""K6_advisory"": 13.573200005339459, ""K1_intent"": 0.036900004488416016, ""K2_retrieval"": 154.35389999765903, ""K3_reranker"": 93.7673000007635, ""K8_weighted_ranking"": 1.4044999988982454, ""K3_candidate_filters"": 6.825399992521852, ""K9_advisory_consensus"": 0.009099996532313526, ""K4_nli_and_bypass_check"": 311.9250000017928, ""K5_decision"": 293.3847000094829}",28590
FACTURK-0401,DOĞRU,"[11334, 21058, 25673, 19997, 11529, 13077, 1959, 700, 9366, 1499, 26355, 14232, 9755, 24625, 1766, 30009, 10298, 15658, 25457, 24162]","[0.0014721895568072796, 1.67014204635052e-05, 2.229919846286066e-05, 0.0006462032906711102, 0.00978387612849474, 0.0007854739669710398, 0.002278330735862255, 0.00049553596181795, 0.009449081495404243, 0.00029137005913071334, 0.003914823289960623, 0.028167473152279854, 0.2557152211666107, 0.005819959100335836, 0.00031258779927156866, 1.750292540236842e-05, 1.6442494597868063e-05, 6.156764720799401e-05, 7.197912054834887e-05, 1.7778551409719512e-05]","[0.5081892609596252, 0.489676296710968, 0.002134425798431039]","[0.5081892609596252, 0.489676296710968, 0.002134425798431039]",False,DOĞRU,ONAY,False,False,328.0131999927107,"{""K1_input_and_readiness"": 0.08290000550914556, ""K7_context"": 0.001300009898841381, ""K1_normalization"": 0.014500008546747267, ""K6_advisory"": 13.196299987612292, ""K1_intent"": 0.05809999129269272, ""K2_retrieval"": 198.25570000102744, ""K3_reranker"": 81.75500000652391, ""K8_weighted_ranking"": 1.0541999945417047, ""K3_candidate_filters"": 5.585599996265955, ""K9_advisory_consensus"": 0.007300011930055916, ""K4_nli_and_bypass_check"": 24.42970000265632, ""K5_decision"": 0.30169999809004366}",9755
FACTURK-0402,YALAN,"[30013, 17599, 1365, 9653, 1337, 29418, 21684, 2985, 28239, 11547, 24743, 9171, 28985, 16053, 11774, 25396, 22512, 3512, 17616, 3862]","[0.4006321132183075, 0.009232213720679283, 0.002123966347426176, 1.6442494597868063e-05, 0.014615669846534729, 0.0005658799782395363, 1.6187581422855146e-05, 2.710879925871268e-05, 0.0006771942134946585, 0.002491967985406518, 0.0011424495605751872, 5.1845658163074404e-05, 3.269927037763409e-05, 0.002934951800853014, 0.0008295892039313912, 1.657145367062185e-05, 1.6061610949691385e-05, 0.008881675079464912, 0.0024249141570180655, 3.8229114579735324e-05]","[0.0006807956960983574, 0.996819257736206, 0.002499993657693267]","[0.0006807956960983574, 0.996819257736206, 0.002499993657693267]",False,YALAN,RED,False,False,779.4827000034275,"{""K1_input_and_readiness"": 0.060399994254112244, ""K7_context"": 0.0014999968698248267, ""K1_normalization"": 0.010099989594891667, ""K6_advisory"": 12.362199995550327, ""K1_intent"": 0.03460000152699649, ""K2_retrieval"": 150.69860000221524, ""K3_reranker"": 59.176800001296215, ""K8_weighted_ranking"": 1.2439999991329387, ""K3_candidate_filters"": 6.37460000871215, ""K9_advisory_consensus"": 0.008499991963617504, ""K4_nli_and_bypass_check"": 285.4700000025332, ""K5_decision"": 260.4585000080988}",11547
FACTURK-0403,YALAN,"[12901, 27017, 5087, 1959, 6737, 4093, 8749, 21475, 15780, 25758, 6232, 22465, 10051, 21007, 11552, 9366, 29065, 27522, 6984, 1291]","[0.9917803406715393, 0.004718369338661432, 0.00042388474685139954, 0.00048029719619080424, 0.00046917638974264264, 0.0003150386910419911, 0.00031258779927156866, 0.005405900068581104, 0.008251599036157131, 0.0011160142021253705, 0.0003301527176517993, 0.0004044814850203693, 0.0005571116926148534, 0.00042887922609224916, 0.00026323829661123455, 0.00220838887616992, 0.0009473089594393969, 0.0003029734070878476, 0.0003366621967870742, 0.0009362827986478806]","[0.0004035677120555192, 0.00030942607554607093, 0.9992870688438416]","[0.0004035677120555192, 0.00030942607554607093, 0.9992870688438416]",False,YALAN,UYARI,False,False,463.93240000179503,"{""K1_input_and_readiness"": 0.05740000051446259, ""K7_context"": 0.0014999968698248267, ""K1_normalization"": 0.012499993317760527, ""K6_advisory"": 13.340000004973263, ""K1_intent"": 0.050000002374872565, ""K2_retrieval"": 132.4519999907352, ""K3_reranker"": 90.49190000223462, ""K8_weighted_ranking"": 1.0550000006332994, ""K3_candidate_filters"": 6.451799999922514, ""K9_advisory_consensus"": 0.007399998139590025, ""K4_nli_and_bypass_check"": 121.19790000724606, ""K5_decision"": 95.41519999038428}",12901
FACTURK-0404,DOĞRU,"[29892, 14232, 19997, 2949, 12189, 24209, 431, 17351, 4378, 9150, 13541, 15848, 6832, 12288, 28494, 1701, 25098, 12047, 6336, 28547]","[0.10123348236083984, 0.005554925184696913, 0.0012545944191515446, 0.02600678615272045, 0.0004673480580095202, 0.013121271505951881, 0.02048855647444725, 0.05242456495761871, 0.0011786719551309943, 0.0033374049235135317, 0.0011424495605751872, 0.029201289638876915, 0.007232763804495335, 0.00020502213737927377, 0.021044565364718437, 0.0015854305820539594, 0.07793768495321274, 0.0008393599418923259, 0.006314364727586508, 0.00021485926117748022]","[0.0011503248242661357, 0.9979162812232971, 0.0009333827183581889]","[0.0011503248242661357, 0.9979162812232971, 0.0009333827183581889]",False,YETERSİZ VERİ,RET,True,False,350.22719998960383,"{""K1_input_and_readiness"": 0.062700011767447, ""K7_context"": 0.0015999976312741637, ""K1_normalization"": 0.020699997548945248, ""K6_advisory"": 12.189400003990158, ""K1_intent"": 0.038700003642588854, ""K2_retrieval"": 183.22099999932107, ""K3_reranker"": 112.22539999289438, ""K8_weighted_ranking"": 1.1953999928664416, ""K3_candidate_filters"": 6.439999997382984, ""K9_advisory_consensus"": 0.00790000194683671, ""K4_nli_and_bypass_check"": 30.570399991120212, ""K5_decision"": 0.16489998961333185}",29892
FACTURK-0405,YALAN,"[635, 13440, 27583, 3277, 20666, 28793, 6193, 24865, 20518, 7209, 20151, 11158, 2910, 16420, 4775, 21776, 3241, 27504, 6880, 24313]","[0.005281333811581135, 0.0003199982165824622, 1.6314539607265033e-05, 1.6061610949691385e-05, 1.6964426322374493e-05, 7.031184941297397e-05, 1.6442494597868063e-05, 1.7640199075685814e-05, 6.302758993115276e-05, 1.6314539607265033e-05, 2.3007036361377686e-05, 1.6187581422855146e-05, 5.5622065701754764e-05, 1.6314539607265033e-05, 4.1986306314356625e-05, 1.6061610949691385e-05, 5.144220995134674e-05, 1.6442494597868063e-05, 1.6314539607265033e-05, 1.6314539607265033e-05]","[0.9993785619735718, 0.0005373064777813852, 8.410587906837463e-05]","[0.9993785619735718, 0.0005373064777813852, 8.410587906837463e-05]",False,DOĞRU,ONAY,False,False,259.95389999297913,"{""K1_input_and_readiness"": 0.056500008213333786, ""K7_context"": 0.0018999999156221747, ""K1_normalization"": 0.012199991033412516, ""K6_advisory"": 13.913499991758727, ""K1_intent"": 0.03940000897273421, ""K2_retrieval"": 134.00040000851732, ""K3_reranker"": 76.18129999900702, ""K8_weighted_ranking"": 1.268699998036027, ""K3_candidate_filters"": 6.914300000062212, ""K9_advisory_consensus"": 0.007399998139590025, ""K4_nli_and_bypass_check"": 24.144700000761077, ""K5_decision"": 0.3043999895453453}",635
FACTURK-0406,DOĞRU,"[28168, 4520, 635, 17637, 4114, 5018, 24661, 21898, 24967, 24527, 5995, 20355, 3213, 5174, 3601, 10340, 13614, 8102, 15121, 10680]","[0.23161423206329346, 0.00015720345254521817, 0.005865338258445263, 4.9086618673754856e-05, 0.00016093082376755774, 0.2073751986026764, 8.750300185056403e-05, 0.14706450700759888, 0.0006771942134946585, 1.7097478121286258e-05, 1.683241134742275e-05, 0.010052368976175785, 0.008315778337419033, 1.683241134742275e-05, 0.0006878511630930007, 0.012431650422513485, 0.0009436192340217531, 1.8631746570463292e-05, 3.024195939360652e-05, 0.000539980421308428]","[0.00036952600930817425, 0.9990547299385071, 0.000575696409214288]","[0.00036952600930817425, 0.9990547299385071, 0.000575696409214288]",False,YALAN,UYARI,False,False,598.5675000119954,"{""K1_input_and_readiness"": 0.12469998910091817, ""K7_context"": 0.0013999961083754897, ""K1_normalization"": 0.026399997295811772, ""K6_advisory"": 12.505099992267787, ""K1_intent"": 0.07419999747071415, ""K2_retrieval"": 345.9261000098195, ""K3_reranker"": 195.00590000825468, ""K8_weighted_ranking"": 1.708600000711158, ""K3_candidate_filters"": 6.906900001922622, ""K9_advisory_consensus"": 0.008399991202168167, ""K4_nli_and_bypass_check"": 32.81059999426361, ""K5_decision"": 0.2955999952973798}",635
FACTURK-0407,YALAN,"[14727, 23269, 13220, 23216, 11728, 19283, 21875, 30027, 6590, 20982, 18318, 5799, 19974, 5593, 11158, 26380, 13518, 17637, 24417, 5114]","[0.6909762620925903, 0.0010566838318482041, 1.8342892872169614e-05, 0.0005172813544049859, 0.0004655269149225205, 1.805851934477687e-05, 2.8409744118107483e-05, 1.7640199075685814e-05, 0.0011879054363816977, 1.67014204635052e-05, 0.0004124558763578534, 5.9673518990166485e-05, 1.6314539607265033e-05, 0.029816539958119392, 1.6314539607265033e-05, 1.6314539607265033e-05, 0.0001740054285619408, 5.5622065701754764e-05, 1.683241134742275e-05, 1.6187581422855146e-05]","[0.0031532710418105125, 0.9926652312278748, 0.004181486554443836]","[0.0031532710418105125, 0.9926652312278748, 0.004181486554443836]",False,YETERSİZ VERİ,RET,True,False,273.46170000964776,"{""K1_input_and_readiness"": 0.046600005589425564, ""K7_context"": 0.001400010660290718, ""K1_normalization"": 0.009899988071992993, ""K6_advisory"": 14.493900001980364, ""K1_intent"": 0.04430000262800604, ""K2_retrieval"": 152.3495000001276, ""K3_reranker"": 64.57550000050105, ""K8_weighted_ranking"": 1.4923999988241121, ""K3_candidate_filters"": 6.823200004873797, ""K9_advisory_consensus"": 0.007999988156370819, ""K4_nli_and_bypass_check"": 29.19480000855401, ""K5_decision"": 0.3620999923441559}",14727
FACTURK-0408,YALAN,"[18777, 15724, 4452, 19953, 21495, 15457, 9253, 22538, 7556, 4460, 11155, 12783, 368, 21211, 11780, 7006, 21746, 13967, 14924, 15028]","[0.03397199511528015, 0.01640303246676922, 0.28876960277557373, 0.0007096704212017357, 0.0007321811863221228, 0.004348381422460079, 1.6314539607265033e-05, 0.045777276158332825, 1.683241134742275e-05, 0.12885363399982452, 2.6688529032981023e-05, 0.10894504189491272, 0.0003625900426413864, 2.355261858610902e-05, 0.00016474656877107918, 1.892514956125524e-05, 0.00025714197545312345, 0.044431429356336594, 0.001081715221516788, 0.0007824140484444797]","[0.0007520151557400823, 0.9986530542373657, 0.0005948929465375841]","[0.0007520151557400823, 0.9986530542373657, 0.0005948929465375841]",False,YALAN,UYARI,False,False,313.44779999926686,"{""K1_input_and_readiness"": 0.06540000322274864, ""K7_context"": 0.001400010660290718, ""K1_normalization"": 0.012800010154023767, ""K6_advisory"": 14.139999999315478, ""K1_intent"": 0.03789999755099416, ""K2_retrieval"": 155.7472999993479, ""K3_reranker"": 93.5992000013357, ""K8_weighted_ranking"": 1.7641000013099983, ""K3_candidate_filters"": 9.19399999838788, ""K9_advisory_consensus"": 0.010000003385357559, ""K4_nli_and_bypass_check"": 34.829099997296, ""K5_decision"": 0.33540000731591135}",4460
FACTURK-0409,YALAN,"[8006, 6531, 22931, 2149, 5782, 24615, 28204, 22718, 17218, 12486, 20105, 11852, 3129, 29807, 14100, 14641, 5294, 23881, 13433, 806]","[1.657145367062185e-05, 9.17019642656669e-05, 0.0001699752756394446, 0.08344116806983948, 2.161314114346169e-05, 0.0002415662893326953, 0.0001097509084502235, 1.6061610949691385e-05, 1.6187581422855146e-05, 1.6187581422855146e-05, 0.0003199982165824622, 2.392351052549202e-05, 0.0009039677679538727, 0.00013982206291984767, 2.6070309104397893e-05, 1.6187581422855146e-05, 1.6314539607265033e-05, 1.6314539607265033e-05, 6.761842087144032e-05, 1.6187581422855146e-05]","[0.9883164763450623, 0.008525598794221878, 0.0031579062342643738]","[0.9883164763450623, 0.008525598794221878, 0.0031579062342643738]",False,YALAN,RED,False,False,836.7906000057701,"{""K1_input_and_readiness"": 0.09980000322684646, ""K7_context"": 0.0020000006770715117, ""K1_normalization"": 0.01340000017080456, ""K6_advisory"": 12.801400007447228, ""K1_intent"": 0.035599994589574635, ""K2_retrieval"": 173.3133999950951, ""K3_reranker"": 81.9335999985924, ""K8_weighted_ranking"": 1.5103999903658405, ""K3_candidate_filters"": 7.472299999790266, ""K9_advisory_consensus"": 0.008200004231184721, ""K4_nli_and_bypass_check"": 361.27249999844935, ""K5_decision"": 194.15700000536162}",2149
FACTURK-0410,YALAN,"[27242, 5651, 24630, 12611, 26267, 20266, 29080, 7028, 29199, 861, 16539, 17721, 21537, 12715, 21674, 3300, 2813, 13467, 7248, 22699]","[0.6349961161613464, 0.00018667821132112294, 0.006168995052576065, 2.030369250860531e-05, 1.6061610949691385e-05, 0.008348053321242332, 0.0074030146934092045, 0.003538086311891675, 0.00034196203341707587, 0.00035557945375330746, 0.0006905414629727602, 0.021368887275457382, 0.013902058824896812, 0.00036829791497439146, 0.0035936026833951473, 0.00019411319226492196, 2.449082603561692e-05, 0.0010403185151517391, 0.0010362669127061963, 0.07477004081010818]","[0.0034899329766631126, 0.9944862723350525, 0.002023767214268446]","[0.0034899329766631126, 0.9944862723350525, 0.002023767214268446]",False,YETERSİZ VERİ,RET,True,False,951.5165999910096,"{""K1_input_and_readiness"": 0.06620000931434333, ""K7_context"": 0.0016999983927235007, ""K1_normalization"": 0.011800002539530396, ""K6_advisory"": 22.395600011805072, ""K1_intent"": 0.043499996536411345, ""K2_retrieval"": 168.70600001129787, ""K3_reranker"": 96.66989999823272, ""K8_weighted_ranking"": 1.6073000006144866, ""K3_candidate_filters"": 7.508599999709986, ""K9_advisory_consensus"": 0.00960000033956021, ""K4_nli_and_bypass_check"": 369.81040000682697, ""K5_decision"": 281.1013000027742}",22699
FACTURK-0411,DOĞRU,"[12534, 14887, 8583, 9657, 9405, 24647, 13101, 17032, 18096, 27270, 20038, 10662, 25873, 24749, 13043, 17812, 12699, 6912, 12349, 18305]","[0.008644177578389645, 0.002199798123911023, 3.1693256460130215e-05, 0.004627529997378588, 8.349628478754312e-05, 0.0007947254925966263, 0.0005316132446750998, 0.00011774459562730044, 0.00016474656877107918, 0.0001837845629779622, 1.7917987861437723e-05, 0.0002396868512732908, 4.832564081880264e-05, 1.6061610949691385e-05, 0.0006667023408226669, 3.619466951931827e-05, 0.0008135565440170467, 1.6187581422855146e-05, 0.07159119844436646, 0.00017952796770259738]","[0.9227717518806458, 0.0761350616812706, 0.0010931906290352345]","[0.9227717518806458, 0.0761350616812706, 0.0010931906290352345]",False,DOĞRU,ONAY,False,False,292.6798999978928,"{""K1_input_and_readiness"": 0.06910000229254365, ""K7_context"": 0.0017999991541728377, ""K1_normalization"": 0.022299995180219412, ""K6_advisory"": 13.076299990643747, ""K1_intent"": 0.036999990697950125, ""K2_retrieval"": 160.16239998862147, ""K3_reranker"": 82.32459999271668, ""K8_weighted_ranking"": 1.600600007805042, ""K3_candidate_filters"": 6.476599999587052, ""K9_advisory_consensus"": 0.012499993317760527, ""K4_nli_and_bypass_check"": 24.858899996615946, ""K5_decision"": 0.31960000342223793}",12349
FACTURK-0412,DOĞRU,"[25558, 14076, 12923, 9754, 26971, 14240, 17150, 23260, 29982, 6486, 27024, 20627, 30247, 8462, 4346, 1566, 20983, 15630, 23840, 27647]","[0.6085359454154968, 9.610241977497935e-05, 0.0005725466180592775, 0.0018243826925754547, 5.475977377500385e-05, 0.00035419364576227963, 2.161314114346169e-05, 5.144220995134674e-05, 6.868317723274231e-05, 0.00012632041762117296, 0.0003053489199373871, 1.8200149497715756e-05, 1.6314539607265033e-05, 4.539786823443137e-05, 5.2662067901110277e-05, 6.553815910592675e-05, 0.00012533752305898815, 0.00012148174573667347, 2.818866414600052e-05, 0.00026530236937105656]","[0.16279730200767517, 0.7753363251686096, 0.061866357922554016]","[0.16279730200767517, 0.7753363251686096, 0.061866357922554016]",False,YALAN,RED,False,False,436.35119999817107,"{""K1_input_and_readiness"": 0.0422999873990193, ""K7_context"": 0.0014999968698248267, ""K1_normalization"": 0.008200004231184721, ""K6_advisory"": 11.16819999879226, ""K1_intent"": 0.032500000088475645, ""K2_retrieval"": 130.40799999726005, ""K3_reranker"": 63.58669999463018, ""K8_weighted_ranking"": 1.108700002077967, ""K3_candidate_filters"": 6.750299988198094, ""K9_advisory_consensus"": 0.009900002623908222, ""K4_nli_and_bypass_check"": 124.46729998919182, ""K5_decision"": 95.30660000746138}",25558
FACTURK-0413,DOĞRU,"[2640, 11323, 21853, 20696, 48, 27443, 28252, 11736, 12460, 27603, 27566, 24474, 21477, 1116, 16421, 23668, 4492, 18206, 16428, 2442]","[0.996434211730957, 1.6061610949691385e-05, 0.00064368563471362, 1.7778551409719512e-05, 0.0006337125087156892, 0.0003029734070878476, 1.67014204635052e-05, 1.6187581422855146e-05, 2.4300241420860402e-05, 1.6442494597868063e-05, 6.352188938762993e-05, 0.000191104321856983, 1.6187581422855146e-05, 2.977311669383198e-05, 4.298194107832387e-05, 1.7097478121286258e-05, 1.593661909282673e-05, 2.710879925871268e-05, 1.6187581422855146e-05, 5.391084778239019e-05]","[0.00047817089944146574, 0.0005323973018676043, 0.9989894032478333]","[0.00047817089944146574, 0.0005323973018676043, 0.9989894032478333]",False,DOĞRU,ONAY,False,False,347.8114000026835,"{""K1_input_and_readiness"": 0.06690000009257346, ""K7_context"": 0.001600012183189392, ""K1_normalization"": 0.009000010322779417, ""K6_advisory"": 9.955699992133304, ""K1_intent"": 0.027300004148855805, ""K2_retrieval"": 130.55980000353884, ""K3_reranker"": 101.61599999992177, ""K8_weighted_ranking"": 1.4306999946711585, ""K3_candidate_filters"": 7.076699999743141, ""K9_advisory_consensus"": 0.00890000956133008, ""K4_nli_and_bypass_check"": 63.7879999994766, ""K5_decision"": 29.891600002883933}",2640
FACTURK-0414,YALAN,"[26210, 1134, 7442, 9631, 5989, 14200, 291, 26063, 25536, 5253, 13022, 23178, 12870, 10077, 17867, 1788, 19200, 6189, 29624, 583]","[0.005774929653853178, 0.00026530236937105656, 0.00013982206291984767, 0.0002269338583573699, 0.008251599036157131, 0.11357959359884262, 0.01590639166533947, 0.022328782826662064, 0.0364251546561718, 0.00032503585680387914, 0.0003668626013677567, 0.0002269338583573699, 0.0014493984635919333, 0.10706345736980438, 0.007093862164765596, 1.6061610949691385e-05, 0.002074867021292448, 4.365878339740448e-05, 1.6187581422855146e-05, 2.818866414600052e-05]","[0.03580189496278763, 0.9630594253540039, 0.0011386926053091884]","[0.03580189496278763, 0.9630594253540039, 0.0011386926053091884]",False,YETERSİZ VERİ,RET,True,False,1076.6592999862041,"{""K1_input_and_readiness"": 0.05189998773857951, ""K7_context"": 0.0015999976312741637, ""K1_normalization"": 0.0109999964479357, ""K6_advisory"": 10.982599997078069, ""K1_intent"": 0.04710000939667225, ""K2_retrieval"": 197.63280000188388, ""K3_reranker"": 102.02320000098553, ""K8_weighted_ranking"": 1.0738999990280718, ""K3_candidate_filters"": 6.473300003563054, ""K9_advisory_consensus"": 0.008000002708286047, ""K4_nli_and_bypass_check"": 405.9876999963308, ""K5_decision"": 348.91159999824595}",14200
FACTURK-0415,DOĞRU,"[1375, 10701, 14044, 26261, 18719, 1388, 3786, 12334, 4166, 919, 1788, 10051, 26518, 27122, 7836, 17165, 2930, 15769, 7837, 1362]","[0.001085944357328117, 0.0012448433553799987, 4.006369272246957e-05, 1.6442494597868063e-05, 6.709224544465542e-05, 1.6442494597868063e-05, 2.265035072923638e-05, 0.00021485926117748022, 0.00039666122756898403, 1.6187581422855146e-05, 1.6187581422855146e-05, 1.6314539607265033e-05, 3.426849070820026e-05, 1.6061610949691385e-05, 0.022846195846796036, 1.6061610949691385e-05, 2.5071596610359848e-05, 1.6187581422855146e-05, 1.7778551409719512e-05, 2.2827996872365475e-05]","[0.0007604311686009169, 0.9941733479499817, 0.005066319834440947]","[0.0007604311686009169, 0.9941733479499817, 0.005066319834440947]",False,YETERSİZ VERİ,RET,True,False,580.7773999986239,"{""K1_input_and_readiness"": 0.042400002712383866, ""K7_context"": 0.0012999953469261527, ""K1_normalization"": 0.008000002708286047, ""K6_advisory"": 9.62739999522455, ""K1_intent"": 0.02440001117065549, ""K2_retrieval"": 121.34620000142604, ""K3_reranker"": 96.52859999914654, ""K8_weighted_ranking"": 1.313000000664033, ""K3_candidate_filters"": 6.553700004587881, ""K9_advisory_consensus"": 0.00650000583846122, ""K4_nli_and_bypass_check"": 175.358899999992, ""K5_decision"": 166.40060000645462}",4166
FACTURK-0416,YALAN,"[331, 24664, 6039, 10051, 22587, 10905, 6189, 28232, 27460, 12063, 21522, 21449, 12113, 21506, 9755, 28802, 22929, 7095, 21009, 16156]","[0.0005907104350626469, 5.02506154589355e-05, 0.0002472934720572084, 0.00018667821132112294, 1.892514956125524e-05, 0.005511934403330088, 0.0005815576296299696, 1.6061610949691385e-05, 1.657145367062185e-05, 9.028038039105013e-05, 1.6061610949691385e-05, 0.00012830943160224706, 1.6314539607265033e-05, 0.0009326360304839909, 0.001597845577634871, 0.00013032974675297737, 0.00014091856428422034, 1.6314539607265033e-05, 2.449082603561692e-05, 3.219233258278109e-05]","[0.46301358938217163, 0.5329253673553467, 0.004060995765030384]","[0.46301358938217163, 0.5329253673553467, 0.004060995765030384]",False,DOĞRU,ONAY,False,False,1022.5972000043839,"{""K1_input_and_readiness"": 0.07249999907799065, ""K7_context"": 0.001400010660290718, ""K1_normalization"": 0.011399999493733048, ""K6_advisory"": 10.303699993528426, ""K1_intent"": 0.029099988751113415, ""K2_retrieval"": 151.39790000102948, ""K3_reranker"": 94.48860000702552, ""K8_weighted_ranking"": 1.0920999920926988, ""K3_candidate_filters"": 6.989000001340173, ""K9_advisory_consensus"": 0.009700001101009548, ""K4_nli_and_bypass_check"": 351.35189999709837, ""K5_decision"": 403.0837000027532}",9755
FACTURK-0417,DOĞRU,"[4573, 3711, 20675, 10764, 15816, 27383, 1123, 3008, 27939, 8563, 12824, 6028, 29753, 5730, 5471, 4871, 15240, 25798, 20794, 29928]","[0.0016484829830005765, 1.7366719475830905e-05, 0.00026947917649522424, 1.7640199075685814e-05, 0.00015843621804378927, 1.6061610949691385e-05, 0.00021995337738189846, 7.141901005525142e-05, 0.000192602863535285, 1.6314539607265033e-05, 1.6061610949691385e-05, 7.311254739761353e-05, 1.6314539607265033e-05, 0.00026323829661123455, 2.392351052549202e-05, 2.0462934116949327e-05, 1.6442494597868063e-05, 1.6314539607265033e-05, 1.6061610949691385e-05, 2.1444948288262822e-05]","[0.02545863389968872, 0.9680061936378479, 0.006535125896334648]","[0.02545863389968872, 0.9680061936378479, 0.006535125896334648]",False,YALAN,RED,False,False,345.8200000022771,"{""K1_input_and_readiness"": 0.060999998822808266, ""K7_context"": 0.0014999968698248267, ""K1_normalization"": 0.011600001016631722, ""K6_advisory"": 14.21670000127051, ""K1_intent"": 0.039000005926936865, ""K2_retrieval"": 146.94890000100713, ""K3_reranker"": 141.36569999391213, ""K8_weighted_ranking"": 1.6153000033227727, ""K3_candidate_filters"": 7.144599992898293, ""K9_advisory_consensus"": 0.007800001185387373, ""K4_nli_and_bypass_check"": 30.748899996979162, ""K5_decision"": 0.39429999014828354}",25798
FACTURK-0418,YALAN,"[24613, 21415, 3897, 19484, 3409, 12068, 14105, 9527, 24015, 20136, 23132, 19420, 29365, 13795, 13335, 18348, 8680, 20985, 12265, 17227]","[0.0443485826253891, 0.0014269596431404352, 0.0016166499117389321, 0.03767939284443855, 0.0019342610612511635, 0.07198162376880646, 0.010408313944935799, 0.003579642390832305, 0.5323339700698853, 0.09982065856456757, 0.00651349825784564, 0.0018675660248845816, 2.566613329690881e-05, 0.4607134461402893, 0.01750955730676651, 0.013171950355172157, 2.5071596610359848e-05, 0.006641112733632326, 0.03390795737504959, 0.00043055712012574077]","[0.0018938876455649734, 0.9715240597724915, 0.02658197097480297]","[0.0018938876455649734, 0.9715240597724915, 0.02658197097480297]",False,YALAN,UYARI,False,False,1190.5450000049314,"{""K1_input_and_readiness"": 0.06580000626854599, ""K7_context"": 0.0016999983927235007, ""K1_normalization"": 0.012900010915473104, ""K6_advisory"": 13.681399999768473, ""K1_intent"": 0.053799987654201686, ""K2_retrieval"": 197.43060000473633, ""K3_reranker"": 91.05129999807104, ""K8_weighted_ranking"": 1.2538000009953976, ""K3_candidate_filters"": 6.118900011642836, ""K9_advisory_consensus"": 0.007099995855242014, ""K4_nli_and_bypass_check"": 472.7372000052128, ""K5_decision"": 404.8544000106631}",24015
FACTURK-0419,DOĞRU,"[2263, 4563, 28522, 21926, 23489, 22945, 1205, 28064, 13212, 24841, 2305, 29293, 14450, 18134, 11836, 26952, 24298, 25747, 27660, 15286]","[0.1559762954711914, 0.04931359738111496, 0.004681822378188372, 0.00025315635139122605, 2.3369333575828932e-05, 0.23074638843536377, 0.0024438868276774883, 0.0028560124337673187, 0.0007885457598604262, 0.0032224843744188547, 0.00034870431409217417, 0.0010443859500810504, 0.0008492455235682428, 8.156224066624418e-05, 0.0055333878844976425, 0.0024249141570180655, 0.004198795650154352, 1.6061610949691385e-05, 0.0021657671313732862, 6.761842087144032e-05]","[0.0004055859171785414, 0.9964690208435059, 0.003125423099845648]","[0.0004055859171785414, 0.9964690208435059, 0.003125423099845648]",False,YETERSİZ VERİ,RET,True,False,322.16879999032244,"{""K1_input_and_readiness"": 0.06550000398419797, ""K7_context"": 0.0012999953469261527, ""K1_normalization"": 0.010599993402138352, ""K6_advisory"": 13.094599999021739, ""K1_intent"": 0.04049998824484646, ""K2_retrieval"": 155.05499999562744, ""K3_reranker"": 114.87320000014734, ""K8_weighted_ranking"": 1.6247000021394342, ""K3_candidate_filters"": 7.336800001212396, ""K9_advisory_consensus"": 0.008500006515532732, ""K4_nli_and_bypass_check"": 26.001699996413663, ""K5_decision"": 0.3806000022450462}",22945
FACTURK-0420,YALAN,"[16937, 5137, 2701, 13918, 5659, 21457, 14324, 23624, 1232, 20727, 29541, 26065, 1788, 926, 21058, 15905, 19604, 27336, 23377, 22248]","[0.00014883848780300468, 5.2662067901110277e-05, 1.6061610949691385e-05, 0.00028462239424698055, 0.02881619706749916, 1.6187581422855146e-05, 2.6897845600615256e-05, 8.750300185056403e-05, 1.6187581422855146e-05, 1.892514956125524e-05, 1.657145367062185e-05, 0.0059110685251653194, 1.6187581422855146e-05, 0.00016603845870122313, 0.0009697519708424807, 9.242113446816802e-05, 1.6187581422855146e-05, 1.6187581422855146e-05, 1.805851934477687e-05, 0.00031258779927156866]","[0.010035074315965176, 0.9863162636756897, 0.0036486880853772163]","[0.010035074315965176, 0.9863162636756897, 0.0036486880853772163]",False,YALAN,UYARI,False,False,707.0318999903975,"{""K1_input_and_readiness"": 0.045599997974932194, ""K7_context"": 0.0011999945854768157, ""K1_normalization"": 0.012400007108226418, ""K6_advisory"": 11.070799999288283, ""K1_intent"": 0.031799994758330286, ""K2_retrieval"": 140.58619999559596, ""K3_reranker"": 77.26439999532886, ""K8_weighted_ranking"": 1.3054000010015443, ""K3_candidate_filters"": 6.726500010699965, ""K9_advisory_consensus"": 0.006799993570894003, ""K4_nli_and_bypass_check"": 247.41929999436252, ""K5_decision"": 219.38260000024457}",5659
FACTURK-0421,YALAN,"[20918, 5519, 6914, 3241, 16178, 25249, 834, 27035, 26176, 20923, 7660, 7649, 18970, 26201, 5488, 26358, 17242, 21616, 2304, 10792]","[0.022759154438972473, 0.009936418384313583, 0.0001442598586436361, 0.0007524627726525068, 0.0005930210463702679, 0.0063635739497840405, 0.00021995337738189846, 0.0014381353976204991, 0.0002982776495628059, 0.0012065897462889552, 0.003538086311891675, 0.0006771942134946585, 0.009196552447974682, 0.0006798428948968649, 0.0016613906482234597, 0.024191485717892647, 0.0024822766426950693, 0.00021654405281879008, 0.0022694687359035015, 1.6187581422855146e-05]","[0.08776051551103592, 0.33744868636131287, 0.5747908353805542]","[0.08776051551103592, 0.33744868636131287, 0.5747908353805542]",False,YALAN,RED,False,False,339.3115999933798,"{""K1_input_and_readiness"": 0.04549999721348286, ""K7_context"": 0.0020000006770715117, ""K1_normalization"": 0.008399991202168167, ""K6_advisory"": 11.192299993126653, ""K1_intent"": 0.023800006601959467, ""K2_retrieval"": 99.67230001348071, ""K3_reranker"": 52.88490001112223, ""K8_weighted_ranking"": 1.076700005796738, ""K3_candidate_filters"": 6.205600002431311, ""K9_advisory_consensus"": 0.006799993570894003, ""K4_nli_and_bypass_check"": 103.32229999767151, ""K5_decision"": 60.865699997521006}",26358
FACTURK-0422,YALAN,"[7487, 8774, 3567, 8652, 18977, 1956, 19796, 4380, 7332, 9393, 6618, 25757, 4432, 18538, 23946, 7834, 24706, 9697, 2534, 7761]","[0.9207897186279297, 0.0009004466701298952, 0.0007014083093963563, 0.0011291546979919076, 6.657015910604969e-05, 0.002182716503739357, 0.00021995337738189846, 0.003324436955153942, 0.0001956353517016396, 0.000347345310728997, 0.00012148174573667347, 0.00020825010142289102, 0.0015792594058439136, 0.0003640086797531694, 0.005641908384859562, 0.00014313739666249603, 0.005469274241477251, 0.0030278346966952085, 0.0012065897462889552, 1.657145367062185e-05]","[0.0021909275092184544, 0.009838252328336239, 0.987970769405365]","[0.0021909275092184544, 0.009838252328336239, 0.987970769405365]",False,YALAN,UYARI,False,False,243.71650000102818,"{""K1_input_and_readiness"": 0.054799995268695056, ""K7_context"": 0.0013999961083754897, ""K1_normalization"": 0.010599993402138352, ""K6_advisory"": 12.016200009384193, ""K1_intent"": 0.02929999027401209, ""K2_retrieval"": 117.09980000159703, ""K3_reranker"": 79.75299999816343, ""K8_weighted_ranking"": 1.110600001993589, ""K3_candidate_filters"": 6.074200005969033, ""K9_advisory_consensus"": 0.007599999662488699, ""K4_nli_and_bypass_check"": 23.876200008089654, ""K5_decision"": 0.3963000053772703}",7487
FACTURK-0423,DOĞRU,"[28582, 13321, 15747, 2786, 7288, 29572, 24542, 8833, 4376, 5364, 28903, 7122, 9491, 25545, 28463, 3094, 15967, 18427, 2262, 11200]","[4.6474400733131915e-05, 4.469407213036902e-05, 3.4001819585682824e-05, 1.6187581422855146e-05, 1.6314539607265033e-05, 0.00011501735571073368, 0.004792316351085901, 0.001151399570517242, 1.6187581422855146e-05, 1.7640199075685814e-05, 1.6314539607265033e-05, 1.6187581422855146e-05, 1.657145367062185e-05, 0.0001097509084502235, 1.657145367062185e-05, 0.00010310211655450985, 3.321419353596866e-05, 0.00027372167096473277, 2.265035072923638e-05, 2.195349043176975e-05]","[0.06954686343669891, 0.9296185374259949, 0.0008345599635504186]","[0.06954686343669891, 0.9296185374259949, 0.0008345599635504186]",False,YETERSİZ VERİ,RET,True,False,629.3673999898601,"{""K1_input_and_readiness"": 0.0484000047435984, ""K7_context"": 0.0013999961083754897, ""K1_normalization"": 0.009700001101009548, ""K6_advisory"": 12.009300000499934, ""K1_intent"": 0.030800001695752144, ""K2_retrieval"": 119.51779999071732, ""K3_reranker"": 111.9707999896491, ""K8_weighted_ranking"": 1.2537000002339482, ""K3_candidate_filters"": 6.5777999989222735, ""K9_advisory_consensus"": 0.008099988917820156, ""K4_nli_and_bypass_check"": 202.48750000610016, ""K5_decision"": 172.2314000071492}",8833
FACTURK-0424,DOĞRU,"[13465, 16334, 6915, 10712, 28039, 25033, 4770, 27675, 2461, 22599, 25630, 15240, 28423, 20837, 29871, 2285, 14221, 11397, 30040, 7577]","[0.02080448903143406, 0.0006214630557224154, 6.402006692951545e-05, 0.00012148174573667347, 0.00039357561036013067, 1.6187581422855146e-05, 1.9373936083866283e-05, 1.6187581422855146e-05, 1.8631746570463292e-05, 1.750292540236842e-05, 1.6061610949691385e-05, 1.6187581422855146e-05, 1.6314539607265033e-05, 0.0001511819864390418, 1.6442494597868063e-05, 1.6442494597868063e-05, 4.6474400733131915e-05, 1.7231572201126255e-05, 1.805851934477687e-05, 1.6061610949691385e-05]","[0.0026879990473389626, 0.991236686706543, 0.006075271870940924]","[0.0026879990473389626, 0.991236686706543, 0.006075271870940924]",False,YETERSİZ VERİ,RET,True,False,1094.3692999862833,"{""K1_input_and_readiness"": 0.06559999019373208, ""K7_context"": 0.0017999991541728377, ""K1_normalization"": 0.012199991033412516, ""K6_advisory"": 14.473300005192868, ""K1_intent"": 0.046599991037510335, ""K2_retrieval"": 145.67830000305548, ""K3_reranker"": 73.3269000047585, ""K8_weighted_ranking"": 1.8720000080065802, ""K3_candidate_filters"": 9.076100002857856, ""K9_advisory_consensus"": 0.011200012522749603, ""K4_nli_and_bypass_check"": 467.07130000868347, ""K5_decision"": 379.22590000380296}",15240
FACTURK-0425,DOĞRU,"[9581, 23000, 12500, 15573, 2910, 9061, 11467, 1499, 610, 18701, 14098, 16856, 13912, 30193, 21000, 27730, 9584, 29080, 23363, 9308]","[2.178264912799932e-05, 2.1278065105434507e-05, 4.298194107832387e-05, 0.00026738259475678205, 3.619466951931827e-05, 4.037790131405927e-05, 6.868317723274231e-05, 0.002225670963525772, 1.6187581422855146e-05, 0.0003053489199373871, 5.1845658163074404e-05, 0.00017674513219390064, 5.5622065701754764e-05, 6.922183820279315e-05, 1.6061610949691385e-05, 0.00012731103925034404, 8.156224066624418e-05, 0.00034196203341707587, 3.095910506090149e-05, 2.586742994026281e-05]","[0.034096263349056244, 0.9624862670898438, 0.0034174504689872265]","[0.034096263349056244, 0.9624862670898438, 0.0034174504689872265]",False,YETERSİZ VERİ,RET,True,False,1031.1424000101397,"{""K1_input_and_readiness"": 0.06080001185182482, ""K7_context"": 0.0016999983927235007, ""K1_normalization"": 0.011600001016631722, ""K6_advisory"": 10.972999996738508, ""K1_intent"": 0.037999998312443495, ""K2_retrieval"": 242.7839000010863, ""K3_reranker"": 123.77970000670757, ""K8_weighted_ranking"": 1.728900009766221, ""K3_candidate_filters"": 9.970600003725849, ""K9_advisory_consensus"": 0.01030000566970557, ""K4_nli_and_bypass_check"": 320.8457000000635, ""K5_decision"": 316.1480999988271}",1499
FACTURK-0426,DOĞRU,"[14525, 487, 9150, 8347, 20305, 21007, 28685, 22551, 28629, 29881, 19258, 1272, 13541, 1701, 23431, 26355, 15787, 26166, 12161, 15264]","[0.9330658316612244, 0.019606182351708412, 0.002540992572903633, 0.0021322614047676325, 0.7585106492042542, 0.00041568948654457927, 0.00651349825784564, 0.019531238824129105, 0.007431773468852043, 0.0035243413876742125, 0.02489279955625534, 0.001052568550221622, 0.018440209329128265, 0.07369627058506012, 5.738759500673041e-05, 0.0012545944191515446, 0.00018522572645451874, 0.0029008574783802032, 0.0009217804181389511, 0.004399412777274847]","[0.0009525201749056578, 0.9967310428619385, 0.002316431375220418]","[0.0009525201749056578, 0.9967310428619385, 0.002316431375220418]",False,YETERSİZ VERİ,RET,True,False,393.2570999895688,"{""K1_input_and_readiness"": 0.07569999434053898, ""K7_context"": 0.0018999999156221747, ""K1_normalization"": 0.013199998647905886, ""K6_advisory"": 11.219899999559857, ""K1_intent"": 0.04150001041125506, ""K2_retrieval"": 206.6637000098126, ""K3_reranker"": 133.614900012617, ""K8_weighted_ranking"": 1.2798999960068613, ""K3_candidate_filters"": 6.993799994233996, ""K9_advisory_consensus"": 0.018699996871873736, ""K4_nli_and_bypass_check"": 29.48369999649003, ""K5_decision"": 0.1976999919861555}",20305
FACTURK-0427,YALAN,"[20175, 15673, 16404, 2409, 22840, 23708, 6593, 29203, 22626, 1178, 25169, 438, 13315, 15160, 16, 4991, 28765, 23481, 16026, 25382]","[0.08284562826156616, 0.7851439118385315, 0.05070536583662033, 0.07963873445987701, 0.6782203912734985, 1.805851934477687e-05, 0.0008231385727412999, 0.00013552077871281654, 0.4131811261177063, 0.001081715221516788, 0.0021657671313732862, 0.019985152408480644, 2.977311669383198e-05, 0.008251599036157131, 1.6187581422855146e-05, 0.006589771714061499, 0.058884695172309875, 1.7778551409719512e-05, 0.0009399438858963549, 9.685608529252931e-05]","[0.06308747828006744, 0.9288761615753174, 0.008036353625357151]","[0.06308747828006744, 0.9288761615753174, 0.008036353625357151]",False,YETERSİZ VERİ,RET,True,False,2104.543500012369,"{""K1_input_and_readiness"": 0.10650001058820635, ""K7_context"": 0.0014999968698248267, ""K1_normalization"": 0.02510000194888562, ""K6_advisory"": 13.41369999863673, ""K1_intent"": 0.05879999662283808, ""K2_retrieval"": 274.68849999422673, ""K3_reranker"": 124.05430000217166, ""K8_weighted_ranking"": 1.4184000028762966, ""K3_candidate_filters"": 6.852799997432157, ""K9_advisory_consensus"": 0.00790000194683671, ""K4_nli_and_bypass_check"": 853.7758999882499, ""K5_decision"": 826.5192999970168}",20175
FACTURK-0428,YALAN,"[8278, 16862, 2424, 11788, 23579, 24525, 24380, 3559, 3378, 5344, 15442, 14848, 19757, 20972, 27696, 5122, 12437, 25041, 8004, 14667]","[0.016593176871538162, 0.009412589482963085, 0.022328782826662064, 0.018797073513269424, 0.014172364957630634, 0.9133679866790771, 0.03004336729645729, 0.04084571450948715, 0.003914823289960623, 0.005576545372605324, 0.0010566838318482041, 0.006338921841233969, 0.1672186702489853, 0.00040290519245900214, 0.0008592476369813085, 0.08108212053775787, 2.9541422918555327e-05, 0.001512938179075718, 0.0022170129232108593, 0.0008426423300988972]","[0.0002837885986082256, 0.9382251501083374, 0.06149108707904816]","[0.0002837885986082256, 0.9382251501083374, 0.06149108707904816]",False,YETERSİZ VERİ,RET,True,False,910.0899000040954,"{""K1_input_and_readiness"": 0.0543000060133636, ""K7_context"": 0.0016999983927235007, ""K1_normalization"": 0.01060000795405358, ""K6_advisory"": 11.724900003173389, ""K1_intent"": 0.04449998959898949, ""K2_retrieval"": 156.48700000019744, ""K3_reranker"": 217.6610000024084, ""K8_weighted_ranking"": 1.3783000031253323, ""K3_candidate_filters"": 6.4624000078765675, ""K9_advisory_consensus"": 0.008000002708286047, ""K4_nli_and_bypass_check"": 252.86590000905562, ""K5_decision"": 259.4321999931708}",24525
FACTURK-0429,DOĞRU,"[11936, 15463, 18230, 25875, 3233, 24053, 11989, 24871, 2007, 526, 17961, 6196, 835, 28633, 10771, 9479, 7529, 22219, 25375, 22152]","[0.9734434485435486, 0.28140559792518616, 1.9525883544702083e-05, 4.231559796608053e-05, 2.4300241420860402e-05, 2.014569145103451e-05, 0.0005907104350626469, 2.3369333575828932e-05, 9.098840382648632e-05, 1.67014204635052e-05, 1.6442494597868063e-05, 0.0063635739497840405, 0.00026738259475678205, 0.011331753805279732, 0.0389750711619854, 0.000810387369710952, 1.750292540236842e-05, 2.2474090656032786e-05, 0.00018814207578543574, 2.732141365413554e-05]","[0.000480964663438499, 0.0005634039989672601, 0.9989556074142456]","[0.000480964663438499, 0.0005634039989672601, 0.9989556074142456]",False,DOĞRU,ONAY,False,False,302.2024999954738,"{""K1_input_and_readiness"": 0.06380000559147447, ""K7_context"": 0.0017999991541728377, ""K1_normalization"": 0.012699994840659201, ""K6_advisory"": 12.280800001462922, ""K1_intent"": 0.031799994758330286, ""K2_retrieval"": 127.53309999243356, ""K3_reranker"": 54.63210000016261, ""K8_weighted_ranking"": 1.3327000051504, ""K3_candidate_filters"": 7.194699996034615, ""K9_advisory_consensus"": 0.008899995009414852, ""K4_nli_and_bypass_check"": 62.994300009449944, ""K5_decision"": 32.548100003623404}",11936
FACTURK-0430,DOĞRU,"[5082, 28961, 1571, 12277, 7186, 5225, 26770, 9796, 22701, 853, 23694, 23153, 21895, 28705, 16389, 20822, 6166, 14013, 6290, 4289]","[1.750292540236842e-05, 1.6314539607265033e-05, 1.7778551409719512e-05, 1.6061610949691385e-05, 1.7366719475830905e-05, 0.00019411319226492196, 1.6314539607265033e-05, 0.0007293288363143802, 2.0785171727766283e-05, 3.70529705833178e-05, 0.0017683517653495073, 1.6442494597868063e-05, 0.00028685410507023335, 1.67014204635052e-05, 1.6187581422855146e-05, 0.004848532844334841, 0.005220125429332256, 8.957788668340072e-05, 1.683241134742275e-05, 1.6442494597868063e-05]","[0.06309641152620316, 0.9222282767295837, 0.014675329439342022]","[0.06309641152620316, 0.9222282767295837, 0.014675329439342022]",False,YETERSİZ VERİ,RET,True,False,667.5458000099752,"{""K1_input_and_readiness"": 0.04780000017490238, ""K7_context"": 0.0013999961083754897, ""K1_normalization"": 0.0092999980552122, ""K6_advisory"": 10.805199999595061, ""K1_intent"": 0.03999999898951501, ""K2_retrieval"": 141.0189000016544, ""K3_reranker"": 66.36189999699127, ""K8_weighted_ranking"": 1.1546000023372471, ""K3_candidate_filters"": 6.571399993845262, ""K9_advisory_consensus"": 0.00790000194683671, ""K4_nli_and_bypass_check"": 235.4261000000406, ""K5_decision"": 200.79110001097433}",20822
FACTURK-0431,DOĞRU,"[25167, 13874, 11338, 14372, 16147, 12063, 8176, 6149, 14728, 6952, 20316, 21318, 28877, 2485, 17796, 29913, 28633, 5394, 19220, 11605]","[0.0003029734070878476, 1.7917987861437723e-05, 7.782753527862951e-05, 4.985958003089763e-05, 0.003469890682026744, 2.818866414600052e-05, 1.7366719475830905e-05, 0.0005336928297765553, 0.004755199886858463, 0.00037409563083201647, 0.0001823546044761315, 1.657145367062185e-05, 1.657145367062185e-05, 0.00027372167096473277, 0.0012303582625463605, 0.0030515100806951523, 1.8486754925106652e-05, 0.0004044814850203693, 0.003429603995755315, 1.8486754925106652e-05]","[0.002248330507427454, 0.9845839738845825, 0.013167689554393291]","[0.002248330507427454, 0.9845839738845825, 0.013167689554393291]",False,YETERSİZ VERİ,RET,True,False,2069.1340000048513,"{""K1_input_and_readiness"": 0.13980000221636146, ""K7_context"": 0.0030999945010989904, ""K1_normalization"": 0.021599989850074053, ""K6_advisory"": 23.332400000072084, ""K1_intent"": 0.06330000178422779, ""K2_retrieval"": 230.07660001167096, ""K3_reranker"": 148.6095000000205, ""K8_weighted_ranking"": 1.1205000046174973, ""K3_candidate_filters"": 5.806499990285374, ""K9_advisory_consensus"": 0.00689999433234334, ""K4_nli_and_bypass_check"": 853.3660999964923, ""K5_decision"": 803.1319000001531}",16147
FACTURK-0432,DOĞRU,"[24888, 18332, 3471, 18630, 9719, 23536, 20075, 8448, 15476, 6941, 22474, 1024, 29315, 22908, 14624, 21526, 2443, 9552, 1865, 17049]","[0.3443332016468048, 0.003403005190193653, 2.4876489987946115e-05, 0.0003611769643612206, 2.1112482500029728e-05, 1.6061610949691385e-05, 0.04724971577525139, 0.0013617033837363124, 0.03488088399171829, 0.008030813187360764, 0.0009659748757258058, 1.8486754925106652e-05, 0.055005285888910294, 0.002833849750459194, 0.0004974745097570121, 0.0014381353976204991, 2.5466406441410072e-05, 0.0008459375239908695, 5.104190859128721e-05, 0.0004747042548842728]","[0.3945389986038208, 0.5411171913146973, 0.06434384733438492]","[0.3945389986038208, 0.5411171913146973, 0.06434384733438492]",False,YETERSİZ VERİ,RET,True,False,378.54209999204613,"{""K1_input_and_readiness"": 0.04089999129064381, ""K7_context"": 0.0011999945854768157, ""K1_normalization"": 0.006900008884258568, ""K6_advisory"": 10.771900007966906, ""K1_intent"": 0.02409999433439225, ""K2_retrieval"": 121.20709998998791, ""K3_reranker"": 86.86830000078771, ""K8_weighted_ranking"": 1.4407999988179654, ""K3_candidate_filters"": 7.030499997199513, ""K9_advisory_consensus"": 0.008100003469735384, ""K4_nli_and_bypass_check"": 82.02319999691099, ""K5_decision"": 65.7294999982696}",18332
FACTURK-0433,YALAN,"[26435, 25133, 24275, 12637, 19323, 11359, 12682, 4354, 1747, 25027, 10376, 6279, 24768, 14174, 12463, 29961, 13159, 18615, 14749, 27454]","[1.6061610949691385e-05, 0.0020507434383034706, 5.1845658163074404e-05, 4.469407213036902e-05, 2.7751651941798627e-05, 1.6061610949691385e-05, 0.026355354115366936, 0.013325147330760956, 2.318747829122003e-05, 0.003403005190193653, 0.0019418168812990189, 1.6187581422855146e-05, 0.00018522572645451874, 1.6187581422855146e-05, 8.349628478754312e-05, 0.0020507434383034706, 1.6187581422855146e-05, 0.00020184421737212688, 1.6314539607265033e-05, 0.00821969285607338]","[0.9982019662857056, 0.0014760270714759827, 0.00032203117734752595]","[0.9982019662857056, 0.0014760270714759827, 0.00032203117734752595]",False,DOĞRU,ONAY,False,False,1092.9349000070943,"{""K1_input_and_readiness"": 0.0644999963697046, ""K7_context"": 0.001200009137392044, ""K1_normalization"": 0.012699994840659201, ""K6_advisory"": 11.152199993375689, ""K1_intent"": 0.036600002204068005, ""K2_retrieval"": 158.0725999956485, ""K3_reranker"": 117.1230000036303, ""K8_weighted_ranking"": 1.0940999927697703, ""K3_candidate_filters"": 5.431700003100559, ""K9_advisory_consensus"": 0.007599999662488699, ""K4_nli_and_bypass_check"": 405.8439999935217, ""K5_decision"": 390.70360000187065}",10376
FACTURK-0434,DOĞRU,"[11581, 13838, 26468, 12089, 12622, 11648, 1575, 25113, 10139, 27847, 3817, 27391, 9150, 15787, 14040, 9414, 9071, 11740, 30247, 12068]","[9.535461140330881e-05, 5.475977377500385e-05, 1.657145367062185e-05, 2.818866414600052e-05, 0.005119676236063242, 5.694102947018109e-05, 2.977311669383198e-05, 0.04107588902115822, 1.6187581422855146e-05, 2.030369250860531e-05, 2.030369250860531e-05, 1.6187581422855146e-05, 0.00011501735571073368, 0.00013982206291984767, 2.1112482500029728e-05, 1.6187581422855146e-05, 1.657145367062185e-05, 0.0017007222631946206, 1.6187581422855146e-05, 2.0623421733034775e-05]","[0.035247012972831726, 0.9591924548149109, 0.005560572724789381]","[0.035247012972831726, 0.9591924548149109, 0.005560572724789381]",False,YETERSİZ VERİ,RET,True,False,971.0390999971423,"{""K1_input_and_readiness"": 0.05390000296756625, ""K7_context"": 0.0016999983927235007, ""K1_normalization"": 0.0261999957729131, ""K6_advisory"": 11.970499996095896, ""K1_intent"": 0.033200005418621004, ""K2_retrieval"": 142.05770000990015, ""K3_reranker"": 90.86709999246523, ""K8_weighted_ranking"": 1.4756000018678606, ""K3_candidate_filters"": 8.463099991786294, ""K9_advisory_consensus"": 0.009800001862458885, ""K4_nli_and_bypass_check"": 382.9306999978144, ""K5_decision"": 329.58249999501277}",15787
FACTURK-0435,DOĞRU,"[15719, 4308, 25675, 10971, 17172, 741, 9375, 24006, 10494, 3416, 22355, 8281, 9228, 25284, 4144, 6420, 24164, 5588, 3941, 6047]","[0.0077555361203849316, 2.030369250860531e-05, 0.0011160142021253705, 0.4714969992637634, 0.08344116806983948, 3.071818719035946e-05, 3.1201914680423215e-05, 1.7640199075685814e-05, 5.02506154589355e-05, 3.024195939360652e-05, 0.00011682839976856485, 0.011732463724911213, 0.00017536994710098952, 4.870464181294665e-05, 0.0002780309587251395, 0.0008559006964787841, 2.094818773912266e-05, 1.6442494597868063e-05, 0.0004565269045997411, 2.392351052549202e-05]","[0.0015322993276640773, 0.997532844543457, 0.0009348481544293463]","[0.0015322993276640773, 0.997532844543457, 0.0009348481544293463]",False,YETERSİZ VERİ,RET,True,False,790.015399994445,"{""K1_input_and_readiness"": 0.0543000060133636, ""K7_context"": 0.0014999968698248267, ""K1_normalization"": 0.010599993402138352, ""K6_advisory"": 12.02979999652598, ""K1_intent"": 0.03370000922586769, ""K2_retrieval"": 140.44499999727122, ""K3_reranker"": 92.48789999401197, ""K8_weighted_ranking"": 1.624699987587519, ""K3_candidate_filters"": 8.574599996791221, ""K9_advisory_consensus"": 0.010599993402138352, ""K4_nli_and_bypass_check"": 286.18460000143386, ""K5_decision"": 243.34520001139026}",6047
FACTURK-0436,YALAN,"[27894, 9220, 29106, 27219, 15787, 21007, 24869, 6704, 9150, 3315, 29050, 25225, 19258, 22465, 21169, 3912, 19237, 22732, 7147, 12189]","[0.008610767312347889, 0.027169233188033104, 0.83601975440979, 0.0014550630003213882, 0.017712298780679703, 0.44773194193840027, 0.0905744731426239, 0.13466207683086395, 0.5700920224189758, 0.03126191347837448, 0.2073751986026764, 0.015365341678261757, 0.0064882696606218815, 0.26759952306747437, 0.25701841711997986, 0.04001227021217346, 0.06418264657258987, 0.008412977680563927, 0.010328153148293495, 0.17938674986362457]","[0.020193474367260933, 0.9789327383041382, 0.0008736971649341285]","[0.020193474367260933, 0.9789327383041382, 0.0008736971649341285]",False,YETERSİZ VERİ,RET,True,False,850.4640000028303,"{""K1_input_and_readiness"": 0.086499989265576, ""K7_context"": 0.0014999968698248267, ""K1_normalization"": 0.013999990187585354, ""K6_advisory"": 13.547800001106225, ""K1_intent"": 0.03819999983534217, ""K2_retrieval"": 165.82510000444017, ""K3_reranker"": 99.15179999370594, ""K8_weighted_ranking"": 1.273300003958866, ""K3_candidate_filters"": 6.582599991816096, ""K9_advisory_consensus"": 0.007699985872022808, ""K4_nli_and_bypass_check"": 315.80050000047777, ""K5_decision"": 244.75189999793656}",29106
FACTURK-0437,DOĞRU,"[1217, 18277, 14868, 23453, 4021, 20275, 25862, 17644, 10293, 24167, 30288, 8783, 19754, 24088, 3104, 60, 2629, 21914, 255, 21429]","[0.0004747042548842728, 0.0007947254925966263, 4.6474400733131915e-05, 1.8777873265207745e-05, 0.0004108485300093889, 9.7615658887662e-05, 0.0003029734070878476, 2.566613329690881e-05, 0.004433765076100826, 0.0008040859247557819, 0.00026947917649522424, 2.265035072923638e-05, 2.0623421733034775e-05, 4.331903619458899e-05, 1.7231572201126255e-05, 1.6187581422855146e-05, 0.002521268092095852, 0.00013135180051904172, 0.0002251682453788817, 2.355261858610902e-05]","[0.005714226048439741, 0.9914899468421936, 0.002795791020616889]","[0.005714226048439741, 0.9914899468421936, 0.002795791020616889]",False,YALAN,RED,False,False,745.5711999937193,"{""K1_input_and_readiness"": 0.055800002883188426, ""K7_context"": 0.001300009898841381, ""K1_normalization"": 0.011200012522749603, ""K6_advisory"": 10.532200001762249, ""K1_intent"": 0.0278999941656366, ""K2_retrieval"": 116.74219999986235, ""K3_reranker"": 244.41480000677984, ""K8_weighted_ranking"": 1.3792000099783763, ""K3_candidate_filters"": 6.76720000046771, ""K9_advisory_consensus"": 0.007299997378140688, ""K4_nli_and_bypass_check"": 205.82989999093115, ""K5_decision"": 156.569099999615}",4021
FACTURK-0438,YALAN,"[9556, 21190, 14048, 13927, 9044, 22490, 3711, 2370, 26997, 29857, 25166, 5962, 15568, 11008, 23857, 12440, 13016, 13556, 836, 18102]","[0.015306354500353336, 0.00272558256983757, 5.874842099728994e-05, 1.6314539607265033e-05, 0.0053225355222821236, 1.7097478121286258e-05, 1.6187581422855146e-05, 1.6314539607265033e-05, 1.6442494597868063e-05, 1.6442494597868063e-05, 5.104190859128721e-05, 1.6061610949691385e-05, 1.6314539607265033e-05, 1.805851934477687e-05, 1.6314539607265033e-05, 1.657145367062185e-05, 1.6314539607265033e-05, 1.6187581422855146e-05, 0.00018961740715894848, 1.6061610949691385e-05]","[0.9859914183616638, 0.012405741028487682, 0.0016028329264372587]","[0.9859914183616638, 0.012405741028487682, 0.0016028329264372587]",False,DOĞRU,ONAY,False,False,572.2119999991264,"{""K1_input_and_readiness"": 0.04549999721348286, ""K7_context"": 0.0013999961083754897, ""K1_normalization"": 0.008300004992634058, ""K6_advisory"": 13.48110000253655, ""K1_intent"": 0.027300004148855805, ""K2_retrieval"": 114.89070000243373, ""K3_reranker"": 90.80689999973401, ""K8_weighted_ranking"": 1.0926999966613948, ""K3_candidate_filters"": 6.385599990608171, ""K9_advisory_consensus"": 0.00829999044071883, ""K4_nli_and_bypass_check"": 183.04570000327658, ""K5_decision"": 159.1889999981504}",9556
FACTURK-0439,DOĞRU,"[25343, 26464, 4945, 12068, 25194, 9689, 23127, 28337, 9642, 7812, 9695, 7270, 29365, 387, 23846, 26665, 20885, 23744, 350, 24531]","[4.1335399146191776e-05, 0.0006905414629727602, 0.00013552077871281654, 0.0002780309587251395, 0.0014269596431404352, 2.5071596610359848e-05, 2.178264912799932e-05, 1.6187581422855146e-05, 0.00016093082376755774, 1.6442494597868063e-05, 1.657145367062185e-05, 0.002082970691844821, 1.6187581422855146e-05, 1.6442494597868063e-05, 6.302758993115276e-05, 0.00021152888075448573, 2.3007036361377686e-05, 3.4537253668531775e-05, 1.6187581422855146e-05, 1.805851934477687e-05]","[0.00933923665434122, 0.987678587436676, 0.002982085570693016]","[0.00933923665434122, 0.987678587436676, 0.002982085570693016]",False,YETERSİZ VERİ,RET,True,False,571.0382999968715,"{""K1_input_and_readiness"": 0.04859999171458185, ""K7_context"": 0.0014999968698248267, ""K1_normalization"": 0.008200004231184721, ""K6_advisory"": 11.613099995884113, ""K1_intent"": 0.030499999411404133, ""K2_retrieval"": 125.37199999496806, ""K3_reranker"": 61.32320000324398, ""K8_weighted_ranking"": 1.2292000028537586, ""K3_candidate_filters"": 6.836399988969788, ""K9_advisory_consensus"": 0.007999988156370819, ""K4_nli_and_bypass_check"": 194.1484999988461, ""K5_decision"": 167.06769999291282}",12068
FACTURK-0440,YALAN,"[25396, 10366, 21223, 15723, 17009, 1570, 15832, 12404, 21796, 24237, 6309, 29575, 29574, 2859, 19834, 26659, 19369, 5612, 4420, 7495]","[0.00034329999471083283, 1.6442494597868063e-05, 0.00023782203788869083, 0.00017536994710098952, 0.00016474656877107918, 0.0019192374311387539, 1.6187581422855146e-05, 1.8631746570463292e-05, 1.6314539607265033e-05, 1.6442494597868063e-05, 0.0023322340566664934, 0.0003583672805689275, 0.0011786719551309943, 0.002491967985406518, 0.0004728544445242733, 0.00266261282376945, 0.0006190416170284152, 0.002491967985406518, 1.6314539607265033e-05, 1.8342892872169614e-05]","[0.001946020987816155, 0.994375467300415, 0.003678501583635807]","[0.001946020987816155, 0.994375467300415, 0.003678501583635807]",False,YALAN,RED,False,False,658.8532000023406,"{""K1_input_and_readiness"": 0.053800002206116915, ""K7_context"": 0.0011999945854768157, ""K1_normalization"": 0.00960000033956021, ""K6_advisory"": 11.019199999282137, ""K1_intent"": 0.03239999932702631, ""K2_retrieval"": 134.5836000109557, ""K3_reranker"": 65.51939999917522, ""K8_weighted_ranking"": 1.1112000065622851, ""K3_candidate_filters"": 6.034200006979518, ""K9_advisory_consensus"": 0.00650000583846122, ""K4_nli_and_bypass_check"": 235.2451999904588, ""K5_decision"": 201.88599999528378}",5612
FACTURK-0441,YALAN,"[2697, 3843, 15394, 4855, 21416, 28944, 5659, 2337, 19866, 20052, 21058, 14516, 11058, 11083, 20683, 5397, 25030, 13066, 2047, 18561]","[0.00010310211655450985, 1.9373936083866283e-05, 0.007876706309616566, 0.00011235327838221565, 1.6314539607265033e-05, 0.03327393904328346, 0.00985985528677702, 5.649793456541374e-05, 3.071818719035946e-05, 1.7231572201126255e-05, 0.0026522595435380936, 1.6314539607265033e-05, 0.0060739340260624886, 0.00034196203341707587, 0.0029694451950490475, 1.6314539607265033e-05, 2.0785171727766283e-05, 1.6314539607265033e-05, 1.67014204635052e-05, 0.004700060468167067]","[0.9762685298919678, 0.022015471011400223, 0.0017159857088699937]","[0.9762685298919678, 0.022015471011400223, 0.0017159857088699937]",False,DOĞRU,ONAY,False,False,268.1888999941293,"{""K1_input_and_readiness"": 0.05989999044686556, ""K7_context"": 0.0017999991541728377, ""K1_normalization"": 0.012800010154023767, ""K6_advisory"": 12.630299999727868, ""K1_intent"": 0.035599994589574635, ""K2_retrieval"": 132.19659999595024, ""K3_reranker"": 83.83309999771882, ""K8_weighted_ranking"": 1.5165000077104196, ""K3_candidate_filters"": 6.7959000007249415, ""K9_advisory_consensus"": 0.007599999662488699, ""K4_nli_and_bypass_check"": 27.453499991679564, ""K5_decision"": 0.2869000018108636}",28944
FACTURK-0442,YALAN,"[24760, 22441, 23745, 17360, 22762, 18976, 309, 11814, 19132, 16208, 7785, 5178, 4436, 29057, 21437, 20713, 22621, 23611, 26016, 11606]","[2.8857117285951972e-05, 6.302758993115276e-05, 0.004886374808847904, 0.003403005190193653, 0.000159678646014072, 0.0005295418086461723, 0.0015070488443598151, 0.000682501879055053, 0.014227046631276608, 0.00028462239424698055, 0.0009181900531984866, 0.0002959570847451687, 0.00013765462790615857, 0.00019871552649419755, 0.0006538155721500516, 0.0003006163169629872, 5.144220995134674e-05, 3.4001819585682824e-05, 0.000661517377011478, 0.0002715921145863831]","[0.9799386262893677, 0.019255608320236206, 0.0008057146333158016]","[0.9799386262893677, 0.019255608320236206, 0.0008057146333158016]",False,DOĞRU,ONAY,False,False,797.5504999922123,"{""K1_input_and_readiness"": 0.04429998807609081, ""K7_context"": 0.0011999945854768157, ""K1_normalization"": 0.008700008038431406, ""K6_advisory"": 11.553799995454028, ""K1_intent"": 0.041099992813542485, ""K2_retrieval"": 135.54979999025818, ""K3_reranker"": 148.06039999530185, ""K8_weighted_ranking"": 1.5534999984083697, ""K3_candidate_filters"": 7.071400003042072, ""K9_advisory_consensus"": 0.008200004231184721, ""K4_nli_and_bypass_check"": 263.9010999992024, ""K5_decision"": 225.29030000441708}",19132
FACTURK-0443,YALAN,"[4452, 26400, 8200, 20222, 10285, 22695, 4561, 28701, 4224, 24567, 13795, 12677, 14723, 13967, 18412, 20781, 29330, 16644, 4143, 22587]","[0.00028685410507023335, 0.06131153553724289, 0.00027372167096473277, 0.0006142272031866014, 0.002822832902893424, 0.0013045065570622683, 0.016721142455935478, 0.00017813112935982645, 0.0040543340146541595, 0.007785655092447996, 0.002992665395140648, 0.01615283451974392, 0.0003077430883422494, 0.03397199511528015, 0.0055333878844976425, 0.0009850083151832223, 0.004451041109859943, 0.0023413407616317272, 0.003324436955153942, 2.1278065105434507e-05]","[0.9748938679695129, 0.024269329383969307, 0.0008367597474716604]","[0.9748938679695129, 0.024269329383969307, 0.0008367597474716604]",False,DOĞRU,ONAY,False,False,903.0304000043543,"{""K1_input_and_readiness"": 0.062099992646835744, ""K7_context"": 0.0014999968698248267, ""K1_normalization"": 0.010299991117790341, ""K6_advisory"": 11.302700004307553, ""K1_intent"": 0.05190000229049474, ""K2_retrieval"": 148.3837000123458, ""K3_reranker"": 77.67279999097809, ""K8_weighted_ranking"": 1.2035000108880922, ""K3_candidate_filters"": 6.118700010119937, ""K9_advisory_consensus"": 0.007800001185387373, ""K4_nli_and_bypass_check"": 327.075799999875, ""K5_decision"": 327.6624999998603}",13967
FACTURK-0444,YALAN,"[10913, 12442, 15616, 4964, 19793, 15372, 19484, 28886, 5035, 22465, 6112, 12107, 5512, 2121, 2984, 9150, 16128, 17081, 10408, 27463]","[0.9826908707618713, 0.08772001415491104, 0.10320506244897842, 0.011823395267128944, 0.000954731716774404, 0.18892180919647217, 0.005040702875703573, 0.059101540595293045, 0.023153411224484444, 0.0487670972943306, 0.00019871552649419755, 0.0034970103297382593, 0.0002492325147613883, 0.009161027148365974, 0.05749328061938286, 2.161314114346169e-05, 0.017242778092622757, 3.373722574906424e-05, 0.03283695504069328, 0.00014539113908540457]","[0.002521116752177477, 0.9781270027160645, 0.01935184933245182]","[0.002521116752177477, 0.9781270027160645, 0.01935184933245182]",False,YETERSİZ VERİ,RET,True,False,542.3397999984445,"{""K1_input_and_readiness"": 0.055900003644637764, ""K7_context"": 0.0014999968698248267, ""K1_normalization"": 0.012300006346777081, ""K6_advisory"": 11.150200007250533, ""K1_intent"": 0.044800006435252726, ""K2_retrieval"": 164.99900000053458, ""K3_reranker"": 78.6256000137655, ""K8_weighted_ranking"": 1.215199998114258, ""K3_candidate_filters"": 6.702800004859455, ""K9_advisory_consensus"": 0.010000003385357559, ""K4_nli_and_bypass_check"": 155.73450000374578, ""K5_decision"": 120.29469999833964}",10913
FACTURK-0445,DOĞRU,"[7505, 21609, 12686, 1362, 195, 21056, 221, 17009, 24882, 21491, 2009, 14542, 1596, 20988, 23792, 25534, 4879, 6769, 48, 14659]","[0.9760379791259766, 0.0012065897462889552, 0.0002715921145863831, 1.750292540236842e-05, 0.0009735437924973667, 2.3737338779028505e-05, 0.0007793660624884069, 1.750292540236842e-05, 0.0003006163169629872, 1.67014204635052e-05, 1.7778551409719512e-05, 1.6442494597868063e-05, 3.7931622500764206e-05, 0.0005295418086461723, 1.6964426322374493e-05, 3.975192521465942e-05, 1.6187581422855146e-05, 2.178264912799932e-05, 1.7778551409719512e-05, 1.6442494597868063e-05]","[0.002829714212566614, 0.0004864766087848693, 0.9966837763786316]","[0.002829714212566614, 0.0004864766087848693, 0.9966837763786316]",False,DOĞRU,ONAY,False,False,488.24780000722967,"{""K1_input_and_readiness"": 0.050399990868754685, ""K7_context"": 0.0014999968698248267, ""K1_normalization"": 0.009099996532313526, ""K6_advisory"": 12.055499988491647, ""K1_intent"": 0.03170000854879618, ""K2_retrieval"": 119.54810000315774, ""K3_reranker"": 122.11039999965578, ""K8_weighted_ranking"": 1.3297999976202846, ""K3_candidate_filters"": 6.382999999914318, ""K9_advisory_consensus"": 0.007999988156370819, ""K4_nli_and_bypass_check"": 126.89090000640135, ""K5_decision"": 96.34920000098646}",7505
FACTURK-0446,YALAN,"[14191, 26166, 26006, 27564, 9705, 12966, 25177, 11155, 27317, 12161, 3458, 19205, 9150, 12729, 13369, 16903, 23132, 4305, 15494, 27436]","[0.00015720345254521817, 6.976470467634499e-05, 0.0002591582597233355, 1.805851934477687e-05, 4.298194107832387e-05, 0.00013552077871281654, 3.591300992411561e-05, 1.7778551409719512e-05, 1.67014204635052e-05, 4.7206227463902906e-05, 4.1659583075670525e-05, 1.6442494597868063e-05, 0.00011866796558024362, 1.6314539607265033e-05, 2.1278065105434507e-05, 1.6187581422855146e-05, 1.967902426258661e-05, 1.8777873265207745e-05, 1.6061610949691385e-05, 1.6187581422855146e-05]","[0.001283882069401443, 0.9964362382888794, 0.0022798439022153616]","[0.001283882069401443, 0.9964362382888794, 0.0022798439022153616]",False,YETERSİZ VERİ,RET,True,False,341.93349999259226,"{""K1_input_and_readiness"": 0.06049999501556158, ""K7_context"": 0.0016999983927235007, ""K1_normalization"": 0.014199991710484028, ""K6_advisory"": 10.741799997049384, ""K1_intent"": 0.038399986806325614, ""K2_retrieval"": 199.261400004616, ""K3_reranker"": 90.74830000463407, ""K8_weighted_ranking"": 1.2329000019235536, ""K3_candidate_filters"": 6.607599993003532, ""K9_advisory_consensus"": 0.007699985872022808, ""K4_nli_and_bypass_check"": 28.84690000792034, ""K5_decision"": 0.3811000060522929}",9150
FACTURK-0447,DOĞRU,"[9381, 21527, 7958, 10633, 23317, 30010, 18731, 2103, 9666, 20541, 1984, 7276, 11518, 11224, 693, 16607, 2155, 24276, 12671, 24165]","[0.0005549409543164074, 1.6442494597868063e-05, 0.00010229986219201237, 1.67014204635052e-05, 1.6964426322374493e-05, 1.6061610949691385e-05, 1.7917987861437723e-05, 0.0005680934991687536, 2.2827996872365475e-05, 3.9135655242716894e-05, 1.6314539607265033e-05, 2.2125668692751788e-05, 4.331903619458899e-05, 1.6187581422855146e-05, 2.3369333575828932e-05, 1.6442494597868063e-05, 1.67014204635052e-05, 3.8229114579735324e-05, 0.00018667821132112294, 0.00015843621804378927]","[0.13360615074634552, 0.8606511950492859, 0.005742666777223349]","[0.13360615074634552, 0.8606511950492859, 0.005742666777223349]",False,YALAN,RED,False,False,667.5866000005044,"{""K1_input_and_readiness"": 0.05319999763742089, ""K7_context"": 0.0018999999156221747, ""K1_normalization"": 0.010200004908256233, ""K6_advisory"": 13.061599995126016, ""K1_intent"": 0.03409999771974981, ""K2_retrieval"": 128.2950000022538, ""K3_reranker"": 61.635399993974715, ""K8_weighted_ranking"": 1.7186000040965155, ""K3_candidate_filters"": 8.73479999427218, ""K9_advisory_consensus"": 0.007700000423938036, ""K4_nli_and_bypass_check"": 234.51389999536332, ""K5_decision"": 215.91780000017025}",16607
FACTURK-0448,DOĞRU,"[17625, 8663, 16895, 26481, 17939, 19283, 22772, 3103, 18508, 3951, 6064, 7660, 14305, 25658, 21887, 27366, 24425, 13470, 16852, 24977]","[0.08137363195419312, 0.0029810327105224133, 0.00010554686014074832, 0.00020184421737212688, 0.0844927504658699, 9.535461140330881e-05, 0.0002396868512732908, 0.00025118677876889706, 0.0011972112115472555, 0.00017265156202483922, 4.434627408045344e-05, 2.977311669383198e-05, 1.657145367062185e-05, 0.0001837845629779622, 1.6187581422855146e-05, 0.0002591582597233355, 0.0002287133247591555, 0.0012893283274024725, 0.00013982206291984767, 0.00018961740715894848]","[0.0025950525887310505, 0.9960546493530273, 0.0013502456713467836]","[0.0025950525887310505, 0.9960546493530273, 0.0013502456713467836]",False,YETERSİZ VERİ,RET,True,False,296.83659999864176,"{""K1_input_and_readiness"": 0.07040001219138503, ""K7_context"": 0.0013999961083754897, ""K1_normalization"": 0.012400007108226418, ""K6_advisory"": 11.384800003725104, ""K1_intent"": 0.03530000685714185, ""K2_retrieval"": 179.5122000039555, ""K3_reranker"": 66.62889999279287, ""K8_weighted_ranking"": 1.2298000074224547, ""K3_candidate_filters"": 6.3086000009207055, ""K9_advisory_consensus"": 0.008100003469735384, ""K4_nli_and_bypass_check"": 27.72739999636542, ""K5_decision"": 0.410699998610653}",27366
FACTURK-0449,DOĞRU,"[137, 202, 20529, 16066, 23124, 1056, 7301, 16751, 12802, 20771, 23428, 20596, 18354, 139, 13753, 824, 2885, 199, 18945, 6224]","[0.029145970940589905, 0.023509452119469643, 0.0010122860549017787, 1.6314539607265033e-05, 2.229919846286066e-05, 1.9525883544702083e-05, 0.004198795650154352, 2.818866414600052e-05, 2.178264912799932e-05, 3.591300992411561e-05, 1.8777873265207745e-05, 7.484622619813308e-05, 1.6061610949691385e-05, 1.6187581422855146e-05, 0.010489090345799923, 1.750292540236842e-05, 3.9442587876692414e-05, 1.6187581422855146e-05, 1.6442494597868063e-05, 1.6187581422855146e-05]","[0.03799938037991524, 0.43743544816970825, 0.5245652198791504]","[0.03799938037991524, 0.43743544816970825, 0.5245652198791504]",False,YALAN,RED,False,False,577.7880999958143,"{""K1_input_and_readiness"": 0.0627999979769811, ""K7_context"": 0.0013999961083754897, ""K1_normalization"": 0.010799994925037026, ""K6_advisory"": 12.795799993909895, ""K1_intent"": 0.03460000152699649, ""K2_retrieval"": 139.4014999968931, ""K3_reranker"": 54.61460001242813, ""K8_weighted_ranking"": 2.844799993908964, ""K3_candidate_filters"": 8.443799990345724, ""K9_advisory_consensus"": 0.015400000847876072, ""K4_nli_and_bypass_check"": 231.18350000004284, ""K5_decision"": 124.22789999982342}",137
FACTURK-0450,DOĞRU,"[25030, 11726, 1293, 11964, 3796, 5479, 21608, 20210, 16721, 29809, 18409, 2395, 24851, 5391, 28877, 11235, 8785, 19802, 12342, 15673]","[3.5633544030133635e-05, 0.00016346470511052758, 2.0785171727766283e-05, 0.0003770285693462938, 8.750300185056403e-05, 1.8200149497715756e-05, 3.1201914680423215e-05, 5.783766391687095e-05, 5.144220995134674e-05, 5.518923353520222e-05, 1.657145367062185e-05, 1.6442494597868063e-05, 0.0004994205664843321, 1.750292540236842e-05, 1.6187581422855146e-05, 0.0014721895568072796, 4.400118632474914e-05, 4.101373633602634e-05, 0.0010322310263291001, 2.7751651941798627e-05]","[0.8932263851165771, 0.09344694018363953, 0.013326598331332207]","[0.8932263851165771, 0.09344694018363953, 0.013326598331332207]",False,DOĞRU,ONAY,False,False,801.4705999958096,"{""K1_input_and_readiness"": 0.06979999307077378, ""K7_context"": 0.0015999976312741637, ""K1_normalization"": 0.012799995602108538, ""K6_advisory"": 13.629900000523776, ""K1_intent"": 0.036999990697950125, ""K2_retrieval"": 138.62259998859372, ""K3_reranker"": 78.46399999107234, ""K8_weighted_ranking"": 1.1778000043705106, ""K3_candidate_filters"": 5.554100003791973, ""K9_advisory_consensus"": 0.006600006599910557, ""K4_nli_and_bypass_check"": 293.9326999912737, ""K5_decision"": 266.3137000054121}",20210
FACTURK-0451,DOĞRU,"[19719, 3682, 20867, 29740, 22320, 5073, 28039, 14249, 13440, 19280, 19329, 26359, 9102, 6141, 26435, 2951, 16987, 1506, 5253, 22738]","[0.999127209186554, 0.014672035351395607, 0.0015247863484546542, 0.00019871552649419755, 0.00012148174573667347, 0.00027372167096473277, 1.6187581422855146e-05, 0.001483718864619732, 0.0004784255870617926, 1.6314539607265033e-05, 0.0012303582625463605, 1.6187581422855146e-05, 1.6187581422855146e-05, 8.284655632451177e-05, 1.6061610949691385e-05, 2.977311669383198e-05, 7.197912054834887e-05, 3.219233258278109e-05, 1.6187581422855146e-05, 0.00017536994710098952]",null,"[0.0, 0.0, 1.0]",True,DOĞRU,ONAY,False,False,226.2270999926841,"{""K1_input_and_readiness"": 0.07239999831654131, ""K7_context"": 0.001700012944638729, ""K1_normalization"": 0.01200000406242907, ""K6_advisory"": 14.638399996329099, ""K1_intent"": 0.04880000778939575, ""K2_retrieval"": 121.5962000133004, ""K3_reranker"": 77.73770000494551, ""K8_weighted_ranking"": 1.2222999939695, ""K3_candidate_filters"": 6.4578000019537285, ""K9_advisory_consensus"": 0.007800001185387373, ""K4_nli_and_bypass_check"": 0.24390000908169895, ""K5_decision"": 0.338099998771213}",19719
FACTURK-0452,YALAN,"[23438, 26119, 3473, 19963, 15133, 5169, 7164, 2417, 25852, 17105, 23586, 27732, 10890, 19361, 27084, 26001, 22992, 11659, 5607, 16719]","[0.07107366621494293, 0.001483718864619732, 0.0042151594534516335, 0.025371311232447624, 0.00012830943160224706, 0.0017961491830646992, 0.0015854305820539594, 0.13307686150074005, 0.0035243413876742125, 0.01890544593334198, 0.0006771942134946585, 0.015306354500353336, 0.011597361415624619, 0.0005013742484152317, 0.006957608740776777, 0.00017536994710098952, 0.003123648464679718, 0.0006190416170284152, 1.6187581422855146e-05, 0.004297939129173756]","[0.040257640182971954, 0.9560214281082153, 0.0037208502180874348]","[0.040257640182971954, 0.9560214281082153, 0.0037208502180874348]",False,YALAN,RED,False,False,245.07920000178274,"{""K1_input_and_readiness"": 0.05509999755304307, ""K7_context"": 0.0012999953469261527, ""K1_normalization"": 0.011600001016631722, ""K6_advisory"": 12.627899996004999, ""K1_intent"": 0.03329999162815511, ""K2_retrieval"": 135.85730000340845, ""K3_reranker"": 60.575499999686144, ""K8_weighted_ranking"": 1.3023999927099794, ""K3_candidate_filters"": 6.9595999957527965, ""K9_advisory_consensus"": 0.007599999662488699, ""K4_nli_and_bypass_check"": 24.13390000583604, ""K5_decision"": 0.2466000005370006}",19963
FACTURK-0453,DOĞRU,"[24746, 16831, 24994, 19793, 889, 15270, 16014, 14138, 9899, 25113, 17297, 5321, 12859, 8098, 20980, 1795, 23698, 21665, 20133, 23080]","[1.6187581422855146e-05, 0.5991333723068237, 0.0029694451950490475, 0.0001673405058681965, 1.6187581422855146e-05, 4.469407213036902e-05, 1.6061610949691385e-05, 1.6187581422855146e-05, 0.00041731575038284063, 0.04655127227306366, 0.13603349030017853, 1.6187581422855146e-05, 5.694102947018109e-05, 1.6061610949691385e-05, 2.178264912799932e-05, 1.9373936083866283e-05, 1.6187581422855146e-05, 1.683241134742275e-05, 1.6187581422855146e-05, 0.0008199321455322206]","[0.8364702463150024, 0.15851685404777527, 0.0050128442235291]","[0.8364702463150024, 0.15851685404777527, 0.0050128442235291]",False,DOĞRU,ONAY,False,False,859.3468999897595,"{""K1_input_and_readiness"": 0.052799994591623545, ""K7_context"": 0.0011999945854768157, ""K1_normalization"": 0.009800001862458885, ""K6_advisory"": 10.089300005347468, ""K1_intent"": 0.034500000765547156, ""K2_retrieval"": 138.57979999738745, ""K3_reranker"": 84.4346000085352, ""K8_weighted_ranking"": 2.4305999977514148, ""K3_candidate_filters"": 12.033499995595776, ""K9_advisory_consensus"": 0.011900003300979733, ""K4_nli_and_bypass_check"": 292.81040000205394, ""K5_decision"": 314.78929999866523}",16831
FACTURK-0454,DOĞRU,"[394, 7110, 21980, 15844, 27598, 9362, 5238, 29191, 3878, 10959, 28636, 13879, 15445, 30174, 3512, 15823, 1337, 21260, 13337, 22356]","[0.9743373394012451, 0.057599205523729324, 0.00025118677876889706, 0.000191104321856983, 3.852893496514298e-05, 0.0006959536112844944, 1.8486754925106652e-05, 0.00013765462790615857, 0.00037409563083201647, 6.0613183450186625e-05, 0.0003814711526501924, 0.0001673405058681965, 0.000471011851914227, 2.0623421733034775e-05, 0.00025118677876889706, 2.3369333575828932e-05, 0.00013342000602278858, 1.657145367062185e-05, 3.9442587876692414e-05, 2.0623421733034775e-05]","[0.0007164286216720939, 0.9951081871986389, 0.004175435286015272]","[0.0007164286216720939, 0.9951081871986389, 0.004175435286015272]",False,YETERSİZ VERİ,RET,True,False,630.8598000032362,"{""K1_input_and_readiness"": 0.06399999256245792, ""K7_context"": 0.0018999999156221747, ""K1_normalization"": 0.011999989510513842, ""K6_advisory"": 13.765800002147444, ""K1_intent"": 0.04069998976774514, ""K2_retrieval"": 181.99599999934435, ""K3_reranker"": 121.67249999765772, ""K8_weighted_ranking"": 2.3849999997764826, ""K3_candidate_filters"": 6.9478999939747155, ""K9_advisory_consensus"": 0.008199989679269493, ""K4_nli_and_bypass_check"": 152.4693999963347, ""K5_decision"": 148.39540001412388}",394
FACTURK-0455,DOĞRU,"[23792, 6477, 5980, 9101, 3532, 1170, 29038, 8790, 23686, 22466, 29976, 20136, 8602, 6181, 23790, 19953, 15941, 9405, 14012, 24768]","[0.08756384253501892, 6.868317723274231e-05, 0.08137363195419312, 0.00524044968187809, 0.11221037805080414, 3.3474691008450463e-05, 0.0003920417802873999, 1.6061610949691385e-05, 4.298194107832387e-05, 0.0005770345451310277, 0.001512938179075718, 0.07198162376880646, 0.06681232154369354, 0.0005930210463702679, 0.0008167381165549159, 0.006463137920945883, 0.0001195985751110129, 3.4001819585682824e-05, 0.02124669775366783, 0.02655657008290291]","[0.0016990629956126213, 0.9973251819610596, 0.0009756897343322635]","[0.0016990629956126213, 0.9973251819610596, 0.0009756897343322635]",False,YALAN,UYARI,False,False,391.0253000067314,"{""K1_input_and_readiness"": 0.06740000389982015, ""K7_context"": 0.0012999953469261527, ""K1_normalization"": 0.01960000372491777, ""K6_advisory"": 10.852899999008514, ""K1_intent"": 0.04119999357499182, ""K2_retrieval"": 219.5379999902798, ""K3_reranker"": 123.4314000030281, ""K8_weighted_ranking"": 1.144099995144643, ""K3_candidate_filters"": 5.4939999972702935, ""K9_advisory_consensus"": 0.023600005079060793, ""K4_nli_and_bypass_check"": 26.82970000023488, ""K5_decision"": 0.19109999993816018}",3532
FACTURK-0456,DOĞRU,"[12152, 13712, 18181, 14909, 27475, 2007, 18172, 17587, 24053, 25815, 27784, 23726, 3233, 17510, 27074, 9938, 28579, 16740, 526, 18865]","[0.0468120314180851, 0.9600626826286316, 0.0005172813544049859, 0.009125636890530586, 3.4808123018592596e-05, 0.00036829791497439146, 0.020725060254335403, 0.00037263770354911685, 4.365878339740448e-05, 0.00021824207215104252, 0.04008735716342926, 0.003621685551479459, 1.8631746570463292e-05, 0.026205414906144142, 6.402006692951545e-05, 5.433364276541397e-05, 0.007907291874289513, 0.0006538155721500516, 5.829126530443318e-05, 0.001622967072762549]","[0.001019498915411532, 0.9963282942771912, 0.0026521373074501753]","[0.001019498915411532, 0.9963282942771912, 0.0026521373074501753]",False,YALAN,RED,False,False,601.2398000020767,"{""K1_input_and_readiness"": 0.06540000322274864, ""K7_context"": 0.0013999961083754897, ""K1_normalization"": 0.010899995686486363, ""K6_advisory"": 12.208399988594465, ""K1_intent"": 0.03640000068116933, ""K2_retrieval"": 149.269200002891, ""K3_reranker"": 75.84309999947436, ""K8_weighted_ranking"": 1.4298000023700297, ""K3_candidate_filters"": 6.619499996304512, ""K9_advisory_consensus"": 0.007700000423938036, ""K4_nli_and_bypass_check"": 189.90860000485554, ""K5_decision"": 162.2847999969963}",13712
FACTURK-0457,DOĞRU,"[3638, 26883, 3954, 4240, 28920, 18470, 18635, 7599, 23660, 22040, 24289, 18207, 25258, 12580, 26167, 26739, 26178, 15677, 6541, 9470]","[0.988711953163147, 2.014569145103451e-05, 0.0014048678567633033, 3.1201914680423215e-05, 9.387641330249608e-05, 2.710879925871268e-05, 2.3369333575828932e-05, 6.452214438468218e-05, 0.00010720880527514964, 0.0002959570847451687, 1.7640199075685814e-05, 0.0001344663032796234, 8.415108459303156e-05, 1.6442494597868063e-05, 1.6442494597868063e-05, 2.710879925871268e-05, 1.7097478121286258e-05, 1.6061610949691385e-05, 1.6187581422855146e-05, 2.4682904040673748e-05]","[0.004194307141005993, 0.004946930333971977, 0.9908587336540222]","[0.004194307141005993, 0.004946930333971977, 0.9908587336540222]",False,YALAN,RED,False,False,363.0909000057727,"{""K1_input_and_readiness"": 0.05390000296756625, ""K7_context"": 0.001300009898841381, ""K1_normalization"": 0.012100004823878407, ""K6_advisory"": 14.983000000938773, ""K1_intent"": 0.033200005418621004, ""K2_retrieval"": 134.9598000088008, ""K3_reranker"": 101.52539999398869, ""K8_weighted_ranking"": 1.2752000038744882, ""K3_candidate_filters"": 6.607699993764982, ""K9_advisory_consensus"": 0.006999995093792677, ""K4_nli_and_bypass_check"": 62.54110000736546, ""K5_decision"": 37.670399993658066}",3638
FACTURK-0458,DOĞRU,"[29203, 7986, 22211, 2951, 17586, 10655, 12912, 19271, 13228, 16729, 22323, 28784, 22368, 24303, 25101, 8318, 5342, 14842, 24868, 17602]","[0.00020988310279790312, 1.6061610949691385e-05, 1.6314539607265033e-05, 0.0009659748757258058, 1.750292540236842e-05, 0.0006047102506272495, 1.7640199075685814e-05, 3.591300992411561e-05, 2.1278065105434507e-05, 0.0026316740550100803, 0.0002591582597233355, 7.426380761899054e-05, 2.161314114346169e-05, 0.0005725466180592775, 0.19620941579341888, 1.6187581422855146e-05, 1.8486754925106652e-05, 0.0018458482809364796, 1.6061610949691385e-05, 0.001383117400109768]","[0.8303185701370239, 0.16656142473220825, 0.0031199753284454346]","[0.8303185701370239, 0.16656142473220825, 0.0031199753284454346]",False,DOĞRU,ONAY,False,False,296.2231999990763,"{""K1_input_and_readiness"": 0.06089999806135893, ""K7_context"": 0.0012999953469261527, ""K1_normalization"": 0.013700002455152571, ""K6_advisory"": 12.220100004924461, ""K1_intent"": 0.0388999906135723, ""K2_retrieval"": 163.4535000048345, ""K3_reranker"": 79.01390000188258, ""K8_weighted_ranking"": 1.32379999558907, ""K3_candidate_filters"": 6.627499999012798, ""K9_advisory_consensus"": 0.007499998901039362, ""K4_nli_and_bypass_check"": 28.851999988546595, ""K5_decision"": 0.37429999792948365}",22368
FACTURK-0459,DOĞRU,"[4012, 27823, 7968, 29502, 26299, 25662, 17467, 20162, 26227, 27910, 6254, 2043, 17845, 16119, 12935, 25193, 29595, 24508, 15755, 17830]","[5.738759500673041e-05, 0.0011247574584558606, 1.6187581422855146e-05, 0.0028118586633354425, 3.975192521465942e-05, 0.0001511819864390418, 1.6061610949691385e-05, 1.6314539607265033e-05, 0.00012053649697918445, 0.9599125981330872, 1.683241134742275e-05, 9.993031562771648e-05, 1.6187581422855146e-05, 1.6314539607265033e-05, 8.415108459303156e-05, 0.001629308913834393, 0.0007524627726525068, 1.657145367062185e-05, 0.0006878511630930007, 1.6314539607265033e-05]","[0.00025574935716576874, 0.9827441573143005, 0.017000112682580948]","[0.00025574935716576874, 0.9827441573143005, 0.017000112682580948]",False,YETERSİZ VERİ,RET,True,False,453.37869999639224,"{""K1_input_and_readiness"": 0.04560001252684742, ""K7_context"": 0.0013999961083754897, ""K1_normalization"": 0.01030000566970557, ""K6_advisory"": 12.02470000134781, ""K1_intent"": 0.028599999495781958, ""K2_retrieval"": 122.03990000125486, ""K3_reranker"": 77.53320000483654, ""K8_weighted_ranking"": 1.2120000028517097, ""K3_candidate_filters"": 6.338099992717616, ""K9_advisory_consensus"": 0.008600007276982069, ""K4_nli_and_bypass_check"": 136.29119998950046, ""K5_decision"": 94.33269999863114}",27910
FACTURK-0460,DOĞRU,"[6952, 10933, 8942, 15741, 7284, 14392, 26562, 28591, 26929, 20767, 9463, 27727, 852, 15196, 8785, 4292, 26808, 5108, 9535, 28800]","[0.001069126301445067, 0.005797401536256075, 0.000491681566927582, 0.2018132209777832, 0.0023596605751663446, 0.00018522572645451874, 0.4157288372516632, 1.967902426258661e-05, 0.0003077430883422494, 0.0008592476369813085, 0.004451041109859943, 0.3812195360660553, 1.67014204635052e-05, 0.15418487787246704, 0.0012255674228072166, 1.7640199075685814e-05, 1.6061610949691385e-05, 0.00341627886518836, 0.34224167466163635, 9.17019642656669e-05]","[0.07237925380468369, 0.8969585299491882, 0.03066227398812771]","[0.07237925380468369, 0.8969585299491882, 0.03066227398812771]",False,YALAN,RED,False,False,1003.0776000057813,"{""K1_input_and_readiness"": 0.06289999873843044, ""K7_context"": 0.0014999968698248267, ""K1_normalization"": 0.01200000406242907, ""K6_advisory"": 9.890899993479252, ""K1_intent"": 0.0340000115102157, ""K2_retrieval"": 141.95180000388063, ""K3_reranker"": 107.97740000998601, ""K8_weighted_ranking"": 1.1968999897362664, ""K3_candidate_filters"": 6.887399998959154, ""K9_advisory_consensus"": 0.00790000194683671, ""K4_nli_and_bypass_check"": 371.57960000331514, ""K5_decision"": 360.4618999961531}",26562
FACTURK-0461,DOĞRU,"[16362, 27523, 5821, 18468, 21803, 7451, 2088, 26694, 2450, 1572, 20683, 10106, 23880, 21874, 28510, 6418, 29138, 20718, 11058, 8008]","[0.003135835751891136, 0.018761085346341133, 0.0007733057136647403, 0.2420264333486557, 0.0010083435336127877, 0.00020502213737927377, 5.0644717703107744e-05, 0.001220795209519565, 0.00012830943160224706, 0.00012148174573667347, 0.004736748989671469, 0.0074030146934092045, 1.8486754925106652e-05, 0.0003366621967870742, 0.2889702320098877, 0.021739594638347626, 0.17078441381454468, 0.0002234163403045386, 0.01615283451974392, 3.244481558795087e-05]","[0.0032371836714446545, 0.9935319423675537, 0.0032308672089129686]","[0.0032371836714446545, 0.9935319423675537, 0.0032308672089129686]",False,YETERSİZ VERİ,RET,True,False,578.1409000046551,"{""K1_input_and_readiness"": 0.060699996538460255, ""K7_context"": 0.01829999382607639, ""K1_normalization"": 0.010100004146806896, ""K6_advisory"": 14.77090000116732, ""K1_intent"": 0.04020000051241368, ""K2_retrieval"": 144.3643999955384, ""K3_reranker"": 88.35479999834206, ""K8_weighted_ranking"": 1.4240000018617138, ""K3_candidate_filters"": 7.503300003008917, ""K9_advisory_consensus"": 0.008899995009414852, ""K4_nli_and_bypass_check"": 179.30359998717904, ""K5_decision"": 138.09510000282899}",28510
FACTURK-0462,DOĞRU,"[22886, 11229, 27460, 2294, 8916, 15736, 5113, 14231, 13369, 6592, 28576, 26581, 15208, 2238, 13166, 19441, 15313, 4127, 1814, 6380]","[0.00039821304380893707, 0.005469274241477251, 5.649793456541374e-05, 1.6187581422855146e-05, 1.6442494597868063e-05, 1.67014204635052e-05, 2.4300241420860402e-05, 8.682210318511352e-05, 6.868317723274231e-05, 1.6187581422855146e-05, 3.219233258278109e-05, 2.7969301299890503e-05, 1.892514956125524e-05, 3.508111694827676e-05, 1.6187581422855146e-05, 0.00037555923336185515, 1.6061610949691385e-05, 5.920916373725049e-05, 0.00010229986219201237, 3.4537253668531775e-05]","[0.990641176700592, 0.0030144895426928997, 0.006344391033053398]","[0.990641176700592, 0.0030144895426928997, 0.006344391033053398]",False,YETERSİZ VERİ,KISMI,True,False,453.09850000194274,"{""K1_input_and_readiness"": 0.05560000136028975, ""K7_context"": 0.0014999968698248267, ""K1_normalization"": 0.00960000033956021, ""K6_advisory"": 11.74919999903068, ""K1_intent"": 0.0320999970426783, ""K2_retrieval"": 129.1302000026917, ""K3_reranker"": 130.42649999260902, ""K8_weighted_ranking"": 1.2052999954903498, ""K3_candidate_filters"": 6.230300001334399, ""K9_advisory_consensus"": 0.007000009645707905, ""K4_nli_and_bypass_check"": 103.17759998724796, ""K5_decision"": 67.35689999186434}",11229
FACTURK-0463,DOĞRU,"[4682, 20136, 23757, 12622, 2899, 7178, 26355, 29494, 19661, 2846, 8792, 22394, 17885, 1766, 13950, 24625, 14107, 1645, 16824, 28704]","[2.161314114346169e-05, 0.0035657365806400776, 0.0015669887652620673, 0.15674921870231628, 0.00010071400902234018, 2.318747829122003e-05, 0.0005907104350626469, 2.3369333575828932e-05, 1.7231572201126255e-05, 1.6187581422855146e-05, 0.04099902883172035, 0.00020825010142289102, 3.1693256460130215e-05, 6.452214438468218e-05, 3.591300992411561e-05, 0.001536727068014443, 4.231559796608053e-05, 0.0007379196467809379, 2.6688529032981023e-05, 1.6187581422855146e-05]","[0.0003010575892403722, 0.9992132186889648, 0.0004858098109252751]","[0.0003010575892403722, 0.9992132186889648, 0.0004858098109252751]",False,YALAN,UYARI,False,False,392.0098999951733,"{""K1_input_and_readiness"": 0.07090000144671649, ""K7_context"": 0.001400010660290718, ""K1_normalization"": 0.01340000017080456, ""K6_advisory"": 10.963500011712313, ""K1_intent"": 0.04220000118948519, ""K2_retrieval"": 211.1799999984214, ""K3_reranker"": 128.26110000605695, ""K8_weighted_ranking"": 1.3839000021107495, ""K3_candidate_filters"": 6.991499991272576, ""K9_advisory_consensus"": 0.008200004231184721, ""K4_nli_and_bypass_check"": 28.996499997447245, ""K5_decision"": 0.39820000529289246}",8792
FACTURK-0464,DOĞRU,"[16491, 16499, 17870, 13946, 24749, 15962, 5228, 5908, 26201, 23309, 27957, 1572, 14155, 120, 1149, 70, 7836, 15658, 15763, 7681]","[0.0007236572564579546, 0.21900326013565063, 0.00046917638974264264, 0.0009326360304839909, 5.3075080359121785e-05, 2.392351052549202e-05, 1.6061610949691385e-05, 0.0007180297398008406, 3.7931622500764206e-05, 1.6187581422855146e-05, 1.6061610949691385e-05, 0.07356304675340652, 0.000159678646014072, 6.302758993115276e-05, 0.00011866796558024362, 6.0613183450186625e-05, 0.004538431763648987, 1.6442494597868063e-05, 0.0007321811863221228, 2.7751651941798627e-05]","[0.1640002578496933, 0.8332688212394714, 0.0027309600263834]","[0.1640002578496933, 0.8332688212394714, 0.0027309600263834]",False,YETERSİZ VERİ,RET,True,False,551.1708999983966,"{""K1_input_and_readiness"": 0.051099996198900044, ""K7_context"": 0.0013999961083754897, ""K1_normalization"": 0.010399991879239678, ""K6_advisory"": 12.676300000748597, ""K1_intent"": 0.03099998866673559, ""K2_retrieval"": 133.2877999957418, ""K3_reranker"": 68.19360000372399, ""K8_weighted_ranking"": 1.5692000015405938, ""K3_candidate_filters"": 6.715100011206232, ""K9_advisory_consensus"": 0.00750001345295459, ""K4_nli_and_bypass_check"": 180.38700000033714, ""K5_decision"": 144.7119000076782}",120
FACTURK-0465,DOĞRU,"[28440, 12379, 4872, 26755, 17277, 23872, 7309, 2436, 24566, 20837, 486, 23590, 29661, 8329, 23337, 19343, 19431, 3513, 18880, 17831]","[2.2474090656032786e-05, 2.566613329690881e-05, 1.6442494597868063e-05, 1.593661909282673e-05, 1.6061610949691385e-05, 0.00017536994710098952, 1.683241134742275e-05, 1.6442494597868063e-05, 3.244481558795087e-05, 4.5044595026411116e-05, 1.593661909282673e-05, 1.6314539607265033e-05, 0.20577459037303925, 1.67014204635052e-05, 0.0008659808663651347, 1.593661909282673e-05, 1.6061610949691385e-05, 0.0015307451831176877, 1.6187581422855146e-05, 0.002580904169008136]","[0.0003828132466878742, 0.9992245435714722, 0.0003926575882360339]","[0.0003828132466878742, 0.9992245435714722, 0.0003926575882360339]",False,YETERSİZ VERİ,RET,True,False,767.760000002454,"{""K1_input_and_readiness"": 0.0518000015290454, ""K7_context"": 0.0016999983927235007, ""K1_normalization"": 0.008200004231184721, ""K6_advisory"": 11.542399995960295, ""K1_intent"": 0.034199998481199145, ""K2_retrieval"": 120.85700000170618, ""K3_reranker"": 57.9237999918405, ""K8_weighted_ranking"": 1.2377000093692914, ""K3_candidate_filters"": 6.55610000831075, ""K9_advisory_consensus"": 0.008100003469735384, ""K4_nli_and_bypass_check"": 259.3280000000959, ""K5_decision"": 305.5208000005223}",3513
FACTURK-0466,YALAN,"[9011, 5635, 7236, 2149, 27453, 11007, 2780, 7179, 5782, 18016, 20105, 7082, 4299, 26537, 24615, 22931, 174, 154, 29807, 17046]","[1.6964426322374493e-05, 0.00017674513219390064, 0.0002234163403045386, 0.017442485317587852, 0.0001837845629779622, 0.00012731103925034404, 1.892514956125524e-05, 0.0009510130621492863, 2.0785171727766283e-05, 4.006369272246957e-05, 3.975192521465942e-05, 0.00026738259475678205, 0.00012148174573667347, 1.922317096614279e-05, 1.6061610949691385e-05, 1.6187581422855146e-05, 0.0021322614047676325, 0.0018675660248845816, 1.6061610949691385e-05, 1.967902426258661e-05]","[0.06252607703208923, 0.9331693053245544, 0.00430458365008235]","[0.06252607703208923, 0.9331693053245544, 0.00430458365008235]",False,YALAN,RED,False,False,613.7841000017943,"{""K1_input_and_readiness"": 0.08179999713320285, ""K7_context"": 0.0014999968698248267, ""K1_normalization"": 0.017099999240599573, ""K6_advisory"": 15.14129999850411, ""K1_intent"": 0.03619999915827066, ""K2_retrieval"": 165.2847999939695, ""K3_reranker"": 80.09529999981169, ""K8_weighted_ranking"": 1.468900009058416, ""K3_candidate_filters"": 7.518900005379692, ""K9_advisory_consensus"": 0.009199997293762863, ""K4_nli_and_bypass_check"": 177.20409999310505, ""K5_decision"": 163.50409999722615}",2149
FACTURK-0467,YALAN,"[29807, 22407, 7192, 22931, 12134, 23177, 20042, 24615, 21573, 16760, 22428, 15797, 8522, 14957, 2513, 27837, 13904, 6556, 11867, 25240]","[0.00011235327838221565, 4.94715895911213e-05, 0.0874079093337059, 2.8409744118107483e-05, 0.0003770285693462938, 0.0006905414629727602, 0.007176882121711969, 0.0015854305820539594, 6.814872176619247e-05, 0.00018093574908562005, 9.17019642656669e-05, 0.02909075655043125, 0.004433765076100826, 1.593661909282673e-05, 0.0006070755189284682, 1.7917987861437723e-05, 1.6314539607265033e-05, 3.852893496514298e-05, 1.6061610949691385e-05, 2.6897845600615256e-05]","[0.06088348850607872, 0.8911883234977722, 0.047928206622600555]","[0.06088348850607872, 0.8911883234977722, 0.047928206622600555]",False,YALAN,RED,False,False,744.8866000049748,"{""K1_input_and_readiness"": 0.060699996538460255, ""K7_context"": 0.008000002708286047, ""K1_normalization"": 0.011000010999850929, ""K6_advisory"": 11.080399999627843, ""K1_intent"": 0.03239999932702631, ""K2_retrieval"": 134.17740000295453, ""K3_reranker"": 85.99000000685919, ""K8_weighted_ranking"": 1.3827000075252727, ""K3_candidate_filters"": 7.0835000078659505, ""K9_advisory_consensus"": 0.008399991202168167, ""K4_nli_and_bypass_check"": 261.2632999953348, ""K5_decision"": 240.16099999425933}",14957
FACTURK-0468,YALAN,"[9150, 19258, 25228, 8347, 25108, 9220, 16150, 21058, 487, 21518, 7421, 29414, 30024, 2899, 2984, 21539, 26355, 13541, 13639, 26694]","[0.03050205484032631, 0.0007124459953047335, 0.00034329999471083283, 0.01057048887014389, 0.0006851712241768837, 5.34913269802928e-05, 5.5622065701754764e-05, 2.1278065105434507e-05, 0.0005336928297765553, 0.0002715921145863831, 2.265035072923638e-05, 4.683888619183563e-05, 0.00341627886518836, 3.095910506090149e-05, 1.683241134742275e-05, 0.00012148174573667347, 0.00016093082376755774, 0.00046371284406632185, 7.782753527862951e-05, 0.0004747042548842728]","[0.0009837119141593575, 0.9977002739906311, 0.0013159955851733685]","[0.0009837119141593575, 0.9977002739906311, 0.0013159955851733685]",False,YALAN,UYARI,False,False,360.25230000086594,"{""K1_input_and_readiness"": 0.0830000062705949, ""K7_context"": 0.0017999991541728377, ""K1_normalization"": 0.0219999928958714, ""K6_advisory"": 10.165799991227686, ""K1_intent"": 0.03749999450519681, ""K2_retrieval"": 177.4095999862766, ""K3_reranker"": 131.81219999387395, ""K8_weighted_ranking"": 1.3613999908557162, ""K3_candidate_filters"": 6.82349999260623, ""K9_advisory_consensus"": 0.007700000423938036, ""K4_nli_and_bypass_check"": 28.751700010616332, ""K5_decision"": 0.1998999941861257}",9150
FACTURK-0469,DOĞRU,"[24613, 16017, 19390, 21244, 18181, 12821, 9915, 3841, 12152, 3067, 18681, 3703, 6620, 16202, 24153, 22724, 13693, 26001, 25875, 526]","[0.75743567943573, 0.0009146137163043022, 0.014227046631276608, 3.269927037763409e-05, 0.00029365462251007557, 4.365878339740448e-05, 0.0007824140484444797, 0.0029121784027665854, 0.0009146137163043022, 2.1444948288262822e-05, 0.0002269338583573699, 0.0006070755189284682, 0.002123966347426176, 2.818866414600052e-05, 2.449082603561692e-05, 1.9988918211311102e-05, 2.93115390377352e-05, 3.508111694827676e-05, 2.2827996872365475e-05, 1.9833367332466878e-05]","[0.09964010864496231, 0.22342143952846527, 0.6769384741783142]","[0.09964010864496231, 0.22342143952846527, 0.6769384741783142]",False,YALAN,RED,False,False,679.0356999990763,"{""K1_input_and_readiness"": 0.061400001868605614, ""K7_context"": 0.0014999968698248267, ""K1_normalization"": 0.012099990271963179, ""K6_advisory"": 13.503800000762567, ""K1_intent"": 0.043499996536411345, ""K2_retrieval"": 168.93179999897256, ""K3_reranker"": 121.61960000230465, ""K8_weighted_ranking"": 1.1153000086778775, ""K3_candidate_filters"": 5.469900002935901, ""K9_advisory_consensus"": 0.00650000583846122, ""K4_nli_and_bypass_check"": 178.60709999513347, ""K5_decision"": 185.73059998743702}",24613
FACTURK-0470,DOĞRU,"[17601, 9145, 6895, 26436, 11362, 25508, 29390, 7759, 6665, 14585, 23841, 16987, 27375, 21185, 6754, 24053, 19329, 11785, 18709, 1633]","[0.0008559006964787841, 0.002278330735862255, 0.00010071400902234018, 0.0028560124337673187, 1.6061610949691385e-05, 0.0015070488443598151, 2.195349043176975e-05, 1.6314539607265033e-05, 0.0003920417802873999, 0.0012065897462889552, 0.00214894930832088, 0.018546566367149353, 0.009898064658045769, 0.009708477184176445, 1.6442494597868063e-05, 1.6061610949691385e-05, 0.00034599160426296294, 1.6187581422855146e-05, 0.00010637458035489544, 0.0006641048239544034]","[0.00715677859261632, 0.9727910757064819, 0.020052092149853706]","[0.00715677859261632, 0.9727910757064819, 0.020052092149853706]",False,YALAN,RED,False,False,336.4941999898292,"{""K1_input_and_readiness"": 0.07850000110920519, ""K7_context"": 0.0014999968698248267, ""K1_normalization"": 0.01440000778529793, ""K6_advisory"": 12.739700003294274, ""K1_intent"": 0.048600006266497076, ""K2_retrieval"": 192.55800000973977, ""K3_reranker"": 91.61810000659898, ""K8_weighted_ranking"": 1.1242000036872923, ""K3_candidate_filters"": 6.086100009270012, ""K9_advisory_consensus"": 0.007700000423938036, ""K4_nli_and_bypass_check"": 27.728600005502813, ""K5_decision"": 0.5767000111518428}",16987
FACTURK-0471,YALAN,"[8807, 16545, 25920, 7476, 26892, 21598, 27492, 521, 3316, 15765, 9030, 3594, 10491, 21287, 9052, 17208, 11075, 11769, 8104, 28187]","[0.000159678646014072, 1.6442494597868063e-05, 2.1444948288262822e-05, 0.00018093574908562005, 0.0002396868512732908, 0.00014539113908540457, 5.2662067901110277e-05, 0.08725224435329437, 0.0006337125087156892, 0.0015669887652620673, 7.602479308843613e-05, 0.0008761798962950706, 0.0002287133247591555, 0.0008525666198693216, 3.321419353596866e-05, 0.0004092474700883031, 2.449082603561692e-05, 1.67014204635052e-05, 0.0003029734070878476, 0.00017265156202483922]","[0.0032355342991650105, 0.9949671626091003, 0.0017973321955651045]","[0.0032355342991650105, 0.9949671626091003, 0.0017973321955651045]",False,YETERSİZ VERİ,RET,True,False,1693.7155999912648,"{""K1_input_and_readiness"": 0.0906000059330836, ""K7_context"": 0.001700012944638729, ""K1_normalization"": 0.01930000144056976, ""K6_advisory"": 12.185700004920363, ""K1_intent"": 0.04719999560620636, ""K2_retrieval"": 192.06929999927524, ""K3_reranker"": 82.46540000254754, ""K8_weighted_ranking"": 1.1651999957393855, ""K3_candidate_filters"": 5.458500003442168, ""K9_advisory_consensus"": 0.00689999433234334, ""K4_nli_and_bypass_check"": 697.9110999964178, ""K5_decision"": 699.1915000107838}",17208
FACTURK-0472,DOĞRU,"[20141, 22106, 7048, 6047, 4701, 3202, 19673, 19683, 29892, 16074, 12523, 1499, 23757, 24354, 17678, 20754, 13614, 10490, 13354, 11242]","[0.003664220217615366, 0.20197059214115143, 0.0009399438858963549, 5.475977377500385e-05, 0.0003785036678891629, 0.0003799845289904624, 0.05738753825426102, 0.0019418168812990189, 2.8409744118107483e-05, 0.0014895173953846097, 0.0016613906482234597, 0.00015843621804378927, 0.009161027148365974, 0.0008263576892204583, 0.0014607495395466685, 1.6061610949691385e-05, 0.0010362669127061963, 1.6061610949691385e-05, 1.8631746570463292e-05, 7.905303937150165e-05]","[0.038181498646736145, 0.9588548541069031, 0.0029637126717716455]","[0.038181498646736145, 0.9588548541069031, 0.0029637126717716455]",False,YETERSİZ VERİ,RET,True,False,673.4096000000136,"{""K1_input_and_readiness"": 0.048999994760379195, ""K7_context"": 0.0016999983927235007, ""K1_normalization"": 0.010100004146806896, ""K6_advisory"": 13.537099992390722, ""K1_intent"": 0.032100011594593525, ""K2_retrieval"": 135.02760000119451, ""K3_reranker"": 163.23489999922458, ""K8_weighted_ranking"": 1.632600004086271, ""K3_candidate_filters"": 7.9993999970611185, ""K9_advisory_consensus"": 0.00890000956133008, ""K4_nli_and_bypass_check"": 192.58030000492, ""K5_decision"": 155.90810000139754}",19673
FACTURK-0473,YALAN,"[29883, 27132, 12627, 6496, 16635, 9508, 11877, 22446, 9648, 21527, 18088, 3779, 4999, 18615, 5222, 12802, 12862, 10150, 20632, 14102]","[0.005934066604822874, 3.0006618544575758e-05, 1.67014204635052e-05, 5.34913269802928e-05, 0.0031115086749196053, 1.657145367062185e-05, 0.0005336928297765553, 1.6314539607265033e-05, 0.0035936026833951473, 2.3737338779028505e-05, 1.6061610949691385e-05, 1.6061610949691385e-05, 0.00027586790383793414, 0.00023231418163049966, 0.003273064736276865, 0.0005316132446750998, 3.591300992411561e-05, 6.253713218029588e-05, 9.993031562771648e-05, 0.0001015038214973174]","[0.6802612543106079, 0.29602551460266113, 0.02371319569647312]","[0.6802612543106079, 0.29602551460266113, 0.02371319569647312]",False,DOĞRU,ONAY,False,False,844.5962999976473,"{""K1_input_and_readiness"": 0.05149999924469739, ""K7_context"": 0.0011999945854768157, ""K1_normalization"": 0.011399999493733048, ""K6_advisory"": 11.124499986181036, ""K1_intent"": 0.032400013878941536, ""K2_retrieval"": 143.30490000429563, ""K3_reranker"": 83.68599999812432, ""K8_weighted_ranking"": 1.396000006934628, ""K3_candidate_filters"": 7.218900005682372, ""K9_advisory_consensus"": 0.008199989679269493, ""K4_nli_and_bypass_check"": 299.64310000650585, ""K5_decision"": 294.607999996515}",20632
FACTURK-0474,DOĞRU,"[14015, 5289, 17025, 20971, 13338, 25537, 25711, 27420, 18127, 23653, 22792, 14775, 12187, 635, 3335, 348, 13080, 20867, 7387, 24686]","[0.9952816367149353, 0.20212802290916443, 4.832564081880264e-05, 0.002822832902893424, 0.5973730087280273, 0.004792316351085901, 0.000458312890259549, 0.00011412239109631628, 0.002082970691844821, 0.0024822766426950693, 1.892514956125524e-05, 1.8777873265207745e-05, 2.0785171727766283e-05, 0.01912403479218483, 1.805851934477687e-05, 0.006666931323707104, 0.00016093082376755774, 0.002074867021292448, 0.012576347216963768, 6.156764720799401e-05]","[0.0006791595951654017, 0.0029530171304941177, 0.9963678121566772]","[0.0006791595951654017, 0.0029530171304941177, 0.9963678121566772]",False,YETERSİZ VERİ,KISMI,True,False,420.6860999984201,"{""K1_input_and_readiness"": 0.055800002883188426, ""K7_context"": 0.0017999991541728377, ""K1_normalization"": 0.010000003385357559, ""K6_advisory"": 11.031300004106015, ""K1_intent"": 0.030000010156072676, ""K2_retrieval"": 137.00299999618437, ""K3_reranker"": 99.06019999471027, ""K8_weighted_ranking"": 1.2568999954964966, ""K3_candidate_filters"": 6.67389998852741, ""K9_advisory_consensus"": 0.008100003469735384, ""K4_nli_and_bypass_check"": 97.99789999669883, ""K5_decision"": 64.3324999982724}",14015
FACTURK-0475,YALAN,"[12587, 20389, 12068, 10260, 24664, 23961, 27788, 26367, 21565, 2359, 15658, 15107, 7836, 25457, 29272, 13730, 3341, 1788, 25402, 6352]","[0.8687154054641724, 0.17078441381454468, 0.002704429440200329, 0.00031015597051009536, 1.6314539607265033e-05, 0.016466174274683, 0.0001699752756394446, 0.0003077430883422494, 9.535461140330881e-05, 0.0006047102506272495, 0.00011682839976856485, 1.6964426322374493e-05, 0.0024822766426950693, 2.9541422918555327e-05, 3.8831109122838825e-05, 0.0003905139456037432, 1.6061610949691385e-05, 3.219233258278109e-05, 3.508111694827676e-05, 1.805851934477687e-05]","[0.045841291546821594, 0.8383496403694153, 0.11580909043550491]","[0.045841291546821594, 0.8383496403694153, 0.11580909043550491]",False,YETERSİZ VERİ,RET,True,False,1130.6466999958502,"{""K1_input_and_readiness"": 0.05050000618211925, ""K7_context"": 0.001300009898841381, ""K1_normalization"": 0.009800001862458885, ""K6_advisory"": 9.775200000149198, ""K1_intent"": 0.0320999970426783, ""K2_retrieval"": 182.27499999920838, ""K3_reranker"": 101.06570000061765, ""K8_weighted_ranking"": 1.565899990964681, ""K3_candidate_filters"": 7.583300000987947, ""K9_advisory_consensus"": 0.008300004992634058, ""K4_nli_and_bypass_check"": 412.3680999909993, ""K5_decision"": 412.39159999531694}",12587
FACTURK-0476,DOĞRU,"[940, 26972, 18980, 14199, 23893, 23704, 10665, 3370, 15928, 14059, 26694, 2130, 21477, 14983, 29633, 15295, 26201, 10678, 24167, 5310]","[0.00024536947603337467, 0.0006851712241768837, 0.006265534088015556, 8.818923379294574e-05, 0.0001547666179249063, 0.0004529758298303932, 0.0026214411482214928, 6.108854722697288e-05, 1.6314539607265033e-05, 0.0005072812782600522, 0.00038747614598833025, 0.00014091856428422034, 3.508111694827676e-05, 0.00016474656877107918, 3.734356869244948e-05, 4.037790131405927e-05, 1.805851934477687e-05, 1.6187581422855146e-05, 0.0006487307837232947, 1.7231572201126255e-05]","[0.01610456593334675, 0.97899329662323, 0.00490203220397234]","[0.01610456593334675, 0.97899329662323, 0.00490203220397234]",False,YETERSİZ VERİ,RET,True,False,951.8728999973973,"{""K1_input_and_readiness"": 0.0602000072831288, ""K7_context"": 0.0014999968698248267, ""K1_normalization"": 0.010800009476952255, ""K6_advisory"": 9.967099991627038, ""K1_intent"": 0.032100011594593525, ""K2_retrieval"": 149.8786000011023, ""K3_reranker"": 110.75770000752527, ""K8_weighted_ranking"": 1.1646000057226047, ""K3_candidate_filters"": 5.7480999967083335, ""K9_advisory_consensus"": 0.006600006599910557, ""K4_nli_and_bypass_check"": 343.5175999911735, ""K5_decision"": 326.23839999723714}",26694
FACTURK-0477,YALAN,"[11158, 19966, 27940, 13795, 6837, 1692, 321, 23950, 22811, 11691, 1480, 6905, 27764, 15565, 540, 20884, 4175, 28611, 19656, 22171]","[1.6187581422855146e-05, 0.015365341678261757, 0.0001699752756394446, 2.6897845600615256e-05, 1.7231572201126255e-05, 2.93115390377352e-05, 0.026708463206887245, 0.00023231418163049966, 1.7366719475830905e-05, 1.6314539607265033e-05, 0.26114246249198914, 0.00035557945375330746, 1.7097478121286258e-05, 1.6314539607265033e-05, 1.6314539607265033e-05, 1.892514956125524e-05, 0.0006959536112844944, 0.0031603530514985323, 2.1278065105434507e-05, 0.02655657008290291]","[0.04992906376719475, 0.9193705320358276, 0.030700385570526123]","[0.04992906376719475, 0.9193705320358276, 0.030700385570526123]",False,YALAN,UYARI,False,False,279.4041000015568,"{""K1_input_and_readiness"": 0.062399994931183755, ""K7_context"": 0.0012999953469261527, ""K1_normalization"": 0.025200002710334957, ""K6_advisory"": 11.084400000981987, ""K1_intent"": 0.03340000694151968, ""K2_retrieval"": 151.29920000617858, ""K3_reranker"": 76.99659999343567, ""K8_weighted_ranking"": 1.1673999979393557, ""K3_candidate_filters"": 5.718300002627075, ""K9_advisory_consensus"": 0.007199996616691351, ""K4_nli_and_bypass_check"": 28.584500003489666, ""K5_decision"": 0.3772000054595992}",1480
FACTURK-0478,DOĞRU,"[22549, 8148, 3213, 27519, 5660, 28597, 2151, 5039, 20867, 24927, 14350, 28325, 19098, 29261, 11240, 1571, 26468, 15833, 26435, 24267]","[1.6061610949691385e-05, 1.657145367062185e-05, 2.818866414600052e-05, 0.0004013350699096918, 1.6442494597868063e-05, 1.6964426322374493e-05, 2.2474090656032786e-05, 1.6314539607265033e-05, 2.5466406441410072e-05, 2.094818773912266e-05, 1.6314539607265033e-05, 1.805851934477687e-05, 1.6314539607265033e-05, 1.683241134742275e-05, 1.6187581422855146e-05, 1.6187581422855146e-05, 1.805851934477687e-05, 1.6442494597868063e-05, 1.683241134742275e-05, 1.7097478121286258e-05]","[0.006688880268484354, 0.9546874165534973, 0.038623638451099396]","[0.006688880268484354, 0.9546874165534973, 0.038623638451099396]",False,YETERSİZ VERİ,RET,True,False,781.3037000014447,"{""K1_input_and_readiness"": 0.06809999467805028, ""K7_context"": 0.001600012183189392, ""K1_normalization"": 0.01200000406242907, ""K6_advisory"": 13.628399989102036, ""K1_intent"": 0.04189999890513718, ""K2_retrieval"": 138.9539999945555, ""K3_reranker"": 67.92119999590795, ""K8_weighted_ranking"": 1.483400003053248, ""K3_candidate_filters"": 8.227799989981577, ""K9_advisory_consensus"": 0.009399998816661537, ""K4_nli_and_bypass_check"": 322.01289999648, ""K5_decision"": 225.34160000213888}",27519
FACTURK-0479,DOĞRU,"[24260, 1205, 5518, 17985, 28762, 2967, 4056, 17306, 2292, 23996, 21916, 8011, 26068, 20339, 26500, 7401, 21214, 1804, 15912, 17110]","[0.0003514382697176188, 0.00014091856428422034, 0.000159678646014072, 9.83811987680383e-05, 9.17019642656669e-05, 0.0002251682453788817, 0.00011412239109631628, 8.220189192797989e-05, 0.00020825010142289102, 3.7931622500764206e-05, 4.1335399146191776e-05, 5.738759500673041e-05, 0.0002251682453788817, 4.832564081880264e-05, 9.028038039105013e-05, 0.00015236754552461207, 1.9373936083866283e-05, 0.0001686527393758297, 0.0011203772155568004, 4.037790131405927e-05]","[0.0004084514221176505, 0.9937570095062256, 0.005834551528096199]","[0.0004084514221176505, 0.9937570095062256, 0.005834551528096199]",False,YETERSİZ VERİ,RET,True,False,954.184800008079,"{""K1_input_and_readiness"": 0.05740000051446259, ""K7_context"": 0.0013999961083754897, ""K1_normalization"": 0.011099997209385037, ""K6_advisory"": 16.4842999947723, ""K1_intent"": 0.03979999746661633, ""K2_retrieval"": 139.67290001164656, ""K3_reranker"": 155.5052999901818, ""K8_weighted_ranking"": 1.7530999903101474, ""K3_candidate_filters"": 10.889899989706464, ""K9_advisory_consensus"": 0.013700002455152571, ""K4_nli_and_bypass_check"": 350.7536999968579, ""K5_decision"": 275.08739999029785}",5518
FACTURK-0480,DOĞRU,"[20656, 28586, 14183, 18404, 6563, 1753, 25811, 11558, 17645, 23219, 14504, 18610, 20978, 10526, 1449, 2727, 29356, 23980, 23463, 4699]","[0.0026834397576749325, 0.47236397862434387, 0.0755847916007042, 0.002889581024646759, 0.000437334441812709, 0.0019342610612511635, 0.0003569706459529698, 6.868317723274231e-05, 0.005060331895947456, 0.0006214630557224154, 0.011331753805279732, 0.00019716942915692925, 1.8486754925106652e-05, 3.095910506090149e-05, 0.0009697519708424807, 0.0005884087877348065, 1.892514956125524e-05, 1.7231572201126255e-05, 0.003389783203601837, 0.0005053045460954309]","[0.9733769297599792, 0.025900065898895264, 0.0007230284390971065]","[0.9733769297599792, 0.025900065898895264, 0.0007230284390971065]",False,YALAN,RED,False,False,272.4410000082571,"{""K1_input_and_readiness"": 0.05389998841565102, ""K7_context"": 0.0014999968698248267, ""K1_normalization"": 0.011099997209385037, ""K6_advisory"": 11.129099992103875, ""K1_intent"": 0.032800002372823656, ""K2_retrieval"": 153.11559999827296, ""K3_reranker"": 65.11029999819584, ""K8_weighted_ranking"": 1.294599991524592, ""K3_candidate_filters"": 6.3929000025382265, ""K9_advisory_consensus"": 0.008699993486516178, ""K4_nli_and_bypass_check"": 31.262600008631125, ""K5_decision"": 0.44239999260753393}",14183
FACTURK-0481,YALAN,"[24851, 12671, 10451, 29589, 9954, 2349, 12734, 16727, 20172, 23232, 4836, 21843, 15734, 28826, 8725, 23665, 22301, 1768, 6158, 1232]","[0.00025315635139122605, 3.4537253668531775e-05, 0.0008693674462847412, 1.67014204635052e-05, 8.682210318511352e-05, 0.0001195985751110129, 0.00012731103925034404, 0.0013354008551687002, 0.02517884224653244, 1.683241134742275e-05, 1.657145367062185e-05, 1.67014204635052e-05, 7.543320680269971e-05, 1.7366719475830905e-05, 2.265035072923638e-05, 1.6442494597868063e-05, 0.0004060639475937933, 2.195349043176975e-05, 6.352188938762993e-05, 0.0003053489199373871]","[0.06310414522886276, 0.6022338271141052, 0.3346620798110962]","[0.06310414522886276, 0.6022338271141052, 0.3346620798110962]",False,YETERSİZ VERİ,RET,True,False,925.7627999904798,"{""K1_input_and_readiness"": 0.07479998748749495, ""K7_context"": 0.0020000006770715117, ""K1_normalization"": 0.01650000922381878, ""K6_advisory"": 18.670099991140887, ""K1_intent"": 0.04439998883754015, ""K2_retrieval"": 157.6228999911109, ""K3_reranker"": 82.1933999977773, ""K8_weighted_ranking"": 1.225699990754947, ""K3_candidate_filters"": 6.030499993357807, ""K9_advisory_consensus"": 0.006799993570894003, ""K4_nli_and_bypass_check"": 336.6614999977173, ""K5_decision"": 319.2496999981813}",20172
FACTURK-0482,DOĞRU,"[999, 5998, 19228, 25094, 17207, 5664, 15775, 3247, 25691, 30163, 18572, 4240, 1916, 1148, 24873, 2099, 6553, 20929, 22427, 2090]","[0.9918121099472046, 0.13834533095359802, 0.0016809417866170406, 0.0009773502824828029, 1.67014204635052e-05, 0.000491681566927582, 0.007176882121711969, 1.6314539607265033e-05, 3.70529705833178e-05, 0.023153411224484444, 0.0001547666179249063, 0.0014048678567633033, 1.9988918211311102e-05, 0.001383117400109768, 1.6314539607265033e-05, 5.920916373725049e-05, 8.415108459303156e-05, 5.475977377500385e-05, 0.001151399570517242, 0.00016093082376755774]",null,"[0.0, 0.0, 1.0]",True,DOĞRU,ONAY,False,False,196.431999997003,"{""K1_input_and_readiness"": 0.04880000778939575, ""K7_context"": 0.001200009137392044, ""K1_normalization"": 0.00790000194683671, ""K6_advisory"": 10.984500011545606, ""K1_intent"": 0.03239999932702631, ""K2_retrieval"": 102.74910001317039, ""K3_reranker"": 69.51510001090355, ""K8_weighted_ranking"": 1.3803000038024038, ""K3_candidate_filters"": 7.334699999773875, ""K9_advisory_consensus"": 0.010000003385357559, ""K4_nli_and_bypass_check"": 0.22619999072048813, ""K5_decision"": 0.2682000049389899}",999
FACTURK-0483,YALAN,"[12820, 6482, 21780, 10555, 16794, 21830, 29189, 13439, 9607, 7850, 26119, 24858, 30010, 22246, 28458, 17807, 5794, 2290, 10642, 29791]","[0.003579642390832305, 0.001004416379146278, 0.006413164082914591, 2.5071596610359848e-05, 3.1941821362124756e-05, 1.6314539607265033e-05, 0.0013250223128125072, 0.0002780309587251395, 0.00042223287164233625, 0.0005295418086461723, 7.141901005525142e-05, 5.3075080359121785e-05, 2.7969301299890503e-05, 3.3474691008450463e-05, 0.00026738259475678205, 1.7231572201126255e-05, 0.000487857119878754, 0.00043055712012574077, 0.00011412239109631628, 3.975192521465942e-05]","[0.002158618997782469, 0.9964852333068848, 0.0013561162631958723]","[0.002158618997782469, 0.9964852333068848, 0.0013561162631958723]",False,YETERSİZ VERİ,RET,True,False,302.50160000286996,"{""K1_input_and_readiness"": 0.0746000005165115, ""K7_context"": 0.0015999976312741637, ""K1_normalization"": 0.013900003978051245, ""K6_advisory"": 14.588999998522922, ""K1_intent"": 0.049299997044727206, ""K2_retrieval"": 164.40850000071805, ""K3_reranker"": 84.61710000119638, ""K8_weighted_ranking"": 1.0852999985218048, ""K3_candidate_filters"": 5.785199988167733, ""K9_advisory_consensus"": 0.007399998139590025, ""K4_nli_and_bypass_check"": 27.80219999840483, ""K5_decision"": 0.447900005383417}",29791
FACTURK-0484,DOĞRU,"[11359, 29676, 6132, 12250, 13939, 12474, 10729, 23976, 15078, 20929, 25420, 8969, 13961, 11624, 22512, 2027, 4773, 25232, 15622, 9912]","[1.6964426322374493e-05, 0.0006411777576431632, 3.8229114579735324e-05, 0.0008426423300988972, 1.750292540236842e-05, 0.005641908384859562, 1.6964426322374493e-05, 0.00023597174731548876, 1.6187581422855146e-05, 6.205049430718645e-05, 0.0003814711526501924, 1.6187581422855146e-05, 1.6442494597868063e-05, 1.6314539607265033e-05, 0.00012339458044152707, 1.6061610949691385e-05, 1.657145367062185e-05, 9.098840382648632e-05, 1.8200149497715756e-05, 1.6314539607265033e-05]","[0.00037760534905828536, 0.9991987347602844, 0.00042372470488771796]","[0.00037760534905828536, 0.9991987347602844, 0.00042372470488771796]",False,YETERSİZ VERİ,RET,True,False,780.31230000488,"{""K1_input_and_readiness"": 0.0610999995842576, ""K7_context"": 0.0011999945854768157, ""K1_normalization"": 0.009800001862458885, ""K6_advisory"": 11.665400001220405, ""K1_intent"": 0.03470000228844583, ""K2_retrieval"": 138.55920000059996, ""K3_reranker"": 70.71300000825431, ""K8_weighted_ranking"": 1.090899997507222, ""K3_candidate_filters"": 5.484799999976531, ""K9_advisory_consensus"": 0.005900001269765198, ""K4_nli_and_bypass_check"": 286.6117000085069, ""K5_decision"": 262.8514000098221}",29676
FACTURK-0485,YALAN,"[3632, 29976, 3729, 9648, 1170, 15970, 6361, 20982, 7762, 9101, 6858, 743, 17824, 13753, 2885, 2034, 13200, 8315, 15306, 21585]","[0.005001672077924013, 0.0005152657395228744, 0.055310655385255814, 0.0006719278171658516, 0.0001621928095119074, 2.094818773912266e-05, 5.518923353520222e-05, 0.000503335555549711, 0.001674399245530367, 1.7917987861437723e-05, 0.00021485926117748022, 5.518923353520222e-05, 0.00046190584544092417, 3.8831109122838825e-05, 0.0003668626013677567, 0.0012255674228072166, 1.6314539607265033e-05, 1.6061610949691385e-05, 1.6061610949691385e-05, 0.0003199982165824622]","[0.9976477026939392, 0.0021611370611935854, 0.00019106402760371566]","[0.9976477026939392, 0.0021611370611935854, 0.00019106402760371566]",False,YALAN,RED,False,False,590.4733999923337,"{""K1_input_and_readiness"": 0.04329999501351267, ""K7_context"": 0.0011999945854768157, ""K1_normalization"": 0.008100003469735384, ""K6_advisory"": 13.217600004281849, ""K1_intent"": 0.029399991035461426, ""K2_retrieval"": 131.4044000027934, ""K3_reranker"": 58.1642000033753, ""K8_weighted_ranking"": 1.1355999886291102, ""K3_candidate_filters"": 6.054099998436868, ""K9_advisory_consensus"": 0.007599999662488699, ""K4_nli_and_bypass_check"": 176.52009999437723, ""K5_decision"": 200.21909999195486}",9101
FACTURK-0486,YALAN,"[6094, 6413, 1090, 19237, 22218, 9150, 438, 25228, 29106, 15238, 487, 25225, 15787, 15874, 15978, 27696, 8347, 17141, 13989, 1676]","[0.17064616084098816, 0.06853749603033066, 0.003678509034216404, 0.11858908832073212, 0.17638768255710602, 0.25183168053627014, 0.002757622394710779, 0.01024860143661499, 0.0024060888681560755, 0.0006142272031866014, 0.0018243826925754547, 0.01833445206284523, 0.0011335690505802631, 0.00026530236937105656, 0.0006959536112844944, 0.04778006672859192, 0.0019342610612511635, 0.019456572830677032, 0.005040702875703573, 0.0001956353517016396]","[0.0013020209735259414, 0.9967924952507019, 0.0019055621232837439]","[0.0013020209735259414, 0.9967924952507019, 0.0019055621232837439]",False,YALAN,UYARI,False,False,354.5049999956973,"{""K1_input_and_readiness"": 0.07599999662488699, ""K7_context"": 0.0015999976312741637, ""K1_normalization"": 0.014399993233382702, ""K6_advisory"": 12.574699998367578, ""K1_intent"": 0.04650000482797623, ""K2_retrieval"": 195.57179999537766, ""K3_reranker"": 98.85850000136998, ""K8_weighted_ranking"": 1.2298999936319888, ""K3_candidate_filters"": 7.041099990601651, ""K9_advisory_consensus"": 0.007599999662488699, ""K4_nli_and_bypass_check"": 35.760600003413856, ""K5_decision"": 0.16080000204965472}",9150
FACTURK-0487,YALAN,"[9220, 29892, 12189, 27894, 10761, 6047, 10832, 27764, 23719, 20356, 21022, 29914, 21295, 9755, 11980, 12539, 3579, 1264, 25225, 3962]","[0.004133968148380518, 0.0002611903182696551, 0.0032099615782499313, 0.00025118677876889706, 0.0010403185151517391, 4.400118632474914e-05, 0.0026112475898116827, 0.004022909794002771, 0.00010637458035489544, 0.0046455576084554195, 0.0001699752756394446, 0.000471011851914227, 0.008847354911267757, 8.029783930396661e-05, 0.00014539113908540457, 5.144220995134674e-05, 0.00415008096024394, 4.1335399146191776e-05, 0.00018093574908562005, 2.6688529032981023e-05]","[0.0017118961550295353, 0.9912132620811462, 0.007074854336678982]","[0.0017118961550295353, 0.9912132620811462, 0.007074854336678982]",False,YETERSİZ VERİ,RET,True,False,1151.5094000060344,"{""K1_input_and_readiness"": 0.053100011427886784, ""K7_context"": 0.0011999945854768157, ""K1_normalization"": 0.010400006431154907, ""K6_advisory"": 12.496099996496923, ""K1_intent"": 0.03989999822806567, ""K2_retrieval"": 186.82870001066476, ""K3_reranker"": 90.73549999448005, ""K8_weighted_ranking"": 1.1042999976780266, ""K3_candidate_filters"": 5.8499000006122515, ""K9_advisory_consensus"": 0.007199996616691351, ""K4_nli_and_bypass_check"": 421.0781000001589, ""K5_decision"": 429.4168000051286}",20356
FACTURK-0488,YALAN,"[10907, 28100, 24588, 7533, 2480, 1116, 6929, 5560, 6412, 26432, 13130, 30321, 14232, 19377, 27660, 1205, 15468, 12991, 9072, 274]","[0.4434799253940582, 0.056236349046230316, 0.0616496242582798, 0.20721471309661865, 0.5505167245864868, 0.0015916259726509452, 0.0948452427983284, 0.16331195831298828, 0.04107588902115822, 0.00013982206291984767, 0.004700060468167067, 0.3977629840373993, 0.00012053649697918445, 0.0004784255870617926, 0.01897803694009781, 0.0017140384297817945, 0.004810982849448919, 8.284655632451177e-05, 0.00220838887616992, 0.001838665222749114]","[0.6377958655357361, 0.3551602363586426, 0.007043878082185984]","[0.6377958655357361, 0.3551602363586426, 0.007043878082185984]",False,DOĞRU,ONAY,False,False,966.9002000009641,"{""K1_input_and_readiness"": 0.0627999979769811, ""K7_context"": 0.001300009898841381, ""K1_normalization"": 0.012299991794861853, ""K6_advisory"": 12.698599995928816, ""K1_intent"": 0.037300007534213364, ""K2_retrieval"": 171.75540000607725, ""K3_reranker"": 278.3337000000756, ""K8_weighted_ranking"": 1.4721000043209642, ""K3_candidate_filters"": 6.78870000410825, ""K9_advisory_consensus"": 0.008000002708286047, ""K4_nli_and_bypass_check"": 265.46999999845866, ""K5_decision"": 226.75630000594538}",10907
FACTURK-0489,YALAN,"[2443, 1865, 9829, 22908, 25142, 27461, 28903, 21708, 27438, 11111, 22010, 23108, 5739, 24721, 23726, 25997, 2048, 28575, 18149, 383]","[0.000471011851914227, 0.967777669429779, 0.0018748616566881537, 0.000552778656128794, 0.01196109689772129, 0.0002780309587251395, 1.6187581422855146e-05, 6.657015910604969e-05, 1.67014204635052e-05, 0.0019342610612511635, 0.00017265156202483922, 0.001995538594201207, 1.6314539607265033e-05, 0.00010391067189630121, 0.0002234163403045386, 3.8831109122838825e-05, 0.00012632041762117296, 2.3369333575828932e-05, 0.0005549409543164074, 1.8200149497715756e-05]","[0.0002569901116658002, 0.999152421951294, 0.0005905585712753236]","[0.0002569901116658002, 0.999152421951294, 0.0005905585712753236]",False,YETERSİZ VERİ,RET,True,False,1216.7582000110997,"{""K1_input_and_readiness"": 0.0799000117694959, ""K7_context"": 0.0016999983927235007, ""K1_normalization"": 0.012600008631125093, ""K6_advisory"": 11.798199993791059, ""K1_intent"": 0.036600002204068005, ""K2_retrieval"": 152.18299999833107, ""K3_reranker"": 67.45170000067446, ""K8_weighted_ranking"": 1.388099990435876, ""K3_candidate_filters"": 6.855200001155026, ""K9_advisory_consensus"": 0.009199997293762863, ""K4_nli_and_bypass_check"": 532.205099996645, ""K5_decision"": 441.36470000375994}",1865
FACTURK-0490,YALAN,"[2812, 27894, 19969, 17600, 25981, 8467, 1692, 5118, 23436, 18035, 16950, 11670, 5122, 2250, 15972, 21342, 27443, 19142, 15815, 1645]","[0.25109636783599854, 0.0011559007689356804, 0.00023782203788869083, 1.805851934477687e-05, 0.055720288306474686, 0.005819959100335836, 2.6274772608303465e-05, 0.14187483489513397, 0.0002269338583573699, 1.657145367062185e-05, 0.20008835196495056, 0.00018522572645451874, 2.4876489987946115e-05, 1.7366719475830905e-05, 1.67014204635052e-05, 2.3369333575828932e-05, 0.000458312890259549, 6.502816540887579e-05, 0.00010071400902234018, 1.750292540236842e-05]","[0.0006955420831218362, 0.9987130165100098, 0.0005914529319852591]","[0.0006955420831218362, 0.9987130165100098, 0.0005914529319852591]",False,YETERSİZ VERİ,RET,True,False,448.1682999903569,"{""K1_input_and_readiness"": 0.061400001868605614, ""K7_context"": 0.0014999968698248267, ""K1_normalization"": 0.013500000932253897, ""K6_advisory"": 17.471499988459982, ""K1_intent"": 0.03679998917505145, ""K2_retrieval"": 195.98819999373518, ""K3_reranker"": 198.72010000108276, ""K8_weighted_ranking"": 1.287799997953698, ""K3_candidate_filters"": 5.991600002744235, ""K9_advisory_consensus"": 0.006599992047995329, ""K4_nli_and_bypass_check"": 24.67189999879338, ""K5_decision"": 0.3856000112136826}",27894
FACTURK-0491,DOĞRU,"[15736, 10967, 21024, 22466, 24437, 28534, 8517, 11376, 23792, 15313, 1814, 1194, 20972, 2593, 657, 16188, 8404, 20796, 21853, 12930]","[0.9635748267173767, 0.00026947917649522424, 7.197912054834887e-05, 0.00038296362617984414, 0.00040765260928310454, 5.3075080359121785e-05, 1.6314539607265033e-05, 3.70529705833178e-05, 1.6187581422855146e-05, 1.6314539607265033e-05, 0.0061212810687720776, 1.7231572201126255e-05, 1.750292540236842e-05, 0.0006070755189284682, 1.6442494597868063e-05, 1.6314539607265033e-05, 0.0053225355222821236, 4.7206227463902906e-05, 3.3474691008450463e-05, 0.0026730059180408716]","[0.001512256683781743, 0.9980371594429016, 0.0004505282558966428]","[0.001512256683781743, 0.9980371594429016, 0.0004505282558966428]",False,YETERSİZ VERİ,RET,True,False,326.64739999745507,"{""K1_input_and_readiness"": 0.07100000220816582, ""K7_context"": 0.0012999953469261527, ""K1_normalization"": 0.0109999964479357, ""K6_advisory"": 12.80189999670256, ""K1_intent"": 0.043100008042529225, ""K2_retrieval"": 184.00420001125894, ""K3_reranker"": 87.95400000235531, ""K8_weighted_ranking"": 1.2692000018432736, ""K3_candidate_filters"": 6.051999996998347, ""K9_advisory_consensus"": 0.007999988156370819, ""K4_nli_and_bypass_check"": 30.247100003180094, ""K5_decision"": 0.4454999871086329}",20972
FACTURK-0492,DOĞRU,"[18577, 17609, 15443, 10023, 24261, 785, 11650, 18100, 17138, 25835, 16925, 13669, 29339, 1274, 23902, 540, 17522, 10128, 23562, 19141]","[0.0002611903182696551, 0.0001713081874186173, 0.0002472934720572084, 0.0018821860430762172, 5.694102947018109e-05, 1.892514956125524e-05, 7.9673009167891e-05, 0.00022167809947859496, 1.6442494597868063e-05, 1.6314539607265033e-05, 4.6474400733131915e-05, 0.0004092474700883031, 0.006413164082914591, 0.015306354500353336, 1.6061610949691385e-05, 0.028870904818177223, 0.00014091856428422034, 0.002453428227454424, 1.6314539607265033e-05, 9.685608529252931e-05]","[0.7891356348991394, 0.041053805500268936, 0.16981053352355957]","[0.7891356348991394, 0.041053805500268936, 0.16981053352355957]",False,YALAN,RED,False,False,842.0807000075001,"{""K1_input_and_readiness"": 0.05219999002292752, ""K7_context"": 0.0013999961083754897, ""K1_normalization"": 0.01069999416358769, ""K6_advisory"": 13.229299991508015, ""K1_intent"": 0.03649998689070344, ""K2_retrieval"": 134.64999999268912, ""K3_reranker"": 56.174099998315796, ""K8_weighted_ranking"": 1.0803000041050836, ""K3_candidate_filters"": 5.509900001925416, ""K9_advisory_consensus"": 0.006100002792663872, ""K4_nli_and_bypass_check"": 324.5117000042228, ""K5_decision"": 303.2435000059195}",1274
FACTURK-0493,YALAN,"[27044, 11558, 1365, 15778, 13315, 28126, 13522, 3865, 1003, 22556, 28814, 25811, 14503, 3841, 12289, 20769, 29014, 8366, 4233, 22116]","[0.3372035324573517, 0.013636835850775242, 0.004520817659795284, 0.003678509034216404, 0.004038591403514147, 0.0040543340146541595, 0.013121271505951881, 0.16465073823928833, 0.0005072812782600522, 0.03422932326793671, 0.019908789545297623, 0.00020988310279790312, 0.0007916296017356217, 0.10034840553998947, 0.00035281325108371675, 0.01750955730676651, 0.26702573895454407, 0.0002472934720572084, 0.004755199886858463, 0.13500382006168365]","[0.004864023998379707, 0.0645892322063446, 0.930546760559082]","[0.004864023998379707, 0.0645892322063446, 0.930546760559082]",False,YALAN,RED,False,False,633.6846000049263,"{""K1_input_and_readiness"": 0.062399994931183755, ""K7_context"": 0.0013999961083754897, ""K1_normalization"": 0.012499993317760527, ""K6_advisory"": 12.180999998236075, ""K1_intent"": 0.0388999906135723, ""K2_retrieval"": 135.81359999079723, ""K3_reranker"": 87.23350000218488, ""K8_weighted_ranking"": 1.3397000002441928, ""K3_candidate_filters"": 6.922700005816296, ""K9_advisory_consensus"": 0.00859999272506684, ""K4_nli_and_bypass_check"": 196.48509999387898, ""K5_decision"": 190.01259999640752}",3865
FACTURK-0494,YALAN,"[1747, 10692, 3717, 9769, 17499, 18181, 29442, 4503, 26201, 13196, 16973, 2652, 9044, 2442, 29064, 10774, 1362, 4946, 16491, 36]","[0.00015720345254521817, 0.0019342610612511635, 0.31100818514823914, 2.710879925871268e-05, 0.00016093082376755774, 1.67014204635052e-05, 0.0002611903182696551, 0.00023597174731548876, 3.7636447814293206e-05, 0.0002002737601287663, 1.6314539607265033e-05, 2.6480842279852368e-05, 0.042087726294994354, 0.00021995337738189846, 0.0002251682453788817, 2.4300241420860402e-05, 0.0013885232619941235, 1.6061610949691385e-05, 0.002531111240386963, 3.591300992411561e-05]","[0.06878077983856201, 0.9095551371574402, 0.021663978695869446]","[0.06878077983856201, 0.9095551371574402, 0.021663978695869446]",False,YETERSİZ VERİ,RET,True,False,619.0507999999681,"{""K1_input_and_readiness"": 0.041100007365457714, ""K7_context"": 0.001300009898841381, ""K1_normalization"": 0.00750001345295459, ""K6_advisory"": 12.876100008725189, ""K1_intent"": 0.028099995688535273, ""K2_retrieval"": 128.33079999836627, ""K3_reranker"": 91.20970001094975, ""K8_weighted_ranking"": 1.4328999968711287, ""K3_candidate_filters"": 7.782700005918741, ""K9_advisory_consensus"": 0.007399998139590025, ""K4_nli_and_bypass_check"": 205.8347000129288, ""K5_decision"": 168.04099999717437}",17499
FACTURK-0495,YALAN,"[11256, 24219, 23210, 18834, 28495, 17988, 13395, 28970, 12929, 14316, 28018, 12657, 18986, 22555, 4506, 19637, 18101, 967, 27098, 17295]","[0.0010362669127061963, 2.6070309104397893e-05, 8.614650869276375e-05, 2.392351052549202e-05, 1.8777873265207745e-05, 1.6187581422855146e-05, 1.7231572201126255e-05, 1.6187581422855146e-05, 2.977311669383198e-05, 6.761842087144032e-05, 0.059537485241889954, 5.649793456541374e-05, 0.0003029734070878476, 0.00010889690747717395, 1.6314539607265033e-05, 1.67014204635052e-05, 1.6061610949691385e-05, 0.000347345310728997, 1.7640199075685814e-05, 1.9988918211311102e-05]","[0.003956069238483906, 0.9909741282463074, 0.00506978202611208]","[0.003956069238483906, 0.9909741282463074, 0.00506978202611208]",False,YALAN,RED,False,False,422.24390000046697,"{""K1_input_and_readiness"": 0.043799998820759356, ""K7_context"": 0.001300009898841381, ""K1_normalization"": 0.007199996616691351, ""K6_advisory"": 12.639100008527748, ""K1_intent"": 0.026900001103058457, ""K2_retrieval"": 119.62509999284521, ""K3_reranker"": 104.52770000847522, ""K8_weighted_ranking"": 1.2347000010777265, ""K3_candidate_filters"": 7.088300000759773, ""K9_advisory_consensus"": 0.008200004231184721, ""K4_nli_and_bypass_check"": 113.28809999395162, ""K5_decision"": 60.2797999890754}",28018
FACTURK-0496,DOĞRU,"[14928, 13644, 12688, 676, 25349, 25225, 21520, 15787, 7456, 20020, 13820, 26306, 20616, 15946, 13402, 24065, 6292, 24534, 18561, 11667]","[0.8269913792610168, 1.7231572201126255e-05, 4.298194107832387e-05, 0.00028685410507023335, 1.6314539607265033e-05, 1.8342892872169614e-05, 0.0009659748757258058, 1.8200149497715756e-05, 1.6314539607265033e-05, 2.449082603561692e-05, 1.6187581422855146e-05, 2.0462934116949327e-05, 7.905303937150165e-05, 1.7366719475830905e-05, 1.6187581422855146e-05, 1.6442494597868063e-05, 7.197912054834887e-05, 1.657145367062185e-05, 1.657145367062185e-05, 6.156764720799401e-05]","[0.0003211993316654116, 0.9975699782371521, 0.0021088498178869486]","[0.0003211993316654116, 0.9975699782371521, 0.0021088498178869486]",False,YALAN,RED,False,False,530.4971000005025,"{""K1_input_and_readiness"": 0.07320000440813601, ""K7_context"": 0.0013999961083754897, ""K1_normalization"": 0.024199995095841587, ""K6_advisory"": 17.21600000746548, ""K1_intent"": 0.029100003303028643, ""K2_retrieval"": 116.7668000125559, ""K3_reranker"": 58.34350000077393, ""K8_weighted_ranking"": 1.262899997527711, ""K3_candidate_filters"": 6.649999995715916, ""K9_advisory_consensus"": 0.007399998139590025, ""K4_nli_and_bypass_check"": 171.42869999224786, ""K5_decision"": 155.42969999660272}",14928
FACTURK-0497,YALAN,"[15787, 23686, 26820, 12437, 14920, 14079, 10513, 24028, 8378, 15622, 20867, 25941, 29262, 2356, 25169, 22407, 30024, 15975, 24380, 6467]","[7.9673009167891e-05, 1.7097478121286258e-05, 0.015603534877300262, 4.5044595026411116e-05, 0.00019411319226492196, 0.0003654328465927392, 1.6314539607265033e-05, 0.754553496837616, 4.469407213036902e-05, 9.993031562771648e-05, 0.003456409554928541, 0.0009436192340217531, 0.0009039677679538727, 1.6314539607265033e-05, 2.178264912799932e-05, 1.6187581422855146e-05, 2.908344322349876e-05, 1.7097478121286258e-05, 1.7231572201126255e-05, 1.67014204635052e-05]","[0.9878678321838379, 0.01166489627212286, 0.0004673386865761131]","[0.9878678321838379, 0.01166489627212286, 0.0004673386865761131]",False,DOĞRU,ONAY,False,False,505.950099992333,"{""K1_input_and_readiness"": 0.04849999095313251, ""K7_context"": 0.0011999945854768157, ""K1_normalization"": 0.009499999578110874, ""K6_advisory"": 10.328199990908615, ""K1_intent"": 0.04710000939667225, ""K2_retrieval"": 127.20210000406951, ""K3_reranker"": 65.53300000086892, ""K8_weighted_ranking"": 1.3233000063337386, ""K3_candidate_filters"": 5.7006999995792285, ""K9_advisory_consensus"": 0.006499991286545992, ""K4_nli_and_bypass_check"": 159.67280000040773, ""K5_decision"": 132.56169999658596}",26820
FACTURK-0498,DOĞRU,"[20020, 23751, 1291, 19589, 14089, 24834, 21497, 20519, 21402, 29627, 5491, 29912, 6573, 25969, 6263, 4331, 13338, 19866, 9114, 18234]","[0.0010775026166811585, 0.004755199886858463, 9.915272676153108e-05, 0.026861203834414482, 0.005343256052583456, 3.4808123018592596e-05, 2.2125668692751788e-05, 0.03173859417438507, 6.502816540887579e-05, 0.002225670963525772, 6.302758993115276e-05, 0.0012545944191515446, 0.0001699752756394446, 0.0004044814850203693, 3.269927037763409e-05, 0.00034329999471083283, 0.00046190584544092417, 4.006369272246957e-05, 0.0002802109520416707, 0.0015427322359755635]","[0.9840477108955383, 0.010996025055646896, 0.004956296179443598]","[0.9840477108955383, 0.010996025055646896, 0.004956296179443598]",False,DOĞRU,ONAY,False,False,257.1967000112636,"{""K1_input_and_readiness"": 0.05129999772179872, ""K7_context"": 0.0013999961083754897, ""K1_normalization"": 0.00960000033956021, ""K6_advisory"": 15.300200000638142, ""K1_intent"": 0.0391000066883862, ""K2_retrieval"": 132.81300000380725, ""K3_reranker"": 63.10020000091754, ""K8_weighted_ranking"": 1.3470999983837828, ""K3_candidate_filters"": 7.268200002727099, ""K9_advisory_consensus"": 0.019500002963468432, ""K4_nli_and_bypass_check"": 33.3799999934854, ""K5_decision"": 0.20450000010896474}",23751
FACTURK-0499,YALAN,"[9150, 17048, 21827, 28547, 1090, 16652, 25228, 6684, 9629, 8347, 12278, 16150, 9642, 29414, 21058, 9686, 2984, 13390, 20257, 28029]","[0.007518718484789133, 8.957788668340072e-05, 0.013480102643370628, 0.355663001537323, 0.005511934403330088, 0.00010071400902234018, 0.009746103547513485, 3.619466951931827e-05, 5.518923353520222e-05, 0.0007733057136647403, 0.005576545372605324, 0.0326513797044754, 0.010368157178163528, 1.892514956125524e-05, 3.219233258278109e-05, 0.008093290030956268, 0.0001500056532677263, 0.009268013760447502, 4.6474400733131915e-05, 0.0039454069919884205]","[0.10883156210184097, 0.8890408277511597, 0.0021275836043059826]","[0.10883156210184097, 0.8890408277511597, 0.0021275836043059826]",False,YALAN,UYARI,False,False,355.82449998764787,"{""K1_input_and_readiness"": 0.06330000178422779, ""K7_context"": 0.001400010660290718, ""K1_normalization"": 0.011299998732283711, ""K6_advisory"": 11.40470000973437, ""K1_intent"": 0.040400002035312355, ""K2_retrieval"": 191.63200000184588, ""K3_reranker"": 107.65139998693485, ""K8_weighted_ranking"": 1.34529999922961, ""K3_candidate_filters"": 7.061900003463961, ""K9_advisory_consensus"": 0.008199989679269493, ""K4_nli_and_bypass_check"": 32.206200005020946, ""K5_decision"": 0.38949999725446105}",28547
FACTURK-0500,DOĞRU,"[27629, 4964, 18561, 9274, 10902, 5087, 11058, 25108, 28205, 15684, 14464, 27522, 25113, 2984, 27017, 20599, 27617, 29474, 15264, 21914]","[0.9986169338226318, 0.0022606407292187214, 0.00033535013790242374, 0.3197582960128784, 0.0001823546044761315, 0.0005571116926148534, 0.005384937860071659, 0.00013032974675297737, 1.9988918211311102e-05, 4.2647468944778666e-05, 2.265035072923638e-05, 1.67014204635052e-05, 1.657145367062185e-05, 0.0001387341326335445, 0.0010775026166811585, 1.6187581422855146e-05, 1.6187581422855146e-05, 0.0003569706459529698, 6.156764720799401e-05, 0.00044248730409890413]",null,"[0.0, 0.0, 1.0]",True,YETERSİZ VERİ,KISMI,True,False,213.5897000116529,"{""K1_input_and_readiness"": 0.05149999924469739, ""K7_context"": 0.0016999983927235007, ""K1_normalization"": 0.009099996532313526, ""K6_advisory"": 13.586499990196899, ""K1_intent"": 0.03159999323543161, ""K2_retrieval"": 121.39709999610204, ""K3_reranker"": 67.14240000292193, ""K8_weighted_ranking"": 1.0679000115487725, ""K3_candidate_filters"": 5.897800001548603, ""K9_advisory_consensus"": 0.007300011930055916, ""K4_nli_and_bypass_check"": 0.39680000918451697, ""K5_decision"": 0.3133999998681247}",27629
