claim_id,gold_verdict,retrieved_source_ids,rerank_scores,nli_probs,decision_probs,nli_bypassed,final_verdict,raw_status,abstained,cache_hit,latency_ms,layer_latency_ms,selected_source_id
FACTURK-0001,YALAN,"[5084, 14206, 12265, 15649, 29136, 23720, 11388, 25947, 11155, 29179, 24388, 16644, 8136, 708, 25537, 14040, 27443, 23236, 21407, 4682]","[0.009670992381870747, 0.019160708412528038, 0.0002234163403045386, 1.657145367062185e-05, 0.0023596605751663446, 0.00016603845870122313, 0.0067449891939759254, 2.4300241420860402e-05, 0.0011740821646526456, 2.1112482500029728e-05, 1.7366719475830905e-05, 0.42590367794036865, 1.750292540236842e-05, 4.006369272246957e-05, 0.04146226868033409, 0.00011061159602832049, 1.6442494597868063e-05, 0.0017614696407690644, 2.1278065105434507e-05, 1.7917987861437723e-05]","[0.0008912086486816406, 0.99853515625, 0.0004439353942871094]","[0.0008912086486816406, 0.99853515625, 0.0004439353942871094]",False,YALAN,UYARI,False,False,5929.163600000038,"{""K1_input_and_readiness"": 0.8783999999195657, ""K7_context"": 0.002900000026784255, ""K1_normalization"": 0.4099999998743442, ""K6_advisory"": 62.456099999963044, ""K1_intent"": 0.3612000000430271, ""K2_retrieval"": 379.0085000000545, ""K3_reranker"": 2653.564700000061, ""K8_weighted_ranking"": 1.4604000000417727, ""K3_candidate_filters"": 6.232700000055047, ""K9_advisory_consensus"": 0.00760000011723605, ""K4_nli_and_bypass_check"": 1500.8621000001767, ""K5_decision"": 1318.4131999998954}",14206
FACTURK-0002,YALAN,"[5161, 21314, 27176, 15452, 19821, 15313, 13566, 28567, 25882, 29461, 26954, 5398, 29680, 9918, 23602, 5162, 12338, 14911, 22734, 3195]","[0.0029464049730449915, 0.012431650422513485, 0.00013342000602278858, 0.0001673405058681965, 0.0003500686143524945, 0.054198723286390305, 0.0060503981076180935, 0.007665874902158976, 0.0031974869780242443, 1.6442494597868063e-05, 0.019985152408480644, 1.6061610949691385e-05, 1.6314539607265033e-05, 0.0032350558321923018, 1.6187581422855146e-05, 0.04795810207724571, 0.026506125926971436, 0.000191104321856983, 0.003621685551479459, 1.6061610949691385e-05]","[0.0259857177734375, 0.9736328125, 0.00028824806213378906]","[0.0259857177734375, 0.9736328125, 0.00028824806213378906]",False,YETERSİZ VERİ,RET,True,False,2972.5251000002118,"{""K1_input_and_readiness"": 0.11729999982890149, ""K7_context"": 0.0023999998575163772, ""K1_normalization"": 0.01950000000761065, ""K6_advisory"": 32.449199999973644, ""K1_intent"": 0.04549999994196696, ""K2_retrieval"": 256.76499999985936, ""K3_reranker"": 1687.9136000000017, ""K8_weighted_ranking"": 1.3162000000193075, ""K3_candidate_filters"": 6.063799999992625, ""K9_advisory_consensus"": 0.006199999916134402, ""K4_nli_and_bypass_check"": 487.63099999996484, ""K5_decision"": 497.20719999982066}",5162
FACTURK-0003,DOĞRU,"[10643, 3679, 4493, 29985, 3830, 10187, 28232, 4720, 26773, 3368, 6837, 23537, 864, 18485, 5913, 1579, 15078, 12304, 10688, 30019]","[0.00048406238784082234, 1.7366719475830905e-05, 2.5071596610359848e-05, 2.3369333575828932e-05, 5.694102947018109e-05, 2.566613329690881e-05, 1.6061610949691385e-05, 8.682210318511352e-05, 1.6187581422855146e-05, 1.6187581422855146e-05, 1.7231572201126255e-05, 1.6187581422855146e-05, 1.6314539607265033e-05, 1.6442494597868063e-05, 1.6061610949691385e-05, 1.6442494597868063e-05, 1.6061610949691385e-05, 0.0005213363328948617, 1.683241134742275e-05, 1.6061610949691385e-05]","[0.01325225830078125, 0.66064453125, 0.326171875]","[0.01325225830078125, 0.66064453125, 0.326171875]",False,DOĞRU,ONAY,False,False,4467.434000000139,"{""K1_input_and_readiness"": 0.06710000002385641, ""K7_context"": 0.0019000001429958502, ""K1_normalization"": 0.010199999906035373, ""K6_advisory"": 23.394099999904938, ""K1_intent"": 0.033799999982875306, ""K2_retrieval"": 235.11690000009366, ""K3_reranker"": 2631.8284999999833, ""K8_weighted_ranking"": 1.3928000000760221, ""K3_candidate_filters"": 7.199599999921702, ""K9_advisory_consensus"": 0.006900000016685226, ""K4_nli_and_bypass_check"": 696.0408999998435, ""K5_decision"": 867.9595000000973}",12304
FACTURK-0004,YALAN,"[13928, 13159, 4829, 26049, 10491, 12198, 16843, 7716, 19331, 23472, 28091, 15833, 14158, 7204, 16105, 27795, 11156, 11180, 23662, 11990]","[0.004382336512207985, 0.007695646956562996, 0.016979992389678955, 0.012194132432341576, 0.0002780309587251395, 0.0027149852830916643, 0.034618835896253586, 0.03588069602847099, 0.0004124558763578534, 0.0029810327105224133, 8.888084994396195e-05, 0.0001511819864390418, 0.007636216934770346, 0.0021074723917990923, 0.0002131875662598759, 0.00041568948654457927, 3.1693256460130215e-05, 1.683241134742275e-05, 0.0003275842755101621, 0.00021824207215104252]","[0.0002830028533935547, 0.0039520263671875, 0.99560546875]","[0.0002830028533935547, 0.0039520263671875, 0.99560546875]",False,YETERSİZ VERİ,KISMI,True,False,2855.2356000000145,"{""K1_input_and_readiness"": 0.08780000007391209, ""K7_context"": 0.0018000000636675395, ""K1_normalization"": 0.015200000007098424, ""K6_advisory"": 29.053500000145505, ""K1_intent"": 0.049700000090524554, ""K2_retrieval"": 324.98359999999593, ""K3_reranker"": 2469.7446000000127, ""K8_weighted_ranking"": 1.1363000000983448, ""K3_candidate_filters"": 5.976499999860607, ""K9_advisory_consensus"": 0.006900000016685226, ""K4_nli_and_bypass_check"": 20.81939999993665, ""K5_decision"": 0.30629999992015655}",13928
FACTURK-0005,YALAN,"[29807, 27466, 11486, 9201, 11348, 2140, 24935, 20333, 209, 27288, 150, 22494, 2050, 29979, 29112, 4916, 13172, 13258, 4896, 16391]","[2.3007036361377686e-05, 1.6061610949691385e-05, 1.6187581422855146e-05, 1.593661909282673e-05, 1.6314539607265033e-05, 3.1693256460130215e-05, 0.0002715921145863831, 8.547616744181141e-05, 1.7917987861437723e-05, 0.0019723358564078808, 1.922317096614279e-05, 1.6061610949691385e-05, 4.683888619183563e-05, 1.6061610949691385e-05, 0.0037072531413286924, 3.5633544030133635e-05, 2.9541422918555327e-05, 1.8200149497715756e-05, 0.00026947917649522424, 1.6061610949691385e-05]","[0.003131866455078125, 0.99365234375, 0.002971649169921875]","[0.003131866455078125, 0.99365234375, 0.002971649169921875]",False,YALAN,RED,False,False,2848.5814000000573,"{""K1_input_and_readiness"": 0.0499000000218075, ""K7_context"": 0.0013999999737279722, ""K1_normalization"": 0.008800000159681076, ""K6_advisory"": 23.57809999989513, ""K1_intent"": 0.06559999997080013, ""K2_retrieval"": 290.8804000001055, ""K3_reranker"": 2488.2900999998583, ""K8_weighted_ranking"": 1.1529999999311258, ""K3_candidate_filters"": 6.551300000182891, ""K9_advisory_consensus"": 0.0068999997893115506, ""K4_nli_and_bypass_check"": 33.211400000027425, ""K5_decision"": 0.32520000013391837}",150
FACTURK-0006,YALAN,"[13994, 27790, 7893, 8670, 17553, 15787, 9150, 9636, 12442, 28045, 22499, 10784, 11182, 23979, 24804, 22699, 15425, 21477, 18709, 6418]","[0.0011649561347439885, 0.0017342078499495983, 1.6442494597868063e-05, 3.508111694827676e-05, 3.0006618544575758e-05, 0.0006337125087156892, 0.009196552447974682, 1.6442494597868063e-05, 1.6442494597868063e-05, 1.9988918211311102e-05, 0.0002780309587251395, 4.794958294951357e-05, 0.0004859560285694897, 0.0008969392511062324, 1.6442494597868063e-05, 0.0010162440594285727, 0.001483718864619732, 1.6314539607265033e-05, 1.7097478121286258e-05, 0.006438102573156357]","[0.0015201568603515625, 0.91015625, 0.0885009765625]","[0.0015201568603515625, 0.91015625, 0.0885009765625]",False,YALAN,UYARI,False,False,3435.68839999989,"{""K1_input_and_readiness"": 0.05319999991115765, ""K7_context"": 0.0012999998943996616, ""K1_normalization"": 0.009899999895424116, ""K6_advisory"": 27.357400000028065, ""K1_intent"": 0.07329999993999081, ""K2_retrieval"": 234.63109999988774, ""K3_reranker"": 2291.3387999999486, ""K8_weighted_ranking"": 1.143400000046313, ""K3_candidate_filters"": 5.886299999929179, ""K9_advisory_consensus"": 0.007200000027296483, ""K4_nli_and_bypass_check"": 430.85949999999684, ""K5_decision"": 440.41149999998197}",9150
FACTURK-0007,YALAN,"[9422, 22254, 11479, 9150, 3007, 16785, 635, 27268, 1272, 3592, 25225, 12977, 25178, 16910, 15675, 6336, 16150, 29240, 25228, 27696]","[0.002296159043908119, 0.0020190137438476086, 0.0008426423300988972, 0.0065388246439397335, 0.004755199886858463, 0.006877107545733452, 0.002957902615889907, 1.683241134742275e-05, 0.0010443859500810504, 0.00651349825784564, 0.0011740821646526456, 6.502816540887579e-05, 0.0004859560285694897, 0.00017674513219390064, 3.8229114579735324e-05, 0.0972188413143158, 0.006463137920945883, 0.0003225071995984763, 0.017712298780679703, 0.020884215831756592]","[0.0006723403930664062, 0.998046875, 0.0010557174682617188]","[0.0006723403930664062, 0.998046875, 0.0010557174682617188]",False,YETERSİZ VERİ,RET,True,False,2855.378900000005,"{""K1_input_and_readiness"": 0.11240000003454043, ""K7_context"": 0.00280000017482962, ""K1_normalization"": 0.02419999987068877, ""K6_advisory"": 38.417900000013105, ""K1_intent"": 0.0726999999187683, ""K2_retrieval"": 357.1171000000959, ""K3_reranker"": 2418.8835999998446, ""K8_weighted_ranking"": 1.1632000000645348, ""K3_candidate_filters"": 7.714299999861396, ""K9_advisory_consensus"": 0.008099999831756577, ""K4_nli_and_bypass_check"": 28.663000000051397, ""K5_decision"": 0.18330000011701486}",6336
FACTURK-0008,DOĞRU,"[23842, 9982, 10382, 9650, 15500, 19666, 11877, 9806, 3540, 14693, 3040, 14448, 20379, 22944, 8990, 3772, 22150, 23316, 22581, 6926]","[0.005865338258445263, 1.6442494597868063e-05, 2.4300241420860402e-05, 0.001048469333909452, 1.922317096614279e-05, 4.1335399146191776e-05, 0.0005725466180592775, 0.0005420927773229778, 1.6061610949691385e-05, 8.888084994396195e-05, 1.6314539607265033e-05, 0.015603534877300262, 2.3369333575828932e-05, 2.1112482500029728e-05, 0.0019418168812990189, 1.6187581422855146e-05, 9.7615658887662e-05, 0.023021258413791656, 0.0018031664658337831, 2.178264912799932e-05]","[0.0014972686767578125, 0.01224517822265625, 0.986328125]","[0.0014972686767578125, 0.01224517822265625, 0.986328125]",False,YALAN,RED,False,False,1971.6562999999496,"{""K1_input_and_readiness"": 0.04579999995257822, ""K7_context"": 0.0012999998943996616, ""K1_normalization"": 0.010299999985363684, ""K6_advisory"": 25.624100000186445, ""K1_intent"": 0.06579999990208307, ""K2_retrieval"": 290.8781999999519, ""K3_reranker"": 1619.0103000001272, ""K8_weighted_ranking"": 1.1034999999992579, ""K3_candidate_filters"": 5.79080000011345, ""K9_advisory_consensus"": 0.007099999947968172, ""K4_nli_and_bypass_check"": 25.820600000088234, ""K5_decision"": 0.2733000001171604}",23842
FACTURK-0009,DOĞRU,"[1144, 24475, 27597, 16895, 6310, 20475, 12267, 7358, 14517, 19012, 6826, 22836, 27502, 8481, 8892, 19391, 27132, 6311, 12431, 3325]","[3.7931622500764206e-05, 0.0015548133524134755, 2.014569145103451e-05, 0.00013135180051904172, 0.0005420927773229778, 0.005001672077924013, 0.0013198634842410684, 0.0006693099858239293, 0.005159622989594936, 0.00026947917649522424, 0.0004494523163884878, 0.0005233757547102869, 2.977311669383198e-05, 0.00016346470511052758, 2.0785171727766283e-05, 5.0644717703107744e-05, 1.6314539607265033e-05, 0.0009362827986478806, 1.7366719475830905e-05, 2.2827996872365475e-05]","[0.103515625, 0.1607666015625, 0.73583984375]","[0.103515625, 0.1607666015625, 0.73583984375]",False,YALAN,RED,False,False,3442.7539999999226,"{""K1_input_and_readiness"": 0.04430000012689561, ""K7_context"": 0.001300000121773337, ""K1_normalization"": 0.009899999895424116, ""K6_advisory"": 25.663500000064232, ""K1_intent"": 0.04369999987829942, ""K2_retrieval"": 249.4401999999809, ""K3_reranker"": 1639.7543999999016, ""K8_weighted_ranking"": 1.3441999999486143, ""K3_candidate_filters"": 11.475600000039776, ""K9_advisory_consensus"": 0.02119999999194988, ""K4_nli_and_bypass_check"": 691.329499999938, ""K5_decision"": 820.692999999892}",12431
FACTURK-0010,YALAN,"[24363, 8324, 13975, 27785, 18194, 8950, 8758, 10912, 28933, 2259, 11725, 129, 389, 10568, 29827, 5415, 11438, 14997, 27935, 2585]","[0.9533619284629822, 0.004520817659795284, 0.01214717049151659, 5.738759500673041e-05, 1.892514956125524e-05, 2.526822754589375e-05, 1.805851934477687e-05, 8.284655632451177e-05, 1.6061610949691385e-05, 1.657145367062185e-05, 2.6897845600615256e-05, 8.614650869276375e-05, 0.00035557945375330746, 0.0008559006964787841, 2.392351052549202e-05, 4.794958294951357e-05, 1.6442494597868063e-05, 0.00029365462251007557, 1.6314539607265033e-05, 3.734356869244948e-05]","[0.99853515625, 0.00025534629821777344, 0.0011091232299804688]","[0.99853515625, 0.00025534629821777344, 0.0011091232299804688]",False,YALAN,UYARI,False,False,3692.868800000042,"{""K1_input_and_readiness"": 0.05230000010669755, ""K7_context"": 0.0014000002011016477, ""K1_normalization"": 0.010900000006586197, ""K6_advisory"": 26.762100000041755, ""K1_intent"": 0.047200000153679866, ""K2_retrieval"": 266.88309999985904, ""K3_reranker"": 2671.7256000001726, ""K8_weighted_ranking"": 2.106099999991784, ""K3_candidate_filters"": 10.105800000019372, ""K9_advisory_consensus"": 0.013800000033370452, ""K4_nli_and_bypass_check"": 432.0548000000599, ""K5_decision"": 278.4454000000096}",24363
FACTURK-0011,YALAN,"[23718, 23479, 25507, 28191, 12587, 19428, 20172, 29572, 26988, 20389, 14814, 7826, 21721, 19006, 6047, 5185, 6648, 26079, 579, 2434]","[0.0006312434561550617, 0.00025714197545312345, 2.977311669383198e-05, 2.030369250860531e-05, 0.009708477184176445, 3.5633544030133635e-05, 0.011597361415624619, 1.892514956125524e-05, 0.0061450921930372715, 0.001573112211190164, 0.0005838325014337897, 1.67014204635052e-05, 0.00017265156202483922, 0.00023597174731548876, 0.0002287133247591555, 0.0010649627074599266, 2.0623421733034775e-05, 4.400118632474914e-05, 0.007968815043568611, 4.101373633602634e-05]","[0.0053558349609375, 0.058349609375, 0.9365234375]","[0.0053558349609375, 0.058349609375, 0.9365234375]",False,DOĞRU,ONAY,False,False,2610.358000000133,"{""K1_input_and_readiness"": 0.07749999986117473, ""K7_context"": 0.0022000001536071068, ""K1_normalization"": 0.01160000010713702, ""K6_advisory"": 28.75210000001971, ""K1_intent"": 0.03969999988839845, ""K2_retrieval"": 233.12110000006214, ""K3_reranker"": 1605.5711000001338, ""K8_weighted_ranking"": 2.1108999999341904, ""K3_candidate_filters"": 15.97289999995155, ""K9_advisory_consensus"": 0.025300000061179162, ""K4_nli_and_bypass_check"": 404.9525000000358, ""K5_decision"": 313.78990000007434}",20172
FACTURK-0012,DOĞRU,"[18918, 29855, 23011, 19541, 6622, 25720, 11529, 26278, 22626, 25180, 6142, 29775, 3162, 7148, 14891, 27742, 1743, 25865, 15735, 6336]","[0.0012893283274024725, 0.00012148174573667347, 0.0038996203802525997, 0.03403615206480026, 0.0003640086797531694, 0.0005549409543164074, 0.0020111582707613707, 2.4876489987946115e-05, 3.071818719035946e-05, 0.0009110511746257544, 0.005060331895947456, 0.00014313739666249603, 0.0003275842755101621, 0.0017752605490386486, 1.6314539607265033e-05, 0.0018031664658337831, 0.00013552077871281654, 3.3474691008450463e-05, 0.0004529758298303932, 0.0009399438858963549]","[0.0014209747314453125, 0.869140625, 0.1295166015625]","[0.0014209747314453125, 0.869140625, 0.1295166015625]",False,YETERSİZ VERİ,RET,True,False,2364.034499999889,"{""K1_input_and_readiness"": 0.091999999995096, ""K7_context"": 0.002900000026784255, ""K1_normalization"": 0.020599999970727367, ""K6_advisory"": 41.122900000118534, ""K1_intent"": 0.05230000010669755, ""K2_retrieval"": 237.82940000000963, ""K3_reranker"": 1285.3095000000394, ""K8_weighted_ranking"": 1.4083999999456864, ""K3_candidate_filters"": 5.433699999912278, ""K9_advisory_consensus"": 0.005600000122285564, ""K4_nli_and_bypass_check"": 427.3464000000331, ""K5_decision"": 362.2264999999061}",11529
FACTURK-0013,DOĞRU,"[12699, 10893, 22737, 27933, 17446, 8374, 22357, 12534, 8303, 18096, 23089, 2528, 14887, 15062, 8216, 9657, 28054, 13101, 27013, 16012]","[0.7246754765510559, 0.1945207715034485, 1.8342892872169614e-05, 0.00023597174731548876, 0.004331501666456461, 9.7615658887662e-05, 0.0015916259726509452, 0.0027149852830916643, 0.0006959536112844944, 0.0003951153776142746, 0.000570315751247108, 3.734356869244948e-05, 0.0006142272031866014, 0.004520817659795284, 0.0001823546044761315, 0.0021074723917990923, 0.0030515100806951523, 0.0002415662893326953, 0.00031258779927156866, 0.00038296362617984414]","[0.0005979537963867188, 0.96533203125, 0.0341796875]","[0.0005979537963867188, 0.96533203125, 0.0341796875]",False,DOĞRU,ONAY,False,False,2556.822099999863,"{""K1_input_and_readiness"": 0.11210000002392917, ""K7_context"": 0.0019000001429958502, ""K1_normalization"": 0.015000000075815478, ""K6_advisory"": 25.330799999892406, ""K1_intent"": 0.046200000042517786, ""K2_retrieval"": 267.6266000000851, ""K3_reranker"": 2221.097200000031, ""K8_weighted_ranking"": 1.5201999999590043, ""K3_candidate_filters"": 8.117200000015146, ""K9_advisory_consensus"": 0.008100000059130252, ""K4_nli_and_bypass_check"": 28.949400000101377, ""K5_decision"": 0.19439999982751033}",12699
FACTURK-0014,YALAN,"[29080, 27142, 28266, 29892, 29834, 1095, 13298, 15868, 13341, 2537, 27999, 6418, 27730, 29881, 27601, 9507, 24354, 20632, 28088, 22608]","[0.09982065856456757, 0.16026602685451508, 0.012722708284854889, 0.005179712548851967, 0.04501553252339363, 0.13330234587192535, 0.0002234163403045386, 0.09334687888622284, 0.02843603305518627, 0.005426943302154541, 0.003087369492277503, 0.14010079205036163, 0.0011160142021253705, 0.060863446444272995, 0.0008659808663651347, 0.007431773468852043, 0.013636835850775242, 0.001495338510721922, 0.0011832797899842262, 0.0360160693526268]","[0.0003218650817871094, 0.99951171875, 0.00017261505126953125]","[0.0003218650817871094, 0.99951171875, 0.00017261505126953125]",False,YALAN,UYARI,False,False,3113.6968000000707,"{""K1_input_and_readiness"": 0.0529999999798747, ""K7_context"": 0.0013999999737279722, ""K1_normalization"": 0.021399999923232826, ""K6_advisory"": 29.55799999995179, ""K1_intent"": 0.0494000000799133, ""K2_retrieval"": 251.03279999984807, ""K3_reranker"": 2317.971899999975, ""K8_weighted_ranking"": 1.4415000000553846, ""K3_candidate_filters"": 7.048800000120536, ""K9_advisory_consensus"": 0.006199999916134402, ""K4_nli_and_bypass_check"": 265.34779999997227, ""K5_decision"": 237.78399999991962}",27142
FACTURK-0015,YALAN,"[4977, 15806, 18859, 2941, 29808, 3212, 23156, 7205, 26295, 12961, 15095, 2573, 22860, 24403, 27060, 1964, 25914, 19362, 15608, 2750]","[0.0005132579244673252, 2.265035072923638e-05, 0.0005792917218059301, 4.539786823443137e-05, 2.2474090656032786e-05, 0.01009131595492363, 0.0002287133247591555, 0.0001387341326335445, 0.00023597174731548876, 3.9135655242716894e-05, 0.0061212810687720776, 2.4682904040673748e-05, 0.00021485926117748022, 0.000487857119878754, 4.331903619458899e-05, 0.00025315635139122605, 2.0462934116949327e-05, 0.0014381353976204991, 0.001220795209519565, 0.0005213363328948617]","[0.0017480850219726562, 0.99658203125, 0.0016679763793945312]","[0.0017480850219726562, 0.99658203125, 0.0016679763793945312]",False,YETERSİZ VERİ,RET,True,False,3585.6724999998733,"{""K1_input_and_readiness"": 0.0617999999121821, ""K7_context"": 0.0013999999737279722, ""K1_normalization"": 0.01240000005964248, ""K6_advisory"": 24.586300000009942, ""K1_intent"": 0.0446999999894615, ""K2_retrieval"": 254.06900000007226, ""K3_reranker"": 1762.1594999998251, ""K8_weighted_ranking"": 1.2822000001051492, ""K3_candidate_filters"": 7.504599999947459, ""K9_advisory_consensus"": 0.010799999927257886, ""K4_nli_and_bypass_check"": 804.214600000023, ""K5_decision"": 728.8811999999325}",18859
FACTURK-0016,DOĞRU,"[1988, 29568, 10107, 9053, 26997, 19128, 2671, 28296, 1386, 8942, 24244, 16982, 13542, 11388, 3711, 21094, 22490, 4613, 13246, 29202]","[0.3443332016468048, 0.00017265156202483922, 0.18111833930015564, 0.00029365462251007557, 1.6061610949691385e-05, 0.0019342610612511635, 1.6314539607265033e-05, 1.6314539607265033e-05, 0.00043393249507062137, 0.025323061272501945, 1.593661909282673e-05, 1.6061610949691385e-05, 1.6314539607265033e-05, 1.6314539607265033e-05, 1.6314539607265033e-05, 1.6314539607265033e-05, 1.6061610949691385e-05, 3.8229114579735324e-05, 0.0018102108733728528, 1.6061610949691385e-05]","[0.00478363037109375, 0.935546875, 0.059844970703125]","[0.00478363037109375, 0.935546875, 0.059844970703125]",False,DOĞRU,ONAY,False,False,3490.6468000001496,"{""K1_input_and_readiness"": 0.07489999984500173, ""K7_context"": 0.001799999836293864, ""K1_normalization"": 0.012200000128359534, ""K6_advisory"": 23.7342999998873, ""K1_intent"": 0.03979999996772676, ""K2_retrieval"": 228.9835999999923, ""K3_reranker"": 2262.5617999999577, ""K8_weighted_ranking"": 1.447300000108953, ""K3_candidate_filters"": 7.68330000005335, ""K9_advisory_consensus"": 0.007299999879251118, ""K4_nli_and_bypass_check"": 492.5788000000466, ""K5_decision"": 470.44690000006995}",8942
FACTURK-0017,YALAN,"[11274, 2541, 28831, 8749, 19127, 17654, 23001, 21446, 8786, 21619, 2399, 350, 7578, 3161, 2773, 20870, 21760, 21169, 24882, 10116]","[0.04795810207724571, 0.000503335555549711, 1.683241134742275e-05, 4.1659583075670525e-05, 1.657145367062185e-05, 1.6314539607265033e-05, 0.00023782203788869083, 0.00020988310279790312, 0.00025514140725135803, 0.0011695103021338582, 5.783766391687095e-05, 1.593661909282673e-05, 1.593661909282673e-05, 5.225226777838543e-05, 1.6061610949691385e-05, 0.00020184421737212688, 1.593661909282673e-05, 1.9525883544702083e-05, 1.8200149497715756e-05, 0.00014202363672666252]","[0.0021419525146484375, 0.99609375, 0.0016841888427734375]","[0.0021419525146484375, 0.99609375, 0.0016841888427734375]",False,DOĞRU,ONAY,False,False,2275.2135999999155,"{""K1_input_and_readiness"": 0.04549999994196696, ""K7_context"": 0.0015999999050109182, ""K1_normalization"": 0.009199999794873293, ""K6_advisory"": 27.591099999881408, ""K1_intent"": 0.03739999988283671, ""K2_retrieval"": 237.11709999997765, ""K3_reranker"": 1971.8869999999242, ""K8_weighted_ranking"": 1.3923999999860825, ""K3_candidate_filters"": 7.618900000124995, ""K9_advisory_consensus"": 0.007900000127847306, ""K4_nli_and_bypass_check"": 25.68040000005567, ""K5_decision"": 0.3180999999585765}",11274
FACTURK-0018,YALAN,"[11509, 20020, 18468, 13474, 6336, 13842, 4897, 28378, 24002, 14073, 29892, 1424, 18297, 2337, 5278, 348, 12794, 25726, 17876, 10061]","[0.026205414906144142, 0.009232213720679283, 0.3624049127101898, 0.00039821304380893707, 5.0644717703107744e-05, 0.0011203772155568004, 7.905303937150165e-05, 0.0008393599418923259, 0.00570803415030241, 0.001052568550221622, 8.284655632451177e-05, 0.0004897656035609543, 0.0004747042548842728, 0.0008592476369813085, 0.0001500056532677263, 0.0003920417802873999, 0.00018667821132112294, 0.00011323437502142042, 0.003765413537621498, 0.0010005044750869274]","[0.002414703369140625, 0.069580078125, 0.92822265625]","[0.002414703369140625, 0.069580078125, 0.92822265625]",False,DOĞRU,ONAY,False,False,2755.9936000000107,"{""K1_input_and_readiness"": 0.04600000011123484, ""K7_context"": 0.0016999999843392288, ""K1_normalization"": 0.009300000101575279, ""K6_advisory"": 27.688399999988178, ""K1_intent"": 0.055900000006658956, ""K2_retrieval"": 267.04719999997906, ""K3_reranker"": 1602.1934000000329, ""K8_weighted_ranking"": 1.9761999999445834, ""K3_candidate_filters"": 8.269499999869367, ""K9_advisory_consensus"": 0.008100000059130252, ""K4_nli_and_bypass_check"": 419.4302000000789, ""K5_decision"": 425.2790000000459}",11509
FACTURK-0019,YALAN,"[10019, 23626, 10855, 5995, 25163, 18608, 10430, 21693, 23143, 26301, 5665, 4198, 9385, 28726, 21404, 15562, 5174, 22499, 17993, 14676]","[0.698535144329071, 0.015663648024201393, 0.00020184421737212688, 0.0001476803736295551, 0.0014493984635919333, 0.0036499870475381613, 1.7778551409719512e-05, 3.219233258278109e-05, 4.331903619458899e-05, 1.922317096614279e-05, 9.098840382648632e-05, 0.006641112733632326, 0.000159678646014072, 0.00026738259475678205, 1.9525883544702083e-05, 0.0016420665197074413, 1.9073577277595177e-05, 0.0003199982165824622, 1.7097478121286258e-05, 2.0785171727766283e-05]","[0.007602691650390625, 0.9912109375, 0.0013837814331054688]","[0.007602691650390625, 0.9912109375, 0.0013837814331054688]",False,DOĞRU,ONAY,False,False,2953.824299999951,"{""K1_input_and_readiness"": 0.04860000012740784, ""K7_context"": 0.0015999999050109182, ""K1_normalization"": 0.009999999974752427, ""K6_advisory"": 28.74470000006113, ""K1_intent"": 0.03739999988283671, ""K2_retrieval"": 220.21250000011605, ""K3_reranker"": 2547.6432999998906, ""K8_weighted_ranking"": 1.858399999946414, ""K3_candidate_filters"": 10.100599999987026, ""K9_advisory_consensus"": 0.011000000085914508, ""K4_nli_and_bypass_check"": 76.2544000001526, ""K5_decision"": 65.75840000004973}",10019
FACTURK-0020,YALAN,"[13472, 2332, 26217, 13547, 774, 25293, 29995, 14203, 24466, 10255, 8966, 8144, 26278, 26014, 12519, 12451, 30143, 13913, 22086, 28546]","[0.04130730405449867, 0.19513355195522308, 0.03228325769305229, 0.0008009536541067064, 0.08108212053775787, 1.6442494597868063e-05, 0.02964751049876213, 0.09534945338964462, 0.005260852165520191, 0.7611836194992065, 0.01784873753786087, 0.0010202174307778478, 1.9373936083866283e-05, 1.67014204635052e-05, 0.06954174488782883, 0.007093862164765596, 2.4300241420860402e-05, 0.003991728648543358, 0.0026316740550100803, 0.01214717049151659]","[0.0231475830078125, 0.97607421875, 0.0005474090576171875]","[0.0231475830078125, 0.97607421875, 0.0005474090576171875]",False,YALAN,RED,False,False,2132.27790000019,"{""K1_input_and_readiness"": 0.04379999995762773, ""K7_context"": 0.0019999999949504854, ""K1_normalization"": 0.008400000069741509, ""K6_advisory"": 27.327100000093196, ""K1_intent"": 0.03689999994094251, ""K2_retrieval"": 222.8820000000269, ""K3_reranker"": 1505.5095000000165, ""K8_weighted_ranking"": 1.8645999998625484, ""K3_candidate_filters"": 8.94649999986541, ""K9_advisory_consensus"": 0.008100000059130252, ""K4_nli_and_bypass_check"": 207.38010000013674, ""K5_decision"": 153.42309999982717}",10255
FACTURK-0021,YALAN,"[12182, 19013, 6837, 7010, 4206, 26575, 28420, 1571, 29643, 4320, 13627, 17331, 19157, 13247, 28705, 16457, 21786, 27365, 17272, 17009]","[0.06477169692516327, 0.0036499870475381613, 3.024195939360652e-05, 0.002736221067607403, 1.6187581422855146e-05, 0.0001511819864390418, 5.391084778239019e-05, 0.0009927261853590608, 6.014152313582599e-05, 1.6187581422855146e-05, 1.7778551409719512e-05, 3.70529705833178e-05, 1.67014204635052e-05, 0.00041568948654457927, 1.6061610949691385e-05, 1.6964426322374493e-05, 1.6314539607265033e-05, 0.004198795650154352, 1.8342892872169614e-05, 0.0020111582707613707]","[0.05499267578125, 0.9306640625, 0.0142822265625]","[0.05499267578125, 0.9306640625, 0.0142822265625]",False,YETERSİZ VERİ,RET,True,False,5780.895399999963,"{""K1_input_and_readiness"": 0.1345999999102787, ""K7_context"": 0.003999999989900971, ""K1_normalization"": 0.03530000003593159, ""K6_advisory"": 42.04010000012204, ""K1_intent"": 0.07310000000870787, ""K2_retrieval"": 299.12530000001425, ""K3_reranker"": 3172.0768999998654, ""K8_weighted_ranking"": 2.701300000126139, ""K3_candidate_filters"": 13.30710000002, ""K9_advisory_consensus"": 0.009800000043469481, ""K4_nli_and_bypass_check"": 1394.7554999999738, ""K5_decision"": 851.8496000001505}",26575
FACTURK-0022,DOĞRU,"[17990, 24739, 29904, 26723, 9682, 25000, 15978, 21076, 10656, 26748, 19286, 3213, 14260, 9916, 21969, 15026, 10651, 27992, 12664, 1970]","[0.00039977103006094694, 0.0012113064294680953, 2.6274772608303465e-05, 0.0398624911904335, 0.01590639166533947, 1.593661909282673e-05, 0.001151399570517242, 0.0032986511941999197, 0.0014895173953846097, 1.6442494597868063e-05, 1.6061610949691385e-05, 0.0038244836032390594, 0.0002492325147613883, 1.6061610949691385e-05, 0.003087369492277503, 0.00037409563083201647, 1.6061610949691385e-05, 1.8631746570463292e-05, 0.0019342610612511635, 0.002531111240386963]","[0.0020160675048828125, 0.9736328125, 0.0241241455078125]","[0.0020160675048828125, 0.9736328125, 0.0241241455078125]",False,YALAN,UYARI,False,False,2724.9879000000874,"{""K1_input_and_readiness"": 0.07679999998799758, ""K7_context"": 0.0022000001536071068, ""K1_normalization"": 0.012599999990925426, ""K6_advisory"": 31.665200000134064, ""K1_intent"": 0.11130000007142371, ""K2_retrieval"": 339.2535999998927, ""K3_reranker"": 2294.5357000000968, ""K8_weighted_ranking"": 1.6548999999486114, ""K3_candidate_filters"": 8.101099999976213, ""K9_advisory_consensus"": 0.05529999998543644, ""K4_nli_and_bypass_check"": 45.403300000089075, ""K5_decision"": 0.3620999998474872}",26723
FACTURK-0023,YALAN,"[3409, 12334, 14597, 4491, 21826, 22170, 22908, 2565, 15861, 1375, 13986, 25180, 27625, 4790, 23686, 26848, 7028, 11592, 7836, 16405]","[0.008950711227953434, 0.0037217086646705866, 0.0027683854568749666, 3.3474691008450463e-05, 1.967902426258661e-05, 0.00019871552649419755, 0.0032476764172315598, 2.732141365413554e-05, 2.195349043176975e-05, 0.0016875095898285508, 0.0076066721230745316, 0.018124720081686974, 3.1201914680423215e-05, 1.7640199075685814e-05, 0.00016474656877107918, 2.161314114346169e-05, 0.0009811719646677375, 0.00025514140725135803, 0.0026730059180408716, 0.0002434604539303109]","[0.0020122528076171875, 0.99658203125, 0.0011720657348632812]","[0.0020122528076171875, 0.99658203125, 0.0011720657348632812]",False,YALAN,UYARI,False,False,2816.4913000000524,"{""K1_input_and_readiness"": 0.06089999988034833, ""K7_context"": 0.001500000053056283, ""K1_normalization"": 0.013099999932819628, ""K6_advisory"": 31.213500000148997, ""K1_intent"": 0.047200000153679866, ""K2_retrieval"": 273.47039999995104, ""K3_reranker"": 2473.3486999998604, ""K8_weighted_ranking"": 1.2927000000217959, ""K3_candidate_filters"": 6.976800000074945, ""K9_advisory_consensus"": 0.007999999979801942, ""K4_nli_and_bypass_check"": 26.370699999915814, ""K5_decision"": 0.5294000000048982}",25180
FACTURK-0024,DOĞRU,"[27158, 26595, 25666, 13838, 835, 28676, 4485, 25133, 11451, 14492, 16370, 29088, 1300, 3188, 2337, 2805, 13205, 4250, 8895, 20021]","[0.0009510130621492863, 0.006666931323707104, 0.007431773468852043, 0.00012931563833262771, 0.001094452221877873, 0.0029235428664833307, 0.0007763299508951604, 0.005934066604822874, 0.0005506247980520129, 0.002992665395140648, 0.002225670963525772, 0.00022167809947859496, 0.0002251682453788817, 2.195349043176975e-05, 1.9833367332466878e-05, 0.0005420927773229778, 0.0031974869780242443, 0.006957608740776777, 0.006903838831931353, 5.920916373725049e-05]","[0.0021533966064453125, 0.9248046875, 0.07281494140625]","[0.0021533966064453125, 0.9248046875, 0.07281494140625]",False,DOĞRU,ONAY,False,False,4970.431700000063,"{""K1_input_and_readiness"": 0.08709999997336126, ""K7_context"": 0.0016000001323845936, ""K1_normalization"": 0.016899999991437653, ""K6_advisory"": 24.396699999897464, ""K1_intent"": 0.049800000169852865, ""K2_retrieval"": 262.9056999999193, ""K3_reranker"": 2192.1709000000646, ""K8_weighted_ranking"": 2.807399999937843, ""K3_candidate_filters"": 9.313199999951394, ""K9_advisory_consensus"": 0.010100000054080738, ""K4_nli_and_bypass_check"": 1298.4592000000248, ""K5_decision"": 1176.7944000000625}",2337
FACTURK-0025,YALAN,"[8892, 13320, 14209, 11996, 10769, 8197, 23866, 17459, 21866, 5662, 8259, 3325, 2199, 28974, 14604, 6692, 16542, 372, 28996, 7437]","[0.34775856137275696, 0.16331195831298828, 0.3432316780090332, 0.1772405207157135, 0.9833430051803589, 0.05429893732070923, 0.0015854305820539594, 0.0009927261853590608, 0.0006166297243908048, 0.0007180297398008406, 0.0019117692718282342, 1.7640199075685814e-05, 0.003456409554928541, 0.0011649561347439885, 0.0005636750720441341, 0.016850080341100693, 0.028707079589366913, 0.02742854133248329, 0.04240382835268974, 0.3944924771785736]","[0.0013790130615234375, 0.001255035400390625, 0.99755859375]","[0.0013790130615234375, 0.001255035400390625, 0.99755859375]",False,YALAN,RED,False,False,2765.23700000007,"{""K1_input_and_readiness"": 0.04839999996875122, ""K7_context"": 0.0018000000636675395, ""K1_normalization"": 0.0087999999323074, ""K6_advisory"": 28.381800000033763, ""K1_intent"": 0.039499999957115506, ""K2_retrieval"": 192.00799999998708, ""K3_reranker"": 2170.689200000197, ""K8_weighted_ranking"": 1.2741999998979736, ""K3_candidate_filters"": 6.577399999969202, ""K9_advisory_consensus"": 0.009600000112186535, ""K4_nli_and_bypass_check"": 204.91310000011254, ""K5_decision"": 158.353199999965}",10769
FACTURK-0026,YALAN,"[27715, 9714, 28551, 16076, 14684, 15854, 21424, 10115, 16235, 3831, 9638, 17890, 27544, 1828, 20230, 10050, 23184, 4357, 16951, 22711]","[0.00011501735571073368, 2.265035072923638e-05, 0.00025315635139122605, 0.009449081495404243, 0.00021995337738189846, 9.17019642656669e-05, 0.05654813349246979, 3.024195939360652e-05, 0.00016474656877107918, 1.683241134742275e-05, 0.034100424498319626, 0.003621685551479459, 0.013480102643370628, 1.6187581422855146e-05, 1.6061610949691385e-05, 1.6964426322374493e-05, 0.03521113470196724, 1.6061610949691385e-05, 0.004007289186120033, 0.00025514140725135803]","[0.0024871826171875, 0.99560546875, 0.0016736984252929688]","[0.0024871826171875, 0.99560546875, 0.0016736984252929688]",False,DOĞRU,ONAY,False,False,3302.0226000001003,"{""K1_input_and_readiness"": 0.05059999989498465, ""K7_context"": 0.0012999998943996616, ""K1_normalization"": 0.008999999863590347, ""K6_advisory"": 22.26850000010927, ""K1_intent"": 0.032500000088475645, ""K2_retrieval"": 209.05629999992925, ""K3_reranker"": 2409.2482999999447, ""K8_weighted_ranking"": 1.1967999998887535, ""K3_candidate_filters"": 5.449100000078033, ""K9_advisory_consensus"": 0.01359999987471383, ""K4_nli_and_bypass_check"": 287.98249999999825, ""K5_decision"": 363.03459999999177}",21424
FACTURK-0027,DOĞRU,"[15752, 13592, 27584, 7141, 21833, 13009, 27265, 29704, 16866, 8540, 24074, 27474, 10185, 19974, 28576, 2156, 28057, 28602, 7476, 15855]","[0.9997367262840271, 0.00013032974675297737, 2.586742994026281e-05, 0.00838045310229063, 1.6964426322374493e-05, 1.7097478121286258e-05, 6.761842087144032e-05, 0.005641908384859562, 1.8631746570463292e-05, 0.0009217804181389511, 3.269927037763409e-05, 0.0002287133247591555, 0.00023782203788869083, 0.0006487307837232947, 1.6061610949691385e-05, 6.0613183450186625e-05, 1.7917987861437723e-05, 5.649793456541374e-05, 1.8342892872169614e-05, 7.602479308843613e-05]","[0.99951171875, 0.00016629695892333984, 0.0003554821014404297]","[0.99951171875, 0.00016629695892333984, 0.0003554821014404297]",False,DOĞRU,ONAY,False,False,1853.4598000001097,"{""K1_input_and_readiness"": 0.06099999995967664, ""K7_context"": 0.0019999999949504854, ""K1_normalization"": 0.013099999932819628, ""K6_advisory"": 26.907499999879292, ""K1_intent"": 0.041999999893960194, ""K2_retrieval"": 228.14299999981813, ""K3_reranker"": 1452.9547000001912, ""K8_weighted_ranking"": 1.222399999960544, ""K3_candidate_filters"": 6.864899999982299, ""K9_advisory_consensus"": 0.008499999921696144, ""K4_nli_and_bypass_check"": 83.9455000000271, ""K5_decision"": 49.891599999909886}",15752
FACTURK-0028,DOĞRU,"[7873, 29106, 1302, 10902, 11111, 17025, 26090, 6704, 16063, 30198, 24831, 26768, 2172, 29080, 22465, 26724, 9220, 30352, 1539, 11479]","[0.02241421490907669, 0.0905744731426239, 0.00266261282376945, 0.0042151594534516335, 0.00031015597051009536, 1.7097478121286258e-05, 5.433364276541397e-05, 0.10913478583097458, 0.011158031411468983, 0.00035419364576227963, 0.0005976693937554955, 1.7097478121286258e-05, 0.013955709524452686, 0.00038446192047558725, 0.030444350093603134, 0.0010282108560204506, 0.011375600472092628, 0.00015843621804378927, 0.0036499870475381613, 0.0009966077050194144]","[0.00528717041015625, 0.98046875, 0.01425933837890625]","[0.00528717041015625, 0.98046875, 0.01425933837890625]",False,YALAN,UYARI,False,False,3691.6793000000325,"{""K1_input_and_readiness"": 0.049600000011196244, ""K7_context"": 0.000999999883788405, ""K1_normalization"": 0.011299999869152089, ""K6_advisory"": 22.305299999970885, ""K1_intent"": 0.03399999991415825, ""K2_retrieval"": 206.73179999994318, ""K3_reranker"": 1921.7176999998173, ""K8_weighted_ranking"": 1.5372000000297703, ""K3_candidate_filters"": 9.996000000001004, ""K9_advisory_consensus"": 0.012399999832268804, ""K4_nli_and_bypass_check"": 817.450000000008, ""K5_decision"": 708.6476000001767}",6704
FACTURK-0029,DOĞRU,"[29275, 3627, 29985, 16032, 5759, 2257, 1536, 18083, 29233, 22991, 11961, 4062, 9498, 20052, 30067, 4532, 5000, 28907, 4999, 15946]","[0.0075479233637452126, 0.003123648464679718, 0.002199798123911023, 0.00015356240328401327, 0.9757161140441895, 0.0027791904285550117, 0.00035976938670501113, 3.0479141059913673e-05, 5.391084778239019e-05, 0.0002287133247591555, 0.00015843621804378927, 1.6314539607265033e-05, 0.0001015038214973174, 0.0017546144081279635, 6.553815910592675e-05, 0.00020988310279790312, 0.00010720880527514964, 0.0002234163403045386, 6.657015910604969e-05, 5.920916373725049e-05]","[0.99365234375, 0.005458831787109375, 0.0006618499755859375]","[0.99365234375, 0.005458831787109375, 0.0006618499755859375]",False,DOĞRU,ONAY,False,False,2529.8341000000164,"{""K1_input_and_readiness"": 0.042099999973288504, ""K7_context"": 0.0018999999156221747, ""K1_normalization"": 0.008900000011635711, ""K6_advisory"": 25.339300000041476, ""K1_intent"": 0.04549999994196696, ""K2_retrieval"": 197.7695999999014, ""K3_reranker"": 1907.3373999999603, ""K8_weighted_ranking"": 1.5002000000094995, ""K3_candidate_filters"": 7.313099999919359, ""K9_advisory_consensus"": 0.008199999911084888, ""K4_nli_and_bypass_check"": 202.18849999992017, ""K5_decision"": 184.85139999984312}",5759
FACTURK-0030,YALAN,"[29243, 18967, 12263, 28578, 25853, 18697, 26318, 8326, 14012, 9533, 7547, 8602, 3954, 14476, 15972, 26244, 8599, 13028, 13927, 19238]","[0.06536578387022018, 0.0020911062601953745, 0.010818447917699814, 0.00043393249507062137, 0.00014202363672666252, 0.000192602863535285, 0.0002396868512732908, 0.0023967307060956955, 0.00017674513219390064, 0.005021149758249521, 0.0029121784027665854, 0.00025118677876889706, 0.00026738259475678205, 6.60521473037079e-05, 0.0012399960542097688, 6.352188938762993e-05, 0.22901751101016998, 0.00036829791497439146, 0.009303949773311615, 0.0013198634842410684]","[0.0010433197021484375, 0.990234375, 0.0087890625]","[0.0010433197021484375, 0.990234375, 0.0087890625]",False,YALAN,UYARI,False,False,2168.412899999794,"{""K1_input_and_readiness"": 0.08980000006886257, ""K7_context"": 0.0015999999050109182, ""K1_normalization"": 0.015300000086426735, ""K6_advisory"": 27.63520000007702, ""K1_intent"": 0.05859999987478659, ""K2_retrieval"": 275.53569999986394, ""K3_reranker"": 1827.1084000000428, ""K8_weighted_ranking"": 1.2769999998454296, ""K3_candidate_filters"": 6.726500000013402, ""K9_advisory_consensus"": 0.007800000048518996, ""K4_nli_and_bypass_check"": 26.342600000134553, ""K5_decision"": 0.31659999990552024}",8602
FACTURK-0031,DOĞRU,"[767, 16372, 7295, 5586, 27621, 14552, 19768, 4672, 19703, 3917, 17742, 6920, 27568, 27971, 14475, 29996, 16760, 26261, 24047, 23035]","[0.044514428824186325, 0.00034599160426296294, 1.7097478121286258e-05, 8.156224066624418e-05, 1.6314539607265033e-05, 3.269927037763409e-05, 0.000638679601252079, 0.0001344663032796234, 0.0015487611526623368, 7.254361844388768e-05, 1.6964426322374493e-05, 7.086326513672248e-05, 0.07850097864866257, 0.04501553252339363, 0.0003889921063091606, 0.04001227021217346, 2.0462934116949327e-05, 0.0022606407292187214, 0.0002269338583573699, 1.805851934477687e-05]","[0.2481689453125, 0.45703125, 0.294921875]","[0.2481689453125, 0.45703125, 0.294921875]",False,YALAN,RED,False,False,2167.5522000000456,"{""K1_input_and_readiness"": 0.07050000021990854, ""K7_context"": 0.002100000074278796, ""K1_normalization"": 0.015800000028320937, ""K6_advisory"": 26.206499999943844, ""K1_intent"": 0.04059999992023222, ""K2_retrieval"": 224.8725999997987, ""K3_reranker"": 1867.346699999871, ""K8_weighted_ranking"": 1.6286000000036438, ""K3_candidate_filters"": 10.772399999950721, ""K9_advisory_consensus"": 0.011099999937869143, ""K4_nli_and_bypass_check"": 32.14079999997921, ""K5_decision"": 0.39010000000416767}",19703
FACTURK-0032,DOĞRU,"[23463, 23656, 27818, 24931, 11989, 12882, 5201, 25875, 13693, 18865, 22209, 23425, 27369, 4186, 26425, 26321, 3233, 14841, 18580, 28991]","[0.0006070755189284682, 0.00011866796558024362, 0.9976125955581665, 8.682210318511352e-05, 0.000437334441812709, 0.0001621928095119074, 0.0008525666198693216, 0.00034196203341707587, 3.9135655242716894e-05, 0.0010608151787891984, 0.0003583672805689275, 1.7640199075685814e-05, 1.6964426322374493e-05, 1.6314539607265033e-05, 1.6442494597868063e-05, 0.0016613906482234597, 5.605828482657671e-05, 5.0644717703107744e-05, 3.144662332488224e-05, 0.002199798123911023]","[0.0024166107177734375, 0.9970703125, 0.0003075599670410156]","[0.0024166107177734375, 0.9970703125, 0.0003075599670410156]",False,YALAN,RED,False,False,2240.4367000001457,"{""K1_input_and_readiness"": 0.06409999991774384, ""K7_context"": 0.0019999999949504854, ""K1_normalization"": 0.013299999864102574, ""K6_advisory"": 30.162900000050286, ""K1_intent"": 0.08729999990464421, ""K2_retrieval"": 246.19899999993322, ""K3_reranker"": 1192.8118000000723, ""K8_weighted_ranking"": 1.3513000001239561, ""K3_candidate_filters"": 7.053799999994226, ""K9_advisory_consensus"": 0.008100000059130252, ""K4_nli_and_bypass_check"": 411.69910000007803, ""K5_decision"": 347.6067999999941}",27818
FACTURK-0033,DOĞRU,"[16046, 11509, 20020, 348, 28962, 13474, 6336, 16102, 29262, 18468, 25217, 28378, 29892, 11529, 9209, 13338, 6984, 19866, 13842, 3328]","[0.09268777817487717, 0.013636835850775242, 0.022889839485287666, 0.030733928084373474, 0.0010608151787891984, 0.00014653129619546235, 2.6274772608303465e-05, 0.0028671587351709604, 7.086326513672248e-05, 0.10284407436847687, 6.402006692951545e-05, 0.002182716503739357, 0.00021824207215104252, 0.00015236754552461207, 0.00014883848780300468, 0.006984650157392025, 0.01829933375120163, 6.402006692951545e-05, 0.0007947254925966263, 0.0008426423300988972]","[0.005176544189453125, 0.994140625, 0.0008683204650878906]","[0.005176544189453125, 0.994140625, 0.0008683204650878906]",False,YALAN,UYARI,False,False,2079.5109999999113,"{""K1_input_and_readiness"": 0.050999999984924216, ""K7_context"": 0.0016999999843392288, ""K1_normalization"": 0.010299999985363684, ""K6_advisory"": 24.655100000018138, ""K1_intent"": 0.030800000104136416, ""K2_retrieval"": 219.05179999998836, ""K3_reranker"": 1472.4198999999771, ""K8_weighted_ranking"": 1.2942999999268068, ""K3_candidate_filters"": 6.8933999998535, ""K9_advisory_consensus"": 0.007900000127847306, ""K4_nli_and_bypass_check"": 188.14020000013443, ""K5_decision"": 163.78679999979795}",16046
FACTURK-0034,YALAN,"[9150, 10284, 6336, 8849, 10689, 12063, 6000, 6469, 18606, 12161, 9323, 23745, 13077, 7166, 20449, 10707, 24220, 6929, 10335, 9109]","[0.6513549089431763, 0.004101929254829884, 0.04001227021217346, 0.007204769179224968, 0.01678548939526081, 0.0033374049235135317, 2.6274772608303465e-05, 0.11636176705360413, 0.01353214867413044, 0.00013765462790615857, 0.0011559007689356804, 0.03875619173049927, 0.00020825010142289102, 0.14092636108398438, 7.905303937150165e-05, 0.05749328061938286, 0.01897803694009781, 0.004943688865751028, 0.0027683854568749666, 0.0059110685251653194]","[0.0008096694946289062, 0.998046875, 0.0009632110595703125]","[0.0008096694946289062, 0.998046875, 0.0009632110595703125]",False,YALAN,UYARI,False,False,2699.4726000000355,"{""K1_input_and_readiness"": 0.08520000005773909, ""K7_context"": 0.0012000000424450263, ""K1_normalization"": 0.014599999985875911, ""K6_advisory"": 23.309700000027078, ""K1_intent"": 0.04749999993691745, ""K2_retrieval"": 284.7627000001012, ""K3_reranker"": 2353.1692999999905, ""K8_weighted_ranking"": 1.4326000000437489, ""K3_candidate_filters"": 6.895299999996496, ""K9_advisory_consensus"": 0.007099999947968172, ""K4_nli_and_bypass_check"": 26.53439999994589, ""K5_decision"": 0.2058000000033644}",9150
FACTURK-0035,DOĞRU,"[11509, 20020, 13842, 5278, 6302, 13474, 6832, 8688, 22914, 5122, 13143, 28378, 25726, 29892, 28962, 2337, 3328, 21495, 1849, 17014]","[0.01057048887014389, 0.011552670039236546, 0.00272558256983757, 0.000706905557308346, 0.06681232154369354, 0.0004092474700883031, 0.0034429810475558043, 0.046378202736377716, 0.01711088977754116, 0.0918697863817215, 0.09025323390960693, 0.006615392863750458, 0.0004205874283798039, 0.0012351677287369967, 1.7640199075685814e-05, 0.0010282108560204506, 0.00341627886518836, 0.0003006163169629872, 8.888084994396195e-05, 9.915272676153108e-05]","[0.00042438507080078125, 0.99267578125, 0.00677490234375]","[0.00042438507080078125, 0.99267578125, 0.00677490234375]",False,YALAN,UYARI,False,False,1781.5444000000298,"{""K1_input_and_readiness"": 0.0446999999894615, ""K7_context"": 0.001500000053056283, ""K1_normalization"": 0.0087999999323074, ""K6_advisory"": 25.023800000099072, ""K1_intent"": 0.035499999967214535, ""K2_retrieval"": 204.91149999998015, ""K3_reranker"": 1148.6982000001262, ""K8_weighted_ranking"": 1.4814999999543943, ""K3_candidate_filters"": 8.397099999911006, ""K9_advisory_consensus"": 0.009200000022246968, ""K4_nli_and_bypass_check"": 203.10790000007728, ""K5_decision"": 186.02510000005168}",5122
FACTURK-0036,YALAN,"[3812, 15659, 5493, 12322, 13629, 7546, 26825, 24726, 2387, 18795, 27970, 27634, 9828, 25225, 13059, 21281, 25962, 19128, 27201, 29417]","[0.00039821304380893707, 0.00031258779927156866, 0.0004747042548842728, 1.8486754925106652e-05, 0.0011604196624830365, 8.957788668340072e-05, 0.0007408055826090276, 2.195349043176975e-05, 1.7917987861437723e-05, 1.6314539607265033e-05, 0.0001823546044761315, 0.05300977826118469, 0.00035557945375330746, 0.0003077430883422494, 1.67014204635052e-05, 0.000159678646014072, 1.6442494597868063e-05, 1.6061610949691385e-05, 0.0005132579244673252, 1.805851934477687e-05]","[0.01215362548828125, 0.411376953125, 0.57666015625]","[0.01215362548828125, 0.411376953125, 0.57666015625]",False,DOĞRU,ONAY,False,False,3424.2962999999236,"{""K1_input_and_readiness"": 0.056599999879836105, ""K7_context"": 0.0013999999737279722, ""K1_normalization"": 0.010299999985363684, ""K6_advisory"": 23.27859999991233, ""K1_intent"": 0.034300000152143184, ""K2_retrieval"": 199.71240000018042, ""K3_reranker"": 2389.4334999999955, ""K8_weighted_ranking"": 1.4066999999613472, ""K3_candidate_filters"": 7.5653999999758526, ""K9_advisory_consensus"": 0.007800000048518996, ""K4_nli_and_bypass_check"": 434.58750000013424, ""K5_decision"": 365.28339999995296}",27634
FACTURK-0037,YALAN,"[17297, 20136, 3001, 20020, 26211, 11189, 8849, 27740, 15511, 9150, 19187, 2337, 2792, 3694, 16831, 13842, 5606, 2607, 26442, 16390]","[0.0002591582597233355, 0.007577241398394108, 0.0019117692718282342, 0.000758359965402633, 0.00028685410507023335, 0.0003711854515131563, 0.574573814868927, 0.0013885232619941235, 4.6474400733131915e-05, 0.02186455763876438, 4.101373633602634e-05, 0.0007854739669710398, 0.0025016965810209513, 0.011915022507309914, 0.0006959536112844944, 0.018124720081686974, 1.6442494597868063e-05, 1.67014204635052e-05, 0.0002492325147613883, 0.002026899950578809]","[0.00940704345703125, 0.9892578125, 0.0012750625610351562]","[0.00940704345703125, 0.9892578125, 0.0012750625610351562]",False,YETERSİZ VERİ,RET,True,False,6034.997799999928,"{""K1_input_and_readiness"": 0.09950000003300374, ""K7_context"": 0.001500000053056283, ""K1_normalization"": 0.01720000000204891, ""K6_advisory"": 23.072299999967072, ""K1_intent"": 0.049999999873762135, ""K2_retrieval"": 311.5239000001111, ""K3_reranker"": 2667.2567999999046, ""K8_weighted_ranking"": 1.1604999999690335, ""K3_candidate_filters"": 6.253199999946446, ""K9_advisory_consensus"": 0.007300000106624793, ""K4_nli_and_bypass_check"": 1590.9480000000258, ""K5_decision"": 1431.720499999983}",8849
FACTURK-0038,DOĞRU,"[16886, 29705, 29235, 8904, 14947, 27606, 29239, 29832, 12214, 510, 7538, 9702, 28823, 19156, 13967, 28170, 1153, 5185, 22167, 1970]","[0.0021657671313732862, 0.0019342610612511635, 0.0006771942134946585, 0.00043393249507062137, 0.01384861022233963, 0.005001672077924013, 0.0063635739497840405, 0.00025714197545312345, 0.10034840553998947, 0.002822832902893424, 2.2125668692751788e-05, 0.00011591933434829116, 1.67014204635052e-05, 0.005099818110466003, 0.002082970691844821, 0.0002959570847451687, 0.004485794343054295, 0.001995538594201207, 1.750292540236842e-05, 0.02108483947813511]","[0.0207977294921875, 0.97509765625, 0.003986358642578125]","[0.0207977294921875, 0.97509765625, 0.003986358642578125]",False,YALAN,UYARI,False,False,6145.347599999923,"{""K1_input_and_readiness"": 0.07459999983439047, ""K7_context"": 0.0019000001429958502, ""K1_normalization"": 0.014799999917158857, ""K6_advisory"": 23.5931999998229, ""K1_intent"": 0.05529999998543644, ""K2_retrieval"": 286.9791000000532, ""K3_reranker"": 2702.6619999999184, ""K8_weighted_ranking"": 1.3792999998258892, ""K3_candidate_filters"": 7.552799999984927, ""K9_advisory_consensus"": 0.008299999990413198, ""K4_nli_and_bypass_check"": 1637.8351000000748, ""K5_decision"": 1482.2134000000915}",27606
FACTURK-0039,DOĞRU,"[1215, 21561, 8693, 11919, 815, 28642, 28275, 27028, 29186, 16191, 3592, 21155, 15755, 10796, 28738, 3390, 14797, 24252, 13149, 21529]","[0.0007264875457622111, 3.3474691008450463e-05, 1.67014204635052e-05, 3.1201914680423215e-05, 0.00011682839976856485, 0.0007763299508951604, 0.00010071400902234018, 0.003429603995755315, 1.6061610949691385e-05, 0.0003275842755101621, 5.34913269802928e-05, 2.2474090656032786e-05, 3.2955729693640023e-05, 1.6061610949691385e-05, 1.6442494597868063e-05, 8.415108459303156e-05, 7.197912054834887e-05, 8.284655632451177e-05, 1.6061610949691385e-05, 0.0007124459953047335]","[0.0010595321655273438, 0.01277923583984375, 0.986328125]","[0.0010595321655273438, 0.01277923583984375, 0.986328125]",False,DOĞRU,ONAY,False,False,1641.2259000001086,"{""K1_input_and_readiness"": 0.04629999989447242, ""K7_context"": 0.0015999999050109182, ""K1_normalization"": 0.008900000011635711, ""K6_advisory"": 23.730999999997948, ""K1_intent"": 0.031199999966702308, ""K2_retrieval"": 213.04860000009285, ""K3_reranker"": 1372.041000000081, ""K8_weighted_ranking"": 1.161299999921539, ""K3_candidate_filters"": 5.942099999856509, ""K9_advisory_consensus"": 0.007300000106624793, ""K4_nli_and_bypass_check"": 22.087599999849772, ""K5_decision"": 0.23199999986900366}",15755
FACTURK-0040,DOĞRU,"[20199, 29892, 2920, 13353, 18513, 6336, 15954, 11529, 7592, 30075, 2792, 8849, 22773, 22175, 17161, 4190, 9039, 20616, 14534, 23277]","[0.19868534803390503, 0.13511791825294495, 0.005554925184696913, 0.002560870721936226, 0.004297939129173756, 0.043691061437129974, 0.00012632041762117296, 0.02517884224653244, 0.008881675079464912, 0.011463796719908714, 0.032161444425582886, 0.044431429356336594, 0.008711384609341621, 0.013742320239543915, 0.007345826830714941, 0.09138210862874985, 0.0026214411482214928, 0.003273064736276865, 0.0016549242427572608, 0.0013670255430042744]","[0.0201873779296875, 0.96240234375, 0.017486572265625]","[0.0201873779296875, 0.96240234375, 0.017486572265625]",False,YALAN,UYARI,False,False,2202.6065000000017,"{""K1_input_and_readiness"": 0.040100000205711694, ""K7_context"": 0.0019000001429958502, ""K1_normalization"": 0.007000000096013537, ""K6_advisory"": 25.163599999814323, ""K1_intent"": 0.03690000016831618, ""K2_retrieval"": 182.42620000000898, ""K3_reranker"": 1490.1601000001392, ""K8_weighted_ranking"": 1.0910000000876607, ""K3_candidate_filters"": 5.841000000145868, ""K9_advisory_consensus"": 0.006299999995462713, ""K4_nli_and_bypass_check"": 255.8828999999605, ""K5_decision"": 237.14079999990645}",20199
FACTURK-0041,DOĞRU,"[25725, 17922, 701, 8074, 28419, 28690, 10209, 22542, 8487, 15372, 18172, 24002, 16852, 5491, 18561, 22552, 25726, 18809, 1887, 9450]","[0.039268750697374344, 0.08678673207759857, 6.976470467634499e-05, 0.07055959850549698, 0.2718311846256256, 0.024145424365997314, 0.10248421877622604, 0.000317508791340515, 0.004943688865751028, 0.10913478583097458, 0.06176270917057991, 0.01750955730676651, 0.03222229704260826, 0.005159622989594936, 0.0033766122069209814, 0.0443485826253891, 0.005957154091447592, 0.0389750711619854, 0.012241275049746037, 0.0008969392511062324]","[0.001766204833984375, 0.9970703125, 0.0013179779052734375]","[0.001766204833984375, 0.9970703125, 0.0013179779052734375]",False,YALAN,UYARI,False,False,2042.3200999998699,"{""K1_input_and_readiness"": 0.16390000018873252, ""K7_context"": 0.0035000000480067683, ""K1_normalization"": 0.023600000076839933, ""K6_advisory"": 30.65240000000813, ""K1_intent"": 0.05719999990105862, ""K2_retrieval"": 213.98520000002463, ""K3_reranker"": 1430.8540000001813, ""K8_weighted_ranking"": 1.3446000000385538, ""K3_candidate_filters"": 7.223500000009153, ""K9_advisory_consensus"": 0.007400000185953104, ""K4_nli_and_bypass_check"": 194.92830000012873, ""K5_decision"": 159.84400000002097}",15372
FACTURK-0042,YALAN,"[15283, 11637, 22566, 14404, 16903, 7433, 27789, 15528, 23378, 8617, 18088, 19539, 29883, 15306, 1248, 8157, 28498, 22911, 28111, 2176]","[0.9345147609710693, 0.0009436192340217531, 6.452214438468218e-05, 0.00012339458044152707, 0.0006166297243908048, 0.0007408055826090276, 0.00011866796558024362, 2.161314114346169e-05, 0.0023596605751663446, 0.0017342078499495983, 1.7231572201126255e-05, 0.000628784007858485, 0.0001547666179249063, 0.06828854233026505, 1.6314539607265033e-05, 4.832564081880264e-05, 1.6187581422855146e-05, 0.00010229986219201237, 1.8777873265207745e-05, 2.195349043176975e-05]","[0.001308441162109375, 0.99560546875, 0.002880096435546875]","[0.001308441162109375, 0.99560546875, 0.002880096435546875]",False,YETERSİZ VERİ,RET,True,False,2914.386800000102,"{""K1_input_and_readiness"": 0.07589999995616381, ""K7_context"": 0.0018000000636675395, ""K1_normalization"": 0.012900000001536682, ""K6_advisory"": 24.109299999963696, ""K1_intent"": 0.039100000094549614, ""K2_retrieval"": 263.2235999999466, ""K3_reranker"": 1434.5352999998795, ""K8_weighted_ranking"": 1.267699999971228, ""K3_candidate_filters"": 6.955199999993056, ""K9_advisory_consensus"": 0.008200000138458563, ""K4_nli_and_bypass_check"": 610.5098000000453, ""K5_decision"": 570.5526000001555}",15283
FACTURK-0043,YALAN,"[30084, 24630, 18936, 26975, 4222, 9636, 14477, 24159, 24749, 22335, 17553, 27142, 8670, 25462, 29227, 11954, 16450, 14816, 24804, 16539]","[0.008711384609341621, 0.00012243441597092897, 4.434627408045344e-05, 2.0785171727766283e-05, 0.002026899950578809, 1.6187581422855146e-05, 5.1845658163074404e-05, 1.6964426322374493e-05, 1.6061610949691385e-05, 5.0644717703107744e-05, 4.539786823443137e-05, 0.009898064658045769, 1.6314539607265033e-05, 1.67014204635052e-05, 7.311254739761353e-05, 0.0001097509084502235, 3.975192521465942e-05, 3.1941821362124756e-05, 2.355261858610902e-05, 2.0462934116949327e-05]","[0.0005898475646972656, 0.99853515625, 0.001068115234375]","[0.0005898475646972656, 0.99853515625, 0.001068115234375]",False,DOĞRU,ONAY,False,False,2556.294600000001,"{""K1_input_and_readiness"": 0.05289999990054639, ""K7_context"": 0.0012999998943996616, ""K1_normalization"": 0.012299999980314169, ""K6_advisory"": 24.288299999852825, ""K1_intent"": 0.03519999995660328, ""K2_retrieval"": 234.14360000015222, ""K3_reranker"": 1197.1220000000358, ""K8_weighted_ranking"": 1.2976000000435306, ""K3_candidate_filters"": 6.703499999957785, ""K9_advisory_consensus"": 0.006900000016685226, ""K4_nli_and_bypass_check"": 466.16160000007767, ""K5_decision"": 622.7532000000338}",27142
FACTURK-0044,YALAN,"[8787, 27055, 12353, 17721, 30356, 24749, 21537, 24159, 16712, 9150, 26284, 24868, 28198, 14477, 9477, 21135, 1202, 10016, 7986, 12047]","[0.008711384609341621, 0.02382536791265011, 3.321419353596866e-05, 0.6258955001831055, 0.25478699803352356, 0.0014664583140984178, 0.6524628400802612, 0.0018821860430762172, 0.00011323437502142042, 0.0074030146934092045, 0.03210070729255676, 2.0785171727766283e-05, 8.284655632451177e-05, 2.265035072923638e-05, 0.0019342610612511635, 0.0005658799782395363, 1.6061610949691385e-05, 0.03978780657052994, 2.161314114346169e-05, 0.0007096704212017357]","[0.001522064208984375, 0.96630859375, 0.0323486328125]","[0.001522064208984375, 0.96630859375, 0.0323486328125]",False,YALAN,RED,False,False,3804.1317999998228,"{""K1_input_and_readiness"": 0.08909999996831175, ""K7_context"": 0.0016000001323845936, ""K1_normalization"": 0.01550000001770968, ""K6_advisory"": 27.641399999993155, ""K1_intent"": 0.052900000127920066, ""K2_retrieval"": 276.1822999998458, ""K3_reranker"": 2224.933299999975, ""K8_weighted_ranking"": 1.2713999999505177, ""K3_candidate_filters"": 6.328700000040044, ""K9_advisory_consensus"": 0.006999999868639861, ""K4_nli_and_bypass_check"": 598.871200000076, ""K5_decision"": 665.6203000000005}",30356
FACTURK-0045,YALAN,"[24915, 3984, 17820, 30356, 6336, 7940, 3236, 14091, 18560, 25127, 7592, 5035, 4190, 14534, 5512, 10743, 21774, 2797, 29168, 2496]","[0.06656918674707413, 0.0004784255870617926, 0.1563623547554016, 0.013121271505951881, 0.003039649687707424, 0.0028009270317852497, 0.01358439214527607, 0.019985152408480644, 0.00019716942915692925, 0.0040543340146541595, 0.14990432560443878, 0.009898064658045769, 0.006003595422953367, 0.03384403511881828, 6.922183820279315e-05, 0.0026316740550100803, 0.08137363195419312, 0.23810701072216034, 0.13318955898284912, 0.00013982206291984767]","[0.01140594482421875, 0.98388671875, 0.0047454833984375]","[0.01140594482421875, 0.98388671875, 0.0047454833984375]",False,YALAN,UYARI,False,False,2687.076700000034,"{""K1_input_and_readiness"": 0.07299999992937956, ""K7_context"": 0.0018000000636675395, ""K1_normalization"": 0.017500000012660166, ""K6_advisory"": 27.034599999979037, ""K1_intent"": 0.04510000007940107, ""K2_retrieval"": 231.45790000012312, ""K3_reranker"": 1503.481499999907, ""K8_weighted_ranking"": 1.6307000000779226, ""K3_candidate_filters"": 6.776500000114538, ""K9_advisory_consensus"": 0.006600000006073969, ""K4_nli_and_bypass_check"": 493.0413000001863, ""K5_decision"": 420.1150999999754}",2797
FACTURK-0046,DOĞRU,"[15238, 22651, 17859, 5428, 6630, 12007, 2779, 8130, 11431, 25834, 24591, 8231, 138, 4170, 5690, 13013, 4893, 12846, 24382, 9268]","[0.8264318704605103, 4.5044595026411116e-05, 0.01919744908809662, 0.034749627113342285, 0.004700060468167067, 0.20946967601776123, 0.00010310211655450985, 0.017242778092622757, 0.004166256170719862, 8.349628478754312e-05, 0.00482972152531147, 0.00023597174731548876, 0.00013238185783848166, 0.032161444425582886, 8.481103577651083e-05, 0.00016346470511052758, 5.225226777838543e-05, 6.657015910604969e-05, 2.5071596610359848e-05, 0.000570315751247108]","[0.9970703125, 0.0014934539794921875, 0.0013227462768554688]","[0.9970703125, 0.0014934539794921875, 0.0013227462768554688]",False,DOĞRU,ONAY,False,False,2386.4008000000467,"{""K1_input_and_readiness"": 0.05699999996977567, ""K7_context"": 0.0020999998469051206, ""K1_normalization"": 0.022800000124334474, ""K6_advisory"": 27.659099999937098, ""K1_intent"": 0.07489999984500173, ""K2_retrieval"": 263.57469999993555, ""K3_reranker"": 1570.1352999999472, ""K8_weighted_ranking"": 1.3122000000294065, ""K3_candidate_filters"": 6.801199999927121, ""K9_advisory_consensus"": 0.007500000037907739, ""K4_nli_and_bypass_check"": 274.56130000018675, ""K5_decision"": 238.9295000000402}",15238
FACTURK-0047,DOĞRU,"[18222, 23256, 10045, 17718, 14074, 11534, 6700, 22480, 11994, 5467, 19171, 19416, 9092, 4575, 24991, 19025, 11959, 1461, 9593, 24395]","[0.022542964667081833, 0.019908789545297623, 0.004365325905382633, 0.025083139538764954, 0.0003150386910419911, 0.003664220217615366, 0.0037507887464016676, 0.00028462239424698055, 0.0029464049730449915, 0.0008761798962950706, 0.0010901900241151452, 0.00042223287164233625, 0.0008969392511062324, 0.0009622126235626638, 0.0009217804181389511, 0.0026522595435380936, 0.001987774157896638, 0.007204769179224968, 0.00712142838165164, 0.00014539113908540457]","[0.0002684593200683594, 0.99951171875, 0.0002779960632324219]","[0.0002684593200683594, 0.99951171875, 0.0002779960632324219]",False,DOĞRU,ONAY,False,False,2658.7085999999545,"{""K1_input_and_readiness"": 0.06629999984397728, ""K7_context"": 0.0018000000636675395, ""K1_normalization"": 0.013699999954042141, ""K6_advisory"": 26.361000000179047, ""K1_intent"": 0.045999999883861165, ""K2_retrieval"": 219.95540000011715, ""K3_reranker"": 1784.9982999998701, ""K8_weighted_ranking"": 1.3582000001406414, ""K3_candidate_filters"": 7.250399999975343, ""K9_advisory_consensus"": 0.008600000001024455, ""K4_nli_and_bypass_check"": 302.39380000011806, ""K5_decision"": 312.1499000001222}",1461
FACTURK-0048,YALAN,"[7857, 2292, 19202, 7083, 18363, 28762, 25741, 17200, 15145, 17041, 262, 794, 27912, 13048, 2088, 3213, 14363, 24428, 19904, 25537]","[0.9580694437026978, 5.225226777838543e-05, 0.0012843081494793296, 2.4876489987946115e-05, 1.67014204635052e-05, 0.0031603530514985323, 0.00011866796558024362, 5.9673518990166485e-05, 2.0462934116949327e-05, 7.9673009167891e-05, 0.00011147904297104105, 3.0006618544575758e-05, 4.400118632474914e-05, 4.365878339740448e-05, 7.031184941297397e-05, 9.461262379772961e-05, 1.750292540236842e-05, 1.7917987861437723e-05, 0.005752544850111008, 3.321419353596866e-05]","[0.94189453125, 0.036346435546875, 0.0215301513671875]","[0.94189453125, 0.036346435546875, 0.0215301513671875]",False,YALAN,UYARI,False,False,1858.2444999999552,"{""K1_input_and_readiness"": 0.05719999990105862, ""K7_context"": 0.0018999999156221747, ""K1_normalization"": 0.011300000096525764, ""K6_advisory"": 25.71469999998044, ""K1_intent"": 0.05209999994804093, ""K2_retrieval"": 192.36550000005082, ""K3_reranker"": 1476.7233000000033, ""K8_weighted_ranking"": 1.38699999979508, ""K3_candidate_filters"": 6.735500000104366, ""K9_advisory_consensus"": 0.007500000037907739, ""K4_nli_and_bypass_check"": 88.27850000011495, ""K5_decision"": 63.59310000016194}",7857
FACTURK-0049,DOĞRU,"[17625, 27366, 24020, 10375, 22772, 373, 13470, 2140, 8824, 984, 16852, 1641, 2274, 5177, 9095, 26703, 19213, 26681, 5702, 1694]","[0.020371293649077415, 0.0010202174307778478, 0.009303949773311615, 0.005384937860071659, 0.00010472556459717453, 2.526822754589375e-05, 0.16079244017601013, 0.00014539113908540457, 0.0002434604539303109, 2.908344322349876e-05, 0.0009584648651070893, 3.8229114579735324e-05, 1.6314539607265033e-05, 1.892514956125524e-05, 1.6442494597868063e-05, 3.508111694827676e-05, 0.010818447917699814, 5.104190859128721e-05, 0.0001686527393758297, 2.7751651941798627e-05]","[0.1368408203125, 0.2958984375, 0.5673828125]","[0.1368408203125, 0.2958984375, 0.5673828125]",False,DOĞRU,ONAY,False,False,3384.7765999998956,"{""K1_input_and_readiness"": 0.054399999953602673, ""K7_context"": 0.0014999998256826075, ""K1_normalization"": 0.010799999927257886, ""K6_advisory"": 24.964700000055018, ""K1_intent"": 0.06209999992279336, ""K2_retrieval"": 222.26550000004863, ""K3_reranker"": 2251.569600000039, ""K8_weighted_ranking"": 1.3874999999643478, ""K3_candidate_filters"": 7.480600000008053, ""K9_advisory_consensus"": 0.008400000069741509, ""K4_nli_and_bypass_check"": 449.3307999998706, ""K5_decision"": 424.68880000001263}",19213
FACTURK-0050,YALAN,"[15780, 27017, 14012, 9150, 21058, 6047, 1130, 8699, 29371, 17208, 18348, 8602, 9900, 27357, 25228, 5535, 2984, 15874, 8347, 23792]","[0.004755199886858463, 0.001629308913834393, 0.0014214044203981757, 0.005159622989594936, 0.0003770285693462938, 0.0015427322359755635, 0.0009436192340217531, 0.0018821860430762172, 0.00043055712012574077, 0.009898064658045769, 0.002560870721936226, 0.0002492325147613883, 0.1463310569524765, 0.0007321811863221228, 0.0006142272031866014, 0.0001476803736295551, 0.000192602863535285, 0.00022167809947859496, 3.734356869244948e-05, 0.001103026675991714]","[0.003841400146484375, 0.99365234375, 0.0023975372314453125]","[0.003841400146484375, 0.99365234375, 0.0023975372314453125]",False,YALAN,UYARI,False,False,2415.027499999951,"{""K1_input_and_readiness"": 0.08240000011028314, ""K7_context"": 0.0015999999050109182, ""K1_normalization"": 0.013600000102087506, ""K6_advisory"": 22.192200000063167, ""K1_intent"": 0.07249999998748535, ""K2_retrieval"": 287.2127000000546, ""K3_reranker"": 2067.8717999999208, ""K8_weighted_ranking"": 1.2568999998165964, ""K3_candidate_filters"": 6.747700000005352, ""K9_advisory_consensus"": 0.00760000011723605, ""K4_nli_and_bypass_check"": 25.994399999945017, ""K5_decision"": 0.23220000002766028}",9900
FACTURK-0051,YALAN,"[11553, 12203, 3259, 2804, 2521, 1546, 24867, 11190, 18066, 24380, 13639, 1457, 11334, 27517, 3778, 9481, 20277, 36, 3348, 25770]","[0.7327831387519836, 0.0030515100806951523, 0.01358439214527607, 0.020964240655303, 0.0010202174307778478, 0.34764787554740906, 0.0005213363328948617, 0.022889839485287666, 0.00023050670279189944, 0.0034970103297382593, 0.029816539958119392, 0.00035419364576227963, 4.006369272246957e-05, 0.0008830457809381187, 0.03210070729255676, 0.0007350447704084218, 0.00851130299270153, 0.00026530236937105656, 0.018941707909107208, 1.6061610949691385e-05]","[6.449222564697266e-05, 9.012222290039062e-05, 1.0]","[6.449222564697266e-05, 9.012222290039062e-05, 1.0]",False,DOĞRU,ONAY,False,False,2661.701699999867,"{""K1_input_and_readiness"": 0.06310000003395544, ""K7_context"": 0.002100000074278796, ""K1_normalization"": 0.009399999953529914, ""K6_advisory"": 26.108900000053836, ""K1_intent"": 0.04379999995762773, ""K2_retrieval"": 184.33329999993475, ""K3_reranker"": 2193.5490999999274, ""K8_weighted_ranking"": 1.1783999998442596, ""K3_candidate_filters"": 5.955800000037925, ""K9_advisory_consensus"": 0.006900000016685226, ""K4_nli_and_bypass_check"": 124.08840000011878, ""K5_decision"": 123.39090000000397}",11553
FACTURK-0052,DOĞRU,"[27564, 14007, 5146, 290, 10067, 11054, 28914, 10999, 29321, 5585, 9352, 26887, 16129, 19205, 29658, 20516, 8456, 1248, 23132, 22783]","[0.22017472982406616, 0.38191086053848267, 7.905303937150165e-05, 0.00026530236937105656, 0.0009436192340217531, 0.00023413581948261708, 1.8631746570463292e-05, 0.005448067560791969, 0.0014103584690019488, 3.975192521465942e-05, 0.008916126564145088, 0.00035419364576227963, 0.00016346470511052758, 3.70529705833178e-05, 0.00015843621804378927, 0.09964530169963837, 1.8486754925106652e-05, 0.0016356753185391426, 0.00039666122756898403, 0.00037263770354911685]","[0.00188446044921875, 0.99755859375, 0.0005016326904296875]","[0.00188446044921875, 0.99755859375, 0.0005016326904296875]",False,YALAN,UYARI,False,False,2301.9215000001623,"{""K1_input_and_readiness"": 0.09370000020680891, ""K7_context"": 0.0012999998943996616, ""K1_normalization"": 0.0144999999065476, ""K6_advisory"": 24.248800000123083, ""K1_intent"": 0.04820000003746827, ""K2_retrieval"": 280.7033000001411, ""K3_reranker"": 1963.076000000001, ""K8_weighted_ranking"": 1.0872000000290427, ""K3_candidate_filters"": 6.298599999809085, ""K9_advisory_consensus"": 0.006100000064179767, ""K4_nli_and_bypass_check"": 22.900199999867255, ""K5_decision"": 0.3819999999450374}",27564
FACTURK-0053,DOĞRU,"[4481, 861, 19093, 11616, 21212, 5114, 7446, 7853, 7021, 27924, 15519, 28618, 26570, 20852, 12747, 4546, 4586, 23285, 16575, 615]","[0.1653234362602234, 0.707808792591095, 0.00341627886518836, 0.000609450158663094, 0.0030753696337342262, 0.0001823546044761315, 7.722192094661295e-05, 0.0006312434561550617, 0.0017140384297817945, 0.0011695103021338582, 0.0014437558129429817, 0.00049553596181795, 1.7231572201126255e-05, 6.922183820279315e-05, 1.6314539607265033e-05, 3.7931622500764206e-05, 4.400118632474914e-05, 2.195349043176975e-05, 1.9988918211311102e-05, 0.000191104321856983]","[0.004886627197265625, 0.994140625, 0.0007724761962890625]","[0.004886627197265625, 0.994140625, 0.0007724761962890625]",False,DOĞRU,ONAY,False,False,2061.327800000072,"{""K1_input_and_readiness"": 0.05779999992228113, ""K7_context"": 0.0018000000636675395, ""K1_normalization"": 0.010400000064691994, ""K6_advisory"": 23.62459999994826, ""K1_intent"": 0.03930000002583256, ""K2_retrieval"": 230.6240999998863, ""K3_reranker"": 1757.8891000000567, ""K8_weighted_ranking"": 1.6157000000021071, ""K3_candidate_filters"": 8.744699999851946, ""K9_advisory_consensus"": 0.00940000018090359, ""K4_nli_and_bypass_check"": 35.021200000073804, ""K5_decision"": 0.18369999997958075}",861
FACTURK-0054,YALAN,"[27391, 12232, 8195, 22214, 693, 16971, 22175, 19847, 676, 19631, 25011, 8958, 23791, 29564, 9414, 11355, 17489, 12390, 5003, 5913]","[0.00041568948654457927, 1.750292540236842e-05, 4.101373633602634e-05, 1.6442494597868063e-05, 2.7751651941798627e-05, 1.6964426322374493e-05, 4.539786823443137e-05, 0.00048029719619080424, 2.094818773912266e-05, 9.610241977497935e-05, 1.6187581422855146e-05, 0.0005884087877348065, 1.6442494597868063e-05, 2.3007036361377686e-05, 1.8631746570463292e-05, 5.433364276541397e-05, 1.8631746570463292e-05, 1.6061610949691385e-05, 1.6187581422855146e-05, 1.683241134742275e-05]","[0.0018939971923828125, 0.99072265625, 0.007511138916015625]","[0.0018939971923828125, 0.99072265625, 0.007511138916015625]",False,DOĞRU,ONAY,False,False,2198.0327999999645,"{""K1_input_and_readiness"": 0.05529999998543644, ""K7_context"": 0.002000000222324161, ""K1_normalization"": 0.010000000202126103, ""K6_advisory"": 29.036799999857976, ""K1_intent"": 0.04510000007940107, ""K2_retrieval"": 216.91169999985505, ""K3_reranker"": 1449.0564000000177, ""K8_weighted_ranking"": 1.2546000000384083, ""K3_candidate_filters"": 6.805500000155007, ""K9_advisory_consensus"": 0.006900000016685226, ""K4_nli_and_bypass_check"": 267.7002000000357, ""K5_decision"": 223.7720000000536}",22175
FACTURK-0055,DOĞRU,"[2566, 24272, 7441, 7000, 10593, 7662, 1218, 11901, 4985, 5174, 8252, 24484, 653, 23626, 7456, 8657, 13586, 4618, 28687, 28738]","[0.001667882315814495, 0.0009584648651070893, 0.003324436955153942, 0.0007379196467809379, 0.005060331895947456, 0.006615392863750458, 0.0006745558930560946, 0.0008295892039313912, 1.7097478121286258e-05, 0.0003225071995984763, 0.0014550630003213882, 3.975192521465942e-05, 1.6187581422855146e-05, 1.967902426258661e-05, 7.9673009167891e-05, 0.00016346470511052758, 1.8777873265207745e-05, 1.6964426322374493e-05, 1.6314539607265033e-05, 0.0001511819864390418]","[0.00170135498046875, 0.99462890625, 0.0035076141357421875]","[0.00170135498046875, 0.99462890625, 0.0035076141357421875]",False,YALAN,RED,False,False,1375.8793000001788,"{""K1_input_and_readiness"": 0.04330000001573353, ""K7_context"": 0.001199999815071351, ""K1_normalization"": 0.008800000159681076, ""K6_advisory"": 25.025499999856038, ""K1_intent"": 0.03659999993033125, ""K2_retrieval"": 225.4253000000972, ""K3_reranker"": 1091.43210000002, ""K8_weighted_ranking"": 1.1501999999836698, ""K3_candidate_filters"": 6.009499999890977, ""K9_advisory_consensus"": 0.006499999926745659, ""K4_nli_and_bypass_check"": 23.23120000005474, ""K5_decision"": 0.25250000021515007}",7441
FACTURK-0056,YALAN,"[9438, 28552, 14802, 23288, 18826, 27788, 5662, 21233, 8514, 23798, 5121, 25561, 26943, 6760, 18059, 12622, 26716, 8759, 27701, 8717]","[0.005774929653853178, 0.0013617033837363124, 0.000552778656128794, 1.8631746570463292e-05, 0.00039666122756898403, 3.852893496514298e-05, 1.67014204635052e-05, 1.6442494597868063e-05, 1.6442494597868063e-05, 1.6314539607265033e-05, 1.6314539607265033e-05, 1.6187581422855146e-05, 1.6964426322374493e-05, 9.535461140330881e-05, 1.67014204635052e-05, 0.0010005044750869274, 1.6442494597868063e-05, 2.014569145103451e-05, 1.6061610949691385e-05, 1.6061610949691385e-05]","[0.0802001953125, 0.07763671875, 0.84228515625]","[0.0802001953125, 0.07763671875, 0.84228515625]",False,DOĞRU,ONAY,False,False,1713.9168999999583,"{""K1_input_and_readiness"": 0.053499999921768904, ""K7_context"": 0.0012999998943996616, ""K1_normalization"": 0.012499999911597115, ""K6_advisory"": 23.711199999979726, ""K1_intent"": 0.03259999994043028, ""K2_retrieval"": 166.2372000000687, ""K3_reranker"": 1227.4909000000207, ""K8_weighted_ranking"": 1.1394999999083666, ""K3_candidate_filters"": 6.0194999998657295, ""K9_advisory_consensus"": 0.01250000013897079, ""K4_nli_and_bypass_check"": 169.7121000001971, ""K5_decision"": 116.57280000008541}",28552
FACTURK-0057,YALAN,"[5168, 21146, 18032, 25577, 28404, 3772, 3097, 26662, 23213, 27847, 5125, 1970, 27142, 4856, 28032, 13143, 15997, 30352, 7836, 8243]","[0.0014381353976204991, 4.434627408045344e-05, 9.387641330249608e-05, 2.6070309104397893e-05, 0.001995538594201207, 5.2662067901110277e-05, 0.008644177578389645, 6.868317723274231e-05, 8.415108459303156e-05, 0.00016603845870122313, 4.870464181294665e-05, 0.00017813112935982645, 0.00014202363672666252, 1.7640199075685814e-05, 0.0017683517653495073, 0.01287075038999319, 1.6187581422855146e-05, 0.00017265156202483922, 0.00010637458035489544, 0.000503335555549711]","[0.0012359619140625, 0.99755859375, 0.0009608268737792969]","[0.0012359619140625, 0.99755859375, 0.0009608268737792969]",False,YALAN,UYARI,False,False,2346.867199999906,"{""K1_input_and_readiness"": 0.06259999986468756, ""K7_context"": 0.001500000053056283, ""K1_normalization"": 0.012799999922208372, ""K6_advisory"": 25.619100000085382, ""K1_intent"": 0.058799999806069536, ""K2_retrieval"": 250.2815999998802, ""K3_reranker"": 2037.0771000000332, ""K8_weighted_ranking"": 1.1852999998609448, ""K3_candidate_filters"": 6.01819999997133, ""K9_advisory_consensus"": 0.006499999926745659, ""K4_nli_and_bypass_check"": 22.89199999995617, ""K5_decision"": 0.19709999992301164}",30352
FACTURK-0058,YALAN,"[10302, 3873, 5087, 155, 229, 5913, 22642, 20703, 38, 12539, 88, 10712, 6915, 13939, 12469, 13465, 4421, 9120, 7653, 19416]","[0.00023597174731548876, 0.0001686527393758297, 0.0033766122069209814, 0.047337718307971954, 0.04742587357759476, 1.67014204635052e-05, 1.8342892872169614e-05, 2.265035072923638e-05, 0.0009362827986478806, 0.0018748616566881537, 0.0008796061738394201, 0.00013135180051904172, 0.0002234163403045386, 1.7097478121286258e-05, 1.657145367062185e-05, 1.9073577277595177e-05, 1.6187581422855146e-05, 0.0005193048855289817, 1.683241134742275e-05, 1.6442494597868063e-05]","[0.0007171630859375, 0.03912353515625, 0.9599609375]","[0.0007171630859375, 0.03912353515625, 0.9599609375]",False,DOĞRU,ONAY,False,False,1857.323999999835,"{""K1_input_and_readiness"": 0.05040000019107538, ""K7_context"": 0.0013999999737279722, ""K1_normalization"": 0.007299999879251118, ""K6_advisory"": 24.58840000008422, ""K1_intent"": 0.0315999998292682, ""K2_retrieval"": 194.5803999999498, ""K3_reranker"": 1143.255199999885, ""K8_weighted_ranking"": 1.1666000000332133, ""K3_candidate_filters"": 5.940899999814064, ""K9_advisory_consensus"": 0.007000000096013537, ""K4_nli_and_bypass_check"": 269.39309999988836, ""K5_decision"": 215.24250000015854}",5087
FACTURK-0059,YALAN,"[4488, 9252, 18529, 778, 12873, 27878, 20332, 2240, 27134, 25257, 21877, 16049, 7619, 18807, 28595, 9418, 26261, 19070, 3557, 26112]","[0.8830344080924988, 3.734356869244948e-05, 0.0002131875662598759, 8.092757343547419e-05, 0.0008492455235682428, 3.647853736765683e-05, 0.00012533752305898815, 0.0003569706459529698, 0.00018961740715894848, 0.0004013350699096918, 6.156764720799401e-05, 2.2827996872365475e-05, 3.4537253668531775e-05, 1.6061610949691385e-05, 0.008745181374251842, 0.00016603845870122313, 2.8857117285951972e-05, 8.220189192797989e-05, 0.00026323829661123455, 0.0018458482809364796]","[0.97314453125, 0.00757598876953125, 0.0193634033203125]","[0.97314453125, 0.00757598876953125, 0.0193634033203125]",False,YALAN,UYARI,False,False,2160.6552000000647,"{""K1_input_and_readiness"": 0.0473000000056345, ""K7_context"": 0.0012999998943996616, ""K1_normalization"": 0.009200000022246968, ""K6_advisory"": 24.525000000039654, ""K1_intent"": 0.033799999982875306, ""K2_retrieval"": 197.25180000000364, ""K3_reranker"": 1676.1865999999372, ""K8_weighted_ranking"": 1.3943000001290784, ""K3_candidate_filters"": 7.055699999909848, ""K9_advisory_consensus"": 0.008700000080352766, ""K4_nli_and_bypass_check"": 135.65760000005866, ""K5_decision"": 115.26219999996101}",4488
FACTURK-0060,YALAN,"[4807, 23832, 19346, 9908, 30420, 23719, 9135, 26303, 21723, 26979, 6775, 27935, 5481, 12725, 25677, 12400, 29411, 836, 7557, 29119]","[0.9994725584983826, 0.006338921841233969, 0.9256342649459839, 8.220189192797989e-05, 0.7759445905685425, 0.003736220533028245, 0.0018602986820042133, 0.07835980504751205, 5.3075080359121785e-05, 0.0024343819823116064, 0.0004124558763578534, 4.611274925991893e-05, 0.0006771942134946585, 0.6236061453819275, 6.014152313582599e-05, 0.0003920417802873999, 0.02044939436018467, 0.0005172813544049859, 5.0644717703107744e-05, 0.00023782203788869083]",null,"[1.0, 0.0, 0.0]",True,YALAN,UYARI,False,False,6204.144799999995,"{""K1_input_and_readiness"": 0.04560000002129527, ""K7_context"": 0.0012999998943996616, ""K1_normalization"": 0.009099999942918657, ""K6_advisory"": 24.978900000178328, ""K1_intent"": 0.04740000008496281, ""K2_retrieval"": 196.06449999992037, ""K3_reranker"": 5970.814599999812, ""K8_weighted_ranking"": 1.4257999998790183, ""K3_candidate_filters"": 6.725299999970957, ""K9_advisory_consensus"": 0.008600000001024455, ""K4_nli_and_bypass_check"": 0.3907000000253902, ""K5_decision"": 0.4269999999451102}",4807
FACTURK-0061,DOĞRU,"[12093, 13610, 12697, 29858, 23520, 25762, 14551, 28440, 29414, 22377, 29166, 10130, 1344, 925, 6932, 2140, 27017, 16071, 22335, 23041]","[1.67014204635052e-05, 1.9073577277595177e-05, 1.6061610949691385e-05, 7.368592923739925e-05, 0.0012113064294680953, 1.6061610949691385e-05, 1.6187581422855146e-05, 2.2474090656032786e-05, 0.00037409563083201647, 1.6061610949691385e-05, 2.014569145103451e-05, 1.6061610949691385e-05, 1.967902426258661e-05, 0.0017821963410824537, 1.657145367062185e-05, 6.302758993115276e-05, 0.0013885232619941235, 0.0016484829830005765, 1.6061610949691385e-05, 0.0003569706459529698]","[0.0003478527069091797, 0.9990234375, 0.00064849853515625]","[0.0003478527069091797, 0.9990234375, 0.00064849853515625]",False,YALAN,UYARI,False,False,2157.7405000000454,"{""K1_input_and_readiness"": 0.07340000001931912, ""K7_context"": 0.0021999999262334313, ""K1_normalization"": 0.015599999869664316, ""K6_advisory"": 26.79379999995035, ""K1_intent"": 0.05139999984749011, ""K2_retrieval"": 249.18069999989712, ""K3_reranker"": 1842.4514000000727, ""K8_weighted_ranking"": 1.3331999998626998, ""K3_candidate_filters"": 6.976500000064334, ""K9_advisory_consensus"": 0.007599999889862374, ""K4_nli_and_bypass_check"": 27.431399999841233, ""K5_decision"": 0.4148000000441243}",27017
FACTURK-0062,YALAN,"[21432, 26639, 11956, 15631, 3391, 22948, 17243, 9588, 15238, 3291, 259, 7509, 18591, 17960, 20109, 12897, 4142, 9403, 4440, 17341]","[0.1445106565952301, 0.0023504828568547964, 5.225226777838543e-05, 0.022074386477470398, 0.004924510605633259, 0.00045474787475541234, 0.015189048834145069, 0.004264635033905506, 0.0005172813544049859, 0.00040765260928310454, 8.888084994396195e-05, 0.0007947254925966263, 0.013121271505951881, 0.012241275049746037, 0.006718870252370834, 0.00038596606464125216, 9.242113446816802e-05, 4.5044595026411116e-05, 0.0140095679089427, 8.156224066624418e-05]","[0.0044708251953125, 0.984375, 0.01102447509765625]","[0.0044708251953125, 0.984375, 0.01102447509765625]",False,YALAN,RED,False,False,4215.7836999999745,"{""K1_input_and_readiness"": 0.06450000000768341, ""K7_context"": 0.001500000053056283, ""K1_normalization"": 0.013999999964653398, ""K6_advisory"": 25.101200000108292, ""K1_intent"": 0.041300000020783045, ""K2_retrieval"": 220.80529999993814, ""K3_reranker"": 2461.813500000062, ""K8_weighted_ranking"": 1.14320000011503, ""K3_candidate_filters"": 5.908099999942351, ""K9_advisory_consensus"": 0.006600000006073969, ""K4_nli_and_bypass_check"": 770.3684000000521, ""K5_decision"": 727.6237999999466}",17243
FACTURK-0063,YALAN,"[176, 233, 9408, 1795, 27505, 2726, 17124, 21869, 12268, 12648, 8024, 27201, 25777, 24650, 28287, 29950, 14756, 6753, 22149, 21915]","[0.00032503585680387914, 0.00033535013790242374, 4.575391358230263e-05, 0.0013406204525381327, 0.00013552077871281654, 1.9525883544702083e-05, 1.7097478121286258e-05, 2.4876489987946115e-05, 3.144662332488224e-05, 2.732141365413554e-05, 1.657145367062185e-05, 0.00014653129619546235, 0.00011235327838221565, 1.6442494597868063e-05, 0.0007041515782475471, 6.976470467634499e-05, 6.302758993115276e-05, 4.2647468944778666e-05, 3.5633544030133635e-05, 5.3075080359121785e-05]","[0.001285552978515625, 0.99755859375, 0.0011768341064453125]","[0.001285552978515625, 0.99755859375, 0.0011768341064453125]",False,DOĞRU,ONAY,False,False,3839.1896000000543,"{""K1_input_and_readiness"": 0.05959999998594867, ""K7_context"": 0.001500000053056283, ""K1_normalization"": 0.010099999826707062, ""K6_advisory"": 22.86140000001069, ""K1_intent"": 0.041199999941454735, ""K2_retrieval"": 245.00200000011318, ""K3_reranker"": 2384.6733999998833, ""K8_weighted_ranking"": 1.3335999999526393, ""K3_candidate_filters"": 7.200699999884819, ""K9_advisory_consensus"": 0.008299999990413198, ""K4_nli_and_bypass_check"": 591.4236999999503, ""K5_decision"": 583.4895000000415}",27505
FACTURK-0064,YALAN,"[11993, 10902, 12442, 26184, 26175, 13994, 28815, 19515, 24031, 9406, 27391, 17640, 29992, 5745, 5659, 9959, 17617, 21058, 926, 5843]","[0.029256708920001984, 0.047337718307971954, 0.00018667821132112294, 0.00013135180051904172, 0.0002591582597233355, 8.750300185056403e-05, 2.977311669383198e-05, 1.7778551409719512e-05, 3.647853736765683e-05, 0.00220838887616992, 0.0007264875457622111, 0.0021657671313732862, 9.387641330249608e-05, 0.12106090039014816, 0.015483989380300045, 0.0015548133524134755, 0.0010403185151517391, 0.005980330519378185, 0.005199879873543978, 0.00026530236937105656]","[0.0002570152282714844, 0.99951171875, 9.721517562866211e-05]","[0.0002570152282714844, 0.99951171875, 9.721517562866211e-05]",False,YALAN,UYARI,False,False,2040.139199999885,"{""K1_input_and_readiness"": 0.05420000002231973, ""K7_context"": 0.0018000000636675395, ""K1_normalization"": 0.01059999999597494, ""K6_advisory"": 24.748099999897022, ""K1_intent"": 0.05059999989498465, ""K2_retrieval"": 199.6942000000672, ""K3_reranker"": 1154.4475000000602, ""K8_weighted_ranking"": 1.134200000024066, ""K3_candidate_filters"": 6.574499999942418, ""K9_advisory_consensus"": 0.006800000164730591, ""K4_nli_and_bypass_check"": 320.67559999995865, ""K5_decision"": 329.79969999996683}",10902
FACTURK-0065,DOĞRU,"[14949, 23236, 18086, 5266, 2457, 5390, 9551, 3139, 28834, 25975, 20876, 10145, 22997, 2337, 19911, 7753, 29109, 1272, 28579, 8810]","[0.9920312166213989, 0.1796744465827942, 0.028114058077335358, 0.03155902028083801, 4.0694576455280185e-05, 2.977311669383198e-05, 0.004382336512207985, 0.02182282693684101, 0.012383785098791122, 0.0001442598586436361, 1.9833367332466878e-05, 2.5071596610359848e-05, 0.0002802109520416707, 3.9442587876692414e-05, 0.07490526884794235, 0.0019192374311387539, 0.0001713081874186173, 0.0011291546979919076, 0.0007124459953047335, 0.00032503585680387914]","[0.9990234375, 0.0003216266632080078, 0.0007715225219726562]","[0.9990234375, 0.0003216266632080078, 0.0007715225219726562]",False,YETERSİZ VERİ,KISMI,True,False,2331.1681000000135,"{""K1_input_and_readiness"": 0.054500000032930984, ""K7_context"": 0.0013999999737279722, ""K1_normalization"": 0.009999999974752427, ""K6_advisory"": 24.0736000000652, ""K1_intent"": 0.03409999999348656, ""K2_retrieval"": 207.82389999999396, ""K3_reranker"": 1669.1405999999915, ""K8_weighted_ranking"": 1.2863000001743785, ""K3_candidate_filters"": 6.825900000194451, ""K9_advisory_consensus"": 0.006799999937356915, ""K4_nli_and_bypass_check"": 205.8097000001453, ""K5_decision"": 212.66609999997854}",14949
FACTURK-0066,DOĞRU,"[25539, 14498, 6126, 16363, 23251, 14948, 10240, 19632, 9460, 815, 11919, 13023, 8130, 5197, 6630, 12846, 29368, 18833, 24421, 28275]","[5.433364276541397e-05, 2.1444948288262822e-05, 1.683241134742275e-05, 1.8342892872169614e-05, 1.6442494597868063e-05, 1.6314539607265033e-05, 1.6442494597868063e-05, 3.70529705833178e-05, 2.030369250860531e-05, 1.9373936083866283e-05, 1.657145367062185e-05, 1.6442494597868063e-05, 1.6314539607265033e-05, 1.7778551409719512e-05, 1.6314539607265033e-05, 1.6442494597868063e-05, 1.657145367062185e-05, 1.6442494597868063e-05, 1.6061610949691385e-05, 1.6187581422855146e-05]","[0.103515625, 0.8408203125, 0.055816650390625]","[0.103515625, 0.8408203125, 0.055816650390625]",False,YALAN,RED,False,False,2111.7300000000796,"{""K1_input_and_readiness"": 0.053499999921768904, ""K7_context"": 0.0018000000636675395, ""K1_normalization"": 0.011000000085914508, ""K6_advisory"": 25.837199999841687, ""K1_intent"": 0.033500000199637725, ""K2_retrieval"": 193.680600000107, ""K3_reranker"": 1183.4039999998822, ""K8_weighted_ranking"": 1.3569999998708226, ""K3_candidate_filters"": 7.316299999956755, ""K9_advisory_consensus"": 0.007599999889862374, ""K4_nli_and_bypass_check"": 387.4504000000343, ""K5_decision"": 309.38480000008894}",14498
FACTURK-0067,YALAN,"[23632, 8578, 6185, 6336, 12150, 25037, 25127, 20957, 29087, 25178, 26650, 26575, 700, 11135, 28254, 24822, 28196, 24956, 9414, 9507]","[0.0002959570847451687, 0.0055333878844976425, 2.710879925871268e-05, 0.0005658799782395363, 6.014152313582599e-05, 0.0001740054285619408, 0.0005053045460954309, 6.156764720799401e-05, 0.00020825010142289102, 0.001573112211190164, 1.7917987861437723e-05, 0.6303436160087585, 0.002790037775412202, 3.426849070820026e-05, 1.6964426322374493e-05, 0.021948253735899925, 1.7778551409719512e-05, 0.014672035351395607, 1.6061610949691385e-05, 0.002511463360860944]","[0.99853515625, 0.00037360191345214844, 0.0010042190551757812]","[0.99853515625, 0.00037360191345214844, 0.0010042190551757812]",False,YALAN,UYARI,False,False,2536.07060000013,"{""K1_input_and_readiness"": 0.047100000074351556, ""K7_context"": 0.0013999999737279722, ""K1_normalization"": 0.009300000101575279, ""K6_advisory"": 23.825600000009217, ""K1_intent"": 0.05209999994804093, ""K2_retrieval"": 199.10490000006575, ""K3_reranker"": 1667.1552000000247, ""K8_weighted_ranking"": 1.5040000000681175, ""K3_candidate_filters"": 7.531299999982366, ""K9_advisory_consensus"": 0.009099999942918657, ""K4_nli_and_bypass_check"": 329.4968999998673, ""K5_decision"": 304.29049999997915}",26575
FACTURK-0068,YALAN,"[21058, 27564, 26083, 28510, 1499, 14012, 20457, 5146, 26330, 6308, 7549, 29321, 21059, 29417, 23792, 30002, 28293, 8602, 2421, 19237]","[0.00013238185783848166, 0.11124119907617569, 0.00031015597051009536, 0.0013670255430042744, 0.0033634924329817295, 0.003389783203601837, 0.0055333878844976425, 0.0014381353976204991, 3.4001819585682824e-05, 0.002174225402995944, 0.013325147330760956, 0.0031115086749196053, 3.4001819585682824e-05, 0.0037507887464016676, 0.0586685985326767, 0.0005930210463702679, 1.6442494597868063e-05, 0.0009181900531984866, 0.00012632041762117296, 2.8409744118107483e-05]","[0.0008282661437988281, 0.00359344482421875, 0.99560546875]","[0.0008282661437988281, 0.00359344482421875, 0.99560546875]",False,DOĞRU,ONAY,False,False,2293.9380000000256,"{""K1_input_and_readiness"": 0.06980000011935772, ""K7_context"": 0.001500000053056283, ""K1_normalization"": 0.016700000060154707, ""K6_advisory"": 24.562899999864385, ""K1_intent"": 0.06250000001273293, ""K2_retrieval"": 274.89009999999325, ""K3_reranker"": 1955.5791000000227, ""K8_weighted_ranking"": 1.2670999999500054, ""K3_candidate_filters"": 6.694799999877432, ""K9_advisory_consensus"": 0.007100000175341847, ""K4_nli_and_bypass_check"": 25.278699999944365, ""K5_decision"": 0.47160000008261704}",27564
FACTURK-0069,DOĞRU,"[23489, 2558, 26855, 6199, 15124, 22200, 3872, 3337, 25267, 12906, 26427, 3460, 8279, 12854, 12550, 28323, 29480, 26429, 12000, 4242]","[0.9937100410461426, 1.967902426258661e-05, 1.6187581422855146e-05, 0.00032503585680387914, 1.6061610949691385e-05, 1.6442494597868063e-05, 1.6442494597868063e-05, 4.231559796608053e-05, 1.6187581422855146e-05, 1.6061610949691385e-05, 1.8777873265207745e-05, 9.098840382648632e-05, 1.6187581422855146e-05, 1.7231572201126255e-05, 0.022977370768785477, 1.6187581422855146e-05, 0.0033766122069209814, 1.657145367062185e-05, 2.7751651941798627e-05, 1.7097478121286258e-05]","[0.9990234375, 0.0003104209899902344, 0.0007476806640625]","[0.9990234375, 0.0003104209899902344, 0.0007476806640625]",False,YALAN,RED,False,False,1408.9989999999943,"{""K1_input_and_readiness"": 0.06400000006578921, ""K7_context"": 0.0013999999737279722, ""K1_normalization"": 0.012200000128359534, ""K6_advisory"": 26.453499999888663, ""K1_intent"": 0.05160000000614673, ""K2_retrieval"": 223.23620000020128, ""K3_reranker"": 1117.610300000024, ""K8_weighted_ranking"": 1.344900000049165, ""K3_candidate_filters"": 7.22089999999298, ""K9_advisory_consensus"": 0.007999999979801942, ""K4_nli_and_bypass_check"": 29.428300000063246, ""K5_decision"": 0.4089999999905558}",23489
FACTURK-0070,DOĞRU,"[11509, 13842, 23529, 20020, 29892, 5168, 28378, 13474, 5278, 3328, 6336, 28962, 15114, 16046, 23361, 1849, 22914, 18468, 7025, 7224]","[0.0022694687359035015, 0.10894504189491272, 0.0024343819823116064, 0.005641908384859562, 0.00011501735571073368, 0.00021152888075448573, 0.0008328334079124033, 0.0004728544445242733, 0.00022167809947859496, 0.0012893283274024725, 2.449082603561692e-05, 0.00011774459562730044, 0.0022872276604175568, 0.0008796061738394201, 0.002182716503739357, 1.8777873265207745e-05, 0.00040290519245900214, 0.08464395254850388, 0.0042151594534516335, 0.08945459872484207]","[0.0002689361572265625, 0.0036945343017578125, 0.99609375]","[0.0002689361572265625, 0.0036945343017578125, 0.99609375]",False,DOĞRU,ONAY,False,False,2134.3818999998803,"{""K1_input_and_readiness"": 0.054600000112259295, ""K7_context"": 0.0016000001323845936, ""K1_normalization"": 0.009100000170292333, ""K6_advisory"": 26.39369999997143, ""K1_intent"": 0.03670000000965956, ""K2_retrieval"": 197.57040000013149, ""K3_reranker"": 1383.0642000000353, ""K8_weighted_ranking"": 1.0935000000245054, ""K3_candidate_filters"": 6.095499999901222, ""K9_advisory_consensus"": 0.005999999984851456, ""K4_nli_and_bypass_check"": 265.59070000007523, ""K5_decision"": 251.43819999993866}",13842
FACTURK-0071,YALAN,"[13624, 19657, 24446, 11176, 28231, 20060, 21716, 11142, 11667, 5050, 14525, 20957, 20122, 5168, 26306, 25992, 14675, 23576, 6640, 21200]","[0.012241275049746037, 1.6061610949691385e-05, 0.7879312038421631, 1.6061610949691385e-05, 1.6061610949691385e-05, 0.0024249141570180655, 0.012722708284854889, 1.657145367062185e-05, 0.0018458482809364796, 0.2436424344778061, 0.2196720987558365, 1.6187581422855146e-05, 0.0009811719646677375, 0.004627529997378588, 0.007317397277802229, 0.0001740054285619408, 0.008093290030956268, 0.001512938179075718, 1.6314539607265033e-05, 1.6061610949691385e-05]","[0.0012216567993164062, 0.003177642822265625, 0.99560546875]","[0.0012216567993164062, 0.003177642822265625, 0.99560546875]",False,YALAN,RED,False,False,2351.868599999989,"{""K1_input_and_readiness"": 0.062100000150167034, ""K7_context"": 0.0018999999156221747, ""K1_normalization"": 0.010399999837318319, ""K6_advisory"": 25.78629999993609, ""K1_intent"": 0.043399999867688166, ""K2_retrieval"": 205.74890000011692, ""K3_reranker"": 1713.5929000000942, ""K8_weighted_ranking"": 1.3301999999839609, ""K3_candidate_filters"": 6.930999999894993, ""K9_advisory_consensus"": 0.00869999985297909, ""K4_nli_and_bypass_check"": 203.99859999997716, ""K5_decision"": 190.70259999989503}",13624
FACTURK-0072,DOĞRU,"[11552, 7076, 14598, 11647, 28830, 19317, 3097, 3817, 17227, 8517, 5125, 4439, 27142, 29735, 18895, 4856, 18348, 1667, 16619, 2263]","[0.027376487851142883, 0.19744445383548737, 0.0007041515782475471, 0.16913124918937683, 0.000682501879055053, 0.04336579889059067, 0.0007466114475391805, 1.6187581422855146e-05, 2.1278065105434507e-05, 0.00016603845870122313, 0.00034599160426296294, 0.0016420665197074413, 5.0644717703107744e-05, 1.6314539607265033e-05, 0.0004407629603520036, 1.8777873265207745e-05, 2.93115390377352e-05, 8.888084994396195e-05, 1.6314539607265033e-05, 0.01353214867413044]","[0.186767578125, 0.78466796875, 0.0283966064453125]","[0.186767578125, 0.78466796875, 0.0283966064453125]",False,YALAN,UYARI,False,False,2816.982899999857,"{""K1_input_and_readiness"": 0.0586999999541149, ""K7_context"": 0.0019999999949504854, ""K1_normalization"": 0.011099999937869143, ""K6_advisory"": 24.929800000109026, ""K1_intent"": 0.03680000008898787, ""K2_retrieval"": 213.64360000006855, ""K3_reranker"": 2535.8870999998544, ""K8_weighted_ranking"": 1.884600000039427, ""K3_candidate_filters"": 8.298199999899225, ""K9_advisory_consensus"": 0.018699999827731517, ""K4_nli_and_bypass_check"": 28.37120000003779, ""K5_decision"": 0.35280000020065927}",7076
FACTURK-0073,YALAN,"[29572, 24903, 23246, 25750, 10051, 9553, 28109, 18856, 3817, 12803, 8933, 2786, 10139, 3971, 5632, 5364, 15579, 9414, 4474, 28876]","[3.1201914680423215e-05, 0.0009473089594393969, 0.003960787784308195, 1.6442494597868063e-05, 2.0462934116949327e-05, 2.526822754589375e-05, 2.030369250860531e-05, 0.0004044814850203693, 1.7231572201126255e-05, 3.6764631659025326e-05, 0.0007208379684016109, 1.8342892872169614e-05, 1.6061610949691385e-05, 1.6061610949691385e-05, 0.0028118586633354425, 1.7366719475830905e-05, 7.197912054834887e-05, 4.298194107832387e-05, 1.6187581422855146e-05, 0.00033535013790242374]","[0.68359375, 0.2010498046875, 0.115234375]","[0.68359375, 0.2010498046875, 0.115234375]",False,YALAN,UYARI,False,False,4022.135000000162,"{""K1_input_and_readiness"": 0.0665000000026339, ""K7_context"": 0.001500000053056283, ""K1_normalization"": 0.012100000049031223, ""K6_advisory"": 27.0885999998427, ""K1_intent"": 0.05529999998543644, ""K2_retrieval"": 240.11510000013914, ""K3_reranker"": 2184.5307999999477, ""K8_weighted_ranking"": 1.1183000001437904, ""K3_candidate_filters"": 6.200499999977183, ""K9_advisory_consensus"": 0.00670000008540228, ""K4_nli_and_bypass_check"": 763.801199999989, ""K5_decision"": 795.7378999999491}",24903
FACTURK-0074,DOĞRU,"[13136, 25534, 6904, 17477, 29800, 20498, 20647, 29838, 4865, 29209, 26997, 8377, 11980, 10962, 5348, 12696, 22564, 26727, 16037, 6211]","[0.0024343819823116064, 0.00040290519245900214, 1.6061610949691385e-05, 0.000191104321856983, 3.373722574906424e-05, 1.6187581422855146e-05, 1.67014204635052e-05, 1.6187581422855146e-05, 1.6314539607265033e-05, 2.030369250860531e-05, 1.6442494597868063e-05, 1.6187581422855146e-05, 1.9833367332466878e-05, 1.6061610949691385e-05, 1.67014204635052e-05, 1.7097478121286258e-05, 8.220189192797989e-05, 1.6061610949691385e-05, 1.6061610949691385e-05, 1.657145367062185e-05]","[0.0209808349609375, 0.00943756103515625, 0.9697265625]","[0.0209808349609375, 0.00943756103515625, 0.9697265625]",False,DOĞRU,ONAY,False,False,4000.6186999999045,"{""K1_input_and_readiness"": 0.04669999998441199, ""K7_context"": 0.0012999998943996616, ""K1_normalization"": 0.009500000032858225, ""K6_advisory"": 24.710199999844917, ""K1_intent"": 0.03380000021024898, ""K2_retrieval"": 201.30360000007386, ""K3_reranker"": 2746.213599999919, ""K8_weighted_ranking"": 1.8628000000262546, ""K3_candidate_filters"": 9.847000000036132, ""K9_advisory_consensus"": 0.011200000017197453, ""K4_nli_and_bypass_check"": 503.23679999996784, ""K5_decision"": 509.68409999995856}",11980
FACTURK-0075,YALAN,"[1385, 28548, 24701, 7151, 5251, 5060, 26949, 16423, 21836, 11914, 25705, 8815, 3549, 2331, 19409, 2088, 27022, 14551, 3772, 20735]","[1.7917987861437723e-05, 1.6187581422855146e-05, 0.0018895388348028064, 0.011732463724911213, 9.098840382648632e-05, 4.101373633602634e-05, 0.0015669887652620673, 7.905303937150165e-05, 0.0001387341326335445, 1.67014204635052e-05, 9.7615658887662e-05, 0.001383117400109768, 9.028038039105013e-05, 0.018369639292359352, 0.0022170129232108593, 1.6442494597868063e-05, 1.6187581422855146e-05, 0.0018031664658337831, 1.7640199075685814e-05, 1.6314539607265033e-05]","[0.0010433197021484375, 0.99658203125, 0.0025806427001953125]","[0.0010433197021484375, 0.99658203125, 0.0025806427001953125]",False,YETERSİZ VERİ,RET,True,False,1843.3573999998316,"{""K1_input_and_readiness"": 0.06469999993896636, ""K7_context"": 0.0016999999843392288, ""K1_normalization"": 0.011999999969702912, ""K6_advisory"": 25.039500000048065, ""K1_intent"": 0.051699999858101364, ""K2_retrieval"": 265.6923000001825, ""K3_reranker"": 1510.7560000001286, ""K8_weighted_ranking"": 1.6762000000198896, ""K3_candidate_filters"": 7.435499999928652, ""K9_advisory_consensus"": 0.008199999911084888, ""K4_nli_and_bypass_check"": 28.824600000007194, ""K5_decision"": 0.40970000009110663}",7151
FACTURK-0076,YALAN,"[16399, 6879, 2611, 27351, 25156, 29990, 2561, 23018, 15083, 29257, 25298, 17035, 17830, 29186, 2273, 9235, 4720, 20113, 8145, 18925]","[0.9081302285194397, 0.00014653129619546235, 0.0007408055826090276, 1.7366719475830905e-05, 1.6061610949691385e-05, 0.00037263770354911685, 1.6187581422855146e-05, 6.761842087144032e-05, 1.6187581422855146e-05, 0.012821214273571968, 0.00021995337738189846, 1.6187581422855146e-05, 5.144220995134674e-05, 1.6442494597868063e-05, 2.526822754589375e-05, 1.6061610949691385e-05, 3.219233258278109e-05, 2.586742994026281e-05, 1.6187581422855146e-05, 0.00012339458044152707]","[0.85693359375, 0.05078125, 0.0921630859375]","[0.85693359375, 0.05078125, 0.0921630859375]",False,YALAN,UYARI,False,False,2557.8685000000405,"{""K1_input_and_readiness"": 0.07770000001983135, ""K7_context"": 0.0018000000636675395, ""K1_normalization"": 0.02119999999194988, ""K6_advisory"": 26.00879999999961, ""K1_intent"": 0.04839999996875122, ""K2_retrieval"": 251.19530000006307, ""K3_reranker"": 1759.5009000001482, ""K8_weighted_ranking"": 1.439500000060434, ""K3_candidate_filters"": 7.147800000211646, ""K9_advisory_consensus"": 0.009099999942918657, ""K4_nli_and_bypass_check"": 255.64759999997477, ""K5_decision"": 253.0991000000995}",16399
FACTURK-0077,YALAN,"[18468, 28997, 5104, 22914, 18297, 28419, 27847, 19866, 15134, 23361, 4331, 2644, 5491, 19909, 19816, 12677, 19761, 23751, 9366, 7836]","[0.8637367486953735, 0.002058753278106451, 0.0003150386910419911, 0.0005861161625944078, 0.0014721895568072796, 0.0005725466180592775, 4.331903619458899e-05, 8.481103577651083e-05, 3.5633544030133635e-05, 6.868317723274231e-05, 0.000317508791340515, 0.0004859560285694897, 5.475977377500385e-05, 0.0023322340566664934, 0.0044683837331831455, 0.104843370616436, 0.0006798428948968649, 0.0009146137163043022, 0.0015916259726509452, 0.0011879054363816977]","[0.0033359527587890625, 0.9921875, 0.004425048828125]","[0.0033359527587890625, 0.9921875, 0.004425048828125]",False,DOĞRU,ONAY,False,False,1974.0853999999217,"{""K1_input_and_readiness"": 0.06099999995967664, ""K7_context"": 0.0021999999262334313, ""K1_normalization"": 0.012199999900985858, ""K6_advisory"": 25.41990000008809, ""K1_intent"": 0.048100000185513636, ""K2_retrieval"": 231.31820000003245, ""K3_reranker"": 1677.1693999999115, ""K8_weighted_ranking"": 1.3768000001164182, ""K3_candidate_filters"": 7.163600000012593, ""K9_advisory_consensus"": 0.007999999979801942, ""K4_nli_and_bypass_check"": 27.9732999999851, ""K5_decision"": 0.1896999999644322}",12677
FACTURK-0078,DOĞRU,"[13244, 28856, 8758, 5470, 25952, 8303, 12500, 2849, 27933, 790, 9581, 2420, 720, 22357, 8980, 24082, 8286, 12699, 6942, 16419]","[1.6314539607265033e-05, 0.10576342046260834, 1.7231572201126255e-05, 0.0013096056645736098, 0.00019716942915692925, 0.0026419467758387327, 0.0025016965810209513, 0.007846239022910595, 0.0009146137163043022, 0.005281333811581135, 0.015424552373588085, 0.0002415662893326953, 7.782753527862951e-05, 0.009303949773311615, 0.00021654405281879008, 1.6314539607265033e-05, 0.000706905557308346, 0.00034464316559024155, 2.3369333575828932e-05, 1.6442494597868063e-05]","[0.0024623870849609375, 0.357666015625, 0.64013671875]","[0.0024623870849609375, 0.357666015625, 0.64013671875]",False,YALAN,RED,False,False,1396.4382999999998,"{""K1_input_and_readiness"": 0.04860000012740784, ""K7_context"": 0.0014000002011016477, ""K1_normalization"": 0.009500000032858225, ""K6_advisory"": 24.82729999996991, ""K1_intent"": 0.044299999899521936, ""K2_retrieval"": 185.13189999998758, ""K3_reranker"": 1144.7454000001471, ""K8_weighted_ranking"": 1.5739000000394299, ""K3_candidate_filters"": 8.054400000219175, ""K9_advisory_consensus"": 0.008399999842367833, ""K4_nli_and_bypass_check"": 28.3276999998634, ""K5_decision"": 0.36039999986314797}",12699
FACTURK-0079,YALAN,"[8958, 19631, 6032, 4770, 18297, 12152, 4452, 14597, 5710, 5087, 18468, 29444, 12482, 20647, 10061, 9120, 2140, 17587, 4381, 17984]","[9.915272676153108e-05, 1.8631746570463292e-05, 0.0020033332984894514, 4.794958294951357e-05, 0.0007096704212017357, 1.6964426322374493e-05, 2.0785171727766283e-05, 0.0010162440594285727, 0.002560870721936226, 8.415108459303156e-05, 0.0010901900241151452, 1.9525883544702083e-05, 0.0001195985751110129, 1.750292540236842e-05, 5.475977377500385e-05, 0.001512938179075718, 2.2474090656032786e-05, 0.0007763299508951604, 6.868317723274231e-05, 0.0019800399895757437]","[0.0027790069580078125, 0.9931640625, 0.003971099853515625]","[0.0027790069580078125, 0.9931640625, 0.003971099853515625]",False,YALAN,UYARI,False,False,3103.7584999999126,"{""K1_input_and_readiness"": 0.05799999985356408, ""K7_context"": 0.0015999999050109182, ""K1_normalization"": 0.011999999969702912, ""K6_advisory"": 25.628899999901478, ""K1_intent"": 0.05329999999048596, ""K2_retrieval"": 221.73339999994823, ""K3_reranker"": 1489.8112000000765, ""K8_weighted_ranking"": 1.1428000000250904, ""K3_candidate_filters"": 5.885500000204047, ""K9_advisory_consensus"": 0.006800000164730591, ""K4_nli_and_bypass_check"": 649.61059999996, ""K5_decision"": 706.4249000000018}",5710
FACTURK-0080,YALAN,"[28014, 24630, 9150, 25225, 15787, 2130, 6426, 11113, 9220, 19258, 17022, 8377, 27894, 27730, 25169, 889, 9510, 12112, 2858, 24186]","[0.0023322340566664934, 0.05717659741640091, 0.005554925184696913, 0.0006878511630930007, 0.0008969392511062324, 0.0002396868512732908, 1.6964426322374493e-05, 1.6187581422855146e-05, 0.0011073390487581491, 0.00016474656877107918, 0.0031115086749196053, 3.144662332488224e-05, 5.605828482657671e-05, 2.6274772608303465e-05, 0.00014091856428422034, 4.794958294951357e-05, 0.0014493984635919333, 0.009596454910933971, 4.794958294951357e-05, 2.449082603561692e-05]","[0.0010557174682617188, 0.99755859375, 0.001163482666015625]","[0.0010557174682617188, 0.99755859375, 0.001163482666015625]",False,YALAN,UYARI,False,False,2989.6409999998923,"{""K1_input_and_readiness"": 0.06089999988034833, ""K7_context"": 0.001500000053056283, ""K1_normalization"": 0.01150000002780871, ""K6_advisory"": 27.545400000008158, ""K1_intent"": 0.03919999994650425, ""K2_retrieval"": 236.10419999999976, ""K3_reranker"": 1837.6254000002064, ""K8_weighted_ranking"": 1.1582000001908455, ""K3_candidate_filters"": 5.973499999981868, ""K9_advisory_consensus"": 0.006500000154119334, ""K4_nli_and_bypass_check"": 450.97390000000814, ""K5_decision"": 426.48289999988265}",12112
FACTURK-0081,DOĞRU,"[29892, 30075, 16831, 20199, 24994, 28266, 19793, 17297, 14534, 6336, 9899, 10832, 889, 7592, 18513, 23277, 13077, 8098, 2920, 8849]","[0.11299101263284683, 0.11858908832073212, 0.9192084670066833, 0.03173859417438507, 0.113973468542099, 0.006564249750226736, 0.08035746961832047, 0.11476477235555649, 0.007876706309616566, 0.0555151142179966, 2.449082603561692e-05, 0.8337311148643494, 0.0007180297398008406, 0.2078571617603302, 0.02161533385515213, 0.007260866463184357, 0.8265718221664429, 0.0003785036678891629, 0.0026522595435380936, 0.16572807729244232]","[0.00213623046875, 0.2269287109375, 0.77099609375]","[0.00213623046875, 0.2269287109375, 0.77099609375]",False,DOĞRU,ONAY,False,False,1566.1145999999917,"{""K1_input_and_readiness"": 0.05719999990105862, ""K7_context"": 0.0018999999156221747, ""K1_normalization"": 0.009000000090964022, ""K6_advisory"": 27.064200000040728, ""K1_intent"": 0.035499999967214535, ""K2_retrieval"": 180.86390000007668, ""K3_reranker"": 1201.6209999999319, ""K8_weighted_ranking"": 1.0529999999562278, ""K3_candidate_filters"": 5.919100000028266, ""K9_advisory_consensus"": 0.006900000016685226, ""K4_nli_and_bypass_check"": 88.76980000013646, ""K5_decision"": 57.533799999873736}",16831
FACTURK-0082,YALAN,"[19167, 4452, 22634, 5965, 16540, 16336, 18912, 16706, 14346, 5431, 23305, 7573, 26653, 21976, 26373, 20856, 18357, 12669, 24731, 23484]","[0.0005725466180592775, 0.09451042860746384, 2.977311669383198e-05, 2.1444948288262822e-05, 0.0004765612829942256, 2.0462934116949327e-05, 1.892514956125524e-05, 0.0026522595435380936, 4.037790131405927e-05, 0.004038591403514147, 5.829126530443318e-05, 1.6442494597868063e-05, 1.67014204635052e-05, 0.0010005044750869274, 1.6442494597868063e-05, 2.411113746347837e-05, 4.2647468944778666e-05, 2.411113746347837e-05, 2.6274772608303465e-05, 0.00037409563083201647]","[0.000843048095703125, 0.99755859375, 0.0016155242919921875]","[0.000843048095703125, 0.99755859375, 0.0016155242919921875]",False,YALAN,RED,False,False,2745.5689000000802,"{""K1_input_and_readiness"": 0.0555999999960477, ""K7_context"": 0.001300000121773337, ""K1_normalization"": 0.01049999991664663, ""K6_advisory"": 23.971100000153456, ""K1_intent"": 0.05409999994299142, ""K2_retrieval"": 223.1678999999076, ""K3_reranker"": 1218.5578000000987, ""K8_weighted_ranking"": 1.3546000000133063, ""K3_candidate_filters"": 7.251199999927849, ""K9_advisory_consensus"": 0.007899999900473631, ""K4_nli_and_bypass_check"": 674.9575999999706, ""K5_decision"": 592.0822000000499}",4452
FACTURK-0083,DOĞRU,"[5491, 23751, 18468, 23361, 20020, 20519, 25969, 26065, 3328, 13338, 21399, 5597, 18234, 19636, 21402, 16499, 1291, 4119, 2644, 25705]","[2.7969301299890503e-05, 0.0016941031208261847, 0.020332353189587593, 0.006692850962281227, 4.101373633602634e-05, 2.4682904040673748e-05, 6.502816540887579e-05, 0.0011832797899842262, 4.5044595026411116e-05, 0.0004108485300093889, 1.6061610949691385e-05, 1.6061610949691385e-05, 0.0009181900531984866, 1.922317096614279e-05, 5.104190859128721e-05, 0.00010310211655450985, 3.426849070820026e-05, 4.037790131405927e-05, 2.8632557587116025e-05, 5.694102947018109e-05]","[0.0006928443908691406, 0.9970703125, 0.0024013519287109375]","[0.0006928443908691406, 0.9970703125, 0.0024013519287109375]",False,YALAN,UYARI,False,False,2197.2224999999526,"{""K1_input_and_readiness"": 0.06209999992279336, ""K7_context"": 0.001799999836293864, ""K1_normalization"": 0.01160000010713702, ""K6_advisory"": 30.110999999806154, ""K1_intent"": 0.05069999997431296, ""K2_retrieval"": 229.3677000000116, ""K3_reranker"": 1518.7638999998399, ""K8_weighted_ranking"": 1.2378999999782536, ""K3_candidate_filters"": 6.533900000022186, ""K9_advisory_consensus"": 0.008600000001024455, ""K4_nli_and_bypass_check"": 230.9858000000986, ""K5_decision"": 176.87519999981305}",23361
FACTURK-0084,DOĞRU,"[11506, 25118, 16926, 10003, 29032, 12851, 17567, 10045, 22063, 4224, 20781, 16886, 29705, 22456, 263, 2446, 11778, 13967, 1970, 7307]","[0.0031480707693845034, 7.905303937150165e-05, 0.004451041109859943, 2.2125668692751788e-05, 0.00854433048516512, 0.000159678646014072, 0.002296159043908119, 0.0004459562187548727, 0.0012497093994170427, 0.0016103574307635427, 0.2312668114900589, 0.0009362827986478806, 0.0008659808663651347, 0.0009146137163043022, 1.8342892872169614e-05, 0.0037217086646705866, 0.0010242064017802477, 0.0006667023408226669, 0.011823395267128944, 0.0007733057136647403]","[0.0152435302734375, 0.73974609375, 0.2452392578125]","[0.0152435302734375, 0.73974609375, 0.2452392578125]",False,DOĞRU,ONAY,False,False,4248.264400000153,"{""K1_input_and_readiness"": 0.07290000007742492, ""K7_context"": 0.001500000053056283, ""K1_normalization"": 0.01340000017080456, ""K6_advisory"": 27.17949999987468, ""K1_intent"": 0.05420000002231973, ""K2_retrieval"": 278.19559999988996, ""K3_reranker"": 2304.590599999983, ""K8_weighted_ranking"": 1.604600000064238, ""K3_candidate_filters"": 8.531800000127987, ""K9_advisory_consensus"": 0.009899999895424116, ""K4_nli_and_bypass_check"": 897.3445000001448, ""K5_decision"": 727.6569999999083}",20781
FACTURK-0085,DOĞRU,"[26113, 13059, 1228, 17687, 810, 14969, 12751, 9230, 7396, 28223, 7447, 23913, 24344, 19653, 24737, 7982, 26710, 28442, 19893, 8333]","[0.0003077430883422494, 2.4300241420860402e-05, 4.231559796608053e-05, 0.014672035351395607, 1.6187581422855146e-05, 0.00018522572645451874, 9.535461140330881e-05, 2.2125668692751788e-05, 0.004086002707481384, 1.7097478121286258e-05, 0.0061450921930372715, 0.0002472934720572084, 1.6442494597868063e-05, 2.8857117285951972e-05, 0.005405900068581104, 3.219233258278109e-05, 0.005281333811581135, 3.4808123018592596e-05, 8.888084994396195e-05, 0.0001740054285619408]","[0.01297760009765625, 0.34423828125, 0.642578125]","[0.01297760009765625, 0.34423828125, 0.642578125]",False,YALAN,RED,False,False,2383.185299999923,"{""K1_input_and_readiness"": 0.046999999995023245, ""K7_context"": 0.001500000053056283, ""K1_normalization"": 0.010100000054080738, ""K6_advisory"": 23.759800000107134, ""K1_intent"": 0.033500000199637725, ""K2_retrieval"": 234.32879999995748, ""K3_reranker"": 1480.1255999998375, ""K8_weighted_ranking"": 1.1778000000504107, ""K3_candidate_filters"": 6.02430000003551, ""K9_advisory_consensus"": 0.00760000011723605, ""K4_nli_and_bypass_check"": 320.43069999986074, ""K5_decision"": 313.92909999999574}",12751
FACTURK-0086,DOĞRU,"[6314, 17464, 28221, 12939, 23903, 15073, 20736, 23166, 29513, 17416, 7000, 23892, 5052, 18953, 7456, 1893, 25662, 7092, 18460, 11309]","[0.0009697519708424807, 0.02029348537325859, 0.021990220993757248, 0.00079783343244344, 2.195349043176975e-05, 0.001103026675991714, 0.0001442598586436361, 2.6480842279852368e-05, 0.000414069538237527, 0.0009217804181389511, 0.0001344663032796234, 0.0002982776495628059, 0.0005013742484152317, 0.0029694451950490475, 2.3007036361377686e-05, 0.00214894930832088, 6.108854722697288e-05, 0.00034329999471083283, 0.000954731716774404, 0.0003225071995984763]","[0.0012683868408203125, 0.998046875, 0.0007047653198242188]","[0.0012683868408203125, 0.998046875, 0.0007047653198242188]",False,YALAN,RED,False,False,2062.743599999976,"{""K1_input_and_readiness"": 0.05129999999553547, ""K7_context"": 0.0013999999737279722, ""K1_normalization"": 0.010100000054080738, ""K6_advisory"": 27.23650000007183, ""K1_intent"": 0.07439999990310753, ""K2_retrieval"": 364.7796999998718, ""K3_reranker"": 1628.2913000000008, ""K8_weighted_ranking"": 1.5450000000782893, ""K3_candidate_filters"": 7.772599999952945, ""K9_advisory_consensus"": 0.008400000069741509, ""K4_nli_and_bypass_check"": 28.992900000048394, ""K5_decision"": 0.2866999998332176}",18953
FACTURK-0087,DOĞRU,"[6336, 26371, 29892, 17493, 25906, 6779, 8849, 12974, 10054, 23965, 28611, 17203, 16397, 3162, 25721, 5866, 8688, 5364, 15308, 20244]","[0.00011591933434829116, 3.144662332488224e-05, 1.750292540236842e-05, 9.17019642656669e-05, 1.805851934477687e-05, 3.7931622500764206e-05, 0.005159622989594936, 0.004382336512207985, 3.8229114579735324e-05, 0.00010637458035489544, 2.1444948288262822e-05, 1.6314539607265033e-05, 9.610241977497935e-05, 1.9373936083866283e-05, 1.967902426258661e-05, 0.0003814711526501924, 2.030369250860531e-05, 1.6314539607265033e-05, 1.6442494597868063e-05, 2.1112482500029728e-05]","[0.0008654594421386719, 0.00261688232421875, 0.99658203125]","[0.0008654594421386719, 0.00261688232421875, 0.99658203125]",False,DOĞRU,ONAY,False,False,2095.0537999999597,"{""K1_input_and_readiness"": 0.05120000014358084, ""K7_context"": 0.0018999999156221747, ""K1_normalization"": 0.0087999999323074, ""K6_advisory"": 27.197500000056607, ""K1_intent"": 0.0442000000475673, ""K2_retrieval"": 255.01900000017486, ""K3_reranker"": 1320.551900000055, ""K8_weighted_ranking"": 1.5736000000288186, ""K3_candidate_filters"": 8.081599999968603, ""K9_advisory_consensus"": 0.007900000127847306, ""K4_nli_and_bypass_check"": 268.61729999995987, ""K5_decision"": 209.89739999981794}",8849
FACTURK-0088,DOĞRU,"[18, 4413, 24704, 27167, 26371, 29892, 6336, 22626, 20199, 12778, 23011, 25906, 8688, 11574, 22642, 558, 1902, 3162, 28611, 25796]","[0.0010083435336127877, 0.0006512682302854955, 0.03554439917206764, 0.05582314357161522, 2.3737338779028505e-05, 9.314593626186252e-05, 5.920916373725049e-05, 1.6314539607265033e-05, 0.001383117400109768, 0.00023231418163049966, 0.004736748989671469, 1.8342892872169614e-05, 7.782753527862951e-05, 0.0008830457809381187, 0.00021824207215104252, 0.0003029734070878476, 0.00482972152531147, 0.00010310211655450985, 0.0005614787805825472, 2.014569145103451e-05]","[0.0012226104736328125, 0.023406982421875, 0.9755859375]","[0.0012226104736328125, 0.023406982421875, 0.9755859375]",False,DOĞRU,ONAY,False,False,2011.1151999999493,"{""K1_input_and_readiness"": 0.04510000007940107, ""K7_context"": 0.001799999836293864, ""K1_normalization"": 0.011999999969702912, ""K6_advisory"": 26.910799999996016, ""K1_intent"": 0.041199999941454735, ""K2_retrieval"": 238.78179999996973, ""K3_reranker"": 1357.1746000000076, ""K8_weighted_ranking"": 1.77439999993112, ""K3_candidate_filters"": 9.279399999968518, ""K9_advisory_consensus"": 0.009500000032858225, ""K4_nli_and_bypass_check"": 206.6816999999901, ""K5_decision"": 166.8419999998605}",27167
FACTURK-0089,DOĞRU,"[7912, 7529, 3233, 16400, 645, 24053, 23656, 16090, 15423, 19808, 27441, 21894, 9479, 28755, 12152, 1083, 13302, 4022, 23463, 2007]","[0.999935507774353, 0.6167627573013306, 0.0005013742484152317, 0.1457221657037735, 0.03796369582414627, 0.0012399960542097688, 0.00033535013790242374, 0.8830344080924988, 0.11299101263284683, 0.003839395008981228, 0.06313490122556686, 0.08093670755624771, 0.5575441718101501, 0.0004442183708306402, 0.0002492325147613883, 0.001495338510721922, 0.0025509123224765062, 2.8632557587116025e-05, 4.006369272246957e-05, 0.13028541207313538]","[0.9931640625, 0.00555419921875, 0.0012722015380859375]","[0.9931640625, 0.00555419921875, 0.0012722015380859375]",False,DOĞRU,ONAY,False,False,1817.1270999998796,"{""K1_input_and_readiness"": 0.06689999986519979, ""K7_context"": 0.0012999998943996616, ""K1_normalization"": 0.011299999869152089, ""K6_advisory"": 27.80920000009246, ""K1_intent"": 0.03579999997782579, ""K2_retrieval"": 215.03789999997025, ""K3_reranker"": 1406.5255999998953, ""K8_weighted_ranking"": 1.4957000000777043, ""K3_candidate_filters"": 7.354699999950753, ""K9_advisory_consensus"": 0.008400000069741509, ""K4_nli_and_bypass_check"": 93.40689999999086, ""K5_decision"": 62.26379999998244}",7912
FACTURK-0090,YALAN,"[26683, 26447, 920, 24673, 15048, 430, 17981, 14207, 26912, 3327, 3962, 11714, 18324, 1472, 14283, 19739, 18843, 3952, 25443, 9741]","[0.0013511208817362785, 0.00012533752305898815, 0.031439851969480515, 7.311254739761353e-05, 0.00010720880527514964, 0.00029137005913071334, 0.00029365462251007557, 0.0006047102506272495, 0.00039977103006094694, 0.0007293288363143802, 0.0007733057136647403, 0.00022167809947859496, 6.108854722697288e-05, 3.269927037763409e-05, 0.00014091856428422034, 0.0003640086797531694, 0.0007152324542403221, 0.00011682839976856485, 1.8342892872169614e-05, 1.6187581422855146e-05]","[0.00579833984375, 0.9931640625, 0.0008897781372070312]","[0.00579833984375, 0.9931640625, 0.0008897781372070312]",False,YALAN,RED,False,False,2278.8343999998233,"{""K1_input_and_readiness"": 0.03940000010516087, ""K7_context"": 0.0015999999050109182, ""K1_normalization"": 0.008400000069741509, ""K6_advisory"": 24.79330000005575, ""K1_intent"": 0.03760000004149333, ""K2_retrieval"": 217.22139999997125, ""K3_reranker"": 1145.6252000000404, ""K8_weighted_ranking"": 1.4316999997845414, ""K3_candidate_filters"": 7.390999999870473, ""K9_advisory_consensus"": 0.007099999947968172, ""K4_nli_and_bypass_check"": 500.92159999985597, ""K5_decision"": 378.1008999999358}",17981
FACTURK-0091,DOĞRU,"[11667, 20565, 21782, 7134, 3909, 12330, 26480, 27058, 3583, 5512, 5235, 13264, 2400, 4312, 20454, 3209, 3131, 28139, 12685, 26306]","[0.9785082340240479, 0.014899643138051033, 2.7751651941798627e-05, 0.01342825498431921, 5.9673518990166485e-05, 0.0055333878844976425, 0.004718369338661432, 5.225226777838543e-05, 1.657145367062185e-05, 0.0019043302163481712, 0.05490385368466377, 5.2662067901110277e-05, 0.1173696517944336, 2.4876489987946115e-05, 1.6187581422855146e-05, 0.003456409554928541, 0.00043563017970882356, 0.00015236754552461207, 0.004886374808847904, 0.013325147330760956]","[0.00018298625946044922, 0.99951171875, 0.00018775463104248047]","[0.00018298625946044922, 0.99951171875, 0.00018775463104248047]",False,YALAN,RED,False,False,2191.4621000000807,"{""K1_input_and_readiness"": 0.06499999994957761, ""K7_context"": 0.0016000001323845936, ""K1_normalization"": 0.01059999999597494, ""K6_advisory"": 25.742999999920357, ""K1_intent"": 0.04250000006322807, ""K2_retrieval"": 244.70240000005106, ""K3_reranker"": 1542.5207000000682, ""K8_weighted_ranking"": 1.4602000001104898, ""K3_candidate_filters"": 7.55869999989045, ""K9_advisory_consensus"": 0.009399999953529914, ""K4_nli_and_bypass_check"": 235.77089999980672, ""K5_decision"": 129.76210000010724}",11667
FACTURK-0092,YALAN,"[18561, 28547, 29036, 27219, 1302, 5605, 2984, 23181, 7256, 15787, 25169, 11479, 14780, 14232, 29892, 25228, 13989, 12809, 24354, 20022]","[0.002378123812377453, 0.2223622351884842, 0.001220795209519565, 0.08961381763219833, 0.010489090345799923, 0.003930085338652134, 0.20529620349407196, 0.5658385753631592, 0.0010242064017802477, 0.009268013760447502, 0.002736221067607403, 0.10356715321540833, 0.4573790431022644, 0.12389466166496277, 0.055310655385255814, 0.25945019721984863, 0.023962024599313736, 0.06301946938037872, 0.024469668045639992, 0.17766813933849335]","[0.000606536865234375, 0.99658203125, 0.002704620361328125]","[0.000606536865234375, 0.99658203125, 0.002704620361328125]",False,YALAN,UYARI,False,False,2544.8871999999483,"{""K1_input_and_readiness"": 0.0582000000122207, ""K7_context"": 0.0018000000636675395, ""K1_normalization"": 0.011100000165242818, ""K6_advisory"": 26.222800000141433, ""K1_intent"": 0.04229999990457145, ""K2_retrieval"": 237.5220999999783, ""K3_reranker"": 1388.5089000000335, ""K8_weighted_ranking"": 1.2624000000869273, ""K3_candidate_filters"": 7.070899999916946, ""K9_advisory_consensus"": 0.007100000175341847, ""K4_nli_and_bypass_check"": 405.6076000001667, ""K5_decision"": 474.8913999999331}",23181
FACTURK-0093,YALAN,"[5693, 11195, 24822, 3328, 11552, 25503, 1329, 12664, 18825, 4563, 1704, 1946, 15330, 28044, 29601, 704, 2296, 23052, 6793, 7635]","[1.967902426258661e-05, 0.029986508190631866, 0.010986941866576672, 0.006615392863750458, 0.011597361415624619, 1.683241134742275e-05, 2.6274772608303465e-05, 0.003087369492277503, 1.67014204635052e-05, 0.00021654405281879008, 0.004382336512207985, 1.6314539607265033e-05, 1.6314539607265033e-05, 0.0023322340566664934, 0.00034464316559024155, 0.008677716366946697, 4.683888619183563e-05, 0.0007014083093963563, 1.7097478121286258e-05, 1.6187581422855146e-05]","[0.001953125, 0.99609375, 0.001922607421875]","[0.001953125, 0.99609375, 0.001922607421875]",False,YETERSİZ VERİ,RET,True,False,3174.835900000062,"{""K1_input_and_readiness"": 0.0840999998672487, ""K7_context"": 0.001799999836293864, ""K1_normalization"": 0.011400000175854075, ""K6_advisory"": 27.36330000016096, ""K1_intent"": 0.0390000000152213, ""K2_retrieval"": 255.99610000017492, ""K3_reranker"": 2850.1406999998835, ""K8_weighted_ranking"": 1.6283000002204062, ""K3_candidate_filters"": 8.155299999998533, ""K9_advisory_consensus"": 0.008400000069741509, ""K4_nli_and_bypass_check"": 27.459599999929196, ""K5_decision"": 0.176199999941673}",11195
FACTURK-0094,YALAN,"[5418, 19923, 30246, 24789, 15901, 26970, 28805, 20156, 6702, 24986, 30410, 20501, 6865, 15993, 22135, 30483, 7409, 30482, 30481, 17860]","[0.003429603995755315, 5.02506154589355e-05, 1.6964426322374493e-05, 0.013020490296185017, 3.8831109122838825e-05, 4.794958294951357e-05, 0.0022343622986227274, 0.00017952796770259738, 0.0120537793263793, 0.00011412239109631628, 0.00013552077871281654, 0.00021152888075448573, 0.00017674513219390064, 1.805851934477687e-05, 0.002580904169008136, 2.2125668692751788e-05, 0.00029365462251007557, 1.7097478121286258e-05, 1.9525883544702083e-05, 0.001269364496693015]","[0.00876617431640625, 0.8701171875, 0.12109375]","[0.00876617431640625, 0.8701171875, 0.12109375]",False,YETERSİZ VERİ,RET,True,False,5236.796099999992,"{""K1_input_and_readiness"": 0.04650000005312904, ""K7_context"": 0.0019999999949504854, ""K1_normalization"": 0.009100000170292333, ""K6_advisory"": 26.85180000003129, ""K1_intent"": 0.033400000120309414, ""K2_retrieval"": 231.87219999999797, ""K3_reranker"": 4381.041200000027, ""K8_weighted_ranking"": 1.6693000000032043, ""K3_candidate_filters"": 7.713399999829562, ""K9_advisory_consensus"": 0.00869999985297909, ""K4_nli_and_bypass_check"": 332.1868999998969, ""K5_decision"": 251.6595999998117}",6865
FACTURK-0095,DOĞRU,"[14448, 23187, 27818, 14054, 23316, 5201, 19360, 9039, 13582, 28834, 20850, 26067, 18564, 10845, 5154, 1872, 11847, 30122, 4779, 11546]","[0.001987774157896638, 0.000124362253700383, 0.00021995337738189846, 0.00013342000602278858, 0.0006000071880407631, 1.750292540236842e-05, 8.818923379294574e-05, 0.0010566838318482041, 9.83811987680383e-05, 4.298194107832387e-05, 0.0004673480580095202, 0.00020502213737927377, 3.619466951931827e-05, 2.030369250860531e-05, 0.003135835751891136, 4.985958003089763e-05, 1.6442494597868063e-05, 3.373722574906424e-05, 1.7366719475830905e-05, 0.000159678646014072]","[0.007904052734375, 0.79833984375, 0.1939697265625]","[0.007904052734375, 0.79833984375, 0.1939697265625]",False,DOĞRU,ONAY,False,False,5193.845699999883,"{""K1_input_and_readiness"": 0.05650000002788147, ""K7_context"": 0.0020999998469051206, ""K1_normalization"": 0.011000000085914508, ""K6_advisory"": 25.97779999996419, ""K1_intent"": 0.04639999997380073, ""K2_retrieval"": 287.8473999999187, ""K3_reranker"": 1626.2229000001298, ""K8_weighted_ranking"": 1.7767000001640554, ""K3_candidate_filters"": 9.139699999877848, ""K9_advisory_consensus"": 0.010299999985363684, ""K4_nli_and_bypass_check"": 696.0352999999486, ""K5_decision"": 2542.7980999998}",9039
FACTURK-0096,YALAN,"[6934, 28032, 1327, 23417, 6206, 48, 1293, 11256, 23788, 7882, 18810, 2039, 17459, 24548, 1536, 3328, 23866, 27720, 3557, 28501]","[0.6527949571609497, 3.4808123018592596e-05, 8.092757343547419e-05, 3.1941821362124756e-05, 0.01065251138061285, 0.0005254230927675962, 0.0001673405058681965, 0.00011682839976856485, 0.0005549409543164074, 8.156224066624418e-05, 0.0005953406798653305, 0.0002492325147613883, 0.0005316132446750998, 0.0011203772155568004, 7.197912054834887e-05, 1.683241134742275e-05, 0.00220838887616992, 3.5633544030133635e-05, 0.0017752605490386486, 4.794958294951357e-05]","[0.023681640625, 0.87060546875, 0.10565185546875]","[0.023681640625, 0.87060546875, 0.10565185546875]",False,DOĞRU,ONAY,False,False,8267.797100000053,"{""K1_input_and_readiness"": 0.05600000008598727, ""K7_context"": 0.001500000053056283, ""K1_normalization"": 0.010200000133409048, ""K6_advisory"": 38.54129999990619, ""K1_intent"": 0.04650000005312904, ""K2_retrieval"": 255.87739999991754, ""K3_reranker"": 7509.526199999982, ""K8_weighted_ranking"": 1.6169999998965068, ""K3_candidate_filters"": 6.436099999973521, ""K9_advisory_consensus"": 0.007900000127847306, ""K4_nli_and_bypass_check"": 253.321399999777, ""K5_decision"": 198.06659999994736}",6934
FACTURK-0097,YALAN,"[9071, 15922, 16534, 7077, 376, 30164, 11556, 14460, 8780, 16972, 26294, 5049, 9838, 29467, 21067, 24908, 2933, 7555, 2112, 23791]","[7.722192094661295e-05, 8.682210318511352e-05, 6.868317723274231e-05, 0.00020342698553577065, 3.3474691008450463e-05, 3.9135655242716894e-05, 2.014569145103451e-05, 0.0001823546044761315, 1.6314539607265033e-05, 3.8831109122838825e-05, 3.071818719035946e-05, 1.6314539607265033e-05, 0.00012931563833262771, 7.254361844388768e-05, 0.004086002707481384, 0.0004655269149225205, 0.00014539113908540457, 0.0008830457809381187, 0.0015792594058439136, 0.00024536947603337467]","[0.0016193389892578125, 0.99609375, 0.0021915435791015625]","[0.0016193389892578125, 0.99609375, 0.0021915435791015625]",False,YETERSİZ VERİ,RET,True,False,15287.190100000089,"{""K1_input_and_readiness"": 0.1212000001942215, ""K7_context"": 0.0024000000848900527, ""K1_normalization"": 0.014100000043981709, ""K6_advisory"": 40.41910000000826, ""K1_intent"": 0.04899999998997373, ""K2_retrieval"": 322.0347999999831, ""K3_reranker"": 8795.567299999902, ""K8_weighted_ranking"": 6.920100000115781, ""K3_candidate_filters"": 34.883900000068024, ""K9_advisory_consensus"": 0.019699999938893598, ""K4_nli_and_bypass_check"": 5608.2600000002, ""K5_decision"": 473.54569999993146}",2933
FACTURK-0098,YALAN,"[20894, 10080, 19065, 6439, 6298, 7948, 6392, 14859, 7330, 3665, 21129, 27513, 17030, 27639, 7955, 29902, 26242, 22514, 29138, 6269]","[0.0003697388747241348, 0.009974920190870762, 7.905303937150165e-05, 0.003976227715611458, 3.508111694827676e-05, 3.619466951931827e-05, 0.0019267346942797303, 0.004451041109859943, 0.024283869192004204, 0.0007702931761741638, 0.001483718864619732, 0.00014883848780300468, 0.00985985528677702, 2.818866414600052e-05, 0.0008459375239908695, 0.0007947254925966263, 0.0001740054285619408, 0.0035243413876742125, 0.0046636550687253475, 3.647853736765683e-05]","[0.0025177001953125, 0.344970703125, 0.65234375]","[0.0025177001953125, 0.344970703125, 0.65234375]",False,DOĞRU,ONAY,False,False,7415.048800000022,"{""K1_input_and_readiness"": 0.06950000010874646, ""K7_context"": 0.0019000001429958502, ""K1_normalization"": 0.011099999937869143, ""K6_advisory"": 40.430199999946126, ""K1_intent"": 0.043900000036956044, ""K2_retrieval"": 268.2643000000553, ""K3_reranker"": 6637.838699999975, ""K8_weighted_ranking"": 1.8434999999499269, ""K3_candidate_filters"": 7.344699999976001, ""K9_advisory_consensus"": 0.007800000048518996, ""K4_nli_and_bypass_check"": 272.241799999847, ""K5_decision"": 180.972200000042}",7330
FACTURK-0099,YALAN,"[13895, 8919, 6801, 19354, 16060, 25752, 25760, 16738, 19808, 26282, 4543, 9915, 21513, 8949, 28378, 25811, 11603, 16301, 19673, 28947]","[0.03594832494854927, 0.0007554056355729699, 0.31289464235305786, 0.020964240655303, 0.04084571450948715, 2.8857117285951972e-05, 0.01572399213910103, 0.11818139255046844, 0.0012448433553799987, 0.006903838831931353, 0.0003799845289904624, 0.00025118677876889706, 0.010611421428620815, 0.008745181374251842, 0.003635808825492859, 0.013376603834331036, 8.614650869276375e-05, 0.04410091042518616, 0.0012497093994170427, 0.0002287133247591555]","[0.003879547119140625, 0.05224609375, 0.94384765625]","[0.003879547119140625, 0.05224609375, 0.94384765625]",False,YALAN,RED,False,False,5007.760899999994,"{""K1_input_and_readiness"": 0.1576000001932698, ""K7_context"": 0.0018000000636675395, ""K1_normalization"": 0.02369999992879457, ""K6_advisory"": 68.23640000015985, ""K1_intent"": 0.4369999999198626, ""K2_retrieval"": 572.289899999987, ""K3_reranker"": 4261.610799999971, ""K8_weighted_ranking"": 1.3451999998324027, ""K3_candidate_filters"": 7.071399999858841, ""K9_advisory_consensus"": 0.007800000048518996, ""K4_nli_and_bypass_check"": 85.91419999993377, ""K5_decision"": 0.6260000000111177}",19354
FACTURK-0100,DOĞRU,"[23551, 22712, 10803, 20527, 14283, 24993, 7370, 22500, 20451, 16320, 9706, 2452, 16363, 5518, 12950, 15736, 28551, 3607, 14684, 19632]","[1.967902426258661e-05, 1.6314539607265033e-05, 1.9073577277595177e-05, 1.6061610949691385e-05, 1.6061610949691385e-05, 2.6070309104397893e-05, 1.6442494597868063e-05, 1.6442494597868063e-05, 1.6187581422855146e-05, 1.593661909282673e-05, 2.3369333575828932e-05, 1.67014204635052e-05, 3.1693256460130215e-05, 1.6061610949691385e-05, 0.0002611903182696551, 5.2662067901110277e-05, 1.6061610949691385e-05, 1.6964426322374493e-05, 1.6061610949691385e-05, 9.915272676153108e-05]","[0.03240966796875, 0.9609375, 0.006771087646484375]","[0.03240966796875, 0.9609375, 0.006771087646484375]",False,DOĞRU,ONAY,False,False,2302.2743999999875,"{""K1_input_and_readiness"": 0.04739999985758914, ""K7_context"": 0.0012999998943996616, ""K1_normalization"": 0.007900000127847306, ""K6_advisory"": 37.09270000013021, ""K1_intent"": 0.032799999871713226, ""K2_retrieval"": 195.69270000010874, ""K3_reranker"": 1253.0417000000398, ""K8_weighted_ranking"": 1.3132999999925232, ""K3_candidate_filters"": 6.7945000000690925, ""K9_advisory_consensus"": 0.008199999911084888, ""K4_nli_and_bypass_check"": 414.86589999999524, ""K5_decision"": 387.10149999997157}",5518
FACTURK-0101,YALAN,"[1701, 15238, 17301, 16063, 9150, 19754, 15964, 15787, 14817, 16835, 15978, 10301, 30356, 27696, 25225, 26786, 1422, 20950, 4257, 2858]","[0.21601155400276184, 0.002378123812377453, 0.3317689299583435, 0.0991208627820015, 0.02319762483239174, 0.008677716366946697, 0.0012893283274024725, 0.00978387612849474, 2.2125668692751788e-05, 0.10837755352258682, 0.001838665222749114, 0.0001195985751110129, 0.0013302015140652657, 0.007431773468852043, 0.009596454910933971, 0.002323162741959095, 0.0019342610612511635, 1.8631746570463292e-05, 0.027272669598460197, 0.00017265156202483922]","[0.000255584716796875, 0.99951171875, 0.00024199485778808594]","[0.000255584716796875, 0.99951171875, 0.00024199485778808594]",False,YALAN,UYARI,False,False,2620.1089000001048,"{""K1_input_and_readiness"": 0.08429999979853164, ""K7_context"": 0.0015999999050109182, ""K1_normalization"": 0.01240000005964248, ""K6_advisory"": 41.18770000013683, ""K1_intent"": 0.046099999963189475, ""K2_retrieval"": 245.36540000008245, ""K3_reranker"": 1566.72709999998, ""K8_weighted_ranking"": 1.4055999999982305, ""K3_candidate_filters"": 7.098600000063016, ""K9_advisory_consensus"": 0.008299999990413198, ""K4_nli_and_bypass_check"": 414.07100000014907, ""K5_decision"": 337.429899999961}",1701
FACTURK-0102,YALAN,"[22441, 4436, 15880, 19092, 2248, 5678, 11916, 16106, 16208, 22237, 22762, 11594, 17027, 3558, 29057, 2480, 20713, 25399, 28004, 10874]","[0.00012533752305898815, 0.005469274241477251, 0.025662705302238464, 0.02241421490907669, 0.22953522205352783, 0.0029008574783802032, 0.000706905557308346, 0.00272558256983757, 0.00019716942915692925, 0.002251847181469202, 5.518923353520222e-05, 0.003469890682026744, 0.002058753278106451, 0.002736221067607403, 0.00010889690747717395, 0.18877223134040833, 0.00017536994710098952, 2.566613329690881e-05, 0.0015011823270469904, 0.0053640566766262054]","[0.0020580291748046875, 0.1383056640625, 0.859375]","[0.0020580291748046875, 0.1383056640625, 0.859375]",False,DOĞRU,ONAY,False,False,3917.81079999987,"{""K1_input_and_readiness"": 0.05710000004910398, ""K7_context"": 0.001500000053056283, ""K1_normalization"": 0.012600000218299101, ""K6_advisory"": 38.03310000012061, ""K1_intent"": 0.03579999997782579, ""K2_retrieval"": 205.21280000002662, ""K3_reranker"": 2666.1467999999786, ""K8_weighted_ranking"": 1.815699999951903, ""K3_candidate_filters"": 7.015099999989616, ""K9_advisory_consensus"": 0.0087999999323074, ""K4_nli_and_bypass_check"": 527.6547999999366, ""K5_decision"": 466.1856000000171}",25399
FACTURK-0103,YALAN,"[24013, 29892, 17161, 2349, 24822, 22773, 11781, 16390, 9507, 23054, 414, 11778, 25721, 23707, 20199, 11846, 8808, 4460, 26533, 14448]","[0.02992974780499935, 0.010209054686129093, 0.002889581024646759, 1.9833367332466878e-05, 0.0041179172694683075, 0.007431773468852043, 0.0002472934720572084, 0.0022694687359035015, 0.0005336928297765553, 0.07949569821357727, 0.0010242064017802477, 0.0017961491830646992, 0.0003077430883422494, 2.265035072923638e-05, 0.001536727068014443, 0.020685460418462753, 0.0017140384297817945, 0.00012731103925034404, 0.000471011851914227, 0.00046190584544092417]","[0.09832763671875, 0.7890625, 0.11279296875]","[0.09832763671875, 0.7890625, 0.11279296875]",False,YALAN,UYARI,False,False,3061.266799999885,"{""K1_input_and_readiness"": 0.05989999999655993, ""K7_context"": 0.0016999999843392288, ""K1_normalization"": 0.0113999999484804, ""K6_advisory"": 40.175500000032116, ""K1_intent"": 0.04669999998441199, ""K2_retrieval"": 250.00520000003235, ""K3_reranker"": 1496.306999999888, ""K8_weighted_ranking"": 1.0882999999921594, ""K3_candidate_filters"": 6.361299999980474, ""K9_advisory_consensus"": 0.009200000022246968, ""K4_nli_and_bypass_check"": 621.511000000055, ""K5_decision"": 641.0278999999264}",23054
FACTURK-0104,DOĞRU,"[28325, 9150, 27390, 24184, 25225, 8821, 15787, 25169, 2858, 27894, 882, 16363, 27696, 2928, 14817, 25098, 8393, 25503, 17111, 16712]","[0.9972099661827087, 0.004520817659795284, 2.2474090656032786e-05, 7.662102143513039e-05, 0.00010472556459717453, 1.6964426322374493e-05, 0.00017536994710098952, 3.321419353596866e-05, 2.265035072923638e-05, 0.0001015038214973174, 1.7917987861437723e-05, 0.0013511208817362785, 0.0007916296017356217, 4.101373633602634e-05, 0.0007793660624884069, 0.0003625900426413864, 1.67014204635052e-05, 5.605828482657671e-05, 2.710879925871268e-05, 1.6187581422855146e-05]","[0.9990234375, 0.0004260540008544922, 0.0006875991821289062]","[0.9990234375, 0.0004260540008544922, 0.0006875991821289062]",False,YETERSİZ VERİ,KISMI,True,False,2093.461699999807,"{""K1_input_and_readiness"": 0.08520000005773909, ""K7_context"": 0.0019000001429958502, ""K1_normalization"": 0.01420000012331002, ""K6_advisory"": 44.773999999961234, ""K1_intent"": 0.05319999991115765, ""K2_retrieval"": 249.47689999999056, ""K3_reranker"": 1610.0985999999011, ""K8_weighted_ranking"": 1.6402999999627355, ""K3_candidate_filters"": 8.217600000079983, ""K9_advisory_consensus"": 0.008299999990413198, ""K4_nli_and_bypass_check"": 103.85829999995622, ""K5_decision"": 70.13230000006843}",28325
FACTURK-0105,DOĞRU,"[4982, 3215, 26716, 4751, 5319, 3694, 6426, 5443, 22212, 724, 22926, 17016, 24080, 24072, 29630, 28143, 24630, 5074, 22176, 29673]","[0.008847354911267757, 0.03197956085205078, 0.003854363691061735, 0.0009811719646677375, 0.012479699216783047, 0.0006878511630930007, 0.0003668626013677567, 0.0011832797899842262, 1.750292540236842e-05, 0.0009436192340217531, 0.0007264875457622111, 4.611274925991893e-05, 0.0003500686143524945, 1.8486754925106652e-05, 6.156764720799401e-05, 1.7097478121286258e-05, 0.00037555923336185515, 1.6442494597868063e-05, 2.178264912799932e-05, 0.0009436192340217531]","[0.1614990234375, 0.1510009765625, 0.6875]","[0.1614990234375, 0.1510009765625, 0.6875]",False,YALAN,RED,False,False,2378.8973000000624,"{""K1_input_and_readiness"": 0.056599999879836105, ""K7_context"": 0.0016999999843392288, ""K1_normalization"": 0.010100000054080738, ""K6_advisory"": 39.96440000014445, ""K1_intent"": 0.03689999994094251, ""K2_retrieval"": 273.2865000000402, ""K3_reranker"": 1277.4097999999867, ""K8_weighted_ranking"": 1.9139999999424617, ""K3_candidate_filters"": 11.37790000007044, ""K9_advisory_consensus"": 0.009399999953529914, ""K4_nli_and_bypass_check"": 412.89659999983996, ""K5_decision"": 354.9851000000217}",26716
FACTURK-0106,DOĞRU,"[9712, 13023, 12007, 5690, 8130, 6630, 2779, 8231, 29675, 12846, 23361, 8347, 3796, 30163, 2874, 4981, 21701, 24591, 14688, 17859]","[0.003350423648953438, 0.00524044968187809, 0.02044939436018467, 0.004264635033905506, 0.2881683111190796, 0.15052762627601624, 0.002511463360860944, 0.004886374808847904, 0.007289077155292034, 8.284655632451177e-05, 0.009196552447974682, 0.0044165560975670815, 7.905303937150165e-05, 0.0006070755189284682, 0.060197047889232635, 0.0013406204525381327, 0.000954731716774404, 0.0007672924548387527, 0.0023688741493970156, 0.002560870721936226]","[0.024658203125, 0.91796875, 0.057403564453125]","[0.024658203125, 0.91796875, 0.057403564453125]",False,YALAN,UYARI,False,False,2194.4458999998915,"{""K1_input_and_readiness"": 0.07549999986622424, ""K7_context"": 0.0019999999949504854, ""K1_normalization"": 0.012799999922208372, ""K6_advisory"": 46.63279999999759, ""K1_intent"": 0.04760000001624576, ""K2_retrieval"": 273.89590000007047, ""K3_reranker"": 1343.6649999998735, ""K8_weighted_ranking"": 1.5171000000009371, ""K3_candidate_filters"": 7.203599999911603, ""K9_advisory_consensus"": 0.0073999999585794285, ""K4_nli_and_bypass_check"": 241.86150000014095, ""K5_decision"": 274.5127999999113}",2874
FACTURK-0107,YALAN,"[13808, 1805, 10932, 15457, 20021, 8419, 8953, 1774, 20770, 14052, 9477, 11576, 15888, 26070, 9093, 9761, 25320, 12446, 16309, 11234]","[0.9657061100006104, 0.15304215252399445, 0.9984391331672668, 0.3936763405799866, 0.412234365940094, 0.9725714921951294, 0.7828285694122314, 0.9949396848678589, 0.6088847517967224, 0.9965029954910278, 0.9963357448577881, 0.9913892149925232, 0.9985730648040771, 0.016657039523124695, 0.060086652636528015, 0.19544048607349396, 0.5845083594322205, 0.0015792594058439136, 0.9961004257202148, 0.4371025562286377]","[0.0004646778106689453, 0.99951171875, 6.890296936035156e-05]","[0.0004646778106689453, 0.99951171875, 6.890296936035156e-05]",False,DOĞRU,ONAY,False,False,3173.000699999875,"{""K1_input_and_readiness"": 0.29140000015104306, ""K7_context"": 0.0026000000161729986, ""K1_normalization"": 0.021400000150606502, ""K6_advisory"": 50.04340000004959, ""K1_intent"": 0.06469999993896636, ""K2_retrieval"": 306.5102000000479, ""K3_reranker"": 2750.521499999877, ""K8_weighted_ranking"": 1.7492000001766428, ""K3_candidate_filters"": 7.578000000194152, ""K9_advisory_consensus"": 0.008299999990413198, ""K4_nli_and_bypass_check"": 52.0905999999286, ""K5_decision"": 0.2976999999191321}",15888
FACTURK-0108,DOĞRU,"[9220, 2858, 23262, 29630, 3676, 26184, 23148, 29634, 9014, 24869, 27883, 25169, 487, 11993, 9150, 15787, 25225, 7138, 26378, 24025]","[0.9987157583236694, 0.00014883848780300468, 3.508111694827676e-05, 0.0001956353517016396, 0.00028685410507023335, 0.00036829791497439146, 0.0007524627726525068, 0.004182493779808283, 1.657145367062185e-05, 0.011115013621747494, 0.010368157178163528, 0.00838045310229063, 0.00019716942915692925, 8.092757343547419e-05, 0.005448067560791969, 0.0004821761976927519, 0.002693914109840989, 2.449082603561692e-05, 0.001629308913834393, 0.0002891032490879297]","[0.99755859375, 0.0016632080078125, 0.0008330345153808594]","[0.99755859375, 0.0016632080078125, 0.0008330345153808594]",False,YETERSİZ VERİ,KISMI,True,False,2095.180600000049,"{""K1_input_and_readiness"": 0.061599999980899156, ""K7_context"": 0.0015999999050109182, ""K1_normalization"": 0.012700000070253736, ""K6_advisory"": 42.729300000019066, ""K1_intent"": 0.04360000002634479, ""K2_retrieval"": 235.67020000018601, ""K3_reranker"": 1620.6610999997793, ""K8_weighted_ranking"": 1.8887000001086562, ""K3_candidate_filters"": 9.832700000060868, ""K9_advisory_consensus"": 0.010299999985363684, ""K4_nli_and_bypass_check"": 117.89580000004207, ""K5_decision"": 61.528299999963565}",9220
FACTURK-0109,YALAN,"[13220, 26380, 8807, 24417, 15694, 19679, 13354, 3100, 26924, 21875, 11171, 1942, 6246, 22959, 28954, 21527, 25868, 28769, 3515, 12376]","[1.967902426258661e-05, 3.1201914680423215e-05, 1.7366719475830905e-05, 1.657145367062185e-05, 0.0005378763889893889, 2.977311669383198e-05, 1.7231572201126255e-05, 2.3369333575828932e-05, 0.00016093082376755774, 1.6061610949691385e-05, 3.144662332488224e-05, 2.908344322349876e-05, 0.00013658353418577462, 2.908344322349876e-05, 0.00013982206291984767, 1.6314539607265033e-05, 0.00037555923336185515, 1.6442494597868063e-05, 0.00023597174731548876, 3.852893496514298e-05]","[0.0002263784408569336, 0.0005140304565429688, 0.9990234375]","[0.0002263784408569336, 0.0005140304565429688, 0.9990234375]",False,YETERSİZ VERİ,KISMI,True,False,2788.0316999999195,"{""K1_input_and_readiness"": 0.053700000080425525, ""K7_context"": 0.0016000001323845936, ""K1_normalization"": 0.011300000096525764, ""K6_advisory"": 42.8057000001445, ""K1_intent"": 0.049800000169852865, ""K2_retrieval"": 252.18870000003335, ""K3_reranker"": 1457.9424999999446, ""K8_weighted_ranking"": 1.3493999999809603, ""K3_candidate_filters"": 7.15900000000147, ""K9_advisory_consensus"": 0.0077000001965643605, ""K4_nli_and_bypass_check"": 463.2775000000038, ""K5_decision"": 558.901300000116}",13354
FACTURK-0110,YALAN,"[10626, 17245, 28800, 7864, 30040, 15465, 24966, 23200, 1988, 21652, 19694, 16461, 12005, 13449, 12560, 25864, 17607, 13551, 8785, 17870]","[1.7917987861437723e-05, 0.00010804955672938377, 2.710879925871268e-05, 0.0004108485300093889, 0.0003199982165824622, 2.0785171727766283e-05, 0.0011740821646526456, 0.000192602863535285, 0.00040290519245900214, 0.0013406204525381327, 0.00014202363672666252, 2.2827996872365475e-05, 0.00014539113908540457, 1.6314539607265033e-05, 2.3369333575828932e-05, 1.6061610949691385e-05, 1.922317096614279e-05, 0.0001511819864390418, 3.508111694827676e-05, 0.00013135180051904172]","[0.001384735107421875, 0.88916015625, 0.1094970703125]","[0.001384735107421875, 0.88916015625, 0.1094970703125]",False,YALAN,RED,False,False,3262.554399999999,"{""K1_input_and_readiness"": 0.06890000008752395, ""K7_context"": 0.0013999999737279722, ""K1_normalization"": 0.01150000002780871, ""K6_advisory"": 41.51870000009694, ""K1_intent"": 0.06050000001778244, ""K2_retrieval"": 303.8807000000361, ""K3_reranker"": 1788.7645999999222, ""K8_weighted_ranking"": 1.7995000000610162, ""K3_candidate_filters"": 8.668700000043827, ""K9_advisory_consensus"": 0.00959999988481286, ""K4_nli_and_bypass_check"": 558.2907999998952, ""K5_decision"": 544.9290000001383}",21652
FACTURK-0111,DOĞRU,"[19058, 13414, 21229, 23565, 18623, 3491, 17751, 6292, 13448, 22130, 17084, 8180, 19374, 27826, 1530, 24266, 23567, 17022, 2771, 18436]","[0.0007733057136647403, 0.0016809417866170406, 0.015189048834145069, 0.003456409554928541, 0.005490562878549099, 0.008412977680563927, 0.009596454910933971, 0.01750955730676651, 0.008745181374251842, 2.818866414600052e-05, 0.0009622126235626638, 0.004773722495883703, 3.1941821362124756e-05, 0.0004494523163884878, 2.586742994026281e-05, 0.0013511208817362785, 6.761842087144032e-05, 0.00011501735571073368, 1.6187581422855146e-05, 1.7778551409719512e-05]","[0.490478515625, 0.08056640625, 0.428955078125]","[0.490478515625, 0.08056640625, 0.428955078125]",False,YALAN,UYARI,False,False,4098.850099999936,"{""K1_input_and_readiness"": 0.1522000000022672, ""K7_context"": 0.007699999969190685, ""K1_normalization"": 0.02029999996011611, ""K6_advisory"": 48.74339999992117, ""K1_intent"": 0.04669999998441199, ""K2_retrieval"": 339.58929999994325, ""K3_reranker"": 2833.4638999999697, ""K8_weighted_ranking"": 2.985500000022512, ""K3_candidate_filters"": 13.606799999934083, ""K9_advisory_consensus"": 0.009900000122797792, ""K4_nli_and_bypass_check"": 416.95350000009057, ""K5_decision"": 422.82750000003944}",8180
FACTURK-0112,YALAN,"[732, 25455, 29599, 1759, 21500, 9150, 22218, 28014, 25225, 9022, 3897, 14989, 18113, 16889, 3817, 28629, 2244, 20449, 29881, 3236]","[0.01411789283156395, 3.144662332488224e-05, 8.092757343547419e-05, 0.0003640086797531694, 0.0004124558763578534, 0.00034329999471083283, 0.0022170129232108593, 0.0005357805639505386, 0.0792103186249733, 0.0026522595435380936, 0.0003077430883422494, 2.1444948288262822e-05, 6.402006692951545e-05, 1.6061610949691385e-05, 1.7366719475830905e-05, 0.004718369338661432, 2.030369250860531e-05, 0.011288073845207691, 0.0008167381165549159, 0.014615669846534729]","[0.0018644332885742188, 0.99658203125, 0.0017547607421875]","[0.0018644332885742188, 0.99658203125, 0.0017547607421875]",False,DOĞRU,ONAY,False,False,5075.102099999867,"{""K1_input_and_readiness"": 0.10589999988042109, ""K7_context"": 0.0026000000161729986, ""K1_normalization"": 0.02210000002378365, ""K6_advisory"": 48.33980000012161, ""K1_intent"": 0.0634000000445667, ""K2_retrieval"": 454.9917000001642, ""K3_reranker"": 2678.3666000001176, ""K8_weighted_ranking"": 1.7686000001049251, ""K3_candidate_filters"": 10.808600000018487, ""K9_advisory_consensus"": 0.02800000015668047, ""K4_nli_and_bypass_check"": 1006.6782999999759, ""K5_decision"": 866.0608000000138}",25225
FACTURK-0113,YALAN,"[19837, 4795, 2541, 6925, 13875, 18085, 6943, 19262, 27180, 29858, 23531, 18938, 19563, 3161, 1938, 23520, 19311, 23314, 26919, 7248]","[0.9930152893066406, 0.0004108485300093889, 0.0011649561347439885, 8.481103577651083e-05, 0.0003225071995984763, 0.000628784007858485, 9.610241977497935e-05, 1.6061610949691385e-05, 3.0006618544575758e-05, 7.031184941297397e-05, 0.009633651934564114, 0.0005254230927675962, 0.000471011851914227, 0.0002269338583573699, 0.0014664583140984178, 5.34913269802928e-05, 0.0006641048239544034, 0.0015011823270469904, 6.108854722697288e-05, 0.0003275842755101621]","[0.99755859375, 0.0008234977722167969, 0.0013875961303710938]","[0.99755859375, 0.0008234977722167969, 0.0013875961303710938]",False,YALAN,UYARI,False,False,2299.909600000092,"{""K1_input_and_readiness"": 0.07430000005115289, ""K7_context"": 0.002100000074278796, ""K1_normalization"": 0.012799999922208372, ""K6_advisory"": 40.54610000002867, ""K1_intent"": 0.07179999988693453, ""K2_retrieval"": 728.0369000000064, ""K3_reranker"": 937.4731999998858, ""K8_weighted_ranking"": 3.806500000109736, ""K3_candidate_filters"": 21.27169999994294, ""K9_advisory_consensus"": 0.02119999999194988, ""K4_nli_and_bypass_check"": 321.51539999995293, ""K5_decision"": 237.8043000001071}",19837
FACTURK-0114,DOĞRU,"[2337, 10107, 20087, 5659, 11733, 26450, 926, 21058, 7457, 29590, 22552, 5710, 18468, 5023, 14246, 28547, 6014, 22248, 28225, 4596]","[1.9833367332466878e-05, 2.1112482500029728e-05, 1.6187581422855146e-05, 0.02655657008290291, 0.00010310211655450985, 1.8486754925106652e-05, 0.0007554056355729699, 0.001269364496693015, 1.6442494597868063e-05, 1.6061610949691385e-05, 0.0006142272031866014, 0.0007379196467809379, 0.0036499870475381613, 0.0010202174307778478, 0.00019411319226492196, 8.547616744181141e-05, 2.3369333575828932e-05, 0.0008459375239908695, 0.0001500056532677263, 1.6442494597868063e-05]","[0.0019025802612304688, 0.99365234375, 0.004665374755859375]","[0.0019025802612304688, 0.99365234375, 0.004665374755859375]",False,YALAN,UYARI,False,False,1488.9427000000524,"{""K1_input_and_readiness"": 0.1279000000522501, ""K7_context"": 0.0041000000692292815, ""K1_normalization"": 0.024599999960628338, ""K6_advisory"": 48.43909999999596, ""K1_intent"": 0.06990000019868603, ""K2_retrieval"": 711.7819000000054, ""K3_reranker"": 611.6719999999987, ""K8_weighted_ranking"": 4.169099999899117, ""K3_candidate_filters"": 20.844899999929112, ""K9_advisory_consensus"": 0.027899999849978485, ""K4_nli_and_bypass_check"": 79.29330000001755, ""K5_decision"": 0.42119999989154167}",5659
FACTURK-0115,DOĞRU,"[20266, 26089, 28144, 5342, 3451, 17922, 11125, 11058, 12715, 13893, 7924, 18311, 21954, 18809, 15962, 18561, 18468, 1887, 9006, 11370]","[0.22151906788349152, 0.014392335899174213, 0.07237401604652405, 3.8229114579735324e-05, 0.007999754510819912, 0.006314364727586508, 0.03594832494854927, 0.03481519594788551, 0.0036499870475381613, 0.010902374982833862, 0.002693914109840989, 0.03963883966207504, 1.9073577277595177e-05, 0.0016941031208261847, 0.0035243413876742125, 0.004773722495883703, 0.5179519057273865, 0.020527787506580353, 0.013171950355172157, 0.0002234163403045386]","[0.0031948089599609375, 0.0316162109375, 0.96533203125]","[0.0031948089599609375, 0.0316162109375, 0.96533203125]",False,DOĞRU,ONAY,False,False,3578.4263000000465,"{""K1_input_and_readiness"": 0.22069999999985157, ""K7_context"": 0.004600000011123484, ""K1_normalization"": 0.02980000022034801, ""K6_advisory"": 59.514899999840054, ""K1_intent"": 0.1077000001714623, ""K2_retrieval"": 610.8207999998285, ""K3_reranker"": 1097.7589000001444, ""K8_weighted_ranking"": 2.7958999999100342, ""K3_candidate_filters"": 14.960300000211646, ""K9_advisory_consensus"": 0.018400000044493936, ""K4_nli_and_bypass_check"": 990.1876000001266, ""K5_decision"": 792.6061000000573}",20266
FACTURK-0116,DOĞRU,"[1945, 8849, 12063, 6336, 426, 26995, 8456, 28690, 12150, 26171, 2244, 3236, 18570, 2496, 30356, 11846, 25255, 9150, 21827, 17820]","[0.0005658799782395363, 0.004297939129173756, 0.0008525666198693216, 0.0007885457598604262, 0.09653531759977341, 1.67014204635052e-05, 0.0003654328465927392, 0.0018243826925754547, 0.004848532844334841, 0.005040702875703573, 0.22000710666179657, 0.0015070488443598151, 0.00010472556459717453, 5.694102947018109e-05, 0.002058753278106451, 0.0018748616566881537, 0.18315489590168, 0.027585282921791077, 0.0007236572564579546, 0.0018969200318679214]","[0.0015058517456054688, 0.998046875, 0.0006465911865234375]","[0.0015058517456054688, 0.998046875, 0.0006465911865234375]",False,YALAN,RED,False,False,3786.1762,"{""K1_input_and_readiness"": 0.09989999989556964, ""K7_context"": 0.0027000000955013093, ""K1_normalization"": 0.01950000000761065, ""K6_advisory"": 68.82669999981772, ""K1_intent"": 0.06370000005517795, ""K2_retrieval"": 513.1521999999222, ""K3_reranker"": 1402.7935999999954, ""K8_weighted_ranking"": 3.5345999999663036, ""K3_candidate_filters"": 18.405099999881713, ""K9_advisory_consensus"": 0.01720000000204891, ""K4_nli_and_bypass_check"": 860.6861999999182, ""K5_decision"": 910.9039999998458}",2244
FACTURK-0117,DOĞRU,"[7705, 20071, 27096, 331, 15691, 17337, 24780, 9507, 6967, 9627, 1922, 29985, 18686, 16063, 6800, 3689, 25459, 26494, 25822, 22185]","[0.002182716503739357, 0.9931760430335999, 0.0009039677679538727, 0.0001344663032796234, 0.0003150386910419911, 1.6187581422855146e-05, 0.002833849750459194, 0.0046636550687253475, 1.6187581422855146e-05, 1.6442494597868063e-05, 1.9525883544702083e-05, 0.00013765462790615857, 1.6061610949691385e-05, 0.011915022507309914, 0.0041179172694683075, 0.012479699216783047, 1.6061610949691385e-05, 1.9525883544702083e-05, 1.6187581422855146e-05, 0.00013765462790615857]","[0.998046875, 0.001453399658203125, 0.00046133995056152344]","[0.998046875, 0.001453399658203125, 0.00046133995056152344]",False,YETERSİZ VERİ,KISMI,True,False,2638.173800000004,"{""K1_input_and_readiness"": 0.12440000000424334, ""K7_context"": 0.003400000196052133, ""K1_normalization"": 0.02419999987068877, ""K6_advisory"": 60.166699999854245, ""K1_intent"": 0.12089999995623657, ""K2_retrieval"": 478.5690999999588, ""K3_reranker"": 1085.4790000000776, ""K8_weighted_ranking"": 3.638500000079148, ""K3_candidate_filters"": 14.145300000109273, ""K9_advisory_consensus"": 0.012599999990925426, ""K4_nli_and_bypass_check"": 533.6413999998513, ""K5_decision"": 452.3854999999912}",20071
FACTURK-0118,DOĞRU,"[28091, 28559, 12525, 1876, 11311, 18134, 2814, 24153, 27365, 16736, 23462, 16972, 28350, 4325, 16318, 4888, 8519, 22209, 13426, 18137]","[1.8486754925106652e-05, 0.00020825010142289102, 0.001069126301445067, 3.071818719035946e-05, 2.030369250860531e-05, 0.00027372167096473277, 1.6442494597868063e-05, 9.387641330249608e-05, 5.104190859128721e-05, 0.0017342078499495983, 0.0018675660248845816, 1.6442494597868063e-05, 6.657015910604969e-05, 1.6061610949691385e-05, 4.231559796608053e-05, 0.0005907104350626469, 3.244481558795087e-05, 0.00013765462790615857, 0.00035419364576227963, 1.805851934477687e-05]","[0.004169464111328125, 0.97705078125, 0.0188140869140625]","[0.004169464111328125, 0.97705078125, 0.0188140869140625]",False,DOĞRU,ONAY,False,False,1820.7766000000447,"{""K1_input_and_readiness"": 0.1121999998758838, ""K7_context"": 0.003000000106112566, ""K1_normalization"": 0.021800000013172394, ""K6_advisory"": 55.096099999900616, ""K1_intent"": 0.16649999997753184, ""K2_retrieval"": 540.5872999999701, ""K3_reranker"": 1102.4646999999277, ""K8_weighted_ranking"": 4.412600000023303, ""K3_candidate_filters"": 16.535500000145475, ""K9_advisory_consensus"": 0.012799999922208372, ""K4_nli_and_bypass_check"": 90.07459999997991, ""K5_decision"": 0.6765000000541477}",13426
FACTURK-0119,YALAN,"[2797, 4622, 17381, 25914, 21832, 9192, 24566, 8181, 6688, 17635, 1162, 19995, 19461, 13478, 7592, 24609, 12722, 7301, 29848, 1173]","[0.802710235118866, 0.019870713353157043, 0.012241275049746037, 0.004101929254829884, 0.13546064496040344, 0.015967654064297676, 0.007260866463184357, 0.007999754510819912, 0.0011247574584558606, 1.9073577277595177e-05, 0.0003366621967870742, 0.03185885399580002, 0.0003905139456037432, 2.5466406441410072e-05, 0.7371581792831421, 0.0001344663032796234, 0.002757622394710779, 3.9442587876692414e-05, 2.1278065105434507e-05, 0.015603534877300262]","[0.039215087890625, 0.9345703125, 0.0260772705078125]","[0.039215087890625, 0.9345703125, 0.0260772705078125]",False,YALAN,UYARI,False,False,4452.722900000026,"{""K1_input_and_readiness"": 0.2494000000297092, ""K7_context"": 0.006299999995462713, ""K1_normalization"": 0.03789999982473091, ""K6_advisory"": 62.08139999989726, ""K1_intent"": 0.11270000004515168, ""K2_retrieval"": 569.1695000000436, ""K3_reranker"": 1565.9883999999238, ""K8_weighted_ranking"": 2.834900000152629, ""K3_candidate_filters"": 16.403200000013385, ""K9_advisory_consensus"": 0.014199999895936344, ""K4_nli_and_bypass_check"": 1244.2195000000993, ""K5_decision"": 982.5772000001507}",2797
FACTURK-0120,YALAN,"[29281, 3460, 13847, 2660, 21914, 23213, 14534, 30022, 29386, 3872, 29174, 12087, 18134, 19307, 2734, 21737, 7818, 13672, 9185, 19555]","[0.0011972112115472555, 0.005980330519378185, 0.00028462239424698055, 0.01615283451974392, 0.25330647826194763, 0.014842416159808636, 0.00010554686014074832, 0.00032503585680387914, 0.020332353189587593, 0.0002982776495628059, 0.004248078912496567, 8.220189192797989e-05, 0.00014653129619546235, 0.00013658353418577462, 0.0011559007689356804, 0.014559517614543438, 0.0011469158343970776, 6.108854722697288e-05, 2.195349043176975e-05, 4.611274925991893e-05]","[0.01378631591796875, 0.9833984375, 0.0027618408203125]","[0.01378631591796875, 0.9833984375, 0.0027618408203125]",False,YALAN,UYARI,False,False,3064.8023000001103,"{""K1_input_and_readiness"": 0.08660000003146706, ""K7_context"": 0.0022999997781880666, ""K1_normalization"": 0.02289999997628911, ""K6_advisory"": 54.31369999996605, ""K1_intent"": 0.09380000005876354, ""K2_retrieval"": 495.80159999982243, ""K3_reranker"": 2409.537900000032, ""K8_weighted_ranking"": 3.4519999999247375, ""K3_candidate_filters"": 18.62210000012965, ""K9_advisory_consensus"": 0.013000000080864993, ""K4_nli_and_bypass_check"": 74.8171000000184, ""K5_decision"": 0.3183999999691878}",21914
FACTURK-0121,YALAN,"[16187, 22249, 16886, 29705, 12851, 14226, 29107, 14580, 8904, 22456, 18398, 3956, 20781, 3485, 19156, 1756, 13967, 9726, 5185, 5010]","[0.05749328061938286, 0.00220838887616992, 0.0031850608065724373, 0.004182493779808283, 0.003736220533028245, 0.002580904169008136, 0.0002982776495628059, 0.011823395267128944, 0.0018172829877585173, 0.01784873753786087, 0.003854363691061735, 0.06608537584543228, 0.13695430755615234, 0.0003199982165824622, 0.00682395463809371, 0.0005636750720441341, 0.0015247863484546542, 2.161314114346169e-05, 0.0038244836032390594, 0.00019411319226492196]","[0.0008754730224609375, 0.998046875, 0.0009264945983886719]","[0.0008754730224609375, 0.998046875, 0.0009264945983886719]",False,YETERSİZ VERİ,RET,True,False,9510.58820000003,"{""K1_input_and_readiness"": 0.2970999998979096, ""K7_context"": 0.005500000042957254, ""K1_normalization"": 0.05480000004354224, ""K6_advisory"": 64.15420000007543, ""K1_intent"": 0.1914000001761451, ""K2_retrieval"": 759.9827000001369, ""K3_reranker"": 2665.531500000043, ""K8_weighted_ranking"": 3.4738000001652836, ""K3_candidate_filters"": 19.954500000039843, ""K9_advisory_consensus"": 0.015800000028320937, ""K4_nli_and_bypass_check"": 3059.4997000000603, ""K5_decision"": 2928.2908999998654}",20781
FACTURK-0122,YALAN,"[12539, 5659, 19997, 21058, 19237, 8347, 487, 15780, 29240, 5898, 1090, 6047, 9366, 9150, 27142, 438, 27017, 5535, 15787, 21518]","[0.010735162533819675, 0.24762336909770966, 0.28746768832206726, 0.00033535013790242374, 0.04146226868033409, 0.0039454069919884205, 0.009449081495404243, 0.0006337125087156892, 0.015306354500353336, 0.07490526884794235, 0.012970386072993279, 0.09367800503969193, 0.37159261107444763, 0.6776873469352722, 0.007149102166295052, 0.04328484088182449, 0.0011116681853309274, 0.002074867021292448, 0.009232213720679283, 0.0007613258203491569]","[0.002239227294921875, 0.99560546875, 0.0021266937255859375]","[0.002239227294921875, 0.99560546875, 0.0021266937255859375]",False,YALAN,UYARI,False,False,2352.87900000003,"{""K1_input_and_readiness"": 0.2598999999463558, ""K7_context"": 0.004199999921183917, ""K1_normalization"": 0.03710000009959913, ""K6_advisory"": 62.08340000011958, ""K1_intent"": 0.0879000001532404, ""K2_retrieval"": 719.242099999974, ""K3_reranker"": 1469.6704999998929, ""K8_weighted_ranking"": 3.5533999998733634, ""K3_candidate_filters"": 15.65019999998185, ""K9_advisory_consensus"": 0.023400000145556987, ""K4_nli_and_bypass_check"": 72.81080000007023, ""K5_decision"": 0.2704000000903761}",9150
FACTURK-0123,DOĞRU,"[10651, 15605, 8760, 3595, 8151, 2953, 18454, 24229, 22326, 11310, 19724, 22931, 3806, 18342, 10590, 7694, 19559, 24381, 23061, 29890]","[0.00048029719619080424, 2.355261858610902e-05, 1.6187581422855146e-05, 5.225226777838543e-05, 1.7778551409719512e-05, 3.144662332488224e-05, 5.2662067901110277e-05, 3.095910506090149e-05, 1.6964426322374493e-05, 2.6070309104397893e-05, 5.1845658163074404e-05, 0.00034464316559024155, 1.6964426322374493e-05, 2.9541422918555327e-05, 5.391084778239019e-05, 5.9673518990166485e-05, 0.00017952796770259738, 1.6187581422855146e-05, 4.469407213036902e-05, 4.5044595026411116e-05]","[0.00959014892578125, 0.94677734375, 0.043792724609375]","[0.00959014892578125, 0.94677734375, 0.043792724609375]",False,DOĞRU,ONAY,False,False,2945.4780000000937,"{""K1_input_and_readiness"": 0.08829999978843261, ""K7_context"": 0.0026000000161729986, ""K1_normalization"": 0.01950000000761065, ""K6_advisory"": 57.15239999994992, ""K1_intent"": 0.08889999980965513, ""K2_retrieval"": 467.6459000002069, ""K3_reranker"": 629.8039999999219, ""K8_weighted_ranking"": 2.693199999839635, ""K3_candidate_filters"": 22.882800000161296, ""K9_advisory_consensus"": 0.020200000108161476, ""K4_nli_and_bypass_check"": 949.6149999999943, ""K5_decision"": 806.8860000000768}",29890
FACTURK-0124,YALAN,"[26587, 30347, 11667, 28347, 27219, 28547, 25127, 2993, 9150, 25098, 15787, 1266, 19035, 28088, 15238, 5512, 25225, 29036, 22504, 15402]","[0.10856642574071884, 0.8879840970039368, 0.07850097864866257, 0.08240150660276413, 0.05644402652978897, 0.12700155377388, 0.03594832494854927, 0.028167473152279854, 0.020371293649077415, 0.0008559006964787841, 0.0011879054363816977, 0.0032224843744188547, 0.00272558256983757, 0.009936418384313583, 0.0007702931761741638, 0.012920473702251911, 0.0017073675990104675, 0.00010804955672938377, 0.06903792917728424, 0.00045474787475541234]","[0.0006070137023925781, 0.0003616809844970703, 0.9990234375]","[0.0006070137023925781, 0.0003616809844970703, 0.9990234375]",False,YALAN,RED,False,False,2306.4018000000033,"{""K1_input_and_readiness"": 0.10129999986929761, ""K7_context"": 0.002100000074278796, ""K1_normalization"": 0.017600000091988477, ""K6_advisory"": 50.08740000016587, ""K1_intent"": 0.05689999989044736, ""K2_retrieval"": 450.30689999998685, ""K3_reranker"": 1404.4567999999344, ""K8_weighted_ranking"": 2.575499999920794, ""K3_candidate_filters"": 13.9048000000912, ""K9_advisory_consensus"": 0.013299999864102574, ""K4_nli_and_bypass_check"": 215.55420000004233, ""K5_decision"": 160.2284000000509}",30347
FACTURK-0125,DOĞRU,"[12715, 2720, 23188, 16369, 3699, 15546, 26306, 28144, 12864, 29036, 11125, 22914, 23090, 9756, 29265, 3104, 18133, 8897, 909, 28442]","[0.9997950196266174, 0.00042887922609224916, 0.0003770285693462938, 0.00018814207578543574, 3.144662332488224e-05, 0.026105914264917374, 0.0029008574783802032, 0.01808999478816986, 0.012100386433303356, 1.7778551409719512e-05, 0.0487670972943306, 0.0008295892039313912, 0.0002591582597233355, 1.6061610949691385e-05, 0.0031115086749196053, 0.0001195985751110129, 0.00027586790383793414, 0.000437334441812709, 0.00021654405281879008, 4.757645365316421e-05]",null,"[1.0, 0.0, 0.0]",True,YETERSİZ VERİ,KISMI,True,False,1662.6542999999856,"{""K1_input_and_readiness"": 0.1138000000082684, ""K7_context"": 0.003299999889350147, ""K1_normalization"": 0.021500000002561137, ""K6_advisory"": 56.59409999998388, ""K1_intent"": 0.1326000001427019, ""K2_retrieval"": 577.1744000001036, ""K3_reranker"": 995.3160000000025, ""K8_weighted_ranking"": 4.076299999951516, ""K3_candidate_filters"": 16.06040000001485, ""K9_advisory_consensus"": 0.04979999994247919, ""K4_nli_and_bypass_check"": 1.1231999999381514, ""K5_decision"": 1.389199999948687}",12715
FACTURK-0126,DOĞRU,"[9119, 19662, 23230, 15235, 21520, 13820, 13644, 12688, 10667, 676, 20628, 1147, 26014, 25659, 28915, 19432, 22737, 1734, 6218, 11379]","[0.6952345967292786, 0.7490872144699097, 0.05174953490495682, 0.024283869192004204, 0.0015307451831176877, 2.161314114346169e-05, 0.00028462239424698055, 0.0013198634842410684, 0.002736221067607403, 0.010408313944935799, 1.967902426258661e-05, 0.00013135180051904172, 0.0012448433553799987, 1.805851934477687e-05, 9.685608529252931e-05, 0.002580904169008136, 1.6314539607265033e-05, 0.00010071400902234018, 0.017176708206534386, 0.0010403185151517391]","[0.0028362274169921875, 0.99609375, 0.0011959075927734375]","[0.0028362274169921875, 0.99609375, 0.0011959075927734375]",False,YALAN,RED,False,False,2559.955299999956,"{""K1_input_and_readiness"": 0.133499999947162, ""K7_context"": 0.0032000000373955118, ""K1_normalization"": 0.036299999919719994, ""K6_advisory"": 53.653099999792175, ""K1_intent"": 0.09990000012294331, ""K2_retrieval"": 539.3547999999555, ""K3_reranker"": 463.16060000003745, ""K8_weighted_ranking"": 3.5187999999379826, ""K3_candidate_filters"": 18.15179999994143, ""K9_advisory_consensus"": 0.013899999885325087, ""K4_nli_and_bypass_check"": 836.4409999999225, ""K5_decision"": 638.8661000000866}",19662
FACTURK-0127,YALAN,"[22334, 27788, 4506, 12839, 28563, 20747, 29121, 23205, 6377, 17727, 17546, 848, 7517, 10970, 20051, 29643, 24584, 14452, 6055, 12587]","[0.007204769179224968, 0.0005254230927675962, 0.20275871455669403, 0.0032350558321923018, 0.030329255387187004, 2.6688529032981023e-05, 0.019345102831721306, 0.0017207354540005326, 0.002746900776401162, 0.02013874053955078, 2.586742994026281e-05, 2.1444948288262822e-05, 0.0001956353517016396, 2.0462934116949327e-05, 0.0026730059180408716, 0.004331501666456461, 0.002511463360860944, 0.00032503585680387914, 0.0005233757547102869, 0.004736748989671469]","[0.022979736328125, 0.09716796875, 0.8798828125]","[0.022979736328125, 0.09716796875, 0.8798828125]",False,DOĞRU,ONAY,False,False,8076.974699999937,"{""K1_input_and_readiness"": 0.21950000018478022, ""K7_context"": 0.003499999820633093, ""K1_normalization"": 0.04639999997380073, ""K6_advisory"": 55.512500000077125, ""K1_intent"": 0.09690000001683075, ""K2_retrieval"": 627.8935000000274, ""K3_reranker"": 1522.9953999998997, ""K8_weighted_ranking"": 3.1561999999212276, ""K3_candidate_filters"": 15.669499999830805, ""K9_advisory_consensus"": 0.012700000070253736, ""K4_nli_and_bypass_check"": 3145.2140999999756, ""K5_decision"": 2697.19740000005}",12587
FACTURK-0128,DOĞRU,"[8680, 2959, 21756, 28795, 14162, 18170, 8377, 27894, 228, 18569, 25225, 96, 21222, 21518, 15487, 635, 22331, 30136, 27443, 9959]","[0.009633651934564114, 0.0024154833517968655, 0.0002472934720572084, 0.0020911062601953745, 0.0005838325014337897, 4.101373633602634e-05, 4.400118632474914e-05, 0.0003301527176517993, 0.00017536994710098952, 0.0003697388747241348, 0.00010804955672938377, 0.0002396868512732908, 1.6061610949691385e-05, 0.0002802109520416707, 1.7366719475830905e-05, 0.01851104572415352, 3.4537253668531775e-05, 7.843789353501052e-05, 0.009974920190870762, 1.7231572201126255e-05]","[0.0017595291137695312, 0.99755859375, 0.0008778572082519531]","[0.0017595291137695312, 0.99755859375, 0.0008778572082519531]",False,YALAN,UYARI,False,False,6884.858399999985,"{""K1_input_and_readiness"": 0.12979999996787228, ""K7_context"": 0.0033999999686784577, ""K1_normalization"": 0.03390000006220362, ""K6_advisory"": 60.14069999991989, ""K1_intent"": 0.08959999991020595, ""K2_retrieval"": 640.2662000000419, ""K3_reranker"": 1382.0572000001903, ""K8_weighted_ranking"": 3.5665000000335567, ""K3_candidate_filters"": 18.06469999996807, ""K9_advisory_consensus"": 0.013000000080864993, ""K4_nli_and_bypass_check"": 2305.6662999999844, ""K5_decision"": 2464.5953000001555}",635
FACTURK-0129,DOĞRU,"[28243, 11814, 10694, 12, 22144, 21277, 19300, 6641, 5132, 23030, 11854, 22441, 13233, 18032, 22700, 29985, 29285, 20444, 7, 9810]","[0.011823395267128944, 0.011419613845646381, 0.0004013350699096918, 5.1845658163074404e-05, 2.411113746347837e-05, 0.00045121065340936184, 1.7097478121286258e-05, 0.09451042860746384, 0.006666931323707104, 0.00035557945375330746, 1.6061610949691385e-05, 6.108854722697288e-05, 1.6964426322374493e-05, 0.005934066604822874, 0.0005013742484152317, 0.0006411777576431632, 0.0002472934720572084, 2.2827996872365475e-05, 0.002296159043908119, 0.0005747861578129232]","[0.005374908447265625, 0.9912109375, 0.0031795501708984375]","[0.005374908447265625, 0.9912109375, 0.0031795501708984375]",False,YALAN,UYARI,False,False,3496.4273000000503,"{""K1_input_and_readiness"": 0.1378000001750479, ""K7_context"": 0.003099999958067201, ""K1_normalization"": 0.027999999929306796, ""K6_advisory"": 62.6862000001438, ""K1_intent"": 0.09249999993699021, ""K2_retrieval"": 500.1133000000664, ""K3_reranker"": 1109.4359999999597, ""K8_weighted_ranking"": 4.658000000063112, ""K3_candidate_filters"": 18.99520000006305, ""K9_advisory_consensus"": 0.033300000040981104, ""K4_nli_and_bypass_check"": 936.4336000001003, ""K5_decision"": 853.4969999998339}",11814
FACTURK-0130,DOĞRU,"[6386, 27763, 18172, 6553, 5998, 6760, 29080, 16567, 4885, 27830, 28419, 12587, 27355, 23936, 29862, 1507, 4267, 13261, 7228, 6980]","[0.0018602986820042133, 0.0030753696337342262, 0.04107588902115822, 0.0006462032906711102, 0.0006487307837232947, 2.0785171727766283e-05, 0.0036499870475381613, 1.683241134742275e-05, 4.400118632474914e-05, 0.0016103574307635427, 0.045777276158332825, 0.0023141263518482447, 0.0011972112115472555, 0.0005233757547102869, 0.001052568550221622, 0.0020911062601953745, 0.00023050670279189944, 2.732141365413554e-05, 1.6187581422855146e-05, 2.6070309104397893e-05]","[0.0027141571044921875, 0.94580078125, 0.051605224609375]","[0.0027141571044921875, 0.94580078125, 0.051605224609375]",False,YALAN,UYARI,False,False,4580.259400000159,"{""K1_input_and_readiness"": 0.1999999999497959, ""K7_context"": 0.0032000000373955118, ""K1_normalization"": 0.031600000056641875, ""K6_advisory"": 56.26280000001316, ""K1_intent"": 0.09169999998448475, ""K2_retrieval"": 499.760900000183, ""K3_reranker"": 1103.204999999889, ""K8_weighted_ranking"": 3.8618000000951724, ""K3_candidate_filters"": 21.571100000073784, ""K9_advisory_consensus"": 0.017399999933331856, ""K4_nli_and_bypass_check"": 1460.291899999902, ""K5_decision"": 1425.4386999998587}",18172
FACTURK-0131,DOĞRU,"[4096, 16306, 13420, 13698, 15585, 15179, 29763, 10479, 21898, 4775, 20151, 2148, 14485, 6205, 18881, 7278, 18071, 25429, 27695, 1127]","[0.010130411013960838, 0.0024343819823116064, 0.00029137005913071334, 2.318747829122003e-05, 1.9988918211311102e-05, 6.657015910604969e-05, 4.1335399146191776e-05, 1.657145367062185e-05, 2.2125668692751788e-05, 0.00020502213737927377, 0.00011323437502142042, 1.7097478121286258e-05, 3.373722574906424e-05, 0.00020988310279790312, 0.00011323437502142042, 3.9135655242716894e-05, 0.004086002707481384, 0.0003006163169629872, 1.6061610949691385e-05, 1.7640199075685814e-05]","[0.0003447532653808594, 0.011138916015625, 0.98828125]","[0.0003447532653808594, 0.011138916015625, 0.98828125]",False,YETERSİZ VERİ,KISMI,True,False,1239.2554999998993,"{""K1_input_and_readiness"": 0.17920000004778558, ""K7_context"": 0.004900000021734741, ""K1_normalization"": 0.029199999971751822, ""K6_advisory"": 70.07530000009865, ""K1_intent"": 0.08389999993596575, ""K2_retrieval"": 567.4470000001293, ""K3_reranker"": 485.0848999999471, ""K8_weighted_ranking"": 2.8611000000182685, ""K3_candidate_filters"": 13.13369999979841, ""K9_advisory_consensus"": 0.010200000133409048, ""K4_nli_and_bypass_check"": 90.58589999995093, ""K5_decision"": 0.48549999996794213}",18071
FACTURK-0132,YALAN,"[22791, 12263, 22149, 18967, 28392, 13927, 26114, 7430, 29016, 14255, 22277, 18697, 19520, 23912, 19238, 10050, 15024, 26861, 24615, 24055]","[0.007039045449346304, 0.009708477184176445, 2.1278065105434507e-05, 0.013376603834331036, 0.0012255674228072166, 0.00013238185783848166, 0.0012065897462889552, 8.614650869276375e-05, 5.738759500673041e-05, 5.391084778239019e-05, 2.0785171727766283e-05, 0.00014091856428422034, 0.0024060888681560755, 2.8632557587116025e-05, 0.0011559007689356804, 1.6061610949691385e-05, 0.0029810327105224133, 1.805851934477687e-05, 1.6187581422855146e-05, 0.00013552077871281654]","[0.0002758502960205078, 0.99951171875, 0.000286102294921875]","[0.0002758502960205078, 0.99951171875, 0.000286102294921875]",False,DOĞRU,ONAY,False,False,1150.8946000001288,"{""K1_input_and_readiness"": 0.08210000009967189, ""K7_context"": 0.002100000074278796, ""K1_normalization"": 0.017800000023271423, ""K6_advisory"": 49.71860000000561, ""K1_intent"": 0.05260000011730881, ""K2_retrieval"": 487.27889999986473, ""K3_reranker"": 509.77530000000115, ""K8_weighted_ranking"": 2.5932999999440653, ""K3_candidate_filters"": 13.70350000001963, ""K9_advisory_consensus"": 0.014100000043981709, ""K4_nli_and_bypass_check"": 78.04119999991599, ""K5_decision"": 0.5332000000635162}",19238
FACTURK-0133,DOĞRU,"[6132, 26308, 9730, 14189, 17729, 2146, 11414, 24289, 27651, 14817, 6823, 882, 26178, 13225, 3844, 12897, 25503, 24673, 7355, 16976]","[1.6442494597868063e-05, 0.00025714197545312345, 1.657145367062185e-05, 0.019419347867369652, 0.0006070755189284682, 0.007577241398394108, 1.6314539607265033e-05, 1.6187581422855146e-05, 0.0002131875662598759, 1.9988918211311102e-05, 1.6061610949691385e-05, 1.6314539607265033e-05, 1.6187581422855146e-05, 1.7097478121286258e-05, 1.683241134742275e-05, 1.657145367062185e-05, 1.6314539607265033e-05, 1.6314539607265033e-05, 1.6061610949691385e-05, 2.4876489987946115e-05]","[0.0015058517456054688, 0.998046875, 0.0006909370422363281]","[0.0015058517456054688, 0.998046875, 0.0006909370422363281]",False,DOĞRU,ONAY,False,False,2467.810800000052,"{""K1_input_and_readiness"": 0.09269999986827315, ""K7_context"": 0.002900000026784255, ""K1_normalization"": 0.019099999917671084, ""K6_advisory"": 62.15199999996912, ""K1_intent"": 0.07099999993442907, ""K2_retrieval"": 453.25370000000476, ""K3_reranker"": 412.21870000003946, ""K8_weighted_ranking"": 3.218099999912738, ""K3_candidate_filters"": 18.457899999930305, ""K9_advisory_consensus"": 0.015600000097037992, ""K4_nli_and_bypass_check"": 824.2428000000928, ""K5_decision"": 684.9959999999555}",14189
FACTURK-0134,DOĞRU,"[4929, 15860, 1632, 4441, 252, 249, 16304, 13106, 3328, 3266, 5917, 11794, 16999, 101, 17608, 29203, 51, 7237, 9640, 16233]","[0.005119676236063242, 0.0004044814850203693, 3.4001819585682824e-05, 1.6442494597868063e-05, 0.00015720345254521817, 8.957788668340072e-05, 0.00032503585680387914, 0.0004494523163884878, 0.0009735437924973667, 0.00015356240328401327, 0.0003225071995984763, 3.024195939360652e-05, 3.1941821362124756e-05, 4.400118632474914e-05, 1.6187581422855146e-05, 1.6187581422855146e-05, 3.975192521465942e-05, 0.0009510130621492863, 0.0003611769643612206, 1.6187581422855146e-05]","[0.00440216064453125, 0.99072265625, 0.00496673583984375]","[0.00440216064453125, 0.99072265625, 0.00496673583984375]",False,YETERSİZ VERİ,RET,True,False,3940.0207000001046,"{""K1_input_and_readiness"": 0.2394999999069114, ""K7_context"": 0.004899999794361065, ""K1_normalization"": 0.02519999998185085, ""K6_advisory"": 57.538700000122844, ""K1_intent"": 0.0630000001820008, ""K2_retrieval"": 482.70129999991696, ""K3_reranker"": 1813.3245000001352, ""K8_weighted_ranking"": 4.4368999999733205, ""K3_candidate_filters"": 12.634899999966365, ""K9_advisory_consensus"": 0.011599999879763345, ""K4_nli_and_bypass_check"": 838.2520999998633, ""K5_decision"": 725.110500000028}",3328
FACTURK-0135,DOĞRU,"[26308, 9635, 14917, 24289, 9730, 2146, 15631, 14189, 26178, 16493, 29037, 10297, 27200, 19084, 6166, 2319, 4489, 21673, 21168, 14817]","[4.5044595026411116e-05, 0.0007437028689309955, 2.977311669383198e-05, 3.0006618544575758e-05, 1.6442494597868063e-05, 0.0003150386910419911, 1.892514956125524e-05, 0.0011649561347439885, 1.6442494597868063e-05, 1.657145367062185e-05, 1.6442494597868063e-05, 0.0005274784052744508, 1.6187581422855146e-05, 1.6061610949691385e-05, 0.00838045310229063, 2.449082603561692e-05, 3.1201914680423215e-05, 1.6964426322374493e-05, 1.6187581422855146e-05, 1.6442494597868063e-05]","[0.28564453125, 0.69775390625, 0.0164642333984375]","[0.28564453125, 0.69775390625, 0.0164642333984375]",False,YALAN,RED,False,False,2395.68660000009,"{""K1_input_and_readiness"": 0.07840000012038217, ""K7_context"": 0.0019999999949504854, ""K1_normalization"": 0.013999999964653398, ""K6_advisory"": 57.69759999998314, ""K1_intent"": 0.05519999990610813, ""K2_retrieval"": 486.80370000010953, ""K3_reranker"": 307.27460000002793, ""K8_weighted_ranking"": 3.4263000000009924, ""K3_candidate_filters"": 18.133199999965655, ""K9_advisory_consensus"": 0.01539999993838137, ""K4_nli_and_bypass_check"": 834.204199999931, ""K5_decision"": 669.5882999999867}",14189
FACTURK-0136,DOĞRU,"[26917, 8611, 22295, 15561, 18562, 20689, 30144, 10919, 21508, 22219, 1536, 30006, 10476, 2690, 11686, 27788, 12371, 18202, 21789, 28373]","[0.9982993006706238, 2.4682904040673748e-05, 9.7615658887662e-05, 8.818923379294574e-05, 0.004700060468167067, 2.6480842279852368e-05, 0.0004565269045997411, 0.0001559802913106978, 5.920916373725049e-05, 1.7097478121286258e-05, 2.1278065105434507e-05, 0.00011866796558024362, 1.9373936083866283e-05, 0.0003640086797531694, 1.6442494597868063e-05, 0.0013302015140652657, 5.920916373725049e-05, 0.0015427322359755635, 1.6061610949691385e-05, 0.0018748616566881537]",null,"[1.0, 0.0, 0.0]",True,DOĞRU,ONAY,False,False,896.3513999999577,"{""K1_input_and_readiness"": 0.06450000000768341, ""K7_context"": 0.002100000074278796, ""K1_normalization"": 0.011999999969702912, ""K6_advisory"": 49.78449999998702, ""K1_intent"": 0.057599999990998185, ""K2_retrieval"": 365.7690999998522, ""K3_reranker"": 460.9560999999758, ""K8_weighted_ranking"": 1.934099999971295, ""K3_candidate_filters"": 11.24389999995401, ""K9_advisory_consensus"": 0.01150000002780871, ""K4_nli_and_bypass_check"": 0.30430000015257974, ""K5_decision"": 0.3907000000253902}",26917
FACTURK-0137,YALAN,"[9507, 28629, 3451, 26891, 25228, 29881, 27698, 16150, 1499, 9150, 21467, 25098, 11125, 2858, 1701, 27136, 9220, 17721, 2993, 27696]","[0.4928402900695801, 0.12787027657032013, 0.11930549889802933, 0.013480102643370628, 0.7293270230293274, 0.257951945066452, 0.3396085798740387, 0.0634823590517044, 0.00651349825784564, 0.06301946938037872, 0.07211220264434814, 0.003678509034216404, 0.324556440114975, 0.002704429440200329, 0.052134256809949875, 0.002560870721936226, 0.11240508407354355, 0.07892588526010513, 0.1257079392671585, 0.06730107218027115]","[0.03594970703125, 0.88134765625, 0.08258056640625]","[0.03594970703125, 0.88134765625, 0.08258056640625]",False,YALAN,UYARI,False,False,3902.820799999972,"{""K1_input_and_readiness"": 0.08900000011635711, ""K7_context"": 0.002100000074278796, ""K1_normalization"": 0.015200000007098424, ""K6_advisory"": 53.93070000013722, ""K1_intent"": 0.06589999998141138, ""K2_retrieval"": 463.25019999994765, ""K3_reranker"": 1896.5077000000292, ""K8_weighted_ranking"": 2.4796000000151253, ""K3_candidate_filters"": 14.226900000039677, ""K9_advisory_consensus"": 0.01849999989644857, ""K4_nli_and_bypass_check"": 759.8312000000078, ""K5_decision"": 706.1954000000696}",25228
FACTURK-0138,YALAN,"[21065, 12157, 5506, 22743, 6499, 2442, 7295, 19448, 6336, 11706, 20685, 704, 23882, 12146, 6538, 26727, 28424, 4410, 3213, 9503]","[0.00079783343244344, 0.0007916296017356217, 0.0002002737601287663, 1.9373936083866283e-05, 0.00415008096024394, 1.805851934477687e-05, 2.094818773912266e-05, 0.00016603845870122313, 1.657145367062185e-05, 0.003087369492277503, 1.9988918211311102e-05, 0.0029464049730449915, 0.00011147904297104105, 0.0014381353976204991, 2.710879925871268e-05, 0.0011291546979919076, 0.0007124459953047335, 0.0002891032490879297, 0.00046190584544092417, 1.9073577277595177e-05]","[0.00043702125549316406, 0.0029277801513671875, 0.99658203125]","[0.00043702125549316406, 0.0029277801513671875, 0.99658203125]",False,YALAN,RED,False,False,5226.690899999994,"{""K1_input_and_readiness"": 0.12710000009974465, ""K7_context"": 0.002900000026784255, ""K1_normalization"": 0.026199999865639256, ""K6_advisory"": 57.120700000041325, ""K1_intent"": 0.11449999988144555, ""K2_retrieval"": 497.0502999999553, ""K3_reranker"": 1583.8902999998936, ""K8_weighted_ranking"": 2.7569999999741412, ""K3_candidate_filters"": 13.443599999845901, ""K9_advisory_consensus"": 0.011400000175854075, ""K4_nli_and_bypass_check"": 1582.5290999998742, ""K5_decision"": 1482.3570000000927}",6499
FACTURK-0139,DOĞRU,"[453, 373, 29892, 4102, 11509, 13268, 6855, 2140, 25796, 984, 5291, 2792, 3644, 24002, 22840, 28129, 1130, 22356, 25726, 12713]","[4.757645365316421e-05, 0.0006070755189284682, 9.610241977497935e-05, 0.00015356240328401327, 0.11930549889802933, 0.00018814207578543574, 2.6274772608303465e-05, 6.922183820279315e-05, 3.1693256460130215e-05, 0.0017614696407690644, 0.000706905557308346, 0.0005193048855289817, 5.225226777838543e-05, 0.034358687698841095, 7.9673009167891e-05, 0.00035557945375330746, 0.0008864988922141492, 1.6314539607265033e-05, 0.0012497093994170427, 1.6964426322374493e-05]","[0.00719451904296875, 0.9912109375, 0.0013761520385742188]","[0.00719451904296875, 0.9912109375, 0.0013761520385742188]",False,YETERSİZ VERİ,RET,True,False,2797.385100000156,"{""K1_input_and_readiness"": 0.20900000004075991, ""K7_context"": 0.005000000101063051, ""K1_normalization"": 0.04889999991064542, ""K6_advisory"": 59.00880000012876, ""K1_intent"": 0.06090000010772201, ""K2_retrieval"": 446.19760000000497, ""K3_reranker"": 1071.3254000002053, ""K8_weighted_ranking"": 2.598900000066351, ""K3_candidate_filters"": 15.741599999955724, ""K9_advisory_consensus"": 0.017299999854003545, ""K4_nli_and_bypass_check"": 643.5765000001084, ""K5_decision"": 551.6474999999446}",11509
FACTURK-0140,YALAN,"[81, 28, 156, 247, 12851, 29239, 2953, 27663, 8904, 1838, 17481, 13967, 1111, 29338, 4549, 29090, 4224, 17197, 25162, 20781]","[0.5354627966880798, 0.4037431478500366, 0.10932482779026031, 0.11260009557008743, 1.892514956125524e-05, 6.814872176619247e-05, 7.368592923739925e-05, 2.4876489987946115e-05, 7.368592923739925e-05, 0.000638679601252079, 8.092757343547419e-05, 0.0001387341326335445, 3.852893496514298e-05, 0.0019043302163481712, 1.7640199075685814e-05, 4.469407213036902e-05, 0.0006411777576431632, 5.2662067901110277e-05, 5.34913269802928e-05, 8.092757343547419e-05]","[0.027984619140625, 0.96875, 0.0030956268310546875]","[0.027984619140625, 0.96875, 0.0030956268310546875]",False,YETERSİZ VERİ,RET,True,False,2662.4742999999853,"{""K1_input_and_readiness"": 0.16440000013062672, ""K7_context"": 0.0036999999792897142, ""K1_normalization"": 0.02890000018851424, ""K6_advisory"": 46.468800000184274, ""K1_intent"": 0.09079999995265098, ""K2_retrieval"": 432.73199999998724, ""K3_reranker"": 1149.6377000000848, ""K8_weighted_ranking"": 2.4052000001120177, ""K3_candidate_filters"": 14.152099999819256, ""K9_advisory_consensus"": 0.018000000181928044, ""K4_nli_and_bypass_check"": 492.6926000000549, ""K5_decision"": 515.9044000001813}",81
FACTURK-0141,DOĞRU,"[5257, 2719, 8320, 24669, 17519, 577, 17334, 20080, 23475, 22395, 9722, 29412, 5393, 20845, 23132, 13440, 12704, 13080, 18517, 21778]","[0.01353214867413044, 0.0753123015165329, 0.03810661658644676, 0.13106197118759155, 0.007518718484789133, 0.0017342078499495983, 0.015967654064297676, 0.0004459562187548727, 0.0005213363328948617, 0.003350423648953438, 0.4830387830734253, 4.985958003089763e-05, 0.0004974745097570121, 0.06418264657258987, 6.761842087144032e-05, 0.00010554686014074832, 0.006026951130479574, 0.004433765076100826, 1.657145367062185e-05, 0.10429472476243973]","[0.00548553466796875, 0.765625, 0.228759765625]","[0.00548553466796875, 0.765625, 0.228759765625]",False,DOĞRU,ONAY,False,False,2208.252200000061,"{""K1_input_and_readiness"": 0.09380000005876354, ""K7_context"": 0.00280000017482962, ""K1_normalization"": 0.03040000001419685, ""K6_advisory"": 69.66959999999744, ""K1_intent"": 0.1357000001007691, ""K2_retrieval"": 483.6659000000054, ""K3_reranker"": 1558.9936999999736, ""K8_weighted_ranking"": 3.335599999900296, ""K3_candidate_filters"": 15.617000000020198, ""K9_advisory_consensus"": 0.018299999965165625, ""K4_nli_and_bypass_check"": 68.5380999998415, ""K5_decision"": 0.6565999999565975}",23132
FACTURK-0142,YALAN,"[15675, 23213, 6775, 9003, 25605, 5889, 15848, 28032, 8347, 12726, 14758, 19744, 6336, 27943, 26587, 13341, 13847, 17035, 26694, 13077]","[0.002992665395140648, 0.0001699752756394446, 0.006314364727586508, 0.000317508791340515, 0.0027683854568749666, 0.057918086647987366, 0.004231587518006563, 0.1149633526802063, 0.0030515100806951523, 0.05561760812997818, 0.008950711227953434, 3.9135655242716894e-05, 0.2906787395477295, 0.0015548133524134755, 0.001987774157896638, 0.0001699752756394446, 0.02190636843442917, 0.0003006163169629872, 0.08678673207759857, 0.0015070488443598151]","[0.0011396408081054688, 0.998046875, 0.0006608963012695312]","[0.0011396408081054688, 0.998046875, 0.0006608963012695312]",False,YALAN,UYARI,False,False,2436.222300000054,"{""K1_input_and_readiness"": 0.16479999999319261, ""K7_context"": 0.0024000000848900527, ""K1_normalization"": 0.02509999990252254, ""K6_advisory"": 55.38040000010369, ""K1_intent"": 0.1216000000567874, ""K2_retrieval"": 660.6392999999571, ""K3_reranker"": 1630.6412999999793, ""K8_weighted_ranking"": 2.2485999998025363, ""K3_candidate_filters"": 12.00250000010783, ""K9_advisory_consensus"": 0.03569999989849748, ""K4_nli_and_bypass_check"": 67.09099999989121, ""K5_decision"": 0.4281999999875552}",6336
FACTURK-0143,DOĞRU,"[8560, 27311, 13070, 27133, 10235, 21320, 29684, 21689, 21260, 2568, 3622, 19477, 28673, 23928, 18168, 22012, 6376, 9351, 26777, 11335]","[0.9630224108695984, 0.002225670963525772, 0.0022170129232108593, 0.01196109689772129, 0.0006411777576431632, 3.852893496514298e-05, 8.092757343547419e-05, 1.9988918211311102e-05, 0.0014269596431404352, 0.0007524627726525068, 0.0023141263518482447, 9.242113446816802e-05, 6.814872176619247e-05, 0.0009290033485740423, 0.0003150386910419911, 0.00035557945375330746, 3.6764631659025326e-05, 3.4808123018592596e-05, 2.7535690605873242e-05, 0.0002415662893326953]","[0.9990234375, 0.0002970695495605469, 0.0005049705505371094]","[0.9990234375, 0.0002970695495605469, 0.0005049705505371094]",False,DOĞRU,ONAY,False,False,4333.338799999865,"{""K1_input_and_readiness"": 0.12510000010479416, ""K7_context"": 0.003099999958067201, ""K1_normalization"": 0.02429999995001708, ""K6_advisory"": 51.003199999968274, ""K1_intent"": 0.089399999978923, ""K2_retrieval"": 471.14590000001044, ""K3_reranker"": 1856.8284000000403, ""K8_weighted_ranking"": 2.4077000000488624, ""K3_candidate_filters"": 13.921299999992698, ""K9_advisory_consensus"": 0.01619999989088683, ""K4_nli_and_bypass_check"": 991.7081999999482, ""K5_decision"": 936.9366999999329}",8560
FACTURK-0144,YALAN,"[487, 6047, 8347, 21058, 22218, 13989, 257, 29240, 4682, 21822, 30219, 2874, 19258, 1272, 22050, 2498, 2959, 19827, 19237, 15874]","[0.8293538093566895, 0.22253112494945526, 0.008315778337419033, 0.00041894835885614157, 0.12095703184604645, 0.1378803551197052, 0.00048029719619080424, 0.004848532844334841, 0.00045474787475541234, 0.026056302711367607, 0.09859886765480042, 0.04008735716342926, 0.03527754917740822, 0.10052486509084702, 0.5560681223869324, 0.007149102166295052, 0.9527502655982971, 0.03155902028083801, 0.011288073845207691, 0.000552778656128794]","[0.0008454322814941406, 0.99853515625, 0.0005354881286621094]","[0.0008454322814941406, 0.99853515625, 0.0005354881286621094]",False,YALAN,UYARI,False,False,2144.5234999998775,"{""K1_input_and_readiness"": 0.19820000011350203, ""K7_context"": 0.0027999999474559445, ""K1_normalization"": 0.03880000008393836, ""K6_advisory"": 57.617700000037075, ""K1_intent"": 0.12560000004668836, ""K2_retrieval"": 641.5512999999464, ""K3_reranker"": 1338.8737999998739, ""K8_weighted_ranking"": 2.4908000000323227, ""K3_candidate_filters"": 15.72249999981068, ""K9_advisory_consensus"": 0.011599999879763345, ""K4_nli_and_bypass_check"": 78.9334000000963, ""K5_decision"": 0.29700000004595495}",2959
FACTURK-0145,YALAN,"[686, 20525, 16193, 12882, 1493, 3408, 28437, 577, 27974, 22943, 1860, 21547, 27847, 1499, 12504, 4452, 2660, 13048, 8304, 21154]","[0.001299427472986281, 1.6061610949691385e-05, 0.0003275842755101621, 7.484622619813308e-05, 0.0010242064017802477, 0.0002472934720572084, 0.0006411777576431632, 0.00015356240328401327, 7.086326513672248e-05, 0.0020507434383034706, 0.0007264875457622111, 0.000192602863535285, 0.005021149758249521, 0.008093290030956268, 1.6061610949691385e-05, 0.00046010586083866656, 3.7931622500764206e-05, 0.0011116681853309274, 0.0003905139456037432, 1.9833367332466878e-05]","[0.0020198822021484375, 0.99658203125, 0.0013561248779296875]","[0.0020198822021484375, 0.99658203125, 0.0013561248779296875]",False,YALAN,UYARI,False,False,4510.389599999826,"{""K1_input_and_readiness"": 0.13799999987895717, ""K7_context"": 0.007800000048518996, ""K1_normalization"": 0.04579999995257822, ""K6_advisory"": 59.15299999992385, ""K1_intent"": 0.07689999983995222, ""K2_retrieval"": 506.48039999987304, ""K3_reranker"": 904.9610999998094, ""K8_weighted_ranking"": 3.197099999852071, ""K3_candidate_filters"": 16.721899999993184, ""K9_advisory_consensus"": 0.014199999895936344, ""K4_nli_and_bypass_check"": 1576.8752999999833, ""K5_decision"": 1436.4611000000878}",1499
FACTURK-0146,YALAN,"[9220, 22218, 6047, 1090, 15787, 26378, 27696, 9150, 25225, 25169, 1272, 11479, 15780, 29403, 28629, 13390, 19237, 23344, 29050, 25228]","[0.08570927381515503, 0.1268933266401291, 0.0012303582625463605, 0.001674399245530367, 0.0019723358564078808, 0.04123002663254738, 0.08151976019144058, 0.13273923099040985, 0.01009131595492363, 0.004905405919998884, 0.01678548939526081, 0.001747785834595561, 0.0031603530514985323, 0.3555510938167572, 0.010489090345799923, 0.0011832797899842262, 0.005865338258445263, 0.007289077155292034, 0.0044683837331831455, 0.025662705302238464]","[0.0009665489196777344, 0.998046875, 0.001186370849609375]","[0.0009665489196777344, 0.998046875, 0.001186370849609375]",False,YALAN,UYARI,False,False,2615.3865000001133,"{""K1_input_and_readiness"": 0.12319999996179831, ""K7_context"": 0.0021999999262334313, ""K1_normalization"": 0.022699999817632488, ""K6_advisory"": 56.486299999960465, ""K1_intent"": 0.061100000039004954, ""K2_retrieval"": 646.0031999999956, ""K3_reranker"": 1808.981299999914, ""K8_weighted_ranking"": 3.7967000000662665, ""K3_candidate_filters"": 19.887100000005375, ""K9_advisory_consensus"": 0.01889999998638814, ""K4_nli_and_bypass_check"": 73.30330000013419, ""K5_decision"": 0.3102000000581029}",29403
FACTURK-0147,YALAN,"[16651, 3405, 17134, 4452, 19995, 12954, 2498, 20240, 4421, 16620, 22320, 22504, 18535, 4767, 17947, 6328, 27889, 17074, 19118, 15203]","[0.9726234674453735, 1.7640199075685814e-05, 1.6442494597868063e-05, 1.67014204635052e-05, 6.352188938762993e-05, 0.002736221067607403, 0.010735162533819675, 0.0009075025445781648, 0.0001740054285619408, 2.8857117285951972e-05, 0.002757622394710779, 0.01196109689772129, 0.0001699752756394446, 2.0785171727766283e-05, 1.6314539607265033e-05, 1.683241134742275e-05, 1.8342892872169614e-05, 0.00018667821132112294, 3.024195939360652e-05, 1.6061610949691385e-05]","[0.316650390625, 0.464111328125, 0.219482421875]","[0.316650390625, 0.464111328125, 0.219482421875]",False,YALAN,UYARI,False,False,3790.025000000014,"{""K1_input_and_readiness"": 0.18409999984214664, ""K7_context"": 0.003299999889350147, ""K1_normalization"": 0.04239999998389976, ""K6_advisory"": 56.10599999999977, ""K1_intent"": 0.07110000001375738, ""K2_retrieval"": 456.3818000001447, ""K3_reranker"": 1413.2666999998946, ""K8_weighted_ranking"": 3.1704000000445376, ""K3_candidate_filters"": 18.138599999929284, ""K9_advisory_consensus"": 0.01240000005964248, ""K4_nli_and_bypass_check"": 957.6053999999203, ""K5_decision"": 861.7630999999619}",16651
FACTURK-0148,YALAN,"[20653, 6268, 12210, 21599, 26086, 9476, 7517, 6841, 20108, 16459, 13473, 22456, 14814, 9810, 28264, 20389, 5032, 25049, 23249, 10289]","[3.8831109122838825e-05, 0.006168995052576065, 0.00651349825784564, 0.009746103547513485, 1.750292540236842e-05, 0.0006745558930560946, 0.00012830943160224706, 0.03321117162704468, 2.229919846286066e-05, 0.00011412239109631628, 0.0012743262341246009, 0.0008072304772213101, 8.029783930396661e-05, 0.00045121065340936184, 7.141901005525142e-05, 9.242113446816802e-05, 2.710879925871268e-05, 0.00048406238784082234, 1.7231572201126255e-05, 7.722192094661295e-05]","[0.00762176513671875, 0.01702880859375, 0.9755859375]","[0.00762176513671875, 0.01702880859375, 0.9755859375]",False,DOĞRU,ONAY,False,False,4890.566099999887,"{""K1_input_and_readiness"": 0.1562999998441228, ""K7_context"": 0.004300000000512227, ""K1_normalization"": 0.027300000056129647, ""K6_advisory"": 59.70970000021225, ""K1_intent"": 0.12689999994108803, ""K2_retrieval"": 500.5518000000393, ""K3_reranker"": 1779.1652999999314, ""K8_weighted_ranking"": 2.0610999999917112, ""K3_candidate_filters"": 12.352799999916897, ""K9_advisory_consensus"": 0.013099999932819628, ""K4_nli_and_bypass_check"": 1272.3677999999836, ""K5_decision"": 1254.2399000001296}",21599
FACTURK-0149,DOĞRU,"[9992, 414, 24963, 11479, 27486, 1302, 22388, 7825, 2172, 12809, 30352, 5137, 18664, 30217, 13860, 13217, 1232, 16707, 11910, 12587]","[1.8631746570463292e-05, 3.373722574906424e-05, 0.00027586790383793414, 0.0007124459953047335, 7.141901005525142e-05, 0.00407013762742281, 0.018440209329128265, 1.8200149497715756e-05, 0.0005072812782600522, 0.0005636750720441341, 0.0001673405058681965, 4.832564081880264e-05, 0.0005907104350626469, 6.814872176619247e-05, 4.94715895911213e-05, 1.6187581422855146e-05, 0.000191104321856983, 0.001667882315814495, 0.0011740821646526456, 4.870464181294665e-05]","[0.0005464553833007812, 0.998046875, 0.001644134521484375]","[0.0005464553833007812, 0.998046875, 0.001644134521484375]",False,YALAN,RED,False,False,4110.732299999881,"{""K1_input_and_readiness"": 0.13689999991584045, ""K7_context"": 0.0026000000161729986, ""K1_normalization"": 0.02029999996011611, ""K6_advisory"": 57.43540000003122, ""K1_intent"": 0.08660000003146706, ""K2_retrieval"": 494.38789999999244, ""K3_reranker"": 1433.190199999899, ""K8_weighted_ranking"": 1.9426999999723193, ""K3_candidate_filters"": 12.353100000154882, ""K9_advisory_consensus"": 0.010400000064691994, ""K4_nli_and_bypass_check"": 1080.9403999999176, ""K5_decision"": 1023.1982000000244}",30352
FACTURK-0150,YALAN,"[9537, 25683, 12870, 11454, 4331, 11914, 28419, 14107, 4119, 5414, 25341, 7358, 18097, 6943, 27847, 14860, 5796, 14246, 23263, 16994]","[0.003469890682026744, 0.0001015038214973174, 0.003429603995755315, 0.0005420927773229778, 0.07978200167417526, 0.0005378763889893889, 0.00038296362617984414, 0.003135835751891136, 0.0009584648651070893, 0.0001713081874186173, 1.6442494597868063e-05, 1.922317096614279e-05, 6.253713218029588e-05, 2.586742994026281e-05, 0.00011235327838221565, 1.6442494597868063e-05, 3.1693256460130215e-05, 4.7206227463902906e-05, 1.67014204635052e-05, 6.761842087144032e-05]","[0.0006508827209472656, 0.99853515625, 0.0006198883056640625]","[0.0006508827209472656, 0.99853515625, 0.0006198883056640625]",False,YETERSİZ VERİ,RET,True,False,4654.084799999964,"{""K1_input_and_readiness"": 0.13890000013816461, ""K7_context"": 0.002300000005561742, ""K1_normalization"": 0.021400000150606502, ""K6_advisory"": 50.40110000004461, ""K1_intent"": 0.0858000000789616, ""K2_retrieval"": 494.6231000001262, ""K3_reranker"": 1406.7449000001488, ""K8_weighted_ranking"": 3.1770000000506116, ""K3_candidate_filters"": 17.7705999999489, ""K9_advisory_consensus"": 0.013399999943430885, ""K4_nli_and_bypass_check"": 1408.3005999998477, ""K5_decision"": 1265.9989999999652}",4119
FACTURK-0151,YALAN,"[1205, 3084, 14598, 5206, 7605, 21916, 274, 3176, 4056, 17985, 21214, 24260, 22565, 21531, 23996, 28119, 26068, 7401, 2011, 21783]","[0.004924510605633259, 0.03138042986392975, 0.0001442598586436361, 0.005957154091447592, 0.18082883954048157, 0.0030994154512882233, 0.00041894835885614157, 0.002058753278106451, 0.001299427472986281, 0.0013406204525381327, 0.0014550630003213882, 0.00025514140725135803, 0.0014550630003213882, 0.002305125119164586, 0.004231587518006563, 0.002387409098446369, 0.0006166297243908048, 8.029783930396661e-05, 0.0008626077906228602, 0.15291562676429749]","[0.130126953125, 0.79052734375, 0.079345703125]","[0.130126953125, 0.79052734375, 0.079345703125]",False,DOĞRU,ONAY,False,False,2278.95680000006,"{""K1_input_and_readiness"": 0.12080000010428193, ""K7_context"": 0.0027000000955013093, ""K1_normalization"": 0.02199999994445534, ""K6_advisory"": 48.818499999924825, ""K1_intent"": 0.08200000002034358, ""K2_retrieval"": 427.20950000011726, ""K3_reranker"": 1680.4056999999375, ""K8_weighted_ranking"": 3.095699999903445, ""K3_candidate_filters"": 12.40389999998115, ""K9_advisory_consensus"": 0.013899999885325087, ""K4_nli_and_bypass_check"": 86.3908999999694, ""K5_decision"": 0.4068000000643224}",274
FACTURK-0152,YALAN,"[27363, 15963, 27712, 12221, 12083, 27229, 23329, 17607, 2188, 27854, 26315, 23364, 5168, 9467, 19381, 5755, 8754, 4893, 28707, 15163]","[0.019568676128983498, 0.0012893283274024725, 0.03283695504069328, 0.0005953406798653305, 0.0004108485300093889, 0.008061991073191166, 3.0006618544575758e-05, 0.0004765612829942256, 0.0007293288363143802, 0.016657039523124695, 0.002251847181469202, 2.8632557587116025e-05, 0.000503335555549711, 1.7640199075685814e-05, 0.00021485926117748022, 0.00026738259475678205, 1.6442494597868063e-05, 0.014957086183130741, 2.318747829122003e-05, 0.003991728648543358]","[0.0006365776062011719, 0.998046875, 0.0010890960693359375]","[0.0006365776062011719, 0.998046875, 0.0010890960693359375]",False,DOĞRU,ONAY,False,False,1686.817900000051,"{""K1_input_and_readiness"": 0.0837000000046828, ""K7_context"": 0.002300000005561742, ""K1_normalization"": 0.01730000008137722, ""K6_advisory"": 54.76999999996224, ""K1_intent"": 0.0695999999607011, ""K2_retrieval"": 479.64460000002873, ""K3_reranker"": 1058.0081000000519, ""K8_weighted_ranking"": 2.876799999967261, ""K3_candidate_filters"": 19.135500000174943, ""K9_advisory_consensus"": 0.023199999986900366, ""K4_nli_and_bypass_check"": 65.08420000000115, ""K5_decision"": 0.7150000001274748}",5168
FACTURK-0153,YALAN,"[14312, 3923, 19683, 16066, 28105, 17625, 18666, 19557, 29062, 15546, 16162, 27532, 3323, 1450, 24271, 18881, 14268, 7492, 7149, 28305]","[6.253713218029588e-05, 1.9373936083866283e-05, 2.1112482500029728e-05, 0.0004442183708306402, 7.484622619813308e-05, 0.00012053649697918445, 1.7778551409719512e-05, 1.7917987861437723e-05, 1.9833367332466878e-05, 0.00018961740715894848, 1.6314539607265033e-05, 1.657145367062185e-05, 0.00043904531048610806, 0.0002131875662598759, 1.6442494597868063e-05, 0.0014381353976204991, 0.0008761798962950706, 2.93115390377352e-05, 1.6061610949691385e-05, 1.6187581422855146e-05]","[0.004680633544921875, 0.0194091796875, 0.97607421875]","[0.004680633544921875, 0.0194091796875, 0.97607421875]",False,DOĞRU,ONAY,False,False,3130.5672999999388,"{""K1_input_and_readiness"": 0.1325000000633736, ""K7_context"": 0.003800000058618025, ""K1_normalization"": 0.03399999991415825, ""K6_advisory"": 52.51980000002732, ""K1_intent"": 0.06710000002385641, ""K2_retrieval"": 490.27460000002065, ""K3_reranker"": 1271.8861000000743, ""K8_weighted_ranking"": 1.7295000000103755, ""K3_candidate_filters"": 9.983300000158124, ""K9_advisory_consensus"": 0.009600000112186535, ""K4_nli_and_bypass_check"": 675.0813000001017, ""K5_decision"": 621.303399999988}",15546
FACTURK-0154,YALAN,"[15547, 28059, 2822, 13124, 22456, 27407, 17356, 21804, 10376, 15315, 6905, 29867, 16503, 13375, 28482, 1375, 1153, 20951, 6960, 26182]","[0.0001559802913106978, 0.00079783343244344, 0.007815888151526451, 0.00025514140725135803, 0.003538086311891675, 1.8342892872169614e-05, 7.197912054834887e-05, 0.0002982776495628059, 0.0021657671313732862, 0.00023597174731548876, 1.6061610949691385e-05, 2.3007036361377686e-05, 0.0005053045460954309, 0.0015487611526623368, 0.00031258779927156866, 0.0008559006964787841, 0.006564249750226736, 3.9135655242716894e-05, 0.00011866796558024362, 1.6442494597868063e-05]","[0.025390625, 0.93408203125, 0.040496826171875]","[0.025390625, 0.93408203125, 0.040496826171875]",False,YETERSİZ VERİ,RET,True,False,2976.5525000000252,"{""K1_input_and_readiness"": 0.09799999997994746, ""K7_context"": 0.0019999999949504854, ""K1_normalization"": 0.01720000000204891, ""K6_advisory"": 45.919099999991886, ""K1_intent"": 0.059400000054665725, ""K2_retrieval"": 310.6458999998267, ""K3_reranker"": 1134.5702999999503, ""K8_weighted_ranking"": 1.5183000000433822, ""K3_candidate_filters"": 7.905700000037541, ""K9_advisory_consensus"": 0.008600000001024455, ""K4_nli_and_bypass_check"": 656.0862999999699, ""K5_decision"": 814.9183999998968}",22456
FACTURK-0155,DOĞRU,"[20048, 12365, 24651, 16498, 28437, 18475, 1691, 24248, 3505, 19788, 10361, 20612, 17944, 21427, 10234, 3232, 1860, 24016, 11911, 10513]","[0.0011972112115472555, 0.0028783478774130344, 0.0037507887464016676, 0.0007152324542403221, 0.011375600472092628, 0.0005053045460954309, 3.508111694827676e-05, 0.002521268092095852, 0.0003611769643612206, 0.0002287133247591555, 0.0008592476369813085, 0.00017952796770259738, 0.0004565269045997411, 0.0004859560285694897, 0.00031015597051009536, 0.002082970691844821, 0.0005420927773229778, 1.7097478121286258e-05, 0.00014313739666249603, 4.1986306314356625e-05]","[0.0010728836059570312, 0.998046875, 0.000698089599609375]","[0.0010728836059570312, 0.998046875, 0.000698089599609375]",False,DOĞRU,ONAY,False,False,1558.2666999998764,"{""K1_input_and_readiness"": 0.1085999999759224, ""K7_context"": 0.004900000021734741, ""K1_normalization"": 0.01720000000204891, ""K6_advisory"": 38.98039999990033, ""K1_intent"": 0.07179999988693453, ""K2_retrieval"": 237.92189999994662, ""K3_reranker"": 439.7134000000733, ""K8_weighted_ranking"": 1.508600000079241, ""K3_candidate_filters"": 8.123000000068714, ""K9_advisory_consensus"": 0.008100000059130252, ""K4_nli_and_bypass_check"": 424.8080999998365, ""K5_decision"": 389.0394000000015}",16498
FACTURK-0156,YALAN,"[4634, 19419, 7761, 27242, 27142, 11288, 27801, 5912, 14169, 7268, 21613, 28808, 30097, 12521, 26765, 23430, 12770, 5723, 4097, 20078]","[0.724090576171875, 0.0008199321455322206, 0.003736220533028245, 0.8786270022392273, 0.019160708412528038, 6.205049430718645e-05, 0.024656856432557106, 0.00016093082376755774, 0.005980330519378185, 0.0013302015140652657, 4.0694576455280185e-05, 0.0004092474700883031, 0.0006563728675246239, 0.0017683517653495073, 3.269927037763409e-05, 1.805851934477687e-05, 2.3007036361377686e-05, 7.543320680269971e-05, 0.0005463420529849827, 7.722192094661295e-05]","[0.0005903244018554688, 0.9951171875, 0.004486083984375]","[0.0005903244018554688, 0.9951171875, 0.004486083984375]",False,YETERSİZ VERİ,RET,True,False,2840.2300000000196,"{""K1_input_and_readiness"": 0.08519999983036541, ""K7_context"": 0.0015999999050109182, ""K1_normalization"": 0.014299999975264654, ""K6_advisory"": 35.03339999997479, ""K1_intent"": 0.05580000015470432, ""K2_retrieval"": 322.01629999985926, ""K3_reranker"": 958.80840000018, ""K8_weighted_ranking"": 1.5267000001131237, ""K3_candidate_filters"": 7.6018999998268555, ""K9_advisory_consensus"": 0.008600000001024455, ""K4_nli_and_bypass_check"": 802.7374000000691, ""K5_decision"": 708.537700000079}",4634
FACTURK-0157,DOĞRU,"[29255, 21246, 20506, 20602, 23772, 25690, 27037, 24300, 21440, 11100, 22569, 5518, 29377, 2318, 7070, 12442, 23973, 29572, 11303, 19151]","[0.00031258779927156866, 1.657145367062185e-05, 3.024195939360652e-05, 0.0012843081494793296, 0.00016603845870122313, 3.9442587876692414e-05, 0.004101929254829884, 0.0001673405058681965, 1.6314539607265033e-05, 0.008478401228785515, 6.922183820279315e-05, 0.00017674513219390064, 1.6187581422855146e-05, 0.00018522572645451874, 2.178264912799932e-05, 1.6187581422855146e-05, 2.566613329690881e-05, 2.4682904040673748e-05, 1.6314539607265033e-05, 0.00017536994710098952]","[0.03466796875, 0.96435546875, 0.0008378028869628906]","[0.03466796875, 0.96435546875, 0.0008378028869628906]",False,DOĞRU,ONAY,False,False,4107.814700000063,"{""K1_input_and_readiness"": 0.1164000000244414, ""K7_context"": 0.0018999999156221747, ""K1_normalization"": 0.025699999923745054, ""K6_advisory"": 36.69110000009823, ""K1_intent"": 0.05970000006527698, ""K2_retrieval"": 327.99230000000534, ""K3_reranker"": 1180.6275999999798, ""K8_weighted_ranking"": 1.3928000000760221, ""K3_candidate_filters"": 7.352899999887086, ""K9_advisory_consensus"": 0.008499999921696144, ""K4_nli_and_bypass_check"": 1304.9422999999933, ""K5_decision"": 1244.4929999999204}",5518
FACTURK-0158,DOĞRU,"[10802, 4965, 8061, 18339, 3097, 5125, 11734, 29735, 5858, 17815, 6939, 7151, 3213, 6263, 6328, 14044, 28626, 13872, 17581, 26597]","[0.02456308901309967, 0.00013032974675297737, 2.2125668692751788e-05, 0.011915022507309914, 0.0011695103021338582, 5.738759500673041e-05, 2.265035072923638e-05, 3.2955729693640023e-05, 2.094818773912266e-05, 1.657145367062185e-05, 1.6187581422855146e-05, 0.003123648464679718, 0.0009927261853590608, 1.67014204635052e-05, 2.2474090656032786e-05, 0.0010566838318482041, 1.6187581422855146e-05, 3.6764631659025326e-05, 1.6061610949691385e-05, 0.003765413537621498]","[0.0090484619140625, 0.054962158203125, 0.93603515625]","[0.0090484619140625, 0.054962158203125, 0.93603515625]",False,DOĞRU,ONAY,False,False,2296.034899999995,"{""K1_input_and_readiness"": 0.07100000016180275, ""K7_context"": 0.0021999999262334313, ""K1_normalization"": 0.013900000112698763, ""K6_advisory"": 38.32990000000791, ""K1_intent"": 0.0591999998960091, ""K2_retrieval"": 237.3048000001745, ""K3_reranker"": 741.2984000000051, ""K8_weighted_ranking"": 1.545799999803421, ""K3_candidate_filters"": 8.439899999984846, ""K9_advisory_consensus"": 0.011100000165242818, ""K4_nli_and_bypass_check"": 595.5132999999933, ""K5_decision"": 668.8388999998551}",7151
FACTURK-0159,YALAN,"[1609, 24771, 19594, 4036, 5236, 27598, 9587, 22729, 20466, 28091, 15846, 24538, 6519, 9591, 26699, 20250, 23610, 2600, 5980, 12184]","[0.9946980476379395, 0.005934066604822874, 0.029145970940589905, 0.007725534029304981, 0.0007264875457622111, 0.0035657365806400776, 7.141901005525142e-05, 2.566613329690881e-05, 0.0034970103297382593, 0.0009888596832752228, 0.0011972112115472555, 0.0003053489199373871, 3.373722574906424e-05, 0.0005092656938359141, 0.0012594986474141479, 0.000626334105618298, 0.0005274784052744508, 0.00013765462790615857, 1.6187581422855146e-05, 0.0001195985751110129]","[0.0927734375, 0.0740966796875, 0.8330078125]","[0.0927734375, 0.0740966796875, 0.8330078125]",False,DOĞRU,ONAY,False,False,1315.273900000193,"{""K1_input_and_readiness"": 0.06869999992886733, ""K7_context"": 0.0021999999262334313, ""K1_normalization"": 0.012199999900985858, ""K6_advisory"": 38.872200000014345, ""K1_intent"": 0.056800000038492726, ""K2_retrieval"": 237.4684999999772, ""K3_reranker"": 810.9604000001127, ""K8_weighted_ranking"": 1.6052999999374151, ""K3_candidate_filters"": 8.498000000145112, ""K9_advisory_consensus"": 0.009099999942918657, ""K4_nli_and_bypass_check"": 121.51250000010805, ""K5_decision"": 91.4248999999927}",1609
FACTURK-0160,DOĞRU,"[13325, 19725, 8116, 24377, 29040, 2980, 11607, 6247, 10864, 21327, 8411, 24678, 21673, 9688, 20314, 19452, 1044, 13847, 12309, 30219]","[0.6623597741127014, 1.67014204635052e-05, 0.0004060639475937933, 4.575391358230263e-05, 1.7097478121286258e-05, 1.750292540236842e-05, 0.003678509034216404, 0.007695646956562996, 1.67014204635052e-05, 5.1845658163074404e-05, 6.709224544465542e-05, 0.007785655092447996, 1.8777873265207745e-05, 1.6314539607265033e-05, 1.7366719475830905e-05, 0.0028783478774130344, 2.014569145103451e-05, 0.0004407629603520036, 8.957788668340072e-05, 0.00012632041762117296]","[0.990234375, 0.00815582275390625, 0.0015726089477539062]","[0.990234375, 0.00815582275390625, 0.0015726089477539062]",False,YALAN,UYARI,False,False,1833.1986000000597,"{""K1_input_and_readiness"": 0.05379999993238016, ""K7_context"": 0.0019999999949504854, ""K1_normalization"": 0.009299999874201603, ""K6_advisory"": 37.320799999861265, ""K1_intent"": 0.05069999997431296, ""K2_retrieval"": 243.41819999995096, ""K3_reranker"": 937.3734000000695, ""K8_weighted_ranking"": 2.484699999968143, ""K3_candidate_filters"": 9.851800000205913, ""K9_advisory_consensus"": 0.01340000017080456, ""K4_nli_and_bypass_check"": 316.40840000000026, ""K5_decision"": 281.15950000005796}",24678
FACTURK-0161,YALAN,"[27219, 2984, 20109, 29036, 26639, 12161, 28547, 15094, 2366, 9150, 6336, 15675, 487, 26236, 29240, 25178, 1919, 1090, 27402, 15573]","[0.9996970891952515, 0.9343951344490051, 0.8690492510795593, 0.4384545385837555, 0.02044939436018467, 0.0014550630003213882, 0.02132808044552803, 0.7022238373756409, 0.007460643537342548, 0.07654563337564468, 0.004867417272180319, 0.001674399245530367, 9.915272676153108e-05, 0.000539980421308428, 0.0007293288363143802, 0.0014664583140984178, 0.01009131595492363, 0.0007916296017356217, 0.0007495314348489046, 1.7640199075685814e-05]","[0.00103759765625, 0.99853515625, 0.00043272972106933594]","[0.00103759765625, 0.99853515625, 0.00043272972106933594]",False,YALAN,UYARI,False,False,1777.2182999999586,"{""K1_input_and_readiness"": 0.11269999981777801, ""K7_context"": 0.0032000000373955118, ""K1_normalization"": 0.03060000017285347, ""K6_advisory"": 43.01149999992049, ""K1_intent"": 0.0665000000026339, ""K2_retrieval"": 335.70720000011534, ""K3_reranker"": 1341.9215999999778, ""K8_weighted_ranking"": 1.876600000059625, ""K3_candidate_filters"": 10.826400000041758, ""K9_advisory_consensus"": 0.011700000186465331, ""K4_nli_and_bypass_check"": 38.567899999861766, ""K5_decision"": 0.2420999999230844}",27219
FACTURK-0162,DOĞRU,"[2000, 17883, 5997, 25210, 11278, 25537, 25049, 20482, 22185, 10051, 23682, 28715, 21599, 24903, 6569, 11923, 19685, 10375, 16225, 9810]","[0.7942253947257996, 0.09351231157779694, 0.04336579889059067, 0.0001511819864390418, 0.0002415662893326953, 0.0005013742484152317, 0.8344069123268127, 0.0004060639475937933, 9.242113446816802e-05, 0.00010804955672938377, 0.0001621928095119074, 3.591300992411561e-05, 0.008950711227953434, 0.10743747651576996, 4.0694576455280185e-05, 0.000124362253700383, 0.00026947917649522424, 0.00034870431409217417, 6.60521473037079e-05, 6.814872176619247e-05]","[0.004741668701171875, 0.9951171875, 0.0002865791320800781]","[0.004741668701171875, 0.9951171875, 0.0002865791320800781]",False,DOĞRU,ONAY,False,False,2328.3466999998836,"{""K1_input_and_readiness"": 0.08039999988795898, ""K7_context"": 0.0018999999156221747, ""K1_normalization"": 0.013099999932819628, ""K6_advisory"": 38.955400000077134, ""K1_intent"": 0.06189999999151041, ""K2_retrieval"": 286.33060000015575, ""K3_reranker"": 1215.8853999999337, ""K8_weighted_ranking"": 1.6121999999541003, ""K3_candidate_filters"": 8.292799999935596, ""K9_advisory_consensus"": 0.008600000001024455, ""K4_nli_and_bypass_check"": 391.2050999999792, ""K5_decision"": 381.538300000102}",25049
FACTURK-0163,DOĞRU,"[29221, 2861, 10780, 19639, 4529, 6618, 16181, 4244, 19539, 2521, 25861, 532, 25361, 28155, 26223, 30100, 14355, 19722, 8746, 10893]","[0.9736446738243103, 0.010408313944935799, 1.805851934477687e-05, 0.0005072812782600522, 0.0002982776495628059, 2.908344322349876e-05, 0.0003150386910419911, 0.00021824207215104252, 0.0032350558321923018, 0.00018522572645451874, 0.001674399245530367, 0.00014653129619546235, 0.0015854305820539594, 2.2474090656032786e-05, 0.0032476764172315598, 2.566613329690881e-05, 1.6964426322374493e-05, 1.7231572201126255e-05, 2.4682904040673748e-05, 0.030271869152784348]","[0.0021514892578125, 0.9970703125, 0.0005431175231933594]","[0.0021514892578125, 0.9970703125, 0.0005431175231933594]",False,DOĞRU,ONAY,False,False,1223.1654000001981,"{""K1_input_and_readiness"": 0.08290000005217735, ""K7_context"": 0.0019999999949504854, ""K1_normalization"": 0.016700000060154707, ""K6_advisory"": 43.956900000011956, ""K1_intent"": 0.3561000000900094, ""K2_retrieval"": 344.7896000000128, ""K3_reranker"": 781.8569000000934, ""K8_weighted_ranking"": 1.6052999999374151, ""K3_candidate_filters"": 10.474799999883544, ""K9_advisory_consensus"": 0.00959999988481286, ""K4_nli_and_bypass_check"": 34.463000000187094, ""K5_decision"": 0.21390000006249466}",29221
FACTURK-0164,YALAN,"[17536, 27552, 13482, 20172, 24936, 5739, 12587, 26463, 20389, 21491, 7274, 13878, 26984, 2008, 20885, 23578, 25464, 16836, 4942, 22776]","[0.0003029734070878476, 1.657145367062185e-05, 1.750292540236842e-05, 0.0033634924329817295, 1.7778551409719512e-05, 3.852893496514298e-05, 0.00651349825784564, 0.0005792917218059301, 0.0008459375239908695, 1.8631746570463292e-05, 0.0005053045460954309, 1.8777873265207745e-05, 0.0014158706180751324, 1.6964426322374493e-05, 0.0014048678567633033, 1.67014204635052e-05, 0.014672035351395607, 1.6314539607265033e-05, 1.9073577277595177e-05, 1.8631746570463292e-05]","[0.00476837158203125, 0.99267578125, 0.002475738525390625]","[0.00476837158203125, 0.99267578125, 0.002475738525390625]",False,DOĞRU,ONAY,False,False,2462.4860999999783,"{""K1_input_and_readiness"": 0.06199999984346505, ""K7_context"": 0.0016000001323845936, ""K1_normalization"": 0.010799999927257886, ""K6_advisory"": 42.00439999999617, ""K1_intent"": 0.04359999979897111, ""K2_retrieval"": 358.54620000009163, ""K3_reranker"": 814.3744999999853, ""K8_weighted_ranking"": 2.399100000047838, ""K3_candidate_filters"": 9.546700000100827, ""K9_advisory_consensus"": 0.010400000064691994, ""K4_nli_and_bypass_check"": 669.5887999999286, ""K5_decision"": 561.3186000000496}",12587
FACTURK-0165,YALAN,"[24002, 6595, 2047, 19290, 17027, 17151, 25894, 14516, 4802, 24946, 15975, 1170, 12212, 4346, 24327, 316, 9491, 13731, 26208, 19463]","[0.0026522595435380936, 0.00043563017970882356, 0.00016346470511052758, 0.0031603530514985323, 0.00010637458035489544, 1.6964426322374493e-05, 0.0012743262341246009, 0.8022459149360657, 2.93115390377352e-05, 7.543320680269971e-05, 0.0015792594058439136, 0.40992921590805054, 0.03365296497941017, 0.0001837845629779622, 1.6314539607265033e-05, 1.6442494597868063e-05, 0.0007947254925966263, 0.0006851712241768837, 0.004627529997378588, 1.683241134742275e-05]","[0.0006260871887207031, 0.9990234375, 0.0005202293395996094]","[0.0006260871887207031, 0.9990234375, 0.0005202293395996094]",False,DOĞRU,ONAY,False,False,1665.074900000036,"{""K1_input_and_readiness"": 0.07749999986117473, ""K7_context"": 0.002499999936844688, ""K1_normalization"": 0.014100000043981709, ""K6_advisory"": 40.15530000015133, ""K1_intent"": 0.0747999999930471, ""K2_retrieval"": 262.9792999998699, ""K3_reranker"": 775.2259999999751, ""K8_weighted_ranking"": 1.4653000000635075, ""K3_candidate_filters"": 7.754499999919062, ""K9_advisory_consensus"": 0.008400000069741509, ""K4_nli_and_bypass_check"": 319.10560000005717, ""K5_decision"": 253.48049999979594}",19290
FACTURK-0166,DOĞRU,"[11295, 12013, 20210, 2892, 9113, 17032, 24484, 8107, 12704, 21399, 2630, 19665, 27377, 4158, 23350, 19405, 10772, 9953, 22252, 7036]","[0.00028462239424698055, 5.649793456541374e-05, 0.0007321811863221228, 0.0004013350699096918, 0.0059110685251653194, 0.0016166499117389321, 0.000638679601252079, 0.0001559802913106978, 0.21027937531471252, 0.0007495314348489046, 2.2125668692751788e-05, 0.003678509034216404, 0.0010608151787891984, 0.013121271505951881, 0.011552670039236546, 1.657145367062185e-05, 0.048136770725250244, 2.5466406441410072e-05, 0.021287351846694946, 1.8200149497715756e-05]","[0.002002716064453125, 0.99560546875, 0.002323150634765625]","[0.002002716064453125, 0.99560546875, 0.002323150634765625]",False,DOĞRU,ONAY,False,False,1241.1032000002251,"{""K1_input_and_readiness"": 0.11779999999816937, ""K7_context"": 0.0018999999156221747, ""K1_normalization"": 0.03349999997226405, ""K6_advisory"": 38.66840000000593, ""K1_intent"": 0.09690000001683075, ""K2_retrieval"": 385.4275000001053, ""K3_reranker"": 767.1900000000278, ""K8_weighted_ranking"": 1.5722999999070453, ""K3_candidate_filters"": 8.212899999989531, ""K9_advisory_consensus"": 0.008899999784262036, ""K4_nli_and_bypass_check"": 34.50820000011845, ""K5_decision"": 0.4799999999249849}",20210
FACTURK-0167,YALAN,"[22804, 30151, 3328, 27847, 1912, 7451, 7384, 8794, 14417, 9006, 18292, 25821, 6263, 14187, 1291, 4736, 18234, 25969, 9084, 20020]","[0.9977568984031677, 0.9501341581344604, 0.00034870431409217417, 0.0017342078499495983, 0.0023688741493970156, 5.874842099728994e-05, 0.0003697388747241348, 0.014281935058534145, 2.449082603561692e-05, 0.003692853031679988, 0.00360761652700603, 0.00457386439666152, 0.005957154091447592, 0.00628990214318037, 9.461262379772961e-05, 0.01805533468723297, 0.001201891340315342, 3.269927037763409e-05, 0.003469890682026744, 7.426380761899054e-05]","[0.99072265625, 0.007030487060546875, 0.002407073974609375]","[0.99072265625, 0.007030487060546875, 0.002407073974609375]",False,YALAN,UYARI,False,False,1451.2422000000242,"{""K1_input_and_readiness"": 0.05899999996472616, ""K7_context"": 0.001500000053056283, ""K1_normalization"": 0.01629999997021514, ""K6_advisory"": 36.89069999995809, ""K1_intent"": 0.045800000179951894, ""K2_retrieval"": 229.03510000014649, ""K3_reranker"": 652.2576999998364, ""K8_weighted_ranking"": 1.5181000001120992, ""K3_candidate_filters"": 8.368000000018583, ""K9_advisory_consensus"": 0.01240000005964248, ""K4_nli_and_bypass_check"": 246.50719999999637, ""K5_decision"": 272.3312000000533}",22804
FACTURK-0168,YALAN,"[3532, 18681, 28597, 23859, 10235, 22012, 21454, 11270, 8731, 651, 2033, 10046, 27426, 2462, 21260, 15771, 12756, 928, 19674, 5613]","[0.9972955584526062, 8.682210318511352e-05, 0.0017821963410824537, 7.254361844388768e-05, 0.02784845046699047, 0.002225670963525772, 1.657145367062185e-05, 1.7640199075685814e-05, 3.244481558795087e-05, 2.566613329690881e-05, 0.00012731103925034404, 0.0008727670647203922, 3.0006618544575758e-05, 0.0029235428664833307, 2.3007036361377686e-05, 6.976470467634499e-05, 1.6964426322374493e-05, 7.311254739761353e-05, 0.0001621928095119074, 0.00020988310279790312]","[0.9970703125, 0.0009107589721679688, 0.0020160675048828125]","[0.9970703125, 0.0009107589721679688, 0.0020160675048828125]",False,YALAN,UYARI,False,False,951.6393999999764,"{""K1_input_and_readiness"": 0.07230000005620241, ""K7_context"": 0.002100000074278796, ""K1_normalization"": 0.0144999999065476, ""K6_advisory"": 40.52460000002611, ""K1_intent"": 0.08030000003600435, ""K2_retrieval"": 259.64360000011766, ""K3_reranker"": 441.7620000001534, ""K8_weighted_ranking"": 1.5524999998888234, ""K3_candidate_filters"": 8.003799999869443, ""K9_advisory_consensus"": 0.008900000011635711, ""K4_nli_and_bypass_check"": 116.28590000009353, ""K5_decision"": 79.22519999988253}",3532
FACTURK-0169,DOĞRU,"[20457, 7549, 16605, 6000, 29321, 5146, 2131, 9143, 10655, 18240, 14987, 5693, 19205, 9693, 10199, 26819, 20516, 13675, 13077, 3877]","[0.012336100451648235, 0.006217078305780888, 0.08419108390808105, 4.7206227463902906e-05, 0.0008830457809381187, 0.0012113064294680953, 0.034358687698841095, 0.29665425419807434, 0.026861203834414482, 1.6061610949691385e-05, 0.009596454910933971, 1.6061610949691385e-05, 0.00014653129619546235, 2.93115390377352e-05, 0.0006070755189284682, 0.013171950355172157, 0.030733928084373474, 0.0031115086749196053, 1.6442494597868063e-05, 0.0007885457598604262]","[0.0008835792541503906, 0.0396728515625, 0.95947265625]","[0.0008835792541503906, 0.0396728515625, 0.95947265625]",False,YETERSİZ VERİ,KISMI,True,False,1155.5722999999034,"{""K1_input_and_readiness"": 0.08899999988898344, ""K7_context"": 0.0018000000636675395, ""K1_normalization"": 0.016599999980826396, ""K6_advisory"": 37.10179999984575, ""K1_intent"": 0.05679999981111905, ""K2_retrieval"": 327.72079999995185, ""K3_reranker"": 739.1795000000911, ""K8_weighted_ranking"": 1.5862999998716987, ""K3_candidate_filters"": 8.3922999999686, ""K9_advisory_consensus"": 0.02040000003944442, ""K4_nli_and_bypass_check"": 37.06420000003163, ""K5_decision"": 0.41859999987536867}",2131
FACTURK-0170,YALAN,"[18398, 3764, 17095, 25958, 1813, 24738, 3598, 5396, 2758, 21009, 12587, 20389, 21279, 22041, 2534, 17371, 13958, 11628, 29552, 26934]","[0.002174225402995944, 0.0008231385727412999, 0.001085944357328117, 0.00012339458044152707, 0.00018814207578543574, 3.1941821362124756e-05, 1.657145367062185e-05, 0.006438102573156357, 4.870464181294665e-05, 0.00028462239424698055, 0.009898064658045769, 0.0005013742484152317, 0.00016093082376755774, 0.00041568948654457927, 0.002491967985406518, 5.738759500673041e-05, 1.8200149497715756e-05, 2.014569145103451e-05, 0.0002824080875143409, 1.6442494597868063e-05]","[0.1151123046875, 0.48583984375, 0.39892578125]","[0.1151123046875, 0.48583984375, 0.39892578125]",False,DOĞRU,ONAY,False,False,2755.931099999998,"{""K1_input_and_readiness"": 0.06680000001324515, ""K7_context"": 0.0019999999949504854, ""K1_normalization"": 0.0227999998969608, ""K6_advisory"": 36.353800000142655, ""K1_intent"": 0.07660000005671463, ""K2_retrieval"": 287.6972999999907, ""K3_reranker"": 740.5483000000004, ""K8_weighted_ranking"": 1.6385999999783962, ""K3_candidate_filters"": 9.443599999940488, ""K9_advisory_consensus"": 0.009200000022246968, ""K4_nli_and_bypass_check"": 924.7972000000573, ""K5_decision"": 751.3272000001052}",12587
FACTURK-0171,DOĞRU,"[23557, 41, 16619, 91, 25454, 1814, 21277, 20498, 4924, 13220, 1194, 22466, 23965, 12930, 14524, 20969, 3892, 11502, 10107, 17850]","[0.006930672097951174, 0.0007763299508951604, 0.00017674513219390064, 0.0009075025445781648, 4.6474400733131915e-05, 0.0012793075293302536, 9.83811987680383e-05, 1.892514956125524e-05, 4.1986306314356625e-05, 0.0015307451831176877, 4.0694576455280185e-05, 0.00017813112935982645, 1.8631746570463292e-05, 1.6964426322374493e-05, 2.030369250860531e-05, 8.156224066624418e-05, 1.6442494597868063e-05, 1.8486754925106652e-05, 1.6187581422855146e-05, 1.8342892872169614e-05]","[0.000774383544921875, 0.99853515625, 0.0005645751953125]","[0.000774383544921875, 0.99853515625, 0.0005645751953125]",False,YALAN,UYARI,False,False,1015.6324999998105,"{""K1_input_and_readiness"": 0.06540000003951718, ""K7_context"": 0.0018999999156221747, ""K1_normalization"": 0.01939999992828234, ""K6_advisory"": 38.24979999990319, ""K1_intent"": 0.04319999993640522, ""K2_retrieval"": 262.0675000000574, ""K3_reranker"": 663.5566999998446, ""K8_weighted_ranking"": 1.7150999999557826, ""K3_candidate_filters"": 8.568599999989601, ""K9_advisory_consensus"": 0.008399999842367833, ""K4_nli_and_bypass_check"": 36.58780000000661, ""K5_decision"": 0.2118999998401705}",23557
FACTURK-0172,YALAN,"[29620, 28075, 11010, 21491, 21163, 5937, 6286, 19866, 13134, 3371, 20126, 18661, 25062, 27420, 16772, 10255, 12614, 2173, 1339, 19924]","[0.019908789545297623, 6.156764720799401e-05, 2.818866414600052e-05, 0.00036829791497439146, 1.7917987861437723e-05, 1.6061610949691385e-05, 0.00854433048516512, 2.2125668692751788e-05, 0.0002715921145863831, 0.0007096704212017357, 1.6442494597868063e-05, 0.0003275842755101621, 0.0023413407616317272, 0.007876706309616566, 1.6442494597868063e-05, 0.00015843621804378927, 2.5071596610359848e-05, 0.0037948342505842447, 0.004433765076100826, 0.0018821860430762172]","[0.0007939338684082031, 0.0127716064453125, 0.986328125]","[0.0007939338684082031, 0.0127716064453125, 0.986328125]",False,DOĞRU,ONAY,False,False,1131.7418999999518,"{""K1_input_and_readiness"": 0.07250000021485903, ""K7_context"": 0.0022000001536071068, ""K1_normalization"": 0.015200000007098424, ""K6_advisory"": 38.357700000005934, ""K1_intent"": 0.050999999984924216, ""K2_retrieval"": 265.8859999999095, ""K3_reranker"": 779.3534999998428, ""K8_weighted_ranking"": 1.5014000000519445, ""K3_candidate_filters"": 8.114099999829705, ""K9_advisory_consensus"": 0.009099999942918657, ""K4_nli_and_bypass_check"": 34.65419999997721, ""K5_decision"": 0.3833999999187654}",19866
FACTURK-0173,YALAN,"[996, 4529, 24773, 22430, 14486, 1617, 27683, 12081, 3259, 489, 2916, 22925, 28155, 17095, 9068, 20336, 2521, 27480, 21144, 16001]","[2.318747829122003e-05, 0.004792316351085901, 0.00017674513219390064, 0.0012893283274024725, 6.253713218029588e-05, 1.657145367062185e-05, 3.591300992411561e-05, 4.1335399146191776e-05, 0.00014653129619546235, 7.086326513672248e-05, 0.000337979436153546, 2.014569145103451e-05, 0.00046917638974264264, 0.00025514140725135803, 1.6314539607265033e-05, 0.00025714197545312345, 0.0008459375239908695, 2.014569145103451e-05, 0.00016474656877107918, 0.00042388474685139954]","[0.0008168220520019531, 0.25341796875, 0.74560546875]","[0.0008168220520019531, 0.25341796875, 0.74560546875]",False,DOĞRU,ONAY,False,False,2480.6290000001354,"{""K1_input_and_readiness"": 0.08780000007391209, ""K7_context"": 0.0026000000161729986, ""K1_normalization"": 0.026599999955578824, ""K6_advisory"": 37.62289999986024, ""K1_intent"": 0.05310000005920301, ""K2_retrieval"": 247.4377999999433, ""K3_reranker"": 780.944800000043, ""K8_weighted_ranking"": 1.7467000000124244, ""K3_candidate_filters"": 9.507400000074995, ""K9_advisory_consensus"": 0.01049999991664663, ""K4_nli_and_bypass_check"": 770.3664999999091, ""K5_decision"": 629.0570999999545}",22430
FACTURK-0174,YALAN,"[30024, 15787, 22388, 27696, 25225, 11479, 431, 487, 23508, 8685, 3189, 9150, 27894, 4693, 23686, 1701, 8347, 19258, 24354, 5898]","[0.7876046895980835, 0.007011794950813055, 0.8978744745254517, 0.06779313832521439, 0.009090382605791092, 0.003736220533028245, 0.0077555361203849316, 0.590484082698822, 0.06244528666138649, 0.16762703657150269, 0.28587010502815247, 0.2859697937965393, 0.0003668626013677567, 0.0005053045460954309, 0.002387409098446369, 0.3362220823764801, 0.14306792616844177, 0.015845362097024918, 0.017242778092622757, 0.33252713084220886]","[0.0033245086669921875, 0.015380859375, 0.9814453125]","[0.0033245086669921875, 0.015380859375, 0.9814453125]",False,DOĞRU,ONAY,False,False,1675.905499999999,"{""K1_input_and_readiness"": 0.07460000006176415, ""K7_context"": 0.001300000121773337, ""K1_normalization"": 0.012900000001536682, ""K6_advisory"": 36.0441999998784, ""K1_intent"": 0.06529999996018887, ""K2_retrieval"": 269.2606999999043, ""K3_reranker"": 1297.773799999959, ""K8_weighted_ranking"": 1.4743000001544715, ""K3_candidate_filters"": 8.498400000007678, ""K9_advisory_consensus"": 0.009500000032858225, ""K4_nli_and_bypass_check"": 58.37089999999989, ""K5_decision"": 0.5618999998660001}",22388
FACTURK-0175,YALAN,"[17313, 24305, 9450, 22559, 25408, 6426, 18574, 5771, 22772, 19278, 17170, 13192, 396, 18056, 19074, 9597, 17371, 405, 17913, 2287]","[0.995685338973999, 0.009340023621916771, 0.0012351677287369967, 0.00029137005913071334, 5.920916373725049e-05, 2.392351052549202e-05, 4.331903619458899e-05, 1.6964426322374493e-05, 1.805851934477687e-05, 0.004609572235494852, 1.6442494597868063e-05, 0.01833445206284523, 0.000810387369710952, 6.302758993115276e-05, 1.6442494597868063e-05, 1.6187581422855146e-05, 0.0026419467758387327, 1.7366719475830905e-05, 1.6314539607265033e-05, 2.411113746347837e-05]","[0.0474853515625, 0.916015625, 0.03656005859375]","[0.0474853515625, 0.916015625, 0.03656005859375]",False,YETERSİZ VERİ,RET,True,False,1303.97210000001,"{""K1_input_and_readiness"": 0.05910000004405447, ""K7_context"": 0.0018000000636675395, ""K1_normalization"": 0.011800000038419967, ""K6_advisory"": 39.10330000007889, ""K1_intent"": 0.05080000005364127, ""K2_retrieval"": 254.98140000013336, ""K3_reranker"": 743.9013999999133, ""K8_weighted_ranking"": 1.7179999999825668, ""K3_candidate_filters"": 9.325300000000425, ""K9_advisory_consensus"": 0.009899999895424116, ""K4_nli_and_bypass_check"": 150.91739999979836, ""K5_decision"": 99.03409999992618}",17313
FACTURK-0176,YALAN,"[11277, 4817, 1610, 25169, 4340, 12685, 24184, 10416, 11617, 19061, 5209, 6532, 22504, 5007, 14212, 2338, 12542, 21954, 12819, 744]","[0.0002269338583573699, 0.07978200167417526, 1.7231572201126255e-05, 0.22901751101016998, 2.265035072923638e-05, 1.6442494597868063e-05, 0.00012148174573667347, 1.6187581422855146e-05, 0.008412977680563927, 3.7636447814293206e-05, 0.00020988310279790312, 3.619466951931827e-05, 0.04552200436592102, 2.2827996872365475e-05, 1.8342892872169614e-05, 1.8631746570463292e-05, 0.0003799845289904624, 0.0019800399895757437, 0.0019494021544232965, 1.6442494597868063e-05]","[0.0016679763793945312, 0.88427734375, 0.114013671875]","[0.0016679763793945312, 0.88427734375, 0.114013671875]",False,YALAN,UYARI,False,False,2846.130099999982,"{""K1_input_and_readiness"": 0.07979999986673647, ""K7_context"": 0.0018000000636675395, ""K1_normalization"": 0.014100000043981709, ""K6_advisory"": 41.14140000001498, ""K1_intent"": 0.048800000058690784, ""K2_retrieval"": 263.30559999996694, ""K3_reranker"": 1034.3442000000778, ""K8_weighted_ranking"": 1.6439999999420252, ""K3_candidate_filters"": 9.033899999849382, ""K9_advisory_consensus"": 0.01849999989644857, ""K4_nli_and_bypass_check"": 758.64700000011, ""K5_decision"": 732.9762000001665}",25169
FACTURK-0177,YALAN,"[19484, 22465, 19816, 8740, 29474, 7224, 27522, 18975, 15546, 27004, 2720, 10902, 26306, 17510, 14277, 10285, 15372, 25758, 3579, 6232]","[0.02595735713839531, 0.11299101263284683, 0.0874079093337059, 0.010529711842536926, 0.28279000520706177, 0.14045409858226776, 0.002463006880134344, 0.022074386477470398, 0.047514185309410095, 0.2753245234489441, 0.024053551256656647, 0.188323974609375, 0.022074386477470398, 0.02048855647444725, 0.07004895806312561, 0.6776873469352722, 0.018941707909107208, 0.1173696517944336, 0.006338921841233969, 0.2890705466270447]","[0.0421142578125, 0.004093170166015625, 0.95361328125]","[0.0421142578125, 0.004093170166015625, 0.95361328125]",False,DOĞRU,ONAY,False,False,1693.6874000000444,"{""K1_input_and_readiness"": 0.08269999989352073, ""K7_context"": 0.002499999936844688, ""K1_normalization"": 0.017800000023271423, ""K6_advisory"": 39.763700000094104, ""K1_intent"": 0.06789999997636187, ""K2_retrieval"": 327.58259999991424, ""K3_reranker"": 775.8237000000463, ""K8_weighted_ranking"": 2.067399999987174, ""K3_candidate_filters"": 9.701899999981833, ""K9_advisory_consensus"": 0.027300000056129647, ""K4_nli_and_bypass_check"": 283.87150000003203, ""K5_decision"": 249.47590000010678}",10285
FACTURK-0178,YALAN,"[28388, 26070, 12161, 4119, 15675, 22538, 26587, 27997, 26343, 25857, 11780, 6336, 15874, 12446, 19888, 25178, 8787, 16309, 30356, 24277]","[0.23970511555671692, 0.0007613258203491569, 0.0007466114475391805, 1.6061610949691385e-05, 3.975192521465942e-05, 0.00039977103006094694, 0.0012448433553799987, 0.0016103574307635427, 0.00046010586083866656, 0.04804735630750656, 0.002790037775412202, 0.0008727670647203922, 0.0001500056532677263, 9.915272676153108e-05, 0.0017614696407690644, 0.00019871552649419755, 0.005343256052583456, 0.011777842417359352, 0.005730246659368277, 0.00021995337738189846]","[0.0007076263427734375, 0.998046875, 0.0010395050048828125]","[0.0007076263427734375, 0.998046875, 0.0010395050048828125]",False,YALAN,UYARI,False,False,3481.9311999999627,"{""K1_input_and_readiness"": 0.09909999994306418, ""K7_context"": 0.0018000000636675395, ""K1_normalization"": 0.018299999965165625, ""K6_advisory"": 40.205799999966985, ""K1_intent"": 0.06500000017695129, ""K2_retrieval"": 366.3450000001376, ""K3_reranker"": 1076.4607999999498, ""K8_weighted_ranking"": 1.5341999999236577, ""K3_candidate_filters"": 7.58229999996729, ""K9_advisory_consensus"": 0.009500000032858225, ""K4_nli_and_bypass_check"": 990.6226000000515, ""K5_decision"": 995.1482999999826}",28388
FACTURK-0179,DOĞRU,"[20593, 29609, 5214, 27098, 25113, 27780, 5724, 20468, 2386, 25969, 4506, 6056, 8654, 21925, 22131, 4872, 18101, 17988, 16554, 22328]","[0.9986541271209717, 2.6688529032981023e-05, 2.4682904040673748e-05, 1.593661909282673e-05, 0.005663865711539984, 2.7535690605873242e-05, 1.6314539607265033e-05, 1.9525883544702083e-05, 0.037326887249946594, 0.0013096056645736098, 1.6061610949691385e-05, 1.6314539607265033e-05, 0.0030278346966952085, 1.6061610949691385e-05, 1.657145367062185e-05, 0.00035281325108371675, 1.6061610949691385e-05, 1.593661909282673e-05, 0.000124362253700383, 0.00015356240328401327]",null,"[1.0, 0.0, 0.0]",True,YETERSİZ VERİ,KISMI,True,False,600.2845999998954,"{""K1_input_and_readiness"": 0.06010000015521655, ""K7_context"": 0.0018999999156221747, ""K1_normalization"": 0.010199999906035373, ""K6_advisory"": 37.86349999995764, ""K1_intent"": 0.04549999994196696, ""K2_retrieval"": 235.53609999999026, ""K3_reranker"": 313.38149999987763, ""K8_weighted_ranking"": 1.3858999998319632, ""K3_candidate_filters"": 7.361400000036156, ""K9_advisory_consensus"": 0.00959999988481286, ""K4_nli_and_bypass_check"": 0.202200000103403, ""K5_decision"": 0.2452999999604799}",20593
FACTURK-0180,YALAN,"[2000, 25049, 4855, 4721, 4866, 5214, 11451, 15684, 8884, 18468, 21500, 10051, 12622, 4532, 8759, 5710, 4469, 7730, 13838, 11058]","[0.043042849749326706, 0.010013571009039879, 0.001383117400109768, 0.06108710914850235, 2.2474090656032786e-05, 0.018404889851808548, 1.6442494597868063e-05, 0.00011501735571073368, 0.009268013760447502, 0.7994422912597656, 0.0005484792054630816, 0.002560870721936226, 0.543347954750061, 0.000626334105618298, 0.00018093574908562005, 0.0012399960542097688, 1.8342892872169614e-05, 1.6187581422855146e-05, 7.722192094661295e-05, 0.16105617582798004]","[0.0017805099487304688, 0.01267242431640625, 0.9853515625]","[0.0017805099487304688, 0.01267242431640625, 0.9853515625]",False,YETERSİZ VERİ,KISMI,True,False,4147.775899999942,"{""K1_input_and_readiness"": 0.08779999984653841, ""K7_context"": 0.0013999999737279722, ""K1_normalization"": 0.017399999933331856, ""K6_advisory"": 47.53619999996772, ""K1_intent"": 0.07550000009359792, ""K2_retrieval"": 388.2713000000422, ""K3_reranker"": 1387.737700000116, ""K8_weighted_ranking"": 1.4800999999806663, ""K3_candidate_filters"": 8.31289999996443, ""K9_advisory_consensus"": 0.009399999953529914, ""K4_nli_and_bypass_check"": 1192.626300000029, ""K5_decision"": 1117.7374999999756}",4721
FACTURK-0181,YALAN,"[14032, 18387, 30196, 15852, 8159, 11490, 29900, 16917, 28530, 18487, 18617, 4861, 22908, 24497, 10414, 18635, 24331, 24083, 11545, 22405]","[0.003350423648953438, 0.0006411777576431632, 0.002957902615889907, 4.231559796608053e-05, 0.0003225071995984763, 0.0003301527176517993, 0.00015720345254521817, 0.00010804955672938377, 4.5044595026411116e-05, 0.02382536791265011, 0.0006512682302854955, 0.0026522595435380936, 0.0004747042548842728, 0.00010229986219201237, 0.00982179306447506, 0.000192602863535285, 0.38722676038742065, 0.0002802109520416707, 0.0009659748757258058, 0.0002002737601287663]","[0.01284027099609375, 0.0017156600952148438, 0.9853515625]","[0.01284027099609375, 0.0017156600952148438, 0.9853515625]",False,YALAN,RED,False,False,1512.8537000000506,"{""K1_input_and_readiness"": 0.0665000000026339, ""K7_context"": 0.0016999999843392288, ""K1_normalization"": 0.01730000008137722, ""K6_advisory"": 39.99569999996311, ""K1_intent"": 0.043000000005122274, ""K2_retrieval"": 221.51110000004337, ""K3_reranker"": 656.9022999999561, ""K8_weighted_ranking"": 1.5682999999171443, ""K3_candidate_filters"": 8.652199999914956, ""K9_advisory_consensus"": 0.009399999953529914, ""K4_nli_and_bypass_check"": 307.9740999999103, ""K5_decision"": 271.5779999998631}",18487
FACTURK-0182,DOĞRU,"[1120, 25757, 9686, 8503, 15618, 25115, 29017, 9527, 21415, 14105, 27517, 3452, 29365, 20531, 19835, 26567, 704, 3259, 29838, 15978]","[0.004086002707481384, 0.004281254485249519, 0.003538086311891675, 0.4538971781730652, 0.6868953704833984, 0.0003500686143524945, 0.010052368976175785, 1.7917987861437723e-05, 4.469407213036902e-05, 0.0004044814850203693, 0.0029464049730449915, 1.6314539607265033e-05, 0.00012533752305898815, 1.6314539607265033e-05, 0.9465966820716858, 1.6061610949691385e-05, 0.0074030146934092045, 0.0003514382697176188, 0.0010608151787891984, 0.015424552373588085]","[0.998046875, 0.0008869171142578125, 0.0012884140014648438]","[0.998046875, 0.0008869171142578125, 0.0012884140014648438]",False,YETERSİZ VERİ,KISMI,True,False,1695.844999999963,"{""K1_input_and_readiness"": 0.05779999992228113, ""K7_context"": 0.0015999999050109182, ""K1_normalization"": 0.011400000175854075, ""K6_advisory"": 36.77619999984927, ""K1_intent"": 0.06220000000212167, ""K2_retrieval"": 260.47089999997297, ""K3_reranker"": 1067.2306999999819, ""K8_weighted_ranking"": 1.8213999999261432, ""K3_candidate_filters"": 6.752900000037698, ""K9_advisory_consensus"": 0.007899999900473631, ""K4_nli_and_bypass_check"": 157.12910000002012, ""K5_decision"": 159.63659999988522}",19835
FACTURK-0183,DOĞRU,"[12380, 6322, 20718, 20932, 26371, 24551, 14190, 16502, 9718, 14909, 28415, 26393, 28654, 28254, 8486, 15899, 24012, 9387, 11229, 23551]","[0.01358439214527607, 0.0003275842755101621, 0.0028009270317852497, 0.0004108485300093889, 0.0035243413876742125, 1.6442494597868063e-05, 0.0017752605490386486, 5.5622065701754764e-05, 0.00016346470511052758, 2.4876489987946115e-05, 0.0002269338583573699, 3.269927037763409e-05, 0.00029137005913071334, 0.00016093082376755774, 0.000159678646014072, 0.006463137920945883, 3.4808123018592596e-05, 1.750292540236842e-05, 0.00024536947603337467, 2.1278065105434507e-05]","[0.6162109375, 0.126953125, 0.2568359375]","[0.6162109375, 0.126953125, 0.2568359375]",False,YALAN,UYARI,False,False,1754.145600000129,"{""K1_input_and_readiness"": 0.07860000005166512, ""K7_context"": 0.0021999999262334313, ""K1_normalization"": 0.014299999975264654, ""K6_advisory"": 38.63690000002862, ""K1_intent"": 0.053999999863663106, ""K2_retrieval"": 238.79250000004504, ""K3_reranker"": 985.2312000000438, ""K8_weighted_ranking"": 1.5237000000070111, ""K3_candidate_filters"": 8.736300000009578, ""K9_advisory_consensus"": 0.009299999874201603, ""K4_nli_and_bypass_check"": 240.07589999996526, ""K5_decision"": 236.42389999986335}",12380
FACTURK-0184,DOĞRU,"[11764, 1410, 9488, 542, 14511, 21637, 27031, 2739, 22527, 11839, 29879, 23547, 13590, 2431, 28017, 12922, 19554, 9599, 13938, 3770]","[0.1581743359565735, 0.02527489699423313, 0.07290027290582657, 0.0002234163403045386, 0.000337979436153546, 0.02076473832130432, 0.00025714197545312345, 0.001512938179075718, 2.094818773912266e-05, 0.00013982206291984767, 4.365878339740448e-05, 0.000458312890259549, 2.178264912799932e-05, 0.01024860143661499, 0.0004013350699096918, 7.484622619813308e-05, 0.0008559006964787841, 1.7366719475830905e-05, 0.0026834397576749325, 3.7931622500764206e-05]","[0.03485107421875, 0.78125, 0.183837890625]","[0.03485107421875, 0.78125, 0.183837890625]",False,YALAN,RED,False,False,1638.2174000000305,"{""K1_input_and_readiness"": 0.08649999995213875, ""K7_context"": 0.0015999999050109182, ""K1_normalization"": 0.017500000012660166, ""K6_advisory"": 37.70800000006602, ""K1_intent"": 0.06099999995967664, ""K2_retrieval"": 334.4567999999981, ""K3_reranker"": 1217.4942000001465, ""K8_weighted_ranking"": 1.4989000001150998, ""K3_candidate_filters"": 7.84990000011021, ""K9_advisory_consensus"": 0.009099999942918657, ""K4_nli_and_bypass_check"": 34.834699999919394, ""K5_decision"": 0.482200000078592}",11839
FACTURK-0185,DOĞRU,"[18230, 10903, 18181, 2007, 5164, 22922, 12152, 18865, 22209, 526, 20027, 23463, 1582, 3233, 14101, 11989, 4186, 17961, 13302, 23656]","[0.0013458604225888848, 0.0003301527176517993, 0.0011291546979919076, 0.002074867021292448, 0.002199798123911023, 0.006718870252370834, 0.00034329999471083283, 0.010052368976175785, 0.00034464316559024155, 2.526822754589375e-05, 0.0001547666179249063, 3.70529705833178e-05, 0.0011879054363816977, 2.178264912799932e-05, 0.002199798123911023, 0.00018667821132112294, 3.426849070820026e-05, 1.805851934477687e-05, 0.00010804955672938377, 4.870464181294665e-05]","[0.0028820037841796875, 0.99658203125, 0.0006256103515625]","[0.0028820037841796875, 0.99658203125, 0.0006256103515625]",False,YALAN,RED,False,False,1912.9456000000573,"{""K1_input_and_readiness"": 0.06830000006630144, ""K7_context"": 0.0015999999050109182, ""K1_normalization"": 0.01240000005964248, ""K6_advisory"": 36.76769999992757, ""K1_intent"": 0.07730000015726546, ""K2_retrieval"": 272.6631999998972, ""K3_reranker"": 296.07259999988855, ""K8_weighted_ranking"": 1.4713999999003136, ""K3_candidate_filters"": 7.546399999910136, ""K9_advisory_consensus"": 0.008400000069741509, ""K4_nli_and_bypass_check"": 668.972599999961, ""K5_decision"": 625.7292000000234}",14101
FACTURK-0186,DOĞRU,"[22218, 12864, 21058, 13989, 12715, 5023, 9150, 28547, 20446, 5535, 1499, 13390, 27696, 25228, 1272, 28144, 11479, 11125, 18332, 23757]","[0.6504672765731812, 0.022715754806995392, 0.000437334441812709, 0.07198162376880646, 0.09268777817487717, 0.017309095710515976, 0.22135066986083984, 0.004101929254829884, 0.046378202736377716, 0.006003595422953367, 0.006984650157392025, 0.0030160662718117237, 0.03155902028083801, 0.7975568175315857, 0.020567094907164574, 0.38110437989234924, 0.016850080341100693, 0.08601588010787964, 0.0075479233637452126, 0.0012893283274024725]","[0.0007004737854003906, 0.01128387451171875, 0.98779296875]","[0.0007004737854003906, 0.01128387451171875, 0.98779296875]",False,DOĞRU,ONAY,False,False,1356.2999999999192,"{""K1_input_and_readiness"": 0.1045000001340668, ""K7_context"": 0.0018000000636675395, ""K1_normalization"": 0.020300000187489786, ""K6_advisory"": 38.10760000010305, ""K1_intent"": 0.060300000086499495, ""K2_retrieval"": 368.5337999997955, ""K3_reranker"": 889.705000000049, ""K8_weighted_ranking"": 1.4345999998113257, ""K3_candidate_filters"": 7.560900000044057, ""K9_advisory_consensus"": 0.0087999999323074, ""K4_nli_and_bypass_check"": 46.78229999990435, ""K5_decision"": 0.4552000000330736}",25228
FACTURK-0187,DOĞRU,"[6858, 1791, 17272, 3889, 29381, 9214, 8352, 21772, 13354, 17824, 25444, 25038, 7762, 15609, 23933, 8315, 21737, 16434, 6816, 1056]","[0.0017342078499495983, 0.0002251682453788817, 0.22371606528759003, 0.0006986756343394518, 2.4876489987946115e-05, 0.02319762483239174, 0.0002131875662598759, 0.00021152888075448573, 0.0006462032906711102, 1.67014204635052e-05, 0.0501442477107048, 0.26664361357688904, 1.683241134742275e-05, 0.06754669547080994, 0.02010023407638073, 1.67014204635052e-05, 0.03339982032775879, 4.1335399146191776e-05, 0.000192602863535285, 7.031184941297397e-05]","[0.0002486705780029297, 0.998046875, 0.0017919540405273438]","[0.0002486705780029297, 0.998046875, 0.0017919540405273438]",False,YETERSİZ VERİ,RET,True,False,2683.530099999871,"{""K1_input_and_readiness"": 0.05050000004303001, ""K7_context"": 0.0013999999737279722, ""K1_normalization"": 0.009000000090964022, ""K6_advisory"": 39.190099999814265, ""K1_intent"": 0.04570000010062358, ""K2_retrieval"": 312.503500000048, ""K3_reranker"": 1541.1533999999847, ""K8_weighted_ranking"": 1.622800000177449, ""K3_candidate_filters"": 7.411499999989246, ""K9_advisory_consensus"": 0.008199999911084888, ""K4_nli_and_bypass_check"": 412.6705999999558, ""K5_decision"": 364.5490000001246}",17272
FACTURK-0188,YALAN,"[5578, 5949, 24661, 21674, 12087, 30148, 4532, 4452, 29415, 3324, 29267, 28266, 3185, 2080, 12071, 6189, 28091, 22587, 4160, 27302]","[0.0017614696407690644, 0.00039357561036013067, 0.00012731103925034404, 0.0064882696606218815, 0.042087726294994354, 0.007011794950813055, 0.002278330735862255, 0.01353214867413044, 0.00035281325108371675, 0.008847354911267757, 0.0010566838318482041, 0.00048406238784082234, 0.0008727670647203922, 8.888084994396195e-05, 0.0007437028689309955, 0.0001344663032796234, 1.9073577277595177e-05, 2.1278065105434507e-05, 3.071818719035946e-05, 1.6061610949691385e-05]","[0.0006699562072753906, 0.99853515625, 0.0010318756103515625]","[0.0006699562072753906, 0.99853515625, 0.0010318756103515625]",False,YALAN,UYARI,False,False,3444.0759999999955,"{""K1_input_and_readiness"": 0.073900000188587, ""K7_context"": 0.002300000005561742, ""K1_normalization"": 0.011899999890374602, ""K6_advisory"": 36.374600000044666, ""K1_intent"": 0.04820000003746827, ""K2_retrieval"": 281.38209999997343, ""K3_reranker"": 1228.7920999999642, ""K8_weighted_ranking"": 1.546499999903972, ""K3_candidate_filters"": 7.8273000001445325, ""K9_advisory_consensus"": 0.0087999999323074, ""K4_nli_and_bypass_check"": 966.4612999999918, ""K5_decision"": 918.2918999999856}",28266
FACTURK-0189,DOĞRU,"[19351, 18431, 13442, 29094, 11010, 7735, 23905, 17153, 12798, 5895, 5668, 9658, 16651, 19588, 28962, 21996, 16699, 5494, 12305, 24009]","[0.06313490122556686, 0.0003799845289904624, 0.00015720345254521817, 1.67014204635052e-05, 2.6897845600615256e-05, 1.9525883544702083e-05, 1.6442494597868063e-05, 0.06244528666138649, 1.6314539607265033e-05, 3.244481558795087e-05, 1.6314539607265033e-05, 4.0694576455280185e-05, 1.9525883544702083e-05, 1.6187581422855146e-05, 6.922183820279315e-05, 0.0025708682369440794, 0.048496000468730927, 8.415108459303156e-05, 1.6314539607265033e-05, 1.67014204635052e-05]","[0.0005030632019042969, 0.9990234375, 0.0002294778823852539]","[0.0005030632019042969, 0.9990234375, 0.0002294778823852539]",False,DOĞRU,ONAY,False,False,1455.5250000000797,"{""K1_input_and_readiness"": 0.790499999993699, ""K7_context"": 0.0025000001642183634, ""K1_normalization"": 0.01160000010713702, ""K6_advisory"": 35.06659999993644, ""K1_intent"": 0.05149999992681842, ""K2_retrieval"": 236.53190000004543, ""K3_reranker"": 399.5385000000624, ""K8_weighted_ranking"": 1.2028999999529333, ""K3_candidate_filters"": 6.305599999905098, ""K9_advisory_consensus"": 0.007099999947968172, ""K4_nli_and_bypass_check"": 392.3867999999402, ""K5_decision"": 379.98540000012326}",5494
FACTURK-0190,YALAN,"[21442, 18363, 27285, 27885, 8127, 9622, 2615, 3887, 27879, 7227, 27467, 24621, 17660, 24271, 21657, 20506, 10655, 26771, 20768, 20891]","[0.0005112579092383385, 0.0003301527176517993, 0.0008864988922141492, 2.586742994026281e-05, 0.0011203772155568004, 0.00018093574908562005, 0.0003799845289904624, 0.0004994205664843321, 0.0014895173953846097, 0.009412589482963085, 0.0003006163169629872, 0.00815624836832285, 0.0013096056645736098, 0.04509957134723663, 6.253713218029588e-05, 0.052327629178762436, 0.0008796061738394201, 0.0007321811863221228, 0.0015916259726509452, 0.0005907104350626469]","[0.0198974609375, 0.3955078125, 0.58447265625]","[0.0198974609375, 0.3955078125, 0.58447265625]",False,YALAN,RED,False,False,926.5999000001557,"{""K1_input_and_readiness"": 0.05289999990054639, ""K7_context"": 0.001300000121773337, ""K1_normalization"": 0.010099999826707062, ""K6_advisory"": 39.33859999983724, ""K1_intent"": 0.05339999984244059, ""K2_retrieval"": 239.67369999991206, ""K3_reranker"": 210.782300000119, ""K8_weighted_ranking"": 1.246499999979278, ""K3_candidate_filters"": 6.471700000020064, ""K9_advisory_consensus"": 0.008099999831756577, ""K4_nli_and_bypass_check"": 214.66800000007424, ""K5_decision"": 210.12219999988702}",8127
FACTURK-0191,DOĞRU,"[5224, 19539, 17558, 12191, 25103, 26149, 24920, 3972, 489, 7290, 10178, 21619, 16071, 14360, 12175, 20963, 7967, 17152, 9013, 17870]","[0.0008899655076675117, 2.4300241420860402e-05, 0.002511463360860944, 1.9525883544702083e-05, 1.67014204635052e-05, 1.6314539607265033e-05, 1.6187581422855146e-05, 2.818866414600052e-05, 1.7097478121286258e-05, 2.1112482500029728e-05, 1.593661909282673e-05, 8.888084994396195e-05, 0.00032503585680387914, 1.6187581422855146e-05, 1.922317096614279e-05, 1.6061610949691385e-05, 1.593661909282673e-05, 1.6314539607265033e-05, 1.6187581422855146e-05, 2.4682904040673748e-05]","[0.30322265625, 0.045501708984375, 0.6513671875]","[0.30322265625, 0.045501708984375, 0.6513671875]",False,YALAN,RED,False,False,960.8549000001858,"{""K1_input_and_readiness"": 0.06890000008752395, ""K7_context"": 0.0019000001429958502, ""K1_normalization"": 0.009600000112186535, ""K6_advisory"": 38.148999999975786, ""K1_intent"": 0.04179999996267725, ""K2_retrieval"": 232.41440000015245, ""K3_reranker"": 211.25900000015463, ""K8_weighted_ranking"": 1.4189000000897067, ""K3_candidate_filters"": 7.04289999998764, ""K9_advisory_consensus"": 0.007599999889862374, ""K4_nli_and_bypass_check"": 261.34909999996125, ""K5_decision"": 205.6331000001137}",10178
FACTURK-0192,DOĞRU,"[19325, 27343, 11505, 20335, 6977, 2313, 1288, 5692, 28002, 12545, 10454, 12305, 27852, 6334, 24499, 10438, 16288, 19631, 4147, 23204]","[0.9460012316703796, 0.00020825010142289102, 0.00012731103925034404, 0.0001559802913106978, 0.00015843621804378927, 0.0008199321455322206, 4.006369272246957e-05, 0.00022167809947859496, 0.0011469158343970776, 0.000539980421308428, 0.00013982206291984767, 7.254361844388768e-05, 0.0001344663032796234, 0.0005112579092383385, 0.0004747042548842728, 5.694102947018109e-05, 1.6314539607265033e-05, 2.1278065105434507e-05, 1.6314539607265033e-05, 0.0008796061738394201]","[0.03192138671875, 0.96728515625, 0.0010166168212890625]","[0.03192138671875, 0.96728515625, 0.0010166168212890625]",False,YALAN,UYARI,False,False,1253.2032999999956,"{""K1_input_and_readiness"": 0.04739999985758914, ""K7_context"": 0.0014999998256826075, ""K1_normalization"": 0.008400000069741509, ""K6_advisory"": 35.95760000007431, ""K1_intent"": 0.036399999999048305, ""K2_retrieval"": 225.4986000000372, ""K3_reranker"": 661.1308999999892, ""K8_weighted_ranking"": 1.431700000011915, ""K3_candidate_filters"": 7.344699999976001, ""K9_advisory_consensus"": 0.007299999879251118, ""K4_nli_and_bypass_check"": 167.84689999985858, ""K5_decision"": 149.74729999994452}",19325
FACTURK-0193,DOĞRU,"[4093, 4710, 2121, 16665, 27488, 25295, 28378, 4659, 11250, 17797, 7409, 18508, 14559, 3503, 17170, 7203, 23512, 16807, 9953, 2623]","[0.025662705302238464, 0.12787027657032013, 0.0032350558321923018, 0.0001621928095119074, 0.0003889921063091606, 0.004520817659795284, 0.000609450158663094, 5.694102947018109e-05, 9.387641330249608e-05, 0.015543648041784763, 0.0018102108733728528, 0.0001956353517016396, 0.00014539113908540457, 0.0014550630003213882, 4.1659583075670525e-05, 0.059101540595293045, 0.0001511819864390418, 0.0013993984321132302, 2.7751651941798627e-05, 0.001004416379146278]","[0.0019817352294921875, 0.06915283203125, 0.9287109375]","[0.0019817352294921875, 0.06915283203125, 0.9287109375]",False,DOĞRU,ONAY,False,False,1688.10029999986,"{""K1_input_and_readiness"": 0.08550000006835035, ""K7_context"": 0.0026000000161729986, ""K1_normalization"": 0.016399999822169775, ""K6_advisory"": 38.742299999967145, ""K1_intent"": 0.0638999999864609, ""K2_retrieval"": 275.43040000000474, ""K3_reranker"": 848.2425000001967, ""K8_weighted_ranking"": 1.5462000001207343, ""K3_candidate_filters"": 6.053099999917322, ""K9_advisory_consensus"": 0.006699999858028605, ""K4_nli_and_bypass_check"": 279.98170000000755, ""K5_decision"": 234.38800000008086}",4710
FACTURK-0194,DOĞRU,"[8602, 5958, 15787, 28867, 9563, 25004, 12818, 23631, 475, 25873, 10217, 3737, 22737, 17958, 4791, 4694, 23117, 2157, 10662, 3641]","[0.029760092496871948, 0.0002780309587251395, 4.1335399146191776e-05, 0.004591683857142925, 4.683888619183563e-05, 0.00014091856428422034, 0.00021824207215104252, 5.738759500673041e-05, 0.005865338258445263, 0.00010720880527514964, 0.008251599036157131, 6.014152313582599e-05, 3.619466951931827e-05, 7.254361844388768e-05, 7.602479308843613e-05, 0.0015669887652620673, 7.031184941297397e-05, 3.9135655242716894e-05, 0.00032503585680387914, 7.602479308843613e-05]","[0.0219879150390625, 0.97216796875, 0.005962371826171875]","[0.0219879150390625, 0.97216796875, 0.005962371826171875]",False,DOĞRU,ONAY,False,False,1827.5201999999808,"{""K1_input_and_readiness"": 0.05720000012843229, ""K7_context"": 0.001500000053056283, ""K1_normalization"": 0.01150000002780871, ""K6_advisory"": 34.618299999920055, ""K1_intent"": 0.04889999991064542, ""K2_retrieval"": 237.51390000006722, ""K3_reranker"": 899.7802999999749, ""K8_weighted_ranking"": 1.3579999999819847, ""K3_candidate_filters"": 7.027500000049258, ""K9_advisory_consensus"": 0.008199999911084888, ""K4_nli_and_bypass_check"": 349.4519000000764, ""K5_decision"": 294.4497000000865}",8602
FACTURK-0195,YALAN,"[4770, 25033, 30006, 2129, 4872, 75, 28039, 125, 7577, 25399, 17816, 18895, 27699, 1890, 12613, 27074, 20837, 9360, 17066, 5756]","[0.00027372167096473277, 0.00010637458035489544, 0.000191104321856983, 0.0003569706459529698, 1.7097478121286258e-05, 0.00020342698553577065, 1.7778551409719512e-05, 0.00020825010142289102, 2.1278065105434507e-05, 0.0002591582597233355, 6.761842087144032e-05, 0.00020502213737927377, 0.000487857119878754, 1.6187581422855146e-05, 0.0001673405058681965, 1.6187581422855146e-05, 0.0001837845629779622, 1.683241134742275e-05, 4.794958294951357e-05, 4.832564081880264e-05]","[0.007022857666015625, 0.98974609375, 0.0032444000244140625]","[0.007022857666015625, 0.98974609375, 0.0032444000244140625]",False,YALAN,UYARI,False,False,1193.1298999998035,"{""K1_input_and_readiness"": 0.05220000002736924, ""K7_context"": 0.0014999998256826075, ""K1_normalization"": 0.007300000106624793, ""K6_advisory"": 34.60499999982858, ""K1_intent"": 0.0328000000990869, ""K2_retrieval"": 194.99089999999342, ""K3_reranker"": 449.45400000005975, ""K8_weighted_ranking"": 1.3432000000648259, ""K3_candidate_filters"": 6.645899999966787, ""K9_advisory_consensus"": 0.007200000027296483, ""K4_nli_and_bypass_check"": 265.41080000015427, ""K5_decision"": 235.79459999996288}",25399
FACTURK-0196,DOĞRU,"[24272, 1218, 18325, 7662, 5817, 2566, 12706, 11149, 11901, 13591, 7441, 16473, 13586, 18352, 9606, 19558, 13813, 10484, 15923, 16948]","[0.00044770087697543204, 0.0002287133247591555, 0.0006798428948968649, 0.00021824207215104252, 1.6964426322374493e-05, 0.0003053489199373871, 0.0023688741493970156, 5.920916373725049e-05, 0.0007466114475391805, 0.001747785834595561, 0.00407013762742281, 1.6964426322374493e-05, 1.8486754925106652e-05, 0.005620036274194717, 4.757645365316421e-05, 4.575391358230263e-05, 2.0623421733034775e-05, 3.4001819585682824e-05, 0.0008295892039313912, 1.6442494597868063e-05]","[0.0002942085266113281, 0.99951171875, 0.0002434253692626953]","[0.0002942085266113281, 0.99951171875, 0.0002434253692626953]",False,DOĞRU,ONAY,False,False,983.3942000000206,"{""K1_input_and_readiness"": 0.06740000003446767, ""K7_context"": 0.001500000053056283, ""K1_normalization"": 0.013000000080864993, ""K6_advisory"": 35.62400000009802, ""K1_intent"": 0.04269999999451102, ""K2_retrieval"": 216.71100000003207, ""K3_reranker"": 670.541299999968, ""K8_weighted_ranking"": 1.163899999937712, ""K3_candidate_filters"": 6.43709999985731, ""K9_advisory_consensus"": 0.007699999969190685, ""K4_nli_and_bypass_check"": 48.376400000051945, ""K5_decision"": 0.8341000000200438}",19558
FACTURK-0197,YALAN,"[5272, 5300, 20863, 29196, 10360, 4119, 14792, 12161, 30347, 13711, 1840, 6047, 29875, 30352, 21515, 3315, 24421, 21495, 4384, 24454]","[0.4563492238521576, 0.4480036199092865, 0.0028009270317852497, 0.0003150386910419911, 0.00049553596181795, 6.402006692951545e-05, 0.005040702875703573, 0.05155818909406662, 0.18403315544128418, 0.1557193398475647, 0.007968815043568611, 0.0626743733882904, 1.9833367332466878e-05, 0.0014779430348426104, 0.007846239022910595, 0.002580904169008136, 0.006388320587575436, 2.2827996872365475e-05, 0.009633651934564114, 1.683241134742275e-05]","[0.00186920166015625, 0.98388671875, 0.01447296142578125]","[0.00186920166015625, 0.98388671875, 0.01447296142578125]",False,YALAN,UYARI,False,False,2246.5073999999277,"{""K1_input_and_readiness"": 0.0830999999834603, ""K7_context"": 0.0013999999737279722, ""K1_normalization"": 0.014700000065204222, ""K6_advisory"": 33.327500000041255, ""K1_intent"": 0.058600000102160266, ""K2_retrieval"": 307.59020000004966, ""K3_reranker"": 1867.764599999873, ""K8_weighted_ranking"": 1.1239000000387023, ""K3_candidate_filters"": 5.961800000022777, ""K9_advisory_consensus"": 0.007200000027296483, ""K4_nli_and_bypass_check"": 27.079700000058438, ""K5_decision"": 0.21590000005744514}",5272
FACTURK-0198,DOĞRU,"[23181, 26284, 22218, 1272, 2993, 29892, 11479, 25228, 15787, 27696, 25225, 12809, 8347, 28417, 21089, 9039, 6047, 1302, 28347, 23686]","[0.14730967581272125, 0.5824910402297974, 0.20721471309661865, 0.026455774903297424, 0.005260852165520191, 0.027376487851142883, 0.03697755187749863, 0.03919513151049614, 0.013273886404931545, 0.35353976488113403, 0.045183755457401276, 0.016466174274683, 0.016593176871538162, 0.49782949686050415, 0.19147881865501404, 0.4706149399280548, 0.00027372167096473277, 0.0011424495605751872, 0.005957154091447592, 0.003854363691061735]","[0.0007500648498535156, 0.1748046875, 0.82421875]","[0.0007500648498535156, 0.1748046875, 0.82421875]",False,DOĞRU,ONAY,False,False,2455.789400000185,"{""K1_input_and_readiness"": 0.06839999991825607, ""K7_context"": 0.0012000000424450263, ""K1_normalization"": 0.011099999937869143, ""K6_advisory"": 35.05470000004607, ""K1_intent"": 0.05279999982121808, ""K2_retrieval"": 265.3175000000374, ""K3_reranker"": 920.3096999999616, ""K8_weighted_ranking"": 1.0842000001503038, ""K3_candidate_filters"": 6.165900000041802, ""K9_advisory_consensus"": 0.007099999947968172, ""K4_nli_and_bypass_check"": 616.9525999998768, ""K5_decision"": 607.5094000000263}",26284
FACTURK-0199,DOĞRU,"[12333, 19190, 5039, 6412, 13983, 1562, 12469, 27018, 6069, 29539, 25231, 4002, 21998, 8813, 11330, 16824, 23772, 10656, 3249, 9572]","[0.01024860143661499, 0.0006000071880407631, 0.00026530236937105656, 0.0011335690505802631, 0.00031015597051009536, 1.6442494597868063e-05, 1.6314539607265033e-05, 0.00026947917649522424, 0.0007208379684016109, 5.5622065701754764e-05, 1.7097478121286258e-05, 1.7366719475830905e-05, 0.00016603845870122313, 0.0006118340534158051, 8.415108459303156e-05, 6.0613183450186625e-05, 0.0025909794494509697, 3.1201914680423215e-05, 1.6442494597868063e-05, 0.0011559007689356804]","[0.0007929801940917969, 0.9990234375, 0.00031113624572753906]","[0.0007929801940917969, 0.9990234375, 0.00031113624572753906]",False,YETERSİZ VERİ,RET,True,False,2156.4502000001085,"{""K1_input_and_readiness"": 0.051699999858101364, ""K7_context"": 0.0016000001323845936, ""K1_normalization"": 0.009700000191514846, ""K6_advisory"": 35.59509999990951, ""K1_intent"": 0.05329999999048596, ""K2_retrieval"": 251.0464999998021, ""K3_reranker"": 1007.0537999999942, ""K8_weighted_ranking"": 1.4714999999796419, ""K3_candidate_filters"": 7.140199999867036, ""K9_advisory_consensus"": 0.007899999900473631, ""K4_nli_and_bypass_check"": 434.42650000019967, ""K5_decision"": 416.05330000015783}",6069
FACTURK-0200,DOĞRU,"[4119, 24217, 3423, 25108, 12763, 16322, 10, 30120, 26227, 3339, 6312, 14012, 15755, 21058, 7120, 8602, 2506, 7623, 8507, 5535]","[1.7366719475830905e-05, 0.020332353189587593, 0.28348374366760254, 0.008412977680563927, 0.001987774157896638, 3.4537253668531775e-05, 0.039048291742801666, 0.0014214044203981757, 0.0008199321455322206, 0.0007947254925966263, 7.905303937150165e-05, 0.0013096056645736098, 0.00029137005913071334, 0.00013658353418577462, 0.19528697431087494, 0.007039045449346304, 0.0001956353517016396, 0.0001686527393758297, 3.5633544030133635e-05, 0.00018667821132112294]","[0.0018377304077148438, 0.99169921875, 0.0063018798828125]","[0.0018377304077148438, 0.99169921875, 0.0063018798828125]",False,YALAN,UYARI,False,False,1602.4124999999003,"{""K1_input_and_readiness"": 0.07200000004559115, ""K7_context"": 0.0012999998943996616, ""K1_normalization"": 0.013200000012147939, ""K6_advisory"": 33.165600000074846, ""K1_intent"": 0.051799999937429675, ""K2_retrieval"": 331.5365999999358, ""K3_reranker"": 1192.4002999999175, ""K8_weighted_ranking"": 1.4263000000482862, ""K3_candidate_filters"": 7.232399999793415, ""K9_advisory_consensus"": 0.008499999921696144, ""K4_nli_and_bypass_check"": 32.29800000008254, ""K5_decision"": 0.23260000011759985}",24217
FACTURK-0201,DOĞRU,"[24946, 6387, 10614, 1212, 22301, 29832, 5133, 11411, 13673, 2724, 20296, 16041, 17124, 14919, 16218, 26733, 3670, 23215, 18988, 29507]","[0.9995505213737488, 0.009020279161632061, 0.19436779618263245, 0.027954399585723877, 0.0003569706459529698, 0.00034870431409217417, 0.00034870431409217417, 0.0005092656938359141, 6.452214438468218e-05, 0.02433018945157528, 0.00038446192047558725, 0.00011682839976856485, 1.6061610949691385e-05, 0.0005861161625944078, 0.004773722495883703, 0.00043904531048610806, 0.004982269834727049, 0.0019646615255624056, 0.0008040859247557819, 0.0023596605751663446]",null,"[1.0, 0.0, 0.0]",True,YETERSİZ VERİ,KISMI,True,False,1156.5737000000809,"{""K1_input_and_readiness"": 0.06310000003395544, ""K7_context"": 0.0016999999843392288, ""K1_normalization"": 0.011699999959091656, ""K6_advisory"": 37.931399999934, ""K1_intent"": 0.04640000020117441, ""K2_retrieval"": 233.98189999988972, ""K3_reranker"": 874.1665000000012, ""K8_weighted_ranking"": 1.0915999998815096, ""K3_candidate_filters"": 5.609299999832729, ""K9_advisory_consensus"": 0.006499999926745659, ""K4_nli_and_bypass_check"": 0.18700000009630457, ""K5_decision"": 0.2412000001186243}",24946
FACTURK-0202,DOĞRU,"[29775, 22661, 24091, 4525, 5206, 17307, 8293, 8064, 19296, 20659, 30200, 13876, 4056, 11061, 28389, 11482, 22309, 9984, 7686, 16472]","[0.01342825498431921, 0.005685906857252121, 0.006903838831931353, 0.008093290030956268, 0.0018102108733728528, 0.00677120964974165, 0.007937993854284286, 0.004248078912496567, 0.005119676236063242, 0.0007014083093963563, 0.0004407629603520036, 5.783766391687095e-05, 0.0012644219677895308, 5.0644717703107744e-05, 0.00013658353418577462, 4.539786823443137e-05, 0.0011424495605751872, 6.976470467634499e-05, 7.368592923739925e-05, 0.0007379196467809379]","[0.0006213188171386719, 0.9990234375, 0.0004799365997314453]","[0.0006213188171386719, 0.9990234375, 0.0004799365997314453]",False,YALAN,RED,False,False,1479.6362000001864,"{""K1_input_and_readiness"": 0.04479999984141614, ""K7_context"": 0.001500000053056283, ""K1_normalization"": 0.008600000001024455, ""K6_advisory"": 35.7174999999188, ""K1_intent"": 0.03710000009959913, ""K2_retrieval"": 232.84559999979138, ""K3_reranker"": 1175.0641999999516, ""K8_weighted_ranking"": 1.3489999998910207, ""K3_candidate_filters"": 6.049999999959255, ""K9_advisory_consensus"": 0.00670000008540228, ""K4_nli_and_bypass_check"": 23.943200000076104, ""K5_decision"": 0.22100000001046283}",4525
FACTURK-0203,YALAN,"[29110, 7773, 4632, 18925, 6920, 1522, 12134, 28320, 11978, 26261, 14298, 29203, 29255, 806, 15490, 19698, 30481, 23869, 30480, 1988]","[0.9965837001800537, 0.005842605605721474, 0.0007014083093963563, 7.843789353501052e-05, 0.0004124558763578534, 0.20339089632034302, 0.002822832902893424, 0.00039666122756898403, 0.07613247632980347, 0.0004897656035609543, 0.00028462239424698055, 0.00020184421737212688, 0.000570315751247108, 0.031439851969480515, 0.49691399931907654, 0.0002396868512732908, 1.6314539607265033e-05, 0.0001015038214973174, 1.6442494597868063e-05, 0.0008525666198693216]",null,"[1.0, 0.0, 0.0]",True,YALAN,UYARI,False,False,1181.481400000166,"{""K1_input_and_readiness"": 0.039399999877787195, ""K7_context"": 0.001300000121773337, ""K1_normalization"": 0.006900000016685226, ""K6_advisory"": 34.740099999908125, ""K1_intent"": 0.030700000024808105, ""K2_retrieval"": 183.9946999998574, ""K3_reranker"": 937.0702000001074, ""K8_weighted_ranking"": 1.2776000000940257, ""K3_candidate_filters"": 6.787300000041796, ""K9_advisory_consensus"": 0.008399999842367833, ""K4_nli_and_bypass_check"": 0.30730000003131863, ""K5_decision"": 0.3529000000526139}",29110
FACTURK-0204,DOĞRU,"[10770, 25701, 29480, 12616, 21676, 1781, 4012, 14033, 28728, 14044, 1970, 18355, 20341, 9013, 11155, 6234, 7148, 19578, 2688, 18535]","[0.05613277852535248, 0.000458312890259549, 0.08850465714931488, 2.094818773912266e-05, 0.0004765612829942256, 2.3007036361377686e-05, 1.7778551409719512e-05, 1.6061610949691385e-05, 0.0013045065570622683, 4.0694576455280185e-05, 0.010288300924003124, 3.321419353596866e-05, 2.6897845600615256e-05, 1.6314539607265033e-05, 1.6314539607265033e-05, 0.002191240666434169, 0.0014103584690019488, 0.00023413581948261708, 1.6061610949691385e-05, 0.0009075025445781648]","[0.0030879974365234375, 0.9931640625, 0.00386810302734375]","[0.0030879974365234375, 0.9931640625, 0.00386810302734375]",False,DOĞRU,ONAY,False,False,3255.2246000000196,"{""K1_input_and_readiness"": 0.061599999980899156, ""K7_context"": 0.0012000000424450263, ""K1_normalization"": 0.022599999965677853, ""K6_advisory"": 34.943800000064584, ""K1_intent"": 0.047799999947528704, ""K2_retrieval"": 279.28610000003573, ""K3_reranker"": 1079.4174000000112, ""K8_weighted_ranking"": 1.692999999931999, ""K3_candidate_filters"": 8.480299999973795, ""K9_advisory_consensus"": 0.007999999979801942, ""K4_nli_and_bypass_check"": 929.9829999999929, ""K5_decision"": 917.363400000113}",14044
FACTURK-0205,DOĞRU,"[20122, 26698, 28378, 4516, 19554, 16363, 23251, 13218, 4999, 26468, 12375, 16671, 29365, 3607, 25037, 14498, 621, 9980, 15290, 20529]","[0.004591683857142925, 2.318747829122003e-05, 1.8631746570463292e-05, 7.141901005525142e-05, 1.657145367062185e-05, 0.0014325366355478764, 0.0013617033837363124, 0.00015236754552461207, 5.783766391687095e-05, 2.1278065105434507e-05, 1.6187581422855146e-05, 1.6187581422855146e-05, 1.6442494597868063e-05, 1.9988918211311102e-05, 4.985958003089763e-05, 0.00020662980386987329, 1.6314539607265033e-05, 1.6314539607265033e-05, 1.657145367062185e-05, 5.649793456541374e-05]","[0.016815185546875, 0.9775390625, 0.00582122802734375]","[0.016815185546875, 0.9775390625, 0.00582122802734375]",False,YETERSİZ VERİ,RET,True,False,1396.5519999999287,"{""K1_input_and_readiness"": 0.052800000048591755, ""K7_context"": 0.0019999999949504854, ""K1_normalization"": 0.010500000144020305, ""K6_advisory"": 37.45070000013584, ""K1_intent"": 0.054899999895496876, ""K2_retrieval"": 267.65230000000884, ""K3_reranker"": 474.95969999999943, ""K8_weighted_ranking"": 1.8578000001525652, ""K3_candidate_filters"": 13.510500000165848, ""K9_advisory_consensus"": 0.011800000038419967, ""K4_nli_and_bypass_check"": 315.9030999997867, ""K5_decision"": 279.0197999997872}",20122
FACTURK-0206,YALAN,"[29913, 19220, 2031, 23504, 16021, 17576, 17883, 13945, 8855, 20823, 17094, 25239, 17244, 1587, 22123, 20323, 25948, 17604, 2288, 10719]","[0.9994786381721497, 0.0009326360304839909, 1.657145367062185e-05, 1.8486754925106652e-05, 0.00013658353418577462, 0.00010391067189630121, 0.007317397277802229, 0.0001500056532677263, 1.7640199075685814e-05, 8.415108459303156e-05, 0.00027586790383793414, 0.00041568948654457927, 3.647853736765683e-05, 0.0007014083093963563, 0.0036499870475381613, 0.00022167809947859496, 3.70529705833178e-05, 1.6061610949691385e-05, 1.805851934477687e-05, 0.00018522572645451874]","[0.99951171875, 0.00019550323486328125, 0.0004296302795410156]","[0.99951171875, 0.00019550323486328125, 0.0004296302795410156]",False,YALAN,UYARI,False,False,2222.50310000004,"{""K1_input_and_readiness"": 0.11089999998148414, ""K7_context"": 0.0018999999156221747, ""K1_normalization"": 0.0170999999227206, ""K6_advisory"": 49.396599999909085, ""K1_intent"": 0.058500000022831955, ""K2_retrieval"": 343.05029999995895, ""K3_reranker"": 1055.649800000083, ""K8_weighted_ranking"": 1.628200000141078, ""K3_candidate_filters"": 9.292599999980666, ""K9_advisory_consensus"": 0.01160000010713702, ""K4_nli_and_bypass_check"": 379.2548000001261, ""K5_decision"": 379.69029999999293}",29913
FACTURK-0207,DOĞRU,"[16231, 4992, 27818, 12152, 27017, 13048, 25108, 15036, 7924, 29025, 20105, 22465, 18561, 10902, 12622, 29505, 17599, 7224, 9872, 12330]","[0.0019043302163481712, 2.030369250860531e-05, 0.004281254485249519, 3.095910506090149e-05, 0.0013993984321132302, 0.002225670963525772, 3.269927037763409e-05, 0.02157406695187092, 6.922183820279315e-05, 2.2125668692751788e-05, 0.0035518845543265343, 0.00010554686014074832, 0.00011147904297104105, 6.402006692951545e-05, 0.007204769179224968, 0.00026323829661123455, 1.657145367062185e-05, 0.009055263362824917, 0.0011695103021338582, 7.031184941297397e-05]","[0.00249481201171875, 0.98291015625, 0.01438140869140625]","[0.00249481201171875, 0.98291015625, 0.01438140869140625]",False,YALAN,UYARI,False,False,1717.0512000000144,"{""K1_input_and_readiness"": 0.08419999994657701, ""K7_context"": 0.0019999999949504854, ""K1_normalization"": 0.015699999948992627, ""K6_advisory"": 41.690799999969386, ""K1_intent"": 0.10459999998602143, ""K2_retrieval"": 330.93689999986964, ""K3_reranker"": 465.17709999989165, ""K8_weighted_ranking"": 2.236300000049596, ""K3_candidate_filters"": 10.135700000091674, ""K9_advisory_consensus"": 0.011800000038419967, ""K4_nli_and_bypass_check"": 478.2553000000007, ""K5_decision"": 383.0351999999948}",7224
FACTURK-0208,DOĞRU,"[26920, 1739, 3717, 24186, 19534, 18453, 10692, 17530, 8055, 24114, 26333, 16884, 16845, 18561, 12531, 23594, 18597, 29442, 17448, 20106]","[0.9992706179618835, 0.04385456070303917, 0.0004407629603520036, 0.00011323437502142042, 2.0462934116949327e-05, 2.6688529032981023e-05, 0.0007613258203491569, 0.0002982776495628059, 1.6964426322374493e-05, 0.003469890682026744, 0.012673736549913883, 1.7917987861437723e-05, 0.00011682839976856485, 0.000124362253700383, 1.7640199075685814e-05, 2.3737338779028505e-05, 1.6442494597868063e-05, 1.8486754925106652e-05, 3.734356869244948e-05, 0.00012931563833262771]",null,"[1.0, 0.0, 0.0]",True,YETERSİZ VERİ,KISMI,True,False,1657.2936000000027,"{""K1_input_and_readiness"": 0.10679999991225486, ""K7_context"": 0.002499999936844688, ""K1_normalization"": 0.017899999875226058, ""K6_advisory"": 41.02140000009058, ""K1_intent"": 0.04809999995813996, ""K2_retrieval"": 245.65869999992174, ""K3_reranker"": 1358.2540000002155, ""K8_weighted_ranking"": 1.406599999882019, ""K3_candidate_filters"": 6.527199999936784, ""K9_advisory_consensus"": 0.008499999921696144, ""K4_nli_and_bypass_check"": 0.2993999999034713, ""K5_decision"": 0.36509999995359976}",26920
FACTURK-0209,YALAN,"[6451, 7811, 2729, 13875, 29858, 18085, 25254, 2416, 25750, 23604, 505, 28708, 15550, 11389, 27669, 6618, 8139, 17950, 14328, 8025]","[0.9754835963249207, 0.58521968126297, 0.004331501666456461, 0.0009253848693333566, 0.05223086103796959, 0.0012351677287369967, 0.00020988310279790312, 0.013325147330760956, 0.0009075025445781648, 1.683241134742275e-05, 0.0016941031208261847, 0.00016093082376755774, 1.657145367062185e-05, 1.6061610949691385e-05, 2.8632557587116025e-05, 1.6187581422855146e-05, 0.00011147904297104105, 0.0041179172694683075, 3.219233258278109e-05, 1.6061610949691385e-05]","[0.0004870891571044922, 0.998046875, 0.0015802383422851562]","[0.0004870891571044922, 0.998046875, 0.0015802383422851562]",False,YETERSİZ VERİ,RET,True,False,1030.168300000014,"{""K1_input_and_readiness"": 0.05570000007537601, ""K7_context"": 0.0019999999949504854, ""K1_normalization"": 0.030099999776211916, ""K6_advisory"": 36.97740000006888, ""K1_intent"": 0.06559999997080013, ""K2_retrieval"": 252.35079999993104, ""K3_reranker"": 688.6094000001322, ""K8_weighted_ranking"": 1.4189999999416614, ""K3_candidate_filters"": 6.447399999842673, ""K9_advisory_consensus"": 0.008099999831756577, ""K4_nli_and_bypass_check"": 39.923099999896294, ""K5_decision"": 0.3586000000268541}",29858
FACTURK-0210,YALAN,"[24354, 25228, 8347, 25169, 14305, 3189, 25225, 28629, 1676, 27219, 26284, 3315, 27883, 431, 28547, 438, 15787, 27894, 2244, 9150]","[0.44188374280929565, 0.5017337799072266, 0.5582065582275391, 0.003914823289960623, 0.0011203772155568004, 0.7789857983589172, 0.026657739654183388, 0.24059611558914185, 0.16145241260528564, 0.006877107545733452, 0.3935598134994507, 0.04418331757187843, 0.32562777400016785, 0.08064661175012589, 0.03371654078364372, 0.00985985528677702, 0.002934951800853014, 0.00035419364576227963, 0.006241259165108204, 0.10687687993049622]","[0.002079010009765625, 0.0196380615234375, 0.978515625]","[0.002079010009765625, 0.0196380615234375, 0.978515625]",False,DOĞRU,ONAY,False,False,3040.1463000000604,"{""K1_input_and_readiness"": 0.068700000156241, ""K7_context"": 0.001500000053056283, ""K1_normalization"": 0.020100000028833165, ""K6_advisory"": 38.166900000078385, ""K1_intent"": 0.05430000010164804, ""K2_retrieval"": 286.02790000013556, ""K3_reranker"": 1232.918300000165, ""K8_weighted_ranking"": 1.706499999954758, ""K3_candidate_filters"": 8.011900000155947, ""K9_advisory_consensus"": 0.009200000022246968, ""K4_nli_and_bypass_check"": 751.6889999999421, ""K5_decision"": 717.6684000000932}",3189
FACTURK-0211,YALAN,"[16298, 4991, 27142, 16929, 700, 4724, 13479, 12413, 20498, 1031, 8503, 9660, 24726, 4782, 29728, 5702, 13470, 22504, 26703, 11778]","[0.007093862164765596, 0.0018895388348028064, 0.00039821304380893707, 0.0009927261853590608, 0.001314724562689662, 0.0002715921145863831, 5.144220995134674e-05, 4.832564081880264e-05, 1.7640199075685814e-05, 0.0009075025445781648, 0.004867417272180319, 1.6061610949691385e-05, 0.002099273493513465, 1.6187581422855146e-05, 0.001269364496693015, 0.00011235327838221565, 0.002957902615889907, 0.06489010900259018, 1.6187581422855146e-05, 0.0061450921930372715]","[0.006961822509765625, 0.9189453125, 0.07427978515625]","[0.006961822509765625, 0.9189453125, 0.07427978515625]",False,YALAN,UYARI,False,False,2995.421100000158,"{""K1_input_and_readiness"": 0.06269999994401587, ""K7_context"": 0.0018000000636675395, ""K1_normalization"": 0.01720000000204891, ""K6_advisory"": 39.0340000001288, ""K1_intent"": 0.05880000003344321, ""K2_retrieval"": 252.29950000016288, ""K3_reranker"": 964.1987999998491, ""K8_weighted_ranking"": 1.495599999998376, ""K3_candidate_filters"": 10.034899999936897, ""K9_advisory_consensus"": 0.010400000064691994, ""K4_nli_and_bypass_check"": 955.8011000001443, ""K5_decision"": 768.6785000000782}",16298
FACTURK-0212,YALAN,"[23187, 1775, 25009, 24929, 23468, 27074, 2324, 7310, 8674, 23566, 9932, 21054, 18573, 701, 27124, 28993, 15419, 4646, 29597, 6871]","[7.484622619813308e-05, 0.00021485926117748022, 0.03090895712375641, 0.005159622989594936, 4.469407213036902e-05, 1.6061610949691385e-05, 0.0003920417802873999, 3.1941821362124756e-05, 1.657145367062185e-05, 0.004248078912496567, 7.086326513672248e-05, 0.0014493984635919333, 0.0009811719646677375, 2.229919846286066e-05, 0.002521268092095852, 2.818866414600052e-05, 0.00022167809947859496, 3.6764631659025326e-05, 0.0009326360304839909, 0.0003077430883422494]","[0.0096435546875, 0.81103515625, 0.1793212890625]","[0.0096435546875, 0.81103515625, 0.1793212890625]",False,YALAN,RED,False,False,2038.3246999999756,"{""K1_input_and_readiness"": 0.05889999988539785, ""K7_context"": 0.0019000001429958502, ""K1_normalization"": 0.011200000017197453, ""K6_advisory"": 36.273700000037934, ""K1_intent"": 0.03839999999399879, ""K2_retrieval"": 258.51699999998345, ""K3_reranker"": 1137.46900000001, ""K8_weighted_ranking"": 1.1850999999296619, ""K3_candidate_filters"": 6.213600000137376, ""K9_advisory_consensus"": 0.007300000106624793, ""K4_nli_and_bypass_check"": 331.1020000001008, ""K5_decision"": 263.4717000000819}",25009
FACTURK-0213,DOĞRU,"[4659, 11250, 13687, 18508, 1989, 11295, 4442, 25295, 12458, 16807, 13209, 16665, 27322, 29875, 24396, 18643, 13849, 23465, 5149, 2565]","[0.0026834397576749325, 0.005598248913884163, 0.04724971577525139, 0.005620036274194717, 0.012673736549913883, 1.6187581422855146e-05, 4.5044595026411116e-05, 0.08850465714931488, 0.001094452221877873, 0.006589771714061499, 0.003579642390832305, 0.0020667945500463247, 0.004718369338661432, 3.1693256460130215e-05, 0.005620036274194717, 0.0022694687359035015, 0.00023050670279189944, 0.0011203772155568004, 4.757645365316421e-05, 1.6314539607265033e-05]","[0.0123291015625, 0.98046875, 0.00732421875]","[0.0123291015625, 0.98046875, 0.00732421875]",False,YALAN,RED,False,False,1015.4124000000593,"{""K1_input_and_readiness"": 0.06849999999758438, ""K7_context"": 0.0016000001323845936, ""K1_normalization"": 0.011999999969702912, ""K6_advisory"": 34.69330000007176, ""K1_intent"": 0.04409999996823899, ""K2_retrieval"": 274.77479999993193, ""K3_reranker"": 651.7979000000196, ""K8_weighted_ranking"": 1.4566999998351093, ""K3_candidate_filters"": 8.448399999906542, ""K9_advisory_consensus"": 0.007500000037907739, ""K4_nli_and_bypass_check"": 40.9205999999358, ""K5_decision"": 0.27780000004895555}",16807
FACTURK-0214,YALAN,"[4452, 6765, 4658, 9985, 3607, 25087, 2933, 18638, 20927, 13795, 10318, 22149, 28871, 25037, 11, 23140, 720, 17814, 9460, 15579]","[0.0011559007689356804, 0.008745181374251842, 0.001085944357328117, 4.434627408045344e-05, 0.00010310211655450985, 0.0008727670647203922, 0.011642225086688995, 0.00016603845870122313, 0.00012632041762117296, 0.00026323829661123455, 2.1278065105434507e-05, 1.892514956125524e-05, 0.00015356240328401327, 0.00014539113908540457, 1.6314539607265033e-05, 0.00017952796770259738, 3.508111694827676e-05, 1.922317096614279e-05, 0.00016093082376755774, 0.0003006163169629872]","[0.00017940998077392578, 0.0009508132934570312, 0.9990234375]","[0.00017940998077392578, 0.0009508132934570312, 0.9990234375]",False,DOĞRU,ONAY,False,False,1230.9589000001324,"{""K1_input_and_readiness"": 0.04549999994196696, ""K7_context"": 0.001300000121773337, ""K1_normalization"": 0.008600000001024455, ""K6_advisory"": 33.848999999918306, ""K1_intent"": 0.03720000017892744, ""K2_retrieval"": 212.05230000009578, ""K3_reranker"": 934.7929000000477, ""K8_weighted_ranking"": 1.3865000000805594, ""K3_candidate_filters"": 7.117500000049404, ""K9_advisory_consensus"": 0.006999999868639861, ""K4_nli_and_bypass_check"": 37.40020000009281, ""K5_decision"": 0.42689999986578187}",2933
FACTURK-0215,DOĞRU,"[27985, 10642, 11212, 6047, 19808, 24613, 18181, 29270, 17677, 15403, 18230, 12740, 401, 17720, 25537, 24875, 18865, 17587, 8559, 15684]","[0.3209277093410492, 0.05707139894366264, 0.09687653183937073, 5.2662067901110277e-05, 0.0027149852830916643, 0.005099818110466003, 0.00031015597051009536, 0.00012053649697918445, 0.002540992572903633, 0.001629308913834393, 0.0010083435336127877, 0.000609450158663094, 0.001356401713564992, 5.3075080359121785e-05, 0.006797532085329294, 0.00014883848780300468, 0.013273886404931545, 2.3369333575828932e-05, 0.00037555923336185515, 0.00029137005913071334]","[0.0009045600891113281, 0.99609375, 0.0031147003173828125]","[0.0009045600891113281, 0.99609375, 0.0031147003173828125]",False,DOĞRU,ONAY,False,False,2878.7549999999555,"{""K1_input_and_readiness"": 0.07430000005115289, ""K7_context"": 0.0014000002011016477, ""K1_normalization"": 0.013099999932819628, ""K6_advisory"": 38.01320000002306, ""K1_intent"": 0.045199999931355705, ""K2_retrieval"": 258.1379000000652, ""K3_reranker"": 1216.7540000000372, ""K8_weighted_ranking"": 1.687400000037087, ""K3_candidate_filters"": 8.651300000110496, ""K9_advisory_consensus"": 0.008700000080352766, ""K4_nli_and_bypass_check"": 726.8669000000045, ""K5_decision"": 624.956099999963}",27985
FACTURK-0216,DOĞRU,"[1270, 22702, 14856, 26958, 6193, 14760, 18995, 7583, 29186, 12473, 19153, 22674, 2988, 3818, 26559, 20279, 18945, 12319, 29967, 15806]","[0.0005636750720441341, 0.010013571009039879, 0.000758359965402633, 0.009340023621916771, 2.4682904040673748e-05, 1.657145367062185e-05, 0.04742587357759476, 9.028038039105013e-05, 2.526822754589375e-05, 2.0785171727766283e-05, 5.1845658163074404e-05, 0.0001621928095119074, 1.6314539607265033e-05, 0.00016603845870122313, 0.0004092474700883031, 5.518923353520222e-05, 0.00028685410507023335, 1.6187581422855146e-05, 0.0026316740550100803, 1.657145367062185e-05]","[0.00475311279296875, 0.99365234375, 0.0016565322875976562]","[0.00475311279296875, 0.99365234375, 0.0016565322875976562]",False,DOĞRU,ONAY,False,False,2034.3993999999839,"{""K1_input_and_readiness"": 0.053600000001097214, ""K7_context"": 0.001500000053056283, ""K1_normalization"": 0.010999999858540832, ""K6_advisory"": 35.04900000007183, ""K1_intent"": 0.04169999988334894, ""K2_retrieval"": 239.26399999982095, ""K3_reranker"": 777.0970999999918, ""K8_weighted_ranking"": 1.7125000001669832, ""K3_candidate_filters"": 8.892900000091686, ""K9_advisory_consensus"": 0.009300000101575279, ""K4_nli_and_bypass_check"": 504.55970000007255, ""K5_decision"": 463.99639999981446}",19153
FACTURK-0217,DOĞRU,"[13585, 16948, 23957, 11056, 11536, 4702, 22737, 14882, 4694, 10176, 9657, 10501, 15970, 7981, 20895, 20355, 27529, 10776, 21327, 18282]","[0.04038906842470169, 0.0003697388747241348, 2.9541422918555327e-05, 2.9541422918555327e-05, 0.0003053489199373871, 2.9541422918555327e-05, 1.6061610949691385e-05, 0.00021654405281879008, 0.004886374808847904, 0.0037072531413286924, 4.101373633602634e-05, 0.0005420927773229778, 1.7097478121286258e-05, 0.104843370616436, 1.6964426322374493e-05, 0.032405514270067215, 1.6442494597868063e-05, 0.00017952796770259738, 1.6964426322374493e-05, 1.6061610949691385e-05]","[0.00042700767517089844, 0.99951171875, 0.0002918243408203125]","[0.00042700767517089844, 0.99951171875, 0.0002918243408203125]",False,YALAN,RED,False,False,1344.5721000000503,"{""K1_input_and_readiness"": 0.05139999984749011, ""K7_context"": 0.0013999999737279722, ""K1_normalization"": 0.011099999937869143, ""K6_advisory"": 35.741000000143686, ""K1_intent"": 0.04650000005312904, ""K2_retrieval"": 209.83219999993707, ""K3_reranker"": 429.3018999999276, ""K8_weighted_ranking"": 1.140099999929589, ""K3_candidate_filters"": 6.173800000169649, ""K9_advisory_consensus"": 0.007300000106624793, ""K4_nli_and_bypass_check"": 322.1657999999934, ""K5_decision"": 336.82040000007873}",13585
FACTURK-0218,YALAN,"[18561, 18655, 11083, 15404, 7773, 2140, 20136, 5177, 25399, 16419, 16238, 2644, 5710, 18468, 17354, 29138, 9414, 22518, 25030, 12539]","[0.0005725466180592775, 0.005774929653853178, 0.0001621928095119074, 0.00024536947603337467, 2.8409744118107483e-05, 2.178264912799932e-05, 9.915272676153108e-05, 2.8632557587116025e-05, 0.0015307451831176877, 1.6314539607265033e-05, 8.029783930396661e-05, 0.00011501735571073368, 0.004022909794002771, 0.0120537793263793, 9.387641330249608e-05, 0.00035281325108371675, 1.657145367062185e-05, 0.005888158921152353, 2.014569145103451e-05, 1.683241134742275e-05]","[0.0014181137084960938, 0.0215301513671875, 0.97705078125]","[0.0014181137084960938, 0.0215301513671875, 0.97705078125]",False,YALAN,RED,False,False,2408.369999999877,"{""K1_input_and_readiness"": 0.0665000000026339, ""K7_context"": 0.0016999999843392288, ""K1_normalization"": 0.010699999847929575, ""K6_advisory"": 37.122299999964525, ""K1_intent"": 0.06220000000212167, ""K2_retrieval"": 257.36110000002554, ""K3_reranker"": 1004.2757999999594, ""K8_weighted_ranking"": 1.0511000000406057, ""K3_candidate_filters"": 5.858100000068589, ""K9_advisory_consensus"": 0.0056999999742402, ""K4_nli_and_bypass_check"": 579.0260000001126, ""K5_decision"": 520.2822000001106}",22518
FACTURK-0219,YALAN,"[8352, 18589, 30214, 2359, 2839, 17009, 27092, 25882, 17208, 24330, 6531, 5701, 5045, 21930, 22273, 14323, 7909, 273, 12420, 13607]","[3.1941821362124756e-05, 0.00017813112935982645, 0.0006118340534158051, 1.750292540236842e-05, 5.2662067901110277e-05, 0.0002824080875143409, 1.6061610949691385e-05, 2.030369250860531e-05, 1.7366719475830905e-05, 1.657145367062185e-05, 5.225226777838543e-05, 1.7097478121286258e-05, 4.400118632474914e-05, 9.461262379772961e-05, 1.7640199075685814e-05, 0.0005976693937554955, 1.6187581422855146e-05, 1.67014204635052e-05, 1.6061610949691385e-05, 1.6187581422855146e-05]","[0.0128326416015625, 0.72607421875, 0.26123046875]","[0.0128326416015625, 0.72607421875, 0.26123046875]",False,YALAN,UYARI,False,False,3588.2896999999048,"{""K1_input_and_readiness"": 0.07209999989754579, ""K7_context"": 0.0014000002011016477, ""K1_normalization"": 0.013800000033370452, ""K6_advisory"": 34.505300000091665, ""K1_intent"": 0.04939999985253962, ""K2_retrieval"": 279.9754000000121, ""K3_reranker"": 1213.5273000001234, ""K8_weighted_ranking"": 1.1597999998684827, ""K3_candidate_filters"": 6.155900000067049, ""K9_advisory_consensus"": 0.007500000037907739, ""K4_nli_and_bypass_check"": 1060.285199999953, ""K5_decision"": 988.4694999998374}",17208
FACTURK-0220,DOĞRU,"[6080, 2940, 8700, 28708, 8958, 27780, 16810, 3189, 13945, 21942, 12159, 15020, 19927, 7251, 7301, 4520, 13089, 25697, 28252, 13244]","[3.244481558795087e-05, 1.593661909282673e-05, 6.553815910592675e-05, 0.0016103574307635427, 0.00014539113908540457, 1.922317096614279e-05, 1.593661909282673e-05, 5.5622065701754764e-05, 0.00033274127054028213, 1.6187581422855146e-05, 0.00026947917649522424, 1.6187581422855146e-05, 9.098840382648632e-05, 0.0010282108560204506, 9.685608529252931e-05, 1.6061610949691385e-05, 2.411113746347837e-05, 1.6314539607265033e-05, 0.00046190584544092417, 1.6314539607265033e-05]","[0.0009870529174804688, 0.98974609375, 0.00917816162109375]","[0.0009870529174804688, 0.98974609375, 0.00917816162109375]",False,DOĞRU,ONAY,False,False,928.7129000001642,"{""K1_input_and_readiness"": 0.06209999992279336, ""K7_context"": 0.0013999999737279722, ""K1_normalization"": 0.011599999879763345, ""K6_advisory"": 35.51240000001599, ""K1_intent"": 0.046200000042517786, ""K2_retrieval"": 218.66010000007918, ""K3_reranker"": 626.738499999874, ""K8_weighted_ranking"": 1.3003999999909865, ""K3_candidate_filters"": 6.971600000042599, ""K9_advisory_consensus"": 0.007099999947968172, ""K4_nli_and_bypass_check"": 35.59739999991507, ""K5_decision"": 0.3578999999263033}",3189
FACTURK-0221,DOĞRU,"[25098, 13624, 22098, 24730, 19208, 7924, 4532, 22581, 27853, 12622, 28932, 23159, 28886, 5710, 20535, 22266, 2498, 7224, 12539, 23751]","[0.00034196203341707587, 0.025858774781227112, 0.0002492325147613883, 1.6442494597868063e-05, 0.030733928084373474, 0.012431650422513485, 0.0042151594534516335, 0.0019570167642086744, 0.9843964576721191, 0.8665847778320312, 0.00172745855525136, 0.00013552077871281654, 5.3075080359121785e-05, 0.00021654405281879008, 0.0005725466180592775, 4.539786823443137e-05, 0.0008072304772213101, 0.056756895035505295, 0.0003406293108128011, 0.008478401228785515]","[0.998046875, 0.0005207061767578125, 0.0013561248779296875]","[0.998046875, 0.0005207061767578125, 0.0013561248779296875]",False,YETERSİZ VERİ,KISMI,True,False,1724.9601999999413,"{""K1_input_and_readiness"": 0.07000000005064066, ""K7_context"": 0.001500000053056283, ""K1_normalization"": 0.01619999989088683, ""K6_advisory"": 36.956699999791454, ""K1_intent"": 0.03889999993589299, ""K2_retrieval"": 221.34679999999207, ""K3_reranker"": 936.1341999999695, ""K8_weighted_ranking"": 1.1184999998476997, ""K3_candidate_filters"": 6.428099999993719, ""K9_advisory_consensus"": 0.007099999947968172, ""K4_nli_and_bypass_check"": 278.9127000000917, ""K5_decision"": 240.71980000007898}",27853
FACTURK-0222,DOĞRU,"[16225, 20333, 1546, 13791, 27970, 29365, 4488, 18098, 10999, 6967, 27462, 13993, 3246, 2204, 12005, 16162, 6049, 8174, 19977, 27097]","[0.00628990214318037, 0.00020502213737927377, 1.7097478121286258e-05, 6.402006692951545e-05, 0.02881619706749916, 1.6061610949691385e-05, 0.013325147330760956, 1.6187581422855146e-05, 1.657145367062185e-05, 0.0001500056532677263, 5.3075080359121785e-05, 1.7640199075685814e-05, 0.07517640292644501, 0.00017536994710098952, 1.9833367332466878e-05, 1.6187581422855146e-05, 1.922317096614279e-05, 1.6314539607265033e-05, 1.6061610949691385e-05, 0.008445626124739647]","[0.0022373199462890625, 0.99462890625, 0.002956390380859375]","[0.0022373199462890625, 0.99462890625, 0.002956390380859375]",False,YETERSİZ VERİ,RET,True,False,967.7764999998999,"{""K1_input_and_readiness"": 0.05230000010669755, ""K7_context"": 0.0015999999050109182, ""K1_normalization"": 0.01049999991664663, ""K6_advisory"": 35.20519999983662, ""K1_intent"": 0.06200000007083872, ""K2_retrieval"": 221.83240000003934, ""K3_reranker"": 672.7726999999959, ""K8_weighted_ranking"": 1.2010999998892657, ""K3_candidate_filters"": 6.505100000140374, ""K9_advisory_consensus"": 0.006800000164730591, ""K4_nli_and_bypass_check"": 26.01219999996829, ""K5_decision"": 0.3108000000793254}",3246
FACTURK-0223,DOĞRU,"[6499, 15087, 20728, 6522, 13644, 8377, 26886, 1339, 234, 704, 26727, 196, 13220, 23074, 27568, 27899, 21467, 26380, 3348, 27162]","[0.99935382604599, 0.003273064736276865, 2.014569145103451e-05, 0.00024536947603337467, 1.6061610949691385e-05, 0.001356401713564992, 1.6314539607265033e-05, 1.7097478121286258e-05, 0.0001547666179249063, 0.0010083435336127877, 0.0010083435336127877, 0.00017813112935982645, 0.00010071400902234018, 1.6964426322374493e-05, 2.93115390377352e-05, 1.6314539607265033e-05, 3.244481558795087e-05, 2.8632557587116025e-05, 0.006589771714061499, 0.001383117400109768]","[0.9990234375, 0.0004935264587402344, 0.00035953521728515625]","[0.9990234375, 0.0004935264587402344, 0.00035953521728515625]",False,YETERSİZ VERİ,KISMI,True,False,1556.1916999999994,"{""K1_input_and_readiness"": 0.050999999984924216, ""K7_context"": 0.0016000001323845936, ""K1_normalization"": 0.008999999863590347, ""K6_advisory"": 35.06569999990461, ""K1_intent"": 0.045999999883861165, ""K2_retrieval"": 212.47159999984433, ""K3_reranker"": 1003.1621000000541, ""K8_weighted_ranking"": 1.6110999999909836, ""K3_candidate_filters"": 7.897599999978411, ""K9_advisory_consensus"": 0.010399999837318319, ""K4_nli_and_bypass_check"": 157.20229999988078, ""K5_decision"": 134.79269999993448}",6499
FACTURK-0224,YALAN,"[15330, 5693, 1329, 27610, 28723, 20338, 21178, 2905, 24822, 11328, 12203, 5717, 25503, 20527, 18825, 1970, 23950, 12483, 1704, 21782]","[1.657145367062185e-05, 1.67014204635052e-05, 1.6442494597868063e-05, 3.3474691008450463e-05, 1.750292540236842e-05, 1.6442494597868063e-05, 1.7640199075685814e-05, 0.01652955636382103, 0.003172682598233223, 1.6442494597868063e-05, 0.00011235327838221565, 1.657145367062185e-05, 1.6314539607265033e-05, 1.6061610949691385e-05, 1.657145367062185e-05, 0.001201891340315342, 1.6187581422855146e-05, 1.750292540236842e-05, 0.009232213720679283, 1.6314539607265033e-05]","[0.01214599609375, 0.97314453125, 0.01473236083984375]","[0.01214599609375, 0.97314453125, 0.01473236083984375]",False,YETERSİZ VERİ,RET,True,False,1569.7241000000304,"{""K1_input_and_readiness"": 0.07220000020424777, ""K7_context"": 0.0020999998469051206, ""K1_normalization"": 0.011699999959091656, ""K6_advisory"": 37.7617999999984, ""K1_intent"": 0.03689999994094251, ""K2_retrieval"": 234.67740000000958, ""K3_reranker"": 1241.6385000001355, ""K8_weighted_ranking"": 1.352900000028967, ""K3_candidate_filters"": 6.591600000092512, ""K9_advisory_consensus"": 0.01550000001770968, ""K4_nli_and_bypass_check"": 41.846299999861, ""K5_decision"": 0.28849999989688513}",2905
FACTURK-0225,YALAN,"[20997, 10326, 17988, 16161, 27624, 17319, 1948, 881, 26700, 4506, 1280, 10615, 21692, 6234, 15916, 27098, 9547, 14854, 3935, 18101]","[5.1845658163074404e-05, 0.0011424495605751872, 1.7366719475830905e-05, 1.67014204635052e-05, 0.0001387341326335445, 2.014569145103451e-05, 0.02600678615272045, 0.006984650157392025, 0.006589771714061499, 2.7751651941798627e-05, 2.5071596610359848e-05, 0.002463006880134344, 0.00026738259475678205, 1.67014204635052e-05, 0.001220795209519565, 1.6061610949691385e-05, 0.0024726230185478926, 0.0018172829877585173, 0.0007236572564579546, 1.657145367062185e-05]","[0.003108978271484375, 0.982421875, 0.01461029052734375]","[0.003108978271484375, 0.982421875, 0.01461029052734375]",False,YETERSİZ VERİ,RET,True,False,2027.7507000000696,"{""K1_input_and_readiness"": 0.07030000006125192, ""K7_context"": 0.001500000053056283, ""K1_normalization"": 0.010200000133409048, ""K6_advisory"": 40.05890000007639, ""K1_intent"": 0.044399999978850246, ""K2_retrieval"": 249.7848000000431, ""K3_reranker"": 997.9613000000427, ""K8_weighted_ranking"": 1.3576999999713735, ""K3_candidate_filters"": 6.940700000086508, ""K9_advisory_consensus"": 0.01950000000761065, ""K4_nli_and_bypass_check"": 384.70589999997173, ""K5_decision"": 343.10310000000754}",27624
FACTURK-0226,DOĞRU,"[13989, 28629, 22851, 28685, 1272, 8130, 17516, 29881, 16785, 1324, 22218, 15787, 28145, 19140, 7898, 25098, 23851, 2550, 15778, 26330]","[0.8407825827598572, 0.07369627058506012, 7.031184941297397e-05, 0.2935057282447815, 0.13318955898284912, 0.015189048834145069, 0.0014664583140984178, 0.13117322325706482, 0.04611974582076073, 4.870464181294665e-05, 0.05242456495761871, 0.0021573416888713837, 0.0006745558930560946, 0.0140095679089427, 3.269927037763409e-05, 0.04360952600836754, 0.0004044814850203693, 0.08210662752389908, 1.922317096614279e-05, 1.7640199075685814e-05]","[0.003414154052734375, 0.99609375, 0.0006723403930664062]","[0.003414154052734375, 0.99609375, 0.0006723403930664062]",False,YETERSİZ VERİ,RET,True,False,913.9743999999155,"{""K1_input_and_readiness"": 0.04809999995813996, ""K7_context"": 0.0016000001323845936, ""K1_normalization"": 0.010199999906035373, ""K6_advisory"": 35.150400000020454, ""K1_intent"": 0.04799999987881165, ""K2_retrieval"": 222.54279999992832, ""K3_reranker"": 401.5220999999656, ""K8_weighted_ranking"": 1.2675999998918996, ""K3_candidate_filters"": 7.383599999911894, ""K9_advisory_consensus"": 0.0073999999585794285, ""K4_nli_and_bypass_check"": 133.46200000000863, ""K5_decision"": 108.56090000015683}",13989
FACTURK-0227,YALAN,"[10743, 6336, 26533, 12071, 7592, 12150, 14217, 5959, 1906, 24184, 25127, 25420, 14091, 21827, 17820, 2792, 6782, 2797, 4190, 27115]","[0.005260852165520191, 0.0008231385727412999, 0.0028671587351709604, 3.095910506090149e-05, 0.0025509123224765062, 0.000192602863535285, 0.00020988310279790312, 0.0006589401164092124, 3.619466951931827e-05, 0.000609450158663094, 0.00026323829661123455, 1.7366719475830905e-05, 0.0002472934720572084, 0.004297939129173756, 0.0007379196467809379, 0.0009253848693333566, 2.710879925871268e-05, 0.0013354008551687002, 0.006903838831931353, 0.0005484792054630816]","[0.00708770751953125, 0.98876953125, 0.003986358642578125]","[0.00708770751953125, 0.98876953125, 0.003986358642578125]",False,YALAN,UYARI,False,False,1080.4301000000578,"{""K1_input_and_readiness"": 0.053800000159753836, ""K7_context"": 0.0016000001323845936, ""K1_normalization"": 0.01059999999597494, ""K6_advisory"": 35.783000000037646, ""K1_intent"": 0.03760000004149333, ""K2_retrieval"": 227.83909999998286, ""K3_reranker"": 747.2298000000137, ""K8_weighted_ranking"": 1.3915999998062034, ""K3_candidate_filters"": 7.988199999999779, ""K9_advisory_consensus"": 0.008199999911084888, ""K4_nli_and_bypass_check"": 56.394799999907264, ""K5_decision"": 0.3400000000510772}",4190
FACTURK-0228,YALAN,"[5512, 5035, 22496, 25024, 22360, 23013, 1816, 3779, 15291, 13561, 5097, 19793, 18913, 23311, 27463, 24949, 11851, 15947, 18468, 26419]","[0.000661517377011478, 0.0061212810687720776, 0.02319762483239174, 2.732141365413554e-05, 0.002790037775412202, 8.415108459303156e-05, 0.0033115192782133818, 0.00013982206291984767, 0.028274601325392723, 0.0013045065570622683, 0.00017265156202483922, 4.298194107832387e-05, 1.6187581422855146e-05, 0.00018667821132112294, 0.00012148174573667347, 0.15015339851379395, 0.0005274784052744508, 0.0003654328465927392, 0.0024438868276774883, 0.0013617033837363124]","[0.007122039794921875, 0.9921875, 0.00090789794921875]","[0.007122039794921875, 0.9921875, 0.00090789794921875]",False,YALAN,UYARI,False,False,2107.855800000152,"{""K1_input_and_readiness"": 0.049199999921256676, ""K7_context"": 0.0012999998943996616, ""K1_normalization"": 0.009000000090964022, ""K6_advisory"": 35.1157999998577, ""K1_intent"": 0.11080000012952951, ""K2_retrieval"": 212.36690000000635, ""K3_reranker"": 986.8025000000671, ""K8_weighted_ranking"": 1.6054000000167434, ""K3_candidate_filters"": 7.829099999980826, ""K9_advisory_consensus"": 0.009000000090964022, ""K4_nli_and_bypass_check"": 459.9284000000807, ""K5_decision"": 399.41879999992125}",15291
FACTURK-0229,YALAN,"[16971, 23757, 204, 25874, 17227, 25246, 5988, 8943, 6019, 22057, 11410, 29875, 11582, 22794, 21516, 10701, 7196, 22911, 17649, 14444]","[0.00012243441597092897, 0.01358439214527607, 0.0009510130621492863, 1.6442494597868063e-05, 0.0026112475898116827, 0.00012632041762117296, 0.00011061159602832049, 4.2647468944778666e-05, 0.0009436192340217531, 0.000191104321856983, 0.0015247863484546542, 0.0003029734070878476, 0.002082970691844821, 0.00016474656877107918, 2.732141365413554e-05, 0.00013238185783848166, 0.00020662980386987329, 2.195349043176975e-05, 0.00204276479780674, 1.657145367062185e-05]","[0.0004863739013671875, 0.99072265625, 0.00891876220703125]","[0.0004863739013671875, 0.99072265625, 0.00891876220703125]",False,YETERSİZ VERİ,RET,True,False,2419.3063000000166,"{""K1_input_and_readiness"": 0.05570000007537601, ""K7_context"": 0.001300000121773337, ""K1_normalization"": 0.010900000006586197, ""K6_advisory"": 36.62039999994704, ""K1_intent"": 0.037599999814119656, ""K2_retrieval"": 235.42140000017753, ""K3_reranker"": 835.0193999999647, ""K8_weighted_ranking"": 1.3701999998829706, ""K3_candidate_filters"": 7.093100000020058, ""K9_advisory_consensus"": 0.012100000049031223, ""K4_nli_and_bypass_check"": 663.923000000068, ""K5_decision"": 623.4825999999885}",23757
FACTURK-0230,YALAN,"[28011, 25180, 9366, 6047, 12539, 1499, 27017, 9120, 12161, 15874, 19484, 12068, 10285, 20136, 7224, 14597, 18393, 24849, 15684, 29414]","[0.5315741300582886, 0.06941547244787216, 0.03061777912080288, 0.12368281930685043, 0.0004936049808748066, 0.00821969285607338, 0.005774929653853178, 0.010209054686129093, 0.00010554686014074832, 0.015072628855705261, 0.0040543340146541595, 0.004905405919998884, 0.0018458482809364796, 0.010448625311255455, 0.01065251138061285, 0.002560870721936226, 0.0006905414629727602, 0.08866234868764877, 0.018546566367149353, 0.001674399245530367]","[0.00031304359436035156, 0.9990234375, 0.0007190704345703125]","[0.00031304359436035156, 0.9990234375, 0.0007190704345703125]",False,YALAN,UYARI,False,False,1722.3840999999993,"{""K1_input_and_readiness"": 0.05529999998543644, ""K7_context"": 0.001500000053056283, ""K1_normalization"": 0.009900000122797792, ""K6_advisory"": 35.59259999997266, ""K1_intent"": 0.05999999984851456, ""K2_retrieval"": 263.9942999999221, ""K3_reranker"": 661.7651999999907, ""K8_weighted_ranking"": 1.1655000000700966, ""K3_candidate_filters"": 6.156800000098883, ""K9_advisory_consensus"": 0.007100000175341847, ""K4_nli_and_bypass_check"": 392.2563999999511, ""K5_decision"": 358.2504999999401}",28011
FACTURK-0231,YALAN,"[12560, 11111, 1112, 2247, 22241, 4452, 16147, 21619, 10897, 20480, 13401, 1429, 15948, 18245, 5962, 834, 22924, 2461, 22811, 7658]","[0.0005274784052744508, 0.000539980421308428, 0.0005930210463702679, 6.108854722697288e-05, 0.0004272078804206103, 0.0008295892039313912, 0.000628784007858485, 0.06828854233026505, 1.7097478121286258e-05, 0.00029365462251007557, 6.868317723274231e-05, 1.8342892872169614e-05, 1.6187581422855146e-05, 0.03588069602847099, 0.0007124459953047335, 9.387641330249608e-05, 2.3007036361377686e-05, 2.732141365413554e-05, 1.8631746570463292e-05, 0.0008727670647203922]","[0.003818511962890625, 0.99560546875, 0.0007014274597167969]","[0.003818511962890625, 0.99560546875, 0.0007014274597167969]",False,YALAN,RED,False,False,1975.0538999999208,"{""K1_input_and_readiness"": 0.08179999986168696, ""K7_context"": 0.0018999999156221747, ""K1_normalization"": 0.012800000149582047, ""K6_advisory"": 34.20499999992899, ""K1_intent"": 0.08350000007339986, ""K2_retrieval"": 281.9543999999041, ""K3_reranker"": 1576.1012999998911, ""K8_weighted_ranking"": 1.5218999999433436, ""K3_candidate_filters"": 7.634699999925942, ""K9_advisory_consensus"": 0.008399999842367833, ""K4_nli_and_bypass_check"": 69.39630000010766, ""K5_decision"": 0.5525999999917985}",16147
FACTURK-0232,DOĞRU,"[2149, 7236, 13206, 9627, 23681, 10479, 15179, 2235, 25429, 8233, 16812, 11039, 4775, 4576, 29036, 14485, 11328, 28152, 19079, 21898]","[0.9968763589859009, 6.253713218029588e-05, 4.794958294951357e-05, 3.3474691008450463e-05, 0.0014437558129429817, 8.092757343547419e-05, 3.6764631659025326e-05, 0.0006361912237480283, 1.7640199075685814e-05, 0.00011591933434829116, 1.9073577277595177e-05, 1.8342892872169614e-05, 2.0623421733034775e-05, 0.003869391046464443, 1.7097478121286258e-05, 1.8777873265207745e-05, 1.8777873265207745e-05, 0.00012830943160224706, 1.6314539607265033e-05, 1.8777873265207745e-05]","[0.99951171875, 0.00020623207092285156, 0.00023412704467773438]","[0.99951171875, 0.00020623207092285156, 0.00023412704467773438]",False,DOĞRU,ONAY,False,False,1014.2674999999599,"{""K1_input_and_readiness"": 0.06740000003446767, ""K7_context"": 0.0018000000636675395, ""K1_normalization"": 0.011200000017197453, ""K6_advisory"": 35.72830000007343, ""K1_intent"": 0.03779999997277628, ""K2_retrieval"": 234.59050000019488, ""K3_reranker"": 406.72719999997753, ""K8_weighted_ranking"": 1.5710000000126456, ""K3_candidate_filters"": 8.610500000031607, ""K9_advisory_consensus"": 0.008299999990413198, ""K4_nli_and_bypass_check"": 174.4701999998597, ""K5_decision"": 149.0704000000278}",2149
FACTURK-0233,DOĞRU,"[18468, 3054, 20718, 26623, 27523, 9866, 6263, 12622, 7451, 5514, 28944, 27847, 21402, 20683, 171, 187, 8243, 3328, 1724, 4119]","[0.9780936241149902, 3.244481558795087e-05, 0.000954731716774404, 4.757645365316421e-05, 0.0009697519708424807, 9.993031562771648e-05, 0.00017536994710098952, 0.047691281884908676, 9.461262379772961e-05, 0.004792316351085901, 0.22118240594863892, 3.071818719035946e-05, 0.055720288306474686, 0.012722708284854889, 1.9833367332466878e-05, 1.9833367332466878e-05, 0.00017952796770259738, 5.920916373725049e-05, 0.03853849694132805, 7.543320680269971e-05]","[0.3779296875, 0.31591796875, 0.30615234375]","[0.3779296875, 0.31591796875, 0.30615234375]",False,YETERSİZ VERİ,RET,True,False,1059.3049999999948,"{""K1_input_and_readiness"": 0.05729999998038693, ""K7_context"": 0.0019999999949504854, ""K1_normalization"": 0.011200000017197453, ""K6_advisory"": 33.74000000007982, ""K1_intent"": 0.03270000001975859, ""K2_retrieval"": 238.14630000015313, ""K3_reranker"": 744.9509999999009, ""K8_weighted_ranking"": 1.4043000001038308, ""K3_candidate_filters"": 6.990899999891553, ""K9_advisory_consensus"": 0.007200000027296483, ""K4_nli_and_bypass_check"": 30.182299999978568, ""K5_decision"": 0.34419999997226114}",28944
FACTURK-0234,YALAN,"[17625, 8503, 25169, 23132, 18332, 11479, 9150, 28547, 1272, 25225, 14012, 8347, 27696, 12107, 27366, 24354, 16150, 28347, 25228, 23792]","[0.45489591360092163, 0.34191203117370605, 0.03346293419599533, 0.019531238824129105, 0.000626334105618298, 0.018404889851808548, 0.2516477108001709, 0.016593176871538162, 0.012100386433303356, 0.028114058077335358, 0.0032476764172315598, 0.0004747042548842728, 0.011463796719908714, 0.03521113470196724, 0.005774929653853178, 0.010328153148293495, 0.00041894835885614157, 0.017712298780679703, 0.015189048834145069, 0.009412589482963085]","[0.0011911392211914062, 0.99755859375, 0.0013179779052734375]","[0.0011911392211914062, 0.99755859375, 0.0013179779052734375]",False,YALAN,UYARI,False,False,1319.5014999998875,"{""K1_input_and_readiness"": 0.091999999995096, ""K7_context"": 0.0018999999156221747, ""K1_normalization"": 0.026400000024295878, ""K6_advisory"": 33.88119999999617, ""K1_intent"": 0.054899999895496876, ""K2_retrieval"": 310.1607999999487, ""K3_reranker"": 920.9194999998545, ""K8_weighted_ranking"": 1.339700000016819, ""K3_candidate_filters"": 7.925000000113869, ""K9_advisory_consensus"": 0.008200000138458563, ""K4_nli_and_bypass_check"": 41.31460000007792, ""K5_decision"": 0.228099999958431}",8503
FACTURK-0235,DOĞRU,"[6218, 26948, 2915, 5275, 27529, 17446, 10229, 23792, 1270, 22911, 21693, 16855, 13372, 29897, 29892, 27534, 19344, 7866, 1155, 11295]","[0.08601588010787964, 0.14223189651966095, 0.029591374099254608, 0.007999754510819912, 0.0005274784052744508, 0.0007854739669710398, 8.957788668340072e-05, 0.0011116681853309274, 0.003123648464679718, 2.5071596610359848e-05, 2.449082603561692e-05, 1.6061610949691385e-05, 0.005426943302154541, 1.6061610949691385e-05, 7.843789353501052e-05, 2.6897845600615256e-05, 0.0002982776495628059, 0.03468417376279831, 2.178264912799932e-05, 2.2474090656032786e-05]","[0.0005445480346679688, 0.998046875, 0.001171112060546875]","[0.0005445480346679688, 0.998046875, 0.001171112060546875]",False,DOĞRU,ONAY,False,False,1003.0165999999099,"{""K1_input_and_readiness"": 0.06589999998141138, ""K7_context"": 0.0013999999737279722, ""K1_normalization"": 0.011200000017197453, ""K6_advisory"": 37.72460000004685, ""K1_intent"": 0.04910000006930204, ""K2_retrieval"": 265.51660000018273, ""K3_reranker"": 654.1271999999481, ""K8_weighted_ranking"": 1.1973000000580214, ""K3_candidate_filters"": 6.241300000056071, ""K9_advisory_consensus"": 0.007500000037907739, ""K4_nli_and_bypass_check"": 34.397799999851486, ""K5_decision"": 0.3444999999828724}",7866
FACTURK-0236,YALAN,"[19977, 9070, 5365, 7425, 7968, 8514, 28586, 865, 17240, 3721, 5046, 25525, 26225, 21192, 8835, 9183, 24306, 13969, 14680, 11287]","[0.9950946569442749, 0.0008693674462847412, 0.0005132579244673252, 0.00017813112935982645, 1.750292540236842e-05, 4.757645365316421e-05, 3.373722574906424e-05, 1.9833367332466878e-05, 0.00023597174731548876, 4.298194107832387e-05, 0.00020502213737927377, 1.6061610949691385e-05, 1.6314539607265033e-05, 0.02843603305518627, 1.7097478121286258e-05, 1.6187581422855146e-05, 0.001622967072762549, 0.019345102831721306, 1.6061610949691385e-05, 0.004503272473812103]",null,"[1.0, 0.0, 0.0]",True,YALAN,UYARI,False,False,886.2678999998934,"{""K1_input_and_readiness"": 0.04719999992630619, ""K7_context"": 0.0012999998943996616, ""K1_normalization"": 0.009500000032858225, ""K6_advisory"": 34.16979999997238, ""K1_intent"": 0.04089999993084348, ""K2_retrieval"": 198.4204000000318, ""K3_reranker"": 639.7123000001557, ""K8_weighted_ranking"": 1.5969000000950473, ""K3_candidate_filters"": 7.996800000000803, ""K9_advisory_consensus"": 0.02000000017687853, ""K4_nli_and_bypass_check"": 0.4136000000016793, ""K5_decision"": 0.4400999998779298}",19977
FACTURK-0237,DOĞRU,"[7224, 21058, 257, 23757, 14277, 1427, 18311, 25675, 15238, 1499, 14012, 10061, 7695, 25108, 8602, 1970, 4214, 25130, 12068, 24849]","[0.017242778092622757, 0.0005636750720441341, 0.0003569706459529698, 0.024798160418868065, 0.016721142455935478, 0.23440666496753693, 0.014227046631276608, 0.012383785098791122, 0.007039045449346304, 0.009596454910933971, 0.027690259739756584, 0.028328312560915947, 0.03760863468050957, 0.0028009270317852497, 0.03753800690174103, 0.00046917638974264264, 0.00038446192047558725, 0.024516336619853973, 0.0076066721230745316, 0.023962024599313736]","[0.0009646415710449219, 0.99755859375, 0.0012607574462890625]","[0.0009646415710449219, 0.99755859375, 0.0012607574462890625]",False,YALAN,UYARI,False,False,2213.647900000069,"{""K1_input_and_readiness"": 0.15989999997145787, ""K7_context"": 0.0019999999949504854, ""K1_normalization"": 0.023599999849466258, ""K6_advisory"": 35.56679999996959, ""K1_intent"": 0.07049999999253487, ""K2_retrieval"": 362.607700000126, ""K3_reranker"": 1764.459800000168, ""K8_weighted_ranking"": 1.362299999982497, ""K3_candidate_filters"": 6.893700000091485, ""K9_advisory_consensus"": 0.00779999982114532, ""K4_nli_and_bypass_check"": 38.054800000054456, ""K5_decision"": 0.19599999995989492}",1427
FACTURK-0238,DOĞRU,"[3621, 25245, 24917, 29318, 28160, 23796, 19381, 13123, 27023, 4157, 27608, 25613, 23405, 25737, 7176, 7602, 15144, 11540, 29721, 12458]","[1.657145367062185e-05, 0.0020190137438476086, 0.0002287133247591555, 0.002540992572903633, 1.6314539607265033e-05, 0.001048469333909452, 0.00011591933434829116, 1.6314539607265033e-05, 1.6442494597868063e-05, 1.6314539607265033e-05, 5.433364276541397e-05, 1.6442494597868063e-05, 1.593661909282673e-05, 3.9135655242716894e-05, 1.593661909282673e-05, 1.6187581422855146e-05, 0.00034464316559024155, 3.8831109122838825e-05, 4.832564081880264e-05, 2.3737338779028505e-05]","[0.0079803466796875, 0.86328125, 0.1287841796875]","[0.0079803466796875, 0.86328125, 0.1287841796875]",False,YALAN,RED,False,False,2331.161800000018,"{""K1_input_and_readiness"": 0.045099999852027395, ""K7_context"": 0.0012000000424450263, ""K1_normalization"": 0.008100000059130252, ""K6_advisory"": 36.05529999981627, ""K1_intent"": 0.048900000138019095, ""K2_retrieval"": 240.6981999999971, ""K3_reranker"": 1192.6946000000953, ""K8_weighted_ranking"": 1.084700000092198, ""K3_candidate_filters"": 5.910800000037852, ""K9_advisory_consensus"": 0.006600000006073969, ""K4_nli_and_bypass_check"": 440.6665999999859, ""K5_decision"": 409.780899999987}",15144
FACTURK-0239,YALAN,"[1676, 14780, 26979, 9150, 15787, 27294, 25169, 25228, 17350, 12375, 13989, 1942, 24782, 3995, 19888, 2244, 889, 19258, 2496, 13897]","[0.12116485089063644, 0.8193157911300659, 0.012431650422513485, 0.024423090741038322, 0.02898062951862812, 0.0076066721230745316, 0.011419613845646381, 0.035745810717344284, 0.0007947254925966263, 0.22695492208003998, 0.06584469974040985, 0.006026951130479574, 0.01805533468723297, 0.00021824207215104252, 0.0010649627074599266, 0.009522485546767712, 0.0007124459953047335, 0.015845362097024918, 0.5101990699768066, 0.0002802109520416707]","[0.002803802490234375, 0.99560546875, 0.0015964508056640625]","[0.002803802490234375, 0.99560546875, 0.0015964508056640625]",False,YETERSİZ VERİ,RET,True,False,1778.6337999998523,"{""K1_input_and_readiness"": 0.05830000009154901, ""K7_context"": 0.001300000121773337, ""K1_normalization"": 0.017899999875226058, ""K6_advisory"": 35.04069999985404, ""K1_intent"": 0.03390000006220362, ""K2_retrieval"": 209.9726000001283, ""K3_reranker"": 694.4320000000062, ""K8_weighted_ranking"": 1.1884999998983403, ""K3_candidate_filters"": 6.310499999926833, ""K9_advisory_consensus"": 0.00670000008540228, ""K4_nli_and_bypass_check"": 429.7782000001007, ""K5_decision"": 398.2297000000017}",14780
FACTURK-0240,YALAN,"[10424, 16682, 13598, 23600, 18466, 11438, 18895, 23238, 11476, 15659, 7876, 9015, 12410, 8816, 15489, 16552, 6570, 5258, 20634, 7705]","[0.047514185309410095, 0.00014883848780300468, 0.2447238266468048, 0.0004013350699096918, 0.03711691126227379, 5.874842099728994e-05, 0.005448067560791969, 0.0011160142021253705, 0.013121271505951881, 0.0009181900531984866, 0.00023413581948261708, 0.0036499870475381613, 0.0023141263518482447, 0.005001672077924013, 0.00043904531048610806, 1.9833367332466878e-05, 0.00012731103925034404, 0.014899643138051033, 0.0006771942134946585, 0.21833586692810059]","[0.007785797119140625, 0.9892578125, 0.00286102294921875]","[0.007785797119140625, 0.9892578125, 0.00286102294921875]",False,YETERSİZ VERİ,RET,True,False,2720.8008000000063,"{""K1_input_and_readiness"": 0.0525000000379805, ""K7_context"": 0.0013999999737279722, ""K1_normalization"": 0.008900000011635711, ""K6_advisory"": 34.369299999980285, ""K1_intent"": 0.03940000010516087, ""K2_retrieval"": 253.03710000002866, ""K3_reranker"": 1687.6138000000083, ""K8_weighted_ranking"": 1.59839999992073, ""K3_candidate_filters"": 7.5747999999293825, ""K9_advisory_consensus"": 0.007899999900473631, ""K4_nli_and_bypass_check"": 395.0969999998506, ""K5_decision"": 337.38560000006146}",13598
FACTURK-0241,DOĞRU,"[25710, 24130, 3133, 29318, 23944, 26305, 27823, 14879, 5745, 4182, 9288, 10966, 21451, 28250, 10117, 12237, 12939, 1490, 29088, 23096]","[1.8200149497715756e-05, 0.0003077430883422494, 0.0007379196467809379, 0.0006667023408226669, 1.7097478121286258e-05, 0.0001442598586436361, 1.6061610949691385e-05, 1.892514956125524e-05, 1.6314539607265033e-05, 0.0007554056355729699, 1.8777873265207745e-05, 4.9086618673754856e-05, 3.591300992411561e-05, 1.6187581422855146e-05, 1.6187581422855146e-05, 1.6314539607265033e-05, 1.6061610949691385e-05, 1.6061610949691385e-05, 1.6187581422855146e-05, 2.526822754589375e-05]","[0.001865386962890625, 0.9970703125, 0.0010423660278320312]","[0.001865386962890625, 0.9970703125, 0.0010423660278320312]",False,YALAN,RED,False,False,1235.984099999996,"{""K1_input_and_readiness"": 0.12390000006234914, ""K7_context"": 0.0019999999949504854, ""K1_normalization"": 0.012700000070253736, ""K6_advisory"": 36.02909999995063, ""K1_intent"": 0.04030000013699464, ""K2_retrieval"": 224.9911000001248, ""K3_reranker"": 928.7145000000692, ""K8_weighted_ranking"": 1.2948999999480293, ""K3_candidate_filters"": 6.121099999973012, ""K9_advisory_consensus"": 0.006499999926745659, ""K4_nli_and_bypass_check"": 34.71220000005815, ""K5_decision"": 0.22360000002663583}",4182
FACTURK-0242,YALAN,"[10033, 13795, 13858, 25236, 9919, 16645, 4757, 4993, 4738, 8790, 18661, 3086, 11781, 3963, 20488, 18383, 2627, 7940, 28927, 28704]","[0.0017821963410824537, 0.1678997427225113, 0.0003053489199373871, 0.004905405919998884, 0.0005770345451310277, 0.0040543340146541595, 0.0027683854568749666, 0.0017891592578962445, 0.009522485546767712, 0.0007702931761741638, 0.00046190584544092417, 0.00026323829661123455, 0.0003583672805689275, 0.00025514140725135803, 0.0009850083151832223, 3.144662332488224e-05, 0.00017265156202483922, 0.0003697388747241348, 0.0008899655076675117, 0.001094452221877873]","[0.0200347900390625, 0.97509765625, 0.004871368408203125]","[0.0200347900390625, 0.97509765625, 0.004871368408203125]",False,DOĞRU,ONAY,False,False,1690.797099999827,"{""K1_input_and_readiness"": 0.052000000096086296, ""K7_context"": 0.0018000000636675395, ""K1_normalization"": 0.009399999953529914, ""K6_advisory"": 33.99910000007367, ""K1_intent"": 0.038099999983387534, ""K2_retrieval"": 208.34180000019842, ""K3_reranker"": 404.1153000000577, ""K8_weighted_ranking"": 1.358100000061313, ""K3_candidate_filters"": 7.046400000035646, ""K9_advisory_consensus"": 0.008400000069741509, ""K4_nli_and_bypass_check"": 556.5568000001804, ""K5_decision"": 476.05700000008255}",28704
FACTURK-0243,DOĞRU,"[29414, 21058, 25160, 5937, 24782, 1427, 19827, 1499, 14012, 14277, 487, 25968, 8699, 26355, 27564, 18311, 8602, 20305, 8051, 19909]","[0.07369627058506012, 0.00025315635139122605, 0.01890544593334198, 8.888084994396195e-05, 0.07751765847206116, 0.8423450589179993, 0.02931223064661026, 0.0033766122069209814, 0.002992665395140648, 0.013795365579426289, 0.0024822766426950693, 0.0014895173953846097, 0.002560870721936226, 0.00821969285607338, 0.00017813112935982645, 0.0025909794494509697, 0.0003029734070878476, 0.0009039677679538727, 0.007289077155292034, 0.054098695516586304]","[0.0009517669677734375, 0.99609375, 0.0028591156005859375]","[0.0009517669677734375, 0.99609375, 0.0028591156005859375]",False,YALAN,UYARI,False,False,1273.3565000000908,"{""K1_input_and_readiness"": 0.08290000005217735, ""K7_context"": 0.0018000000636675395, ""K1_normalization"": 0.016899999991437653, ""K6_advisory"": 35.380099999883896, ""K1_intent"": 0.05600000008598727, ""K2_retrieval"": 303.7862999999561, ""K3_reranker"": 888.3163000000422, ""K8_weighted_ranking"": 1.578399999971225, ""K3_candidate_filters"": 8.381300000110059, ""K9_advisory_consensus"": 0.009099999942918657, ""K4_nli_and_bypass_check"": 31.974400000081005, ""K5_decision"": 0.23859999987507763}",1427
FACTURK-0244,DOĞRU,"[16434, 13753, 12595, 824, 6224, 1791, 29986, 6858, 20982, 4999, 24349, 16304, 4195, 8315, 16532, 7762, 23963, 19802, 13200, 743]","[0.0007096704212017357, 0.0031480707693845034, 0.036288294941186905, 0.0001442598586436361, 5.5622065701754764e-05, 0.00020342698553577065, 0.00037555923336185515, 0.00015720345254521817, 1.67014204635052e-05, 1.657145367062185e-05, 0.007232763804495335, 0.0006000071880407631, 2.710879925871268e-05, 1.7231572201126255e-05, 1.67014204635052e-05, 1.6314539607265033e-05, 7.602479308843613e-05, 0.001103026675991714, 1.6442494597868063e-05, 1.657145367062185e-05]","[0.032989501953125, 0.96044921875, 0.006649017333984375]","[0.032989501953125, 0.96044921875, 0.006649017333984375]",False,YETERSİZ VERİ,RET,True,False,1281.358599999976,"{""K1_input_and_readiness"": 0.051900000016757986, ""K7_context"": 0.0014999998256826075, ""K1_normalization"": 0.009800000043469481, ""K6_advisory"": 36.23389999984283, ""K1_intent"": 0.07070000015119149, ""K2_retrieval"": 204.14159999995718, ""K3_reranker"": 228.1811000000289, ""K8_weighted_ranking"": 1.2074999999640568, ""K3_candidate_filters"": 6.162900000163063, ""K9_advisory_consensus"": 0.0073999999585794285, ""K4_nli_and_bypass_check"": 421.52360000000044, ""K5_decision"": 380.2811999998994}",824
FACTURK-0245,DOĞRU,"[12658, 15787, 27382, 27623, 21653, 9150, 27617, 10809, 13538, 15294, 22773, 25225, 11142, 23054, 3189, 2858, 19237, 19258, 25098, 27894]","[0.050611432641744614, 0.012722708284854889, 0.0007437028689309955, 0.0018602986820042133, 1.9073577277595177e-05, 0.03271312639117241, 4.1659583075670525e-05, 0.0001097509084502235, 0.004591683857142925, 3.1941821362124756e-05, 0.9828232526779175, 0.014392335899174213, 2.6480842279852368e-05, 0.07237401604652405, 0.06903792917728424, 0.0006878511630930007, 0.022371459752321243, 0.0140095679089427, 0.0008231385727412999, 0.006564249750226736]","[0.97412109375, 0.02386474609375, 0.002254486083984375]","[0.97412109375, 0.02386474609375, 0.002254486083984375]",False,YETERSİZ VERİ,KISMI,True,False,978.0748000000585,"{""K1_input_and_readiness"": 0.0749000000723754, ""K7_context"": 0.001799999836293864, ""K1_normalization"": 0.017500000012660166, ""K6_advisory"": 37.857600000052116, ""K1_intent"": 0.0437000001056731, ""K2_retrieval"": 205.94040000014502, ""K3_reranker"": 353.5488999998506, ""K8_weighted_ranking"": 1.1604999999690335, ""K3_candidate_filters"": 6.348099999968326, ""K9_advisory_consensus"": 0.007500000037907739, ""K4_nli_and_bypass_check"": 207.97339999990072, ""K5_decision"": 161.69319999994514}",22773
FACTURK-0246,DOĞRU,"[24283, 6304, 11721, 14939, 7516, 22903, 13560, 16769, 23550, 9516, 12889, 26089, 29667, 21782, 26050, 2719, 399, 23475, 17229, 429]","[0.007039045449346304, 7.031184941297397e-05, 0.0003275842755101621, 2.1278065105434507e-05, 1.6314539607265033e-05, 0.0016875095898285508, 9.028038039105013e-05, 2.5466406441410072e-05, 1.6187581422855146e-05, 8.156224066624418e-05, 0.0001511819864390418, 3.0479141059913673e-05, 1.9073577277595177e-05, 8.818923379294574e-05, 1.6061610949691385e-05, 1.67014204635052e-05, 1.6187581422855146e-05, 1.6442494597868063e-05, 5.144220995134674e-05, 1.6314539607265033e-05]","[0.00019252300262451172, 0.99951171875, 0.0001316070556640625]","[0.00019252300262451172, 0.99951171875, 0.0001316070556640625]",False,YALAN,RED,False,False,1455.5278000000271,"{""K1_input_and_readiness"": 0.07310000000870787, ""K7_context"": 0.001500000053056283, ""K1_normalization"": 0.013899999885325087, ""K6_advisory"": 34.28260000009686, ""K1_intent"": 0.0634000000445667, ""K2_retrieval"": 239.01299999988623, ""K3_reranker"": 1138.6502000000291, ""K8_weighted_ranking"": 1.3633999999456137, ""K3_candidate_filters"": 7.339100000081089, ""K9_advisory_consensus"": 0.007699999969190685, ""K4_nli_and_bypass_check"": 31.25210000007428, ""K5_decision"": 0.28290000000197324}",24283
FACTURK-0247,YALAN,"[24726, 23686, 24956, 30211, 29892, 15978, 19981, 17499, 13791, 25169, 27894, 22175, 6758, 14232, 25225, 21518, 22268, 4991, 22198, 22504]","[0.9995842576026917, 0.018689308315515518, 0.23109324276447296, 0.00266261282376945, 0.10502681136131287, 0.08006926625967026, 0.026405517011880875, 0.0023688741493970156, 0.017242778092622757, 0.024191485717892647, 0.005060331895947456, 0.0029121784027665854, 0.00011412239109631628, 0.0697949230670929, 0.22354651987552643, 0.0022343622986227274, 0.0011604196624830365, 0.018124720081686974, 0.0010202174307778478, 0.020606474950909615]","[0.99951171875, 0.0001722574234008789, 0.00039267539978027344]","[0.99951171875, 0.0001722574234008789, 0.00039267539978027344]",False,YALAN,UYARI,False,False,1312.2510000000602,"{""K1_input_and_readiness"": 0.04719999992630619, ""K7_context"": 0.0013999999737279722, ""K1_normalization"": 0.009200000022246968, ""K6_advisory"": 35.06640000000516, ""K1_intent"": 0.0328000000990869, ""K2_retrieval"": 210.85489999995843, ""K3_reranker"": 910.552300000063, ""K8_weighted_ranking"": 1.201199999968594, ""K3_candidate_filters"": 6.829899999956979, ""K9_advisory_consensus"": 0.007299999879251118, ""K4_nli_and_bypass_check"": 81.50930000010703, ""K5_decision"": 62.90070000000014}",24726
FACTURK-0248,YALAN,"[18148, 26461, 21223, 3213, 29251, 25862, 16193, 22690, 6309, 9463, 8419, 29177, 1570, 28346, 23755, 10877, 13378, 915, 10061, 29755]","[0.07250525057315826, 0.028870904818177223, 0.0030515100806951523, 0.004231587518006563, 0.0015916259726509452, 0.0011469158343970776, 5.9673518990166485e-05, 0.0018172829877585173, 0.015424552373588085, 0.00045474787475541234, 0.0006312434561550617, 2.392351052549202e-05, 0.0006312434561550617, 5.920916373725049e-05, 1.6314539607265033e-05, 0.0001686527393758297, 1.6061610949691385e-05, 0.06620602309703827, 9.098840382648632e-05, 0.00034870431409217417]","[0.9765625, 0.015899658203125, 0.007610321044921875]","[0.9765625, 0.015899658203125, 0.007610321044921875]",False,DOĞRU,ONAY,False,False,1587.7318000000287,"{""K1_input_and_readiness"": 0.03970000011577213, ""K7_context"": 0.0013999999737279722, ""K1_normalization"": 0.007500000037907739, ""K6_advisory"": 33.739400000058595, ""K1_intent"": 0.030100000003585592, ""K2_retrieval"": 197.69219999989218, ""K3_reranker"": 842.5141000000167, ""K8_weighted_ranking"": 1.5249000000494561, ""K3_candidate_filters"": 6.984700000202793, ""K9_advisory_consensus"": 0.007599999889862374, ""K4_nli_and_bypass_check"": 255.6644999999662, ""K5_decision"": 231.76499999999578}",18148
FACTURK-0249,DOĞRU,"[16856, 427, 27940, 29568, 16420, 17094, 23265, 8286, 6437, 15887, 21829, 16585, 26598, 25916, 4842, 19220, 13524, 8628, 26312, 24737]","[0.00012632041762117296, 0.9881765246391296, 1.6061610949691385e-05, 1.6442494597868063e-05, 0.001674399245530367, 0.001052568550221622, 1.6187581422855146e-05, 2.93115390377352e-05, 0.00012339458044152707, 0.0001387341326335445, 1.7097478121286258e-05, 4.0694576455280185e-05, 0.01890544593334198, 0.00019716942915692925, 4.7206227463902906e-05, 7.602479308843613e-05, 3.071818719035946e-05, 1.7366719475830905e-05, 1.657145367062185e-05, 1.6187581422855146e-05]","[0.99609375, 0.0026569366455078125, 0.0011301040649414062]","[0.99609375, 0.0026569366455078125, 0.0011301040649414062]",False,YALAN,RED,False,False,1343.4431999999106,"{""K1_input_and_readiness"": 0.05880000003344321, ""K7_context"": 0.0019999999949504854, ""K1_normalization"": 0.011699999959091656, ""K6_advisory"": 35.523499999953856, ""K1_intent"": 0.04829999988942291, ""K2_retrieval"": 238.34480000004987, ""K3_reranker"": 666.0176999998839, ""K8_weighted_ranking"": 1.5638000002127228, ""K3_candidate_filters"": 6.971999999905165, ""K9_advisory_consensus"": 0.007200000027296483, ""K4_nli_and_bypass_check"": 234.88849999989725, ""K5_decision"": 156.65639999997438}",427
FACTURK-0250,YALAN,"[12539, 14277, 10302, 5953, 21058, 10589, 15780, 24849, 19068, 8347, 15297, 27017, 21117, 25673, 4270, 25108, 19997, 4867, 2984, 7224]","[0.000706905557308346, 0.054701510816812515, 0.015306354500353336, 0.016593176871538162, 0.00019716942915692925, 0.003510648850351572, 0.002115703420713544, 0.4801282584667206, 0.0013939501950517297, 0.0030278346966952085, 0.02489279955625534, 0.008348053321242332, 0.20481863617897034, 0.01214717049151659, 0.007937993854284286, 0.0030043430160731077, 0.00029137005913071334, 0.08050192147493362, 0.00016474656877107918, 0.007725534029304981]","[0.0004906654357910156, 0.99951171875, 0.00020492076873779297]","[0.0004906654357910156, 0.99951171875, 0.00020492076873779297]",False,YALAN,UYARI,False,False,1342.9563000001963,"{""K1_input_and_readiness"": 0.094600000011269, ""K7_context"": 0.0016000001323845936, ""K1_normalization"": 0.015999999959603883, ""K6_advisory"": 35.54650000000947, ""K1_intent"": 0.08830000001580629, ""K2_retrieval"": 309.08389999990504, ""K3_reranker"": 939.9382999999943, ""K8_weighted_ranking"": 1.85420000002523, ""K3_candidate_filters"": 6.98869999996532, ""K9_advisory_consensus"": 0.007499999810534064, ""K4_nli_and_bypass_check"": 45.44179999993503, ""K5_decision"": 0.24669999993420788}",24849
FACTURK-0251,DOĞRU,"[26178, 24289, 4452, 5104, 27018, 12622, 2755, 7944, 9730, 6170, 12330, 6765, 2933, 26308, 18638, 26627, 10424, 25503, 24002, 23246]","[0.0015487611526623368, 8.156224066624418e-05, 0.0011786719551309943, 0.0053640566766262054, 8.888084994396195e-05, 0.02203226462006569, 0.00022167809947859496, 0.00019411319226492196, 0.0001442598586436361, 0.0006337125087156892, 0.0010322310263291001, 0.0023688741493970156, 0.0028671587351709604, 0.0005274784052744508, 0.0005316132446750998, 0.00011412239109631628, 0.0002002737601287663, 0.00272558256983757, 0.004924510605633259, 0.0005614787805825472]","[0.0006022453308105469, 0.9970703125, 0.002269744873046875]","[0.0006022453308105469, 0.9970703125, 0.002269744873046875]",False,YALAN,UYARI,False,False,3381.4572000001135,"{""K1_input_and_readiness"": 0.08849999994708924, ""K7_context"": 0.0016999999843392288, ""K1_normalization"": 0.021000000060666935, ""K6_advisory"": 38.66809999999532, ""K1_intent"": 0.05520000013348181, ""K2_retrieval"": 247.9080000000522, ""K3_reranker"": 1716.8927000000167, ""K8_weighted_ranking"": 1.3788999999633234, ""K3_candidate_filters"": 6.900099999938902, ""K9_advisory_consensus"": 0.012699999842880061, ""K4_nli_and_bypass_check"": 676.6955000000507, ""K5_decision"": 688.7604999999439}",5104
FACTURK-0252,YALAN,"[5630, 2429, 28582, 4402, 8731, 29070, 29379, 12391, 13025, 16652, 17161, 24542, 18711, 8833, 12102, 10127, 7375, 13621, 3524, 8024]","[0.9993175268173218, 0.0025509123224765062, 0.02080448903143406, 0.015483989380300045, 0.0007854739669710398, 0.00038296362617984414, 0.0001387341326335445, 9.685608529252931e-05, 0.005888158921152353, 0.008847354911267757, 0.00026947917649522424, 0.04107588902115822, 8.547616744181141e-05, 0.0019723358564078808, 2.265035072923638e-05, 3.591300992411561e-05, 0.04377274215221405, 0.01590639166533947, 0.005001672077924013, 0.00010310211655450985]",null,"[1.0, 0.0, 0.0]",True,YALAN,UYARI,False,False,1337.0824000000994,"{""K1_input_and_readiness"": 0.09139999997387349, ""K7_context"": 0.0027000000955013093, ""K1_normalization"": 0.017500000012660166, ""K6_advisory"": 36.6271999998844, ""K1_intent"": 0.043299999788359855, ""K2_retrieval"": 226.0579000001144, ""K3_reranker"": 1062.0062999998936, ""K8_weighted_ranking"": 1.4992999999776657, ""K3_candidate_filters"": 6.893199999922217, ""K9_advisory_consensus"": 0.007999999979801942, ""K4_nli_and_bypass_check"": 0.22519999993164674, ""K5_decision"": 0.32710000004954054}",5630
FACTURK-0253,YALAN,"[13795, 6837, 22811, 23132, 24304, 1959, 27357, 5396, 23686, 15247, 9810, 7836, 24179, 14814, 6352, 26079, 21253, 27830, 30352, 3772]","[0.00014653129619546235, 2.0462934116949327e-05, 1.6314539607265033e-05, 0.00015720345254521817, 0.0005953406798653305, 1.6314539607265033e-05, 0.0004044814850203693, 1.657145367062185e-05, 1.6187581422855146e-05, 1.6314539607265033e-05, 0.0009966077050194144, 0.019568676128983498, 1.6442494597868063e-05, 7.9673009167891e-05, 2.1112482500029728e-05, 1.6314539607265033e-05, 1.6061610949691385e-05, 2.265035072923638e-05, 3.071818719035946e-05, 4.101373633602634e-05]","[0.0015716552734375, 0.99560546875, 0.003055572509765625]","[0.0015716552734375, 0.99560546875, 0.003055572509765625]",False,YALAN,RED,False,False,2098.383100000092,"{""K1_input_and_readiness"": 0.05699999996977567, ""K7_context"": 0.0018000000636675395, ""K1_normalization"": 0.01150000002780871, ""K6_advisory"": 36.03550000002542, ""K1_intent"": 0.04899999998997373, ""K2_retrieval"": 269.4380000000365, ""K3_reranker"": 676.3378999999077, ""K8_weighted_ranking"": 1.1491000000205531, ""K3_candidate_filters"": 6.106499999987136, ""K9_advisory_consensus"": 0.006299999995462713, ""K4_nli_and_bypass_check"": 564.1749999999774, ""K5_decision"": 541.0354999999072}",30352
FACTURK-0254,YALAN,"[16423, 19084, 16491, 6705, 12442, 5304, 11198, 17023, 10107, 16687, 27748, 29373, 16645, 24955, 5228, 26983, 23309, 1155, 29364, 30133]","[1.8777873265207745e-05, 0.0023413407616317272, 0.0011380005162209272, 4.101373633602634e-05, 0.0006070755189284682, 0.004433765076100826, 0.001269364496693015, 1.6442494597868063e-05, 1.6061610949691385e-05, 1.9833367332466878e-05, 3.508111694827676e-05, 0.0001195985751110129, 0.0003301527176517993, 8.029783930396661e-05, 1.6061610949691385e-05, 0.0014721895568072796, 1.6314539607265033e-05, 4.5044595026411116e-05, 0.0009004466701298952, 0.0007916296017356217]","[0.0005664825439453125, 0.019866943359375, 0.9794921875]","[0.0005664825439453125, 0.019866943359375, 0.9794921875]",False,YETERSİZ VERİ,KISMI,True,False,1055.0455000000056,"{""K1_input_and_readiness"": 0.06970000004002941, ""K7_context"": 0.001300000121773337, ""K1_normalization"": 0.009299999874201603, ""K6_advisory"": 35.743299999921874, ""K1_intent"": 0.03749999996216502, ""K2_retrieval"": 235.7517000000371, ""K3_reranker"": 735.2151000000049, ""K8_weighted_ranking"": 1.162499999963984, ""K3_candidate_filters"": 6.170699999984208, ""K9_advisory_consensus"": 0.007200000027296483, ""K4_nli_and_bypass_check"": 36.83939999996255, ""K5_decision"": 0.30480000009447394}",17023
FACTURK-0255,DOĞRU,"[6199, 21702, 4987, 2558, 18926, 15525, 26352, 4226, 15849, 13422, 10873, 8950, 18876, 19437, 17342, 322, 27758, 12813, 16473, 9164]","[0.005281333811581135, 0.0008009536541067064, 0.012007349170744419, 2.0462934116949327e-05, 0.005405900068581104, 2.4682904040673748e-05, 0.0006190416170284152, 0.02898062951862812, 2.2474090656032786e-05, 1.657145367062185e-05, 5.02506154589355e-05, 0.008030813187360764, 1.7097478121286258e-05, 2.178264912799932e-05, 6.253713218029588e-05, 0.024798160418868065, 0.0023141263518482447, 0.0005316132446750998, 0.014957086183130741, 0.00048406238784082234]","[0.0007886886596679688, 0.9970703125, 0.0019254684448242188]","[0.0007886886596679688, 0.9970703125, 0.0019254684448242188]",False,YALAN,RED,False,False,1576.1239000000842,"{""K1_input_and_readiness"": 0.06289999987529882, ""K7_context"": 0.0012000000424450263, ""K1_normalization"": 0.015099999927770114, ""K6_advisory"": 32.608400000071924, ""K1_intent"": 0.06349999989652133, ""K2_retrieval"": 282.691800000066, ""K3_reranker"": 1214.8705000001883, ""K8_weighted_ranking"": 1.1824999999134889, ""K3_candidate_filters"": 6.210100000089369, ""K9_advisory_consensus"": 0.006600000006073969, ""K4_nli_and_bypass_check"": 34.66800000001058, ""K5_decision"": 0.3153000000111206}",322
FACTURK-0256,YALAN,"[15787, 25225, 9150, 25098, 17721, 16785, 27894, 21537, 2858, 11479, 16063, 15238, 24184, 28629, 30356, 2244, 25169, 487, 24591, 2537]","[0.001151399570517242, 0.0019646615255624056, 0.008985428139567375, 0.0002396868512732908, 0.4686386287212372, 0.0006047102506272495, 0.014172364957630634, 0.468030720949173, 0.0001476803736295551, 0.00020184421737212688, 0.002580904169008136, 0.004700060468167067, 0.0007824140484444797, 0.006413164082914591, 0.1748325228691101, 7.905303937150165e-05, 0.00011412239109631628, 0.0029008574783802032, 0.0007096704212017357, 0.026405517011880875]","[0.004940032958984375, 0.97900390625, 0.0160980224609375]","[0.004940032958984375, 0.97900390625, 0.0160980224609375]",False,YALAN,RED,False,False,1451.1423999999806,"{""K1_input_and_readiness"": 0.045999999883861165, ""K7_context"": 0.001300000121773337, ""K1_normalization"": 0.0073999999585794285, ""K6_advisory"": 34.42319999999199, ""K1_intent"": 0.033300000040981104, ""K2_retrieval"": 200.5901999998514, ""K3_reranker"": 919.3178000000444, ""K8_weighted_ranking"": 1.264900000023772, ""K3_candidate_filters"": 6.555000000162181, ""K9_advisory_consensus"": 0.007500000037907739, ""K4_nli_and_bypass_check"": 136.98090000002594, ""K5_decision"": 134.37070000009044}",30356
FACTURK-0257,DOĞRU,"[25662, 27521, 18052, 17425, 18391, 12763, 15121, 13817, 9725, 18112, 26227, 27233, 29612, 29091, 11295, 2043, 5149, 1974, 15859, 3976]","[0.19759924709796906, 0.0055333878844976425, 0.03222229704260826, 0.015663648024201393, 0.19590157270431519, 0.060418423265218735, 0.11104825139045715, 0.02013874053955078, 0.008445626124739647, 0.018194368109107018, 0.018797073513269424, 0.017442485317587852, 0.03191915154457092, 0.011029469780623913, 1.657145367062185e-05, 0.011029469780623913, 6.60521473037079e-05, 0.0037800956051796675, 0.02909075655043125, 0.015483989380300045]","[0.00012028217315673828, 0.99951171875, 0.0001709461212158203]","[0.00012028217315673828, 0.99951171875, 0.0001709461212158203]",False,DOĞRU,ONAY,False,False,1854.1278000000148,"{""K1_input_and_readiness"": 0.10689999999158317, ""K7_context"": 0.0022000001536071068, ""K1_normalization"": 0.01990000009755022, ""K6_advisory"": 39.00520000001961, ""K1_intent"": 0.06140000004961621, ""K2_retrieval"": 295.4549000000952, ""K3_reranker"": 1468.615600000021, ""K8_weighted_ranking"": 1.591200000120807, ""K3_candidate_filters"": 6.849800000054529, ""K9_advisory_consensus"": 0.008099999831756577, ""K4_nli_and_bypass_check"": 37.32779999995728, ""K5_decision"": 0.2887999999074964}",15121
FACTURK-0258,DOĞRU,"[28345, 13989, 13706, 16594, 2194, 29289, 12429, 14954, 8100, 28354, 11758, 2993, 24747, 11751, 4877, 18975, 23797, 2677, 6575, 21977]","[0.049681153148412704, 0.02241421490907669, 0.009020279161632061, 0.01009131595492363, 0.00937623716890812, 0.03782128915190697, 0.009125636890530586, 0.003678509034216404, 0.0008360903011634946, 0.0006487307837232947, 0.002123966347426176, 0.02409944497048855, 0.0008796061738394201, 0.0007096704212017357, 0.0013096056645736098, 0.028328312560915947, 0.002540992572903633, 0.001192549243569374, 0.00025118677876889706, 0.0007466114475391805]","[0.0015544891357421875, 0.99658203125, 0.0019092559814453125]","[0.0015544891357421875, 0.99658203125, 0.0019092559814453125]",False,DOĞRU,ONAY,False,False,1954.4195999999374,"{""K1_input_and_readiness"": 0.05230000010669755, ""K7_context"": 0.001199999815071351, ""K1_normalization"": 0.008999999863590347, ""K6_advisory"": 32.81660000016018, ""K1_intent"": 0.03569999989849748, ""K2_retrieval"": 226.7073000000437, ""K3_reranker"": 870.2709000001505, ""K8_weighted_ranking"": 1.6292000000248663, ""K3_candidate_filters"": 7.795600000008562, ""K9_advisory_consensus"": 0.010199999906035373, ""K4_nli_and_bypass_check"": 429.67899999985093, ""K5_decision"": 382.05410000000484}",18975
FACTURK-0259,DOĞRU,"[25585, 6348, 10277, 27364, 11842, 24904, 1682, 16400, 6758, 20527, 11122, 28198, 13321, 17229, 19122, 2307, 15897, 3377, 21400, 27436]","[0.6801354885101318, 0.00021995337738189846, 0.0008199321455322206, 5.104190859128721e-05, 8.818923379294574e-05, 1.7778551409719512e-05, 1.8777873265207745e-05, 3.4537253668531775e-05, 0.004886374808847904, 9.915272676153108e-05, 2.014569145103451e-05, 1.6442494597868063e-05, 4.611274925991893e-05, 0.0002982776495628059, 0.006589771714061499, 1.8342892872169614e-05, 1.7231572201126255e-05, 1.67014204635052e-05, 1.7778551409719512e-05, 2.265035072923638e-05]","[0.0026988983154296875, 0.0017910003662109375, 0.99560546875]","[0.0026988983154296875, 0.0017910003662109375, 0.99560546875]",False,DOĞRU,ONAY,False,False,1983.4387999999308,"{""K1_input_and_readiness"": 0.04579999995257822, ""K7_context"": 0.001799999836293864, ""K1_normalization"": 0.008800000159681076, ""K6_advisory"": 34.726100000170845, ""K1_intent"": 0.043000000005122274, ""K2_retrieval"": 215.80139999991843, ""K3_reranker"": 987.0640999999978, ""K8_weighted_ranking"": 1.2913000000480679, ""K3_candidate_filters"": 6.503599999859944, ""K9_advisory_consensus"": 0.007000000096013537, ""K4_nli_and_bypass_check"": 402.523599999995, ""K5_decision"": 331.7996000000676}",28198
FACTURK-0260,DOĞRU,"[3138, 7704, 16683, 25343, 13960, 11169, 2262, 20048, 6828, 18437, 28777, 16740, 18735, 14100, 27763, 2961, 27568, 2399, 299, 3945]","[1.6061610949691385e-05, 1.7917987861437723e-05, 0.0028560124337673187, 1.6187581422855146e-05, 1.8200149497715756e-05, 0.000458312890259549, 1.67014204635052e-05, 0.00034329999471083283, 1.6061610949691385e-05, 4.7206227463902906e-05, 1.6187581422855146e-05, 3.244481558795087e-05, 1.6314539607265033e-05, 1.892514956125524e-05, 1.6061610949691385e-05, 1.6314539607265033e-05, 1.6442494597868063e-05, 0.0002287133247591555, 1.6061610949691385e-05, 1.6061610949691385e-05]","[0.0024318695068359375, 0.1419677734375, 0.85546875]","[0.0024318695068359375, 0.1419677734375, 0.85546875]",False,YETERSİZ VERİ,KISMI,True,False,2545.1904000001377,"{""K1_input_and_readiness"": 0.14269999996940896, ""K7_context"": 0.001500000053056283, ""K1_normalization"": 0.011799999811046291, ""K6_advisory"": 38.391700000147466, ""K1_intent"": 0.05149999992681842, ""K2_retrieval"": 265.9476999999697, ""K3_reranker"": 1141.7019000000437, ""K8_weighted_ranking"": 1.474799999868992, ""K3_candidate_filters"": 7.412500000100408, ""K9_advisory_consensus"": 0.008600000001024455, ""K4_nli_and_bypass_check"": 546.94829999994, ""K5_decision"": 539.6290000001045}",2399
FACTURK-0261,YALAN,"[20431, 12900, 27643, 15617, 9834, 26193, 2749, 28246, 16384, 27752, 11185, 23464, 27400, 9378, 21875, 27965, 7243, 10952, 676, 28236]","[0.005980330519378185, 1.67014204635052e-05, 0.00017952796770259738, 0.0003366621967870742, 2.586742994026281e-05, 1.7640199075685814e-05, 1.9988918211311102e-05, 0.0007264875457622111, 1.7097478121286258e-05, 3.3474691008450463e-05, 3.5633544030133635e-05, 3.321419353596866e-05, 0.0010443859500810504, 1.750292540236842e-05, 0.0003920417802873999, 1.750292540236842e-05, 2.355261858610902e-05, 0.00010554686014074832, 0.0001837845629779622, 2.566613329690881e-05]","[0.0755615234375, 0.54541015625, 0.379150390625]","[0.0755615234375, 0.54541015625, 0.379150390625]",False,YALAN,RED,False,False,3662.7991999998812,"{""K1_input_and_readiness"": 0.10590000010779477, ""K7_context"": 0.0013999999737279722, ""K1_normalization"": 0.021299999843904516, ""K6_advisory"": 35.51390000006904, ""K1_intent"": 0.05320000013853132, ""K2_retrieval"": 287.93560000008256, ""K3_reranker"": 1156.6124999999374, ""K8_weighted_ranking"": 1.3627999999243912, ""K3_candidate_filters"": 7.463500000085332, ""K9_advisory_consensus"": 0.007500000037907739, ""K4_nli_and_bypass_check"": 1092.9685000000973, ""K5_decision"": 1077.1783000000141}",28246
FACTURK-0262,DOĞRU,"[2381, 11778, 29892, 4452, 22773, 28266, 29075, 4156, 6336, 23686, 27763, 2920, 23475, 11723, 22504, 28251, 21748, 18348, 10809, 5576]","[0.2078571617603302, 0.026963500306010246, 0.0017683517653495073, 0.0002234163403045386, 0.038321975618600845, 0.0008830457809381187, 3.0006618544575758e-05, 1.8777873265207745e-05, 0.0010733063099905849, 0.000317508791340515, 0.0003053489199373871, 0.0003889921063091606, 2.710879925871268e-05, 4.006369272246957e-05, 0.016721142455935478, 0.00011866796558024362, 7.782753527862951e-05, 3.4537253668531775e-05, 1.967902426258661e-05, 1.8631746570463292e-05]","[0.00287628173828125, 0.9921875, 0.004764556884765625]","[0.00287628173828125, 0.9921875, 0.004764556884765625]",False,YALAN,UYARI,False,False,1877.8824000000895,"{""K1_input_and_readiness"": 0.05719999990105862, ""K7_context"": 0.0014999998256826075, ""K1_normalization"": 0.01059999999597494, ""K6_advisory"": 34.87970000014684, ""K1_intent"": 0.03479999986666371, ""K2_retrieval"": 209.54439999991337, ""K3_reranker"": 899.8120000001109, ""K8_weighted_ranking"": 1.3415999999324413, ""K3_candidate_filters"": 6.822600000077728, ""K9_advisory_consensus"": 0.008100000059130252, ""K4_nli_and_bypass_check"": 374.94519999995646, ""K5_decision"": 347.1953000000667}",2381
FACTURK-0263,YALAN,"[8905, 21473, 21599, 28194, 11383, 16291, 5273, 9426, 23763, 15874, 1130, 10031, 1761, 8888, 5961, 28559, 7358, 6472, 6538, 3623]","[0.0001097509084502235, 0.00014883848780300468, 0.008283626288175583, 0.0005072812782600522, 0.011463796719908714, 0.00021485926117748022, 0.0011740821646526456, 0.0026316740550100803, 0.0001740054285619408, 1.8200149497715756e-05, 3.70529705833178e-05, 0.002323162741959095, 0.00012931563833262771, 0.0009217804181389511, 2.7535690605873242e-05, 2.93115390377352e-05, 5.9673518990166485e-05, 0.0005072812782600522, 3.373722574906424e-05, 5.2662067901110277e-05]","[0.0004134178161621094, 0.998046875, 0.0013217926025390625]","[0.0004134178161621094, 0.998046875, 0.0013217926025390625]",False,DOĞRU,ONAY,False,False,2298.606300000074,"{""K1_input_and_readiness"": 0.06050000001778244, ""K7_context"": 0.001500000053056283, ""K1_normalization"": 0.010799999927257886, ""K6_advisory"": 34.4731000000138, ""K1_intent"": 0.036600000157704926, ""K2_retrieval"": 232.73230000017975, ""K3_reranker"": 947.6202999999259, ""K8_weighted_ranking"": 1.2819999999464926, ""K3_candidate_filters"": 5.986399999983405, ""K9_advisory_consensus"": 0.007299999879251118, ""K4_nli_and_bypass_check"": 526.4181999998527, ""K5_decision"": 546.6752999998334}",21599
FACTURK-0264,DOĞRU,"[11058, 17516, 19761, 1424, 5710, 17984, 5087, 2337, 24534, 27015, 20305, 12152, 30224, 17022, 15968, 11986, 2513, 18468, 11571, 27857]","[0.39210402965545654, 0.0023967307060956955, 0.9388007521629333, 0.016466174274683, 0.019908789545297623, 0.03061777912080288, 0.00026323829661123455, 0.0008659808663651347, 3.1201914680423215e-05, 0.0928521603345871, 0.0011380005162209272, 0.00017952796770259738, 0.0032099615782499313, 1.750292540236842e-05, 1.8777873265207745e-05, 0.0008693674462847412, 0.019531238824129105, 0.8875949382781982, 1.657145367062185e-05, 1.9373936083866283e-05]","[0.85302734375, 0.070556640625, 0.0765380859375]","[0.85302734375, 0.070556640625, 0.0765380859375]",False,DOĞRU,ONAY,False,False,1310.6748000000152,"{""K1_input_and_readiness"": 0.05409999994299142, ""K7_context"": 0.0018000000636675395, ""K1_normalization"": 0.008900000011635711, ""K6_advisory"": 35.75120000004972, ""K1_intent"": 0.044800000068789814, ""K2_retrieval"": 192.82249999992018, ""K3_reranker"": 704.4631000001118, ""K8_weighted_ranking"": 1.3991000000714848, ""K3_candidate_filters"": 7.687199999963923, ""K9_advisory_consensus"": 0.008800000159681076, ""K4_nli_and_bypass_check"": 201.44070000014835, ""K5_decision"": 163.83670000004713}",19761
FACTURK-0265,YALAN,"[4991, 10657, 6119, 7268, 2235, 2549, 2984, 14780, 27018, 28547, 25731, 27997, 3259, 20078, 6765, 5723, 1970, 1505, 13059, 11389]","[0.06536578387022018, 0.00937623716890812, 0.08601588010787964, 0.00023782203788869083, 0.0061212810687720776, 0.0013617033837363124, 0.0001713081874186173, 0.0004044814850203693, 0.0004092474700883031, 0.000758359965402633, 0.05370030552148819, 0.0012497093994170427, 0.0030634168069809675, 2.6480842279852368e-05, 0.00020342698553577065, 2.0462934116949327e-05, 0.01778038963675499, 1.892514956125524e-05, 0.0001713081874186173, 0.002174225402995944]","[0.0009174346923828125, 0.978515625, 0.020355224609375]","[0.0009174346923828125, 0.978515625, 0.020355224609375]",False,YETERSİZ VERİ,RET,True,False,2454.6009000000595,"{""K1_input_and_readiness"": 0.054399999953602673, ""K7_context"": 0.001300000121773337, ""K1_normalization"": 0.00959999988481286, ""K6_advisory"": 35.67930000008346, ""K1_intent"": 0.05660000010720978, ""K2_retrieval"": 246.90080000004855, ""K3_reranker"": 1063.64880000001, ""K8_weighted_ranking"": 1.420400000142763, ""K3_candidate_filters"": 7.188099999893893, ""K9_advisory_consensus"": 0.00760000011723605, ""K4_nli_and_bypass_check"": 556.5034000001106, ""K5_decision"": 539.7717999999259}",4991
FACTURK-0266,DOĞRU,"[4491, 9117, 23520, 19604, 23297, 19212, 8025, 22170, 10061, 15367, 12727, 23862, 23361, 8658, 26848, 27625, 1399, 1459, 16491, 21965]","[3.373722574906424e-05, 1.7231572201126255e-05, 0.00010637458035489544, 1.8777873265207745e-05, 3.373722574906424e-05, 2.014569145103451e-05, 1.6187581422855146e-05, 1.6187581422855146e-05, 1.9525883544702083e-05, 0.000124362253700383, 1.683241134742275e-05, 5.738759500673041e-05, 3.852893496514298e-05, 1.8777873265207745e-05, 1.6061610949691385e-05, 1.6442494597868063e-05, 0.06928940862417221, 1.67014204635052e-05, 1.657145367062185e-05, 1.6314539607265033e-05]","[0.0003948211669921875, 0.9990234375, 0.0006031990051269531]","[0.0003948211669921875, 0.9990234375, 0.0006031990051269531]",False,DOĞRU,ONAY,False,False,1296.9981000001098,"{""K1_input_and_readiness"": 0.07689999983995222, ""K7_context"": 0.0013999999737279722, ""K1_normalization"": 0.01359999987471383, ""K6_advisory"": 32.4659000000338, ""K1_intent"": 0.04389999980958237, ""K2_retrieval"": 319.48499999998603, ""K3_reranker"": 881.0946999999487, ""K8_weighted_ranking"": 1.2647999999444437, ""K3_candidate_filters"": 6.7514999998365965, ""K9_advisory_consensus"": 0.007999999979801942, ""K4_nli_and_bypass_check"": 52.5678000001335, ""K5_decision"": 0.1589999999396241}",23361
FACTURK-0267,YALAN,"[26279, 20172, 25269, 15061, 22301, 4316, 10451, 20024, 13189, 7236, 15662, 385, 2149, 23491, 20781, 19187, 9711, 25156, 24851, 5540]","[0.06754669547080994, 0.011732463724911213, 0.01764446496963501, 0.00266261282376945, 0.000437334441812709, 0.00821969285607338, 7.031184941297397e-05, 0.6211962699890137, 0.0006361912237480283, 0.001995538594201207, 0.0001823546044761315, 0.0004994205664843321, 0.00038296362617984414, 0.0008559006964787841, 0.005774929653853178, 0.007317397277802229, 5.0644717703107744e-05, 3.373722574906424e-05, 2.161314114346169e-05, 1.6442494597868063e-05]","[0.0069122314453125, 0.68212890625, 0.31103515625]","[0.0069122314453125, 0.68212890625, 0.31103515625]",False,YETERSİZ VERİ,RET,True,False,2390.7537999998567,"{""K1_input_and_readiness"": 0.04549999994196696, ""K7_context"": 0.001300000121773337, ""K1_normalization"": 0.008700000080352766, ""K6_advisory"": 35.583399999950416, ""K1_intent"": 0.03619999984039168, ""K2_retrieval"": 224.07109999994645, ""K3_reranker"": 1229.5510999999806, ""K8_weighted_ranking"": 1.3202000000092085, ""K3_candidate_filters"": 6.739899999956833, ""K9_advisory_consensus"": 0.0073999999585794285, ""K4_nli_and_bypass_check"": 463.23050000000876, ""K5_decision"": 426.5450000000328}",20024
FACTURK-0268,YALAN,"[10329, 25178, 11026, 2823, 6269, 29138, 7330, 700, 22390, 13382, 2498, 23276, 4149, 21058, 16150, 24255, 23693, 27369, 3956, 27818]","[0.46815231442451477, 3.373722574906424e-05, 0.010052368976175785, 0.0030043430160731077, 0.00013342000602278858, 0.00854433048516512, 0.007785655092447996, 0.007431773468852043, 0.001269364496693015, 0.018404889851808548, 0.00034329999471083283, 0.000628784007858485, 0.0007152324542403221, 0.0022694687359035015, 0.004700060468167067, 0.007176882121711969, 4.575391358230263e-05, 1.892514956125524e-05, 0.006930672097951174, 0.000954731716774404]","[0.0110015869140625, 0.0231781005859375, 0.9658203125]","[0.0110015869140625, 0.0231781005859375, 0.9658203125]",False,DOĞRU,ONAY,False,False,3105.270799999971,"{""K1_input_and_readiness"": 0.06729999995513936, ""K7_context"": 0.0015999999050109182, ""K1_normalization"": 0.01240000005964248, ""K6_advisory"": 34.54390000001695, ""K1_intent"": 0.04069999999956053, ""K2_retrieval"": 251.23009999992973, ""K3_reranker"": 1859.2085999998744, ""K8_weighted_ranking"": 1.4045000000351138, ""K3_candidate_filters"": 7.16799999986506, ""K9_advisory_consensus"": 0.007100000175341847, ""K4_nli_and_bypass_check"": 464.484400000174, ""K5_decision"": 483.46570000012434}",10329
FACTURK-0269,DOĞRU,"[30119, 28319, 18961, 19824, 12622, 16465, 23361, 19288, 4119, 13421, 27402, 24912, 15928, 4813, 26660, 25841, 8468, 16288, 25178, 10748]","[2.977311669383198e-05, 0.0006142272031866014, 0.0002396868512732908, 0.04099902883172035, 0.6921219825744629, 0.0018602986820042133, 0.0024726230185478926, 1.9525883544702083e-05, 0.0003514382697176188, 1.6061610949691385e-05, 0.00020988310279790312, 1.6061610949691385e-05, 1.6061610949691385e-05, 0.0031480707693845034, 1.6314539607265033e-05, 1.6187581422855146e-05, 1.6442494597868063e-05, 1.6061610949691385e-05, 1.6061610949691385e-05, 1.6187581422855146e-05]","[0.0029430389404296875, 0.90283203125, 0.0941162109375]","[0.0029430389404296875, 0.90283203125, 0.0941162109375]",False,YALAN,UYARI,False,False,1558.073499999864,"{""K1_input_and_readiness"": 0.08569999999963329, ""K7_context"": 0.0018000000636675395, ""K1_normalization"": 0.015599999869664316, ""K6_advisory"": 35.2252000000135, ""K1_intent"": 0.0718000001143082, ""K2_retrieval"": 287.44720000008783, ""K3_reranker"": 1185.8452999999827, ""K8_weighted_ranking"": 1.3266000000839995, ""K3_candidate_filters"": 7.289299999911236, ""K9_advisory_consensus"": 0.00850000014906982, ""K4_nli_and_bypass_check"": 37.11840000005395, ""K5_decision"": 0.1803000000109023}",23361
FACTURK-0270,YALAN,"[9483, 7705, 6970, 9798, 668, 15293, 27988, 12204, 23686, 9270, 11788, 8910, 1231, 25177, 27101, 10999, 24876, 27387, 16162, 1546]","[1.6187581422855146e-05, 5.1845658163074404e-05, 1.657145367062185e-05, 0.0012351677287369967, 0.0001699752756394446, 0.00020184421737212688, 1.6187581422855146e-05, 7.543320680269971e-05, 0.00010310211655450985, 3.0479141059913673e-05, 0.0006932422984391451, 3.6764631659025326e-05, 1.6187581422855146e-05, 9.610241977497935e-05, 0.00012931563833262771, 3.734356869244948e-05, 1.6187581422855146e-05, 2.93115390377352e-05, 1.9073577277595177e-05, 0.002123966347426176]","[0.0034465789794921875, 0.09344482421875, 0.9033203125]","[0.0034465789794921875, 0.09344482421875, 0.9033203125]",False,DOĞRU,ONAY,False,False,1848.9922999999635,"{""K1_input_and_readiness"": 0.05580000015470432, ""K7_context"": 0.0016999999843392288, ""K1_normalization"": 0.010799999927257886, ""K6_advisory"": 34.403599999905055, ""K1_intent"": 0.055900000006658956, ""K2_retrieval"": 238.84709999992992, ""K3_reranker"": 702.0684000001438, ""K8_weighted_ranking"": 1.3025000000652653, ""K3_candidate_filters"": 7.959900000059861, ""K9_advisory_consensus"": 0.010500000144020305, ""K4_nli_and_bypass_check"": 433.30070000001797, ""K5_decision"": 427.2910999998203}",1546
FACTURK-0271,YALAN,"[1873, 21359, 11447, 16922, 2152, 29388, 8325, 6631, 7337, 28382, 2955, 26770, 12819, 10157, 13355, 12600, 25375, 16977, 28265, 13064]","[0.00023050670279189944, 2.1112482500029728e-05, 7.662102143513039e-05, 1.657145367062185e-05, 4.1659583075670525e-05, 3.1693256460130215e-05, 0.00014313739666249603, 4.331903619458899e-05, 2.411113746347837e-05, 0.00010391067189630121, 0.003839395008981228, 0.0010733063099905849, 1.6187581422855146e-05, 4.469407213036902e-05, 0.0007264875457622111, 1.9525883544702083e-05, 0.0008626077906228602, 1.6061610949691385e-05, 9.993031562771648e-05, 0.0009039677679538727]","[0.0017633438110351562, 0.00885009765625, 0.9892578125]","[0.0017633438110351562, 0.00885009765625, 0.9892578125]",False,DOĞRU,ONAY,False,False,1278.7709000001541,"{""K1_input_and_readiness"": 0.06759999996575061, ""K7_context"": 0.0016000001323845936, ""K1_normalization"": 0.011299999869152089, ""K6_advisory"": 36.09150000011141, ""K1_intent"": 0.035700000125871156, ""K2_retrieval"": 203.02700000002005, ""K3_reranker"": 623.7036999998509, ""K8_weighted_ranking"": 1.3834999999744468, ""K3_candidate_filters"": 7.557700000006662, ""K9_advisory_consensus"": 0.008100000059130252, ""K4_nli_and_bypass_check"": 229.1774999998779, ""K5_decision"": 174.02499999980137}",2955
FACTURK-0272,YALAN,"[10913, 15616, 15372, 7421, 21402, 25269, 5491, 20985, 18468, 19866, 28419, 23751, 11668, 20683, 27883, 20020, 21063, 7447, 20024, 17820]","[0.970687747001648, 0.03993731364607811, 0.18609505891799927, 0.012479699216783047, 0.000810387369710952, 0.0009399438858963549, 0.0001511819864390418, 0.049681153148412704, 0.018404889851808548, 0.002934951800853014, 0.00021654405281879008, 0.0011291546979919076, 0.004503272473812103, 0.0010443859500810504, 0.009746103547513485, 0.000159678646014072, 0.01287075038999319, 0.0006878511630930007, 0.0022343622986227274, 0.0011786719551309943]","[0.015777587890625, 0.98291015625, 0.0012912750244140625]","[0.015777587890625, 0.98291015625, 0.0012912750244140625]",False,YALAN,UYARI,False,False,1741.4777999999842,"{""K1_input_and_readiness"": 0.06470000016634003, ""K7_context"": 0.001500000053056283, ""K1_normalization"": 0.012199999900985858, ""K6_advisory"": 34.37020000001212, ""K1_intent"": 0.037400000110210385, ""K2_retrieval"": 261.86649999999645, ""K3_reranker"": 1043.040000000019, ""K8_weighted_ranking"": 1.5233000001444452, ""K3_candidate_filters"": 7.37329999992653, ""K9_advisory_consensus"": 0.007500000037907739, ""K4_nli_and_bypass_check"": 218.47410000009404, ""K5_decision"": 170.13829999996233}",10913
FACTURK-0273,YALAN,"[19518, 16836, 841, 8148, 8759, 29903, 2008, 20460, 17536, 26467, 3427, 1077, 2048, 11665, 19557, 19892, 15020, 14710, 7767, 27818]","[0.0009622126235626638, 3.8229114579735324e-05, 2.6688529032981023e-05, 1.6964426322374493e-05, 0.0022170129232108593, 7.031184941297397e-05, 2.732141365413554e-05, 2.195349043176975e-05, 2.977311669383198e-05, 0.06406543403863907, 2.318747829122003e-05, 0.01384861022233963, 0.0001547666179249063, 0.004231587518006563, 0.0011203772155568004, 2.566613329690881e-05, 1.7231572201126255e-05, 1.7366719475830905e-05, 0.00020184421737212688, 0.00026530236937105656]","[0.0004763603210449219, 0.9990234375, 0.00034928321838378906]","[0.0004763603210449219, 0.9990234375, 0.00034928321838378906]",False,YETERSİZ VERİ,RET,True,False,1385.8353000000534,"{""K1_input_and_readiness"": 0.05030000011174707, ""K7_context"": 0.0014999998256826075, ""K1_normalization"": 0.009500000032858225, ""K6_advisory"": 36.48509999993621, ""K1_intent"": 0.04239999998389976, ""K2_retrieval"": 223.8234999999804, ""K3_reranker"": 321.9647000000805, ""K8_weighted_ranking"": 1.1873999999352236, ""K3_candidate_filters"": 6.292499999972279, ""K9_advisory_consensus"": 0.007000000096013537, ""K4_nli_and_bypass_check"": 381.5784999999323, ""K5_decision"": 410.7383000000482}",8759
FACTURK-0274,YALAN,"[25858, 16064, 6263, 5387, 20020, 19213, 9114, 6232, 1291, 5491, 29036, 9006, 13335, 23751, 16633, 15579, 24612, 25969, 18234, 9865]","[0.02843603305518627, 0.0005614787805825472, 0.012383785098791122, 0.00012533752305898815, 0.0004994205664843321, 0.0007152324542403221, 0.0012943679466843605, 0.0033766122069209814, 0.0007733057136647403, 0.00033274127054028213, 2.014569145103451e-05, 0.0064882696606218815, 0.06941547244787216, 5.104190859128721e-05, 1.67014204635052e-05, 0.0031603530514985323, 0.002225670963525772, 0.005554925184696913, 0.0012303582625463605, 0.06791667640209198]","[0.91748046875, 0.036163330078125, 0.046173095703125]","[0.91748046875, 0.036163330078125, 0.046173095703125]",False,YALAN,RED,False,False,2162.1465000000626,"{""K1_input_and_readiness"": 0.0717000000349799, ""K7_context"": 0.0016999999843392288, ""K1_normalization"": 0.014800000144532532, ""K6_advisory"": 35.864200000105484, ""K1_intent"": 0.04889999991064542, ""K2_retrieval"": 278.49140000012085, ""K3_reranker"": 936.5639000000101, ""K8_weighted_ranking"": 1.5048999998725776, ""K3_candidate_filters"": 7.989599999973507, ""K9_advisory_consensus"": 0.008600000001024455, ""K4_nli_and_bypass_check"": 446.4127000001099, ""K5_decision"": 451.1635000001206}",13335
FACTURK-0275,DOĞRU,"[13874, 926, 17815, 21626, 3044, 2838, 22050, 27830, 16813, 3953, 25916, 22835, 29781, 5889, 26063, 10589, 4030, 19524, 10166, 20110]","[0.000552778656128794, 0.00407013762742281, 3.1693256460130215e-05, 2.5071596610359848e-05, 5.9673518990166485e-05, 0.00079783343244344, 3.4808123018592596e-05, 0.0016484829830005765, 1.750292540236842e-05, 0.000337979436153546, 1.7778551409719512e-05, 0.0005930210463702679, 0.001995538594201207, 1.7097478121286258e-05, 0.0011649561347439885, 1.6442494597868063e-05, 0.0001500056532677263, 0.0001956353517016396, 0.001629308913834393, 1.6442494597868063e-05]","[0.0005393028259277344, 0.99853515625, 0.0010280609130859375]","[0.0005393028259277344, 0.99853515625, 0.0010280609130859375]",False,YALAN,UYARI,False,False,2819.915400000127,"{""K1_input_and_readiness"": 0.09810000005927577, ""K7_context"": 0.0016999999843392288, ""K1_normalization"": 0.01810000003388268, ""K6_advisory"": 39.57080000009228, ""K1_intent"": 0.07140000002436864, ""K2_retrieval"": 309.68460000008236, ""K3_reranker"": 893.288800000164, ""K8_weighted_ranking"": 1.5467999999145832, ""K3_candidate_filters"": 8.406499999864536, ""K9_advisory_consensus"": 0.008600000001024455, ""K4_nli_and_bypass_check"": 816.9682999998713, ""K5_decision"": 746.9700999999986}",926
FACTURK-0276,YALAN,"[27894, 29050, 17813, 25763, 25169, 27696, 25225, 22218, 9150, 25448, 15787, 8564, 22126, 28629, 25228, 12189, 4710, 6704, 24869, 9220]","[0.04931359738111496, 0.4468265771865845, 0.643105149269104, 0.05174953490495682, 0.07343005388975143, 0.12592275440692902, 0.09877259284257889, 0.4985523521900177, 0.38635820150375366, 0.00033274127054028213, 0.0030515100806951523, 0.023419944569468498, 0.0787840187549591, 0.042166538536548615, 0.08819004148244858, 0.44179344177246094, 0.00937623716890812, 0.4076280891895294, 0.20963142812252045, 0.2762998044490814]","[0.003936767578125, 0.1204833984375, 0.87548828125]","[0.003936767578125, 0.1204833984375, 0.87548828125]",False,DOĞRU,ONAY,False,False,2184.992199999897,"{""K1_input_and_readiness"": 0.07940000000417058, ""K7_context"": 0.007800000048518996, ""K1_normalization"": 0.013399999943430885, ""K6_advisory"": 36.706299999877956, ""K1_intent"": 0.035600000046542846, ""K2_retrieval"": 220.48259999996844, ""K3_reranker"": 1261.5230999999767, ""K8_weighted_ranking"": 1.2998999998217187, ""K3_candidate_filters"": 6.857599999875674, ""K9_advisory_consensus"": 0.006900000016685226, ""K4_nli_and_bypass_check"": 339.3126000000848, ""K5_decision"": 314.03640000007726}",17813
FACTURK-0277,DOĞRU,"[13191, 23767, 27135, 24982, 23319, 10688, 12191, 9682, 13007, 9769, 22598, 22329, 22671, 19799, 3617, 10886, 2534, 26984, 15662, 17558]","[3.591300992411561e-05, 5.518923353520222e-05, 5.475977377500385e-05, 1.6187581422855146e-05, 1.657145367062185e-05, 1.6061610949691385e-05, 2.4682904040673748e-05, 0.000191104321856983, 3.071818719035946e-05, 1.683241134742275e-05, 0.001495338510721922, 2.030369250860531e-05, 1.6442494597868063e-05, 2.0785171727766283e-05, 1.6314539607265033e-05, 1.6061610949691385e-05, 2.318747829122003e-05, 1.6187581422855146e-05, 1.6314539607265033e-05, 2.161314114346169e-05]","[0.01174163818359375, 0.07379150390625, 0.91455078125]","[0.01174163818359375, 0.07379150390625, 0.91455078125]",False,YETERSİZ VERİ,KISMI,True,False,1655.8966000000055,"{""K1_input_and_readiness"": 0.04570000010062358, ""K7_context"": 0.0013999999737279722, ""K1_normalization"": 0.008900000011635711, ""K6_advisory"": 35.33330000004753, ""K1_intent"": 0.039399999877787195, ""K2_retrieval"": 224.32930000013585, ""K3_reranker"": 662.4090000000251, ""K8_weighted_ranking"": 1.1667000001125416, ""K3_candidate_filters"": 6.035000000110813, ""K9_advisory_consensus"": 0.006499999926745659, ""K4_nli_and_bypass_check"": 350.5685000000085, ""K5_decision"": 372.11100000013175}",9682
FACTURK-0278,DOĞRU,"[9514, 9572, 3375, 18788, 14847, 2638, 27102, 29013, 2231, 27594, 14440, 22785, 7843, 20473, 1416, 14242, 10214, 5790, 28590, 22656]","[0.15791445970535278, 0.03711691126227379, 0.001597845577634871, 0.0002002737601287663, 0.01009131595492363, 0.0120537793263793, 0.0005614787805825472, 0.0024249141570180655, 0.042642392218112946, 0.00011412239109631628, 0.00017265156202483922, 0.0001956353517016396, 0.0005213363328948617, 0.0015427322359755635, 0.006564249750226736, 0.0005213363328948617, 0.07978200167417526, 0.0009217804181389511, 0.013636835850775242, 5.605828482657671e-05]","[0.000583648681640625, 0.9990234375, 0.0002906322479248047]","[0.000583648681640625, 0.9990234375, 0.0002906322479248047]",False,DOĞRU,ONAY,False,False,3499.150299999883,"{""K1_input_and_readiness"": 0.0830999999834603, ""K7_context"": 0.0013999999737279722, ""K1_normalization"": 0.014700000065204222, ""K6_advisory"": 35.86309999991499, ""K1_intent"": 0.0442000000475673, ""K2_retrieval"": 272.06500000011147, ""K3_reranker"": 1872.4528000000191, ""K8_weighted_ranking"": 1.4521000000513595, ""K3_candidate_filters"": 7.576200000130484, ""K9_advisory_consensus"": 0.008600000001024455, ""K4_nli_and_bypass_check"": 657.0877000001474, ""K5_decision"": 647.8967000000466}",10214
FACTURK-0279,YALAN,"[15787, 8347, 9150, 13989, 25225, 13390, 21058, 3189, 22218, 8197, 18332, 28547, 12539, 8685, 24915, 23508, 11479, 29240, 487, 1272]","[0.6815148591995239, 0.392686128616333, 0.9974787831306458, 0.1516549438238144, 0.07613247632980347, 0.013070784509181976, 0.0010083435336127877, 0.631026029586792, 0.18639107048511505, 0.13443464040756226, 0.15140382945537567, 0.01615283451974392, 0.009196552447974682, 0.2114168256521225, 0.4135955572128296, 0.059756580740213394, 0.032161444425582886, 0.004297939129173756, 0.0014325366355478764, 0.011115013621747494]","[0.0008864402770996094, 0.9990234375, 0.00030684471130371094]","[0.0008864402770996094, 0.9990234375, 0.00030684471130371094]",False,YALAN,UYARI,False,False,1491.5768999999273,"{""K1_input_and_readiness"": 0.06880000000819564, ""K7_context"": 0.0014999998256826075, ""K1_normalization"": 0.013100000160193304, ""K6_advisory"": 34.13370000021132, ""K1_intent"": 0.0529999999798747, ""K2_retrieval"": 277.7803999999833, ""K3_reranker"": 1128.8904000000457, ""K8_weighted_ranking"": 1.3112999999975727, ""K3_candidate_filters"": 7.431400000086796, ""K9_advisory_consensus"": 0.008200000138458563, ""K4_nli_and_bypass_check"": 38.33490000010897, ""K5_decision"": 0.17129999991993827}",9150
FACTURK-0280,YALAN,"[25783, 3133, 811, 21233, 29676, 1681, 10688, 793, 25785, 30025, 15119, 26256, 429, 23354, 29312, 21875, 20599, 7720, 16415, 2600]","[0.0006070755189284682, 0.0012644219677895308, 0.03649376705288887, 1.6314539607265033e-05, 2.9541422918555327e-05, 0.005469274241477251, 0.0005442132824100554, 0.00013552077871281654, 0.0005295418086461723, 0.0001740054285619408, 0.0006238938658498228, 0.00011866796558024362, 0.00011323437502142042, 2.6070309104397893e-05, 0.0010282108560204506, 1.967902426258661e-05, 1.6061610949691385e-05, 1.67014204635052e-05, 1.657145367062185e-05, 0.0017342078499495983]","[0.003566741943359375, 0.994140625, 0.0024394989013671875]","[0.003566741943359375, 0.994140625, 0.0024394989013671875]",False,YALAN,RED,False,False,1007.3798999999326,"{""K1_input_and_readiness"": 0.037199999951553764, ""K7_context"": 0.0015999999050109182, ""K1_normalization"": 0.006399999847417348, ""K6_advisory"": 35.7710999999199, ""K1_intent"": 0.03509999987727497, ""K2_retrieval"": 198.23440000004666, ""K3_reranker"": 198.5248999999385, ""K8_weighted_ranking"": 1.4688999999634689, ""K3_candidate_filters"": 8.257599999978993, ""K9_advisory_consensus"": 0.008600000001024455, ""K4_nli_and_bypass_check"": 316.0544999998365, ""K5_decision"": 244.9036000000433}",1681
FACTURK-0281,YALAN,"[26562, 12005, 15196, 9232, 6952, 21652, 10439, 28357, 27727, 12560, 14392, 7864, 5005, 507, 264, 2892, 27681, 28800, 27331, 26315]","[0.5516039133071899, 0.0008934455690905452, 0.0991208627820015, 1.6187581422855146e-05, 0.0002982776495628059, 0.0019342610612511635, 0.008124708198010921, 0.0009110511746257544, 0.5256123542785645, 0.00015720345254521817, 0.00021824207215104252, 0.00033535013790242374, 0.07055959850549698, 0.00018093574908562005, 0.06669065356254578, 1.683241134742275e-05, 0.0006487307837232947, 0.0002591582597233355, 0.0006462032906711102, 0.0008559006964787841]","[0.0001323223114013672, 1.0, 0.00010848045349121094]","[0.0001323223114013672, 1.0, 0.00010848045349121094]",False,YALAN,RED,False,False,1361.0760999999911,"{""K1_input_and_readiness"": 1.0047999999187596, ""K7_context"": 0.0018000000636675395, ""K1_normalization"": 0.014700000065204222, ""K6_advisory"": 35.88820000004489, ""K1_intent"": 0.06000000007588824, ""K2_retrieval"": 271.65199999990364, ""K3_reranker"": 1012.001199999986, ""K8_weighted_ranking"": 1.1253000000124302, ""K3_candidate_filters"": 6.159999999908905, ""K9_advisory_consensus"": 0.0064000000747910235, ""K4_nli_and_bypass_check"": 27.35979999988558, ""K5_decision"": 0.2689999998892745}",26562
FACTURK-0282,DOĞRU,"[11065, 26518, 16232, 824, 2885, 20982, 16434, 4999, 22566, 13753, 11063, 20328, 10470, 11245, 11570, 3328, 16387, 2034, 23767, 15735]","[2.4300241420860402e-05, 0.9664104580879211, 0.00029137005913071334, 6.709224544465542e-05, 0.0008167381165549159, 7.722192094661295e-05, 2.7535690605873242e-05, 0.0001442598586436361, 9.387641330249608e-05, 0.0033115192782133818, 1.6314539607265033e-05, 0.0018675660248845816, 1.8631746570463292e-05, 1.8777873265207745e-05, 0.00012632041762117296, 0.0013302015140652657, 0.00021654405281879008, 0.00012632041762117296, 4.434627408045344e-05, 0.0012644219677895308]","[0.0024280548095703125, 0.9970703125, 0.0005249977111816406]","[0.0024280548095703125, 0.9970703125, 0.0005249977111816406]",False,YALAN,RED,False,False,693.7791000000288,"{""K1_input_and_readiness"": 0.04600000011123484, ""K7_context"": 0.001300000121773337, ""K1_normalization"": 0.008499999921696144, ""K6_advisory"": 34.9489000000176, ""K1_intent"": 0.048699999979362474, ""K2_retrieval"": 225.87650000014037, ""K3_reranker"": 386.02419999983795, ""K8_weighted_ranking"": 1.236600000083854, ""K3_candidate_filters"": 6.835500000079264, ""K9_advisory_consensus"": 0.008299999990413198, ""K4_nli_and_bypass_check"": 35.12119999982133, ""K5_decision"": 0.2594000000044616}",26518
FACTURK-0283,YALAN,"[29752, 21270, 21847, 28361, 21213, 8290, 12505, 29984, 25302, 21783, 7606, 22221, 17010, 17753, 6469, 5369, 13193, 9176, 17306, 19981]","[0.0017007222631946206, 0.9342753291130066, 0.021044565364718437, 0.03455362468957901, 0.9865199327468872, 0.035813190042972565, 0.24780535697937012, 0.4642638862133026, 0.031143832951784134, 0.023870835080742836, 0.9318356513977051, 0.1678997427225113, 0.015845362097024918, 0.0013096056645736098, 0.005099818110466003, 0.05480259656906128, 0.49064749479293823, 0.004365325905382633, 0.09434341639280319, 0.0013096056645736098]","[0.32861328125, 0.6689453125, 0.0024261474609375]","[0.32861328125, 0.6689453125, 0.0024261474609375]",False,DOĞRU,ONAY,False,False,2068.1500000000597,"{""K1_input_and_readiness"": 0.040500000068277586, ""K7_context"": 0.001300000121773337, ""K1_normalization"": 0.008299999990413198, ""K6_advisory"": 34.260499999845706, ""K1_intent"": 0.03829999991467048, ""K2_retrieval"": 213.84850000004008, ""K3_reranker"": 1775.045099999943, ""K8_weighted_ranking"": 1.617800000076386, ""K3_candidate_filters"": 7.630999999946653, ""K9_advisory_consensus"": 0.009399999953529914, ""K4_nli_and_bypass_check"": 30.54969999993773, ""K5_decision"": 0.3220999999484775}",21213
FACTURK-0284,YALAN,"[2532, 8091, 29892, 4452, 2381, 22695, 20135, 23686, 18638, 13795, 23277, 11778, 2920, 3565, 28266, 9507, 9702, 17161, 28371, 12150]","[0.02681019715964794, 0.22490549087524414, 0.019794780761003494, 0.011597361415624619, 0.08035746961832047, 0.07807816565036774, 0.0025016965810209513, 0.002790037775412202, 0.0027791904285550117, 0.0032350558321923018, 0.0032224843744188547, 0.0018821860430762172, 0.013171950355172157, 0.0017073675990104675, 0.00028462239424698055, 0.011552670039236546, 0.0007208379684016109, 0.018833130598068237, 0.02742854133248329, 0.01572399213910103]","[0.96630859375, 0.0298004150390625, 0.0038509368896484375]","[0.96630859375, 0.0298004150390625, 0.0038509368896484375]",False,YALAN,UYARI,False,False,1354.2532999999821,"{""K1_input_and_readiness"": 0.05959999998594867, ""K7_context"": 0.0018000000636675395, ""K1_normalization"": 0.008600000001024455, ""K6_advisory"": 35.42220000008456, ""K1_intent"": 0.03370000013092067, ""K2_retrieval"": 227.47469999990244, ""K3_reranker"": 674.8254999999972, ""K8_weighted_ranking"": 1.0176000000683416, ""K3_candidate_filters"": 5.691099999921789, ""K9_advisory_consensus"": 0.0064000000747910235, ""K4_nli_and_bypass_check"": 213.81760000008398, ""K5_decision"": 191.7590000000473}",8091
FACTURK-0285,YALAN,"[1813, 20389, 12587, 3764, 21279, 28279, 397, 6904, 2597, 3705, 21994, 6047, 11628, 19582, 20402, 300, 13342, 14523, 13179, 25037]","[0.006957608740776777, 0.003621685551479459, 0.02498779632151127, 0.0013723686570301652, 0.0023413407616317272, 5.518923353520222e-05, 0.0009966077050194144, 8.415108459303156e-05, 0.0010242064017802477, 4.469407213036902e-05, 2.4682904040673748e-05, 0.0009399438858963549, 1.6442494597868063e-05, 6.553815910592675e-05, 1.6061610949691385e-05, 0.0015487611526623368, 1.6964426322374493e-05, 1.6187581422855146e-05, 0.0001956353517016396, 0.00031015597051009536]","[0.03790283203125, 0.892578125, 0.06951904296875]","[0.03790283203125, 0.892578125, 0.06951904296875]",False,YETERSİZ VERİ,RET,True,False,1060.0434000000405,"{""K1_input_and_readiness"": 0.654599999961647, ""K7_context"": 0.002300000005561742, ""K1_normalization"": 0.011000000085914508, ""K6_advisory"": 38.10390000012376, ""K1_intent"": 0.04210000020066218, ""K2_retrieval"": 226.59459999999854, ""K3_reranker"": 282.4623999999858, ""K8_weighted_ranking"": 1.275300000088464, ""K3_candidate_filters"": 7.0278000000598695, ""K9_advisory_consensus"": 0.007599999889862374, ""K4_nli_and_bypass_check"": 254.595800000061, ""K5_decision"": 245.56180000013228}",12587
FACTURK-0286,DOĞRU,"[27369, 12395, 25375, 28998, 26924, 12458, 20283, 17742, 12113, 7410, 9642, 21354, 10910, 28722, 3455, 15463, 8269, 26977, 14842, 29668]","[2.4300241420860402e-05, 0.0015307451831176877, 0.0017073675990104675, 6.502816540887579e-05, 1.67014204635052e-05, 2.229919846286066e-05, 0.0002002737601287663, 1.657145367062185e-05, 5.518923353520222e-05, 0.002833849750459194, 0.0006538155721500516, 0.008985428139567375, 1.6187581422855146e-05, 5.475977377500385e-05, 0.004503272473812103, 2.355261858610902e-05, 0.00012931563833262771, 0.0030634168069809675, 1.6187581422855146e-05, 0.002453428227454424]","[0.0092010498046875, 0.98779296875, 0.0027866363525390625]","[0.0092010498046875, 0.98779296875, 0.0027866363525390625]",False,YETERSİZ VERİ,RET,True,False,1688.4486999999808,"{""K1_input_and_readiness"": 0.06950000010874646, ""K7_context"": 0.0018000000636675395, ""K1_normalization"": 0.01059999999597494, ""K6_advisory"": 35.38309999999001, ""K1_intent"": 0.04719999992630619, ""K2_retrieval"": 203.2332999999653, ""K3_reranker"": 831.4459000000625, ""K8_weighted_ranking"": 1.2219000000186497, ""K3_candidate_filters"": 5.848799999967014, ""K9_advisory_consensus"": 0.007200000027296483, ""K4_nli_and_bypass_check"": 328.9506999999503, ""K5_decision"": 278.927000000067}",29668
FACTURK-0287,DOĞRU,"[26898, 3279, 29766, 18815, 882, 16627, 7287, 26127, 29320, 29262, 16866, 25941, 28443, 6286, 6760, 9633, 27135, 4899, 14909, 26267]","[1.6061610949691385e-05, 4.101373633602634e-05, 2.318747829122003e-05, 2.4682904040673748e-05, 1.6187581422855146e-05, 2.710879925871268e-05, 2.5466406441410072e-05, 3.8229114579735324e-05, 1.750292540236842e-05, 1.6187581422855146e-05, 1.6187581422855146e-05, 1.6187581422855146e-05, 2.8632557587116025e-05, 1.7366719475830905e-05, 1.6061610949691385e-05, 0.0018602986820042133, 1.593661909282673e-05, 1.6442494597868063e-05, 2.710879925871268e-05, 1.967902426258661e-05]","[0.0033664703369140625, 0.99365234375, 0.002880096435546875]","[0.0033664703369140625, 0.99365234375, 0.002880096435546875]",False,DOĞRU,ONAY,False,False,1295.2479999999014,"{""K1_input_and_readiness"": 0.06540000003951718, ""K7_context"": 0.0016000001323845936, ""K1_normalization"": 0.011700000186465331, ""K6_advisory"": 35.15450000008968, ""K1_intent"": 0.04219999982524314, ""K2_retrieval"": 232.42580000010093, ""K3_reranker"": 413.97280000001047, ""K8_weighted_ranking"": 1.3429000000542146, ""K3_candidate_filters"": 7.292799999959243, ""K9_advisory_consensus"": 0.007599999889862374, ""K4_nli_and_bypass_check"": 313.2370999999239, ""K5_decision"": 287.934899999982}",9633
FACTURK-0288,DOĞRU,"[26900, 20123, 10946, 25537, 27420, 4986, 29432, 20556, 25181, 6308, 20384, 4586, 14823, 17595, 24686, 29764, 12647, 14773, 1398, 9102]","[4.037790131405927e-05, 0.2805178165435791, 5.518923353520222e-05, 0.0039454069919884205, 2.818866414600052e-05, 0.010288300924003124, 7.031184941297397e-05, 4.683888619183563e-05, 1.967902426258661e-05, 0.06644792854785919, 0.016657039523124695, 4.1986306314356625e-05, 0.15456733107566833, 1.6061610949691385e-05, 3.591300992411561e-05, 9.685608529252931e-05, 0.010130411013960838, 0.015247589908540249, 1.657145367062185e-05, 0.015247589908540249]","[0.1302490234375, 0.8671875, 0.002765655517578125]","[0.1302490234375, 0.8671875, 0.002765655517578125]",False,YALAN,RED,False,False,1588.141799999903,"{""K1_input_and_readiness"": 0.05199999986871262, ""K7_context"": 0.0014999998256826075, ""K1_normalization"": 0.009200000022246968, ""K6_advisory"": 35.2576999998746, ""K1_intent"": 0.03500000002532033, ""K2_retrieval"": 205.79830000019683, ""K3_reranker"": 682.7920000000631, ""K8_weighted_ranking"": 1.3367000001380802, ""K3_candidate_filters"": 7.8183000000535685, ""K9_advisory_consensus"": 0.007899999900473631, ""K4_nli_and_bypass_check"": 360.06029999998646, ""K5_decision"": 291.7196000000786}",20123
FACTURK-0289,DOĞRU,"[21058, 14012, 12539, 23686, 5630, 1499, 23757, 14277, 9543, 25178, 27784, 15675, 17540, 4119, 10061, 4144, 8602, 12763, 13144, 4402]","[0.00025118677876889706, 0.011331753805279732, 0.0011247574584558606, 0.0008040859247557819, 0.06644792854785919, 0.010328153148293495, 0.006984650157392025, 0.0060503981076180935, 0.001085944357328117, 0.0002492325147613883, 0.0020190137438476086, 7.9673009167891e-05, 0.00037555923336185515, 1.967902426258661e-05, 0.024516336619853973, 0.0035936026833951473, 7.254361844388768e-05, 6.014152313582599e-05, 0.00010804955672938377, 0.001518850913271308]","[0.0005450248718261719, 0.9990234375, 0.0002682209014892578]","[0.0005450248718261719, 0.9990234375, 0.0002682209014892578]",False,YALAN,UYARI,False,False,1643.197599999894,"{""K1_input_and_readiness"": 0.0752999999349413, ""K7_context"": 0.0013999999737279722, ""K1_normalization"": 0.013899999885325087, ""K6_advisory"": 32.69259999979113, ""K1_intent"": 0.04290000015316764, ""K2_retrieval"": 323.21460000002844, ""K3_reranker"": 1240.6591999999819, ""K8_weighted_ranking"": 1.250300000037896, ""K3_candidate_filters"": 6.042600000000675, ""K9_advisory_consensus"": 0.006800000164730591, ""K4_nli_and_bypass_check"": 34.791899999845555, ""K5_decision"": 0.1746000000366621}",5630
FACTURK-0290,DOĞRU,"[13289, 5900, 4144, 14012, 27569, 27624, 11155, 29144, 26643, 21347, 25370, 21058, 19187, 2953, 8602, 19724, 15719, 26355, 27564, 23792]","[0.022542964667081833, 0.005554925184696913, 0.03690806403756142, 0.001622967072762549, 0.00020662980386987329, 0.20513691008090973, 0.0013096056645736098, 0.000628784007858485, 0.15960998833179474, 0.12421301752328873, 0.4132995009422302, 2.265035072923638e-05, 4.298194107832387e-05, 0.0030994154512882233, 0.0007041515782475471, 0.007725534029304981, 0.43128472566604614, 0.0009217804181389511, 0.00026323829661123455, 0.0008525666198693216]","[0.0014619827270507812, 0.99755859375, 0.0010328292846679688]","[0.0014619827270507812, 0.99755859375, 0.0010328292846679688]",False,YALAN,UYARI,False,False,1218.6271000000488,"{""K1_input_and_readiness"": 0.07739999978184642, ""K7_context"": 0.0013999999737279722, ""K1_normalization"": 0.013399999943430885, ""K6_advisory"": 33.79169999993792, ""K1_intent"": 0.05219999979999557, ""K2_retrieval"": 272.391799999923, ""K3_reranker"": 859.9490999999944, ""K8_weighted_ranking"": 1.387999999906242, ""K3_candidate_filters"": 7.277599999952145, ""K9_advisory_consensus"": 0.008200000138458563, ""K4_nli_and_bypass_check"": 40.07200000000921, ""K5_decision"": 0.24270000017168059}",27624
FACTURK-0291,DOĞRU,"[29892, 20199, 22268, 23866, 26371, 17850, 6336, 7264, 8849, 11743, 7592, 20616, 1886, 25454, 28266, 16607, 2792, 28455, 11529, 1814]","[0.009746103547513485, 0.0015487611526623368, 0.0008693674462847412, 1.6061610949691385e-05, 5.1845658163074404e-05, 1.7640199075685814e-05, 0.012576347216963768, 1.750292540236842e-05, 0.01750955730676651, 5.104190859128721e-05, 0.0035518845543265343, 0.0008263576892204583, 2.161314114346169e-05, 1.6442494597868063e-05, 0.000570315751247108, 1.657145367062185e-05, 0.01358439214527607, 0.006168995052576065, 0.0037800956051796675, 1.6964426322374493e-05]","[0.0007677078247070312, 0.2432861328125, 0.755859375]","[0.0007677078247070312, 0.2432861328125, 0.755859375]",False,DOĞRU,ONAY,False,False,1656.7324999998618,"{""K1_input_and_readiness"": 0.04780000017490238, ""K7_context"": 0.0016999999843392288, ""K1_normalization"": 0.009600000112186535, ""K6_advisory"": 37.01920000003156, ""K1_intent"": 0.053899999784334796, ""K2_retrieval"": 218.2235000000219, ""K3_reranker"": 429.7676000001047, ""K8_weighted_ranking"": 1.171500000054948, ""K3_candidate_filters"": 6.032600000025923, ""K9_advisory_consensus"": 0.006499999926745659, ""K4_nli_and_bypass_check"": 532.2221000001264, ""K5_decision"": 427.29719999988447}",8849
FACTURK-0292,YALAN,"[6934, 1090, 12161, 6047, 26166, 15573, 20566, 28387, 22456, 6302, 13358, 5889, 487, 19253, 15848, 6832, 15675, 13989, 26355, 4119]","[0.5116174817085266, 0.0018969200318679214, 0.00020184421737212688, 0.009303949773311615, 0.00028685410507023335, 1.7366719475830905e-05, 0.0017683517653495073, 0.00031015597051009536, 0.0008263576892204583, 0.004348381422460079, 0.009485713206231594, 0.3338289260864258, 0.04569203406572342, 0.005281333811581135, 0.005448067560791969, 0.013121271505951881, 0.001052568550221622, 0.0026112475898116827, 0.0002959570847451687, 9.17019642656669e-05]","[0.00020575523376464844, 0.99951171875, 0.0002415180206298828]","[0.00020575523376464844, 0.99951171875, 0.0002415180206298828]",False,YALAN,UYARI,False,False,1347.8631999998925,"{""K1_input_and_readiness"": 0.12670000000980508, ""K7_context"": 0.002599999788799323, ""K1_normalization"": 0.02560000007179042, ""K6_advisory"": 41.25670000007631, ""K1_intent"": 0.07129999994504033, ""K2_retrieval"": 294.95239999982914, ""K3_reranker"": 971.8335000000025, ""K8_weighted_ranking"": 1.4158000001316395, ""K3_candidate_filters"": 7.158200000048964, ""K9_advisory_consensus"": 0.008700000080352766, ""K4_nli_and_bypass_check"": 26.583500000015192, ""K5_decision"": 0.23839999994379468}",6934
FACTURK-0293,YALAN,"[24621, 22838, 24475, 2165, 29208, 30100, 1470, 1927, 14907, 27952, 1127, 11382, 2712, 2172, 26888, 20457, 15687, 28861, 19931, 28416]","[0.00851130299270153, 0.0003006163169629872, 0.005554925184696913, 0.00015236754552461207, 0.022672437131404877, 0.00011866796558024362, 6.452214438468218e-05, 0.00011323437502142042, 0.00015720345254521817, 0.0026214411482214928, 1.8200149497715756e-05, 0.0006487307837232947, 0.006003595422953367, 0.00019716942915692925, 3.7636447814293206e-05, 2.6688529032981023e-05, 0.002174225402995944, 0.02391638606786728, 3.095910506090149e-05, 0.007431773468852043]","[0.0106353759765625, 0.974609375, 0.0147705078125]","[0.0106353759765625, 0.974609375, 0.0147705078125]",False,DOĞRU,ONAY,False,False,3236.066899999969,"{""K1_input_and_readiness"": 0.05329999999048596, ""K7_context"": 0.0013999999737279722, ""K1_normalization"": 0.009500000032858225, ""K6_advisory"": 35.33170000014252, ""K1_intent"": 0.04850000004807953, ""K2_retrieval"": 260.802300000023, ""K3_reranker"": 2189.732000000049, ""K8_weighted_ranking"": 1.4722999999321473, ""K3_candidate_filters"": 8.59260000015638, ""K9_advisory_consensus"": 0.009600000112186535, ""K4_nli_and_bypass_check"": 386.9320000001153, ""K5_decision"": 349.43239999984144}",29208
FACTURK-0294,YALAN,"[23576, 28629, 9366, 1536, 13620, 15787, 15111, 19853, 28510, 28057, 9021, 4856, 22218, 22175, 10792, 30419, 24828, 819, 12437, 22050]","[0.010328153148293495, 6.253713218029588e-05, 0.0027791904285550117, 0.00021485926117748022, 6.976470467634499e-05, 0.0011335690505802631, 0.00011412239109631628, 0.0003814711526501924, 1.7917987861437723e-05, 0.0015307451831176877, 4.6474400733131915e-05, 0.0018530592788010836, 4.331903619458899e-05, 2.0623421733034775e-05, 0.0034429810475558043, 1.9988918211311102e-05, 1.8200149497715756e-05, 0.002251847181469202, 7.602479308843613e-05, 6.709224544465542e-05]","[0.0009784698486328125, 0.99658203125, 0.0024433135986328125]","[0.0009784698486328125, 0.99658203125, 0.0024433135986328125]",False,YALAN,UYARI,False,False,3108.4816999998566,"{""K1_input_and_readiness"": 0.08159999993040401, ""K7_context"": 0.0018000000636675395, ""K1_normalization"": 0.013399999943430885, ""K6_advisory"": 36.836300000004485, ""K1_intent"": 0.051100000064252526, ""K2_retrieval"": 322.7266999999756, ""K3_reranker"": 959.4260999999733, ""K8_weighted_ranking"": 1.5505999999732012, ""K3_candidate_filters"": 7.920600000034028, ""K9_advisory_consensus"": 0.00959999988481286, ""K4_nli_and_bypass_check"": 908.1809000001613, ""K5_decision"": 867.9141000000072}",23576
FACTURK-0295,DOĞRU,"[18589, 12363, 5605, 28378, 20020, 1291, 24834, 11442, 13842, 23751, 5491, 5168, 16922, 486, 6885, 11363, 22918, 19927, 17815, 22587]","[0.007093862164765596, 0.005179712548851967, 0.008610767312347889, 0.00012931563833262771, 0.0015792594058439136, 5.783766391687095e-05, 4.94715895911213e-05, 0.001536727068014443, 0.0005420927773229778, 1.892514956125524e-05, 3.734356869244948e-05, 0.0001547666179249063, 1.6061610949691385e-05, 0.0004272078804206103, 0.0009253848693333566, 0.00041731575038284063, 0.018369639292359352, 1.6314539607265033e-05, 3.4537253668531775e-05, 0.00013032974675297737]","[0.004425048828125, 0.99462890625, 0.0011873245239257812]","[0.004425048828125, 0.99462890625, 0.0011873245239257812]",False,YALAN,UYARI,False,False,2525.9697999999844,"{""K1_input_and_readiness"": 0.05799999985356408, ""K7_context"": 0.001500000053056283, ""K1_normalization"": 0.011000000085914508, ""K6_advisory"": 34.99160000001211, ""K1_intent"": 0.051900000016757986, ""K2_retrieval"": 263.47679999980755, ""K3_reranker"": 903.6604000000352, ""K8_weighted_ranking"": 1.3189000001148088, ""K3_candidate_filters"": 6.9486999998389365, ""K9_advisory_consensus"": 0.013899999885325087, ""K4_nli_and_bypass_check"": 657.168400000046, ""K5_decision"": 654.1028000001461}",22918
FACTURK-0296,DOĞRU,"[11532, 11716, 4640, 17459, 25537, 12013, 1360, 17757, 635, 4391, 8233, 5760, 18127, 10061, 5607, 672, 10383, 27420, 16703, 11807]","[0.9972744584083557, 0.0010162440594285727, 0.004609572235494852, 0.0010122860549017787, 0.002123966347426176, 0.0003150386910419911, 0.00017536994710098952, 0.00043904531048610806, 0.014337030239403248, 2.0462934116949327e-05, 2.4300241420860402e-05, 0.0010362669127061963, 0.0032986511941999197, 0.0029464049730449915, 0.00037409563083201647, 1.6314539607265033e-05, 5.783766391687095e-05, 0.00015356240328401327, 0.007204769179224968, 2.8632557587116025e-05]",null,"[1.0, 0.0, 0.0]",True,YETERSİZ VERİ,KISMI,True,False,1187.2303000000102,"{""K1_input_and_readiness"": 0.06189999999151041, ""K7_context"": 0.0016999999843392288, ""K1_normalization"": 0.011000000085914508, ""K6_advisory"": 39.5123999999214, ""K1_intent"": 0.04380000018500141, ""K2_retrieval"": 226.92159999996875, ""K3_reranker"": 907.7555000001212, ""K8_weighted_ranking"": 1.405199999908291, ""K3_candidate_filters"": 7.150099999989834, ""K9_advisory_consensus"": 0.008100000059130252, ""K4_nli_and_bypass_check"": 0.2868999999918742, ""K5_decision"": 0.33759999996618717}",11532
FACTURK-0297,DOĞRU,"[7695, 3460, 21165, 21185, 20, 18887, 24479, 19187, 3750, 15975, 8066, 2640, 12846, 16293, 2269, 29817, 21701, 10654, 13414, 17757]","[0.015603534877300262, 0.00028462239424698055, 0.00204276479780674, 0.006615392863750458, 0.006641112733632326, 0.00035557945375330746, 0.0005442132824100554, 0.0120537793263793, 0.0009510130621492863, 2.5071596610359848e-05, 0.0011291546979919076, 0.00021995337738189846, 2.1444948288262822e-05, 0.01572399213910103, 4.683888619183563e-05, 1.7366719475830905e-05, 0.009708477184176445, 0.0019192374311387539, 0.0007793660624884069, 9.461262379772961e-05]","[0.030364990234375, 0.82666015625, 0.14306640625]","[0.030364990234375, 0.82666015625, 0.14306640625]",False,DOĞRU,ONAY,False,False,3153.1627000001663,"{""K1_input_and_readiness"": 0.08350000007339986, ""K7_context"": 0.0018999999156221747, ""K1_normalization"": 0.01539999993838137, ""K6_advisory"": 34.87710000013067, ""K1_intent"": 0.058600000102160266, ""K2_retrieval"": 271.2612000000263, ""K3_reranker"": 906.5477999999985, ""K8_weighted_ranking"": 1.1747999999442982, ""K3_candidate_filters"": 6.079499999941618, ""K9_advisory_consensus"": 0.006299999995462713, ""K4_nli_and_bypass_check"": 981.1267000000043, ""K5_decision"": 948.5672999999224}",7695
FACTURK-0298,DOĞRU,"[28319, 30119, 3103, 24714, 16908, 8663, 8386, 16465, 15489, 693, 15908, 17625, 7660, 22514, 3951, 5769, 14842, 26595, 6926, 12622]","[0.0003150386910419911, 0.0007293288363143802, 3.6764631659025326e-05, 0.0008199321455322206, 1.8342892872169614e-05, 0.00012931563833262771, 0.00010071400902234018, 3.244481558795087e-05, 1.6187581422855146e-05, 4.469407213036902e-05, 0.001085944357328117, 2.9541422918555327e-05, 0.000159678646014072, 0.00026530236937105656, 2.265035072923638e-05, 2.0623421733034775e-05, 1.6061610949691385e-05, 1.8342892872169614e-05, 1.967902426258661e-05, 0.059101540595293045]","[0.0038013458251953125, 0.982421875, 0.0135955810546875]","[0.0038013458251953125, 0.982421875, 0.0135955810546875]",False,YALAN,RED,False,False,1642.5022000000808,"{""K1_input_and_readiness"": 0.05639999994855316, ""K7_context"": 0.0018000000636675395, ""K1_normalization"": 0.00969999996414117, ""K6_advisory"": 35.11830000002192, ""K1_intent"": 0.041999999893960194, ""K2_retrieval"": 223.25850000015635, ""K3_reranker"": 432.5083999999606, ""K8_weighted_ranking"": 1.1961000000155764, ""K3_candidate_filters"": 6.161900000051901, ""K9_advisory_consensus"": 0.006499999926745659, ""K4_nli_and_bypass_check"": 487.40750000001754, ""K5_decision"": 453.18520000000717}",15908
FACTURK-0299,YALAN,"[10919, 22295, 20689, 16959, 5172, 18220, 13728, 15561, 8611, 18438, 18562, 6873, 12437, 29008, 29531, 21508, 16348, 20881, 11883, 18773]","[0.7983440160751343, 0.8790429830551147, 0.4050368368625641, 0.005301894154399633, 0.048136770725250244, 0.008061991073191166, 0.07068779319524765, 0.3472050130367279, 0.7706374526023865, 0.007907291874289513, 0.016850080341100693, 0.005598248913884163, 5.783766391687095e-05, 0.00023413581948261708, 0.003736220533028245, 0.002058753278106451, 0.0844927504658699, 0.003960787784308195, 0.010818447917699814, 5.605828482657671e-05]","[0.904296875, 0.08880615234375, 0.006984710693359375]","[0.904296875, 0.08880615234375, 0.006984710693359375]",False,YALAN,UYARI,False,False,1350.0446999998985,"{""K1_input_and_readiness"": 0.0586999999541149, ""K7_context"": 0.0015999999050109182, ""K1_normalization"": 0.016599999980826396, ""K6_advisory"": 34.283799999911935, ""K1_intent"": 0.03399999991415825, ""K2_retrieval"": 207.84089999983735, ""K3_reranker"": 226.68609999982436, ""K8_weighted_ranking"": 1.3796000000638742, ""K3_candidate_filters"": 8.075199999893812, ""K9_advisory_consensus"": 0.010299999985363684, ""K4_nli_and_bypass_check"": 435.8780999998544, ""K5_decision"": 431.6734000001361}",22295
FACTURK-0300,YALAN,"[749, 14448, 23316, 16390, 8778, 21077, 6767, 2573, 12732, 12782, 29404, 15061, 19808, 3213, 25537, 12068, 1606, 6069, 9502, 17636]","[0.0030994154512882233, 0.4758184552192688, 0.022542964667081833, 3.269927037763409e-05, 4.757645365316421e-05, 0.004773722495883703, 0.002191240666434169, 8.750300185056403e-05, 0.04130730405449867, 3.321419353596866e-05, 0.0025909794494509697, 0.00010391067189630121, 0.0009888596832752228, 0.0002234163403045386, 0.0005233757547102869, 0.0002434604539303109, 0.00045121065340936184, 0.00041894835885614157, 0.0035936026833951473, 4.611274925991893e-05]","[0.0016603469848632812, 0.99755859375, 0.0006775856018066406]","[0.0016603469848632812, 0.99755859375, 0.0006775856018066406]",False,YALAN,RED,False,False,1391.6059000000587,"{""K1_input_and_readiness"": 0.0897999998414889, ""K7_context"": 0.0019000001429958502, ""K1_normalization"": 0.016899999991437653, ""K6_advisory"": 49.43239999988691, ""K1_intent"": 0.04179999996267725, ""K2_retrieval"": 272.3438000000442, ""K3_reranker"": 1004.4157999998333, ""K8_weighted_ranking"": 1.5118999999685911, ""K3_candidate_filters"": 7.373300000153904, ""K9_advisory_consensus"": 0.008299999990413198, ""K4_nli_and_bypass_check"": 52.53569999990759, ""K5_decision"": 0.22319999993669626}",14448
FACTURK-0301,YALAN,"[9795, 10358, 2498, 24179, 5491, 27402, 30219, 29049, 5707, 29892, 27488, 20446, 16150, 12622, 18311, 20863, 25130, 8050, 7224, 19909]","[0.0014325366355478764, 0.13106197118759155, 0.013636835850775242, 0.0009584648651070893, 0.01833445206284523, 0.012383785098791122, 0.00360761652700603, 0.00010229986219201237, 0.08359067142009735, 1.683241134742275e-05, 0.005842605605721474, 0.0015307451831176877, 0.0018031664658337831, 0.20055769383907318, 0.0031480707693845034, 0.0004044814850203693, 0.005957154091447592, 0.0017961491830646992, 0.002822832902893424, 0.0004272078804206103]","[0.10675048828125, 0.142822265625, 0.75048828125]","[0.10675048828125, 0.142822265625, 0.75048828125]",False,DOĞRU,ONAY,False,False,1532.5460999999905,"{""K1_input_and_readiness"": 0.04269999999451102, ""K7_context"": 0.0012000000424450263, ""K1_normalization"": 0.007800000048518996, ""K6_advisory"": 36.69209999998202, ""K1_intent"": 0.033400000120309414, ""K2_retrieval"": 220.5010999998649, ""K3_reranker"": 746.2341000000379, ""K8_weighted_ranking"": 1.2589000000389206, ""K3_candidate_filters"": 6.753099999968981, ""K9_advisory_consensus"": 0.008400000069741509, ""K4_nli_and_bypass_check"": 277.2536999998465, ""K5_decision"": 240.29639999980645}",10358
FACTURK-0302,YALAN,"[10289, 22554, 27385, 23619, 5632, 24903, 12113, 4617, 28290, 13278, 21111, 10263, 24633, 25750, 6679, 27763, 10812, 14420, 10058, 17779]","[7.9673009167891e-05, 0.00043055712012574077, 1.67014204635052e-05, 9.098840382648632e-05, 0.00570803415030241, 0.004038591403514147, 7.662102143513039e-05, 0.08570927381515503, 1.6061610949691385e-05, 0.000192602863535285, 1.6187581422855146e-05, 1.67014204635052e-05, 5.02506154589355e-05, 1.6964426322374493e-05, 1.6187581422855146e-05, 1.6187581422855146e-05, 0.0019723358564078808, 0.0029235428664833307, 6.302758993115276e-05, 1.6442494597868063e-05]","[0.0019063949584960938, 0.9853515625, 0.0127105712890625]","[0.0019063949584960938, 0.9853515625, 0.0127105712890625]",False,YETERSİZ VERİ,RET,True,False,2364.5555000000513,"{""K1_input_and_readiness"": 0.05219999979999557, ""K7_context"": 0.0013999999737279722, ""K1_normalization"": 0.009800000043469481, ""K6_advisory"": 34.03900000012072, ""K1_intent"": 0.039499999957115506, ""K2_retrieval"": 219.91069999990032, ""K3_reranker"": 1174.8307999998815, ""K8_weighted_ranking"": 1.3840999999956694, ""K3_candidate_filters"": 7.0628999999371445, ""K9_advisory_consensus"": 0.007999999979801942, ""K4_nli_and_bypass_check"": 485.04800000000614, ""K5_decision"": 438.75819999993837}",24903
FACTURK-0303,YALAN,"[13756, 8683, 15530, 28988, 5842, 28339, 12028, 29608, 15869, 29415, 26190, 29778, 17525, 4383, 9131, 815, 22153, 24801, 11081, 20845]","[0.6785399913787842, 0.9460012316703796, 0.23458196222782135, 0.07224299758672714, 0.5873515009880066, 0.00035281325108371675, 1.6314539607265033e-05, 0.044597577303647995, 2.732141365413554e-05, 1.8342892872169614e-05, 5.433364276541397e-05, 0.0002002737601287663, 1.6442494597868063e-05, 2.8857117285951972e-05, 0.005469274241477251, 2.732141365413554e-05, 2.178264912799932e-05, 5.475977377500385e-05, 0.001987774157896638, 0.0008135565440170467]","[0.0002346038818359375, 0.99951171875, 0.00016927719116210938]","[0.0002346038818359375, 0.99951171875, 0.00016927719116210938]",False,YETERSİZ VERİ,RET,True,False,1407.4531000001116,"{""K1_input_and_readiness"": 0.04550000016934064, ""K7_context"": 0.0013999999737279722, ""K1_normalization"": 0.009399999953529914, ""K6_advisory"": 35.43939999985923, ""K1_intent"": 0.03390000006220362, ""K2_retrieval"": 183.3085000000665, ""K3_reranker"": 892.1600000001035, ""K8_weighted_ranking"": 1.4807000000018888, ""K3_candidate_filters"": 7.214500000145563, ""K9_advisory_consensus"": 0.0144999999065476, ""K4_nli_and_bypass_check"": 147.65489999990677, ""K5_decision"": 136.64560000006531}",8683
FACTURK-0304,DOĞRU,"[2462, 635, 28487, 8560, 23236, 878, 1272, 13604, 4699, 10822, 16134, 13127, 29109, 27900, 21223, 3495, 7863, 17829, 22505, 27426]","[0.9829546809196472, 0.0007672924548387527, 0.035611413419246674, 0.04092230275273323, 0.10141132026910782, 0.004681822378188372, 0.002378123812377453, 0.0007041515782475471, 0.002746900776401162, 0.009898064658045769, 2.3737338779028505e-05, 0.0006745558930560946, 0.000758359965402633, 9.461262379772961e-05, 0.032161444425582886, 0.007066400721669197, 0.0004272078804206103, 0.000124362253700383, 0.00017265156202483922, 0.0009773502824828029]","[0.0303497314453125, 0.939453125, 0.0301666259765625]","[0.0303497314453125, 0.939453125, 0.0301666259765625]",False,YETERSİZ VERİ,RET,True,False,1261.0233000000335,"{""K1_input_and_readiness"": 0.06589999998141138, ""K7_context"": 0.0021999999262334313, ""K1_normalization"": 0.011900000117748277, ""K6_advisory"": 34.87839999979769, ""K1_intent"": 0.041999999893960194, ""K2_retrieval"": 226.3964000001124, ""K3_reranker"": 615.0591999999051, ""K8_weighted_ranking"": 1.1138999998365762, ""K3_candidate_filters"": 5.973300000050585, ""K9_advisory_consensus"": 0.007500000037907739, ""K4_nli_and_bypass_check"": 191.00299999990966, ""K5_decision"": 169.1848000000391}",2462
FACTURK-0305,DOĞRU,"[15481, 6476, 12823, 10017, 14000, 12395, 12955, 9538, 22615, 2227, 684, 14698, 508, 10849, 21639, 28897, 891, 9521, 6558, 16237]","[1.6314539607265033e-05, 2.9541422918555327e-05, 1.6187581422855146e-05, 1.6061610949691385e-05, 1.6314539607265033e-05, 0.0006411777576431632, 0.009232213720679283, 0.0003785036678891629, 1.6187581422855146e-05, 1.6314539607265033e-05, 0.00023782203788869083, 1.9833367332466878e-05, 1.6314539607265033e-05, 1.6061610949691385e-05, 1.6061610949691385e-05, 1.8631746570463292e-05, 3.4537253668531775e-05, 1.6314539607265033e-05, 1.6061610949691385e-05, 1.805851934477687e-05]","[0.0313720703125, 0.7880859375, 0.1802978515625]","[0.0313720703125, 0.7880859375, 0.1802978515625]",False,YALAN,RED,False,False,1484.2691999999715,"{""K1_input_and_readiness"": 0.11259999996582337, ""K7_context"": 0.001500000053056283, ""K1_normalization"": 0.010699999847929575, ""K6_advisory"": 34.97560000005251, ""K1_intent"": 0.042200000052616815, ""K2_retrieval"": 225.5113999999594, ""K3_reranker"": 623.6956000000191, ""K8_weighted_ranking"": 1.350499999944077, ""K3_candidate_filters"": 6.9031999998969695, ""K9_advisory_consensus"": 0.008499999921696144, ""K4_nli_and_bypass_check"": 309.3378000000939, ""K5_decision"": 278.33850000001803}",28897
FACTURK-0306,YALAN,"[18255, 12924, 29887, 12905, 29990, 12585, 3500, 28989, 15528, 20539, 8052, 30, 22036, 23613, 24403, 23983, 83, 33, 4511, 9411]","[0.019160708412528038, 0.00020184421737212688, 0.0030160662718117237, 0.0012743262341246009, 0.00039821304380893707, 0.00023231418163049966, 0.004166256170719862, 2.7969301299890503e-05, 2.195349043176975e-05, 3.70529705833178e-05, 0.0006462032906711102, 0.003621685551479459, 3.619466951931827e-05, 1.6061610949691385e-05, 0.00046917638974264264, 1.6314539607265033e-05, 0.0044683837331831455, 0.004086002707481384, 0.00011774459562730044, 0.031618766486644745]","[0.0001806020736694336, 0.99951171875, 0.00011610984802246094]","[0.0001806020736694336, 0.99951171875, 0.00011610984802246094]",False,YALAN,UYARI,False,False,1807.4139000000287,"{""K1_input_and_readiness"": 0.0529999999798747, ""K7_context"": 0.0018999999156221747, ""K1_normalization"": 0.009999999974752427, ""K6_advisory"": 35.60410000000047, ""K1_intent"": 0.03510000010464864, ""K2_retrieval"": 204.4888999998875, ""K3_reranker"": 692.4261000001479, ""K8_weighted_ranking"": 1.5408000001571054, ""K3_candidate_filters"": 6.765500000028624, ""K9_advisory_consensus"": 0.010199999906035373, ""K4_nli_and_bypass_check"": 456.62389999984043, ""K5_decision"": 406.13299999995434}",18255
FACTURK-0307,YALAN,"[17356, 11028, 806, 8969, 13398, 18300, 29051, 8076, 22068, 24035, 6458, 17045, 25190, 14201, 11006, 15517, 19097, 29500, 7658, 14548]","[0.18315489590168, 0.00010637458035489544, 0.0031603530514985323, 2.6274772608303465e-05, 1.657145367062185e-05, 0.00014313739666249603, 2.977311669383198e-05, 1.7778551409719512e-05, 7.086326513672248e-05, 0.0003150386910419911, 5.518923353520222e-05, 0.00021824207215104252, 1.6314539607265033e-05, 0.012970386072993279, 0.0017140384297817945, 1.6314539607265033e-05, 2.908344322349876e-05, 0.0005976693937554955, 2.977311669383198e-05, 0.00011147904297104105]","[0.001010894775390625, 0.002941131591796875, 0.99609375]","[0.001010894775390625, 0.002941131591796875, 0.99609375]",False,YALAN,RED,False,False,1575.7800999999745,"{""K1_input_and_readiness"": 0.04399999988891068, ""K7_context"": 0.0015999999050109182, ""K1_normalization"": 0.007499999810534064, ""K6_advisory"": 35.195100000009916, ""K1_intent"": 0.03320000018902647, ""K2_retrieval"": 182.00739999997495, ""K3_reranker"": 915.4575000000023, ""K8_weighted_ranking"": 2.907599999844024, ""K3_candidate_filters"": 11.240400000133377, ""K9_advisory_consensus"": 0.010199999906035373, ""K4_nli_and_bypass_check"": 209.95840000000499, ""K5_decision"": 215.33610000005865}",24035
FACTURK-0308,DOĞRU,"[17336, 27529, 2957, 20444, 13372, 7387, 4791, 20248, 8312, 17446, 13190, 14058, 16779, 12381, 3550, 2915, 6218, 26922, 19113, 3804]","[0.1257079392671585, 0.0013250223128125072, 0.002693914109840989, 0.0004765612829942256, 0.008030813187360764, 0.16653981804847717, 0.004503272473812103, 0.007665874902158976, 1.6061610949691385e-05, 0.005099818110466003, 0.00011323437502142042, 0.0012793075293302536, 0.0012743262341246009, 2.8857117285951972e-05, 4.9086618673754856e-05, 0.001740983803756535, 0.05592617020010948, 6.0613183450186625e-05, 0.000471011851914227, 0.014615669846534729]","[0.00022125244140625, 0.998046875, 0.001865386962890625]","[0.00022125244140625, 0.998046875, 0.001865386962890625]",False,DOĞRU,ONAY,False,False,1724.2416999999932,"{""K1_input_and_readiness"": 0.05319999991115765, ""K7_context"": 0.001799999836293864, ""K1_normalization"": 0.009899999895424116, ""K6_advisory"": 36.22939999991104, ""K1_intent"": 0.04669999998441199, ""K2_retrieval"": 199.0493000000697, ""K3_reranker"": 901.1321000000407, ""K8_weighted_ranking"": 1.1401000001569628, ""K3_candidate_filters"": 6.164500000068074, ""K9_advisory_consensus"": 0.007300000106624793, ""K4_nli_and_bypass_check"": 313.50739999993493, ""K5_decision"": 262.863699999798}",16779
FACTURK-0309,YALAN,"[19677, 54, 104, 14048, 1741, 28654, 27214, 4438, 28971, 28913, 13211, 24573, 28483, 18462, 14411, 18241, 6336, 24548, 15702, 8685]","[0.9433475732803345, 0.0012644219677895308, 0.0013939501950517297, 0.0022343622986227274, 0.00016603845870122313, 1.6187581422855146e-05, 1.6964426322374493e-05, 1.6964426322374493e-05, 1.750292540236842e-05, 3.619466951931827e-05, 1.6061610949691385e-05, 5.0644717703107744e-05, 0.3752484917640686, 1.6187581422855146e-05, 1.593661909282673e-05, 0.00023050670279189944, 0.001560889184474945, 1.8486754925106652e-05, 8.888084994396195e-05, 0.005384937860071659]","[0.003795623779296875, 0.9931640625, 0.0028400421142578125]","[0.003795623779296875, 0.9931640625, 0.0028400421142578125]",False,YALAN,UYARI,False,False,1579.930099999956,"{""K1_input_and_readiness"": 0.06639999992330559, ""K7_context"": 0.001799999836293864, ""K1_normalization"": 0.011999999969702912, ""K6_advisory"": 34.24700000005032, ""K1_intent"": 0.05000000010113581, ""K2_retrieval"": 202.60770000004413, ""K3_reranker"": 626.0048999999981, ""K8_weighted_ranking"": 1.3748000001214677, ""K3_candidate_filters"": 7.030499999927997, ""K9_advisory_consensus"": 0.008200000138458563, ""K4_nli_and_bypass_check"": 377.16390000014144, ""K5_decision"": 328.05919999987054}",19677
FACTURK-0310,YALAN,"[3964, 16107, 923, 16294, 25784, 16509, 10098, 2442, 12043, 7705, 23772, 18956, 8604, 5258, 29838, 23152, 16104, 8839, 14559, 17170]","[0.01764446496963501, 0.2137051820755005, 0.17203271389007568, 0.35209035873413086, 0.02409944497048855, 0.03588069602847099, 0.17652960121631622, 0.048405956476926804, 8.415108459303156e-05, 0.004182493779808283, 0.02881619706749916, 0.15215818583965302, 0.025516605004668236, 4.539786823443137e-05, 0.03919513151049614, 0.04931359738111496, 0.20149880647659302, 0.20593424141407013, 0.00017265156202483922, 4.5044595026411116e-05]","[0.87158203125, 0.1229248046875, 0.005603790283203125]","[0.87158203125, 0.1229248046875, 0.005603790283203125]",False,YALAN,UYARI,False,False,3143.9141999999265,"{""K1_input_and_readiness"": 0.052000000096086296, ""K7_context"": 0.0013999999737279722, ""K1_normalization"": 0.011100000165242818, ""K6_advisory"": 35.019800000100076, ""K1_intent"": 0.05549999991671939, ""K2_retrieval"": 226.3554999999542, ""K3_reranker"": 1809.2316999998275, ""K8_weighted_ranking"": 1.6181000000869972, ""K3_candidate_filters"": 7.004600000072969, ""K9_advisory_consensus"": 0.0073999999585794285, ""K4_nli_and_bypass_check"": 593.20189999994, ""K5_decision"": 467.6845000001322}",18956
FACTURK-0311,DOĞRU,"[9657, 16705, 9011, 11379, 1734, 3550, 16305, 6218, 8286, 7726, 10662, 25316, 29678, 4791, 5583, 13043, 29976, 12349, 20248, 13455]","[0.5023612976074219, 0.0005636750720441341, 0.021165618672966957, 0.0006000071880407631, 0.00018093574908562005, 0.0037507887464016676, 0.0023688741493970156, 0.02010023407638073, 0.008412977680563927, 0.003692853031679988, 0.0011424495605751872, 0.00013765462790615857, 0.00025118677876889706, 0.026056302711367607, 0.009020279161632061, 0.0007554056355729699, 0.00033274127054028213, 0.09417666494846344, 0.0360160693526268, 0.027272669598460197]","[0.004825592041015625, 0.71826171875, 0.27685546875]","[0.004825592041015625, 0.71826171875, 0.27685546875]",False,DOĞRU,ONAY,False,False,1303.2176000001527,"{""K1_input_and_readiness"": 0.0608000000283937, ""K7_context"": 0.001500000053056283, ""K1_normalization"": 0.009399999953529914, ""K6_advisory"": 36.7505000001529, ""K1_intent"": 0.03609999998843705, ""K2_retrieval"": 213.50830000005772, ""K3_reranker"": 408.4653999998409, ""K8_weighted_ranking"": 1.387999999906242, ""K3_candidate_filters"": 7.148799999868061, ""K9_advisory_consensus"": 0.00850000014906982, ""K4_nli_and_bypass_check"": 342.34799999990173, ""K5_decision"": 290.2921999998398}",12349
FACTURK-0312,DOĞRU,"[7452, 13938, 6898, 11270, 25375, 22165, 1170, 2618, 25976, 7359, 29442, 3455, 5648, 12395, 27805, 2219, 28998, 4503, 27576, 15295]","[0.9999512434005737, 0.00013342000602278858, 0.000609450158663094, 0.00018667821132112294, 0.001629308913834393, 4.683888619183563e-05, 1.683241134742275e-05, 3.3474691008450463e-05, 3.2955729693640023e-05, 1.7231572201126255e-05, 1.6442494597868063e-05, 0.0035936026833951473, 1.6442494597868063e-05, 0.0001442598586436361, 1.7778551409719512e-05, 1.7231572201126255e-05, 2.2125668692751788e-05, 1.8342892872169614e-05, 0.004264635033905506, 1.6442494597868063e-05]","[0.99072265625, 0.00786590576171875, 0.0012111663818359375]","[0.99072265625, 0.00786590576171875, 0.0012111663818359375]",False,DOĞRU,ONAY,False,False,871.3299999999435,"{""K1_input_and_readiness"": 0.13899999999011925, ""K7_context"": 0.0022000001536071068, ""K1_normalization"": 0.014299999975264654, ""K6_advisory"": 51.10249999984262, ""K1_intent"": 0.046999999995023245, ""K2_retrieval"": 237.67849999990176, ""K3_reranker"": 394.2471000000296, ""K8_weighted_ranking"": 1.3906000001497887, ""K3_candidate_filters"": 7.470100000091406, ""K9_advisory_consensus"": 0.008600000001024455, ""K4_nli_and_bypass_check"": 107.42329999993672, ""K5_decision"": 57.81200000001263}",7452
FACTURK-0313,DOĞRU,"[27844, 18468, 11712, 29304, 11509, 22914, 22301, 19866, 7346, 28419, 27847, 3083, 5491, 4331, 2337, 25726, 1912, 28378, 19415, 27788]","[0.009340023621916771, 0.4330222010612488, 0.9989308714866638, 0.00026947917649522424, 0.00214894930832088, 0.0003697388747241348, 0.0011972112115472555, 0.003960787784308195, 1.8486754925106652e-05, 0.0014550630003213882, 0.005080036818981171, 9.535461140330881e-05, 0.0029008574783802032, 0.006903838831931353, 0.001052568550221622, 2.8857117285951972e-05, 0.0019267346942797303, 0.0014158706180751324, 0.00013552077871281654, 4.7206227463902906e-05]",null,"[1.0, 0.0, 0.0]",True,YETERSİZ VERİ,KISMI,True,False,980.7479999999487,"{""K1_input_and_readiness"": 0.0555999999960477, ""K7_context"": 0.0016000001323845936, ""K1_normalization"": 0.009900000122797792, ""K6_advisory"": 34.35570000010557, ""K1_intent"": 0.03309999988232448, ""K2_retrieval"": 200.69869999997536, ""K3_reranker"": 732.2552000000542, ""K8_weighted_ranking"": 1.56779999997525, ""K3_candidate_filters"": 7.46490000005906, ""K9_advisory_consensus"": 0.008400000069741509, ""K4_nli_and_bypass_check"": 0.39630000014767575, ""K5_decision"": 0.47730000005685724}",11712
FACTURK-0314,DOĞRU,"[28867, 20246, 475, 11597, 13372, 19541, 27529, 19898, 22408, 25381, 8043, 25980, 28538, 24314, 3213, 13274, 14016, 26227, 22357, 26566]","[0.4323030412197113, 0.6674728393554688, 0.09929540008306503, 0.04084571450948715, 0.00044248730409890413, 0.0006142272031866014, 0.0001195985751110129, 0.0014779430348426104, 0.0013670255430042744, 0.028652667999267578, 0.008445626124739647, 0.0026112475898116827, 0.0026419467758387327, 0.0020911062601953745, 0.006388320587575436, 3.1941821362124756e-05, 3.508111694827676e-05, 2.586742994026281e-05, 0.10105590522289276, 0.0010901900241151452]","[0.0012683868408203125, 0.99755859375, 0.0011234283447265625]","[0.0012683868408203125, 0.99755859375, 0.0011234283447265625]",False,DOĞRU,ONAY,False,False,1069.7680000000673,"{""K1_input_and_readiness"": 0.08569999999963329, ""K7_context"": 0.0016000001323845936, ""K1_normalization"": 0.015300000086426735, ""K6_advisory"": 37.17669999991813, ""K1_intent"": 0.03839999999399879, ""K2_retrieval"": 258.7627000000339, ""K3_reranker"": 728.8031000000501, ""K8_weighted_ranking"": 1.1962999999468593, ""K3_candidate_filters"": 6.220099999836748, ""K9_advisory_consensus"": 0.007200000027296483, ""K4_nli_and_bypass_check"": 33.77019999993536, ""K5_decision"": 0.1299000000472006}",20246
FACTURK-0315,YALAN,"[18629, 11438, 23600, 27604, 5686, 1610, 16552, 23012, 6704, 6570, 22272, 22472, 19272, 25380, 3214, 7384, 28088, 12057, 744, 17093]","[0.4937632977962494, 0.04646466672420502, 0.04130730405449867, 0.09451042860746384, 0.008348053321242332, 0.8257302641868591, 0.009936418384313583, 0.0002611903182696551, 0.11162799596786499, 0.0044165560975670815, 0.07504072040319443, 1.7917987861437723e-05, 0.002174225402995944, 0.016277460381388664, 0.03090895712375641, 0.01342825498431921, 0.015967654064297676, 0.08850465714931488, 3.2955729693640023e-05, 0.010776725597679615]","[0.00592041015625, 0.99365234375, 0.0005869865417480469]","[0.00592041015625, 0.99365234375, 0.0005869865417480469]",False,YALAN,UYARI,False,False,2077.441800000088,"{""K1_input_and_readiness"": 0.052699999969263445, ""K7_context"": 0.0012000000424450263, ""K1_normalization"": 0.009000000090964022, ""K6_advisory"": 34.13419999992584, ""K1_intent"": 0.055799999927330646, ""K2_retrieval"": 230.04519999994955, ""K3_reranker"": 642.0133999999962, ""K8_weighted_ranking"": 1.1833999999453226, ""K3_candidate_filters"": 6.020200000193654, ""K9_advisory_consensus"": 0.007099999947968172, ""K4_nli_and_bypass_check"": 583.7946000001466, ""K5_decision"": 563.2405999999719}",1610
FACTURK-0316,DOĞRU,"[6487, 20933, 13819, 25162, 20139, 29090, 3664, 29338, 17481, 22713, 29729, 25194, 4372, 24615, 5799, 22997, 20328, 19231, 25691, 24063]","[0.9982385635375977, 0.01750955730676651, 0.1527891606092453, 5.391084778239019e-05, 0.003621685551479459, 0.0009362827986478806, 5.605828482657671e-05, 0.0018458482809364796, 3.373722574906424e-05, 0.0001500056532677263, 0.000337979436153546, 0.0819595456123352, 0.0017007222631946206, 1.8486754925106652e-05, 8.547616744181141e-05, 0.00026323829661123455, 1.7640199075685814e-05, 0.00064368563471362, 3.591300992411561e-05, 0.0007793660624884069]","[0.9990234375, 0.00024580955505371094, 0.0005064010620117188]","[0.9990234375, 0.00024580955505371094, 0.0005064010620117188]",False,DOĞRU,ONAY,False,False,1027.4461999999858,"{""K1_input_and_readiness"": 0.0591999998960091, ""K7_context"": 0.0016999999843392288, ""K1_normalization"": 0.020599999970727367, ""K6_advisory"": 35.6590999999753, ""K1_intent"": 0.04650000005312904, ""K2_retrieval"": 215.75060000009216, ""K3_reranker"": 602.1930000001703, ""K8_weighted_ranking"": 1.1315000001559383, ""K3_candidate_filters"": 6.005899999991016, ""K9_advisory_consensus"": 0.006600000006073969, ""K4_nli_and_bypass_check"": 94.6916999998848, ""K5_decision"": 66.959499999939}",6487
FACTURK-0317,DOĞRU,"[22587, 30365, 10902, 11460, 7924, 1887, 15780, 22918, 5122, 24849, 2984, 14277, 19772, 4093, 22465, 27017, 10589, 7224, 20175, 4270]","[0.29370826482772827, 0.56391841173172, 0.005957154091447592, 0.01778038963675499, 0.3643251061439514, 0.08709682524204254, 0.2735744118690491, 0.21157968044281006, 0.11436853557825089, 0.37955084443092346, 0.00172745855525136, 0.15700754523277283, 0.006589771714061499, 0.012479699216783047, 0.06644792854785919, 0.008315778337419033, 0.03384403511881828, 0.17981843650341034, 0.004348381422460079, 0.035611413419246674]","[0.003143310546875, 0.99560546875, 0.0014820098876953125]","[0.003143310546875, 0.99560546875, 0.0014820098876953125]",False,YALAN,RED,False,False,4479.979899999989,"{""K1_input_and_readiness"": 0.05899999996472616, ""K7_context"": 0.001799999836293864, ""K1_normalization"": 0.01150000002780871, ""K6_advisory"": 35.820999999941705, ""K1_intent"": 0.04269999999451102, ""K2_retrieval"": 234.3938999999864, ""K3_reranker"": 3215.880900000002, ""K8_weighted_ranking"": 1.297700000122859, ""K3_candidate_filters"": 6.892100000186474, ""K9_advisory_consensus"": 0.008600000001024455, ""K4_nli_and_bypass_check"": 515.6724999999369, ""K5_decision"": 465.2803999999833}",30365
FACTURK-0318,YALAN,"[1123, 27660, 2877, 5471, 4745, 23201, 21085, 9176, 13942, 12462, 627, 15340, 18839, 15696, 17990, 8517, 8290, 2955, 25237, 15511]","[0.23846149444580078, 0.0009659748757258058, 0.0019570167642086744, 0.02157406695187092, 0.009522485546767712, 0.0018172829877585173, 0.0005132579244673252, 0.0018895388348028064, 0.013742320239543915, 0.37170660495758057, 0.005797401536256075, 0.06030764430761337, 0.001081715221516788, 8.614650869276375e-05, 5.3075080359121785e-05, 0.000347345310728997, 0.0007096704212017357, 3.0479141059913673e-05, 0.0001823546044761315, 0.001518850913271308]","[0.00843048095703125, 0.98974609375, 0.00168609619140625]","[0.00843048095703125, 0.98974609375, 0.00168609619140625]",False,YALAN,UYARI,False,False,2732.1830999999293,"{""K1_input_and_readiness"": 0.0665000000026339, ""K7_context"": 0.0016999999843392288, ""K1_normalization"": 0.012799999922208372, ""K6_advisory"": 35.73869999991075, ""K1_intent"": 0.07729999992989178, ""K2_retrieval"": 266.7195999999876, ""K3_reranker"": 990.3240000001006, ""K8_weighted_ranking"": 1.8179999999574648, ""K3_candidate_filters"": 7.749099999955433, ""K9_advisory_consensus"": 0.008400000069741509, ""K4_nli_and_bypass_check"": 731.9714999998723, ""K5_decision"": 679.0406999998595}",4745
FACTURK-0319,DOĞRU,"[19343, 28010, 23590, 2436, 5590, 21114, 6932, 13838, 2425, 5265, 21218, 11848, 7364, 9502, 8291, 9216, 10374, 20208, 19431, 24636]","[0.0002591582597233355, 0.002531111240386963, 0.0001673405058681965, 0.00020502213737927377, 1.6314539607265033e-05, 2.411113746347837e-05, 0.0001387341326335445, 1.657145367062185e-05, 1.6964426322374493e-05, 1.6314539607265033e-05, 1.7778551409719512e-05, 1.657145367062185e-05, 1.9373936083866283e-05, 2.5071596610359848e-05, 5.144220995134674e-05, 0.0005953406798653305, 0.00012931563833262771, 0.0014664583140984178, 1.9073577277595177e-05, 1.6314539607265033e-05]","[0.176025390625, 0.626953125, 0.19677734375]","[0.176025390625, 0.626953125, 0.19677734375]",False,YALAN,RED,False,False,3201.683799999955,"{""K1_input_and_readiness"": 0.06430000007640047, ""K7_context"": 0.0018000000636675395, ""K1_normalization"": 0.011299999869152089, ""K6_advisory"": 34.87350000000333, ""K1_intent"": 0.040500000068277586, ""K2_retrieval"": 303.2273000001169, ""K3_reranker"": 1221.788300000071, ""K8_weighted_ranking"": 1.1411000000407512, ""K3_candidate_filters"": 6.03480000017953, ""K9_advisory_consensus"": 0.00670000008540228, ""K4_nli_and_bypass_check"": 876.2871999999788, ""K5_decision"": 754.2296999999962}",2436
FACTURK-0320,YALAN,"[1887, 1807, 25228, 7970, 14227, 15188, 25931, 20941, 668, 2158, 8125, 24929, 7135, 18249, 8599, 30193, 8926, 1676, 4603, 25967]","[0.903464674949646, 0.09704755246639252, 0.5811247825622559, 0.5891846418380737, 0.00014313739666249603, 0.02456308901309967, 0.05582314357161522, 0.002278330735862255, 0.0026010938454419374, 0.000337979436153546, 0.00272558256983757, 0.003635808825492859, 0.0060503981076180935, 0.002123966347426176, 2.526822754589375e-05, 0.0013045065570622683, 0.08725224435329437, 0.21883627772331238, 0.522567629814148, 0.00020662980386987329]","[0.033050537109375, 0.96533203125, 0.001743316650390625]","[0.033050537109375, 0.96533203125, 0.001743316650390625]",False,DOĞRU,ONAY,False,False,1688.567699999794,"{""K1_input_and_readiness"": 0.06310000003395544, ""K7_context"": 0.0015999999050109182, ""K1_normalization"": 0.011200000017197453, ""K6_advisory"": 34.81560000000172, ""K1_intent"": 0.04319999993640522, ""K2_retrieval"": 256.64690000007795, ""K3_reranker"": 888.9698000000408, ""K8_weighted_ranking"": 1.1383999999452499, ""K3_candidate_filters"": 6.153799999992771, ""K9_advisory_consensus"": 0.007200000027296483, ""K4_nli_and_bypass_check"": 270.6630000000132, ""K5_decision"": 226.42749999999978}",1887
FACTURK-0321,YALAN,"[25225, 10243, 27894, 9150, 15787, 19391, 16063, 28222, 11548, 27696, 24956, 12864, 25169, 9220, 24184, 25228, 2984, 3313, 20449, 25098]","[0.9990745782852173, 0.058884695172309875, 0.07081620395183563, 0.018404889851808548, 0.001192549243569374, 4.870464181294665e-05, 0.0006337125087156892, 0.0007152324542403221, 0.004133968148380518, 0.0029694451950490475, 0.0005930210463702679, 0.0013511208817362785, 0.0003625900426413864, 0.0008727670647203922, 6.868317723274231e-05, 0.0003583672805689275, 1.8777873265207745e-05, 0.00010071400902234018, 0.03663136437535286, 0.00012148174573667347]",null,"[1.0, 0.0, 0.0]",True,YALAN,UYARI,False,False,635.9101000000464,"{""K1_input_and_readiness"": 0.05310000005920301, ""K7_context"": 0.0016000001323845936, ""K1_normalization"": 0.009899999895424116, ""K6_advisory"": 36.51979999995092, ""K1_intent"": 0.03370000013092067, ""K2_retrieval"": 192.08559999992758, ""K3_reranker"": 394.6280000000115, ""K8_weighted_ranking"": 1.2607999999545427, ""K3_candidate_filters"": 7.3039999999764404, ""K9_advisory_consensus"": 0.0087999999323074, ""K4_nli_and_bypass_check"": 0.19459999998616695, ""K5_decision"": 0.27790000012828386}",25225
FACTURK-0322,YALAN,"[19974, 10172, 27265, 6287, 11158, 22220, 7476, 1134, 14936, 5811, 11075, 2403, 29492, 28979, 27304, 24074, 24175, 25299, 9398, 21249]","[0.40262696146965027, 0.0006771942134946585, 0.0009290033485740423, 0.010818447917699814, 0.0032476764172315598, 0.00013032974675297737, 4.683888619183563e-05, 1.6314539607265033e-05, 3.7636447814293206e-05, 0.00028462239424698055, 0.001151399570517242, 0.008124708198010921, 0.0005112579092383385, 0.0023504828568547964, 1.6314539607265033e-05, 0.03228325769305229, 0.0004747042548842728, 0.0001956353517016396, 0.00011774459562730044, 1.657145367062185e-05]","[0.005840301513671875, 0.98388671875, 0.0102996826171875]","[0.005840301513671875, 0.98388671875, 0.0102996826171875]",False,DOĞRU,ONAY,False,False,3397.5875999999516,"{""K1_input_and_readiness"": 0.07540000001426961, ""K7_context"": 0.0014999998256826075, ""K1_normalization"": 0.013999999964653398, ""K6_advisory"": 35.1688999999169, ""K1_intent"": 0.07179999988693453, ""K2_retrieval"": 253.89830000017355, ""K3_reranker"": 857.2070000000167, ""K8_weighted_ranking"": 1.37759999984155, ""K3_candidate_filters"": 7.345799999939118, ""K9_advisory_consensus"": 0.008900000011635711, ""K4_nli_and_bypass_check"": 1126.8024000000878, ""K5_decision"": 1112.0831000000635}",9398
FACTURK-0323,DOĞRU,"[26984, 20781, 27337, 6352, 7596, 12551, 2446, 708, 13967, 8904, 10289, 19156, 28075, 247, 172, 26400, 156, 211, 11435, 25927]","[0.003678509034216404, 0.001383117400109768, 0.0038844761438667774, 0.0005884087877348065, 0.004867417272180319, 0.003510648850351572, 0.0007613258203491569, 0.0007208379684016109, 0.0012448433553799987, 0.00013658353418577462, 3.1201914680423215e-05, 0.00014202363672666252, 0.00023782203788869083, 0.007066400721669197, 0.0002415662893326953, 0.002540992572903633, 0.006615392863750458, 0.0001476803736295551, 0.0008525666198693216, 0.002560870721936226]","[0.00806427001953125, 0.966796875, 0.024932861328125]","[0.00806427001953125, 0.966796875, 0.024932861328125]",False,YETERSİZ VERİ,RET,True,False,1202.865999999858,"{""K1_input_and_readiness"": 0.060699999949065386, ""K7_context"": 0.0013999999737279722, ""K1_normalization"": 0.010800000154631562, ""K6_advisory"": 34.155899999859685, ""K1_intent"": 0.04269999999451102, ""K2_retrieval"": 241.94919999990816, ""K3_reranker"": 878.3694999999625, ""K8_weighted_ranking"": 1.1491000000205531, ""K3_candidate_filters"": 6.298800000195115, ""K9_advisory_consensus"": 0.007100000175341847, ""K4_nli_and_bypass_check"": 36.02320000004511, ""K5_decision"": 0.1806999998734682}",27337
FACTURK-0324,DOĞRU,"[1701, 1620, 20305, 19176, 27696, 23686, 24172, 27196, 24782, 5535, 801, 14870, 15425, 24849, 18519, 26875, 22504, 21711, 11776, 19258]","[0.005119676236063242, 0.00079783343244344, 0.003579642390832305, 0.010408313944935799, 0.001483718864619732, 1.657145367062185e-05, 0.0013511208817362785, 0.002034817123785615, 0.014281935058534145, 0.00026738259475678205, 0.13117322325706482, 0.00021485926117748022, 0.0041179172694683075, 0.02595735713839531, 0.147801011800766, 6.922183820279315e-05, 0.0028009270317852497, 0.00677120964974165, 0.012920473702251911, 2.7535690605873242e-05]","[0.0002982616424560547, 0.99951171875, 0.00013053417205810547]","[0.0002982616424560547, 0.99951171875, 0.00013053417205810547]",False,DOĞRU,ONAY,False,False,2384.9431000001005,"{""K1_input_and_readiness"": 0.06890000008752395, ""K7_context"": 0.0012999998943996616, ""K1_normalization"": 0.010799999927257886, ""K6_advisory"": 34.08439999998336, ""K1_intent"": 0.04560000002129527, ""K2_retrieval"": 232.643600000074, ""K3_reranker"": 934.872999999925, ""K8_weighted_ranking"": 1.3255999999728374, ""K3_candidate_filters"": 6.965600000057748, ""K9_advisory_consensus"": 0.007699999969190685, ""K4_nli_and_bypass_check"": 584.087400000044, ""K5_decision"": 561.9969000001674}",24849
FACTURK-0325,YALAN,"[23846, 23815, 8193, 24551, 9436, 28722, 12486, 5782, 4454, 7410, 25313, 13507, 8269, 17776, 21219, 4638, 21231, 6751, 24987, 23504]","[9.028038039105013e-05, 0.00021995337738189846, 0.00012243441597092897, 0.002123966347426176, 0.001495338510721922, 0.0014895173953846097, 0.07159119844436646, 8.614650869276375e-05, 0.0002591582597233355, 0.025711586698889732, 0.03416481614112854, 0.002243087626993656, 9.098840382648632e-05, 0.002560870721936226, 0.00011591933434829116, 2.6480842279852368e-05, 2.4876489987946115e-05, 0.0013198634842410684, 3.269927037763409e-05, 1.6442494597868063e-05]","[0.0029296875, 0.98193359375, 0.0152435302734375]","[0.0029296875, 0.98193359375, 0.0152435302734375]",False,YETERSİZ VERİ,RET,True,False,962.8190000000814,"{""K1_input_and_readiness"": 0.05400000009103678, ""K7_context"": 0.0016999999843392288, ""K1_normalization"": 0.010799999927257886, ""K6_advisory"": 35.415499999999156, ""K1_intent"": 0.03990000004705507, ""K2_retrieval"": 213.71539999995548, ""K3_reranker"": 210.81089999984215, ""K8_weighted_ranking"": 1.0964999999032443, ""K3_candidate_filters"": 6.161399999882633, ""K9_advisory_consensus"": 0.006900000016685226, ""K4_nli_and_bypass_check"": 271.92089999994096, ""K5_decision"": 220.13210000000072}",12486
FACTURK-0326,YALAN,"[23950, 15240, 7087, 29494, 28228, 24411, 29928, 16851, 19990, 2653, 5125, 28429, 4843, 2846, 13982, 13711, 18203, 16773, 11973, 7372]","[0.6772605776786804, 0.6363531351089478, 0.156491219997406, 0.3262714147567749, 0.7213507294654846, 0.016979992389678955, 0.01353214867413044, 0.27212125062942505, 0.0015669887652620673, 0.37547746300697327, 0.20769643783569336, 0.1291828602552414, 0.07935289293527603, 0.12907303869724274, 0.037326887249946594, 0.5820753574371338, 0.0018243826925754547, 0.8297680616378784, 0.715225100517273, 0.8987665772438049]","[0.00305938720703125, 0.99658203125, 0.0005936622619628906]","[0.00305938720703125, 0.99658203125, 0.0005936622619628906]",False,DOĞRU,ONAY,False,False,2318.73950000022,"{""K1_input_and_readiness"": 0.06209999992279336, ""K7_context"": 0.006800000164730591, ""K1_normalization"": 0.011299999869152089, ""K6_advisory"": 36.098899999842615, ""K1_intent"": 0.053499999921768904, ""K2_retrieval"": 217.21560000014506, ""K3_reranker"": 1728.0550000000403, ""K8_weighted_ranking"": 2.2184999997989507, ""K3_candidate_filters"": 9.530300000051284, ""K9_advisory_consensus"": 0.009099999942918657, ""K4_nli_and_bypass_check"": 191.66309999991427, ""K5_decision"": 119.20250000002852}",7372
FACTURK-0327,YALAN,"[11779, 16554, 21720, 28864, 19780, 16591, 6656, 5650, 14378, 6422, 26524, 25811, 22784, 15395, 15946, 23361, 14710, 21016, 14437, 25130]","[0.01578456163406372, 0.004810982849448919, 0.008061991073191166, 0.5661384463310242, 0.005641908384859562, 0.9463988542556763, 0.0044683837331831455, 0.1318424493074417, 0.029201289638876915, 0.009670992381870747, 0.0007854739669710398, 0.0333368256688118, 0.0006745558930560946, 0.020685460418462753, 4.985958003089763e-05, 0.0008459375239908695, 3.6764631659025326e-05, 1.6314539607265033e-05, 0.29310086369514465, 0.7918210625648499]","[0.018890380859375, 0.98046875, 0.000568389892578125]","[0.018890380859375, 0.98046875, 0.000568389892578125]",False,DOĞRU,ONAY,False,False,1524.8923000001469,"{""K1_input_and_readiness"": 0.06980000011935772, ""K7_context"": 0.0016999999843392288, ""K1_normalization"": 0.015000000075815478, ""K6_advisory"": 32.676000000037675, ""K1_intent"": 0.04850000004807953, ""K2_retrieval"": 263.94409999988966, ""K3_reranker"": 1187.4299000000974, ""K8_weighted_ranking"": 1.1523999999099033, ""K3_candidate_filters"": 6.141200000001845, ""K9_advisory_consensus"": 0.006800000164730591, ""K4_nli_and_bypass_check"": 30.107700000144177, ""K5_decision"": 0.14919999989615462}",16591
FACTURK-0328,DOĞRU,"[18318, 8507, 7120, 3423, 27785, 2506, 12397, 10, 26352, 11718, 24450, 22396, 21551, 16322, 25919, 4987, 14748, 4527, 14084, 23397]","[0.0008761798962950706, 9.461262379772961e-05, 0.044431429356336594, 0.052618950605392456, 0.0002982776495628059, 2.1444948288262822e-05, 0.001103026675991714, 0.0697949230670929, 7.086326513672248e-05, 1.6061610949691385e-05, 0.0003814711526501924, 0.001560889184474945, 0.000337979436153546, 0.0006118340534158051, 0.002453428227454424, 0.0006667023408226669, 0.00046190584544092417, 0.0001476803736295551, 0.0039454069919884205, 0.0013458604225888848]","[0.00212860107421875, 0.978515625, 0.0194549560546875]","[0.00212860107421875, 0.978515625, 0.0194549560546875]",False,DOĞRU,ONAY,False,False,499.29930000007516,"{""K1_input_and_readiness"": 0.04590000003190653, ""K7_context"": 0.0012000000424450263, ""K1_normalization"": 0.00760000011723605, ""K6_advisory"": 35.14560000007805, ""K1_intent"": 0.055699999848002335, ""K2_retrieval"": 221.60110000004352, ""K3_reranker"": 203.04039999996348, ""K8_weighted_ranking"": 1.3577000001987471, ""K3_candidate_filters"": 7.019799999852694, ""K9_advisory_consensus"": 0.008299999990413198, ""K4_nli_and_bypass_check"": 27.544500000203698, ""K5_decision"": 0.17419999994672253}",10
FACTURK-0329,DOĞRU,"[5153, 18953, 11309, 414, 3426, 30136, 6618, 1893, 17520, 23892, 29513, 17416, 5267, 18236, 3589, 20519, 11809, 18175, 12863, 29502]","[1.6314539607265033e-05, 0.0015854305820539594, 0.0001713081874186173, 1.6442494597868063e-05, 1.7640199075685814e-05, 0.0008135565440170467, 0.0016809417866170406, 0.0003225071995984763, 8.415108459303156e-05, 4.7206227463902906e-05, 2.3369333575828932e-05, 5.0644717703107744e-05, 0.0025016965810209513, 5.391084778239019e-05, 0.0003951153776142746, 0.0002131875662598759, 9.028038039105013e-05, 2.2125668692751788e-05, 1.6314539607265033e-05, 1.750292540236842e-05]","[0.0010395050048828125, 0.99853515625, 0.000579833984375]","[0.0010395050048828125, 0.99853515625, 0.000579833984375]",False,DOĞRU,ONAY,False,False,690.1871999998548,"{""K1_input_and_readiness"": 0.05729999998038693, ""K7_context"": 0.0015999999050109182, ""K1_normalization"": 0.011200000017197453, ""K6_advisory"": 35.55870000013783, ""K1_intent"": 0.038599999925281736, ""K2_retrieval"": 217.21969999998691, ""K3_reranker"": 402.7019999998629, ""K8_weighted_ranking"": 1.149800000121104, ""K3_candidate_filters"": 6.290000000035434, ""K9_advisory_consensus"": 0.007900000127847306, ""K4_nli_and_bypass_check"": 23.489100000006147, ""K5_decision"": 0.141299999995681}",18953
FACTURK-0330,YALAN,"[1893, 19626, 18953, 17416, 1513, 24924, 23892, 13456, 17520, 18236, 11809, 29162, 11309, 18988, 30126, 18175, 6618, 338, 5950, 6072]","[0.006217078305780888, 0.0063635739497840405, 0.013480102643370628, 0.00027372167096473277, 0.0017821963410824537, 0.002822832902893424, 0.0007885457598604262, 0.02784845046699047, 0.002934951800853014, 0.0022170129232108593, 0.013480102643370628, 0.000638679601252079, 0.0007041515782475471, 0.00079783343244344, 0.017576882615685463, 0.0002611903182696551, 0.003123648464679718, 0.0002780309587251395, 0.014392335899174213, 0.00010391067189630121]","[0.00012385845184326172, 1.0, 0.00011366605758666992]","[0.00012385845184326172, 1.0, 0.00011366605758666992]",False,YALAN,RED,False,False,948.3259999999518,"{""K1_input_and_readiness"": 0.04809999995813996, ""K7_context"": 0.0012000000424450263, ""K1_normalization"": 0.010300000212737359, ""K6_advisory"": 33.66879999998673, ""K1_intent"": 0.03599999990910874, ""K2_retrieval"": 226.20229999984076, ""K3_reranker"": 655.1796000001104, ""K8_weighted_ranking"": 1.0743999998794607, ""K3_candidate_filters"": 6.106300000055853, ""K9_advisory_consensus"": 0.006600000006073969, ""K4_nli_and_bypass_check"": 22.080899999991743, ""K5_decision"": 0.30579999997826235}",30126
FACTURK-0331,DOĞRU,"[1681, 24945, 10638, 18670, 18311, 16362, 12375, 7105, 17848, 20651, 12260, 15302, 12622, 4093, 27629, 27294, 7572, 27133, 30163, 15389]","[0.02178117074072361, 0.00020825010142289102, 0.07211220264434814, 0.0015916259726509452, 0.041852131485939026, 0.000638679601252079, 0.16981850564479828, 0.0005636750720441341, 0.00014313739666249603, 0.0002434604539303109, 0.022715754806995392, 1.6061610949691385e-05, 0.5909562706947327, 0.00035281325108371675, 0.00017813112935982645, 0.0007763299508951604, 4.298194107832387e-05, 1.6314539607265033e-05, 0.009596454910933971, 0.09334687888622284]","[0.00261688232421875, 0.032684326171875, 0.96484375]","[0.00261688232421875, 0.032684326171875, 0.96484375]",False,DOĞRU,ONAY,False,False,1876.5152999999373,"{""K1_input_and_readiness"": 0.05570000007537601, ""K7_context"": 0.001199999815071351, ""K1_normalization"": 0.009100000170292333, ""K6_advisory"": 37.062800000057905, ""K1_intent"": 0.03619999984039168, ""K2_retrieval"": 197.17149999996764, ""K3_reranker"": 882.4964000000364, ""K8_weighted_ranking"": 1.4132999999674212, ""K3_candidate_filters"": 7.001199999876917, ""K9_advisory_consensus"": 0.006799999937356915, ""K4_nli_and_bypass_check"": 383.71940000001814, ""K5_decision"": 363.1996999999956}",15389
FACTURK-0332,YALAN,"[30229, 25967, 9269, 7970, 8599, 5787, 20168, 13340, 20941, 15188, 18249, 2158, 14227, 8125, 10681, 668, 9822, 2110, 8325, 27472]","[2.566613329690881e-05, 0.0009075025445781648, 3.4537253668531775e-05, 0.005220125429332256, 1.67014204635052e-05, 0.0009927261853590608, 5.391084778239019e-05, 8.957788668340072e-05, 0.00016346470511052758, 0.0011649561347439885, 0.0002824080875143409, 7.031184941297397e-05, 1.67014204635052e-05, 0.0002234163403045386, 0.006615392863750458, 5.738759500673041e-05, 1.7366719475830905e-05, 0.00011774459562730044, 0.0005725466180592775, 0.0026522595435380936]","[0.0195770263671875, 0.97900390625, 0.0015878677368164062]","[0.0195770263671875, 0.97900390625, 0.0015878677368164062]",False,YETERSİZ VERİ,RET,True,False,1290.090100000043,"{""K1_input_and_readiness"": 0.055900000006658956, ""K7_context"": 0.001500000053056283, ""K1_normalization"": 0.009300000101575279, ""K6_advisory"": 35.23810000001504, ""K1_intent"": 0.03290000017841521, ""K2_retrieval"": 213.37039999980334, ""K3_reranker"": 438.22210000007544, ""K8_weighted_ranking"": 1.6502999999374879, ""K3_candidate_filters"": 9.16319999987536, ""K9_advisory_consensus"": 0.00959999988481286, ""K4_nli_and_bypass_check"": 339.51150000007146, ""K5_decision"": 248.9304999999149}",5787
FACTURK-0333,YALAN,"[24866, 8860, 10194, 24106, 17990, 29116, 4464, 13407, 10566, 1275, 13598, 15160, 9918, 24171, 7299, 27567, 28026, 2214, 10887, 25825]","[0.01815951056778431, 0.00011866796558024362, 0.0007613258203491569, 0.0002269338583573699, 0.0015669887652620673, 0.010735162533819675, 0.001495338510721922, 2.7969301299890503e-05, 0.011331753805279732, 4.575391358230263e-05, 0.004264635033905506, 0.12199922651052475, 1.6061610949691385e-05, 1.67014204635052e-05, 2.526822754589375e-05, 2.818866414600052e-05, 0.008644177578389645, 0.0014048678567633033, 0.00019716942915692925, 0.015130727551877499]","[0.2056884765625, 0.78369140625, 0.01045989990234375]","[0.2056884765625, 0.78369140625, 0.01045989990234375]",False,YALAN,UYARI,False,False,2650.494799999933,"{""K1_input_and_readiness"": 0.07310000000870787, ""K7_context"": 0.001500000053056283, ""K1_normalization"": 0.010000000202126103, ""K6_advisory"": 35.75470000009773, ""K1_intent"": 0.04169999988334894, ""K2_retrieval"": 218.6068000000887, ""K3_reranker"": 1723.4706000001552, ""K8_weighted_ranking"": 1.2575000000651926, ""K3_candidate_filters"": 6.1802000000170665, ""K9_advisory_consensus"": 0.007500000037907739, ""K4_nli_and_bypass_check"": 345.9336999999323, ""K5_decision"": 303.19089999989046}",15160
FACTURK-0334,DOĞRU,"[19685, 9321, 7904, 23856, 15826, 28084, 24694, 5498, 20607, 3994, 6437, 29017, 684, 3213, 19330, 891, 10877, 18368, 13179, 10573]","[0.9949788451194763, 1.6187581422855146e-05, 0.005220125429332256, 1.6314539607265033e-05, 0.00025118677876889706, 1.6187581422855146e-05, 2.318747829122003e-05, 0.00018961740715894848, 1.6061610949691385e-05, 1.6187581422855146e-05, 2.3007036361377686e-05, 0.005980330519378185, 6.402006692951545e-05, 0.0009850083151832223, 5.144220995134674e-05, 0.006666931323707104, 0.00010391067189630121, 3.508111694827676e-05, 0.00014883848780300468, 0.0001387341326335445]","[0.9970703125, 0.0022449493408203125, 0.0005130767822265625]","[0.9970703125, 0.0022449493408203125, 0.0005130767822265625]",False,DOĞRU,ONAY,False,False,939.7476999999981,"{""K1_input_and_readiness"": 0.04910000006930204, ""K7_context"": 0.0016999999843392288, ""K1_normalization"": 0.00760000011723605, ""K6_advisory"": 34.788199999866265, ""K1_intent"": 0.030599999945479794, ""K2_retrieval"": 188.51889999996274, ""K3_reranker"": 423.02089999998316, ""K8_weighted_ranking"": 1.5859000000091328, ""K3_candidate_filters"": 7.97099999999773, ""K9_advisory_consensus"": 0.008299999990413198, ""K4_nli_and_bypass_check"": 166.39549999990777, ""K5_decision"": 114.0239000001202}",19685
FACTURK-0335,YALAN,"[7796, 1266, 26900, 2229, 28117, 12967, 4372, 12096, 22812, 11409, 612, 10708, 24615, 24142, 27043, 23324, 286, 17132, 19698, 23359]","[0.014785407111048698, 0.0004821761976927519, 0.0002824080875143409, 2.526822754589375e-05, 0.004022909794002771, 0.007815888151526451, 0.00017536994710098952, 3.219233258278109e-05, 0.6721165180206299, 0.0002611903182696551, 0.2276410013437271, 0.00013658353418577462, 0.0005053045460954309, 5.9673518990166485e-05, 4.298194107832387e-05, 4.231559796608053e-05, 0.007725534029304981, 0.2440025359392166, 0.0024822766426950693, 0.00013552077871281654]","[0.043304443359375, 0.40576171875, 0.55078125]","[0.043304443359375, 0.40576171875, 0.55078125]",False,YETERSİZ VERİ,KISMI,True,False,998.5896000000594,"{""K1_input_and_readiness"": 1.117399999884583, ""K7_context"": 0.0019999999949504854, ""K1_normalization"": 0.02289999997628911, ""K6_advisory"": 33.09629999989738, ""K1_intent"": 0.05970000006527698, ""K2_retrieval"": 272.6655000001301, ""K3_reranker"": 639.6885000001475, ""K8_weighted_ranking"": 1.4040999999451742, ""K3_candidate_filters"": 7.21190000012939, ""K9_advisory_consensus"": 0.007899999900473631, ""K4_nli_and_bypass_check"": 39.706999999907566, ""K5_decision"": 0.32599999985905015}",612
FACTURK-0336,DOĞRU,"[26371, 12974, 16695, 13512, 1970, 15386, 22626, 9507, 11555, 27942, 3213, 28493, 27262, 4827, 20937, 29892, 24455, 8034, 6841, 5942]","[0.0006512682302854955, 0.009340023621916771, 0.0020667945500463247, 2.265035072923638e-05, 0.004101929254829884, 5.0644717703107744e-05, 0.00025315635139122605, 0.00011682839976856485, 2.2125668692751788e-05, 0.0012065897462889552, 0.001483718864619732, 6.922183820279315e-05, 2.7751651941798627e-05, 0.00020988310279790312, 0.01764446496963501, 0.000317508791340515, 0.00024536947603337467, 0.0001500056532677263, 0.0003611769643612206, 0.0029810327105224133]","[0.010894775390625, 0.97705078125, 0.01221466064453125]","[0.010894775390625, 0.97705078125, 0.01221466064453125]",False,YALAN,UYARI,False,False,989.7797000000992,"{""K1_input_and_readiness"": 0.04489999992074445, ""K7_context"": 0.0015999999050109182, ""K1_normalization"": 0.007999999979801942, ""K6_advisory"": 36.462699999901815, ""K1_intent"": 0.034499999856052455, ""K2_retrieval"": 204.46919999994861, ""K3_reranker"": 684.026700000004, ""K8_weighted_ranking"": 1.4533000000938046, ""K3_candidate_filters"": 7.4230999998690095, ""K9_advisory_consensus"": 0.008299999990413198, ""K4_nli_and_bypass_check"": 38.834000000179, ""K5_decision"": 0.24069999994935642}",29892
FACTURK-0337,YALAN,"[14578, 14516, 12212, 28161, 11217, 28207, 8368, 19726, 16230, 4788, 8599, 13731, 27764, 22471, 1170, 9491, 7917, 27543, 19984, 7407]","[0.9965969920158386, 0.9785903096199036, 0.003635808825492859, 0.0037507887464016676, 0.10989668220281601, 0.0017752605490386486, 0.0007041515782475471, 0.023419944569468498, 0.0006462032906711102, 0.003809630172327161, 0.001383117400109768, 0.0015487611526623368, 0.0016549242427572608, 0.00046917638974264264, 0.48418188095092773, 0.0010608151787891984, 0.010448625311255455, 0.002746900776401162, 0.00037263770354911685, 0.0003514382697176188]",null,"[1.0, 0.0, 0.0]",True,YALAN,UYARI,False,False,572.2826000001078,"{""K1_input_and_readiness"": 0.04179999996267725, ""K7_context"": 0.001500000053056283, ""K1_normalization"": 0.00670000008540228, ""K6_advisory"": 35.00619999999799, ""K1_intent"": 0.04949999993186793, ""K2_retrieval"": 203.26420000014878, ""K3_reranker"": 323.0779000000439, ""K8_weighted_ranking"": 1.0905999999977212, ""K3_candidate_filters"": 5.959300000085932, ""K9_advisory_consensus"": 0.007199999799922807, ""K4_nli_and_bypass_check"": 0.25600000003578316, ""K5_decision"": 0.28090000000702275}",14578
FACTURK-0338,YALAN,"[8347, 15787, 9150, 23508, 1701, 15473, 25598, 19258, 29445, 11479, 28404, 23576, 26662, 487, 25225, 27894, 23826, 17721, 8685, 24184]","[0.20386597514152527, 0.0009927261853590608, 0.007846239022910595, 0.005040702875703573, 0.08882029354572296, 1.922317096614279e-05, 0.00018093574908562005, 0.003510648850351572, 1.6442494597868063e-05, 0.0003366621967870742, 2.265035072923638e-05, 0.007665874902158976, 1.922317096614279e-05, 0.0003406293108128011, 0.0002959570847451687, 0.00026323829661123455, 0.00043904531048610806, 0.00978387612849474, 0.026506125926971436, 0.0005172813544049859]","[0.0008931159973144531, 0.0701904296875, 0.9287109375]","[0.0008931159973144531, 0.0701904296875, 0.9287109375]",False,DOĞRU,ONAY,False,False,1496.4245999999548,"{""K1_input_and_readiness"": 0.05069999997431296, ""K7_context"": 0.0012999998943996616, ""K1_normalization"": 0.009000000090964022, ""K6_advisory"": 36.77210000000741, ""K1_intent"": 0.03499999979794666, ""K2_retrieval"": 201.6238000001067, ""K3_reranker"": 1215.0609000000259, ""K8_weighted_ranking"": 1.4557000001786946, ""K3_candidate_filters"": 7.938100000046688, ""K9_advisory_consensus"": 0.008800000159681076, ""K4_nli_and_bypass_check"": 29.52699999991637, ""K5_decision"": 0.33539999981258006}",8347
FACTURK-0339,DOĞRU,"[26958, 29632, 635, 14027, 22738, 21400, 19561, 22854, 23512, 5267, 17711, 23344, 3971, 25515, 25041, 21165, 24849, 28795, 6743, 20867]","[0.011201213113963604, 3.0479141059913673e-05, 0.059866417199373245, 0.0017342078499495983, 0.016914913430809975, 0.0018748616566881537, 0.0006986756343394518, 0.0004205874283798039, 0.00011591933434829116, 0.020567094907164574, 0.0014437558129429817, 0.00025514140725135803, 0.0020111582707613707, 0.0040543340146541595, 0.00010229986219201237, 0.00043055712012574077, 0.0009217804181389511, 0.0026522595435380936, 0.08882029354572296, 0.07211220264434814]","[0.0002033710479736328, 0.99951171875, 0.00016701221466064453]","[0.0002033710479736328, 0.99951171875, 0.00016701221466064453]",False,YALAN,UYARI,False,False,2807.3259000000235,"{""K1_input_and_readiness"": 0.09939999995367543, ""K7_context"": 0.0013999999737279722, ""K1_normalization"": 0.014299999975264654, ""K6_advisory"": 34.35360000003129, ""K1_intent"": 0.06180000013955578, ""K2_retrieval"": 254.75249999999505, ""K3_reranker"": 1002.7169999998478, ""K8_weighted_ranking"": 1.3007000000015978, ""K3_candidate_filters"": 6.7255999999815685, ""K9_advisory_consensus"": 0.0073999999585794285, ""K4_nli_and_bypass_check"": 777.912600000036, ""K5_decision"": 726.0418999999274}",635
FACTURK-0340,YALAN,"[6352, 12551, 23686, 8990, 11498, 14909, 20929, 20460, 7324, 23842, 6286, 10518, 20927, 3915, 5962, 27977, 16866, 22428, 28109, 13705]","[0.0015916259726509452, 0.00851130299270153, 0.001085944357328117, 0.3361131250858307, 0.00010472556459717453, 0.02364434115588665, 0.0002780309587251395, 0.008711384609341621, 1.6187581422855146e-05, 0.0005636750720441341, 0.24166831374168396, 0.0005072812782600522, 0.0007208379684016109, 0.0006771942134946585, 0.00854433048516512, 1.593661909282673e-05, 5.605828482657671e-05, 1.6314539607265033e-05, 1.6061610949691385e-05, 0.018264278769493103]","[0.00034999847412109375, 0.99951171875, 0.00019860267639160156]","[0.00034999847412109375, 0.99951171875, 0.00019860267639160156]",False,YETERSİZ VERİ,RET,True,False,1582.7882000000955,"{""K1_input_and_readiness"": 0.0446999999894615, ""K7_context"": 0.0012999998943996616, ""K1_normalization"": 0.007999999979801942, ""K6_advisory"": 34.89629999990029, ""K1_intent"": 0.039299999798458884, ""K2_retrieval"": 195.97369999996772, ""K3_reranker"": 884.7126000000571, ""K8_weighted_ranking"": 1.2345000000095752, ""K3_candidate_filters"": 6.66119999982584, ""K9_advisory_consensus"": 0.008199999911084888, ""K4_nli_and_bypass_check"": 241.69879999999466, ""K5_decision"": 213.80169999997634}",8990
FACTURK-0341,DOĞRU,"[6564, 15078, 14378, 28760, 5384, 25331, 22050, 6683, 15134, 25597, 16567, 2959, 495, 19125, 16728, 8152, 27711, 23556, 16612, 28901]","[3.8229114579735324e-05, 1.8200149497715756e-05, 0.00043224150431342423, 0.0005636750720441341, 0.005080036818981171, 1.6187581422855146e-05, 0.029145970940589905, 0.06255973130464554, 0.00013135180051904172, 6.014152313582599e-05, 0.0020111582707613707, 0.002140589291229844, 0.03494669869542122, 1.9073577277595177e-05, 2.4682904040673748e-05, 1.6442494597868063e-05, 0.0011695103021338582, 2.318747829122003e-05, 4.683888619183563e-05, 1.6061610949691385e-05]","[0.0343017578125, 0.8564453125, 0.10919189453125]","[0.0343017578125, 0.8564453125, 0.10919189453125]",False,DOĞRU,ONAY,False,False,1051.177300000063,"{""K1_input_and_readiness"": 0.06039999993845413, ""K7_context"": 0.0016000001323845936, ""K1_normalization"": 0.010700000075303251, ""K6_advisory"": 37.00909999997748, ""K1_intent"": 0.038599999925281736, ""K2_retrieval"": 204.2186999999558, ""K3_reranker"": 281.7847999999685, ""K8_weighted_ranking"": 1.1245000000599248, ""K3_candidate_filters"": 5.916500000012093, ""K9_advisory_consensus"": 0.006299999995462713, ""K4_nli_and_bypass_check"": 282.6178999998774, ""K5_decision"": 234.73630000012236}",2959
FACTURK-0342,YALAN,"[19999, 12395, 9141, 13938, 25883, 2823, 6269, 22301, 28998, 5011, 25375, 8265, 11624, 5498, 891, 8374, 8236, 684, 29723, 15955]","[0.8781053423881531, 0.10762491822242737, 0.0003569706459529698, 7.722192094661295e-05, 0.0005484792054630816, 1.7097478121286258e-05, 1.6442494597868063e-05, 0.0003500686143524945, 0.00015236754552461207, 0.003635808825492859, 2.93115390377352e-05, 0.00024536947603337467, 1.6314539607265033e-05, 0.00011235327838221565, 0.0002234163403045386, 4.101373633602634e-05, 0.002074867021292448, 0.00040765260928310454, 0.0006411777576431632, 2.7969301299890503e-05]","[0.0014638900756835938, 0.0132904052734375, 0.9853515625]","[0.0014638900756835938, 0.0132904052734375, 0.9853515625]",False,DOĞRU,ONAY,False,False,1608.1652999998823,"{""K1_input_and_readiness"": 0.05260000011730881, ""K7_context"": 0.0017000002117129043, ""K1_normalization"": 0.008400000069741509, ""K6_advisory"": 34.49769999997443, ""K1_intent"": 0.032799999871713226, ""K2_retrieval"": 224.06890000002022, ""K3_reranker"": 935.0712000000385, ""K8_weighted_ranking"": 1.3223999999354419, ""K3_candidate_filters"": 6.831900000179303, ""K9_advisory_consensus"": 0.008100000059130252, ""K4_nli_and_bypass_check"": 245.98229999992327, ""K5_decision"": 157.1627000000717}",19999
FACTURK-0343,YALAN,"[13036, 13084, 8778, 12611, 19072, 20025, 7867, 8819, 9130, 24475, 8892, 16824, 6084, 30194, 608, 16935, 3318, 6270, 16169, 22454]","[0.17286890745162964, 8.415108459303156e-05, 0.060640547424554825, 0.2041831612586975, 0.0010122860549017787, 0.005119676236063242, 0.1489114761352539, 3.4537253668531775e-05, 0.0001686527393758297, 0.10105590522289276, 0.006615392863750458, 1.6187581422855146e-05, 0.001674399245530367, 0.0006214630557224154, 0.0035243413876742125, 0.5390439033508301, 0.01805533468723297, 0.003991728648543358, 0.7229183912277222, 0.009633651934564114]","[0.607421875, 0.0318603515625, 0.360595703125]","[0.607421875, 0.0318603515625, 0.360595703125]",False,YALAN,UYARI,False,False,1515.113700000029,"{""K1_input_and_readiness"": 0.05409999994299142, ""K7_context"": 0.0013999999737279722, ""K1_normalization"": 0.010100000054080738, ""K6_advisory"": 34.36179999994238, ""K1_intent"": 0.033699999903546995, ""K2_retrieval"": 233.89589999987948, ""K3_reranker"": 625.2908000001298, ""K8_weighted_ranking"": 1.2922999999318563, ""K3_candidate_filters"": 7.085300000198913, ""K9_advisory_consensus"": 0.007800000048518996, ""K4_nli_and_bypass_check"": 332.77399999997215, ""K5_decision"": 276.4388999999028}",16169
FACTURK-0344,DOĞRU,"[21953, 24245, 25721, 9565, 18787, 30295, 4425, 7708, 2561, 22341, 14770, 16603, 29355, 29054, 22776, 9045, 18563, 8513, 3861, 17916]","[0.9997507929801941, 0.017917344346642494, 0.030444350093603134, 0.023153411224484444, 0.020527787506580353, 0.027066174894571304, 0.0019570167642086744, 0.0005658799782395363, 0.0009075025445781648, 0.002736221067607403, 0.03079216741025448, 3.1201914680423215e-05, 1.6061610949691385e-05, 0.004538431763648987, 1.6061610949691385e-05, 1.6061610949691385e-05, 1.6187581422855146e-05, 1.6964426322374493e-05, 1.6187581422855146e-05, 0.010288300924003124]","[0.994140625, 0.0035648345947265625, 0.0021457672119140625]","[0.994140625, 0.0035648345947265625, 0.0021457672119140625]",False,YALAN,RED,False,False,2278.8980000000265,"{""K1_input_and_readiness"": 0.06540000003951718, ""K7_context"": 0.001500000053056283, ""K1_normalization"": 0.011299999869152089, ""K6_advisory"": 35.09299999996074, ""K1_intent"": 0.04170000011072261, ""K2_retrieval"": 249.3576000001667, ""K3_reranker"": 1802.8176000000258, ""K8_weighted_ranking"": 1.3537999998334271, ""K3_candidate_filters"": 7.001000000173008, ""K9_advisory_consensus"": 0.007200000027296483, ""K4_nli_and_bypass_check"": 100.20770000005541, ""K5_decision"": 65.03840000004857}",21953
FACTURK-0345,DOĞRU,"[16807, 16665, 25295, 4659, 17170, 11250, 18508, 4710, 9421, 27949, 28848, 9150, 2219, 3486, 2623, 888, 14631, 23026, 20911, 25840]","[0.2091464400291443, 0.000638679601252079, 0.01815951056778431, 7.9673009167891e-05, 5.783766391687095e-05, 0.0006693099858239293, 0.0005316132446750998, 0.1678997427225113, 0.004538431763648987, 0.004867417272180319, 0.00016346470511052758, 0.5874698758125305, 5.920916373725049e-05, 0.008412977680563927, 0.0008727670647203922, 0.00021654405281879008, 0.6256668567657471, 0.001512938179075718, 0.0014607495395466685, 0.019681409001350403]","[0.0007495880126953125, 0.99560546875, 0.003818511962890625]","[0.0007495880126953125, 0.99560546875, 0.003818511962890625]",False,DOĞRU,ONAY,False,False,2382.9789999999775,"{""K1_input_and_readiness"": 0.06529999996018887, ""K7_context"": 0.0014000002011016477, ""K1_normalization"": 0.011800000038419967, ""K6_advisory"": 33.549099999845566, ""K1_intent"": 0.04549999994196696, ""K2_retrieval"": 235.20950000010998, ""K3_reranker"": 741.2171000000853, ""K8_weighted_ranking"": 1.2225000000398722, ""K3_candidate_filters"": 6.3046999998732645, ""K9_advisory_consensus"": 0.007800000048518996, ""K4_nli_and_bypass_check"": 707.7357000000575, ""K5_decision"": 654.331799999909}",9150
FACTURK-0346,YALAN,"[3246, 11555, 17883, 4225, 3327, 29557, 21071, 10557, 6376, 9796, 19808, 12522, 2036, 2652, 10692, 14805, 13160, 27480, 24529, 2683]","[0.9698426127433777, 0.004451041109859943, 0.0016549242427572608, 0.000682501879055053, 7.602479308843613e-05, 3.734356869244948e-05, 0.0024343819823116064, 0.0001740054285619408, 0.0005953406798653305, 1.6061610949691385e-05, 0.004943688865751028, 1.8631746570463292e-05, 2.0785171727766283e-05, 5.225226777838543e-05, 0.0021074723917990923, 0.003664220217615366, 1.6314539607265033e-05, 0.0001387341326335445, 1.67014204635052e-05, 1.67014204635052e-05]",null,"[1.0, 0.0, 0.0]",True,YALAN,UYARI,False,False,1150.4079000001184,"{""K1_input_and_readiness"": 0.05459999988488562, ""K7_context"": 0.001300000121773337, ""K1_normalization"": 0.01049999991664663, ""K6_advisory"": 33.53830000014568, ""K1_intent"": 0.03209999999853608, ""K2_retrieval"": 239.64209999985542, ""K3_reranker"": 865.75310000012, ""K8_weighted_ranking"": 1.1193000000275788, ""K3_candidate_filters"": 6.1828000000332395, ""K9_advisory_consensus"": 0.01240000005964248, ""K4_nli_and_bypass_check"": 0.29660000018338906, ""K5_decision"": 0.34989999994650134}",3246
FACTURK-0347,DOĞRU,"[4119, 11919, 3399, 635, 11549, 1480, 23709, 3213, 26851, 11069, 25537, 19933, 24621, 8602, 25178, 25228, 12217, 28344, 30100, 14012]","[1.9373936083866283e-05, 3.095910506090149e-05, 0.001622967072762549, 0.002934951800853014, 0.00041731575038284063, 0.0012448433553799987, 1.6187581422855146e-05, 0.0004728544445242733, 0.002736221067607403, 0.00025315635139122605, 0.000159678646014072, 1.6442494597868063e-05, 0.00012053649697918445, 0.0019192374311387539, 7.543320680269971e-05, 1.967902426258661e-05, 8.284655632451177e-05, 6.60521473037079e-05, 4.1335399146191776e-05, 9.461262379772961e-05]","[0.002166748046875, 0.990234375, 0.00753021240234375]","[0.002166748046875, 0.990234375, 0.00753021240234375]",False,YALAN,UYARI,False,False,1324.4262999999137,"{""K1_input_and_readiness"": 0.0700999999025953, ""K7_context"": 0.0020999998469051206, ""K1_normalization"": 0.012599999990925426, ""K6_advisory"": 36.64950000006684, ""K1_intent"": 0.05030000011174707, ""K2_retrieval"": 261.9242000000668, ""K3_reranker"": 968.5979000000771, ""K8_weighted_ranking"": 1.473199999963981, ""K3_candidate_filters"": 7.7742000000853295, ""K9_advisory_consensus"": 0.007800000048518996, ""K4_nli_and_bypass_check"": 43.279499999925974, ""K5_decision"": 0.191800000038711}",635
FACTURK-0348,DOĞRU,"[9120, 10072, 17587, 24955, 25000, 24615, 13246, 5316, 296, 22337, 17195, 2273, 17571, 28959, 935, 17984, 7423, 28640, 5087, 14597]","[0.004038591403514147, 6.657015910604969e-05, 0.01901443488895893, 2.0785171727766283e-05, 0.00021485926117748022, 2.4876489987946115e-05, 2.318747829122003e-05, 0.0005152657395228744, 3.071818719035946e-05, 7.843789353501052e-05, 3.535625000949949e-05, 0.0005506247980520129, 0.0012255674228072166, 3.975192521465942e-05, 3.7931622500764206e-05, 0.0360160693526268, 0.01678548939526081, 0.012673736549913883, 0.004485794343054295, 0.0003654328465927392]","[0.0031223297119140625, 0.99560546875, 0.0012388229370117188]","[0.0031223297119140625, 0.99560546875, 0.0012388229370117188]",False,YALAN,UYARI,False,False,2476.989000000003,"{""K1_input_and_readiness"": 0.05790000000160944, ""K7_context"": 0.0012999998943996616, ""K1_normalization"": 0.011299999869152089, ""K6_advisory"": 34.98770000010154, ""K1_intent"": 0.0608000000283937, ""K2_retrieval"": 236.579600000141, ""K3_reranker"": 669.8197999999138, ""K8_weighted_ranking"": 1.1731000001873326, ""K3_candidate_filters"": 6.212799999957497, ""K9_advisory_consensus"": 0.007500000037907739, ""K4_nli_and_bypass_check"": 738.612699999976, ""K5_decision"": 786.0349999998562}",17984
FACTURK-0349,DOĞRU,"[4517, 25291, 22493, 9965, 13292, 6585, 7560, 5536, 20604, 29908, 14370, 19743, 18426, 13388, 17491, 25505, 2860, 26044, 4293, 5362]","[0.18403315544128418, 0.01609087362885475, 0.003350423648953438, 0.008813166059553623, 0.04107588902115822, 0.022457052022218704, 0.022586042061448097, 0.0768222063779831, 0.04054073989391327, 0.002463006880134344, 9.17019642656669e-05, 0.0005592909292317927, 0.009055263362824917, 0.031439851969480515, 0.010328153148293495, 5.02506154589355e-05, 0.0017007222631946206, 0.008813166059553623, 0.011029469780623913, 0.0018102108733728528]","[0.007556915283203125, 0.8720703125, 0.12060546875]","[0.007556915283203125, 0.8720703125, 0.12060546875]",False,YALAN,RED,False,False,1981.7302000001291,"{""K1_input_and_readiness"": 0.06979999989198404, ""K7_context"": 0.0015999999050109182, ""K1_normalization"": 0.012199999900985858, ""K6_advisory"": 34.54620000002251, ""K1_intent"": 0.04089999993084348, ""K2_retrieval"": 226.30230000004303, ""K3_reranker"": 866.3140000001022, ""K8_weighted_ranking"": 1.392199999827426, ""K3_candidate_filters"": 7.443600000215156, ""K9_advisory_consensus"": 0.007699999969190685, ""K4_nli_and_bypass_check"": 417.6480000000993, ""K5_decision"": 423.852700000225}",6585
FACTURK-0350,DOĞRU,"[15473, 26662, 28404, 5168, 9169, 23372, 1497, 1782, 8213, 24842, 23087, 1970, 26315, 19156, 1769, 11546, 10164, 29518, 3312, 25537]","[0.001299427472986281, 0.003765413537621498, 0.00034196203341707587, 0.0006905414629727602, 0.0006000071880407631, 0.0020507434383034706, 0.0005053045460954309, 0.010368157178163528, 0.002453428227454424, 1.683241134742275e-05, 1.67014204635052e-05, 0.009303949773311615, 0.00821969285607338, 0.0041179172694683075, 0.007876706309616566, 1.9833367332466878e-05, 0.0005792917218059301, 4.575391358230263e-05, 0.0011695103021338582, 0.010169658809900284]","[0.043731689453125, 0.92431640625, 0.03192138671875]","[0.043731689453125, 0.92431640625, 0.03192138671875]",False,DOĞRU,ONAY,False,False,1727.7344999999968,"{""K1_input_and_readiness"": 0.05639999994855316, ""K7_context"": 0.0018999999156221747, ""K1_normalization"": 0.010900000006586197, ""K6_advisory"": 34.231199999794626, ""K1_intent"": 0.054399999953602673, ""K2_retrieval"": 220.5599000001257, ""K3_reranker"": 660.4421000001821, ""K8_weighted_ranking"": 1.1958000000049651, ""K3_candidate_filters"": 6.240599999955521, ""K9_advisory_consensus"": 0.007200000027296483, ""K4_nli_and_bypass_check"": 420.22910000014235, ""K5_decision"": 381.44999999985885}",5168
FACTURK-0351,YALAN,"[28305, 22821, 13420, 9068, 2148, 7278, 1127, 10111, 26312, 27889, 6205, 19128, 17132, 12173, 29565, 8717, 26267, 6437, 27848, 15807]","[0.9919067621231079, 0.18213440477848053, 0.0013670255430042744, 0.0027791904285550117, 0.0002396868512732908, 4.469407213036902e-05, 0.000192602863535285, 0.000539980421308428, 2.6480842279852368e-05, 0.0005930210463702679, 0.00036829791497439146, 1.6314539607265033e-05, 0.0017073675990104675, 0.008916126564145088, 1.8342892872169614e-05, 0.000159678646014072, 0.0015792594058439136, 3.975192521465942e-05, 3.144662332488224e-05, 1.67014204635052e-05]","[0.0168304443359375, 0.0117340087890625, 0.97119140625]","[0.0168304443359375, 0.0117340087890625, 0.97119140625]",False,DOĞRU,ONAY,False,False,1169.7957999999744,"{""K1_input_and_readiness"": 0.057700000070326496, ""K7_context"": 0.001500000053056283, ""K1_normalization"": 0.009999999974752427, ""K6_advisory"": 35.93980000005104, ""K1_intent"": 0.041999999893960194, ""K2_retrieval"": 197.48409999988326, ""K3_reranker"": 680.9011000000282, ""K8_weighted_ranking"": 1.2904000000162341, ""K3_candidate_filters"": 6.714299999885043, ""K9_advisory_consensus"": 0.007299999879251118, ""K4_nli_and_bypass_check"": 144.07009999990805, ""K5_decision"": 99.96460000002116}",28305
FACTURK-0352,DOĞRU,"[15423, 7912, 25815, 7529, 1083, 16400, 10870, 27441, 3233, 16090, 25875, 27251, 19808, 23656, 21894, 645, 11989, 13098, 18661, 8390]","[0.9999493360519409, 0.05877655744552612, 0.021739594638347626, 0.4433594048023224, 0.12421301752328873, 0.1788124442100525, 0.000638679601252079, 0.9003546833992004, 0.00026530236937105656, 0.23651622235774994, 0.0009399438858963549, 0.0026730059180408716, 0.0009075025445781648, 0.000638679601252079, 0.26798248291015625, 0.010328153148293495, 0.014899643138051033, 0.02753293886780739, 0.03825005888938904, 0.0029464049730449915]","[0.99951171875, 0.0001932382583618164, 0.0003287792205810547]","[0.99951171875, 0.0001932382583618164, 0.0003287792205810547]",False,DOĞRU,ONAY,False,False,1167.4061999999594,"{""K1_input_and_readiness"": 0.05220000002736924, ""K7_context"": 0.0016999999843392288, ""K1_normalization"": 0.008499999921696144, ""K6_advisory"": 34.34259999994538, ""K1_intent"": 0.037300000030882074, ""K2_retrieval"": 206.81839999997464, ""K3_reranker"": 668.8696000001073, ""K8_weighted_ranking"": 1.226200000019162, ""K3_candidate_filters"": 6.528300000127274, ""K9_advisory_consensus"": 0.006900000016685226, ""K4_nli_and_bypass_check"": 136.04260000010981, ""K5_decision"": 110.12110000001485}",15423
FACTURK-0353,YALAN,"[10374, 5232, 29899, 10666, 523, 6099, 17087, 12123, 15499, 18579, 10845, 16781, 25421, 28293, 3756, 16753, 6601, 13890, 5632, 2580]","[0.42054012417793274, 1.7231572201126255e-05, 0.0008328334079124033, 0.17624586820602417, 0.0003150386910419911, 0.002757622394710779, 0.0007014083093963563, 2.93115390377352e-05, 0.0005680934991687536, 0.0022606407292187214, 1.6442494597868063e-05, 0.00016474656877107918, 0.0003406293108128011, 2.411113746347837e-05, 1.7231572201126255e-05, 0.000491681566927582, 1.6187581422855146e-05, 1.6187581422855146e-05, 0.001995538594201207, 0.02898062951862812]","[0.0132293701171875, 0.62255859375, 0.364013671875]","[0.0132293701171875, 0.62255859375, 0.364013671875]",False,YALAN,RED,False,False,4382.908300000054,"{""K1_input_and_readiness"": 0.0770000001466542, ""K7_context"": 0.0014999998256826075, ""K1_normalization"": 0.014899999996487168, ""K6_advisory"": 33.431800000016665, ""K1_intent"": 0.04740000008496281, ""K2_retrieval"": 293.335099999922, ""K3_reranker"": 900.6552000000738, ""K8_weighted_ranking"": 1.469599999836646, ""K3_candidate_filters"": 7.646499999964362, ""K9_advisory_consensus"": 0.007599999889862374, ""K4_nli_and_bypass_check"": 1564.438599999903, ""K5_decision"": 1577.3644000000786}",18579
FACTURK-0354,DOĞRU,"[18270, 4442, 27681, 11295, 5800, 24154, 22932, 7930, 28105, 1822, 19683, 4134, 15755, 2117, 10366, 20490, 25289, 20046, 13068, 20227]","[0.9958499670028687, 0.00026738259475678205, 0.002757622394710779, 1.6061610949691385e-05, 0.00019871552649419755, 1.6187581422855146e-05, 2.977311669383198e-05, 3.144662332488224e-05, 0.0009217804181389511, 1.9988918211311102e-05, 0.00043563017970882356, 0.001314724562689662, 3.0479141059913673e-05, 1.6187581422855146e-05, 1.6061610949691385e-05, 1.657145367062185e-05, 0.004773722495883703, 0.00046010586083866656, 1.6061610949691385e-05, 0.0008626077906228602]","[0.9990234375, 0.0005788803100585938, 0.0004379749298095703]","[0.9990234375, 0.0005788803100585938, 0.0004379749298095703]",False,DOĞRU,ONAY,False,False,1488.4881999998925,"{""K1_input_and_readiness"": 0.08350000007339986, ""K7_context"": 0.0016999999843392288, ""K1_normalization"": 0.014400000054592965, ""K6_advisory"": 37.251799999921786, ""K1_intent"": 0.05050000004303001, ""K2_retrieval"": 222.4538999998913, ""K3_reranker"": 949.3509999999787, ""K8_weighted_ranking"": 1.443899999912901, ""K3_candidate_filters"": 7.330500000080065, ""K9_advisory_consensus"": 0.007800000048518996, ""K4_nli_and_bypass_check"": 153.5361000001103, ""K5_decision"": 113.2698999999775}",18270
FACTURK-0355,DOĞRU,"[20610, 326, 16137, 2020, 22756, 29027, 19078, 12693, 28909, 18679, 16125, 11990, 11489, 18729, 21050, 19466, 3845, 20534, 16340, 18958]","[0.03521113470196724, 0.0007824140484444797, 2.6070309104397893e-05, 0.0014779430348426104, 0.013171950355172157, 2.2125668692751788e-05, 0.3621792793273926, 0.003172682598233223, 7.484622619813308e-05, 2.8409744118107483e-05, 1.6442494597868063e-05, 0.0001387341326335445, 2.449082603561692e-05, 0.011029469780623913, 0.005119676236063242, 0.0034834241960197687, 8.349628478754312e-05, 5.3075080359121785e-05, 3.4808123018592596e-05, 0.0017342078499495983]","[0.0018854141235351562, 0.99755859375, 0.0004012584686279297]","[0.0018854141235351562, 0.99755859375, 0.0004012584686279297]",False,DOĞRU,ONAY,False,False,994.8165000000699,"{""K1_input_and_readiness"": 0.07159999995565158, ""K7_context"": 0.0014000002011016477, ""K1_normalization"": 0.012100000049031223, ""K6_advisory"": 34.09779999992679, ""K1_intent"": 0.04139999987273768, ""K2_retrieval"": 264.10699999996723, ""K3_reranker"": 646.4405000001534, ""K8_weighted_ranking"": 1.3147000001936249, ""K3_candidate_filters"": 7.078200000023571, ""K9_advisory_consensus"": 0.008600000001024455, ""K4_nli_and_bypass_check"": 38.05349999993268, ""K5_decision"": 0.15819999998711864}",19078
FACTURK-0356,YALAN,"[20136, 9120, 12068, 25761, 29403, 9366, 19789, 15787, 6166, 14597, 25180, 10589, 1959, 5122, 22811, 6047, 1302, 5255, 15845, 1280]","[0.05749328061938286, 0.005159622989594936, 0.015306354500353336, 0.013020490296185017, 0.0033766122069209814, 0.001094452221877873, 0.000192602863535285, 0.0006512682302854955, 1.892514956125524e-05, 0.0014550630003213882, 0.002199798123911023, 0.017576882615685463, 0.0029121784027665854, 0.01858215034008026, 0.0004459562187548727, 0.003621685551479459, 1.7917987861437723e-05, 0.0009110511746257544, 0.0008796061738394201, 2.6070309104397893e-05]","[0.001373291015625, 0.9970703125, 0.001476287841796875]","[0.001373291015625, 0.9970703125, 0.001476287841796875]",False,YALAN,UYARI,False,False,2021.6987999999674,"{""K1_input_and_readiness"": 0.04859999990003416, ""K7_context"": 0.001500000053056283, ""K1_normalization"": 0.010799999927257886, ""K6_advisory"": 34.11540000001878, ""K1_intent"": 0.042200000052616815, ""K2_retrieval"": 236.22720000003028, ""K3_reranker"": 745.131899999933, ""K8_weighted_ranking"": 1.4051000000563363, ""K3_candidate_filters"": 5.802299999913885, ""K9_advisory_consensus"": 0.005900000132896821, ""K4_nli_and_bypass_check"": 538.5299000001851, ""K5_decision"": 457.0106000001033}",20136
FACTURK-0357,YALAN,"[9150, 15787, 24963, 18807, 27894, 19827, 25225, 19258, 8137, 3189, 29050, 23030, 24184, 22218, 27696, 11785, 25169, 10117, 11479, 16063]","[0.07185126841068268, 0.004182493779808283, 0.003403005190193653, 1.750292540236842e-05, 0.0019043302163481712, 0.0011559007689356804, 0.0024154833517968655, 0.0020111582707613707, 0.0003625900426413864, 0.0063635739497840405, 0.0026010938454419374, 3.0479141059913673e-05, 3.852893496514298e-05, 0.004264635033905506, 0.0024438868276774883, 1.7640199075685814e-05, 0.00013658353418577462, 1.6964426322374493e-05, 0.00049553596181795, 0.010368157178163528]","[0.00122833251953125, 0.1292724609375, 0.86962890625]","[0.00122833251953125, 0.1292724609375, 0.86962890625]",False,DOĞRU,ONAY,False,False,1305.3291000001082,"{""K1_input_and_readiness"": 0.04629999989447242, ""K7_context"": 0.0016999999843392288, ""K1_normalization"": 0.007599999889862374, ""K6_advisory"": 35.120100000085586, ""K1_intent"": 0.03510000010464864, ""K2_retrieval"": 200.56380000005447, ""K3_reranker"": 396.85420000000704, ""K8_weighted_ranking"": 1.1455000001205917, ""K3_candidate_filters"": 6.017600000177481, ""K9_advisory_consensus"": 0.007200000027296483, ""K4_nli_and_bypass_check"": 363.146899999947, ""K5_decision"": 298.6452999998619}",9150
FACTURK-0358,YALAN,"[28417, 1499, 1976, 4119, 8602, 14012, 29051, 12666, 10105, 25178, 29479, 4529, 19808, 26244, 16028, 2498, 10005, 20681, 21518, 29038]","[0.00021995337738189846, 0.0007350447704084218, 0.00570803415030241, 0.0005336928297765553, 0.000810387369710952, 0.0015669887652620673, 5.02506154589355e-05, 0.0001956353517016396, 0.0010282108560204506, 3.4537253668531775e-05, 0.0006851712241768837, 0.00010804955672938377, 2.6897845600615256e-05, 8.029783930396661e-05, 0.0009927261853590608, 8.029783930396661e-05, 0.0007208379684016109, 0.0001713081874186173, 1.9525883544702083e-05, 0.0001511819864390418]","[0.006359100341796875, 0.50830078125, 0.4853515625]","[0.006359100341796875, 0.50830078125, 0.4853515625]",False,DOĞRU,ONAY,False,False,1274.0469000000303,"{""K1_input_and_readiness"": 0.09030000001075678, ""K7_context"": 0.0013999999737279722, ""K1_normalization"": 0.01650000012887176, ""K6_advisory"": 35.32330000007278, ""K1_intent"": 0.07540000001426961, ""K2_retrieval"": 273.83290000011584, ""K3_reranker"": 927.0878999998331, ""K8_weighted_ranking"": 1.081099999964863, ""K3_candidate_filters"": 5.8819999999286665, ""K9_advisory_consensus"": 0.006799999937356915, ""K4_nli_and_bypass_check"": 25.24089999997159, ""K5_decision"": 0.40239999998448184}",1976
FACTURK-0359,DOĞRU,"[7741, 25332, 4252, 17835, 16094, 29275, 11431, 15373, 4980, 15314, 179, 3368, 60, 28864, 192, 10459, 25561, 24573, 19538, 21452]","[0.0002959570847451687, 2.1444948288262822e-05, 1.6314539607265033e-05, 3.8831109122838825e-05, 5.694102947018109e-05, 0.0008492455235682428, 1.6187581422855146e-05, 1.67014204635052e-05, 0.0003301527176517993, 2.4876489987946115e-05, 0.0023322340566664934, 1.593661909282673e-05, 1.8200149497715756e-05, 1.6061610949691385e-05, 0.0027791904285550117, 0.0006214630557224154, 1.6061610949691385e-05, 2.030369250860531e-05, 2.229919846286066e-05, 1.6061610949691385e-05]","[0.006786346435546875, 0.98876953125, 0.0044708251953125]","[0.006786346435546875, 0.98876953125, 0.0044708251953125]",False,DOĞRU,ONAY,False,False,1514.111899999989,"{""K1_input_and_readiness"": 0.054899999895496876, ""K7_context"": 0.001500000053056283, ""K1_normalization"": 0.008800000159681076, ""K6_advisory"": 33.84720000008201, ""K1_intent"": 0.04290000015316764, ""K2_retrieval"": 204.67729999995754, ""K3_reranker"": 632.3694999998679, ""K8_weighted_ranking"": 1.4470000000983418, ""K3_candidate_filters"": 7.075299999996787, ""K9_advisory_consensus"": 0.007299999879251118, ""K4_nli_and_bypass_check"": 349.021300000004, ""K5_decision"": 281.03900000019166}",192
FACTURK-0360,DOĞRU,"[5510, 29091, 29612, 25662, 18052, 10796, 26227, 27420, 6443, 14546, 27521, 25537, 15859, 6035, 13843, 8523, 18391, 4586, 12312, 17425]","[0.35644665360450745, 0.9100669622421265, 0.1880255937576294, 0.07864238321781158, 0.7060891389846802, 0.04001227021217346, 0.05023736134171486, 2.2125668692751788e-05, 0.014728614129126072, 0.0013250223128125072, 0.28806814551353455, 0.00034196203341707587, 0.02527489699423313, 0.01711088977754116, 0.010052368976175785, 0.12984344363212585, 0.2839798927307129, 2.732141365413554e-05, 0.000192602863535285, 0.3258422613143921]","[0.99267578125, 0.005092620849609375, 0.0021762847900390625]","[0.99267578125, 0.005092620849609375, 0.0021762847900390625]",False,YALAN,RED,False,False,1374.0297000001647,"{""K1_input_and_readiness"": 0.0503999999637017, ""K7_context"": 0.0015999999050109182, ""K1_normalization"": 0.008600000001024455, ""K6_advisory"": 35.03529999989041, ""K1_intent"": 0.03609999998843705, ""K2_retrieval"": 187.51429999997526, ""K3_reranker"": 1001.6852000001109, ""K8_weighted_ranking"": 1.7009000000598462, ""K3_candidate_filters"": 7.5812000000041735, ""K9_advisory_consensus"": 0.007300000106624793, ""K4_nli_and_bypass_check"": 90.3141000001142, ""K5_decision"": 46.5727999999217}",29091
FACTURK-0361,DOĞRU,"[10589, 5122, 4270, 2705, 321, 5659, 3328, 21058, 16421, 926, 5023, 17231, 20202, 10902, 29738, 14806, 12664, 22248, 11195, 22552]","[0.25349122285842896, 0.02630527876317501, 0.13039611279964447, 3.7636447814293206e-05, 0.16899405419826508, 0.017045317217707634, 0.0026419467758387327, 0.0060739340260624886, 0.18097352981567383, 0.003914823289960623, 0.020645929500460625, 0.004348381422460079, 1.6061610949691385e-05, 0.0001344663032796234, 0.020527787506580353, 0.00482972152531147, 0.0028783478774130344, 0.0007702931761741638, 0.003350423648953438, 0.00341627886518836]","[0.87109375, 0.10736083984375, 0.0216827392578125]","[0.87109375, 0.10736083984375, 0.0216827392578125]",False,YALAN,UYARI,False,False,1761.097800000016,"{""K1_input_and_readiness"": 0.0446999999894615, ""K7_context"": 0.0014999998256826075, ""K1_normalization"": 0.010999999858540832, ""K6_advisory"": 35.1800999999341, ""K1_intent"": 0.034599999935380765, ""K2_retrieval"": 191.43110000004526, ""K3_reranker"": 872.5664999999481, ""K8_weighted_ranking"": 1.1686000000281638, ""K3_candidate_filters"": 6.6841000000295026, ""K9_advisory_consensus"": 0.007699999969190685, ""K4_nli_and_bypass_check"": 315.2380000001358, ""K5_decision"": 335.22339999990436}",10589
FACTURK-0362,DOĞRU,"[1701, 8347, 3189, 19258, 9150, 15787, 487, 3579, 19237, 15848, 25169, 12007, 14525, 27961, 7518, 27219, 15373, 10832, 21556, 13541]","[0.5632578134536743, 0.2718311846256256, 0.8967949151992798, 0.008813166059553623, 0.013689476065337658, 0.0020667945500463247, 0.39041775465011597, 0.013121271505951881, 0.003765413537621498, 0.0011247574584558606, 0.00027372167096473277, 0.001740983803756535, 0.0026522595435380936, 2.4682904040673748e-05, 1.657145367062185e-05, 6.156764720799401e-05, 0.0035518845543265343, 0.007317397277802229, 2.2125668692751788e-05, 0.00821969285607338]","[0.1676025390625, 0.71728515625, 0.1148681640625]","[0.1676025390625, 0.71728515625, 0.1148681640625]",False,YALAN,UYARI,False,False,1505.847299999914,"{""K1_input_and_readiness"": 0.053499999921768904, ""K7_context"": 0.001500000053056283, ""K1_normalization"": 0.00959999988481286, ""K6_advisory"": 36.010499999974854, ""K1_intent"": 0.03999999989900971, ""K2_retrieval"": 208.5527000001548, ""K3_reranker"": 634.0716999998222, ""K8_weighted_ranking"": 1.1523000000579486, ""K3_candidate_filters"": 6.064200000082565, ""K9_advisory_consensus"": 0.0077000001965643605, ""K4_nli_and_bypass_check"": 311.0273000002053, ""K5_decision"": 305.4724000000988}",3189
FACTURK-0363,YALAN,"[11274, 15495, 15207, 12539, 27017, 18561, 15787, 9150, 8564, 6452, 28266, 29249, 20210, 29474, 12152, 21855, 17362, 10092, 9003, 18468]","[0.06644792854785919, 0.0010202174307778478, 0.002323162741959095, 0.0016613906482234597, 0.009485713206231594, 0.007317397277802229, 2.8632557587116025e-05, 0.0002959570847451687, 0.004867417272180319, 1.6442494597868063e-05, 2.8409744118107483e-05, 1.922317096614279e-05, 4.9086618673754856e-05, 0.003765413537621498, 5.3075080359121785e-05, 0.002387409098446369, 1.6187581422855146e-05, 4.1659583075670525e-05, 0.00013135180051904172, 0.0006851712241768837]","[0.58642578125, 0.2008056640625, 0.212890625]","[0.58642578125, 0.2008056640625, 0.212890625]",False,YALAN,UYARI,False,False,1579.3034000000716,"{""K1_input_and_readiness"": 0.054500000032930984, ""K7_context"": 0.0013999999737279722, ""K1_normalization"": 0.010299999985363684, ""K6_advisory"": 35.32489999997779, ""K1_intent"": 0.047799999947528704, ""K2_retrieval"": 215.40359999994507, ""K3_reranker"": 630.9868999999253, ""K8_weighted_ranking"": 1.4452000000346743, ""K3_candidate_filters"": 7.8038999999989755, ""K9_advisory_consensus"": 0.013000000080864993, ""K4_nli_and_bypass_check"": 351.29110000002584, ""K5_decision"": 333.21539999997185}",11274
FACTURK-0364,YALAN,"[30362, 28646, 9650, 3772, 26266, 13310, 30005, 11120, 1362, 7836, 12239, 6926, 25775, 22751, 259, 21542, 1413, 16237, 14044, 701]","[0.003930085338652134, 1.6187581422855146e-05, 0.0010608151787891984, 7.543320680269971e-05, 4.400118632474914e-05, 1.9833367332466878e-05, 1.6187581422855146e-05, 0.0005172813544049859, 0.28726768493652344, 0.1511530578136444, 1.6061610949691385e-05, 1.67014204635052e-05, 0.0017961491830646992, 1.683241134742275e-05, 0.0005976693937554955, 0.0014048678567633033, 1.657145367062185e-05, 1.7097478121286258e-05, 0.011072160676121712, 1.6061610949691385e-05]","[0.0011844635009765625, 0.998046875, 0.0006113052368164062]","[0.0011844635009765625, 0.998046875, 0.0006113052368164062]",False,DOĞRU,ONAY,False,False,4133.111999999983,"{""K1_input_and_readiness"": 0.07890000006227638, ""K7_context"": 0.0015999999050109182, ""K1_normalization"": 0.01359999987471383, ""K6_advisory"": 35.8064000001832, ""K1_intent"": 0.10059999999612046, ""K2_retrieval"": 300.0030999999126, ""K3_reranker"": 3730.8646000001318, ""K8_weighted_ranking"": 1.6482999999425374, ""K3_candidate_filters"": 7.454199999983757, ""K9_advisory_consensus"": 0.008099999831756577, ""K4_nli_and_bypass_check"": 39.7722000000158, ""K5_decision"": 0.257799999872077}",14044
FACTURK-0365,YALAN,"[3119, 27625, 18468, 7451, 18267, 4331, 9006, 21667, 9366, 26623, 5104, 11509, 9084, 23993, 29757, 17060, 18694, 13143, 18561, 5236]","[0.00360761652700603, 0.00049553596181795, 0.02364434115588665, 0.0011649561347439885, 0.005405900068581104, 0.0003006163169629872, 0.010209054686129093, 0.0005193048855289817, 0.012771867215633392, 3.1941821362124756e-05, 6.761842087144032e-05, 7.905303937150165e-05, 0.0031115086749196053, 1.6314539607265033e-05, 0.005730246659368277, 0.0012943679466843605, 0.047074172645807266, 0.0007495314348489046, 0.049865905195474625, 2.392351052549202e-05]","[0.012298583984375, 0.97509765625, 0.012542724609375]","[0.012298583984375, 0.97509765625, 0.012542724609375]",False,YALAN,UYARI,False,False,1214.051599999948,"{""K1_input_and_readiness"": 0.0612999999702879, ""K7_context"": 0.008099999831756577, ""K1_normalization"": 0.014599999985875911, ""K6_advisory"": 36.74630000000434, ""K1_intent"": 0.03390000006220362, ""K2_retrieval"": 194.53300000009222, ""K3_reranker"": 336.58409999998185, ""K8_weighted_ranking"": 1.2893000000531174, ""K3_candidate_filters"": 6.865800000014133, ""K9_advisory_consensus"": 0.00760000011723605, ""K4_nli_and_bypass_check"": 337.26339999998345, ""K5_decision"": 297.2541999999976}",18561
FACTURK-0366,DOĞRU,"[23135, 5304, 13080, 11817, 20845, 21399, 490, 8426, 4374, 6256, 27140, 18496, 22954, 7295, 3411, 3917, 20916, 9980, 1094, 8466]","[0.0014437558129429817, 1.6187581422855146e-05, 0.00014653129619546235, 0.00016603845870122313, 1.7097478121286258e-05, 0.0007236572564579546, 1.6964426322374493e-05, 3.8229114579735324e-05, 1.6187581422855146e-05, 0.0004994205664843321, 0.00028685410507023335, 1.6314539607265033e-05, 0.0009326360304839909, 1.6442494597868063e-05, 1.67014204635052e-05, 1.6442494597868063e-05, 1.6187581422855146e-05, 1.6061610949691385e-05, 1.6187581422855146e-05, 0.00046917638974264264]","[0.006500244140625, 0.9912109375, 0.002254486083984375]","[0.006500244140625, 0.9912109375, 0.002254486083984375]",False,YALAN,RED,False,False,2336.078000000043,"{""K1_input_and_readiness"": 0.055799999927330646, ""K7_context"": 0.0019999999949504854, ""K1_normalization"": 0.01059999999597494, ""K6_advisory"": 34.37729999996009, ""K1_intent"": 0.0323000001571927, ""K2_retrieval"": 216.6472999999769, ""K3_reranker"": 1185.4154000000108, ""K8_weighted_ranking"": 1.2434000000212109, ""K3_candidate_filters"": 6.089100000053804, ""K9_advisory_consensus"": 0.006699999858028605, ""K4_nli_and_bypass_check"": 492.9368999999042, ""K5_decision"": 395.88879999996607}",22954
FACTURK-0367,DOĞRU,"[15121, 29337, 12005, 18022, 28357, 14392, 6952, 10700, 19694, 28800, 10626, 18711, 12560, 14179, 15196, 1211, 25811, 1248, 25662, 9463]","[0.007460643537342548, 0.02806073985993862, 0.008577484637498856, 0.001838665222749114, 0.09619516879320145, 0.0002415662893326953, 0.0003077430883422494, 0.013376603834331036, 0.03875619173049927, 0.002693914109840989, 0.0001686527393758297, 0.08181270956993103, 0.0022343622986227274, 4.0694576455280185e-05, 0.001052568550221622, 0.002889581024646759, 0.0008492455235682428, 8.957788668340072e-05, 0.00015356240328401327, 0.003960787784308195]","[0.0003352165222167969, 0.0003829002380371094, 0.99951171875]","[0.0003352165222167969, 0.0003829002380371094, 0.99951171875]",False,DOĞRU,ONAY,False,False,1340.171699999928,"{""K1_input_and_readiness"": 0.05690000011782104, ""K7_context"": 0.0016999999843392288, ""K1_normalization"": 0.011400000175854075, ""K6_advisory"": 35.53369999985989, ""K1_intent"": 0.04820000003746827, ""K2_retrieval"": 263.25230000020383, ""K3_reranker"": 1002.1114000001035, ""K8_weighted_ranking"": 1.584800000046016, ""K3_candidate_filters"": 8.078899999873101, ""K9_advisory_consensus"": 0.009099999942918657, ""K4_nli_and_bypass_check"": 25.78910000011092, ""K5_decision"": 0.3400000000510772}",15121
FACTURK-0368,DOĞRU,"[24662, 17637, 4172, 8424, 18108, 27200, 18564, 11459, 2998, 21983, 29678, 4076, 12813, 14448, 1734, 1351, 1872, 20267, 5583, 24033]","[0.9972637891769409, 0.009196552447974682, 0.05634009838104248, 0.006692850962281227, 0.01737566478550434, 0.000337979436153546, 0.00021654405281879008, 0.0443485826253891, 0.007725534029304981, 0.003285833168774843, 1.7778551409719512e-05, 0.018653521314263344, 0.00010229986219201237, 0.0013670255430042744, 1.657145367062185e-05, 0.002251847181469202, 0.0005112579092383385, 7.254361844388768e-05, 1.6442494597868063e-05, 0.014899643138051033]","[0.9990234375, 0.00031065940856933594, 0.0007014274597167969]","[0.9990234375, 0.00031065940856933594, 0.0007014274597167969]",False,YALAN,RED,False,False,1452.5931999999102,"{""K1_input_and_readiness"": 0.05210000017541461, ""K7_context"": 0.0018000000636675395, ""K1_normalization"": 0.01359999987471383, ""K6_advisory"": 34.283399999821995, ""K1_intent"": 0.04979999994247919, ""K2_retrieval"": 209.8769000001539, ""K3_reranker"": 926.4670000000024, ""K8_weighted_ranking"": 1.5237000000070111, ""K3_candidate_filters"": 6.931399999984933, ""K9_advisory_consensus"": 0.007800000048518996, ""K4_nli_and_bypass_check"": 149.10820000000058, ""K5_decision"": 119.7572000000946}",24662
FACTURK-0369,YALAN,"[9259, 9150, 23757, 4257, 5659, 21066, 27696, 16063, 28745, 29881, 27629, 23686, 10243, 15684, 26748, 14277, 10832, 23576, 30163, 22268]","[0.2590751051902771, 0.03468417376279831, 0.0029235428664833307, 0.8166989684104919, 0.03594832494854927, 0.0060739340260624886, 0.023689469322562218, 0.09025323390960693, 0.09268777817487717, 0.3928608000278473, 0.0003583672805689275, 0.001069126301445067, 0.11676400154829025, 0.013955709524452686, 0.13006426393985748, 0.0140095679089427, 0.0012743262341246009, 0.0938439592719078, 0.0009436192340217531, 0.3353508412837982]","[0.428466796875, 0.446533203125, 0.12493896484375]","[0.428466796875, 0.446533203125, 0.12493896484375]",False,YALAN,UYARI,False,False,1433.232099999941,"{""K1_input_and_readiness"": 0.05339999984244059, ""K7_context"": 0.0014999998256826075, ""K1_normalization"": 0.020500000118772732, ""K6_advisory"": 35.57079999995949, ""K1_intent"": 0.040500000068277586, ""K2_retrieval"": 240.79069999993408, ""K3_reranker"": 741.777299999967, ""K8_weighted_ranking"": 1.0621999999784748, ""K3_candidate_filters"": 6.5277000001060514, ""K9_advisory_consensus"": 0.008099999831756577, ""K4_nli_and_bypass_check"": 234.2575999998644, ""K5_decision"": 169.7164999998222}",4257
FACTURK-0370,DOĞRU,"[14216, 10733, 4884, 5890, 16157, 8208, 10849, 26855, 24056, 25743, 14815, 8549, 26112, 18901, 17876, 9916, 26228, 2539, 24955, 25646]","[0.08464395254850388, 5.5622065701754764e-05, 0.0004494523163884878, 0.0002434604539303109, 0.0004747042548842728, 5.518923353520222e-05, 4.434627408045344e-05, 2.526822754589375e-05, 0.0001673405058681965, 1.967902426258661e-05, 1.6314539607265033e-05, 1.6314539607265033e-05, 0.018124720081686974, 0.0010733063099905849, 1.6187581422855146e-05, 0.02595735713839531, 2.0623421733034775e-05, 0.002225670963525772, 1.6187581422855146e-05, 5.34913269802928e-05]","[0.0005412101745605469, 0.99755859375, 0.0016717910766601562]","[0.0005412101745605469, 0.99755859375, 0.0016717910766601562]",False,DOĞRU,ONAY,False,False,1176.5631000000667,"{""K1_input_and_readiness"": 0.053499999921768904, ""K7_context"": 0.0013999999737279722, ""K1_normalization"": 0.009900000122797792, ""K6_advisory"": 34.19639999992796, ""K1_intent"": 0.03579999997782579, ""K2_retrieval"": 222.61100000014267, ""K3_reranker"": 874.5334000000184, ""K8_weighted_ranking"": 1.0747999999694002, ""K3_candidate_filters"": 6.032699999877877, ""K9_advisory_consensus"": 0.006600000006073969, ""K4_nli_and_bypass_check"": 34.73899999994501, ""K5_decision"": 0.16400000004068715}",26228
FACTURK-0371,DOĞRU,"[25009, 8436, 25577, 4452, 12092, 14163, 29800, 9515, 17702, 21947, 16466, 2562, 27847, 1365, 17593, 18481, 6085, 5132, 23726, 17696]","[0.9931495785713196, 0.01829933375120163, 0.0011740821646526456, 2.93115390377352e-05, 0.0002234163403045386, 0.0001823546044761315, 0.0008040859247557819, 0.0007613258203491569, 0.000317508791340515, 0.0034429810475558043, 2.7751651941798627e-05, 0.000191104321856983, 0.0004765612829942256, 0.00019716942915692925, 1.6061610949691385e-05, 1.6442494597868063e-05, 1.6314539607265033e-05, 0.004231587518006563, 6.657015910604969e-05, 1.6314539607265033e-05]","[0.006134033203125, 0.99365234375, 0.000324249267578125]","[0.006134033203125, 0.99365234375, 0.000324249267578125]",False,DOĞRU,ONAY,False,False,1577.6291999998193,"{""K1_input_and_readiness"": 0.05400000009103678, ""K7_context"": 0.0015999999050109182, ""K1_normalization"": 0.010100000054080738, ""K6_advisory"": 37.194400000089445, ""K1_intent"": 0.04820000003746827, ""K2_retrieval"": 237.02419999995072, ""K3_reranker"": 917.6967000000786, ""K8_weighted_ranking"": 1.3375000000905857, ""K3_candidate_filters"": 6.191199999875607, ""K9_advisory_consensus"": 0.006600000006073969, ""K4_nli_and_bypass_check"": 200.95609999998487, ""K5_decision"": 172.93679999988854}",25009
FACTURK-0372,DOĞRU,"[9150, 19405, 28791, 25098, 25225, 15787, 4452, 25178, 9507, 11169, 28493, 25169, 11778, 27894, 1374, 2858, 8347, 16056, 10950, 8685]","[0.008916126564145088, 1.7917987861437723e-05, 6.868317723274231e-05, 0.007636216934770346, 0.00172745855525136, 0.000503335555549711, 8.029783930396661e-05, 0.0022872276604175568, 0.0025509123224765062, 0.00018814207578543574, 4.832564081880264e-05, 0.000661517377011478, 0.012241275049746037, 0.0002131875662598759, 8.682210318511352e-05, 5.649793456541374e-05, 0.01784873753786087, 0.0030278346966952085, 4.2647468944778666e-05, 0.0009697519708424807]","[0.004848480224609375, 0.93115234375, 0.06414794921875]","[0.004848480224609375, 0.93115234375, 0.06414794921875]",False,YALAN,UYARI,False,False,943.9740000000256,"{""K1_input_and_readiness"": 0.9433000000171887, ""K7_context"": 0.0025000001642183634, ""K1_normalization"": 0.019899999870176543, ""K6_advisory"": 36.2999999999829, ""K1_intent"": 0.042099999973288504, ""K2_retrieval"": 231.70639999989362, ""K3_reranker"": 636.0776999999871, ""K8_weighted_ranking"": 1.3609999998607236, ""K3_candidate_filters"": 6.845500000054017, ""K9_advisory_consensus"": 0.007599999889862374, ""K4_nli_and_bypass_check"": 26.212199999918084, ""K5_decision"": 0.3871999999773834}",8347
FACTURK-0373,YALAN,"[5280, 8897, 10401, 30034, 6599, 15107, 10376, 10658, 13973, 12587, 29700, 6047, 19156, 5996, 15970, 12296, 11628, 15229, 20402, 18732]","[0.020924191921949387, 0.0333368256688118, 1.9525883544702083e-05, 0.0001713081874186173, 3.426849070820026e-05, 5.433364276541397e-05, 0.0002251682453788817, 0.00524044968187809, 0.0007124459953047335, 0.008030813187360764, 4.298194107832387e-05, 0.00022167809947859496, 0.00011774459562730044, 1.8631746570463292e-05, 1.657145367062185e-05, 0.003991728648543358, 2.318747829122003e-05, 2.392351052549202e-05, 2.0785171727766283e-05, 0.041852131485939026]","[0.003353118896484375, 0.97607421875, 0.0204620361328125]","[0.003353118896484375, 0.97607421875, 0.0204620361328125]",False,YETERSİZ VERİ,RET,True,False,2352.0128999998633,"{""K1_input_and_readiness"": 0.0692000000981352, ""K7_context"": 0.0018000000636675395, ""K1_normalization"": 0.012100000049031223, ""K6_advisory"": 35.7930000000124, ""K1_intent"": 0.046899999915694934, ""K2_retrieval"": 255.3722000000107, ""K3_reranker"": 976.1975000001257, ""K8_weighted_ranking"": 1.1383000000932952, ""K3_candidate_filters"": 6.183100000043851, ""K9_advisory_consensus"": 0.006600000006073969, ""K4_nli_and_bypass_check"": 568.823600000087, ""K5_decision"": 504.92589999998927}",18732
FACTURK-0374,DOĞRU,"[15293, 10733, 29838, 8740, 27097, 6193, 30136, 26872, 27522, 8377, 26825, 25537, 18975, 24479, 8236, 14830, 22811, 9959, 3579, 2720]","[7.662102143513039e-05, 0.0002415662893326953, 0.0022170129232108593, 1.805851934477687e-05, 0.0001511819864390418, 2.094818773912266e-05, 0.00012533752305898815, 1.6314539607265033e-05, 1.750292540236842e-05, 3.975192521465942e-05, 1.750292540236842e-05, 0.00021152888075448573, 1.6187581422855146e-05, 2.6070309104397893e-05, 1.6187581422855146e-05, 1.657145367062185e-05, 1.6314539607265033e-05, 1.6314539607265033e-05, 4.870464181294665e-05, 1.6061610949691385e-05]","[0.0014085769653320312, 0.9970703125, 0.0015554428100585938]","[0.0014085769653320312, 0.9970703125, 0.0015554428100585938]",False,YALAN,UYARI,False,False,1640.6710999999632,"{""K1_input_and_readiness"": 0.058600000102160266, ""K7_context"": 0.001300000121773337, ""K1_normalization"": 0.009299999874201603, ""K6_advisory"": 35.01490000007834, ""K1_intent"": 0.036399999999048305, ""K2_retrieval"": 210.03219999988687, ""K3_reranker"": 629.6285000000807, ""K8_weighted_ranking"": 1.3592000000244298, ""K3_candidate_filters"": 6.402999999863823, ""K9_advisory_consensus"": 0.006299999995462713, ""K4_nli_and_bypass_check"": 403.94110000011096, ""K5_decision"": 350.5909000000429}",27097
FACTURK-0375,YALAN,"[13949, 12272, 15731, 18894, 20433, 1347, 25443, 10884, 24334, 1796, 27584, 4425, 15533, 5083, 14070, 19194, 5358, 8721, 5199, 24794]","[0.021948253735899925, 3.7931622500764206e-05, 0.01590639166533947, 0.004331501666456461, 0.017442485317587852, 0.009936418384313583, 0.007907291874289513, 0.0010242064017802477, 0.006413164082914591, 0.002182716503739357, 0.00029365462251007557, 0.015365341678261757, 0.023153411224484444, 0.00044770087697543204, 0.0005378763889893889, 0.003579642390832305, 0.029035642743110657, 0.0007672924548387527, 0.00025714197545312345, 0.002992665395140648]","[0.01113128662109375, 0.75634765625, 0.2325439453125]","[0.01113128662109375, 0.75634765625, 0.2325439453125]",False,YETERSİZ VERİ,RET,True,False,1423.7712000001466,"{""K1_input_and_readiness"": 0.051900000016757986, ""K7_context"": 0.0016000001323845936, ""K1_normalization"": 0.01539999993838137, ""K6_advisory"": 35.52720000016052, ""K1_intent"": 0.08240000011028314, ""K2_retrieval"": 211.15320000012616, ""K3_reranker"": 407.12970000004134, ""K8_weighted_ranking"": 1.2878000000000611, ""K3_candidate_filters"": 6.7281999999977415, ""K9_advisory_consensus"": 0.007800000048518996, ""K4_nli_and_bypass_check"": 392.7100999999311, ""K5_decision"": 365.2715000000626}",4425
FACTURK-0376,DOĞRU,"[24714, 23029, 15129, 20933, 25162, 25178, 2719, 5799, 25525, 6369, 17382, 29729, 23475, 7496, 15647, 3624, 3664, 24319, 13077, 29051]","[0.0013993984321132302, 1.6442494597868063e-05, 0.0003150386910419911, 0.00012339458044152707, 0.00018093574908562005, 1.657145367062185e-05, 0.00014653129619546235, 0.00010720880527514964, 1.6964426322374493e-05, 8.957788668340072e-05, 2.265035072923638e-05, 0.0001686527393758297, 2.5071596610359848e-05, 0.0014779430348426104, 2.3737338779028505e-05, 2.6688529032981023e-05, 0.002058753278106451, 1.6442494597868063e-05, 1.6442494597868063e-05, 1.6061610949691385e-05]","[0.002567291259765625, 0.0090484619140625, 0.98828125]","[0.002567291259765625, 0.0090484619140625, 0.98828125]",False,YETERSİZ VERİ,KISMI,True,False,702.0670999997947,"{""K1_input_and_readiness"": 0.052800000048591755, ""K7_context"": 0.0014000002011016477, ""K1_normalization"": 0.010500000144020305, ""K6_advisory"": 34.16190000007191, ""K1_intent"": 0.035499999967214535, ""K2_retrieval"": 205.98790000008194, ""K3_reranker"": 413.153100000045, ""K8_weighted_ranking"": 1.19459999996252, ""K3_candidate_filters"": 6.223300000101517, ""K9_advisory_consensus"": 0.0077000001965643605, ""K4_nli_and_bypass_check"": 36.766599999964455, ""K5_decision"": 0.25279999999838765}",15129
FACTURK-0377,DOĞRU,"[21821, 26676, 29686, 5087, 7423, 23936, 29080, 22146, 23361, 18468, 12587, 3927, 11628, 10343, 13261, 11058, 1177, 20402, 6047, 14523]","[4.400118632474914e-05, 3.1201914680423215e-05, 7.254361844388768e-05, 0.000661517377011478, 0.004700060468167067, 0.00014313739666249603, 0.0002891032490879297, 0.00021485926117748022, 0.00038596606464125216, 0.1603974997997284, 0.0002492325147613883, 3.269927037763409e-05, 1.657145367062185e-05, 0.000758359965402633, 1.7778551409719512e-05, 0.023419944569468498, 0.005040702875703573, 1.6314539607265033e-05, 0.0003053489199373871, 1.6187581422855146e-05]","[0.01262664794921875, 0.9423828125, 0.04486083984375]","[0.01262664794921875, 0.9423828125, 0.04486083984375]",False,YETERSİZ VERİ,RET,True,False,1156.6453000000365,"{""K1_input_and_readiness"": 0.05170000008547504, ""K7_context"": 0.001100000190490391, ""K1_normalization"": 0.00869999985297909, ""K6_advisory"": 34.82259999987036, ""K1_intent"": 0.03579999997782579, ""K2_retrieval"": 202.84190000006674, ""K3_reranker"": 409.34730000003583, ""K8_weighted_ranking"": 1.485399999864967, ""K3_candidate_filters"": 7.91239999989557, ""K9_advisory_consensus"": 0.007699999969190685, ""K4_nli_and_bypass_check"": 262.51750000005813, ""K5_decision"": 234.10809999995763}",1177
FACTURK-0378,DOĞRU,"[13414, 23565, 1530, 6292, 17751, 23567, 3491, 18623, 21229, 25222, 3100, 19897, 8180, 3213, 12955, 13448, 24266, 26955, 21966, 899]","[0.02319762483239174, 0.00033535013790242374, 1.6442494597868063e-05, 0.0007124459953047335, 0.0003625900426413864, 0.0002982776495628059, 2.3007036361377686e-05, 5.694102947018109e-05, 3.2955729693640023e-05, 0.0001956353517016396, 1.6314539607265033e-05, 1.7097478121286258e-05, 0.0016166499117389321, 0.000317508791340515, 0.0009773502824828029, 0.004810982849448919, 3.321419353596866e-05, 1.6061610949691385e-05, 1.6187581422855146e-05, 1.6187581422855146e-05]","[0.0018253326416015625, 0.9931640625, 0.005252838134765625]","[0.0018253326416015625, 0.9931640625, 0.005252838134765625]",False,DOĞRU,ONAY,False,False,2123.56879999993,"{""K1_input_and_readiness"": 0.0529999999798747, ""K7_context"": 0.0019000001429958502, ""K1_normalization"": 0.009800000043469481, ""K6_advisory"": 35.416399999803616, ""K1_intent"": 0.05710000004910398, ""K2_retrieval"": 215.66740000002937, ""K3_reranker"": 1824.3752000000768, ""K8_weighted_ranking"": 1.8357000001287815, ""K3_candidate_filters"": 8.577500000001237, ""K9_advisory_consensus"": 0.00850000014906982, ""K4_nli_and_bypass_check"": 33.55110000006789, ""K5_decision"": 0.22689999991598597}",8180
FACTURK-0379,DOĞRU,"[21449, 14819, 5087, 23223, 2107, 27972, 2277, 11837, 6302, 2839, 12108, 13847, 3945, 7869, 10951, 23213, 28032, 12718, 6832, 13143]","[0.7851439118385315, 0.15027806162834167, 0.006168995052576065, 2.178264912799932e-05, 0.026405517011880875, 0.007149102166295052, 0.006984650157392025, 0.005343256052583456, 0.012007349170744419, 0.07081620395183563, 0.01678548939526081, 0.044431429356336594, 0.003930085338652134, 2.8409744118107483e-05, 0.003538086311891675, 0.0010566838318482041, 0.10176784545183182, 0.005620036274194717, 0.0360160693526268, 0.6743722558021545]","[0.0007700920104980469, 0.9931640625, 0.00583648681640625]","[0.0007700920104980469, 0.9931640625, 0.00583648681640625]",False,YALAN,UYARI,False,False,1307.211000000052,"{""K1_input_and_readiness"": 0.5839000000378292, ""K7_context"": 0.0020999998469051206, ""K1_normalization"": 0.020300000187489786, ""K6_advisory"": 35.26379999993878, ""K1_intent"": 0.06680000001324515, ""K2_retrieval"": 344.5561999999427, ""K3_reranker"": 884.4715000000178, ""K8_weighted_ranking"": 1.6932000000906555, ""K3_candidate_filters"": 8.169999999836364, ""K9_advisory_consensus"": 0.008299999990413198, ""K4_nli_and_bypass_check"": 28.169700000034936, ""K5_decision"": 0.2432000001135748}",13143
FACTURK-0380,YALAN,"[487, 29414, 12161, 19827, 8347, 15238, 4119, 9150, 25228, 19237, 15675, 1272, 25098, 2498, 29240, 18787, 23508, 27696, 25178, 27997]","[0.2781587541103363, 0.009708477184176445, 0.0016103574307635427, 0.21239535510540009, 0.00677120964974165, 0.019832711666822433, 5.829126530443318e-05, 0.02456308901309967, 0.013742320239543915, 0.0060503981076180935, 0.00020662980386987329, 0.0011380005162209272, 0.009232213720679283, 0.00023050670279189944, 0.004382336512207985, 5.874842099728994e-05, 0.01384861022233963, 0.08434179425239563, 0.00021152888075448573, 0.00020184421737212688]","[0.0062255859375, 0.98486328125, 0.00908660888671875]","[0.0062255859375, 0.98486328125, 0.00908660888671875]",False,YALAN,UYARI,False,False,1298.5009999999875,"{""K1_input_and_readiness"": 0.0757999998768355, ""K7_context"": 0.0015999999050109182, ""K1_normalization"": 0.013200000012147939, ""K6_advisory"": 35.80180000017208, ""K1_intent"": 0.05970000006527698, ""K2_retrieval"": 313.0150000001777, ""K3_reranker"": 903.5510999999588, ""K8_weighted_ranking"": 1.5441000000464555, ""K3_candidate_filters"": 7.7251000000160275, ""K9_advisory_consensus"": 0.00760000011723605, ""K4_nli_and_bypass_check"": 32.77690000004441, ""K5_decision"": 0.22259999991547375}",487
FACTURK-0381,DOĞRU,"[12704, 11295, 22815, 2892, 21400, 7556, 24313, 29850, 24484, 13687, 9646, 24154, 11066, 14179, 3431, 1447, 24661, 6698, 21260, 6739]","[0.0007096704212017357, 1.7778551409719512e-05, 0.0008830457809381187, 0.0012113064294680953, 2.6274772608303465e-05, 1.6061610949691385e-05, 9.685608529252931e-05, 0.0017140384297817945, 0.000628784007858485, 5.694102947018109e-05, 1.6314539607265033e-05, 1.6314539607265033e-05, 0.0005658799782395363, 4.7206227463902906e-05, 1.6187581422855146e-05, 6.0613183450186625e-05, 4.331903619458899e-05, 1.6964426322374493e-05, 2.6274772608303465e-05, 1.967902426258661e-05]","[0.004566192626953125, 0.962890625, 0.03253173828125]","[0.004566192626953125, 0.962890625, 0.03253173828125]",False,DOĞRU,ONAY,False,False,1252.2020999999768,"{""K1_input_and_readiness"": 0.06509999980153225, ""K7_context"": 0.001500000053056283, ""K1_normalization"": 0.012399999832268804, ""K6_advisory"": 35.97969999987072, ""K1_intent"": 0.04459999991013319, ""K2_retrieval"": 249.06949999990502, ""K3_reranker"": 920.6102000000556, ""K8_weighted_ranking"": 1.545099999930244, ""K3_candidate_filters"": 7.588799999894036, ""K9_advisory_consensus"": 0.008499999921696144, ""K4_nli_and_bypass_check"": 32.09800000013274, ""K5_decision"": 0.5672999998296291}",29850
FACTURK-0382,YALAN,"[29892, 24158, 26480, 2761, 26295, 12819, 13891, 29923, 17025, 23853, 7407, 8285, 706, 6336, 1175, 29597, 3257, 19061, 2792, 14166]","[0.031143832951784134, 0.08093670755624771, 0.004485794343054295, 0.0012351677287369967, 0.0033115192782133818, 0.0005053045460954309, 0.00524044968187809, 0.0009850083151832223, 4.037790131405927e-05, 0.00020184421737212688, 2.9541422918555327e-05, 0.05634009838104248, 0.00014202363672666252, 0.12283853441476822, 0.0001442598586436361, 0.00015356240328401327, 0.03912164643406868, 3.1693256460130215e-05, 0.008881675079464912, 2.2474090656032786e-05]","[0.0009937286376953125, 0.91943359375, 0.07958984375]","[0.0009937286376953125, 0.91943359375, 0.07958984375]",False,YETERSİZ VERİ,RET,True,False,2181.7422999999962,"{""K1_input_and_readiness"": 0.06630000007135095, ""K7_context"": 0.0012999998943996616, ""K1_normalization"": 0.011799999811046291, ""K6_advisory"": 34.98140000010608, ""K1_intent"": 0.05699999996977567, ""K2_retrieval"": 274.1455999998834, ""K3_reranker"": 660.3445000000647, ""K8_weighted_ranking"": 1.4886999999816908, ""K3_candidate_filters"": 8.122400000047492, ""K9_advisory_consensus"": 0.008100000059130252, ""K4_nli_and_bypass_check"": 598.1420999999045, ""K5_decision"": 600.6274999999732}",6336
FACTURK-0383,DOĞRU,"[20020, 16064, 11476, 21638, 23751, 1291, 11509, 5491, 17057, 25969, 16632, 13749, 18530, 6263, 11274, 9084, 22869, 24834, 9114, 3119]","[0.0012448433553799987, 0.00017536994710098952, 0.0001344663032796234, 0.0003301527176517993, 0.002746900776401162, 7.782753527862951e-05, 0.00023782203788869083, 3.071818719035946e-05, 4.539786823443137e-05, 0.00023597174731548876, 0.0007041515782475471, 0.00017265156202483922, 0.0001559802913106978, 2.8632557587116025e-05, 0.0001559802913106978, 0.0009584648651070893, 7.031184941297397e-05, 1.805851934477687e-05, 0.000124362253700383, 1.6442494597868063e-05]","[0.0048675537109375, 0.01328277587890625, 0.98193359375]","[0.0048675537109375, 0.01328277587890625, 0.98193359375]",False,DOĞRU,ONAY,False,False,1524.5947999999316,"{""K1_input_and_readiness"": 0.048900000138019095, ""K7_context"": 0.0016999999843392288, ""K1_normalization"": 0.009800000043469481, ""K6_advisory"": 35.17540000007102, ""K1_intent"": 0.03130000004603062, ""K2_retrieval"": 210.6913000000077, ""K3_reranker"": 899.6789000000263, ""K8_weighted_ranking"": 1.1966000001848442, ""K3_candidate_filters"": 6.28299999993942, ""K9_advisory_consensus"": 0.006499999926745659, ""K4_nli_and_bypass_check"": 194.8171999999886, ""K5_decision"": 172.96459999988656}",23751
FACTURK-0384,DOĞRU,"[29698, 16223, 5886, 27529, 10782, 989, 9023, 28381, 22922, 17442, 4010, 11132, 26111, 13284, 24037, 7376, 8774, 17616, 23634, 10839]","[0.13706977665424347, 0.0015792594058439136, 5.144220995134674e-05, 2.566613329690881e-05, 0.0013670255430042744, 2.710879925871268e-05, 0.9947391152381897, 5.3075080359121785e-05, 0.01214717049151659, 0.00027372167096473277, 2.5071596610359848e-05, 2.6070309104397893e-05, 0.008187909610569477, 8.092757343547419e-05, 0.00017813112935982645, 0.009055263362824917, 4.683888619183563e-05, 2.5071596610359848e-05, 1.922317096614279e-05, 3.647853736765683e-05]","[0.96728515625, 0.0234527587890625, 0.0091400146484375]","[0.96728515625, 0.0234527587890625, 0.0091400146484375]",False,YALAN,RED,False,False,703.2861000000139,"{""K1_input_and_readiness"": 0.050899999905595905, ""K7_context"": 0.0013999999737279722, ""K1_normalization"": 0.009000000090964022, ""K6_advisory"": 34.94769999997516, ""K1_intent"": 0.03780000020014995, ""K2_retrieval"": 207.48679999996966, ""K3_reranker"": 409.4633999998223, ""K8_weighted_ranking"": 1.1517999998886808, ""K3_candidate_filters"": 6.570999999894411, ""K9_advisory_consensus"": 0.007299999879251118, ""K4_nli_and_bypass_check"": 39.50529999997343, ""K5_decision"": 0.4148000000441243}",9023
FACTURK-0385,DOĞRU,"[29362, 16885, 21965, 14642, 22170, 5725, 5126, 22120, 13610, 4588, 15095, 15861, 9363, 23520, 8624, 4031, 14435, 13525, 27022, 25439]","[0.0004272078804206103, 1.6187581422855146e-05, 1.7231572201126255e-05, 5.920916373725049e-05, 1.683241134742275e-05, 8.092757343547419e-05, 1.750292540236842e-05, 4.331903619458899e-05, 2.449082603561692e-05, 2.0623421733034775e-05, 1.9988918211311102e-05, 1.67014204635052e-05, 1.6187581422855146e-05, 1.6314539607265033e-05, 1.6314539607265033e-05, 1.6061610949691385e-05, 1.683241134742275e-05, 3.321419353596866e-05, 6.302758993115276e-05, 0.00020502213737927377]","[0.0033130645751953125, 0.9853515625, 0.01128387451171875]","[0.0033130645751953125, 0.9853515625, 0.01128387451171875]",False,YALAN,RED,False,False,795.9975999999642,"{""K1_input_and_readiness"": 0.04839999996875122, ""K7_context"": 0.0012999998943996616, ""K1_normalization"": 0.00959999988481286, ""K6_advisory"": 35.103300000173476, ""K1_intent"": 0.05080000005364127, ""K2_retrieval"": 229.66470000005756, ""K3_reranker"": 455.2234000000226, ""K8_weighted_ranking"": 2.439200000026176, ""K3_candidate_filters"": 17.443100000036793, ""K9_advisory_consensus"": 0.012799999922208372, ""K4_nli_and_bypass_check"": 51.05260000004819, ""K5_decision"": 0.6548000001203036}",22120
FACTURK-0386,YALAN,"[20843, 1747, 21393, 29486, 15787, 11714, 9101, 11485, 23720, 926, 29414, 25537, 10589, 25225, 10563, 28347, 18282, 30024, 25169, 28287]","[2.1278065105434507e-05, 0.001674399245530367, 0.0005152657395228744, 0.0009253848693333566, 1.9073577277595177e-05, 0.19208428263664246, 0.0021322614047676325, 2.1112482500029728e-05, 0.0060975621454417706, 3.7636447814293206e-05, 1.8777873265207745e-05, 0.014392335899174213, 1.9073577277595177e-05, 5.9673518990166485e-05, 0.0001686527393758297, 1.7097478121286258e-05, 0.002560870721936226, 1.67014204635052e-05, 2.3007036361377686e-05, 1.922317096614279e-05]","[0.0030689239501953125, 0.99267578125, 0.004169464111328125]","[0.0030689239501953125, 0.99267578125, 0.004169464111328125]",False,YETERSİZ VERİ,RET,True,False,1638.0355000001146,"{""K1_input_and_readiness"": 0.10520000000724394, ""K7_context"": 0.0021999999262334313, ""K1_normalization"": 0.019600000086938962, ""K6_advisory"": 40.77910000000884, ""K1_intent"": 0.07099999993442907, ""K2_retrieval"": 495.58120000006056, ""K3_reranker"": 1042.7878999998939, ""K8_weighted_ranking"": 1.8999999999778083, ""K3_candidate_filters"": 10.371399999939968, ""K9_advisory_consensus"": 0.011800000038419967, ""K4_nli_and_bypass_check"": 40.63909999990756, ""K5_decision"": 0.5621999998766114}",25225
FACTURK-0387,YALAN,"[8023, 8015, 9478, 20028, 26276, 15898, 26819, 24208, 13958, 6784, 19631, 14930, 24037, 2380, 4033, 17025, 26224, 13064, 16809, 16109]","[0.0005953406798653305, 1.67014204635052e-05, 0.042642392218112946, 1.7778551409719512e-05, 1.657145367062185e-05, 0.0012743262341246009, 1.6187581422855146e-05, 1.6061610949691385e-05, 1.6061610949691385e-05, 7.782753527862951e-05, 1.6314539607265033e-05, 1.6061610949691385e-05, 0.0004044814850203693, 1.6187581422855146e-05, 1.6187581422855146e-05, 1.6442494597868063e-05, 1.6314539607265033e-05, 3.426849070820026e-05, 0.00040765260928310454, 1.6314539607265033e-05]","[0.0034275054931640625, 0.98779296875, 0.00853729248046875]","[0.0034275054931640625, 0.98779296875, 0.00853729248046875]",False,DOĞRU,ONAY,False,False,1763.971900000115,"{""K1_input_and_readiness"": 0.0884000000951346, ""K7_context"": 0.002100000074278796, ""K1_normalization"": 0.015900000107649248, ""K6_advisory"": 40.33090000007178, ""K1_intent"": 0.07000000005064066, ""K2_retrieval"": 326.37260000001334, ""K3_reranker"": 336.0393999998905, ""K8_weighted_ranking"": 2.0908999999846856, ""K3_candidate_filters"": 11.842999999998938, ""K9_advisory_consensus"": 0.014800000144532532, ""K4_nli_and_bypass_check"": 642.653399999972, ""K5_decision"": 399.45570000008956}",16809
FACTURK-0388,YALAN,"[16939, 26310, 27720, 4261, 24828, 14070, 1014, 9635, 8246, 27711, 12955, 14318, 16716, 16791, 13476, 5259, 18931, 16237, 12347, 5752]","[0.2902761995792389, 0.055720288306474686, 0.00028685410507023335, 0.00017813112935982645, 2.5071596610359848e-05, 1.7231572201126255e-05, 1.6061610949691385e-05, 0.0007096704212017357, 1.8200149497715756e-05, 3.508111694827676e-05, 1.750292540236842e-05, 1.6442494597868063e-05, 9.314593626186252e-05, 4.1659583075670525e-05, 1.6187581422855146e-05, 0.0004728544445242733, 0.0003799845289904624, 1.6061610949691385e-05, 1.6314539607265033e-05, 0.0003889921063091606]","[0.86328125, 0.11285400390625, 0.024017333984375]","[0.86328125, 0.11285400390625, 0.024017333984375]",False,YALAN,RED,False,False,925.8211000001211,"{""K1_input_and_readiness"": 0.05650000002788147, ""K7_context"": 0.0022000001536071068, ""K1_normalization"": 0.008700000080352766, ""K6_advisory"": 37.34929999995984, ""K1_intent"": 0.03980000019510044, ""K2_retrieval"": 232.2316999998293, ""K3_reranker"": 289.22370000009323, ""K8_weighted_ranking"": 1.5472000000045227, ""K3_candidate_filters"": 7.950799999889568, ""K9_advisory_consensus"": 0.00779999982114532, ""K4_nli_and_bypass_check"": 216.59010000007584, ""K5_decision"": 136.89260000001013}",16939
FACTURK-0389,YALAN,"[9056, 21518, 19560, 6268, 9323, 6336, 22504, 12088, 14770, 1970, 11529, 9150, 4807, 3213, 14758, 4452, 544, 9588, 20897, 3259]","[0.003692853031679988, 0.00041731575038284063, 0.0005976693937554955, 0.002296159043908119, 0.010448625311255455, 0.0696682333946228, 0.16317856311798096, 0.00010889690747717395, 0.00027372167096473277, 0.0023413407616317272, 0.0005484792054630816, 0.07094483077526093, 2.3369333575828932e-05, 0.0002802109520416707, 0.00034196203341707587, 0.0009966077050194144, 0.000192602863535285, 4.400118632474914e-05, 0.0011469158343970776, 1.8342892872169614e-05]","[0.0022716522216796875, 0.99658203125, 0.0010690689086914062]","[0.0022716522216796875, 0.99658203125, 0.0010690689086914062]",False,YALAN,UYARI,False,False,2858.308500000021,"{""K1_input_and_readiness"": 0.14069999997445848, ""K7_context"": 0.002100000074278796, ""K1_normalization"": 0.033400000120309414, ""K6_advisory"": 56.10660000002099, ""K1_intent"": 0.08390000016333943, ""K2_retrieval"": 474.20740000006845, ""K3_reranker"": 2233.5493999999017, ""K8_weighted_ranking"": 2.9526000000714703, ""K3_candidate_filters"": 18.17879999998695, ""K9_advisory_consensus"": 0.016899999991437653, ""K4_nli_and_bypass_check"": 67.37009999983457, ""K5_decision"": 0.8270000000720756}",9150
FACTURK-0390,DOĞRU,"[19816, 29892, 1902, 10949, 2172, 6336, 11509, 12974, 8688, 28611, 7289, 24618, 11557, 25567, 13486, 809, 12583, 7836, 9081, 20055]","[0.0015070488443598151, 0.00010804955672938377, 0.008847354911267757, 1.8342892872169614e-05, 1.6442494597868063e-05, 0.0001673405058681965, 0.0022872276604175568, 0.001674399245530367, 0.0001195985751110129, 0.003930085338652134, 9.387641330249608e-05, 0.000661517377011478, 1.6314539607265033e-05, 1.6187581422855146e-05, 0.002191240666434169, 1.6442494597868063e-05, 2.0785171727766283e-05, 0.007999754510819912, 1.6061610949691385e-05, 1.6187581422855146e-05]","[0.07464599609375, 0.6171875, 0.30810546875]","[0.07464599609375, 0.6171875, 0.30810546875]",False,YALAN,UYARI,False,False,1818.5582999999497,"{""K1_input_and_readiness"": 0.06849999999758438, ""K7_context"": 0.0026000000161729986, ""K1_normalization"": 0.014099999816608033, ""K6_advisory"": 41.41470000013214, ""K1_intent"": 0.05580000015470432, ""K2_retrieval"": 325.3982999999607, ""K3_reranker"": 675.70099999989, ""K8_weighted_ranking"": 1.0996000000886852, ""K3_candidate_filters"": 6.020999999918786, ""K9_advisory_consensus"": 0.007099999947968172, ""K4_nli_and_bypass_check"": 385.94289999991815, ""K5_decision"": 379.4805999998516}",11509
FACTURK-0391,DOĞRU,"[9150, 28629, 18570, 15787, 16785, 24184, 2858, 14444, 27894, 29892, 17721, 15848, 19586, 27463, 29140, 25098, 4358, 19827, 17859, 20228]","[0.007011794950813055, 0.0037948342505842447, 0.0004974745097570121, 0.0018530592788010836, 0.0002715921145863831, 0.00014883848780300468, 0.0011740821646526456, 0.00038446192047558725, 0.004382336512207985, 0.01912403479218483, 0.005663865711539984, 0.0007643033168278635, 2.411113746347837e-05, 0.00028462239424698055, 2.229919846286066e-05, 0.0012893283274024725, 1.6061610949691385e-05, 0.01572399213910103, 3.321419353596866e-05, 1.6187581422855146e-05]","[0.5654296875, 0.4287109375, 0.00568389892578125]","[0.5654296875, 0.4287109375, 0.00568389892578125]",False,YALAN,UYARI,False,False,1989.2569999999523,"{""K1_input_and_readiness"": 0.05809999993289239, ""K7_context"": 0.002100000074278796, ""K1_normalization"": 0.007999999979801942, ""K6_advisory"": 37.849900000082926, ""K1_intent"": 0.0499000000218075, ""K2_retrieval"": 210.28479999995398, ""K3_reranker"": 1132.7339000001757, ""K8_weighted_ranking"": 1.4263999999002408, ""K3_candidate_filters"": 7.203500000059648, ""K9_advisory_consensus"": 0.011300000096525764, ""K4_nli_and_bypass_check"": 321.14560000013626, ""K5_decision"": 275.13490000001184}",29892
FACTURK-0392,YALAN,"[17086, 5344, 24184, 9150, 9277, 25178, 9693, 1970, 22218, 2244, 15675, 8347, 6268, 9518, 16786, 21058, 4682, 27519, 11155, 19205]","[0.0003500686143524945, 0.021739594638347626, 0.014227046631276608, 0.015663648024201393, 0.08663206547498703, 0.0032224843744188547, 0.00017265156202483922, 0.007260866463184357, 0.012821214273571968, 0.00018522572645451874, 7.782753527862951e-05, 0.0018243826925754547, 0.0053640566766262054, 0.004248078912496567, 3.0006618544575758e-05, 0.00016093082376755774, 1.657145367062185e-05, 0.003429603995755315, 1.8631746570463292e-05, 1.6314539607265033e-05]","[0.0018072128295898438, 0.0511474609375, 0.947265625]","[0.0018072128295898438, 0.0511474609375, 0.947265625]",False,DOĞRU,ONAY,False,False,1639.3040000000383,"{""K1_input_and_readiness"": 0.08050000019466097, ""K7_context"": 0.0015999999050109182, ""K1_normalization"": 0.014299999975264654, ""K6_advisory"": 34.30509999998321, ""K1_intent"": 0.051799999937429675, ""K2_retrieval"": 354.50029999992694, ""K3_reranker"": 1192.8866000000653, ""K8_weighted_ranking"": 1.425499999868407, ""K3_candidate_filters"": 7.769100000132312, ""K9_advisory_consensus"": 0.007699999969190685, ""K4_nli_and_bypass_check"": 43.56069999994361, ""K5_decision"": 0.4611999997905514}",5344
FACTURK-0393,DOĞRU,"[8836, 19180, 18799, 22100, 3722, 9341, 2283, 11989, 373, 7267, 23363, 26447, 1418, 8919, 27807, 25190, 26337, 1730, 19163, 2337]","[0.9935368895530701, 0.1946738213300705, 0.054701510816812515, 0.05707139894366264, 0.0038244836032390594, 0.0017342078499495983, 0.006168995052576065, 0.0007554056355729699, 0.004022909794002771, 0.12592275440692902, 0.002757622394710779, 0.015603534877300262, 0.0027683854568749666, 0.00014202363672666252, 0.004331501666456461, 0.0002780309587251395, 0.01621503196656704, 5.2662067901110277e-05, 0.0005725466180592775, 0.0019342610612511635]","[0.99853515625, 0.00041604042053222656, 0.0011224746704101562]","[0.99853515625, 0.00041604042053222656, 0.0011224746704101562]",False,YETERSİZ VERİ,KISMI,True,False,1127.5347000000693,"{""K1_input_and_readiness"": 0.061200000118333264, ""K7_context"": 0.0016999999843392288, ""K1_normalization"": 0.011299999869152089, ""K6_advisory"": 35.833500000080676, ""K1_intent"": 0.0473000000056345, ""K2_retrieval"": 243.2573000000957, ""K3_reranker"": 683.3811000001333, ""K8_weighted_ranking"": 1.4375000000654836, ""K3_candidate_filters"": 7.426599999917016, ""K9_advisory_consensus"": 0.008100000059130252, ""K4_nli_and_bypass_check"": 104.74619999990864, ""K5_decision"": 48.098400000071706}",8836
FACTURK-0394,YALAN,"[19788, 2701, 15510, 14849, 28395, 1989, 5149, 23610, 3505, 14308, 27881, 6163, 14676, 20116, 29871, 21153, 21427, 3344, 14553, 9385]","[0.01572399213910103, 1.657145367062185e-05, 0.0013617033837363124, 2.4300241420860402e-05, 0.0005792917218059301, 0.0005378763889893889, 1.6442494597868063e-05, 1.6061610949691385e-05, 0.00043563017970882356, 1.6187581422855146e-05, 6.302758993115276e-05, 3.1201914680423215e-05, 1.657145367062185e-05, 0.0007763299508951604, 6.352188938762993e-05, 1.6314539607265033e-05, 4.1659583075670525e-05, 0.0003406293108128011, 1.6442494597868063e-05, 1.6442494597868063e-05]","[0.023956298828125, 0.95703125, 0.019134521484375]","[0.023956298828125, 0.95703125, 0.019134521484375]",False,YALAN,RED,False,False,2471.6495000000123,"{""K1_input_and_readiness"": 0.0499000000218075, ""K7_context"": 0.001199999815071351, ""K1_normalization"": 0.009500000032858225, ""K6_advisory"": 32.37629999989622, ""K1_intent"": 0.038599999925281736, ""K2_retrieval"": 236.5021999999044, ""K3_reranker"": 900.1561000000038, ""K8_weighted_ranking"": 1.831699999911507, ""K3_candidate_filters"": 9.659399999918605, ""K9_advisory_consensus"": 0.009399999953529914, ""K4_nli_and_bypass_check"": 680.6417999998757, ""K5_decision"": 607.1590999999898}",27881
FACTURK-0395,DOĞRU,"[22843, 21145, 20842, 23053, 29481, 4766, 13096, 8790, 25720, 29296, 21342, 22153, 14465, 23303, 2919, 19733, 21619, 20466, 9314, 11059]","[0.0008135565440170467, 0.00025118677876889706, 0.011463796719908714, 0.0005747861578129232, 0.0002824080875143409, 0.0002715921145863831, 1.967902426258661e-05, 0.00012931563833262771, 0.012576347216963768, 0.6196439266204834, 0.00013765462790615857, 0.00020342698553577065, 0.0007152324542403221, 7.905303937150165e-05, 0.0005658799782395363, 3.4001819585682824e-05, 0.0003770285693462938, 1.6314539607265033e-05, 0.0024726230185478926, 0.0011469158343970776]","[0.04449462890625, 0.953125, 0.002147674560546875]","[0.04449462890625, 0.953125, 0.002147674560546875]",False,YALAN,RED,False,False,579.0578999999525,"{""K1_input_and_readiness"": 0.04850000004807953, ""K7_context"": 0.0016999999843392288, ""K1_normalization"": 0.007000000096013537, ""K6_advisory"": 35.5207000000064, ""K1_intent"": 0.029799999992974335, ""K2_retrieval"": 205.84200000007513, ""K3_reranker"": 287.93980000000374, ""K8_weighted_ranking"": 1.058699999930468, ""K3_candidate_filters"": 5.966499999885855, ""K9_advisory_consensus"": 0.007899999900473631, ""K4_nli_and_bypass_check"": 38.79669999992075, ""K5_decision"": 0.2868999999918742}",29296
FACTURK-0396,YALAN,"[27420, 16440, 16134, 25537, 4586, 5237, 12375, 6734, 27900, 10743, 20831, 20214, 12312, 17036, 14293, 4744, 2242, 6269, 14636, 9988]","[0.011029469780623913, 0.0030515100806951523, 0.0002891032490879297, 0.001667882315814495, 0.0023688741493970156, 0.0002802109520416707, 8.349628478754312e-05, 0.9946150183677673, 0.0003583672805689275, 0.00043224150431342423, 0.00020662980386987329, 0.00028462239424698055, 0.0008459375239908695, 0.0009735437924973667, 1.657145367062185e-05, 0.00018093574908562005, 1.6061610949691385e-05, 0.002296159043908119, 0.07094483077526093, 0.00026530236937105656]","[0.99951171875, 0.00014448165893554688, 0.00025272369384765625]","[0.99951171875, 0.00014448165893554688, 0.00025272369384765625]",False,YALAN,UYARI,False,False,1181.1245000001236,"{""K1_input_and_readiness"": 0.055900000006658956, ""K7_context"": 0.001500000053056283, ""K1_normalization"": 0.009899999895424116, ""K6_advisory"": 35.65949999983786, ""K1_intent"": 0.03979999996772676, ""K2_retrieval"": 222.28199999995013, ""K3_reranker"": 650.5776000001333, ""K8_weighted_ranking"": 1.4137999999093154, ""K3_candidate_filters"": 7.12799999996605, ""K9_advisory_consensus"": 0.007900000127847306, ""K4_nli_and_bypass_check"": 142.12189999989278, ""K5_decision"": 118.14619999995557}",6734
FACTURK-0397,YALAN,"[16260, 27647, 14848, 1336, 5499, 1070, 7152, 767, 4672, 13993, 22423, 7198, 11102, 12102, 10999, 29379, 16162, 1970, 1546, 11965]","[0.24490438401699066, 0.0011073390487581491, 0.053304679691791534, 0.004101929254829884, 0.0333368256688118, 8.750300185056403e-05, 0.00013342000602278858, 2.178264912799932e-05, 0.00021995337738189846, 0.0008231385727412999, 0.00018961740715894848, 1.6314539607265033e-05, 0.004451041109859943, 4.683888619183563e-05, 2.908344322349876e-05, 0.0005680934991687536, 1.6187581422855146e-05, 0.0007379196467809379, 0.0010083435336127877, 0.0003029734070878476]","[0.2086181640625, 0.7880859375, 0.00316619873046875]","[0.2086181640625, 0.7880859375, 0.00316619873046875]",False,YETERSİZ VERİ,RET,True,False,1735.2937000000566,"{""K1_input_and_readiness"": 0.05289999990054639, ""K7_context"": 0.0016999999843392288, ""K1_normalization"": 0.010200000133409048, ""K6_advisory"": 35.33079999988331, ""K1_intent"": 0.052699999969263445, ""K2_retrieval"": 232.62109999996028, ""K3_reranker"": 650.0186999999187, ""K8_weighted_ranking"": 1.3810999998895568, ""K3_candidate_filters"": 6.894099999954051, ""K9_advisory_consensus"": 0.007099999947968172, ""K4_nli_and_bypass_check"": 415.1225999999042, ""K5_decision"": 389.98190000006616}",14848
FACTURK-0398,YALAN,"[28547, 27453, 11479, 9150, 2984, 30347, 15675, 27219, 2498, 1272, 11668, 6336, 25178, 25429, 26587, 23681, 29590, 26537, 8602, 8347]","[0.027376487851142883, 0.005511934403330088, 0.011597361415624619, 0.0016613906482234597, 0.0003406293108128011, 0.8608377575874329, 0.00029137005913071334, 0.0002492325147613883, 0.0003697388747241348, 0.0018458482809364796, 4.331903619458899e-05, 0.10576342046260834, 0.0009473089594393969, 0.03210070729255676, 0.0003770285693462938, 0.006338921841233969, 0.09334687888622284, 5.874842099728994e-05, 2.93115390377352e-05, 6.553815910592675e-05]","[0.00037598609924316406, 0.99853515625, 0.0010766983032226562]","[0.00037598609924316406, 0.99853515625, 0.0010766983032226562]",False,YALAN,UYARI,False,False,1223.4242000001814,"{""K1_input_and_readiness"": 12.972200000149314, ""K7_context"": 0.0018999999156221747, ""K1_normalization"": 0.01539999993838137, ""K6_advisory"": 34.03060000005098, ""K1_intent"": 0.0980999998319021, ""K2_retrieval"": 282.24039999986417, ""K3_reranker"": 858.233600000176, ""K8_weighted_ranking"": 1.2630999999601045, ""K3_candidate_filters"": 6.261499999936859, ""K9_advisory_consensus"": 0.007200000027296483, ""K4_nli_and_bypass_check"": 23.39849999998478, ""K5_decision"": 0.25839999989329954}",30347
FACTURK-0399,YALAN,"[27242, 28388, 24277, 15675, 6270, 12161, 25857, 7776, 6047, 15663, 648, 6261, 26355, 1499, 4682, 15874, 21358, 1970, 4724, 28198]","[0.9291837811470032, 0.006903838831931353, 0.001483718864619732, 0.0001500056532677263, 0.5840932130813599, 0.005774929653853178, 0.14010079205036163, 0.05439931899309158, 0.06903792917728424, 0.26961395144462585, 0.8858291506767273, 0.10687687993049622, 0.005080036818981171, 0.00014091856428422034, 4.832564081880264e-05, 0.00015356240328401327, 0.0013458604225888848, 0.01737566478550434, 0.00035976938670501113, 5.694102947018109e-05]","[0.0013570785522460938, 0.02862548828125, 0.97021484375]","[0.0013570785522460938, 0.02862548828125, 0.97021484375]",False,DOĞRU,ONAY,False,False,1277.4464000001444,"{""K1_input_and_readiness"": 0.07189999996626284, ""K7_context"": 0.0012999998943996616, ""K1_normalization"": 0.01330000009147625, ""K6_advisory"": 34.272800000053394, ""K1_intent"": 0.05069999997431296, ""K2_retrieval"": 299.8030999999628, ""K3_reranker"": 885.2386999999453, ""K8_weighted_ranking"": 1.3979000000290398, ""K3_candidate_filters"": 7.267400000046109, ""K9_advisory_consensus"": 0.007699999969190685, ""K4_nli_and_bypass_check"": 45.44719999989866, ""K5_decision"": 0.42800000005627226}",15663
FACTURK-0400,YALAN,"[28204, 22879, 6846, 13194, 17036, 13020, 28719, 17535, 28590, 22096, 27202, 17534, 15745, 10086, 13059, 15077, 27163, 27201, 17563, 29565]","[0.0030753696337342262, 5.1845658163074404e-05, 0.0003889921063091606, 7.197912054834887e-05, 1.7097478121286258e-05, 0.0001699752756394446, 0.000570315751247108, 0.00027586790383793414, 0.009936418384313583, 0.0030994154512882233, 3.426849070820026e-05, 0.0014607495395466685, 0.00020184421737212688, 2.8409744118107483e-05, 1.7231572201126255e-05, 1.657145367062185e-05, 0.47826993465423584, 0.0002824080875143409, 2.265035072923638e-05, 1.6187581422855146e-05]","[0.00140380859375, 0.99169921875, 0.006717681884765625]","[0.00140380859375, 0.99169921875, 0.006717681884765625]",False,DOĞRU,ONAY,False,False,2012.3317000000043,"{""K1_input_and_readiness"": 0.055900000006658956, ""K7_context"": 0.0013999999737279722, ""K1_normalization"": 0.009999999974752427, ""K6_advisory"": 35.492900000008376, ""K1_intent"": 0.036399999999048305, ""K2_retrieval"": 223.78120000007584, ""K3_reranker"": 891.6659000001346, ""K8_weighted_ranking"": 1.1784000000716333, ""K3_candidate_filters"": 6.1399999999594, ""K9_advisory_consensus"": 0.006699999858028605, ""K4_nli_and_bypass_check"": 452.9787999999826, ""K5_decision"": 396.50350000010803}",28719
FACTURK-0401,DOĞRU,"[9711, 11529, 13077, 700, 15264, 15675, 11334, 17161, 25178, 1766, 26355, 21518, 9323, 4119, 20449, 6336, 24625, 6473, 30215, 9150]","[0.0009039677679538727, 0.00978387612849474, 0.0007854739669710398, 0.00049553596181795, 0.008847354911267757, 0.000317508791340515, 0.0014721895568072796, 0.14235107600688934, 0.0005442132824100554, 0.00031258779927156866, 0.003914823289960623, 0.00012731103925034404, 0.02742854133248329, 1.922317096614279e-05, 0.0005861161625944078, 0.0077555361203849316, 0.005819959100335836, 1.6442494597868063e-05, 3.6764631659025326e-05, 0.21833586692810059]","[0.0020427703857421875, 0.97265625, 0.0254364013671875]","[0.0020427703857421875, 0.97265625, 0.0254364013671875]",False,YALAN,UYARI,False,False,1399.7518999999556,"{""K1_input_and_readiness"": 0.08460000003651658, ""K7_context"": 0.0015999999050109182, ""K1_normalization"": 0.014500000133921276, ""K6_advisory"": 35.88909999984935, ""K1_intent"": 0.05529999998543644, ""K2_retrieval"": 304.8957999999402, ""K3_reranker"": 972.6352000000134, ""K8_weighted_ranking"": 1.7385000001013395, ""K3_candidate_filters"": 12.267500000007203, ""K9_advisory_consensus"": 0.01240000005964248, ""K4_nli_and_bypass_check"": 65.20120000004681, ""K5_decision"": 0.5407999999533786}",9150
FACTURK-0402,YALAN,"[16053, 11547, 17599, 30013, 11774, 17616, 9653, 13879, 3512, 1365, 12230, 29973, 26573, 14555, 1337, 15844, 28451, 404, 25396, 6404]","[0.002934951800853014, 0.0024822766426950693, 0.009232213720679283, 0.39992883801460266, 0.0008295892039313912, 0.0024249141570180655, 1.6442494597868063e-05, 0.0015916259726509452, 0.008881675079464912, 0.002115703420713544, 0.0019342610612511635, 0.0031480707693845034, 0.009485713206231594, 0.0042151594534516335, 0.014615669846534729, 0.0008693674462847412, 0.006388320587575436, 0.003135835751891136, 1.657145367062185e-05, 0.0010649627074599266]","[0.0025005340576171875, 0.99658203125, 0.0006809234619140625]","[0.0025005340576171875, 0.99658203125, 0.0006809234619140625]",False,YALAN,RED,False,False,1775.4112000000077,"{""K1_input_and_readiness"": 0.09389999991071818, ""K7_context"": 0.002699999868127634, ""K1_normalization"": 0.017299999854003545, ""K6_advisory"": 44.12559999991572, ""K1_intent"": 0.07359999995060207, ""K2_retrieval"": 292.8681000000779, ""K3_reranker"": 328.0266000001575, ""K8_weighted_ranking"": 1.5144999999847641, ""K3_candidate_filters"": 7.683999999926527, ""K9_advisory_consensus"": 0.006999999868639861, ""K4_nli_and_bypass_check"": 523.2963000000836, ""K5_decision"": 573.5899000001154}",11547
FACTURK-0403,YALAN,"[12901, 27017, 1424, 5087, 8740, 4093, 21855, 21475, 25758, 29403, 1959, 14299, 11552, 6984, 19208, 27522, 8564, 15780, 6232, 18297]","[0.9917803406715393, 0.004718369338661432, 0.005469274241477251, 0.00042388474685139954, 0.0013302015140652657, 0.0003150386910419911, 0.0005295418086461723, 0.005405900068581104, 0.0011160142021253705, 0.015543648041784763, 0.00048029719619080424, 0.00023597174731548876, 0.00026323829661123455, 0.0003366621967870742, 0.0026834397576749325, 0.0003029734070878476, 0.00015356240328401327, 0.008251599036157131, 0.0003301527176517993, 0.00010229986219201237]","[0.99951171875, 0.0003094673156738281, 0.0004036426544189453]","[0.99951171875, 0.0003094673156738281, 0.0004036426544189453]",False,YALAN,UYARI,False,False,1827.4897999999666,"{""K1_input_and_readiness"": 0.06510000002890592, ""K7_context"": 0.001799999836293864, ""K1_normalization"": 0.012299999980314169, ""K6_advisory"": 35.90870000016366, ""K1_intent"": 0.040900000158217154, ""K2_retrieval"": 239.41340000010314, ""K3_reranker"": 1061.9911999999658, ""K8_weighted_ranking"": 1.6920000000482105, ""K3_candidate_filters"": 9.22679999985121, ""K9_advisory_consensus"": 0.011099999937869143, ""K4_nli_and_bypass_check"": 276.5505000002122, ""K5_decision"": 198.2265000001462}",12901
FACTURK-0404,DOĞRU,"[29892, 19997, 17351, 6832, 2839, 14232, 6336, 2949, 15848, 8849, 24209, 431, 12288, 9150, 23277, 28494, 20071, 12658, 16355, 7592]","[0.10123348236083984, 0.0012545944191515446, 0.05242456495761871, 0.007232763804495335, 0.1201288029551506, 0.005554925184696913, 0.006314364727586508, 0.02600678615272045, 0.029201289638876915, 0.009633651934564114, 0.013121271505951881, 0.02048855647444725, 0.00020502213737927377, 0.0033374049235135317, 0.04629189893603325, 0.021044565364718437, 0.039268750697374344, 0.00021152888075448573, 0.06941547244787216, 0.0032986511941999197]","[0.0009331703186035156, 0.998046875, 0.0011501312255859375]","[0.0009331703186035156, 0.998046875, 0.0011501312255859375]",False,YALAN,UYARI,False,False,1397.8713000001335,"{""K1_input_and_readiness"": 0.0747999999930471, ""K7_context"": 0.006500000154119334, ""K1_normalization"": 0.0113999999484804, ""K6_advisory"": 34.87880000011501, ""K1_intent"": 0.0359000000571541, ""K2_retrieval"": 244.62049999988267, ""K3_reranker"": 1059.091399999943, ""K8_weighted_ranking"": 1.6445999999632477, ""K3_candidate_filters"": 9.69159999999647, ""K9_advisory_consensus"": 0.009999999974752427, ""K4_nli_and_bypass_check"": 30.307900000025256, ""K5_decision"": 0.17750000006344635}",29892
FACTURK-0405,YALAN,"[635, 23681, 4775, 6119, 13440, 19914, 28793, 15179, 29590, 11628, 20402, 2235, 29763, 7209, 29036, 19672, 4720, 8846, 20151, 21731]","[0.005281333811581135, 0.00020502213737927377, 4.1659583075670525e-05, 2.8409744118107483e-05, 0.0003199982165824622, 1.7640199075685814e-05, 7.031184941297397e-05, 1.8200149497715756e-05, 1.67014204635052e-05, 1.6061610949691385e-05, 1.6187581422855146e-05, 0.00013658353418577462, 3.852893496514298e-05, 1.6314539607265033e-05, 1.6061610949691385e-05, 3.5633544030133635e-05, 0.000317508791340515, 1.750292540236842e-05, 2.3007036361377686e-05, 5.104190859128721e-05]","[8.410215377807617e-05, 0.0005373954772949219, 0.99951171875]","[8.410215377807617e-05, 0.0005373954772949219, 0.99951171875]",False,YETERSİZ VERİ,KISMI,True,False,953.7714000000506,"{""K1_input_and_readiness"": 0.06869999992886733, ""K7_context"": 0.0016999999843392288, ""K1_normalization"": 0.015000000075815478, ""K6_advisory"": 43.058200000132274, ""K1_intent"": 0.06220000000212167, ""K2_retrieval"": 316.90210000010666, ""K3_reranker"": 505.9214999998858, ""K8_weighted_ranking"": 2.0391999998992105, ""K3_candidate_filters"": 10.4326000000583, ""K9_advisory_consensus"": 0.00969999996414117, ""K4_nli_and_bypass_check"": 66.50860000013381, ""K5_decision"": 0.7135999999263731}",635
FACTURK-0406,DOĞRU,"[21898, 28168, 5018, 14008, 635, 20355, 25980, 26758, 10680, 24661, 21100, 5995, 5665, 3213, 24527, 5174, 1970, 24967, 25537, 8102]","[0.14706450700759888, 0.23161423206329346, 0.2073751986026764, 0.005001672077924013, 0.005865338258445263, 0.010052368976175785, 0.16749083995819092, 0.020924191921949387, 0.000539980421308428, 8.750300185056403e-05, 0.0002234163403045386, 1.683241134742275e-05, 0.0003275842755101621, 0.008315778337419033, 1.7097478121286258e-05, 1.683241134742275e-05, 0.0039454069919884205, 0.0006771942134946585, 0.0024343819823116064, 1.8631746570463292e-05]","[0.0005755424499511719, 0.9990234375, 0.0003695487976074219]","[0.0005755424499511719, 0.9990234375, 0.0003695487976074219]",False,YALAN,UYARI,False,False,4114.961499999936,"{""K1_input_and_readiness"": 0.2386000001024513, ""K7_context"": 0.002300000005561742, ""K1_normalization"": 0.04949999993186793, ""K6_advisory"": 73.34130000003825, ""K1_intent"": 0.10010000005422626, ""K2_retrieval"": 668.2210999999825, ""K3_reranker"": 3300.25169999999, ""K8_weighted_ranking"": 2.2441999999500695, ""K3_candidate_filters"": 10.052399999949557, ""K9_advisory_consensus"": 0.015000000075815478, ""K4_nli_and_bypass_check"": 55.82770000000892, ""K5_decision"": 0.3044000000045344}",635
FACTURK-0407,YALAN,"[14727, 5593, 13220, 23269, 18318, 21875, 19283, 11728, 22582, 25421, 20982, 3326, 23464, 30027, 27649, 6858, 22834, 5602, 26506, 22192]","[0.6909762620925903, 0.029816539958119392, 1.8342892872169614e-05, 0.0010566838318482041, 0.0004124558763578534, 2.8409744118107483e-05, 1.805851934477687e-05, 0.0004655269149225205, 0.0002611903182696551, 0.000159678646014072, 1.67014204635052e-05, 1.922317096614279e-05, 1.6442494597868063e-05, 1.7640199075685814e-05, 2.3737338779028505e-05, 1.6442494597868063e-05, 2.2474090656032786e-05, 4.469407213036902e-05, 1.683241134742275e-05, 1.8200149497715756e-05]","[0.004180908203125, 0.99267578125, 0.0031528472900390625]","[0.004180908203125, 0.99267578125, 0.0031528472900390625]",False,YALAN,UYARI,False,False,1018.7877999999273,"{""K1_input_and_readiness"": 0.048900000138019095, ""K7_context"": 0.001500000053056283, ""K1_normalization"": 0.008900000011635711, ""K6_advisory"": 37.32879999984107, ""K1_intent"": 0.03839999999399879, ""K2_retrieval"": 262.0719999999892, ""K3_reranker"": 667.1372000000702, ""K8_weighted_ranking"": 1.429099999995742, ""K3_candidate_filters"": 7.425999999895794, ""K9_advisory_consensus"": 0.008200000138458563, ""K4_nli_and_bypass_check"": 39.28370000016912, ""K5_decision"": 0.3653000001122564}",14727
FACTURK-0408,YALAN,"[15724, 4452, 15457, 18777, 7556, 9319, 13795, 13967, 12783, 10932, 21211, 22914, 4460, 9477, 26082, 29031, 22538, 25304, 21495, 13048]","[0.01640303246676922, 0.28876960277557373, 0.004348381422460079, 0.03397199511528015, 1.683241134742275e-05, 0.22661244869232178, 0.0037072531413286924, 0.044431429356336594, 0.10894504189491272, 0.0003199982165824622, 2.355261858610902e-05, 0.03853849694132805, 0.12885363399982452, 0.008677716366946697, 0.007876706309616566, 1.6314539607265033e-05, 0.045777276158332825, 1.6314539607265033e-05, 0.0007321811863221228, 0.005021149758249521]","[0.0005950927734375, 0.99853515625, 0.0007519721984863281]","[0.0005950927734375, 0.99853515625, 0.0007519721984863281]",False,YALAN,UYARI,False,False,1504.3824000001678,"{""K1_input_and_readiness"": 0.06500000017695129, ""K7_context"": 0.0016999999843392288, ""K1_normalization"": 0.012299999980314169, ""K6_advisory"": 36.52120000015202, ""K1_intent"": 0.0612999999702879, ""K2_retrieval"": 274.25610000000233, ""K3_reranker"": 1145.9078000000318, ""K8_weighted_ranking"": 1.6812999999729072, ""K3_candidate_filters"": 8.072800000036295, ""K9_advisory_consensus"": 0.008099999831756577, ""K4_nli_and_bypass_check"": 33.67000000002918, ""K5_decision"": 0.37859999997635896}",4460
FACTURK-0409,YALAN,"[2149, 19970, 8006, 3129, 28204, 25156, 3810, 10423, 5540, 16332, 27010, 13433, 24615, 22931, 12486, 6531, 1300, 20105, 23881, 4182]","[0.08344116806983948, 0.00014091856428422034, 1.657145367062185e-05, 0.0009039677679538727, 0.0001097509084502235, 1.6187581422855146e-05, 1.67014204635052e-05, 1.6061610949691385e-05, 1.6061610949691385e-05, 8.614650869276375e-05, 8.220189192797989e-05, 6.761842087144032e-05, 0.0002415662893326953, 0.0001699752756394446, 1.6187581422855146e-05, 9.17019642656669e-05, 2.8632557587116025e-05, 0.0003199982165824622, 1.6314539607265033e-05, 6.976470467634499e-05]","[0.0031585693359375, 0.00852203369140625, 0.98828125]","[0.0031585693359375, 0.00852203369140625, 0.98828125]",False,YALAN,RED,False,False,2137.300299999879,"{""K1_input_and_readiness"": 0.052599999889935134, ""K7_context"": 0.001500000053056283, ""K1_normalization"": 0.01059999999597494, ""K6_advisory"": 37.62090000009266, ""K1_intent"": 0.04239999998389976, ""K2_retrieval"": 246.6620000000148, ""K3_reranker"": 1207.3252999998658, ""K8_weighted_ranking"": 1.2004000000160886, ""K3_candidate_filters"": 6.29890000004707, ""K9_advisory_consensus"": 0.007599999889862374, ""K4_nli_and_bypass_check"": 300.7093999999597, ""K5_decision"": 333.58479999992596}",2149
FACTURK-0410,YALAN,"[24630, 21674, 27242, 29199, 20266, 26267, 4222, 30084, 12611, 27823, 3328, 861, 16539, 24661, 7028, 19468, 13467, 8836, 21737, 3300]","[0.006168995052576065, 0.0035936026833951473, 0.6349961161613464, 0.00034196203341707587, 0.008348053321242332, 1.6061610949691385e-05, 0.007907291874289513, 0.034100424498319626, 2.030369250860531e-05, 3.70529705833178e-05, 0.0009290033485740423, 0.00035557945375330746, 0.0006905414629727602, 7.9673009167891e-05, 0.003538086311891675, 3.4001819585682824e-05, 0.0010403185151517391, 0.00038296362617984414, 0.0004092474700883031, 0.00019411319226492196]","[0.00739288330078125, 0.861328125, 0.1312255859375]","[0.00739288330078125, 0.861328125, 0.1312255859375]",False,DOĞRU,ONAY,False,False,3111.9836000000305,"{""K1_input_and_readiness"": 0.07870000013099343, ""K7_context"": 0.0016000001323845936, ""K1_normalization"": 0.013100000160193304, ""K6_advisory"": 36.49840000002769, ""K1_intent"": 0.0582000000122207, ""K2_retrieval"": 252.15079999998125, ""K3_reranker"": 1813.8347000001431, ""K8_weighted_ranking"": 1.3981999998122774, ""K3_candidate_filters"": 7.45439999991504, ""K9_advisory_consensus"": 0.010700000075303251, ""K4_nli_and_bypass_check"": 498.95680000008724, ""K5_decision"": 497.08319999990636}",30084
FACTURK-0411,DOĞRU,"[8583, 12534, 9657, 13043, 9405, 14887, 4791, 13534, 12699, 20248, 2235, 9131, 18096, 27270, 22357, 13101, 12349, 25873, 28328, 11988]","[3.1941821362124756e-05, 0.008610767312347889, 0.004627529997378588, 0.0006641048239544034, 8.349628478754312e-05, 0.00220838887616992, 0.00048406238784082234, 0.0008492455235682428, 0.0008135565440170467, 0.0006745558930560946, 9.83811987680383e-05, 0.0014721895568072796, 0.00016603845870122313, 0.0001823546044761315, 0.005426943302154541, 0.0005295418086461723, 0.07146149128675461, 4.870464181294665e-05, 0.0005484792054630816, 0.0007885457598604262]","[0.0010929107666015625, 0.07611083984375, 0.9228515625]","[0.0010929107666015625, 0.07611083984375, 0.9228515625]",False,DOĞRU,ONAY,False,False,1355.3803999998308,"{""K1_input_and_readiness"": 0.0555999999960477, ""K7_context"": 0.0018000000636675395, ""K1_normalization"": 0.012699999842880061, ""K6_advisory"": 38.65789999986191, ""K1_intent"": 0.06680000001324515, ""K2_retrieval"": 267.39580000003116, ""K3_reranker"": 1010.4807999998684, ""K8_weighted_ranking"": 1.6299000001254171, ""K3_candidate_filters"": 6.597600000077364, ""K9_advisory_consensus"": 0.006699999858028605, ""K4_nli_and_bypass_check"": 25.958499999887863, ""K5_decision"": 0.4182000000128028}",12349
FACTURK-0412,DOĞRU,"[25558, 9754, 12923, 14076, 20544, 14240, 6486, 3535, 29982, 28968, 27024, 23260, 9374, 2065, 20627, 10088, 9756, 16569, 8462, 27144]","[0.6085359454154968, 0.0018243826925754547, 0.0005725466180592775, 9.610241977497935e-05, 0.0009039677679538727, 0.00035419364576227963, 0.00012632041762117296, 0.0005092656938359141, 6.868317723274231e-05, 0.0004124558763578534, 0.0003053489199373871, 5.144220995134674e-05, 0.0003569706459529698, 6.302758993115276e-05, 1.8200149497715756e-05, 0.0001511819864390418, 0.00204276479780674, 0.8602518439292908, 4.539786823443137e-05, 0.0005614787805825472]","[0.061859130859375, 0.775390625, 0.162841796875]","[0.061859130859375, 0.775390625, 0.162841796875]",False,YALAN,RED,False,False,956.1295000000882,"{""K1_input_and_readiness"": 0.08850000017446291, ""K7_context"": 0.00389999991057266, ""K1_normalization"": 0.01950000000761065, ""K6_advisory"": 36.69649999983449, ""K1_intent"": 0.038200000062715844, ""K2_retrieval"": 197.55529999997634, ""K3_reranker"": 286.5117999999711, ""K8_weighted_ranking"": 1.3369000000693632, ""K3_candidate_filters"": 7.47799999999188, ""K9_advisory_consensus"": 0.008100000059130252, ""K4_nli_and_bypass_check"": 219.8449999998502, ""K5_decision"": 202.88579999987633}",25558
FACTURK-0413,DOĞRU,"[2640, 1116, 21853, 12460, 20696, 27566, 11323, 28252, 11736, 9834, 23417, 48, 18206, 21717, 28285, 15736, 12905, 16428, 2735, 20378]","[0.996434211730957, 2.977311669383198e-05, 0.0006462032906711102, 2.449082603561692e-05, 1.7917987861437723e-05, 6.402006692951545e-05, 1.6061610949691385e-05, 1.67014204635052e-05, 1.6187581422855146e-05, 0.0008393599418923259, 0.0004673480580095202, 0.0006312434561550617, 2.6897845600615256e-05, 1.6061610949691385e-05, 9.098840382648632e-05, 2.5466406441410072e-05, 0.000159678646014072, 1.6187581422855146e-05, 5.9673518990166485e-05, 8.957788668340072e-05]","[0.9990234375, 0.0005326271057128906, 0.0004782676696777344]","[0.9990234375, 0.0005326271057128906, 0.0004782676696777344]",False,DOĞRU,ONAY,False,False,1037.6109999999699,"{""K1_input_and_readiness"": 0.048699999979362474, ""K7_context"": 0.0016999999843392288, ""K1_normalization"": 0.008999999863590347, ""K6_advisory"": 35.057499999993524, ""K1_intent"": 0.03199999991920777, ""K2_retrieval"": 202.21300000002884, ""K3_reranker"": 622.9312000000391, ""K8_weighted_ranking"": 1.104300000179137, ""K3_candidate_filters"": 5.97379999999248, ""K9_advisory_consensus"": 0.006900000016685226, ""K4_nli_and_bypass_check"": 101.28779999990911, ""K5_decision"": 64.82449999998607}",2640
FACTURK-0414,YALAN,"[14200, 13022, 17867, 5253, 1134, 25536, 26210, 291, 5989, 11398, 16881, 14933, 10077, 23063, 23684, 28917, 9631, 19753, 3025, 23178]","[0.11338309943675995, 0.00036829791497439146, 0.007066400721669197, 0.00032503585680387914, 0.00026738259475678205, 0.03676946833729744, 0.005774929653853178, 0.01590639166533947, 0.00821969285607338, 0.0061212810687720776, 0.6192986369132996, 0.0014664583140984178, 0.10725032538175583, 0.000552778656128794, 0.08601588010787964, 0.001151399570517242, 0.0002269338583573699, 0.005099818110466003, 0.0012943679466843605, 0.0002251682453788817]","[0.0011386871337890625, 0.962890625, 0.035797119140625]","[0.0011386871337890625, 0.962890625, 0.035797119140625]",False,YALAN,UYARI,False,False,2380.259199999955,"{""K1_input_and_readiness"": 0.06029999985912582, ""K7_context"": 0.001500000053056283, ""K1_normalization"": 0.011899999890374602, ""K6_advisory"": 34.49040000009518, ""K1_intent"": 0.0884000000951346, ""K2_retrieval"": 261.0374999999294, ""K3_reranker"": 684.7932999999102, ""K8_weighted_ranking"": 1.2991999999485415, ""K3_candidate_filters"": 7.052599999951781, ""K9_advisory_consensus"": 0.008200000138458563, ""K4_nli_and_bypass_check"": 690.1368999999704, ""K5_decision"": 697.0512999998846}",14200
FACTURK-0415,DOĞRU,"[1375, 10701, 3786, 12334, 12098, 1388, 4166, 26261, 17263, 8254, 25180, 28319, 14613, 28462, 17165, 26229, 15769, 8832, 20428, 19903]","[0.001085944357328117, 0.0012448433553799987, 2.265035072923638e-05, 0.00021485926117748022, 1.6187581422855146e-05, 1.6442494597868063e-05, 0.00039666122756898403, 1.6442494597868063e-05, 7.141901005525142e-05, 2.0462934116949327e-05, 0.005119676236063242, 4.0694576455280185e-05, 1.750292540236842e-05, 0.004591683857142925, 1.6061610949691385e-05, 3.619466951931827e-05, 1.6187581422855146e-05, 1.6314539607265033e-05, 1.6187581422855146e-05, 2.6274772608303465e-05]","[0.012054443359375, 0.98681640625, 0.0011663436889648438]","[0.012054443359375, 0.98681640625, 0.0011663436889648438]",False,YETERSİZ VERİ,RET,True,False,1665.0538999999753,"{""K1_input_and_readiness"": 0.07090000008247443, ""K7_context"": 0.002100000074278796, ""K1_normalization"": 0.014299999975264654, ""K6_advisory"": 36.16650000003574, ""K1_intent"": 0.03609999998843705, ""K2_retrieval"": 194.3848999999318, ""K3_reranker"": 626.8741000001228, ""K8_weighted_ranking"": 1.3469999998960702, ""K3_candidate_filters"": 7.563399999980902, ""K9_advisory_consensus"": 0.0227999998969608, ""K4_nli_and_bypass_check"": 424.8675000001185, ""K5_decision"": 368.32909999998265}",25180
FACTURK-0416,YALAN,"[6039, 4402, 331, 10905, 19286, 4975, 21449, 21506, 28232, 14232, 27460, 86, 23537, 3945, 136, 17161, 22929, 6189, 28672, 1406]","[0.0002492325147613883, 0.018264278769493103, 0.0005930210463702679, 0.005554925184696913, 0.005384937860071659, 0.00020988310279790312, 0.00012830943160224706, 0.0009362827986478806, 1.6061610949691385e-05, 0.04672495648264885, 1.657145367062185e-05, 0.009161027148365974, 1.6061610949691385e-05, 8.220189192797989e-05, 0.0060739340260624886, 0.0008969392511062324, 0.00013982206291984767, 0.0005770345451310277, 2.6480842279852368e-05, 0.0001699752756394446]","[0.005084991455078125, 0.611328125, 0.383544921875]","[0.005084991455078125, 0.611328125, 0.383544921875]",False,YETERSİZ VERİ,RET,True,False,2053.702899999962,"{""K1_input_and_readiness"": 0.06909999979143322, ""K7_context"": 0.0013999999737279722, ""K1_normalization"": 0.030700000024808105, ""K6_advisory"": 36.01430000003347, ""K1_intent"": 0.04379999995762773, ""K2_retrieval"": 211.03210000001127, ""K3_reranker"": 685.1708000001508, ""K8_weighted_ranking"": 1.3552000000345288, ""K3_candidate_filters"": 6.874800000105097, ""K9_advisory_consensus"": 0.007099999947968172, ""K4_nli_and_bypass_check"": 532.2320000000218, ""K5_decision"": 577.4900000001253}",14232
FACTURK-0417,DOĞRU,"[3016, 24512, 27939, 5730, 4573, 20675, 6028, 3008, 10764, 12664, 20948, 8563, 4708, 2498, 3328, 11195, 5203, 13365, 25798, 1122]","[0.00014653129619546235, 0.00014313739666249603, 0.000192602863535285, 0.00026530236937105656, 0.0016484829830005765, 0.00026947917649522424, 7.311254739761353e-05, 7.141901005525142e-05, 1.7640199075685814e-05, 0.0029694451950490475, 0.02970374934375286, 1.6314539607265033e-05, 1.7778551409719512e-05, 3.2955729693640023e-05, 9.915272676153108e-05, 0.00048406238784082234, 0.002790037775412202, 0.0026010938454419374, 1.6314539607265033e-05, 1.7231572201126255e-05]","[0.0032749176025390625, 0.99560546875, 0.0013256072998046875]","[0.0032749176025390625, 0.99560546875, 0.0013256072998046875]",False,DOĞRU,ONAY,False,False,1609.1756000000714,"{""K1_input_and_readiness"": 0.05599999985861359, ""K7_context"": 0.0014000002011016477, ""K1_normalization"": 0.00959999988481286, ""K6_advisory"": 33.838299999843, ""K1_intent"": 0.03499999957057298, ""K2_retrieval"": 208.9617999999973, ""K3_reranker"": 638.1161999997857, ""K8_weighted_ranking"": 1.3795999998365005, ""K3_candidate_filters"": 6.957999999940512, ""K9_advisory_consensus"": 0.007999999979801942, ""K4_nli_and_bypass_check"": 365.1575999997476, ""K5_decision"": 350.4643000001124}",11195
FACTURK-0418,YALAN,"[21415, 13335, 959, 24015, 13795, 29403, 15297, 29365, 14105, 24613, 17227, 16619, 9527, 5496, 4452, 19484, 23686, 22218, 12265, 2000]","[0.0014269596431404352, 0.01750955730676651, 0.008711384609341621, 0.5323339700698853, 0.4607134461402893, 0.09235979616641998, 0.009232213720679283, 2.566613329690881e-05, 0.010408313944935799, 0.0443485826253891, 0.00043055712012574077, 0.00214894930832088, 0.003579642390832305, 0.04328484088182449, 0.014615669846534729, 0.03767939284443855, 0.0022872276604175568, 0.004485794343054295, 0.03390795737504959, 0.060086652636528015]","[0.026580810546875, 0.9716796875, 0.0018939971923828125]","[0.026580810546875, 0.9716796875, 0.0018939971923828125]",False,YALAN,UYARI,False,False,3276.3567000001785,"{""K1_input_and_readiness"": 13.357099999666389, ""K7_context"": 0.0016999997569655534, ""K1_normalization"": 0.014700000065204222, ""K6_advisory"": 35.39099999989048, ""K1_intent"": 0.05829999963680166, ""K2_retrieval"": 277.2989999998572, ""K3_reranker"": 1130.6349999999838, ""K8_weighted_ranking"": 1.3077999997221923, ""K3_candidate_filters"": 9.33179999992717, ""K9_advisory_consensus"": 0.009800000043469481, ""K4_nli_and_bypass_check"": 967.8478999999243, ""K5_decision"": 837.4729000001935}",24015
FACTURK-0419,DOĞRU,"[2263, 4563, 28522, 26429, 18895, 22945, 9072, 13212, 16285, 736, 6412, 18134, 18466, 5082, 328, 7874, 2305, 758, 25747, 28405]","[0.1559762954711914, 0.04931359738111496, 0.004681822378188372, 4.469407213036902e-05, 0.0003029734070878476, 0.23074638843536377, 0.00032503585680387914, 0.0007885457598604262, 0.007815888151526451, 0.009412589482963085, 9.7615658887662e-05, 8.156224066624418e-05, 0.004773722495883703, 1.6964426322374493e-05, 0.006850480102002621, 1.6314539607265033e-05, 0.00034870431409217417, 0.004101929254829884, 1.6061610949691385e-05, 0.004365325905382633]","[0.0031261444091796875, 0.99658203125, 0.0004055500030517578]","[0.0031261444091796875, 0.99658203125, 0.0004055500030517578]",False,DOĞRU,ONAY,False,False,1796.2216000000808,"{""K1_input_and_readiness"": 0.056400000175926834, ""K7_context"": 0.0012999998943996616, ""K1_normalization"": 0.010199999906035373, ""K6_advisory"": 34.50840000004973, ""K1_intent"": 0.04099999978279811, ""K2_retrieval"": 255.8880000001409, ""K3_reranker"": 1450.1992000000428, ""K8_weighted_ranking"": 1.477199999953882, ""K3_candidate_filters"": 7.33589999981632, ""K9_advisory_consensus"": 0.008299999990413198, ""K4_nli_and_bypass_check"": 28.693899999780115, ""K5_decision"": 0.4337999998824671}",22945
FACTURK-0420,YALAN,"[23624, 17707, 13918, 16937, 5137, 11587, 2701, 1232, 26065, 9812, 15905, 5659, 28278, 28011, 24784, 23377, 26543, 26648, 11908, 4999]","[8.750300185056403e-05, 1.683241134742275e-05, 0.00028462239424698055, 0.00014883848780300468, 5.2662067901110277e-05, 1.6442494597868063e-05, 1.6061610949691385e-05, 1.6187581422855146e-05, 0.0059110685251653194, 1.7366719475830905e-05, 9.242113446816802e-05, 0.02881619706749916, 1.7366719475830905e-05, 0.0002492325147613883, 0.0005506247980520129, 1.805851934477687e-05, 2.0785171727766283e-05, 1.6964426322374493e-05, 1.6061610949691385e-05, 0.0014895173953846097]","[0.0036487579345703125, 0.986328125, 0.01003265380859375]","[0.0036487579345703125, 0.986328125, 0.01003265380859375]",False,YALAN,UYARI,False,False,2324.2919999997866,"{""K1_input_and_readiness"": 0.05069999997431296, ""K7_context"": 0.001500000053056283, ""K1_normalization"": 0.020400000266818097, ""K6_advisory"": 35.99960000019564, ""K1_intent"": 0.039600000036443816, ""K2_retrieval"": 226.05560000010883, ""K3_reranker"": 967.9621999998744, ""K8_weighted_ranking"": 1.5542000001005363, ""K3_candidate_filters"": 8.55299999966519, ""K9_advisory_consensus"": 0.009099999715544982, ""K4_nli_and_bypass_check"": 581.0412999999244, ""K5_decision"": 499.5697000003929}",5659
FACTURK-0421,YALAN,"[20918, 5519, 2830, 16277, 5488, 11845, 12130, 22939, 7660, 14775, 20923, 7649, 60, 27151, 6914, 3241, 19436, 10081, 2724, 2304]","[0.02280263602733612, 0.009974920190870762, 0.0026419467758387327, 0.007937993854284286, 0.001667882315814495, 0.10176784545183182, 0.002074867021292448, 0.05360114201903343, 0.003538086311891675, 0.0023688741493970156, 0.0012065897462889552, 0.0006771942134946585, 1.805851934477687e-05, 4.9086618673754856e-05, 0.00014313739666249603, 0.000758359965402633, 0.005980330519378185, 0.40397825837135315, 8.284655632451177e-05, 0.0022694687359035015]","[0.83349609375, 0.1456298828125, 0.0207061767578125]","[0.83349609375, 0.1456298828125, 0.0207061767578125]",False,YALAN,UYARI,False,False,952.9095000002599,"{""K1_input_and_readiness"": 0.04170000011072261, ""K7_context"": 0.0015999999050109182, ""K1_normalization"": 0.0073999999585794285, ""K6_advisory"": 37.89199999982884, ""K1_intent"": 0.0434999997196428, ""K2_retrieval"": 181.72080000022106, ""K3_reranker"": 414.40590000001976, ""K8_weighted_ranking"": 1.7437999999856402, ""K3_candidate_filters"": 9.639099999731116, ""K9_advisory_consensus"": 0.010199999906035373, ""K4_nli_and_bypass_check"": 166.18510000034803, ""K5_decision"": 136.8662999998378}",27151
FACTURK-0422,YALAN,"[7487, 8774, 1956, 3567, 4432, 18538, 8652, 21422, 7736, 9393, 18977, 16946, 2534, 27218, 13574, 7834, 4987, 23946, 7761, 24706]","[0.9207897186279297, 0.0009004466701298952, 0.002182716503739357, 0.0007014083093963563, 0.0015792594058439136, 0.0003640086797531694, 0.0011291546979919076, 0.0020111582707613707, 0.005641908384859562, 0.000347345310728997, 6.657015910604969e-05, 0.0010362669127061963, 0.0012065897462889552, 0.00038747614598833025, 6.352188938762993e-05, 0.00014313739666249603, 0.00012632041762117296, 0.005641908384859562, 1.657145367062185e-05, 0.005469274241477251]","[0.98779296875, 0.0098419189453125, 0.0021915435791015625]","[0.98779296875, 0.0098419189453125, 0.0021915435791015625]",False,YALAN,UYARI,False,False,941.1630999998124,"{""K1_input_and_readiness"": 0.08139999999912106, ""K7_context"": 0.003000000106112566, ""K1_normalization"": 0.01609999981155852, ""K6_advisory"": 36.77030000017112, ""K1_intent"": 0.04080000007888884, ""K2_retrieval"": 222.39630000012767, ""K3_reranker"": 638.1853000002593, ""K8_weighted_ranking"": 1.344999999673746, ""K3_candidate_filters"": 7.334499999615218, ""K9_advisory_consensus"": 0.008700000307726441, ""K4_nli_and_bypass_check"": 30.084500000157277, ""K5_decision"": 0.567700000374316}",7487
FACTURK-0423,DOĞRU,"[7288, 22754, 29572, 28582, 10220, 15747, 18427, 28927, 5739, 26267, 7122, 13321, 12890, 28463, 8833, 4376, 17883, 9299, 2262, 16683]","[1.6314539607265033e-05, 3.2955729693640023e-05, 0.00011501735571073368, 4.6474400733131915e-05, 0.0007124459953047335, 3.4001819585682824e-05, 0.00027372167096473277, 1.7097478121286258e-05, 0.0002396868512732908, 1.750292540236842e-05, 1.6187581422855146e-05, 4.469407213036902e-05, 2.0785171727766283e-05, 1.657145367062185e-05, 0.001151399570517242, 1.6187581422855146e-05, 0.0006745558930560946, 0.00046190584544092417, 2.265035072923638e-05, 0.0020667945500463247]","[0.0008344650268554688, 0.9296875, 0.06951904296875]","[0.0008344650268554688, 0.9296875, 0.06951904296875]",False,DOĞRU,ONAY,False,False,1821.3786000001164,"{""K1_input_and_readiness"": 0.06249999978535925, ""K7_context"": 0.0015999999050109182, ""K1_normalization"": 0.011900000117748277, ""K6_advisory"": 37.99399999979869, ""K1_intent"": 0.05899999996472616, ""K2_retrieval"": 197.73680000025706, ""K3_reranker"": 933.8964999997188, ""K8_weighted_ranking"": 1.3991000000714848, ""K3_candidate_filters"": 7.30810000004567, ""K9_advisory_consensus"": 0.00779999982114532, ""K4_nli_and_bypass_check"": 349.6212000000014, ""K5_decision"": 289.94020000027376}",8833
FACTURK-0424,DOĞRU,"[10712, 13465, 16334, 6915, 9360, 19707, 26822, 28258, 11397, 28039, 2129, 4872, 25033, 7816, 27699, 27675, 18479, 4770, 29101, 18376]","[0.00012148174573667347, 0.020685460418462753, 0.0006238938658498228, 6.402006692951545e-05, 4.1986306314356625e-05, 0.0007702931761741638, 0.004556113854050636, 2.710879925871268e-05, 1.7097478121286258e-05, 0.0003920417802873999, 1.7097478121286258e-05, 1.7231572201126255e-05, 1.6187581422855146e-05, 0.0004442183708306402, 0.00028462239424698055, 1.6187581422855146e-05, 2.3737338779028505e-05, 1.9373936083866283e-05, 4.539786823443137e-05, 6.402006692951545e-05]","[0.0012664794921875, 0.998046875, 0.0006709098815917969]","[0.0012664794921875, 0.998046875, 0.0006709098815917969]",False,YETERSİZ VERİ,RET,True,False,1824.8254000000088,"{""K1_input_and_readiness"": 0.07050000021990854, ""K7_context"": 0.001500000053056283, ""K1_normalization"": 0.013000000308238668, ""K6_advisory"": 34.64499999972759, ""K1_intent"": 0.051500000154192094, ""K2_retrieval"": 258.2526000001053, ""K3_reranker"": 229.69259999990754, ""K8_weighted_ranking"": 1.2243999999554944, ""K3_candidate_filters"": 6.229099999927712, ""K9_advisory_consensus"": 0.007099999947968172, ""K4_nli_and_bypass_check"": 610.8335000003535, ""K5_decision"": 680.2092000002631}",19707
FACTURK-0425,DOĞRU,"[11467, 372, 23857, 15573, 9799, 28435, 23363, 28856, 30193, 14098, 9581, 15663, 9061, 11935, 23181, 5774, 28770, 24639, 18701, 13912]","[6.868317723274231e-05, 0.006338921841233969, 4.683888619183563e-05, 0.00026947917649522424, 1.67014204635052e-05, 0.0034834241960197687, 3.095910506090149e-05, 0.014728614129126072, 6.922183820279315e-05, 5.144220995134674e-05, 2.178264912799932e-05, 0.0008072304772213101, 4.0694576455280185e-05, 0.0010403185151517391, 0.0025016965810209513, 3.975192521465942e-05, 0.00044248730409890413, 0.0022872276604175568, 0.0003053489199373871, 5.605828482657671e-05]","[0.01409912109375, 0.90185546875, 0.084228515625]","[0.01409912109375, 0.90185546875, 0.084228515625]",False,DOĞRU,ONAY,False,False,2524.969300000066,"{""K1_input_and_readiness"": 0.08950000028562499, ""K7_context"": 0.001600000359758269, ""K1_normalization"": 0.014400000054592965, ""K6_advisory"": 35.042299999986426, ""K1_intent"": 0.04850000004807953, ""K2_retrieval"": 293.84239999990314, ""K3_reranker"": 713.0106999998134, ""K8_weighted_ranking"": 1.404999999977008, ""K3_candidate_filters"": 7.413100000121631, ""K9_advisory_consensus"": 0.008299999990413198, ""K4_nli_and_bypass_check"": 775.7795999996233, ""K5_decision"": 694.2317999996703}",23181
FACTURK-0426,DOĞRU,"[14525, 22551, 487, 20305, 19258, 1272, 12161, 28629, 19175, 20828, 25811, 2498, 25178, 4119, 6336, 15675, 26355, 26166, 29881, 5898]","[0.9330658316612244, 0.019531238824129105, 0.019606182351708412, 0.7585106492042542, 0.02489279955625534, 0.001052568550221622, 0.0009217804181389511, 0.007431773468852043, 0.003456409554928541, 3.373722574906424e-05, 0.005957154091447592, 0.00020988310279790312, 0.00019871552649419755, 0.0016103574307635427, 0.003172682598233223, 0.0002251682453788817, 0.0012545944191515446, 0.0029008574783802032, 0.0035243413876742125, 0.010130411013960838]","[0.002315521240234375, 0.99658203125, 0.0009527206420898438]","[0.002315521240234375, 0.99658203125, 0.0009527206420898438]",False,YETERSİZ VERİ,RET,True,False,1560.9199000000444,"{""K1_input_and_readiness"": 0.9952999998859013, ""K7_context"": 0.0018000000636675395, ""K1_normalization"": 0.015000000075815478, ""K6_advisory"": 35.26319999991756, ""K1_intent"": 0.04660000013245735, ""K2_retrieval"": 276.2502000000495, ""K3_reranker"": 1191.9426000004023, ""K8_weighted_ranking"": 1.297099999646889, ""K3_candidate_filters"": 7.168699999965611, ""K9_advisory_consensus"": 0.00850000014906982, ""K4_nli_and_bypass_check"": 43.892500000310974, ""K5_decision"": 0.21179999976084218}",20305
FACTURK-0427,YALAN,"[16404, 2409, 15160, 20175, 4441, 6593, 15673, 27707, 22840, 29203, 28765, 5321, 14505, 22626, 16026, 7375, 438, 18017, 25537, 15097]","[0.05070536583662033, 0.07963873445987701, 0.008251599036157131, 0.08284562826156616, 0.09170696139335632, 0.0008231385727412999, 0.7851439118385315, 0.007011794950813055, 0.6782203912734985, 0.00013552077871281654, 0.058884695172309875, 0.005199879873543978, 0.0019800399895757437, 0.4131811261177063, 0.0009399438858963549, 0.0018675660248845816, 0.019985152408480644, 0.0064882696606218815, 0.00677120964974165, 0.002992665395140648]","[0.00803375244140625, 0.9287109375, 0.0631103515625]","[0.00803375244140625, 0.9287109375, 0.0631103515625]",False,YALAN,UYARI,False,False,4584.62580000014,"{""K1_input_and_readiness"": 0.6394000001819222, ""K7_context"": 0.0018000000636675395, ""K1_normalization"": 0.027099999897473026, ""K6_advisory"": 34.75399999979345, ""K1_intent"": 0.060200000007171184, ""K2_retrieval"": 348.3307999999852, ""K3_reranker"": 1120.6954999997834, ""K8_weighted_ranking"": 1.4163000000735337, ""K3_candidate_filters"": 7.047900000088703, ""K9_advisory_consensus"": 0.012299999980314169, ""K4_nli_and_bypass_check"": 1525.6838000000243, ""K5_decision"": 1542.4011999998584}",20175
FACTURK-0428,YALAN,"[25041, 24525, 3378, 11788, 8278, 24380, 12437, 2424, 24083, 15787, 7449, 2900, 16862, 15442, 12664, 27696, 327, 12334, 3778, 22752]","[0.001512938179075718, 0.9133679866790771, 0.003914823289960623, 0.018797073513269424, 0.016593176871538162, 0.03004336729645729, 2.9541422918555327e-05, 0.022328782826662064, 6.976470467634499e-05, 2.178264912799932e-05, 0.014337030239403248, 0.0003711854515131563, 0.009412589482963085, 0.0010566838318482041, 0.0017073675990104675, 0.0008592476369813085, 0.0018458482809364796, 1.7231572201126255e-05, 0.014337030239403248, 0.01358439214527607]","[0.061492919921875, 0.93798828125, 0.0002837181091308594]","[0.061492919921875, 0.93798828125, 0.0002837181091308594]",False,DOĞRU,ONAY,False,False,2035.4039000003468,"{""K1_input_and_readiness"": 0.0718000001143082, ""K7_context"": 0.0015999999050109182, ""K1_normalization"": 0.013500000022759195, ""K6_advisory"": 35.141700000167475, ""K1_intent"": 0.039200000173877925, ""K2_retrieval"": 239.34989999997924, ""K3_reranker"": 970.4108000000815, ""K8_weighted_ranking"": 1.378000000386237, ""K3_candidate_filters"": 6.132700000307523, ""K9_advisory_consensus"": 0.006799999937356915, ""K4_nli_and_bypass_check"": 401.81070000016916, ""K5_decision"": 363.3575000003475}",24525
FACTURK-0429,DOĞRU,"[11936, 11989, 1488, 15463, 9479, 18230, 3233, 2177, 15516, 27251, 2007, 13302, 18181, 24053, 526, 8727, 12152, 23463, 20148, 18202]","[0.9734434485435486, 0.0005907104350626469, 1.7640199075685814e-05, 0.28140559792518616, 0.000810387369710952, 1.9525883544702083e-05, 2.4300241420860402e-05, 0.00010391067189630121, 0.0024060888681560755, 1.6442494597868063e-05, 9.098840382648632e-05, 3.8229114579735324e-05, 1.6442494597868063e-05, 2.014569145103451e-05, 1.67014204635052e-05, 1.8631746570463292e-05, 1.6314539607265033e-05, 3.1941821362124756e-05, 0.004773722495883703, 4.6474400733131915e-05]","[0.9990234375, 0.0005636215209960938, 0.00048089027404785156]","[0.9990234375, 0.0005636215209960938, 0.00048089027404785156]",False,DOĞRU,ONAY,False,False,727.3455999998077,"{""K1_input_and_readiness"": 0.04799999987881165, ""K7_context"": 0.0017000002117129043, ""K1_normalization"": 0.008399999842367833, ""K6_advisory"": 34.826499999780935, ""K1_intent"": 0.032500000088475645, ""K2_retrieval"": 196.7954000001555, ""K3_reranker"": 325.8095000001049, ""K8_weighted_ranking"": 1.4134999996713304, ""K3_candidate_filters"": 8.054299999912473, ""K9_advisory_consensus"": 0.008399999842367833, ""K4_nli_and_bypass_check"": 94.63259999984075, ""K5_decision"": 61.89509999967413}",11936
FACTURK-0430,DOĞRU,"[5082, 28961, 1571, 853, 18120, 17227, 21738, 26770, 12833, 20822, 12277, 23694, 12905, 7186, 5225, 23153, 16384, 3798, 28705, 676]","[1.750292540236842e-05, 1.6314539607265033e-05, 1.7778551409719512e-05, 3.70529705833178e-05, 1.7778551409719512e-05, 0.0002472934720572084, 1.7917987861437723e-05, 1.6314539607265033e-05, 1.657145367062185e-05, 0.004848532844334841, 1.6061610949691385e-05, 0.0017683517653495073, 9.915272676153108e-05, 1.7366719475830905e-05, 0.00019411319226492196, 1.6442494597868063e-05, 1.7231572201126255e-05, 1.6314539607265033e-05, 1.67014204635052e-05, 4.9086618673754856e-05]","[0.014678955078125, 0.92236328125, 0.0631103515625]","[0.014678955078125, 0.92236328125, 0.0631103515625]",False,YETERSİZ VERİ,RET,True,False,1677.1756000002824,"{""K1_input_and_readiness"": 0.05580000015470432, ""K7_context"": 0.011699999959091656, ""K1_normalization"": 0.009700000191514846, ""K6_advisory"": 35.27689999964423, ""K1_intent"": 0.047900000026857015, ""K2_retrieval"": 213.00350000001345, ""K3_reranker"": 642.3801999999341, ""K8_weighted_ranking"": 1.2770999996973842, ""K3_candidate_filters"": 6.336399999781861, ""K9_advisory_consensus"": 0.007200000254670158, ""K4_nli_and_bypass_check"": 387.4778999997943, ""K5_decision"": 387.66919999989113}",20822
FACTURK-0431,DOĞRU,"[19220, 20316, 14728, 17796, 12560, 6149, 10127, 10148, 16026, 25167, 21318, 16931, 454, 19799, 24087, 12063, 15358, 561, 16021, 1135]","[0.003429603995755315, 0.0001823546044761315, 0.004755199886858463, 0.0012303582625463605, 0.000337979436153546, 0.0005336928297765553, 1.6187581422855146e-05, 1.67014204635052e-05, 0.0014437558129429817, 0.0003029734070878476, 1.657145367062185e-05, 4.365878339740448e-05, 0.006026951130479574, 0.000503335555549711, 1.6442494597868063e-05, 2.818866414600052e-05, 0.00020342698553577065, 2.0462934116949327e-05, 2.2474090656032786e-05, 0.00033930176869034767]","[0.024810791015625, 0.96630859375, 0.00891876220703125]","[0.024810791015625, 0.96630859375, 0.00891876220703125]",False,DOĞRU,ONAY,False,False,4245.6098000002385,"{""K1_input_and_readiness"": 0.10179999981119181, ""K7_context"": 0.0014000002011016477, ""K1_normalization"": 0.016800000139483018, ""K6_advisory"": 38.15149999991263, ""K1_intent"": 0.05709999959435663, ""K2_retrieval"": 295.386100000087, ""K3_reranker"": 1826.601700000083, ""K8_weighted_ranking"": 1.1569000002964458, ""K3_candidate_filters"": 5.894999999782158, ""K9_advisory_consensus"": 0.007300000106624793, ""K4_nli_and_bypass_check"": 1075.5519999997887, ""K5_decision"": 998.1421999996201}",25167
FACTURK-0432,DOĞRU,"[24888, 22474, 8448, 21526, 15476, 3483, 18630, 18332, 29315, 20075, 6941, 26521, 557, 7323, 25166, 10302, 14624, 17738, 18607, 22908]","[0.3443332016468048, 0.0009659748757258058, 0.0013617033837363124, 0.0014381353976204991, 0.03488088399171829, 0.003260345896705985, 0.0003611769643612206, 0.003403005190193653, 0.055005285888910294, 0.04724971577525139, 0.008030813187360764, 0.01784873753786087, 0.034358687698841095, 0.0009927261853590608, 0.0008761798962950706, 0.0004673480580095202, 0.0004974745097570121, 3.619466951931827e-05, 0.00034870431409217417, 0.002833849750459194]","[0.0031108856201171875, 0.443603515625, 0.55322265625]","[0.0031108856201171875, 0.443603515625, 0.55322265625]",False,DOĞRU,ONAY,False,False,1589.8971000001438,"{""K1_input_and_readiness"": 0.04560000024866895, ""K7_context"": 0.0017000002117129043, ""K1_normalization"": 0.008099999831756577, ""K6_advisory"": 36.06730000001335, ""K1_intent"": 0.04269999999451102, ""K2_retrieval"": 204.1165999999066, ""K3_reranker"": 903.8356000000931, ""K8_weighted_ranking"": 1.6602999999122403, ""K3_candidate_filters"": 7.781799999975192, ""K9_advisory_consensus"": 0.008800000159681076, ""K4_nli_and_bypass_check"": 233.14110000001165, ""K5_decision"": 199.08950000035475}",26521
FACTURK-0433,YALAN,"[15799, 15871, 24275, 12463, 12682, 25027, 9745, 13159, 4181, 16370, 4354, 8281, 19323, 14174, 10376, 10374, 16962, 24636, 23312, 29455]","[0.001518850913271308, 8.156224066624418e-05, 5.1845658163074404e-05, 8.349628478754312e-05, 0.026355354115366936, 0.003403005190193653, 1.67014204635052e-05, 1.6187581422855146e-05, 2.030369250860531e-05, 0.0003366621967870742, 0.013325147330760956, 1.6187581422855146e-05, 2.7751651941798627e-05, 1.6187581422855146e-05, 0.0019418168812990189, 0.007345826830714941, 0.0010122860549017787, 2.0785171727766283e-05, 0.00013032974675297737, 7.662102143513039e-05]","[0.00032210350036621094, 0.001476287841796875, 0.998046875]","[0.00032210350036621094, 0.001476287841796875, 0.998046875]",False,YETERSİZ VERİ,KISMI,True,False,2847.6566999997885,"{""K1_input_and_readiness"": 0.06480000001829467, ""K7_context"": 0.001500000053056283, ""K1_normalization"": 0.012200000128359534, ""K6_advisory"": 35.219799999595125, ""K1_intent"": 0.04529999978331034, ""K2_retrieval"": 271.2572000000364, ""K3_reranker"": 1049.2967000000135, ""K8_weighted_ranking"": 1.2318999997660285, ""K3_candidate_filters"": 6.850900000245019, ""K9_advisory_consensus"": 0.007699999969190685, ""K4_nli_and_bypass_check"": 749.6224000001348, ""K5_decision"": 730.5860000001303}",10376
FACTURK-0434,DOĞRU,"[28652, 11740, 24477, 12089, 13838, 25205, 11648, 18950, 3817, 24455, 6604, 26468, 17595, 15366, 7669, 22981, 30247, 25113, 18468, 10139]","[2.566613329690881e-05, 0.0017007222631946206, 3.426849070820026e-05, 2.818866414600052e-05, 5.475977377500385e-05, 1.805851934477687e-05, 5.738759500673041e-05, 7.311254739761353e-05, 2.030369250860531e-05, 1.7917987861437723e-05, 1.922317096614279e-05, 1.657145367062185e-05, 1.8342892872169614e-05, 5.920916373725049e-05, 0.05033063143491745, 1.967902426258661e-05, 1.6187581422855146e-05, 0.04138471558690071, 0.052134256809949875, 1.6187581422855146e-05]","[0.008819580078125, 0.22216796875, 0.76904296875]","[0.008819580078125, 0.22216796875, 0.76904296875]",False,DOĞRU,ONAY,False,False,1950.8630999998786,"{""K1_input_and_readiness"": 0.05999999984851456, ""K7_context"": 0.001500000053056283, ""K1_normalization"": 0.011099999937869143, ""K6_advisory"": 34.22550000004776, ""K1_intent"": 0.036500000078376615, ""K2_retrieval"": 236.7952999998124, ""K3_reranker"": 673.8319999999476, ""K8_weighted_ranking"": 1.434899999821937, ""K3_candidate_filters"": 7.640499999979511, ""K9_advisory_consensus"": 0.007999999979801942, ""K4_nli_and_bypass_check"": 499.2035999998734, ""K5_decision"": 494.31890000005296}",3817
FACTURK-0435,DOĞRU,"[15719, 3941, 25675, 3321, 4308, 8281, 17172, 10971, 19036, 741, 9228, 24164, 9375, 6420, 22355, 4144, 2829, 19633, 19463, 21128]","[0.0077555361203849316, 0.0004565269045997411, 0.0011160142021253705, 0.06866228580474854, 2.030369250860531e-05, 0.011687257327139378, 0.08374040573835373, 0.4724704921245575, 0.00037263770354911685, 3.071818719035946e-05, 0.00017536994710098952, 2.094818773912266e-05, 3.1201914680423215e-05, 0.0008559006964787841, 0.00011682839976856485, 0.0002780309587251395, 0.00023413581948261708, 0.00021824207215104252, 2.0623421733034775e-05, 4.037790131405927e-05]","[0.0019207000732421875, 0.9970703125, 0.0010585784912109375]","[0.0019207000732421875, 0.9970703125, 0.0010585784912109375]",False,YETERSİZ VERİ,RET,True,False,1315.6551999995827,"{""K1_input_and_readiness"": 0.05519999967873446, ""K7_context"": 0.0012999998943996616, ""K1_normalization"": 0.009500000032858225, ""K6_advisory"": 35.416600000189646, ""K1_intent"": 0.0351999997292296, ""K2_retrieval"": 206.94830000002185, ""K3_reranker"": 300.236600000062, ""K8_weighted_ranking"": 1.3745000001108565, ""K3_candidate_filters"": 7.207300000118266, ""K9_advisory_consensus"": 0.007999999979801942, ""K4_nli_and_bypass_check"": 405.8398000001944, ""K5_decision"": 354.8854000000574}",9228
FACTURK-0436,YALAN,"[25225, 15787, 9220, 29106, 6704, 21007, 27894, 27696, 16063, 29050, 22218, 3189, 9150, 19237, 19258, 22465, 11479, 26284, 28547, 25228]","[0.015424552373588085, 0.017712298780679703, 0.02748069167137146, 0.8358858227729797, 0.13511791825294495, 0.44845646619796753, 0.008644177578389645, 0.0838903859257698, 0.2780607044696808, 0.20930801331996918, 0.06632687151432037, 0.0626743733882904, 0.5691343545913696, 0.06441766768693924, 0.006413164082914591, 0.26683464646339417, 0.01764446496963501, 0.043446898460388184, 0.013121271505951881, 0.17426970601081848]","[0.000873565673828125, 0.97900390625, 0.0201873779296875]","[0.000873565673828125, 0.97900390625, 0.0201873779296875]",False,YALAN,UYARI,False,False,1863.0027000003793,"{""K1_input_and_readiness"": 0.06979999989198404, ""K7_context"": 0.0015999999050109182, ""K1_normalization"": 0.012199999673612183, ""K6_advisory"": 35.937900000135414, ""K1_intent"": 0.04829999988942291, ""K2_retrieval"": 274.3060000002515, ""K3_reranker"": 679.3633000002046, ""K8_weighted_ranking"": 1.382599999942613, ""K3_candidate_filters"": 7.564699999875302, ""K9_advisory_consensus"": 0.008800000159681076, ""K4_nli_and_bypass_check"": 447.21400000025824, ""K5_decision"": 413.2083999998031}",29106
FACTURK-0437,DOĞRU,"[1217, 4441, 18277, 23453, 14335, 10293, 15713, 4021, 14868, 2629, 20275, 29440, 1900, 26726, 60, 19754, 12120, 13896, 12892, 24088]","[0.0004747042548842728, 0.00037555923336185515, 0.0007947254925966263, 1.8777873265207745e-05, 1.6314539607265033e-05, 0.004433765076100826, 1.7231572201126255e-05, 0.0004108485300093889, 4.6474400733131915e-05, 0.002521268092095852, 9.7615658887662e-05, 1.6314539607265033e-05, 0.0029008574783802032, 0.0006238938658498228, 1.6187581422855146e-05, 2.0623421733034775e-05, 1.6187581422855146e-05, 1.750292540236842e-05, 0.0009773502824828029, 4.331903619458899e-05]","[0.002796173095703125, 0.99169921875, 0.00571441650390625]","[0.002796173095703125, 0.99169921875, 0.00571441650390625]",False,YALAN,RED,False,False,1806.7304999999578,"{""K1_input_and_readiness"": 0.051900000016757986, ""K7_context"": 0.0012999998943996616, ""K1_normalization"": 0.01049999991664663, ""K6_advisory"": 34.81550000014977, ""K1_intent"": 0.0349000001733657, ""K2_retrieval"": 207.1513999999297, ""K3_reranker"": 921.8233999999939, ""K8_weighted_ranking"": 1.2934999999743013, ""K3_candidate_filters"": 6.144399999811867, ""K9_advisory_consensus"": 0.00760000011723605, ""K4_nli_and_bypass_check"": 308.5793999998714, ""K5_decision"": 321.2352999998984}",4021
FACTURK-0438,YALAN,"[9556, 26997, 14048, 24244, 3711, 21190, 9044, 15568, 17350, 15869, 28285, 11008, 13927, 6221, 10748, 12440, 23857, 11548, 3995, 410]","[0.015306354500353336, 1.6442494597868063e-05, 5.874842099728994e-05, 1.7640199075685814e-05, 1.6187581422855146e-05, 0.00272558256983757, 0.0053225355222821236, 1.6314539607265033e-05, 1.6314539607265033e-05, 1.6442494597868063e-05, 1.8777873265207745e-05, 1.805851934477687e-05, 1.6314539607265033e-05, 0.0002415662893326953, 1.6442494597868063e-05, 1.657145367062185e-05, 1.6314539607265033e-05, 1.9525883544702083e-05, 1.6314539607265033e-05, 0.0034834241960197687]","[0.0016031265258789062, 0.0124053955078125, 0.98583984375]","[0.0016031265258789062, 0.0124053955078125, 0.98583984375]",False,DOĞRU,ONAY,False,False,1884.4374999998763,"{""K1_input_and_readiness"": 0.12789999982487643, ""K7_context"": 0.0036999999792897142, ""K1_normalization"": 0.016799999684735667, ""K6_advisory"": 35.9176000001753, ""K1_intent"": 0.05580000015470432, ""K2_retrieval"": 207.5713999997788, ""K3_reranker"": 981.3163999997414, ""K8_weighted_ranking"": 1.437400000213529, ""K3_candidate_filters"": 7.37760000038179, ""K9_advisory_consensus"": 0.012599999990925426, ""K4_nli_and_bypass_check"": 357.22979999991367, ""K5_decision"": 289.65180000022883}",9556
FACTURK-0439,DOĞRU,"[25194, 4945, 25343, 20885, 26464, 5848, 23744, 29365, 12826, 28337, 13373, 3703, 7812, 28722, 29553, 21674, 350, 4638, 18681, 27480]","[0.0014437558129429817, 0.00013658353418577462, 4.1659583075670525e-05, 2.3007036361377686e-05, 0.0006878511630930007, 5.5622065701754764e-05, 3.4537253668531775e-05, 1.6187581422855146e-05, 0.00019871552649419755, 1.6187581422855146e-05, 2.586742994026281e-05, 1.683241134742275e-05, 1.6442494597868063e-05, 0.00017813112935982645, 0.0028449096716940403, 0.0033374049235135317, 1.6187581422855146e-05, 0.0017891592578962445, 7.031184941297397e-05, 0.0010005044750869274]","[0.002105712890625, 0.49951171875, 0.49853515625]","[0.002105712890625, 0.49951171875, 0.49853515625]",False,YETERSİZ VERİ,KISMI,True,False,1192.1234999999797,"{""K1_input_and_readiness"": 0.05109999983687885, ""K7_context"": 0.0013000003491470125, ""K1_normalization"": 0.00869999985297909, ""K6_advisory"": 37.19820000014806, ""K1_intent"": 0.04579999995257822, ""K2_retrieval"": 203.78260000006776, ""K3_reranker"": 421.18180000034044, ""K8_weighted_ranking"": 1.346800000192161, ""K3_candidate_filters"": 7.223099999919214, ""K9_advisory_consensus"": 0.008200000138458563, ""K4_nli_and_bypass_check"": 262.420700000348, ""K5_decision"": 255.52599999991799}",4945
FACTURK-0440,YALAN,"[7010, 1570, 21223, 15749, 17750, 25396, 9855, 22321, 17009, 10366, 2770, 2859, 2643, 29574, 26659, 8660, 22195, 24237, 5728, 12060]","[0.006168995052576065, 0.0019192374311387539, 0.0002396868512732908, 0.00012931563833262771, 0.0015427322359755635, 0.00034464316559024155, 2.977311669383198e-05, 0.006564249750226736, 0.00016346470511052758, 1.6442494597868063e-05, 0.000539980421308428, 0.0025016965810209513, 0.000810387369710952, 0.0011832797899842262, 0.0026834397576749325, 2.8409744118107483e-05, 0.00010637458035489544, 1.6442494597868063e-05, 4.94715895911213e-05, 0.0011649561347439885]","[0.0018367767333984375, 0.99755859375, 0.0008072853088378906]","[0.0018367767333984375, 0.99755859375, 0.0008072853088378906]",False,YETERSİZ VERİ,RET,True,False,1483.5883999999169,"{""K1_input_and_readiness"": 0.05149999969944474, ""K7_context"": 0.0012999998943996616, ""K1_normalization"": 0.009699999736767495, ""K6_advisory"": 36.05330000027607, ""K1_intent"": 0.04290000015316764, ""K2_retrieval"": 218.24590000005628, ""K3_reranker"": 429.8008000000664, ""K8_weighted_ranking"": 1.3407000001279812, ""K3_candidate_filters"": 6.819100000029721, ""K9_advisory_consensus"": 0.006799999937356915, ""K4_nli_and_bypass_check"": 429.1861000001518, ""K5_decision"": 358.34569999997257}",2859
FACTURK-0441,YALAN,"[28944, 11083, 20052, 5621, 2337, 3843, 5659, 27985, 14516, 15394, 25811, 17017, 3819, 2047, 25399, 7836, 5397, 18468, 13066, 6189]","[0.03339982032775879, 0.00034196203341707587, 1.7231572201126255e-05, 3.647853736765683e-05, 5.649793456541374e-05, 1.9373936083866283e-05, 0.009898064658045769, 0.00014313739666249603, 1.6314539607265033e-05, 0.007846239022910595, 1.6061610949691385e-05, 0.00035419364576227963, 0.00017674513219390064, 1.67014204635052e-05, 0.0011380005162209272, 7.662102143513039e-05, 1.6314539607265033e-05, 0.07963873445987701, 1.6314539607265033e-05, 3.024195939360652e-05]","[0.0017156600952148438, 0.0220184326171875, 0.97607421875]","[0.0017156600952148438, 0.0220184326171875, 0.97607421875]",False,DOĞRU,ONAY,False,False,1203.0959999997322,"{""K1_input_and_readiness"": 0.06769999981770525, ""K7_context"": 0.0014000002011016477, ""K1_normalization"": 0.015699999948992627, ""K6_advisory"": 37.08409999990181, ""K1_intent"": 0.05719999990105862, ""K2_retrieval"": 215.958899999805, ""K3_reranker"": 914.8000000000138, ""K8_weighted_ranking"": 1.295999999911146, ""K3_candidate_filters"": 7.117799999832641, ""K9_advisory_consensus"": 0.009800000043469481, ""K4_nli_and_bypass_check"": 22.63810000022204, ""K5_decision"": 0.29760000006717746}",28944
FACTURK-0442,YALAN,"[4436, 22762, 23745, 22441, 309, 6469, 19092, 17360, 18606, 17970, 18358, 21437, 7166, 1995, 17027, 17900, 28501, 6291, 15938, 8019]","[0.00013765462790615857, 0.000159678646014072, 0.004886374808847904, 6.302758993115276e-05, 0.0015070488443598151, 0.0004859560285694897, 0.0037948342505842447, 0.003403005190193653, 0.0010901900241151452, 0.012527932412922382, 0.001201891340315342, 0.0006538155721500516, 0.0016484829830005765, 0.0014550630003213882, 0.0009004466701298952, 0.00033535013790242374, 0.0012448433553799987, 0.0013198634842410684, 0.0031603530514985323, 0.0001344663032796234]","[0.0005083084106445312, 0.053070068359375, 0.9462890625]","[0.0005083084106445312, 0.053070068359375, 0.9462890625]",False,DOĞRU,ONAY,False,False,3216.143000000102,"{""K1_input_and_readiness"": 0.04839999974137754, ""K7_context"": 0.0015999999050109182, ""K1_normalization"": 0.00850000014906982, ""K6_advisory"": 34.52640000023166, ""K1_intent"": 0.06190000021888409, ""K2_retrieval"": 259.5562000001337, ""K3_reranker"": 1802.2949000001063, ""K8_weighted_ranking"": 1.4642999999523454, ""K3_candidate_filters"": 6.404799999927491, ""K9_advisory_consensus"": 0.0064000000747910235, ""K4_nli_and_bypass_check"": 575.4876000000877, ""K5_decision"": 532.2587000000567}",18606
FACTURK-0443,YALAN,"[13967, 4452, 6765, 26400, 4561, 12677, 14405, 13795, 11778, 8213, 4143, 17797, 20781, 4224, 24567, 12248, 10892, 30371, 5199, 11855]","[0.03397199511528015, 0.00028685410507023335, 0.00026947917649522424, 0.06131153553724289, 0.016721142455935478, 0.01615283451974392, 0.025711586698889732, 0.002992665395140648, 0.0007180297398008406, 0.0001547666179249063, 0.003324436955153942, 0.002140589291229844, 0.0009850083151832223, 0.0040543340146541595, 0.007785655092447996, 0.00014539113908540457, 0.0017546144081279635, 0.0016875095898285508, 0.0002780309587251395, 0.0016103574307635427]","[0.0008368492126464844, 0.0242767333984375, 0.97509765625]","[0.0008368492126464844, 0.0242767333984375, 0.97509765625]",False,DOĞRU,ONAY,False,False,5267.545700000028,"{""K1_input_and_readiness"": 0.058799999806069536, ""K7_context"": 0.001600000359758269, ""K1_normalization"": 0.010299999757990008, ""K6_advisory"": 34.82660000008764, ""K1_intent"": 0.03979999974035309, ""K2_retrieval"": 247.73979999963558, ""K3_reranker"": 3880.0333999997747, ""K8_weighted_ranking"": 1.0920999998234038, ""K3_candidate_filters"": 6.112300000040705, ""K9_advisory_consensus"": 0.006100000064179767, ""K4_nli_and_bypass_check"": 534.6447000001717, ""K5_decision"": 559.1180999999779}",13967
FACTURK-0444,YALAN,"[10913, 12442, 25269, 15372, 15616, 28886, 30193, 2121, 7447, 17081, 27463, 18807, 6112, 4964, 4222, 20985, 10408, 11668, 16688, 13994]","[0.9826908707618713, 0.08772001415491104, 0.0014048678567633033, 0.18892180919647217, 0.10320506244897842, 0.059101540595293045, 0.000706905557308346, 0.009161027148365974, 0.000954731716774404, 3.373722574906424e-05, 0.00014539113908540457, 0.058884695172309875, 0.00019871552649419755, 0.011823395267128944, 0.0016941031208261847, 0.042166538536548615, 0.03283695504069328, 0.006463137920945883, 0.004264635033905506, 1.6442494597868063e-05]","[0.01934814453125, 0.97802734375, 0.002521514892578125]","[0.01934814453125, 0.97802734375, 0.002521514892578125]",False,YETERSİZ VERİ,RET,True,False,1935.316099999909,"{""K1_input_and_readiness"": 13.4859999998298, ""K7_context"": 0.0015999999050109182, ""K1_normalization"": 0.013500000022759195, ""K6_advisory"": 35.680999999840424, ""K1_intent"": 0.05109999983687885, ""K2_retrieval"": 247.856800000136, ""K3_reranker"": 1140.538799999831, ""K8_weighted_ranking"": 1.3978000001770852, ""K3_candidate_filters"": 7.717399999819463, ""K9_advisory_consensus"": 0.009100000170292333, ""K4_nli_and_bypass_check"": 258.234899999934, ""K5_decision"": 226.7056999999113}",10913
FACTURK-0445,DOĞRU,"[7505, 1362, 14542, 21056, 24882, 12686, 21609, 21491, 5980, 371, 448, 23792, 217, 17009, 163, 24521, 25534, 17654, 25701, 14659]","[0.9760379791259766, 1.750292540236842e-05, 1.6442494597868063e-05, 2.3737338779028505e-05, 0.0003006163169629872, 0.0002715921145863831, 0.0012065897462889552, 1.67014204635052e-05, 2.265035072923638e-05, 6.205049430718645e-05, 1.657145367062185e-05, 1.6964426322374493e-05, 0.0010005044750869274, 1.750292540236842e-05, 0.0006719278171658516, 0.0011160142021253705, 3.975192521465942e-05, 2.411113746347837e-05, 4.794958294951357e-05, 1.6442494597868063e-05]","[0.99658203125, 0.0004863739013671875, 0.00283050537109375]","[0.99658203125, 0.0004863739013671875, 0.00283050537109375]",False,DOĞRU,ONAY,False,False,1713.9466000003267,"{""K1_input_and_readiness"": 0.1166999995803053, ""K7_context"": 0.0013000003491470125, ""K1_normalization"": 0.011299999641778413, ""K6_advisory"": 35.472699999900215, ""K1_intent"": 0.0380000001314329, ""K2_retrieval"": 229.21020000012504, ""K3_reranker"": 1064.820200000213, ""K8_weighted_ranking"": 1.2124999998377461, ""K3_candidate_filters"": 6.139499999790132, ""K9_advisory_consensus"": 0.006799999937356915, ""K4_nli_and_bypass_check"": 200.44890000008309, ""K5_decision"": 172.73329999989073}",7505
FACTURK-0446,YALAN,"[16903, 3458, 12161, 25177, 4599, 12966, 27317, 4366, 14191, 15496, 29066, 19856, 21614, 19205, 16125, 12729, 6904, 7146, 11287, 20781]","[1.6187581422855146e-05, 4.1659583075670525e-05, 4.7206227463902906e-05, 3.591300992411561e-05, 1.683241134742275e-05, 0.00013552077871281654, 1.67014204635052e-05, 0.0002415662893326953, 0.00015720345254521817, 0.00027372167096473277, 0.0008796061738394201, 1.6187581422855146e-05, 1.7366719475830905e-05, 1.6442494597868063e-05, 2.908344322349876e-05, 1.6314539607265033e-05, 4.1986306314356625e-05, 7.197912054834887e-05, 0.0001823546044761315, 1.6314539607265033e-05]","[0.003566741943359375, 0.1763916015625, 0.81982421875]","[0.003566741943359375, 0.1763916015625, 0.81982421875]",False,DOĞRU,ONAY,False,False,1250.3550999999788,"{""K1_input_and_readiness"": 0.09230000023308094, ""K7_context"": 0.0017000002117129043, ""K1_normalization"": 0.01359999987471383, ""K6_advisory"": 35.3437999997368, ""K1_intent"": 0.0473000000056345, ""K2_retrieval"": 267.3530000001847, ""K3_reranker"": 899.6941999998853, ""K8_weighted_ranking"": 1.1056999996981176, ""K3_candidate_filters"": 6.005800000366435, ""K9_advisory_consensus"": 0.007300000106624793, ""K4_nli_and_bypass_check"": 36.526299999877665, ""K5_decision"": 0.3821000000243657}",19205
FACTURK-0447,DOĞRU,"[2103, 21527, 9381, 7958, 23317, 18731, 5375, 20541, 12671, 1984, 24165, 17083, 10633, 17115, 16607, 4102, 9666, 9722, 7276, 24377]","[0.0005680934991687536, 1.6442494597868063e-05, 0.0005549409543164074, 0.00010229986219201237, 1.6964426322374493e-05, 1.7917987861437723e-05, 2.710879925871268e-05, 3.9135655242716894e-05, 0.00018667821132112294, 1.6314539607265033e-05, 0.00015843621804378927, 1.6314539607265033e-05, 1.67014204635052e-05, 1.67014204635052e-05, 1.6442494597868063e-05, 1.6442494597868063e-05, 2.2827996872365475e-05, 0.00020825010142289102, 2.2125668692751788e-05, 1.6314539607265033e-05]","[0.005741119384765625, 0.86083984375, 0.1336669921875]","[0.005741119384765625, 0.86083984375, 0.1336669921875]",False,YALAN,RED,False,False,1472.946299999876,"{""K1_input_and_readiness"": 0.04740000031233649, ""K7_context"": 0.0019000003703695256, ""K1_normalization"": 0.008900000011635711, ""K6_advisory"": 35.078100000191625, ""K1_intent"": 0.04259999968780903, ""K2_retrieval"": 199.67489999999088, ""K3_reranker"": 396.9720000000052, ""K8_weighted_ranking"": 1.2068000000908796, ""K3_candidate_filters"": 6.235100000139937, ""K9_advisory_consensus"": 0.00670000008540228, ""K4_nli_and_bypass_check"": 423.27400000021953, ""K5_decision"": 406.2033000000156}",16607
FACTURK-0448,DOĞRU,"[17625, 18508, 17939, 16821, 9982, 22772, 3103, 8663, 14305, 1300, 1351, 16929, 19578, 3951, 26186, 19740, 7339, 27862, 14198, 1970]","[0.08093670755624771, 0.0012065897462889552, 0.08464395254850388, 1.6964426322374493e-05, 1.6187581422855146e-05, 0.0002396868512732908, 0.00025118677876889706, 0.0029694451950490475, 1.657145367062185e-05, 0.00043224150431342423, 0.060863446444272995, 0.007815888151526451, 0.0006851712241768837, 0.00017265156202483922, 4.365878339740448e-05, 1.6964426322374493e-05, 0.0002434604539303109, 1.67014204635052e-05, 2.030369250860531e-05, 0.022715754806995392]","[0.0013904571533203125, 0.99658203125, 0.0021839141845703125]","[0.0013904571533203125, 0.99658203125, 0.0021839141845703125]",False,DOĞRU,ONAY,False,False,1257.4036000000888,"{""K1_input_and_readiness"": 0.07989999994606478, ""K7_context"": 0.0017999996089201886, ""K1_normalization"": 0.015499999790336005, ""K6_advisory"": 36.52680000004693, ""K1_intent"": 0.05160000000614673, ""K2_retrieval"": 254.79959999984203, ""K3_reranker"": 905.1320000003216, ""K8_weighted_ranking"": 1.4079999996283732, ""K3_candidate_filters"": 7.137099999908969, ""K9_advisory_consensus"": 0.007000000096013537, ""K4_nli_and_bypass_check"": 48.029200000200944, ""K5_decision"": 0.2969999995912076}",14198
FACTURK-0449,DOĞRU,"[202, 137, 20529, 14866, 3503, 4195, 7301, 16066, 12802, 20596, 20771, 18354, 58, 13753, 12309, 9953, 20079, 2795, 4999, 3213]","[0.023554330691695213, 0.029367854818701744, 0.0010202174307778478, 3.071818719035946e-05, 0.00048029719619080424, 2.908344322349876e-05, 0.004182493779808283, 1.6314539607265033e-05, 2.178264912799932e-05, 7.484622619813308e-05, 3.591300992411561e-05, 1.6061610949691385e-05, 1.6187581422855146e-05, 0.010489090345799923, 1.6314539607265033e-05, 5.605828482657671e-05, 0.00025315635139122605, 1.6187581422855146e-05, 0.0005484792054630816, 0.0028009270317852497]","[0.00698089599609375, 0.97705078125, 0.01611328125]","[0.00698089599609375, 0.97705078125, 0.01611328125]",False,DOĞRU,ONAY,False,False,1166.0361999997804,"{""K1_input_and_readiness"": 0.049700000090524554, ""K7_context"": 0.001500000053056283, ""K1_normalization"": 0.009300000328948954, ""K6_advisory"": 35.19090000008873, ""K1_intent"": 0.035200000183976954, ""K2_retrieval"": 253.46619999982067, ""K3_reranker"": 373.2396999998855, ""K8_weighted_ranking"": 1.298399999996036, ""K3_candidate_filters"": 6.084699999973964, ""K9_advisory_consensus"": 0.011999999969702912, ""K4_nli_and_bypass_check"": 265.443299999788, ""K5_decision"": 227.0565999997416}",2795
FACTURK-0450,DOĞRU,"[11726, 25030, 3796, 11235, 12342, 21608, 5011, 19802, 11964, 8785, 17532, 2575, 16630, 2395, 4450, 1293, 27711, 20046, 6860, 10573]","[0.00016346470511052758, 3.5633544030133635e-05, 8.750300185056403e-05, 0.0014721895568072796, 0.0010322310263291001, 3.1201914680423215e-05, 0.0037800956051796675, 4.101373633602634e-05, 0.0003770285693462938, 4.400118632474914e-05, 0.003538086311891675, 0.005469274241477251, 0.0013617033837363124, 1.6442494597868063e-05, 0.000471011851914227, 2.0785171727766283e-05, 1.9833367332466878e-05, 0.004314687568694353, 1.6314539607265033e-05, 7.843789353501052e-05]","[0.1431884765625, 0.1400146484375, 0.716796875]","[0.1431884765625, 0.1400146484375, 0.716796875]",False,DOĞRU,ONAY,False,False,2228.371900000184,"{""K1_input_and_readiness"": 0.07299999970200588, ""K7_context"": 0.0016999997569655534, ""K1_normalization"": 0.010600000223348616, ""K6_advisory"": 34.7142000000531, ""K1_intent"": 0.043900000036956044, ""K2_retrieval"": 215.14509999997244, ""K3_reranker"": 967.1124999999847, ""K8_weighted_ranking"": 1.623800000288611, ""K3_candidate_filters"": 7.61049999982788, ""K9_advisory_consensus"": 0.007800000275892671, ""K4_nli_and_bypass_check"": 550.205399999868, ""K5_decision"": 447.8162999998858}",2575
FACTURK-0451,DOĞRU,"[19719, 22320, 3682, 13440, 29740, 13944, 14249, 20867, 19329, 30011, 16987, 11606, 12404, 1506, 2951, 22738, 29348, 8281, 13159, 23092]","[0.999127209186554, 0.00012148174573667347, 0.014672035351395607, 0.0004784255870617926, 0.00019871552649419755, 1.7231572201126255e-05, 0.001483718864619732, 0.0015247863484546542, 0.0012303582625463605, 0.007039045449346304, 7.197912054834887e-05, 0.00018961740715894848, 0.0001500056532677263, 3.219233258278109e-05, 2.977311669383198e-05, 0.00017536994710098952, 0.00010889690747717395, 1.6187581422855146e-05, 1.6061610949691385e-05, 1.6061610949691385e-05]",null,"[1.0, 0.0, 0.0]",True,DOĞRU,ONAY,False,False,984.0856000000713,"{""K1_input_and_readiness"": 0.0710999997863837, ""K7_context"": 0.0015999999050109182, ""K1_normalization"": 0.015799999800947262, ""K6_advisory"": 37.33839999995325, ""K1_intent"": 0.03640000022642198, ""K2_retrieval"": 200.1632999999856, ""K3_reranker"": 735.519999999724, ""K8_weighted_ranking"": 1.1140000001432782, ""K3_candidate_filters"": 6.157899999834626, ""K9_advisory_consensus"": 0.011299999641778413, ""K4_nli_and_bypass_check"": 0.19800000018221908, ""K5_decision"": 0.2641000000949134}",19719
FACTURK-0452,YALAN,"[23438, 3473, 26119, 7164, 15133, 19963, 5169, 12902, 11966, 617, 20307, 2417, 28350, 25852, 23586, 1569, 18865, 11666, 10890, 2501]","[0.07094483077526093, 0.004231587518006563, 0.0014895173953846097, 0.001573112211190164, 0.00012830943160224706, 0.02527489699423313, 0.0017821963410824537, 0.022243669256567955, 0.012100386433303356, 0.00046917638974264264, 3.70529705833178e-05, 0.13251455128192902, 0.0036499870475381613, 0.003538086311891675, 0.0006719278171658516, 0.011777842417359352, 0.0046636550687253475, 0.021044565364718437, 0.011597361415624619, 0.0004859560285694897]","[0.0037212371826171875, 0.9560546875, 0.040252685546875]","[0.0037212371826171875, 0.9560546875, 0.040252685546875]",False,YALAN,RED,False,False,533.2069999999476,"{""K1_input_and_readiness"": 0.05270000019663712, ""K7_context"": 0.0017000002117129043, ""K1_normalization"": 0.009200000022246968, ""K6_advisory"": 35.22819999989224, ""K1_intent"": 0.03990000004705507, ""K2_retrieval"": 211.39339999990625, ""K3_reranker"": 214.6775000001071, ""K8_weighted_ranking"": 2.8258000002097106, ""K3_candidate_filters"": 8.87590000002092, ""K9_advisory_consensus"": 0.010400000064691994, ""K4_nli_and_bypass_check"": 55.910799999765004, ""K5_decision"": 0.34669999968173215}",19963
FACTURK-0453,DOĞRU,"[16831, 9899, 24994, 15270, 16014, 24746, 5321, 19793, 14138, 23080, 2839, 25107, 8098, 17635, 16732, 17297, 20133, 2948, 22599, 21665]","[0.5991333723068237, 0.00041731575038284063, 0.0029694451950490475, 4.469407213036902e-05, 1.6061610949691385e-05, 1.6187581422855146e-05, 1.6187581422855146e-05, 0.0001673405058681965, 1.6187581422855146e-05, 0.0008199321455322206, 0.04054073989391327, 2.0462934116949327e-05, 1.6061610949691385e-05, 6.709224544465542e-05, 0.0009326360304839909, 0.13603349030017853, 1.6187581422855146e-05, 0.00010472556459717453, 0.006718870252370834, 1.683241134742275e-05]","[0.00501251220703125, 0.1585693359375, 0.83642578125]","[0.00501251220703125, 0.1585693359375, 0.83642578125]",False,DOĞRU,ONAY,False,False,1961.710900000071,"{""K1_input_and_readiness"": 0.07850000019971048, ""K7_context"": 0.0015999999050109182, ""K1_normalization"": 0.013299999864102574, ""K6_advisory"": 35.567299999911484, ""K1_intent"": 0.054599999657511944, ""K2_retrieval"": 222.09390000034546, ""K3_reranker"": 673.6722000000555, ""K8_weighted_ranking"": 1.3146000001142966, ""K3_candidate_filters"": 6.930699999884382, ""K9_advisory_consensus"": 0.007699999969190685, ""K4_nli_and_bypass_check"": 521.7725000002247, ""K5_decision"": 496.645400000034}",16831
FACTURK-0454,DOĞRU,"[394, 7110, 28636, 9362, 10959, 30174, 15500, 27598, 22098, 12955, 21260, 24668, 17607, 4012, 5238, 19626, 21980, 2177, 2892, 26299]","[0.9743373394012451, 0.057599205523729324, 0.0003814711526501924, 0.0006959536112844944, 6.0613183450186625e-05, 2.0623421733034775e-05, 0.00010889690747717395, 3.852893496514298e-05, 0.003579642390832305, 0.0035936026833951473, 1.657145367062185e-05, 0.0011380005162209272, 4.575391358230263e-05, 2.586742994026281e-05, 1.8486754925106652e-05, 0.00027586790383793414, 0.00025118677876889706, 4.870464181294665e-05, 2.318747829122003e-05, 1.6187581422855146e-05]","[0.004177093505859375, 0.9951171875, 0.0007162094116210938]","[0.004177093505859375, 0.9951171875, 0.0007162094116210938]",False,YALAN,RED,False,False,1751.868899999863,"{""K1_input_and_readiness"": 0.06170000006022747, ""K7_context"": 0.0014000002011016477, ""K1_normalization"": 0.012800000149582047, ""K6_advisory"": 36.54350000033446, ""K1_intent"": 0.043199999709031545, ""K2_retrieval"": 267.70829999986745, ""K3_reranker"": 921.7972999999802, ""K8_weighted_ranking"": 1.3627999996970175, ""K3_candidate_filters"": 7.405600000311097, ""K9_advisory_consensus"": 0.00940000018090359, ""K4_nli_and_bypass_check"": 278.8946999999098, ""K5_decision"": 234.4573999998829}",394
FACTURK-0455,DOĞRU,"[23792, 5980, 14012, 8602, 3532, 20136, 6181, 2431, 19547, 1970, 26087, 13144, 28157, 19484, 29976, 12068, 22598, 18615, 6047, 29038]","[0.08756384253501892, 0.08137363195419312, 0.02124669775366783, 0.06681232154369354, 0.11221037805080414, 0.07198162376880646, 0.0005930210463702679, 0.0012448433553799987, 0.0008135565440170467, 0.0019267346942797303, 1.6442494597868063e-05, 0.0005592909292317927, 0.037256766110658646, 0.000437334441812709, 0.001512938179075718, 0.003456409554928541, 0.057918086647987366, 7.843789353501052e-05, 0.0002780309587251395, 0.0003920417802873999]","[0.0009756088256835938, 0.99755859375, 0.0016994476318359375]","[0.0009756088256835938, 0.99755859375, 0.0016994476318359375]",False,YALAN,UYARI,False,False,1636.3015000001724,"{""K1_input_and_readiness"": 0.07300000015675323, ""K7_context"": 0.0016999997569655534, ""K1_normalization"": 0.015299999631679384, ""K6_advisory"": 35.42280000010578, ""K1_intent"": 0.06010000015521655, ""K2_retrieval"": 310.38200000011784, ""K3_reranker"": 1247.854499999903, ""K8_weighted_ranking"": 1.5536000000793138, ""K3_candidate_filters"": 7.606200000282115, ""K9_advisory_consensus"": 0.008600000001024455, ""K4_nli_and_bypass_check"": 29.509500000131084, ""K5_decision"": 0.25999999979831045}",3532
FACTURK-0456,DOĞRU,"[13712, 12152, 18172, 14909, 6760, 14443, 526, 18181, 23726, 18230, 3233, 19808, 17587, 28942, 17510, 8759, 11712, 18865, 9006, 2007]","[0.9600626826286316, 0.0468120314180851, 0.020725060254335403, 0.009125636890530586, 0.00011774459562730044, 0.0006166297243908048, 5.829126530443318e-05, 0.0005172813544049859, 0.003621685551479459, 0.00026947917649522424, 1.8631746570463292e-05, 0.0005193048855289817, 0.00037263770354911685, 0.00407013762742281, 0.026205414906144142, 0.031439851969480515, 0.004022909794002771, 0.001622967072762549, 0.012336100451648235, 0.00036829791497439146]","[0.002651214599609375, 0.99609375, 0.0010194778442382812]","[0.002651214599609375, 0.99609375, 0.0010194778442382812]",False,YALAN,RED,False,False,1611.7321000001539,"{""K1_input_and_readiness"": 0.0648999998702493, ""K7_context"": 0.0018999999156221747, ""K1_normalization"": 0.012900000001536682, ""K6_advisory"": 34.98829999989539, ""K1_intent"": 0.05329999976311228, ""K2_retrieval"": 247.5958999998511, ""K3_reranker"": 672.8422999999566, ""K8_weighted_ranking"": 1.2984999998479907, ""K3_candidate_filters"": 7.1392999998352025, ""K9_advisory_consensus"": 0.007699999969190685, ""K4_nli_and_bypass_check"": 346.75349999997707, ""K5_decision"": 297.3480999999083}",13712
FACTURK-0457,DOĞRU,"[3638, 24731, 26883, 3954, 15108, 22098, 20735, 23660, 24289, 11989, 25258, 17597, 4240, 15677, 5201, 27889, 4872, 28620, 6541, 15620]","[0.988711953163147, 0.0005316132446750998, 2.014569145103451e-05, 0.0014103584690019488, 2.6274772608303465e-05, 0.00011501735571073368, 1.6187581422855146e-05, 0.00010804955672938377, 1.7640199075685814e-05, 0.00014883848780300468, 8.349628478754312e-05, 1.657145367062185e-05, 3.095910506090149e-05, 1.6061610949691385e-05, 1.6187581422855146e-05, 1.6442494597868063e-05, 1.7097478121286258e-05, 1.67014204635052e-05, 1.6187581422855146e-05, 1.6061610949691385e-05]","[0.99072265625, 0.004947662353515625, 0.0041961669921875]","[0.99072265625, 0.004947662353515625, 0.0041961669921875]",False,YALAN,RED,False,False,1108.870300000035,"{""K1_input_and_readiness"": 0.054799999816168565, ""K7_context"": 0.002499999936844688, ""K1_normalization"": 0.011699999959091656, ""K6_advisory"": 34.39420000040627, ""K1_intent"": 0.047900000026857015, ""K2_retrieval"": 227.8147000001809, ""K3_reranker"": 665.9740000000056, ""K8_weighted_ranking"": 1.3507999997273146, ""K3_candidate_filters"": 7.089000000178203, ""K9_advisory_consensus"": 0.008600000001024455, ""K4_nli_and_bypass_check"": 103.89949999989767, ""K5_decision"": 64.20239999988553}",3638
FACTURK-0458,DOĞRU,"[19271, 20849, 2951, 29203, 12912, 16729, 14257, 21637, 24303, 5342, 17586, 22323, 28784, 22211, 4733, 18978, 9652, 1155, 10655, 1860]","[3.591300992411561e-05, 0.0001686527393758297, 0.0009659748757258058, 0.00020988310279790312, 1.7640199075685814e-05, 0.0026316740550100803, 1.6061610949691385e-05, 0.00016474656877107918, 0.0005725466180592775, 1.8486754925106652e-05, 1.750292540236842e-05, 0.0002591582597233355, 7.426380761899054e-05, 1.6314539607265033e-05, 4.037790131405927e-05, 4.575391358230263e-05, 0.00022167809947859496, 1.892514956125524e-05, 0.0006047102506272495, 1.6314539607265033e-05]","[0.0017223358154296875, 0.58056640625, 0.417724609375]","[0.0017223358154296875, 0.58056640625, 0.417724609375]",False,YETERSİZ VERİ,RET,True,False,1216.1831000003076,"{""K1_input_and_readiness"": 0.05999999984851456, ""K7_context"": 0.001600000359758269, ""K1_normalization"": 0.012099999821657548, ""K6_advisory"": 34.22839999984717, ""K1_intent"": 0.03839999999399879, ""K2_retrieval"": 246.96989999983998, ""K3_reranker"": 898.3425999999781, ""K8_weighted_ranking"": 1.2162999996689905, ""K3_candidate_filters"": 6.411200000002282, ""K9_advisory_consensus"": 0.006600000233447645, ""K4_nli_and_bypass_check"": 25.288600000294537, ""K5_decision"": 0.31570000010106014}",17586
FACTURK-0459,DOĞRU,"[4012, 27823, 27910, 25662, 6254, 26299, 29502, 26227, 3976, 29621, 20162, 2384, 2043, 11893, 3902, 8961, 15755, 17845, 9587, 23830]","[5.738759500673041e-05, 0.0011116681853309274, 0.9598374962806702, 0.0001511819864390418, 1.683241134742275e-05, 3.975192521465942e-05, 0.002790037775412202, 0.00012053649697918445, 5.5622065701754764e-05, 6.452214438468218e-05, 1.6314539607265033e-05, 0.00010071400902234018, 0.00010071400902234018, 1.6314539607265033e-05, 1.657145367062185e-05, 1.6187581422855146e-05, 0.0006878511630930007, 1.6187581422855146e-05, 2.0623421733034775e-05, 0.006641112733632326]","[0.016998291015625, 0.98291015625, 0.00025582313537597656]","[0.016998291015625, 0.98291015625, 0.00025582313537597656]",False,YETERSİZ VERİ,RET,True,False,1328.5385999997743,"{""K1_input_and_readiness"": 0.04239999998389976, ""K7_context"": 0.008600000001024455, ""K1_normalization"": 0.009699999736767495, ""K6_advisory"": 36.14510000033988, ""K1_intent"": 0.05509999982677982, ""K2_retrieval"": 214.59809999987556, ""K3_reranker"": 682.4077000001125, ""K8_weighted_ranking"": 1.4774999999644933, ""K3_candidate_filters"": 6.909000000177912, ""K9_advisory_consensus"": 0.009899999895424116, ""K4_nli_and_bypass_check"": 211.75050000010742, ""K5_decision"": 171.74950000026}",27910
FACTURK-0460,DOĞRU,"[15741, 28591, 20767, 17385, 14392, 30237, 9535, 26562, 23184, 24510, 6952, 9463, 2526, 24966, 27331, 5108, 17205, 24521, 10714, 9053]","[0.2018132209777832, 1.967902426258661e-05, 0.0008592476369813085, 3.321419353596866e-05, 0.00018522572645451874, 0.001004416379146278, 0.34224167466163635, 0.4157288372516632, 0.03753800690174103, 0.00012931563833262771, 0.001069126301445067, 0.004451041109859943, 8.029783930396661e-05, 0.014957086183130741, 0.0012793075293302536, 0.00341627886518836, 0.024516336619853973, 3.024195939360652e-05, 0.00023050670279189944, 4.365878339740448e-05]","[0.0306549072265625, 0.89697265625, 0.0723876953125]","[0.0306549072265625, 0.89697265625, 0.0723876953125]",False,YALAN,RED,False,False,3301.1598000002778,"{""K1_input_and_readiness"": 0.06679999978587148, ""K7_context"": 0.009699999736767495, ""K1_normalization"": 0.013800000033370452, ""K6_advisory"": 36.11819999969157, ""K1_intent"": 0.03990000004705507, ""K2_retrieval"": 228.09669999969628, ""K3_reranker"": 1695.2256999998099, ""K8_weighted_ranking"": 1.090100000055827, ""K3_candidate_filters"": 6.138499999906344, ""K9_advisory_consensus"": 0.007000000096013537, ""K4_nli_and_bypass_check"": 679.5329999999922, ""K5_decision"": 649.6796999999788}",26562
FACTURK-0461,DOĞRU,"[16362, 27523, 21803, 18468, 20730, 19657, 21874, 5821, 28510, 26694, 20718, 8008, 6418, 11442, 10106, 29138, 4119, 20683, 1887, 10997]","[0.003135835751891136, 0.018761085346341133, 0.0010083435336127877, 0.2420264333486557, 0.008677716366946697, 1.6314539607265033e-05, 0.0003366621967870742, 0.0007733057136647403, 0.2889702320098877, 0.001220795209519565, 0.0002234163403045386, 3.244481558795087e-05, 0.021739594638347626, 0.2080180048942566, 0.0074030146934092045, 0.17078441381454468, 0.002934951800853014, 0.004736748989671469, 0.01196109689772129, 0.00272558256983757]","[0.003231048583984375, 0.99365234375, 0.0032367706298828125]","[0.003231048583984375, 0.99365234375, 0.0032367706298828125]",False,YALAN,UYARI,False,False,1398.4710999998242,"{""K1_input_and_readiness"": 0.06399999983841553, ""K7_context"": 0.0014000002011016477, ""K1_normalization"": 0.009999999747378752, ""K6_advisory"": 37.88120000035633, ""K1_intent"": 0.057300000207760604, ""K2_retrieval"": 243.32700000013574, ""K3_reranker"": 630.3526000001511, ""K8_weighted_ranking"": 1.3424999997369014, ""K3_candidate_filters"": 7.025500000054308, ""K9_advisory_consensus"": 0.00760000011723605, ""K4_nli_and_bypass_check"": 256.3482999998996, ""K5_decision"": 218.30420000014783}",28510
FACTURK-0462,DOĞRU,"[22886, 27460, 11229, 1814, 26581, 14360, 23213, 6380, 5113, 8916, 15736, 1194, 3235, 2197, 2281, 4127, 2294, 6592, 5557, 25038]","[0.00039821304380893707, 5.649793456541374e-05, 0.005469274241477251, 0.00010229986219201237, 2.7969301299890503e-05, 2.710879925871268e-05, 1.892514956125524e-05, 3.4537253668531775e-05, 2.4300241420860402e-05, 1.6442494597868063e-05, 1.67014204635052e-05, 1.6314539607265033e-05, 4.006369272246957e-05, 1.6187581422855146e-05, 1.6187581422855146e-05, 5.920916373725049e-05, 1.6187581422855146e-05, 1.6187581422855146e-05, 1.657145367062185e-05, 4.985958003089763e-05]","[0.006343841552734375, 0.00301361083984375, 0.99072265625]","[0.006343841552734375, 0.00301361083984375, 0.99072265625]",False,YETERSİZ VERİ,KISMI,True,False,1508.5148000002846,"{""K1_input_and_readiness"": 0.047199999698932515, ""K7_context"": 0.001600000359758269, ""K1_normalization"": 0.008800000159681076, ""K6_advisory"": 35.060799999882875, ""K1_intent"": 0.03679999963424052, ""K2_retrieval"": 192.9949000000306, ""K3_reranker"": 999.9148000001696, ""K8_weighted_ranking"": 1.155099999778031, ""K3_candidate_filters"": 6.266599999889877, ""K9_advisory_consensus"": 0.007100000402715523, ""K4_nli_and_bypass_check"": 150.22749999980078, ""K5_decision"": 119.36340000011114}",11229
FACTURK-0463,DOĞRU,"[23757, 15675, 20136, 16824, 13796, 4682, 15719, 4119, 26138, 12622, 28388, 2899, 29138, 1766, 4144, 21058, 2498, 25537, 26355, 8792]","[0.0015669887652620673, 2.4876489987946115e-05, 0.0035657365806400776, 2.6688529032981023e-05, 0.016029147431254387, 2.161314114346169e-05, 0.04099902883172035, 7.843789353501052e-05, 0.0014381353976204991, 0.15674921870231628, 1.9373936083866283e-05, 0.00010071400902234018, 0.0027683854568749666, 6.452214438468218e-05, 0.0007854739669710398, 2.265035072923638e-05, 4.5044595026411116e-05, 0.0006745558930560946, 0.0005907104350626469, 0.04099902883172035]","[0.0004858970642089844, 0.9990234375, 0.00030112266540527344]","[0.0004858970642089844, 0.9990234375, 0.00030112266540527344]",False,YALAN,UYARI,False,False,1236.5857999998298,"{""K1_input_and_readiness"": 0.07540000024164328, ""K7_context"": 0.0017000002117129043, ""K1_normalization"": 0.013200000012147939, ""K6_advisory"": 34.75929999967775, ""K1_intent"": 0.056999999742402, ""K2_retrieval"": 246.0003000001052, ""K3_reranker"": 914.7665999998935, ""K8_weighted_ranking"": 1.4795000001868175, ""K3_candidate_filters"": 7.699199999933626, ""K9_advisory_consensus"": 0.007499999810534064, ""K4_nli_and_bypass_check"": 27.69350000016857, ""K5_decision"": 0.3412999999454769}",8792
FACTURK-0464,DOĞRU,"[16499, 17870, 20974, 70, 23378, 16491, 25298, 120, 5228, 8304, 25705, 27957, 26958, 23309, 3402, 7091, 14155, 21399, 7681, 21542]","[0.21900326013565063, 0.00046917638974264264, 0.08374040573835373, 6.0613183450186625e-05, 0.01858215034008026, 0.0007236572564579546, 0.011463796719908714, 6.302758993115276e-05, 1.6061610949691385e-05, 0.08137363195419312, 0.0120537793263793, 1.6061610949691385e-05, 0.07949569821357727, 1.6187581422855146e-05, 0.038610927760601044, 0.0007236572564579546, 0.000159678646014072, 4.331903619458899e-05, 2.7751651941798627e-05, 0.0008592476369813085]","[0.0027313232421875, 0.83349609375, 0.1639404296875]","[0.0027313232421875, 0.83349609375, 0.1639404296875]",False,DOĞRU,ONAY,False,False,1161.3870000001043,"{""K1_input_and_readiness"": 0.04570000010062358, ""K7_context"": 0.0014000002011016477, ""K1_normalization"": 0.009100000170292333, ""K6_advisory"": 34.33129999984885, ""K1_intent"": 0.028899999961140566, ""K2_retrieval"": 187.75360000017827, ""K3_reranker"": 434.4366000000264, ""K8_weighted_ranking"": 1.1960000001636217, ""K3_candidate_filters"": 5.861000000095373, ""K9_advisory_consensus"": 0.006199999916134402, ""K4_nli_and_bypass_check"": 258.105599999908, ""K5_decision"": 236.12009999988004}",120
FACTURK-0465,DOĞRU,"[11397, 25052, 28440, 19431, 8376, 12992, 15297, 29414, 29661, 26755, 1792, 19343, 12732, 23337, 2436, 12379, 15898, 8329, 24101, 21113]","[1.6187581422855146e-05, 2.3737338779028505e-05, 2.2474090656032786e-05, 1.6061610949691385e-05, 1.922317096614279e-05, 4.539786823443137e-05, 0.007636216934770346, 0.0645354762673378, 0.20577459037303925, 1.593661909282673e-05, 1.892514956125524e-05, 1.593661909282673e-05, 0.12410681694746017, 0.0008659808663651347, 1.6442494597868063e-05, 2.5466406441410072e-05, 0.047691281884908676, 1.67014204635052e-05, 1.6314539607265033e-05, 0.03132111579179764]","[0.0033779144287109375, 0.99609375, 0.0003914833068847656]","[0.0033779144287109375, 0.99609375, 0.0003914833068847656]",False,YALAN,UYARI,False,False,1106.7238999999063,"{""K1_input_and_readiness"": 0.13009999975110986, ""K7_context"": 0.0018999999156221747, ""K1_normalization"": 0.008999999863590347, ""K6_advisory"": 35.2205000003778, ""K1_intent"": 0.04360000002634479, ""K2_retrieval"": 200.04950000020472, ""K3_reranker"": 349.443600000086, ""K8_weighted_ranking"": 1.1116999999103427, ""K3_candidate_filters"": 6.108999999923981, ""K9_advisory_consensus"": 0.007099999947968172, ""K4_nli_and_bypass_check"": 281.20969999963563, ""K5_decision"": 230.04430000037246}",29414
FACTURK-0466,YALAN,"[2149, 27453, 7236, 5635, 23119, 11007, 4846, 7082, 3133, 25538, 5319, 1814, 26537, 154, 24899, 5782, 174, 20506, 20288, 21849]","[0.017442485317587852, 0.0001837845629779622, 0.0002234163403045386, 0.00017674513219390064, 0.0009927261853590608, 0.00012731103925034404, 0.00018522572645451874, 0.00026738259475678205, 6.205049430718645e-05, 0.00018814207578543574, 1.6187581422855146e-05, 1.6187581422855146e-05, 1.922317096614279e-05, 0.0018675660248845816, 2.5071596610359848e-05, 2.0785171727766283e-05, 0.0021322614047676325, 6.814872176619247e-05, 1.6061610949691385e-05, 1.6314539607265033e-05]","[0.004302978515625, 0.93310546875, 0.0625]","[0.004302978515625, 0.93310546875, 0.0625]",False,YALAN,RED,False,False,1509.8440000001574,"{""K1_input_and_readiness"": 0.0638999999864609, ""K7_context"": 0.001500000053056283, ""K1_normalization"": 0.008700000307726441, ""K6_advisory"": 36.20450000016717, ""K1_intent"": 0.03569999989849748, ""K2_retrieval"": 223.27940000013768, ""K3_reranker"": 628.808399999798, ""K8_weighted_ranking"": 1.4895999997861509, ""K3_candidate_filters"": 7.605100000091625, ""K9_advisory_consensus"": 0.008600000001024455, ""K4_nli_and_bypass_check"": 318.7134999998307, ""K5_decision"": 289.6857999999156}",2149
FACTURK-0467,YALAN,"[22428, 7192, 16760, 15797, 18021, 24615, 28155, 8522, 24087, 24295, 25240, 2513, 25153, 14322, 20042, 24752, 15763, 4529, 22812, 19254]","[9.17019642656669e-05, 0.0874079093337059, 0.00018093574908562005, 0.02909075655043125, 0.010776725597679615, 0.0015854305820539594, 0.0044165560975670815, 0.004433765076100826, 2.6688529032981023e-05, 0.011331753805279732, 2.6897845600615256e-05, 0.0006070755189284682, 0.00039821304380893707, 0.004264635033905506, 0.007176882121711969, 0.001192549243569374, 4.870464181294665e-05, 0.04913078621029854, 0.11104825139045715, 0.003172682598233223]","[0.37890625, 0.239501953125, 0.381591796875]","[0.37890625, 0.239501953125, 0.381591796875]",False,YALAN,RED,False,False,1309.4398999996884,"{""K1_input_and_readiness"": 0.056800000038492726, ""K7_context"": 0.0014000002011016477, ""K1_normalization"": 0.009700000191514846, ""K6_advisory"": 35.72010000016235, ""K1_intent"": 0.05059999966761097, ""K2_retrieval"": 216.61370000038005, ""K3_reranker"": 406.2616999999591, ""K8_weighted_ranking"": 1.1429999999563734, ""K3_candidate_filters"": 6.128999999873486, ""K9_advisory_consensus"": 0.007499999810534064, ""K4_nli_and_bypass_check"": 324.2136999997456, ""K5_decision"": 315.83679999994274}",25240
FACTURK-0468,YALAN,"[9150, 8347, 13639, 21518, 8456, 20449, 21058, 13796, 26355, 10960, 2498, 24184, 1766, 5535, 2984, 25675, 23508, 24591, 6420, 25178]","[0.03050205484032631, 0.01057048887014389, 7.782753527862951e-05, 0.0002715921145863831, 0.00012148174573667347, 5.144220995134674e-05, 2.1278065105434507e-05, 0.001299427472986281, 0.00016093082376755774, 0.0005614787805825472, 6.205049430718645e-05, 0.00041731575038284063, 3.647853736765683e-05, 4.231559796608053e-05, 1.683241134742275e-05, 2.6688529032981023e-05, 0.000192602863535285, 0.0002472934720572084, 0.002082970691844821, 0.000638679601252079]","[0.001316070556640625, 0.99755859375, 0.0009832382202148438]","[0.001316070556640625, 0.99755859375, 0.0009832382202148438]",False,YALAN,UYARI,False,False,1581.4889999996922,"{""K1_input_and_readiness"": 0.07189999996626284, ""K7_context"": 0.0012000000424450263, ""K1_normalization"": 0.0144999999065476, ""K6_advisory"": 34.124400000109745, ""K1_intent"": 0.04219999982524314, ""K2_retrieval"": 293.82570000007036, ""K3_reranker"": 1216.39069999992, ""K8_weighted_ranking"": 1.341600000159815, ""K3_candidate_filters"": 7.040399999823421, ""K9_advisory_consensus"": 0.00779999982114532, ""K4_nli_and_bypass_check"": 24.93579999963913, ""K5_decision"": 0.168500000199856}",9150
FACTURK-0469,DOĞRU,"[24613, 18181, 13693, 19390, 19808, 21244, 526, 16017, 12821, 18865, 6620, 3703, 17720, 7019, 12152, 2109, 2007, 16202, 3233, 3841]","[0.75743567943573, 0.00029365462251007557, 2.93115390377352e-05, 0.014227046631276608, 0.004314687568694353, 3.269927037763409e-05, 1.9833367332466878e-05, 0.0009146137163043022, 4.365878339740448e-05, 0.0014550630003213882, 0.002123966347426176, 0.0006070755189284682, 2.8409744118107483e-05, 0.00015843621804378927, 0.0009146137163043022, 0.00014313739666249603, 0.00023050670279189944, 2.818866414600052e-05, 1.6964426322374493e-05, 0.0029121784027665854]","[0.6767578125, 0.223388671875, 0.09967041015625]","[0.6767578125, 0.223388671875, 0.09967041015625]",False,YETERSİZ VERİ,KISMI,True,False,1801.5866999999162,"{""K1_input_and_readiness"": 0.052099999720667256, ""K7_context"": 0.0013999997463542968, ""K1_normalization"": 0.010400000064691994, ""K6_advisory"": 34.68449999991208, ""K1_intent"": 0.053899999784334796, ""K2_retrieval"": 236.03860000002896, ""K3_reranker"": 922.4110999998629, ""K8_weighted_ranking"": 1.1124999996354745, ""K3_candidate_filters"": 5.890000000363216, ""K9_advisory_consensus"": 0.00670000008540228, ""K4_nli_and_bypass_check"": 317.50300000021525, ""K5_decision"": 279.117000000042}",24613
FACTURK-0470,DOĞRU,"[21185, 26436, 17601, 16987, 11362, 14585, 26173, 10053, 24053, 12147, 27375, 7221, 15388, 12865, 3503, 23841, 6895, 1633, 18170, 28248]","[0.009708477184176445, 0.0028560124337673187, 0.0008559006964787841, 0.018546566367149353, 1.6061610949691385e-05, 0.0012065897462889552, 0.0001621928095119074, 1.6314539607265033e-05, 1.6061610949691385e-05, 0.0001195985751110129, 0.009898064658045769, 2.2827996872365475e-05, 1.6964426322374493e-05, 1.6187581422855146e-05, 1.6442494597868063e-05, 0.00214894930832088, 0.00010071400902234018, 0.0006641048239544034, 2.93115390377352e-05, 1.6314539607265033e-05]","[0.020050048828125, 0.97265625, 0.0071563720703125]","[0.020050048828125, 0.97265625, 0.0071563720703125]",False,YALAN,RED,False,False,1296.7334999998457,"{""K1_input_and_readiness"": 0.08070000012594392, ""K7_context"": 0.001500000053056283, ""K1_normalization"": 0.014999999621068127, ""K6_advisory"": 33.061699999962, ""K1_intent"": 0.05220000002736924, ""K2_retrieval"": 296.96249999960855, ""K3_reranker"": 918.7400999999227, ""K8_weighted_ranking"": 1.1316999998598476, ""K3_candidate_filters"": 6.136500000138767, ""K9_advisory_consensus"": 0.007500000265281415, ""K4_nli_and_bypass_check"": 36.66490000023259, ""K5_decision"": 0.35659999957715627}",16987
FACTURK-0471,YALAN,"[8807, 9030, 26892, 21598, 15765, 7476, 16545, 12693, 3102, 16843, 3594, 25920, 521, 7613, 28620, 18729, 14093, 314, 27265, 26203]","[0.000159678646014072, 7.602479308843613e-05, 0.0002396868512732908, 0.00014539113908540457, 0.0015669887652620673, 0.00018093574908562005, 1.6442494597868063e-05, 0.00013342000602278858, 0.00021654405281879008, 0.0035243413876742125, 0.0008761798962950706, 2.1444948288262822e-05, 0.08725224435329437, 0.0002396868512732908, 0.003456409554928541, 0.006217078305780888, 0.00014313739666249603, 2.7535690605873242e-05, 0.024750972166657448, 7.602479308843613e-05]","[0.002307891845703125, 0.99462890625, 0.003021240234375]","[0.002307891845703125, 0.99462890625, 0.003021240234375]",False,DOĞRU,ONAY,False,False,3697.8727000000617,"{""K1_input_and_readiness"": 0.09969999973691301, ""K7_context"": 0.0016999997569655534, ""K1_normalization"": 0.022900000203662785, ""K6_advisory"": 39.10200000018449, ""K1_intent"": 0.06519999988086056, ""K2_retrieval"": 318.3718999998746, ""K3_reranker"": 866.3262999998551, ""K8_weighted_ranking"": 1.4325000001917942, ""K3_candidate_filters"": 7.774700000027224, ""K9_advisory_consensus"": 0.00760000011723605, ""K4_nli_and_bypass_check"": 1240.780299999642, ""K5_decision"": 1220.03100000029}",16843
FACTURK-0472,DOĞRU,"[7048, 19673, 6047, 20141, 17301, 22106, 19683, 27049, 17678, 14705, 26372, 3202, 16074, 23757, 2997, 13584, 29892, 4938, 2647, 24354]","[0.0009399438858963549, 0.05738753825426102, 5.475977377500385e-05, 0.003664220217615366, 6.976470467634499e-05, 0.20197059214115143, 0.0019418168812990189, 0.00020988310279790312, 0.0014607495395466685, 0.0024249141570180655, 0.0036499870475381613, 0.0003799845289904624, 0.0014895173953846097, 0.009161027148365974, 4.9086618673754856e-05, 0.0026522595435380936, 2.8409744118107483e-05, 0.0009004466701298952, 3.1693256460130215e-05, 0.0008263576892204583]","[0.002964019775390625, 0.958984375, 0.038177490234375]","[0.002964019775390625, 0.958984375, 0.038177490234375]",False,DOĞRU,ONAY,False,False,2415.5421000000388,"{""K1_input_and_readiness"": 0.05310000005920301, ""K7_context"": 0.0021999999262334313, ""K1_normalization"": 0.010700000075303251, ""K6_advisory"": 35.8435000002828, ""K1_intent"": 0.048100000185513636, ""K2_retrieval"": 239.04559999982666, ""K3_reranker"": 1487.1360000001914, ""K8_weighted_ranking"": 1.4464000000771193, ""K3_candidate_filters"": 6.872099999782222, ""K9_advisory_consensus"": 0.0068999997893115506, ""K4_nli_and_bypass_check"": 318.7159000003703, ""K5_decision"": 322.40360000014334}",19673
FACTURK-0473,YALAN,"[16635, 29883, 5222, 6252, 12870, 11877, 28823, 20628, 18615, 1856, 21527, 24499, 20315, 17923, 10070, 10150, 20632, 25088, 29846, 24287]","[0.003123648464679718, 0.005957154091447592, 0.003260345896705985, 2.4300241420860402e-05, 0.0008899655076675117, 0.0005316132446750998, 2.710879925871268e-05, 1.6187581422855146e-05, 0.00023413581948261708, 0.00045474787475541234, 2.392351052549202e-05, 0.0003711854515131563, 0.00023597174731548876, 0.0011247574584558606, 0.002123966347426176, 6.302758993115276e-05, 0.00010071400902234018, 6.922183820279315e-05, 0.00036829791497439146, 0.00040290519245900214]","[0.023712158203125, 0.296142578125, 0.68017578125]","[0.023712158203125, 0.296142578125, 0.68017578125]",False,DOĞRU,ONAY,False,False,2051.332200000161,"{""K1_input_and_readiness"": 0.07539999978689593, ""K7_context"": 0.0018000000636675395, ""K1_normalization"": 0.013700000181415817, ""K6_advisory"": 34.9952999999914, ""K1_intent"": 0.05229999987932388, ""K2_retrieval"": 247.64180000011038, ""K3_reranker"": 666.9670999999653, ""K8_weighted_ranking"": 1.617299999907118, ""K3_candidate_filters"": 8.05820000005042, ""K9_advisory_consensus"": 0.009399999726156238, ""K4_nli_and_bypass_check"": 556.7986999999448, ""K5_decision"": 531.7537000000812}",20632
FACTURK-0474,DOĞRU,"[14015, 5289, 20971, 17025, 25711, 27420, 13338, 25537, 23653, 3314, 7387, 22792, 12187, 5520, 11532, 3335, 17684, 18127, 14775, 3213]","[0.9952816367149353, 0.20212802290916443, 0.002822832902893424, 4.832564081880264e-05, 0.000458312890259549, 0.00011412239109631628, 0.5973730087280273, 0.004792316351085901, 0.0024822766426950693, 0.0838903859257698, 0.012576347216963768, 1.892514956125524e-05, 2.0785171727766283e-05, 0.00020184421737212688, 0.00028685410507023335, 1.805851934477687e-05, 2.93115390377352e-05, 0.002082970691844821, 1.8777873265207745e-05, 0.001629308913834393]","[0.99658203125, 0.00295257568359375, 0.00067901611328125]","[0.99658203125, 0.00295257568359375, 0.00067901611328125]",False,YETERSİZ VERİ,KISMI,True,False,1737.0084000003772,"{""K1_input_and_readiness"": 0.08600000001024455, ""K7_context"": 0.002099999619531445, ""K1_normalization"": 0.010600000223348616, ""K6_advisory"": 34.38579999965441, ""K1_intent"": 0.03699999979289714, ""K2_retrieval"": 219.40660000018397, ""K3_reranker"": 1200.1341000000139, ""K8_weighted_ranking"": 1.5089999997144332, ""K3_candidate_filters"": 7.569999999759602, ""K9_advisory_consensus"": 0.008800000159681076, ""K4_nli_and_bypass_check"": 157.5963000000229, ""K5_decision"": 112.33359999960157}",14015
FACTURK-0475,YALAN,"[12587, 20389, 23961, 27788, 10260, 12068, 26367, 10039, 19509, 21565, 6377, 8674, 3341, 1571, 17084, 29272, 12497, 10183, 23590, 25402]","[0.8687154054641724, 0.17078441381454468, 0.016466174274683, 0.0001699752756394446, 0.00031015597051009536, 0.002704429440200329, 0.0003077430883422494, 0.0006851712241768837, 0.00045474787475541234, 9.535461140330881e-05, 0.0011649561347439885, 6.402006692951545e-05, 1.6061610949691385e-05, 0.0002611903182696551, 0.005620036274194717, 3.8831109122838825e-05, 0.0020033332984894514, 0.00040290519245900214, 0.00023231418163049966, 3.508111694827676e-05]","[0.11578369140625, 0.83837890625, 0.04583740234375]","[0.11578369140625, 0.83837890625, 0.04583740234375]",False,YETERSİZ VERİ,RET,True,False,2721.2008999999853,"{""K1_input_and_readiness"": 0.058399999943503644, ""K7_context"": 0.0014000002011016477, ""K1_normalization"": 0.011700000413839007, ""K6_advisory"": 32.37989999979618, ""K1_intent"": 0.0463000001218461, ""K2_retrieval"": 241.59310000004552, ""K3_reranker"": 992.9837000004227, ""K8_weighted_ranking"": 1.453000000310567, ""K3_candidate_filters"": 7.399099999929604, ""K9_advisory_consensus"": 0.010899999779212521, ""K4_nli_and_bypass_check"": 700.3470999998171, ""K5_decision"": 741.1898999998812}",12587
FACTURK-0476,DOĞRU,"[19855, 18980, 10423, 14607, 30339, 940, 26972, 6775, 1663, 23704, 1864, 3370, 23893, 5310, 26694, 29633, 25768, 6256, 2710, 27128]","[3.5633544030133635e-05, 0.006265534088015556, 0.0001097509084502235, 0.0006589401164092124, 0.0014721895568072796, 0.00024536947603337467, 0.0006851712241768837, 0.0001956353517016396, 0.00021995337738189846, 0.0004529758298303932, 6.014152313582599e-05, 6.108854722697288e-05, 0.0001547666179249063, 1.7231572201126255e-05, 0.00038747614598833025, 3.734356869244948e-05, 0.0007124459953047335, 1.6187581422855146e-05, 9.915272676153108e-05, 2.392351052549202e-05]","[0.004901885986328125, 0.97900390625, 0.0160980224609375]","[0.004901885986328125, 0.97900390625, 0.0160980224609375]",False,DOĞRU,ONAY,False,False,6854.664500000126,"{""K1_input_and_readiness"": 0.07950000008349889, ""K7_context"": 0.0018999999156221747, ""K1_normalization"": 0.012999999853491317, ""K6_advisory"": 35.68270000005214, ""K1_intent"": 0.05430000010164804, ""K2_retrieval"": 281.1727000002975, ""K3_reranker"": 5327.506900000117, ""K8_weighted_ranking"": 1.3597000001936976, ""K3_candidate_filters"": 7.0743000001129985, ""K9_advisory_consensus"": 0.008200000138458563, ""K4_nli_and_bypass_check"": 626.5376999999717, ""K5_decision"": 556.9576000002598}",26694
FACTURK-0477,YALAN,"[321, 29738, 15375, 8377, 11552, 27940, 14600, 8792, 11691, 4175, 26727, 27764, 8486, 19966, 6837, 22171, 1480, 29838, 14508, 7028]","[0.026708463206887245, 0.11240508407354355, 1.7231572201126255e-05, 8.818923379294574e-05, 0.0059110685251653194, 0.0001699752756394446, 1.7917987861437723e-05, 6.976470467634499e-05, 1.6314539607265033e-05, 0.0006959536112844944, 0.0002982776495628059, 1.7097478121286258e-05, 2.3369333575828932e-05, 0.015365341678261757, 1.7231572201126255e-05, 0.02655657008290291, 0.26114246249198914, 0.04778006672859192, 0.0008592476369813085, 1.6314539607265033e-05]","[0.03070068359375, 0.91943359375, 0.0499267578125]","[0.03070068359375, 0.91943359375, 0.0499267578125]",False,YALAN,UYARI,False,False,1175.0928999999815,"{""K1_input_and_readiness"": 0.06540000003951718, ""K7_context"": 0.0014000002011016477, ""K1_normalization"": 0.011200000244571129, ""K6_advisory"": 36.65529999989303, ""K1_intent"": 0.05650000002788147, ""K2_retrieval"": 235.73810000016238, ""K3_reranker"": 848.3855999998013, ""K8_weighted_ranking"": 1.2860000001637673, ""K3_candidate_filters"": 5.937700000231416, ""K9_advisory_consensus"": 0.007099999947968172, ""K4_nli_and_bypass_check"": 42.07300000007308, ""K5_decision"": 0.30479999986710027}",1480
FACTURK-0478,DOĞRU,"[22549, 5660, 26234, 29261, 9452, 3213, 8148, 15833, 8821, 28597, 1192, 5039, 17814, 2151, 26468, 15444, 14350, 9502, 6090, 7868]","[1.6061610949691385e-05, 1.6442494597868063e-05, 1.7231572201126255e-05, 1.683241134742275e-05, 1.6187581422855146e-05, 2.818866414600052e-05, 1.657145367062185e-05, 1.6442494597868063e-05, 1.6061610949691385e-05, 1.6964426322374493e-05, 1.6442494597868063e-05, 1.6314539607265033e-05, 0.00011774459562730044, 2.2474090656032786e-05, 1.805851934477687e-05, 1.6061610949691385e-05, 1.6314539607265033e-05, 1.6061610949691385e-05, 1.6061610949691385e-05, 4.434627408045344e-05]","[0.0034656524658203125, 0.994140625, 0.00229644775390625]","[0.0034656524658203125, 0.994140625, 0.00229644775390625]",False,YALAN,RED,False,False,1852.599299999838,"{""K1_input_and_readiness"": 0.04749999970954377, ""K7_context"": 0.0012000000424450263, ""K1_normalization"": 0.009299999874201603, ""K6_advisory"": 35.684000000401284, ""K1_intent"": 0.0372999998035084, ""K2_retrieval"": 235.7625000004191, ""K3_reranker"": 751.272599999993, ""K8_weighted_ranking"": 1.2047000000166008, ""K3_candidate_filters"": 6.098599999859289, ""K9_advisory_consensus"": 0.007899999673099956, ""K4_nli_and_bypass_check"": 425.36829999971815, ""K5_decision"": 393.213900000319}",3213
FACTURK-0479,DOĞRU,"[24260, 4056, 18363, 17985, 28755, 28791, 5518, 2292, 25741, 10122, 2088, 12525, 20339, 26068, 7401, 27101, 3213, 3772, 1804, 19799]","[0.00035419364576227963, 0.00011412239109631628, 4.331903619458899e-05, 9.83811987680383e-05, 3.373722574906424e-05, 0.0014721895568072796, 0.000159678646014072, 0.00020825010142289102, 4.1986306314356625e-05, 2.4682904040673748e-05, 0.00017536994710098952, 2.8857117285951972e-05, 4.832564081880264e-05, 0.0002251682453788817, 0.0001511819864390418, 2.178264912799932e-05, 0.0012351677287369967, 0.002540992572903633, 0.0001686527393758297, 5.649793456541374e-05]","[0.005832672119140625, 0.99365234375, 0.00040841102600097656]","[0.005832672119140625, 0.99365234375, 0.00040841102600097656]",False,YETERSİZ VERİ,RET,True,False,2182.5447000001077,"{""K1_input_and_readiness"": 0.060599999869737076, ""K7_context"": 0.0014000002011016477, ""K1_normalization"": 0.011499999800435035, ""K6_advisory"": 36.120000000209984, ""K1_intent"": 0.039399999877787195, ""K2_retrieval"": 234.7885999997743, ""K3_reranker"": 698.3122000001458, ""K8_weighted_ranking"": 1.499200000125711, ""K3_candidate_filters"": 7.41150000021662, ""K9_advisory_consensus"": 0.013899999885325087, ""K4_nli_and_bypass_check"": 610.7882999999674, ""K5_decision"": 589.4450000000688}",5518
FACTURK-0480,DOĞRU,"[28586, 14504, 20656, 14183, 4699, 1753, 18404, 17645, 25811, 6563, 23463, 18610, 14393, 7457, 29356, 13570, 17542, 10695, 20884, 10526]","[0.4710254967212677, 0.011288073845207691, 0.0026730059180408716, 0.07585817575454712, 0.0005092656938359141, 0.0019418168812990189, 0.0028783478774130344, 0.005060331895947456, 0.00035976938670501113, 0.00043563017970882356, 0.00341627886518836, 0.00019716942915692925, 0.00010071400902234018, 0.00025118677876889706, 1.892514956125524e-05, 0.002323162741959095, 8.349628478754312e-05, 0.00013552077871281654, 0.005469274241477251, 3.095910506090149e-05]","[0.0007228851318359375, 0.0258941650390625, 0.97314453125]","[0.0007228851318359375, 0.0258941650390625, 0.97314453125]",False,YALAN,RED,False,False,748.8791000000674,"{""K1_input_and_readiness"": 0.05600000031336094, ""K7_context"": 0.0017999996089201886, ""K1_normalization"": 0.011900000117748277, ""K6_advisory"": 37.394899999981135, ""K1_intent"": 0.061299999742914224, ""K2_retrieval"": 253.76999999980399, ""K3_reranker"": 410.723599999983, ""K8_weighted_ranking"": 1.3082999998914602, ""K3_candidate_filters"": 6.474799999978131, ""K9_advisory_consensus"": 0.007900000127847306, ""K4_nli_and_bypass_check"": 35.119099999974424, ""K5_decision"": 0.3372999999555759}",14183
FACTURK-0481,YALAN,"[24851, 25878, 28826, 9954, 1232, 23624, 2349, 11618, 22301, 20172, 11908, 18274, 10451, 29899, 22415, 16727, 23518, 15734, 15662, 21545]","[0.00025315635139122605, 3.535625000949949e-05, 1.7366719475830905e-05, 8.682210318511352e-05, 0.0003053489199373871, 3.9135655242716894e-05, 0.0001195985751110129, 5.1845658163074404e-05, 0.0004060639475937933, 0.02517884224653244, 1.6314539607265033e-05, 2.030369250860531e-05, 0.0008693674462847412, 0.00037555923336185515, 0.0002396868512732908, 0.0013354008551687002, 0.00016474656877107918, 7.543320680269971e-05, 0.00010310211655450985, 1.6061610949691385e-05]","[0.334716796875, 0.60205078125, 0.0631103515625]","[0.334716796875, 0.60205078125, 0.0631103515625]",False,YETERSİZ VERİ,RET,True,False,2710.160200000246,"{""K1_input_and_readiness"": 0.05720000035580597, ""K7_context"": 0.00199999976757681, ""K1_normalization"": 0.012100000276404899, ""K6_advisory"": 36.58410000025469, ""K1_intent"": 0.0494000000799133, ""K2_retrieval"": 242.3757999999907, ""K3_reranker"": 1201.6176000001906, ""K8_weighted_ranking"": 1.3925999996899918, ""K3_candidate_filters"": 7.123200000023644, ""K9_advisory_consensus"": 0.007099999947968172, ""K4_nli_and_bypass_check"": 610.2968999998666, ""K5_decision"": 607.1219000000383}",20172
FACTURK-0482,DOĞRU,"[999, 4240, 25094, 5664, 2090, 21933, 5998, 18572, 15775, 6760, 2099, 1148, 6286, 5645, 2465, 27355, 13949, 27044, 21283, 14203]","[0.9918121099472046, 0.0014048678567633033, 0.0009773502824828029, 0.000491681566927582, 0.00016093082376755774, 3.7931622500764206e-05, 0.13834533095359802, 0.0001547666179249063, 0.007176882121711969, 0.0024154833517968655, 5.920916373725049e-05, 0.001383117400109768, 1.67014204635052e-05, 0.0011116681853309274, 1.6187581422855146e-05, 0.08404061198234558, 2.355261858610902e-05, 6.976470467634499e-05, 0.00023231418163049966, 6.553815910592675e-05]",null,"[1.0, 0.0, 0.0]",True,DOĞRU,ONAY,False,False,638.1391999998414,"{""K1_input_and_readiness"": 0.06099999973230297, ""K7_context"": 0.0015999999050109182, ""K1_normalization"": 0.007900000127847306, ""K6_advisory"": 34.93650000018533, ""K1_intent"": 0.04710000030172523, ""K2_retrieval"": 182.24499999996624, ""K3_reranker"": 409.83959999994113, ""K8_weighted_ranking"": 1.0643999999047082, ""K3_candidate_filters"": 6.033900000147696, ""K9_advisory_consensus"": 0.014400000054592965, ""K4_nli_and_bypass_check"": 0.3449999999247666, ""K5_decision"": 0.24680000024090987}",999
FACTURK-0483,YALAN,"[13439, 21780, 473, 6482, 29189, 12820, 15921, 19726, 4930, 24622, 18038, 16794, 8709, 12625, 539, 5294, 2741, 22078, 1921, 25499]","[0.00027586790383793414, 0.006413164082914591, 0.0004936049808748066, 0.001004416379146278, 0.0013354008551687002, 0.003579642390832305, 0.0004765612829942256, 0.00011061159602832049, 0.0007643033168278635, 4.985958003089763e-05, 0.0005172813544049859, 3.1941821362124756e-05, 1.7778551409719512e-05, 0.00023413581948261708, 1.7366719475830905e-05, 0.056861549615859985, 2.6274772608303465e-05, 1.67014204635052e-05, 1.9373936083866283e-05, 0.00025714197545312345]","[0.04705810546875, 0.73779296875, 0.2152099609375]","[0.04705810546875, 0.73779296875, 0.2152099609375]",False,YALAN,RED,False,False,1462.2787999996945,"{""K1_input_and_readiness"": 0.061300000197661575, ""K7_context"": 0.0012000000424450263, ""K1_normalization"": 0.01249999968422344, ""K6_advisory"": 35.37839999989956, ""K1_intent"": 0.0625000002401066, ""K2_retrieval"": 237.00300000018615, ""K3_reranker"": 1135.4356000001644, ""K8_weighted_ranking"": 1.4237000000321132, ""K3_candidate_filters"": 7.612099999732891, ""K9_advisory_consensus"": 0.008299999990413198, ""K4_nli_and_bypass_check"": 41.119999999864376, ""K5_decision"": 0.36349999982121517}",6482
FACTURK-0484,DOĞRU,"[13939, 11359, 25420, 6132, 5400, 29676, 23976, 12474, 15898, 6269, 8969, 13961, 22512, 2027, 17855, 23474, 21581, 4773, 11624, 15622]","[1.750292540236842e-05, 1.6964426322374493e-05, 0.0003799845289904624, 3.8229114579735324e-05, 0.00011412239109631628, 0.0006361912237480283, 0.00023782203788869083, 0.005663865711539984, 0.03061777912080288, 0.00023231418163049966, 1.6187581422855146e-05, 1.6442494597868063e-05, 0.00012243441597092897, 1.6061610949691385e-05, 2.1278065105434507e-05, 1.6187581422855146e-05, 0.001573112211190164, 1.657145367062185e-05, 1.6314539607265033e-05, 1.8200149497715756e-05]","[0.00026679039001464844, 0.99951171875, 0.00010675191879272461]","[0.00026679039001464844, 0.99951171875, 0.00010675191879272461]",False,DOĞRU,ONAY,False,False,1509.806000000026,"{""K1_input_and_readiness"": 0.056800000038492726, ""K7_context"": 0.0012000000424450263, ""K1_normalization"": 0.009900000350171467, ""K6_advisory"": 34.54169999986334, ""K1_intent"": 0.038300000142044155, ""K2_retrieval"": 229.99019999997472, ""K3_reranker"": 281.8635999997241, ""K8_weighted_ranking"": 1.4045999996596947, ""K3_candidate_filters"": 7.371499999862863, ""K9_advisory_consensus"": 0.008399999842367833, ""K4_nli_and_bypass_check"": 467.9747000000134, ""K5_decision"": 482.7416000002813}",21581
FACTURK-0485,YALAN,"[3729, 29976, 3632, 6361, 1170, 17824, 9648, 20982, 7762, 16012, 2885, 15970, 743, 9101, 26514, 13753, 11449, 6858, 13200, 12595]","[0.05541279539465904, 0.0005132579244673252, 0.004962942097336054, 5.518923353520222e-05, 0.00016093082376755774, 0.0004655269149225205, 0.0006771942134946585, 0.000503335555549711, 0.0017007222631946206, 0.00021654405281879008, 0.00036829791497439146, 2.1112482500029728e-05, 5.518923353520222e-05, 1.7917987861437723e-05, 0.0019117692718282342, 3.8831109122838825e-05, 3.024195939360652e-05, 0.00021152888075448573, 1.6314539607265033e-05, 2.0785171727766283e-05]","[0.002597808837890625, 0.99072265625, 0.006885528564453125]","[0.002597808837890625, 0.99072265625, 0.006885528564453125]",False,YALAN,RED,False,False,1086.5561999999045,"{""K1_input_and_readiness"": 0.047200000153679866, ""K7_context"": 0.0012999998943996616, ""K1_normalization"": 0.008299999990413198, ""K6_advisory"": 37.423499999931664, ""K1_intent"": 0.0359000000571541, ""K2_retrieval"": 228.12299999986863, ""K3_reranker"": 416.230099999666, ""K8_weighted_ranking"": 1.209000000017113, ""K3_candidate_filters"": 6.150599999728001, ""K9_advisory_consensus"": 0.00670000008540228, ""K4_nli_and_bypass_check"": 214.7114999997939, ""K5_decision"": 178.9478999999119}",26514
FACTURK-0486,YALAN,"[6413, 6094, 25225, 17141, 22218, 1090, 19237, 11668, 9150, 487, 25228, 8347, 15874, 438, 28547, 13989, 1676, 15675, 29240, 15487]","[0.06853749603033066, 0.17064616084098816, 0.01833445206284523, 0.019456572830677032, 0.17638768255710602, 0.003678509034216404, 0.11858908832073212, 0.012479699216783047, 0.25183168053627014, 0.0018243826925754547, 0.01024860143661499, 0.0019342610612511635, 0.00026530236937105656, 0.002757622394710779, 0.0029235428664833307, 0.005040702875703573, 0.0001956353517016396, 0.0002472934720572084, 0.0038844761438667774, 0.017309095710515976]","[0.0019054412841796875, 0.99658203125, 0.0013017654418945312]","[0.0019054412841796875, 0.99658203125, 0.0013017654418945312]",False,YALAN,UYARI,False,False,1591.6827000000922,"{""K1_input_and_readiness"": 0.07159999995565158, ""K7_context"": 0.0014000002011016477, ""K1_normalization"": 0.013000000308238668, ""K6_advisory"": 35.73400000004767, ""K1_intent"": 0.046800000291113975, ""K2_retrieval"": 283.38739999981044, ""K3_reranker"": 1214.5989999999074, ""K8_weighted_ranking"": 1.2924000002385583, ""K3_candidate_filters"": 6.773199999770441, ""K9_advisory_consensus"": 0.007300000106624793, ""K4_nli_and_bypass_check"": 46.06809999995676, ""K5_decision"": 0.16249999998763087}",9150
FACTURK-0487,YALAN,"[20356, 9220, 21295, 23840, 27764, 25758, 16758, 27894, 10832, 25225, 6047, 25180, 29914, 20587, 23719, 12229, 11980, 1264, 11494, 12189]","[0.0046455576084554195, 0.004133968148380518, 0.008847354911267757, 0.00013135180051904172, 0.004022909794002771, 0.006903838831931353, 0.018440209329128265, 0.00025118677876889706, 0.0026112475898116827, 0.00018093574908562005, 4.400118632474914e-05, 0.00021485926117748022, 0.000471011851914227, 6.205049430718645e-05, 0.00010637458035489544, 0.0007236572564579546, 0.00014539113908540457, 4.1335399146191776e-05, 0.0006411777576431632, 0.0032099615782499313]","[0.234619140625, 0.6923828125, 0.07293701171875]","[0.234619140625, 0.6923828125, 0.07293701171875]",False,YALAN,UYARI,False,False,2671.476900000016,"{""K1_input_and_readiness"": 0.053900000239082146, ""K7_context"": 0.001500000053056283, ""K1_normalization"": 0.009800000043469481, ""K6_advisory"": 35.13299999985975, ""K1_intent"": 0.04080000007888884, ""K2_retrieval"": 231.50789999999688, ""K3_reranker"": 919.3025999998099, ""K8_weighted_ranking"": 1.3380999998844345, ""K3_candidate_filters"": 6.89970000030371, ""K9_advisory_consensus"": 0.007699999969190685, ""K4_nli_and_bypass_check"": 766.297200000281, ""K5_decision"": 707.1190999999999}",25758
FACTURK-0488,YALAN,"[28100, 6412, 13130, 10907, 6929, 24588, 1116, 17990, 8015, 2955, 19377, 26432, 5560, 27201, 2480, 10112, 4002, 24863, 12991, 14754]","[0.056236349046230316, 0.04107588902115822, 0.004700060468167067, 0.4434799253940582, 0.0948452427983284, 0.0616496242582798, 0.0015916259726509452, 0.002123966347426176, 6.814872176619247e-05, 0.01930808648467064, 0.0004784255870617926, 0.00013982206291984767, 0.16331195831298828, 0.0019267346942797303, 0.5505167245864868, 0.28746768832206726, 0.0002959570847451687, 0.003839395008981228, 8.284655632451177e-05, 0.007431773468852043]","[0.007045745849609375, 0.355224609375, 0.6376953125]","[0.007045745849609375, 0.355224609375, 0.6376953125]",False,DOĞRU,ONAY,False,False,3042.651200000364,"{""K1_input_and_readiness"": 0.06840000014562975, ""K7_context"": 0.0014000002011016477, ""K1_normalization"": 0.010700000075303251, ""K6_advisory"": 35.465599999952246, ""K1_intent"": 0.04059999992023222, ""K2_retrieval"": 278.4316000002036, ""K3_reranker"": 1849.930299999869, ""K8_weighted_ranking"": 1.4381999999386608, ""K3_candidate_filters"": 6.759800000054383, ""K9_advisory_consensus"": 0.0073999999585794285, ""K4_nli_and_bypass_check"": 442.37829999974565, ""K5_decision"": 423.84960000026695}",10907
FACTURK-0489,YALAN,"[27461, 1865, 9829, 23091, 23726, 11111, 24721, 23108, 25997, 26834, 8174, 5739, 3336, 3473, 383, 20505, 22908, 28575, 7306, 20903]","[0.0002780309587251395, 0.967777669429779, 0.0018748616566881537, 9.7615658887662e-05, 0.0002234163403045386, 0.0019342610612511635, 0.00010391067189630121, 0.001995538594201207, 3.8831109122838825e-05, 0.0026010938454419374, 0.0001823546044761315, 1.6314539607265033e-05, 0.02280263602733612, 2.4300241420860402e-05, 1.8200149497715756e-05, 8.156224066624418e-05, 0.000552778656128794, 2.3369333575828932e-05, 0.0003905139456037432, 3.219233258278109e-05]","[0.0005903244018554688, 0.9990234375, 0.0002570152282714844]","[0.0005903244018554688, 0.9990234375, 0.0002570152282714844]",False,YETERSİZ VERİ,RET,True,False,2477.9631999999765,"{""K1_input_and_readiness"": 0.08449999995718827, ""K7_context"": 0.0012999998943996616, ""K1_normalization"": 0.014100000043981709, ""K6_advisory"": 37.15409999995245, ""K1_intent"": 0.05540000029213843, ""K2_retrieval"": 259.8960000000261, ""K3_reranker"": 712.8334999997605, ""K8_weighted_ranking"": 1.3980000003357418, ""K3_candidate_filters"": 7.30199999998149, ""K9_advisory_consensus"": 0.008299999990413198, ""K4_nli_and_bypass_check"": 783.4360000001652, ""K5_decision"": 671.9883999999183}",1865
FACTURK-0490,YALAN,"[2812, 27894, 25981, 19969, 19940, 5118, 649, 16950, 15815, 18585, 5122, 30440, 21342, 15972, 13064, 1187, 1645, 12924, 10902, 1116]","[0.25109636783599854, 0.0011559007689356804, 0.055720288306474686, 0.00023782203788869083, 7.311254739761353e-05, 0.14187483489513397, 0.007937993854284286, 0.20008835196495056, 0.00010071400902234018, 0.03346293419599533, 2.4876489987946115e-05, 0.011552670039236546, 2.3369333575828932e-05, 1.67014204635052e-05, 0.008093290030956268, 0.021044565364718437, 1.750292540236842e-05, 0.0001823546044761315, 1.6061610949691385e-05, 0.021990220993757248]","[0.000591278076171875, 0.99853515625, 0.0006957054138183594]","[0.000591278076171875, 0.99853515625, 0.0006957054138183594]",False,YALAN,UYARI,False,False,2001.7652000001362,"{""K1_input_and_readiness"": 0.07340000001931912, ""K7_context"": 0.0015999999050109182, ""K1_normalization"": 0.013500000022759195, ""K6_advisory"": 34.946299999774055, ""K1_intent"": 0.07199999981821747, ""K2_retrieval"": 324.70799999964584, ""K3_reranker"": 1588.5848000002625, ""K8_weighted_ranking"": 1.556199999868113, ""K3_candidate_filters"": 7.688400000006368, ""K9_advisory_consensus"": 0.008099999831756577, ""K4_nli_and_bypass_check"": 38.8412000002063, ""K5_decision"": 0.37650000012945384}",27894
FACTURK-0491,DOĞRU,"[15736, 22466, 24437, 28534, 8517, 21024, 25454, 12930, 17850, 1814, 10967, 1194, 11376, 15313, 657, 9718, 14190, 16188, 23551, 6322]","[0.9636433720588684, 0.00038596606464125216, 0.00040765260928310454, 5.34913269802928e-05, 1.6314539607265033e-05, 7.197912054834887e-05, 0.0019117692718282342, 0.00266261282376945, 0.00014653129619546235, 0.0061212810687720776, 0.00026947917649522424, 1.7231572201126255e-05, 3.6764631659025326e-05, 1.6314539607265033e-05, 1.6442494597868063e-05, 0.051941562443971634, 0.0010733063099905849, 1.6314539607265033e-05, 0.5373145341873169, 0.011158031411468983]","[0.001735687255859375, 0.98779296875, 0.0106048583984375]","[0.001735687255859375, 0.98779296875, 0.0106048583984375]",False,YALAN,UYARI,False,False,1021.9007000000602,"{""K1_input_and_readiness"": 0.08829999978843261, ""K7_context"": 0.0018000000636675395, ""K1_normalization"": 0.02170000016121776, ""K6_advisory"": 36.738299999797164, ""K1_intent"": 0.06540000003951718, ""K2_retrieval"": 293.6674000002313, ""K3_reranker"": 645.1984999998785, ""K8_weighted_ranking"": 1.325899999756075, ""K3_candidate_filters"": 6.0923000000912, ""K9_advisory_consensus"": 0.007099999947968172, ""K4_nli_and_bypass_check"": 35.036200000376994, ""K5_decision"": 0.34469999991415534}",16188
FACTURK-0492,DOĞRU,"[19141, 10023, 11650, 18577, 23240, 24261, 13669, 7311, 17522, 20023, 16925, 16620, 23902, 24444, 17609, 25835, 14954, 3972, 28036, 15443]","[9.685608529252931e-05, 0.0018821860430762172, 7.9673009167891e-05, 0.0002611903182696551, 0.0016875095898285508, 5.694102947018109e-05, 0.0004092474700883031, 0.9078037738800049, 0.00014091856428422034, 0.0014214044203981757, 4.6474400733131915e-05, 0.0044165560975670815, 1.6061610949691385e-05, 2.355261858610902e-05, 0.0001713081874186173, 1.6314539607265033e-05, 0.024283869192004204, 0.0016875095898285508, 0.00020825010142289102, 0.0002472934720572084]","[0.998046875, 0.00124359130859375, 0.0006775856018066406]","[0.998046875, 0.00124359130859375, 0.0006775856018066406]",False,YALAN,UYARI,False,False,1672.7476000000934,"{""K1_input_and_readiness"": 0.05510000028152717, ""K7_context"": 0.0015999999050109182, ""K1_normalization"": 0.008900000011635711, ""K6_advisory"": 35.68370000039067, ""K1_intent"": 0.041199999941454735, ""K2_retrieval"": 231.67800000010175, ""K3_reranker"": 426.95110000022396, ""K8_weighted_ranking"": 1.3744999996561091, ""K3_candidate_filters"": 7.024099999853206, ""K9_advisory_consensus"": 0.008299999990413198, ""K4_nli_and_bypass_check"": 518.5344000001351, ""K5_decision"": 447.9500999996162}",7311
FACTURK-0493,YALAN,"[27044, 15778, 1365, 28814, 13522, 20769, 25806, 13315, 22556, 25811, 25577, 12993, 17702, 3841, 5132, 21947, 7139, 947, 28126, 11558]","[0.3372035324573517, 0.003678509034216404, 0.004520817659795284, 0.019908789545297623, 0.013121271505951881, 0.01750955730676651, 0.001314724562689662, 0.004038591403514147, 0.03422932326793671, 0.00020988310279790312, 0.00026323829661123455, 0.001987774157896638, 0.00022167809947859496, 0.10034840553998947, 0.002463006880134344, 0.009020279161632061, 3.219233258278109e-05, 0.07159119844436646, 0.0040543340146541595, 0.013636835850775242]","[0.826171875, 0.150634765625, 0.0233154296875]","[0.826171875, 0.150634765625, 0.0233154296875]",False,YALAN,UYARI,False,False,1661.557399999765,"{""K1_input_and_readiness"": 0.05490000012287055, ""K7_context"": 0.001500000053056283, ""K1_normalization"": 0.012299999980314169, ""K6_advisory"": 35.286400000131835, ""K1_intent"": 0.035600000046542846, ""K2_retrieval"": 200.01009999987218, ""K3_reranker"": 884.7685000000638, ""K8_weighted_ranking"": 1.3989999997647828, ""K3_candidate_filters"": 6.949800000256801, ""K9_advisory_consensus"": 0.008299999990413198, ""K4_nli_and_bypass_check"": 286.9694000000891, ""K5_decision"": 242.4999999998363}",3841
FACTURK-0494,YALAN,"[3717, 29442, 15495, 10692, 18181, 1747, 13196, 17499, 20277, 26613, 8609, 4503, 29064, 20155, 12203, 16973, 26201, 1970, 2652, 12652]","[0.31100818514823914, 0.0002611903182696551, 0.053304679691791534, 0.0019342610612511635, 1.67014204635052e-05, 0.00015720345254521817, 0.0002002737601287663, 0.00016093082376755774, 0.003510648850351572, 0.01358439214527607, 0.000414069538237527, 0.00023597174731548876, 0.0002251682453788817, 0.0006959536112844944, 4.0694576455280185e-05, 1.6314539607265033e-05, 3.7636447814293206e-05, 0.0018821860430762172, 2.6480842279852368e-05, 0.0007613258203491569]","[0.00189971923828125, 0.99560546875, 0.00254058837890625]","[0.00189971923828125, 0.99560546875, 0.00254058837890625]",False,YETERSİZ VERİ,RET,True,False,1924.9990999996953,"{""K1_input_and_readiness"": 0.05020000025979243, ""K7_context"": 0.0012000000424450263, ""K1_normalization"": 0.008800000159681076, ""K6_advisory"": 35.88339999987511, ""K1_intent"": 0.048800000058690784, ""K2_retrieval"": 201.16029999962848, ""K3_reranker"": 906.4000999997006, ""K8_weighted_ranking"": 1.4759000000594824, ""K3_candidate_filters"": 7.378600000265578, ""K9_advisory_consensus"": 0.007800000275892671, ""K4_nli_and_bypass_check"": 429.79490000016085, ""K5_decision"": 338.9570999997886}",15495
FACTURK-0495,YALAN,"[11256, 23036, 27098, 23210, 28018, 21891, 5724, 12929, 18709, 6108, 23478, 13395, 18986, 19084, 4506, 1969, 14913, 21034, 6780, 17988]","[0.0010362669127061963, 0.000414069538237527, 1.7640199075685814e-05, 8.614650869276375e-05, 0.059537485241889954, 0.004022909794002771, 1.657145367062185e-05, 2.977311669383198e-05, 4.539786823443137e-05, 2.9541422918555327e-05, 0.01024860143661499, 1.7231572201126255e-05, 0.0003029734070878476, 0.004007289186120033, 1.6314539607265033e-05, 1.6442494597868063e-05, 0.002026899950578809, 0.009485713206231594, 1.6187581422855146e-05, 1.6187581422855146e-05]","[0.005069732666015625, 0.9912109375, 0.003955841064453125]","[0.005069732666015625, 0.9912109375, 0.003955841064453125]",False,YALAN,RED,False,False,1401.557899999716,"{""K1_input_and_readiness"": 0.05909999981668079, ""K7_context"": 0.0012999998943996616, ""K1_normalization"": 0.009100000170292333, ""K6_advisory"": 34.90549999969517, ""K1_intent"": 0.03200000037395512, ""K2_retrieval"": 211.1650999995618, ""K3_reranker"": 875.8442000003015, ""K8_weighted_ranking"": 1.2112999997953011, ""K3_candidate_filters"": 6.040000000211876, ""K9_advisory_consensus"": 0.007999999979801942, ""K4_nli_and_bypass_check"": 158.33949999978358, ""K5_decision"": 110.22430000002714}",28018
FACTURK-0496,DOĞRU,"[25349, 12688, 21520, 9119, 14928, 19662, 13644, 13820, 676, 28915, 1147, 13402, 2131, 15235, 12928, 23230, 27629, 26306, 21785, 18569]","[1.6314539607265033e-05, 4.298194107832387e-05, 0.0009659748757258058, 0.000491681566927582, 0.8269913792610168, 0.0025708682369440794, 1.7231572201126255e-05, 1.6187581422855146e-05, 0.00028685410507023335, 4.2647468944778666e-05, 1.6442494597868063e-05, 1.6187581422855146e-05, 0.0007152324542403221, 1.750292540236842e-05, 0.00025714197545312345, 1.922317096614279e-05, 3.4537253668531775e-05, 2.0462934116949327e-05, 1.7231572201126255e-05, 0.0013885232619941235]","[0.002109527587890625, 0.99755859375, 0.0003211498260498047]","[0.002109527587890625, 0.99755859375, 0.0003211498260498047]",False,YALAN,UYARI,False,False,1171.1669000001166,"{""K1_input_and_readiness"": 0.07980000009411015, ""K7_context"": 0.001500000053056283, ""K1_normalization"": 0.00960000033956021, ""K6_advisory"": 36.05779999998049, ""K1_intent"": 0.04550000039671431, ""K2_retrieval"": 194.74300000001676, ""K3_reranker"": 420.6728999997722, ""K8_weighted_ranking"": 1.1207000002286804, ""K3_candidate_filters"": 6.238700000267272, ""K9_advisory_consensus"": 0.0069000002440589014, ""K4_nli_and_bypass_check"": 289.5045000000209, ""K5_decision"": 219.31810000023688}",14928
FACTURK-0497,YALAN,"[26820, 15787, 12437, 25941, 25169, 24028, 23686, 14079, 29262, 8378, 1057, 15622, 22499, 9830, 666, 8148, 19258, 6778, 22514, 30024]","[0.015603534877300262, 8.029783930396661e-05, 4.5044595026411116e-05, 0.0009510130621492863, 2.178264912799932e-05, 0.7536479830741882, 1.7097478121286258e-05, 0.0003668626013677567, 0.0008969392511062324, 4.434627408045344e-05, 0.01196109689772129, 9.993031562771648e-05, 0.006026951130479574, 1.805851934477687e-05, 0.006797532085329294, 0.0015070488443598151, 0.004365325905382633, 6.709224544465542e-05, 0.00034464316559024155, 2.908344322349876e-05]","[0.0004673004150390625, 0.01166534423828125, 0.98779296875]","[0.0004673004150390625, 0.01166534423828125, 0.98779296875]",False,DOĞRU,ONAY,False,False,1165.787900000396,"{""K1_input_and_readiness"": 0.05270000019663712, ""K7_context"": 0.0013999997463542968, ""K1_normalization"": 0.010000000202126103, ""K6_advisory"": 34.30990000015299, ""K1_intent"": 0.04369999987829942, ""K2_retrieval"": 203.45829999996567, ""K3_reranker"": 394.62840000032884, ""K8_weighted_ranking"": 1.2314999999034626, ""K3_candidate_filters"": 6.185100000038801, ""K9_advisory_consensus"": 0.006299999768089037, ""K4_nli_and_bypass_check"": 256.8375000000742, ""K5_decision"": 264.9258999999802}",26820
FACTURK-0498,DOĞRU,"[19589, 23751, 6573, 26065, 20519, 26538, 5491, 24586, 9650, 20020, 14089, 18234, 18468, 21066, 1291, 2337, 6263, 28436, 10997, 23361]","[0.026861203834414482, 0.004718369338661432, 0.0001699752756394446, 0.0017007222631946206, 0.03179866820573807, 0.0019267346942797303, 6.352188938762993e-05, 0.00012830943160224706, 0.0044165560975670815, 0.001081715221516788, 0.005343256052583456, 0.0015487611526623368, 0.010368157178163528, 0.00407013762742281, 9.915272676153108e-05, 9.685608529252931e-05, 3.269927037763409e-05, 0.0003006163169629872, 0.0019267346942797303, 0.0002251682453788817]","[0.004955291748046875, 0.01099395751953125, 0.98388671875]","[0.004955291748046875, 0.01099395751953125, 0.98388671875]",False,DOĞRU,ONAY,False,False,1024.2088999998487,"{""K1_input_and_readiness"": 0.07029999960650457, ""K7_context"": 0.002000000222324161, ""K1_normalization"": 0.012699999842880061, ""K6_advisory"": 37.60099999999511, ""K1_intent"": 0.04379999973025406, ""K2_retrieval"": 205.75120000012248, ""K3_reranker"": 744.307999999819, ""K8_weighted_ranking"": 1.101199999993696, ""K3_candidate_filters"": 6.34700000000521, ""K9_advisory_consensus"": 0.007400000413326779, ""K4_nli_and_bypass_check"": 25.010800000018207, ""K5_decision"": 0.2096000002893561}",23751
FACTURK-0499,YALAN,"[1090, 9150, 28547, 16150, 21827, 8347, 13390, 9323, 12278, 1272, 5535, 21058, 6336, 9642, 12063, 29414, 22504, 2244, 2984, 24827]","[0.005511934403330088, 0.007518718484789133, 0.355663001537323, 0.0326513797044754, 0.013480102643370628, 0.0007733057136647403, 0.009268013760447502, 0.005080036818981171, 0.005576545372605324, 0.003930085338652134, 0.0014607495395466685, 3.219233258278109e-05, 0.13580411672592163, 0.010368157178163528, 0.00341627886518836, 1.892514956125524e-05, 0.03390795737504959, 0.004609572235494852, 0.0001500056532677263, 0.0019646615255624056]","[0.0021266937255859375, 0.88916015625, 0.10882568359375]","[0.0021266937255859375, 0.88916015625, 0.10882568359375]",False,YALAN,UYARI,False,False,1390.3857000000244,"{""K1_input_and_readiness"": 0.07229999982882873, ""K7_context"": 0.0017000002117129043, ""K1_normalization"": 0.016199999663513154, ""K6_advisory"": 36.41090000019176, ""K1_intent"": 0.06930000017746352, ""K2_retrieval"": 300.2124999998159, ""K3_reranker"": 997.7575000002616, ""K8_weighted_ranking"": 1.158199999736098, ""K3_candidate_filters"": 6.343600000036531, ""K9_advisory_consensus"": 0.0068999997893115506, ""K4_nli_and_bypass_check"": 44.64770000004137, ""K5_decision"": 0.3173999998580257}",28547
FACTURK-0500,DOĞRU,"[27629, 4964, 14464, 9274, 18561, 28205, 29272, 13820, 389, 27017, 940, 10902, 29474, 4361, 28915, 4119, 10917, 20392, 13980, 29186]","[0.9986114501953125, 0.0022343622986227274, 2.2474090656032786e-05, 0.3195458948612213, 0.00033274127054028213, 1.9988918211311102e-05, 0.003635808825492859, 1.7366719475830905e-05, 9.028038039105013e-05, 0.0010733063099905849, 0.0004859560285694897, 0.0001823546044761315, 0.00035419364576227963, 0.0007321811863221228, 1.6187581422855146e-05, 0.0001195985751110129, 0.0015854305820539594, 0.0003785036678891629, 3.9135655242716894e-05, 1.8631746570463292e-05]",null,"[1.0, 0.0, 0.0]",True,YETERSİZ VERİ,KISMI,True,False,875.8041000000958,"{""K1_input_and_readiness"": 0.047900000026857015, ""K7_context"": 0.0017000002117129043, ""K1_normalization"": 0.007699999969190685, ""K6_advisory"": 36.859800000002, ""K1_intent"": 0.03370000013092067, ""K2_retrieval"": 205.9489999996913, ""K3_reranker"": 621.8416000001525, ""K8_weighted_ranking"": 1.0517000000618282, ""K3_candidate_filters"": 5.952900000011141, ""K9_advisory_consensus"": 0.012800000149582047, ""K4_nli_and_bypass_check"": 0.3303000003143097, ""K5_decision"": 0.29250000034153345}",27629
